minimum,maximum,span,eta_min,eta_max,stationary_count,polynomial_check_error,derivative_changes_sign,base,length,eta_low,eta_high,grid113_span
0.4807009946804193,0.6636519702857909,0.1829509756053716,0.8649906884390781,0.99,1,1.304512053934559e-14,True,0,24,0.85,0.99,0.18295097514492692
0.4807009946804194,0.7794051120115969,0.2987041173311775,0.8649906866715446,0.0,1,1.4432899320127035e-15,True,0,24,0.0,1.0,0.18295097514492692
0.809044771746342,0.8554079393176921,0.04636316757135006,0.99,0.85,0,1.2212453270876722e-15,False,1,8,0.85,0.99,0.04636316757135006
0.8050266172361967,0.9564865137878297,0.15145989655163294,1.0,0.0,0,5.551115123125783e-16,False,1,8,0.0,1.0,0.04636316757135006
0.5135182970929278,0.587845340954942,0.07432704386201416,0.99,0.85,0,8.43769498715119e-15,False,2,16,0.85,0.99,0.07432704386201416
0.5116971725311716,0.8755421769724522,0.36384500444128054,1.0,0.0,0,1.6653345369377348e-15,False,2,16,0.0,1.0,0.07432704386201416
0.5454150714226849,0.6630759584201409,0.11766088699745603,0.99,0.85,0,9.325873406851315e-15,False,3,16,0.85,0.99,0.11766088699745603
0.5357739599001086,0.90327609802006,0.36750213811995147,1.0,0.0,0,1.5543122344752192e-15,False,3,16,0.0,1.0,0.11766088699745603
0.561898618686053,0.6263034819454435,0.06440486325939054,0.9128894529887359,0.99,1,1.4432899320127035e-14,True,4,24,0.85,0.99,0.06440388470598035
0.5618986186860527,0.8346104275295445,0.2727118088434918,0.9128894520663235,0.0,1,1.6653345369377348e-15,True,4,24,0.0,1.0,0.06440388470598035
0.5117496499201697,0.6248749140798882,0.11312526415971846,0.99,0.85,0,9.2148511043888e-15,False,5,16,0.85,0.99,0.11312526415971846
0.5035869582342278,0.8827372190455286,0.37915026081130077,1.0,0.0,0,1.4432899320127035e-15,False,5,16,0.0,1.0,0.11312526415971846
0.7113742493186747,0.7818364535405222,0.07046220422184757,0.99,0.85,0,7.771561172376096e-16,False,6,8,0.85,0.99,0.07046220422184757
0.7053748777050661,0.9450695786767634,0.23969470097169732,1.0,0.0,0,1.1102230246251565e-15,False,6,8,0.0,1.0,0.07046220422184757
0.5750367571690811,0.6562563953606635,0.0812196381915824,0.99,0.85,0,9.43689570931383e-15,False,7,16,0.85,0.99,0.0812196381915824
0.5705961326187651,0.8935315050655341,0.32293537244676906,1.0,0.0,0,1.4432899320127035e-15,False,7,16,0.0,1.0,0.0812196381915824
0.7749850964189144,0.8334444820358731,0.058459385616958626,0.99,0.85,0,5.551115123125783e-16,False,8,8,0.85,0.99,0.058459385616958626
0.7697994447494918,0.947382399449632,0.17758295470014018,1.0,0.0,0,4.440892098500626e-16,False,8,8,0.0,1.0,0.058459385616958626
0.4638338011485695,0.5618406013999642,0.09800680025139469,0.99,0.85,0,7.882583474838611e-15,False,9,16,0.85,0.99,0.09800680025139469
0.45820153361577776,0.8608019833917799,0.4026004497760022,1.0,0.0,0,1.6653345369377348e-15,False,9,16,0.0,1.0,0.09800680025139469
0.4902807661980598,0.6813428226354341,0.19106205643737428,0.860973465036414,0.99,1,1.3988810110276972e-14,True,10,24,0.85,0.99,0.1910616537355604
0.4902807661980596,0.7917407685892477,0.3014600023911881,0.8609734653270332,0.0,1,1.7763568394002505e-15,True,10,24,0.0,1.0,0.1910616537355604
0.7220676292536882,0.7853351039571017,0.06326747470341354,0.99,0.85,0,5.551115123125783e-16,False,11,8,0.85,0.99,0.06326747470341354
0.7166939453974985,0.9278853014325164,0.21119135603501782,1.0,0.0,0,1.2212453270876722e-15,False,11,8,0.0,1.0,0.06326747470341354
0.6793250302173126,0.7613347453628323,0.08200971514551969,0.99,0.85,0,3.3306690738754696e-16,False,12,8,0.85,0.99,0.08200971514551969
0.6722232811624012,0.9378686850136124,0.26564540385121127,1.0,0.0,0,1.1102230246251565e-15,False,12,8,0.0,1.0,0.08200971514551969
0.4896389083119488,0.6228797414878126,0.13324083317586377,0.99,0.85,0,8.326672684688674e-15,False,13,16,0.85,0.99,0.13324083317586377
0.47857055801619386,0.8856768287190261,0.40710627070283223,1.0,0.0,0,1.5543122344752192e-15,False,13,16,0.0,1.0,0.13324083317586377
0.48574047945400145,0.5757051336517647,0.08996465419776323,0.99,0.85,0,8.43769498715119e-15,False,14,16,0.85,0.99,0.08996465419776323
0.48099733299057146,0.874823859405873,0.3938265264153016,1.0,0.0,0,1.6653345369377348e-15,False,14,16,0.0,1.0,0.08996465419776323
0.49530273805657443,0.5789999952334904,0.083697257176916,0.99,0.85,0,8.326672684688674e-15,False,15,16,0.85,0.99,0.083697257176916
0.4915197171512347,0.8676995358784829,0.3761798187272482,1.0,0.0,0,1.3322676295501878e-15,False,15,16,0.0,1.0,0.083697257176916
0.48654744940304334,0.6438218483168401,0.15727439891379674,0.8796990579443734,0.99,1,1.3211653993039363e-14,True,16,24,0.85,0.99,0.1572738438503336
0.4865474494030433,0.7878244083823487,0.3012769589793054,0.8796990583378836,0.0,1,1.5543122344752192e-15,True,16,24,0.0,1.0,0.1572738438503336
0.6899669413854139,0.7557410841862813,0.06577414280086735,0.99,0.85,0,4.440892098500626e-16,False,17,8,0.85,0.99,0.06577414280086735
0.6845285856280647,0.9296745242553494,0.24514593862728462,1.0,0.0,0,1.3322676295501878e-15,False,17,8,0.0,1.0,0.06577414280086735
0.5404302787606766,0.7493999100028503,0.20896963124217371,0.85,0.99,0,1.4988010832439613e-14,False,18,24,0.85,0.99,0.20896963124217371
0.5399966961946135,0.8003634424693012,0.2603667462746877,0.8399152629677028,0.0,1,1.5543122344752192e-15,True,18,24,0.0,1.0,0.20896963124217371
0.5339871864496291,0.6344329510277781,0.10044576457814902,0.99,0.85,0,8.881784197001252e-15,False,19,16,0.85,0.99,0.10044576457814902
0.5275223815121121,0.8789616764657606,0.35143929495364856,1.0,0.0,0,1.5543122344752192e-15,False,19,16,0.0,1.0,0.10044576457814902
0.7293775672679405,0.7914926256449604,0.062115058377019916,0.99,0.85,0,4.440892098500626e-16,False,20,8,0.85,0.99,0.062115058377019916
0.7241404046559878,0.9415710274285077,0.2174306227725199,1.0,0.0,0,1.4432899320127035e-15,False,20,8,0.0,1.0,0.062115058377019916
0.5128506305044191,0.6833607123440905,0.1705100818396713,0.8647508230144805,0.99,1,1.4432899320127035e-14,True,21,24,0.85,0.99,0.17050977302161408
0.5128506305044193,0.7777265808264872,0.2648759503220679,0.8647508245014731,0.0,1,1.6653345369377348e-15,True,21,24,0.0,1.0,0.17050977302161408
0.7766084618124528,0.8286465346266467,0.052038072814193925,0.99,0.85,0,3.3306690738754696e-16,False,22,8,0.85,0.99,0.052038072814193925
0.772202795485022,0.9503875484023054,0.17818475291728342,1.0,0.0,0,1.2212453270876722e-15,False,22,8,0.0,1.0,0.052038072814193925
0.5157814190863954,0.6210110744666999,0.10522965538030449,0.99,0.85,0,8.659739592076221e-15,False,23,16,0.85,0.99,0.10522965538030449
0.5085587112058664,0.8801139261528844,0.37155521494701804,1.0,0.0,0,1.5543122344752192e-15,False,23,16,0.0,1.0,0.10522965538030449
0.4580664246629394,0.5476795960864045,0.08961317142346509,0.9024889437013439,0.99,1,1.2378986724570495e-14,True,24,24,0.85,0.99,0.08961317059242524
0.45806642466293923,0.8019912549134712,0.343924830250532,0.9024889431736863,0.0,1,1.7763568394002505e-15,True,24,24,0.0,1.0,0.08961317059242524
0.5041877714828773,0.563656173784347,0.05946840230146966,0.9216745253246116,0.99,1,1.2656542480726785e-14,True,25,24,0.85,0.99,0.05946696788132899
0.5041877714828769,0.8331259860535123,0.32893821457063543,0.921674525441579,0.0,1,1.3322676295501878e-15,True,25,24,0.0,1.0,0.05946696788132899
0.8216920111319772,0.8631227278603528,0.041430716728375616,0.99,0.85,0,5.551115123125783e-16,False,26,8,0.85,0.99,0.041430716728375616
0.8181490571027485,0.957889086329436,0.1397400292266875,1.0,0.0,0,1.6653345369377348e-15,False,26,8,0.0,1.0,0.041430716728375616
0.838822925211657,0.8823910552147058,0.04356813000304882,0.99,0.85,0,4.440892098500626e-16,False,27,8,0.85,0.99,0.04356813000304882
0.8349832440083899,0.9670002065117862,0.13201696250339634,1.0,0.0,0,8.881784197001252e-16,False,27,8,0.0,1.0,0.04356813000304882
0.5083844667863908,0.6873889995204272,0.17900453273403638,0.8630727648217034,0.99,1,1.4099832412739488e-14,True,28,24,0.85,0.99,0.1790029056563457
0.5083844667863908,0.7690420103254563,0.26065754353906545,0.8630727648216288,0.0,1,1.7763568394002505e-15,True,28,24,0.0,1.0,0.1790029056563457
0.4645848764680979,0.6394146328088177,0.17482975634071984,0.8743499502855857,0.99,1,1.2545520178264269e-14,True,29,24,0.85,0.99,0.17482754694438418
0.4645848764680978,0.795870062687724,0.33128518621962616,0.8743499500372638,0.0,1,1.7763568394002505e-15,True,29,24,0.0,1.0,0.17482754694438418
0.7931576006582268,0.8391893586011707,0.046031757942943896,0.99,0.85,0,9.992007221626409e-16,False,30,8,0.85,0.99,0.046031757942943896
0.7892796269589544,0.9519233333518216,0.16264370639286718,1.0,0.0,0,1.3322676295501878e-15,False,30,8,0.0,1.0,0.046031757942943896
0.5429742250897941,0.612859141861691,0.0698849167718969,0.99,0.85,0,8.659739592076221e-15,False,31,16,0.85,0.99,0.0698849167718969
0.5414525681073719,0.8708510439486542,0.32939847584128235,1.0,0.0,0,1.3322676295501878e-15,False,31,16,0.0,1.0,0.0698849167718969
0.5049381801529257,0.7395463251660518,0.2346081450131261,0.85,0.99,0,1.3877787807814457e-14,False,32,24,0.85,0.99,0.2346081450131261
0.5048024020290066,0.793201832591429,0.28839943056242234,0.8445448751941296,1.0,1,1.6653345369377348e-15,True,32,24,0.0,1.0,0.2346081450131261
0.5368829289889115,0.6460255264404255,0.109142597451514,0.99,0.85,0,8.992806499463768e-15,False,33,16,0.85,0.99,0.109142597451514
0.5286357143340641,0.8784935234260773,0.34985780909201325,1.0,0.0,0,1.3322676295501878e-15,False,33,16,0.0,1.0,0.109142597451514
0.7918324891277231,0.842397098216012,0.05056460908828897,0.99,0.85,0,7.771561172376096e-16,False,34,8,0.85,0.99,0.05056460908828897
0.7874848057030217,0.9503549888244947,0.16287018312147294,1.0,0.0,0,1.4432899320127035e-15,False,34,8,0.0,1.0,0.05056460908828897
0.5603805560326218,0.6240646301673767,0.06368407413475485,0.99,0.85,0,9.103828801926284e-15,False,35,16,0.85,0.99,0.06368407413475485
0.5585251778175067,0.8746233908957101,0.3160982130782034,1.0,0.0,0,1.6653345369377348e-15,False,35,16,0.0,1.0,0.06368407413475485
0.5096329723353487,0.5673916372456397,0.057758664910291024,0.99,0.85,0,8.326672684688674e-15,False,36,16,0.85,0.99,0.057758664910291024
0.5096255015067654,0.8580145427789556,0.34838904127219017,0.9912106942759947,0.0,1,1.5543122344752192e-15,True,36,16,0.0,1.0,0.057758664910291024
0.6707535005987879,0.7536970550526048,0.08294355445381685,0.99,0.85,0,4.440892098500626e-16,False,37,8,0.85,0.99,0.08294355445381685
0.6635533290799358,0.9342831096947215,0.2707297806147857,1.0,0.0,0,1.2212453270876722e-15,False,37,8,0.0,1.0,0.08294355445381685
0.475099587224526,0.5791328926582275,0.10403330543370154,0.99,0.85,0,7.993605777301127e-15,False,38,16,0.85,0.99,0.10403330543370154
0.46837985641787566,0.8745836950799337,0.40620383866205806,1.0,0.0,0,1.887379141862766e-15,False,38,16,0.0,1.0,0.10403330543370154
0.5721739285905292,0.6461658233779396,0.07399189478741042,0.99,0.85,0,8.881784197001252e-15,False,39,16,0.85,0.99,0.07399189478741042
0.5691553224870646,0.8747291921427003,0.3055738696556357,1.0,0.0,0,1.7763568394002505e-15,False,39,16,0.0,1.0,0.07399189478741042
0.6655898164671047,0.7481704287232247,0.08258061225612001,0.99,0.85,0,4.440892098500626e-16,False,40,8,0.85,0.99,0.08258061225612001
0.6584972407464851,0.9341093476925797,0.2756121069460946,1.0,0.0,0,1.2212453270876722e-15,False,40,8,0.0,1.0,0.08258061225612001
0.49316965958976755,0.6202131333950367,0.12704347380526915,0.8807848879151443,0.99,1,1.2934098236883074e-14,True,41,24,0.85,0.99,0.12704228601157835
0.49316965958976733,0.7884823136658766,0.2953126540761093,0.8807848880555428,0.0,1,1.887379141862766e-15,True,41,24,0.0,1.0,0.12704228601157835
0.5450986752825019,0.74599185000443,0.20089317472192814,0.85,0.99,0,1.4876988529977098e-14,False,42,24,0.85,0.99,0.20089317472192814
0.5450973347094705,0.7925711877243546,0.24747385301488412,0.8494374413899743,1.0,1,1.3322676295501878e-15,True,42,24,0.0,1.0,0.20089317472192814
0.48357168733172873,0.6793316250304523,0.19575993769872357,0.8651923125410115,0.99,1,1.354472090042691e-14,True,43,24,0.85,0.99,0.1957597313595093
0.48357168733172845,0.7862458949635729,0.30267420763184444,0.8651923125410739,0.0,1,1.5543122344752192e-15,True,43,24,0.0,1.0,0.1957597313595093
0.5102935193690878,0.5833933932012729,0.07309987383218508,0.99,0.85,0,8.215650382226158e-15,False,44,16,0.85,0.99,0.07309987383218508
0.5081266499119999,0.8673334645914381,0.35920681467943827,1.0,0.0,0,1.4432899320127035e-15,False,44,16,0.0,1.0,0.07309987383218508
0.45594755421316185,0.676352798125635,0.22040524391247313,0.8608473301675506,0.99,1,1.2601031329495527e-14,True,45,24,0.85,0.99,0.22040433497695533
0.45594755421316163,0.7601449259821307,0.30419737176896905,0.8608473243871907,0.0,1,1.6653345369377348e-15,True,45,24,0.0,1.0,0.22040433497695533
0.5281596743994942,0.6355593317602585,0.10739965736076429,0.8952123147841571,0.99,1,1.354472090042691e-14,True,46,24,0.85,0.99,0.10739937016379797
0.528159674399494,0.8375402966186445,0.3093806222191505,0.8952123143535744,0.0,1,1.6653345369377348e-15,True,46,24,0.0,1.0,0.10739937016379797
0.4967592114000225,0.5989216670287554,0.10216245562873288,0.99,0.85,0,8.43769498715119e-15,False,47,16,0.85,0.99,0.10216245562873288
0.4906483254231063,0.8725892315211362,0.3819409060980299,1.0,0.0,0,1.5543122344752192e-15,False,47,16,0.0,1.0,0.10216245562873288
0.5674024612182893,0.6313889190703226,0.06398645785203327,0.99,0.85,0,8.770761894538737e-15,False,48,16,0.85,0.99,0.06398645785203327
0.5655983130259041,0.8800635901457797,0.3144652771198756,1.0,0.0,0,1.6653345369377348e-15,False,48,16,0.0,1.0,0.06398645785203327
0.5221810415035059,0.6392295224701178,0.11704848096661191,0.99,0.85,0,9.103828801926284e-15,False,49,16,0.85,0.99,0.11704848096661191
0.5129024761121267,0.8913289343175104,0.3784264582053837,1.0,0.0,0,1.7763568394002505e-15,False,49,16,0.0,1.0,0.11704848096661191
0.7518107403522984,0.8088310426692042,0.0570203023169058,0.99,0.85,0,1.3322676295501878e-15,False,50,8,0.85,0.99,0.0570203023169058
0.7470215004479593,0.9495541886636447,0.20253268821568537,1.0,0.0,0,1.4432899320127035e-15,False,50,8,0.0,1.0,0.0570203023169058
0.5478592952128102,0.6646689818452268,0.11680968663241664,0.8905330301716835,0.99,1,1.3766765505351941e-14,True,51,24,0.85,0.99,0.1168080016037274
0.5478592952128101,0.8089247905890646,0.26106549537625456,0.890533029907103,0.0,1,1.6653345369377348e-15,True,51,24,0.0,1.0,0.1168080016037274
0.748697974723919,0.8131873129504336,0.06448933822651459,0.99,0.85,0,7.771561172376096e-16,False,52,8,0.85,0.99,0.06448933822651459
0.7430509814404946,0.9441603282096275,0.20110934676913284,1.0,0.0,0,4.440892098500626e-16,False,52,8,0.0,1.0,0.06448933822651459
0.5351608005955047,0.6721257435593504,0.13696494296384565,0.8787873718319317,0.99,1,1.4876988529977098e-14,True,53,24,0.85,0.99,0.13696493521832176
0.5351608005955046,0.8293836937703803,0.2942228931748757,0.8787873718318795,0.0,1,1.7763568394002505e-15,True,53,24,0.0,1.0,0.13696493521832176
0.8192826616542399,0.8668820281384004,0.04759936648416052,0.99,0.85,0,5.551115123125783e-16,False,54,8,0.85,0.99,0.04759936648416052
0.815121759565249,0.9640745058895223,0.14895274632427324,1.0,0.0,0,8.881784197001252e-16,False,54,8,0.0,1.0,0.04759936648416052
0.6289357228264039,0.7206479338528013,0.09171221102639748,0.99,0.85,0,5.551115123125783e-16,False,55,8,0.85,0.99,0.09171221102639748
0.6210040941125952,0.9226782949843068,0.3016742008717116,1.0,0.0,0,8.881784197001252e-16,False,55,8,0.0,1.0,0.09171221102639748
0.7113154000301353,0.7839278926903733,0.07261249266023806,0.99,0.85,0,6.661338147750939e-16,False,56,8,0.85,0.99,0.07261249266023806
0.7049957118154377,0.9395910814294032,0.23459536961396543,1.0,0.0,0,1.2212453270876722e-15,False,56,8,0.0,1.0,0.07261249266023806
0.477588580571806,0.6217710073295668,0.14418242675776083,0.99,0.85,0,8.1601392309949e-15,False,57,16,0.85,0.99,0.14418242675776083
0.4655108540568895,0.8996998029805278,0.43418894892363824,1.0,0.0,0,1.6653345369377348e-15,False,57,16,0.0,1.0,0.14418242675776083
0.4771239005739205,0.686214446065426,0.20909054549150552,0.85,0.99,0,1.3211653993039363e-14,False,58,24,0.85,0.99,0.20909054549150552
0.4771234141277716,0.7391468391765127,0.2620234250487411,0.8496715194511609,0.0,1,1.6653345369377348e-15,True,58,24,0.0,1.0,0.20909054549150552
0.576107369787509,0.6828463700668336,0.10673900027932459,0.99,0.85,0,9.43689570931383e-15,False,59,16,0.85,0.99,0.10673900027932459
0.5675944341743439,0.9158599211496491,0.34826548697530524,1.0,0.0,0,1.6653345369377348e-15,False,59,16,0.0,1.0,0.10673900027932459
0.7677504240858428,0.826312414231316,0.05856199014547314,0.99,0.85,0,3.3306690738754696e-16,False,60,8,0.85,0.99,0.05856199014547314
0.76265088416488,0.9472371797366728,0.18458629557179274,1.0,0.0,0,8.881784197001252e-16,False,60,8,0.0,1.0,0.05856199014547314
0.6377013796115513,0.7246315749410601,0.08693019532950885,0.99,0.85,0,3.3306690738754696e-16,False,61,8,0.85,0.99,0.08693019532950885
0.6302755723102809,0.9281710834142566,0.2978955111039757,1.0,0.0,0,3.3306690738754696e-16,False,61,8,0.0,1.0,0.08693019532950885
0.7002375797496386,0.7741116992131502,0.07387411946351152,0.99,0.85,0,6.661338147750939e-16,False,62,8,0.85,0.99,0.07387411946351152
0.6938167916407794,0.9326948574724148,0.2388780658316354,1.0,0.0,0,8.881784197001252e-16,False,62,8,0.0,1.0,0.07387411946351152
0.5449319262910722,0.6336709558934651,0.08873902960239288,0.99,0.85,0,8.881784197001252e-15,False,63,16,0.85,0.99,0.08873902960239288
0.539407520671809,0.8806696355209274,0.3412621148491184,1.0,0.0,0,1.887379141862766e-15,False,63,16,0.0,1.0,0.08873902960239288
0.4723092524754542,0.5975849680351057,0.12527571555965156,0.99,0.85,0,8.881784197001252e-15,False,64,16,0.85,0.99,0.12527571555965156
0.46296287242432554,0.8829532595146337,0.4199903870903081,1.0,0.0,0,1.9984014443252818e-15,False,64,16,0.0,1.0,0.12527571555965156
0.7352156608247329,0.8002099871689701,0.06499432634423719,0.99,0.85,0,4.440892098500626e-16,False,65,8,0.85,0.99,0.06499432634423719
0.7296555383438591,0.945385822577001,0.2157302842331419,1.0,0.0,0,7.771561172376096e-16,False,65,8,0.0,1.0,0.06499432634423719
0.7633810367394133,0.8288623421769773,0.06548130543756403,0.99,0.85,0,8.881784197001252e-16,False,66,8,0.85,0.99,0.06548130543756403
0.7575302579052805,0.9535682387299507,0.19603798082467017,1.0,0.0,0,1.2212453270876722e-15,False,66,8,0.0,1.0,0.06548130543756403
0.7464075532947405,0.813600748685902,0.06719319539116153,0.99,0.85,0,4.440892098500626e-16,False,67,8,0.85,0.99,0.06719319539116153
0.7404665002519022,0.9479172445256268,0.20745074427372456,1.0,0.0,0,1.5543122344752192e-15,False,67,8,0.0,1.0,0.06719319539116153
0.7729200954675446,0.8215143740942747,0.04859427862673016,0.99,0.85,0,8.881784197001252e-16,False,68,8,0.85,0.99,0.04859427862673016
0.768880253181393,0.9482978839581451,0.1794176307767521,1.0,0.0,0,6.661338147750939e-16,False,68,8,0.0,1.0,0.04859427862673016
0.5047602679849108,0.6328254569624701,0.12806518897755925,0.8907723516168369,0.99,1,1.3322676295501878e-14,True,69,24,0.85,0.99,0.1280636824457122
0.5047602679849111,0.8062002109310906,0.3014399429461795,0.8907723513930156,0.0,1,1.887379141862766e-15,True,69,24,0.0,1.0,0.1280636824457122
0.5132411139349604,0.5596298179909425,0.046388704055982055,0.9482040548473402,0.85,1,1.3433698597964394e-14,True,70,24,0.85,0.99,0.04638614862633261
0.5132411139349603,0.8561854291991453,0.342944315264185,0.9482040548473869,0.0,1,2.1094237467877974e-15,True,70,24,0.0,1.0,0.04638614862633261
0.5088604249986779,0.6542256082666442,0.14536518326796632,0.8784514117689349,0.99,1,1.354472090042691e-14,True,71,24,0.85,0.99,0.14536466467168518
0.5088604249986778,0.8177525597032232,0.30889213470454546,0.8784514083866992,0.0,1,2.1094237467877974e-15,True,71,24,0.0,1.0,0.14536466467168518
0.7341256779625092,0.7981573733327589,0.06403169537024977,0.99,0.85,0,7.771561172376096e-16,False,72,8,0.85,0.99,0.06403169537024977
0.7285994227112964,0.942058647252031,0.21345922454073463,1.0,0.0,0,1.3322676295501878e-15,False,72,8,0.0,1.0,0.06403169537024977
0.6354704916394885,0.7197516552290135,0.08428116358952498,0.99,0.85,0,8.881784197001252e-16,False,73,8,0.85,0.99,0.08428116358952498
0.6283606477304764,0.9209300498963555,0.2925694021658791,1.0,0.0,0,1.5543122344752192e-15,False,73,8,0.0,1.0,0.08428116358952498
0.5548557172697317,0.5818198507700301,0.02696413350029836,0.9493176102948087,0.85,1,8.659739592076221e-15,True,74,16,0.85,0.99,0.026962827647020626
0.5548557172697316,0.8458860154566847,0.29103029818695314,0.9493176102948357,0.0,1,1.3322676295501878e-15,True,74,16,0.0,1.0,0.026962827647020626
0.46395817789084537,0.5764629927276346,0.1125048148367892,0.8977642034614093,0.99,1,1.2045919817182948e-14,True,75,24,0.85,0.99,0.11250431731671995
0.46395817789084537,0.8022807794616049,0.33832260157075955,0.8977642034614095,0.0,1,1.5543122344752192e-15,True,75,24,0.0,1.0,0.11250431731671995
0.528885499778967,0.6366110271607337,0.10772552738176666,0.8940636609673683,0.99,1,1.3655743202889425e-14,True,76,24,0.85,0.99,0.10772491427507025
0.5288854997789669,0.8179200303574562,0.28903453057848927,0.8940636606453053,0.0,1,1.887379141862766e-15,True,76,24,0.0,1.0,0.10772491427507025
0.7934120754327654,0.843685072870719,0.05027299743795366,0.99,0.85,0,9.992007221626409e-16,False,77,8,0.85,0.99,0.05027299743795366
0.7891078916678003,0.9563718052299748,0.16726391356217452,1.0,0.0,0,1.5543122344752192e-15,False,77,8,0.0,1.0,0.05027299743795366
0.5136176784761192,0.6106018377683258,0.0969841592922066,0.9054613700269959,0.99,1,1.3433698597964394e-14,True,78,24,0.85,0.99,0.0969825472898167
0.5136176784761193,0.8412024079766818,0.3275847295005625,0.9054613696654386,0.0,1,1.7763568394002505e-15,True,78,24,0.0,1.0,0.0969825472898167
0.7247755752638639,0.7866993192127176,0.06192374394885369,0.99,0.85,0,9.992007221626409e-16,False,79,8,0.85,0.99,0.06192374394885369
0.7195274799864899,0.9326037881064582,0.21307630811996825,1.0,0.0,0,7.771561172376096e-16,False,79,8,0.0,1.0,0.06192374394885369
0.5173397234462784,0.5594719103323678,0.04213218688608933,0.9451670716828156,0.85,1,1.3766765505351941e-14,True,80,24,0.85,0.99,0.042131958987730256
0.5173397234462784,0.843691785544706,0.3263520620984276,0.9451670716828531,0.0,1,1.7763568394002505e-15,True,80,24,0.0,1.0,0.042131958987730256
0.7063028963857556,0.7805563962138209,0.07425349982806528,0.99,0.85,0,4.440892098500626e-16,False,81,8,0.85,0.99,0.07425349982806528
0.6998331404886331,0.9415661940556287,0.2417330535669956,1.0,0.0,0,6.661338147750939e-16,False,81,8,0.0,1.0,0.07425349982806528
0.47851510790121826,0.7098527294473274,0.2313376215461091,0.85,0.99,0,1.3822276656583199e-14,False,82,24,0.85,0.99,0.2313376215461091
0.47839349928070873,0.7616857376196493,0.28329223833894057,0.8449224344371304,1.0,1,1.5543122344752192e-15,True,82,24,0.0,1.0,0.2313376215461091
0.5247423911589615,0.7165662220873639,0.19182383092840238,0.85,0.99,0,1.454392162258955e-14,False,83,24,0.85,0.99,0.19182383092840238
0.5247183491212415,0.7788128238071952,0.2540944746859537,0.8476044727049107,0.0,1,1.7763568394002505e-15,True,83,24,0.0,1.0,0.19182383092840238
0.5528751317938503,0.6137499961209427,0.06087486432709244,0.9166524698869541,0.99,1,1.4765966227514582e-14,True,84,24,0.85,0.99,0.060873747411713475
0.5528751317938503,0.8389803837833567,0.2861052519895064,0.9166524698869674,0.0,1,2.1094237467877974e-15,True,84,24,0.0,1.0,0.060873747411713475
0.5101964729729956,0.7455367079886561,0.23534023501566048,0.85,0.99,0,1.4210854715202004e-14,False,85,24,0.85,0.99,0.23534023501566048
0.5097739681806265,0.7978788818246495,0.288104913644023,0.840176692026297,1.0,1,1.4432899320127035e-15,True,85,24,0.0,1.0,0.23534023501566048
0.5161419779710061,0.6037699168644007,0.0876279388933946,0.99,0.85,0,8.215650382226158e-15,False,86,16,0.85,0.99,0.0876279388933946
0.5117189035615041,0.8791156272961069,0.36739672373460286,1.0,0.0,0,1.5543122344752192e-15,False,86,16,0.0,1.0,0.0876279388933946
0.48459867173003146,0.6153726241882245,0.130773952458193,0.99,0.85,0,8.659739592076221e-15,False,87,16,0.85,0.99,0.130773952458193
0.47454725680785736,0.8930572374064032,0.4185099805985458,1.0,0.0,0,1.7763568394002505e-15,False,87,16,0.0,1.0,0.130773952458193
0.5609322390508398,0.5901486859474959,0.029216446896656145,0.9550426750381779,0.85,1,8.881784197001252e-15,True,88,16,0.85,0.99,0.029216439626044033
0.5609322390508401,0.8529642967453097,0.2920320576944696,0.9550426700653828,0.0,1,1.6653345369377348e-15,True,88,16,0.0,1.0,0.029216439626044033
0.7996106328212075,0.8564121339267506,0.05680150110554316,0.99,0.85,0,5.551115123125783e-16,False,89,8,0.85,0.99,0.05680150110554316
0.7944999433828022,0.9631942469544539,0.16869430357165172,1.0,0.0,0,1.7763568394002505e-15,False,89,8,0.0,1.0,0.05680150110554316
0.564038584975995,0.6127080105859758,0.048669425609980776,0.9872480162521725,0.85,1,9.103828801926284e-15,True,90,16,0.85,0.99,0.0486691358226663
0.5640385849759951,0.8595244840366578,0.2954858990606627,0.9872480162521384,0.0,1,2.220446049250313e-15,True,90,16,0.0,1.0,0.0486691358226663
0.5133948352386661,0.6269793292784412,0.11358449403977511,0.99,0.85,0,8.881784197001252e-15,False,91,16,0.85,0.99,0.11358449403977511
0.5057957120095906,0.8851527050877315,0.37935699307814086,1.0,0.0,0,1.5543122344752192e-15,False,91,16,0.0,1.0,0.11358449403977511
0.5735439980812911,0.7103996843143976,0.1368556862331065,0.99,0.85,0,1.021405182655144e-14,False,92,16,0.85,0.99,0.1368556862331065
0.5600418481080875,0.9174528067868888,0.35741095867880124,1.0,0.0,0,1.2212453270876722e-15,False,92,16,0.0,1.0,0.1368556862331065
0.6680142161283003,0.7459632141145207,0.07794899798622046,0.99,0.85,0,6.661338147750939e-16,False,93,8,0.85,0.99,0.07794899798622046
0.6613749273686252,0.9235635646707584,0.26218863730213315,1.0,0.0,0,5.551115123125783e-16,False,93,8,0.0,1.0,0.07794899798622046
0.5011642449063475,0.6220652875084942,0.12090104260214674,0.8825794939933143,0.99,1,1.2323475573339238e-14,True,94,24,0.85,0.99,0.12090100746627808
0.5011642449063476,0.8107799281117383,0.3096156832053907,0.8825794940419284,0.0,1,1.7763568394002505e-15,True,94,24,0.0,1.0,0.12090100746627808
0.762624642646371,0.8261204675448703,0.06349582489849936,0.99,0.85,0,6.661338147750939e-16,False,95,8,0.85,0.99,0.06349582489849936
0.7570057055382626,0.952073433056821,0.1950677275185584,1.0,0.0,0,1.1102230246251565e-15,False,95,8,0.0,1.0,0.06349582489849936
0.76871249087836,0.8306544349246314,0.0619419440462714,0.99,0.85,0,9.992007221626409e-16,False,96,8,0.85,0.99,0.0619419440462714
0.7630747501257606,0.9438764847025325,0.18080173457677184,1.0,0.0,0,1.1102230246251565e-15,False,96,8,0.0,1.0,0.0619419440462714
0.7229495356047264,0.7928335851684962,0.06988404956376981,0.99,0.85,0,5.551115123125783e-16,False,97,8,0.85,0.99,0.06988404956376981
0.7168661351196,0.9414399302738823,0.22457379515428233,1.0,0.0,0,5.551115123125783e-16,False,97,8,0.0,1.0,0.06988404956376981
0.5238045642417832,0.6357656581686335,0.11196109392685027,0.99,0.85,0,8.881784197001252e-15,False,98,16,0.85,0.99,0.11196109392685027
0.515892104382017,0.884235058410228,0.36834295402821093,1.0,0.0,0,1.7763568394002505e-15,False,98,16,0.0,1.0,0.11196109392685027
0.7356033229281589,0.799122916870744,0.0635195939425851,0.99,0.85,0,7.771561172376096e-16,False,99,8,0.85,0.99,0.0635195939425851
0.7301777342947278,0.9426883130445449,0.21251057874981716,1.0,0.0,0,8.881784197001252e-16,False,99,8,0.0,1.0,0.0635195939425851
0.7290165447071154,0.7950080025761476,0.06599145786903216,0.99,0.85,0,4.440892098500626e-16,False,100,8,0.85,0.99,0.06599145786903216
0.7233234408728771,0.9383991449335526,0.21507570406067544,1.0,0.0,0,5.551115123125783e-16,False,100,8,0.0,1.0,0.06599145786903216
0.4489161870805768,0.5904549121863946,0.14153872510581778,0.8829779217353024,0.99,1,1.2156942119645464e-14,True,101,24,0.85,0.99,0.14153726209391027
0.4489161870805768,0.8042945114151526,0.35537832433457583,0.8829779217353482,0.0,1,2.220446049250313e-15,True,101,24,0.0,1.0,0.14153726209391027
0.7061544410956655,0.7749181730613632,0.06876373196569774,0.99,0.85,0,4.440892098500626e-16,False,102,8,0.85,0.99,0.06876373196569774
0.7003114976398349,0.9333839284555483,0.23307243081571338,1.0,0.0,0,9.992007221626409e-16,False,102,8,0.0,1.0,0.06876373196569774
0.838672252423905,0.8799079459852222,0.04123569356131718,0.99,0.85,0,6.661338147750939e-16,False,103,8,0.85,0.99,0.04123569356131718
0.8351196270235948,0.9695513774658368,0.13443175044224198,1.0,0.0,0,4.440892098500626e-16,False,103,8,0.0,1.0,0.04123569356131718
0.7478862193556396,0.810018104116601,0.06213188476096143,0.99,0.85,0,8.881784197001252e-16,False,104,8,0.85,0.99,0.06213188476096143
0.7425574302643078,0.9482820014750251,0.2057245712107173,1.0,0.0,0,4.440892098500626e-16,False,104,8,0.0,1.0,0.06213188476096143
0.47764221882719504,0.7018619221018648,0.22421970327466978,0.85,0.99,0,1.3933298959045715e-14,False,105,24,0.85,0.99,0.22421970327466978
0.4773013280433177,0.7510972854954148,0.27379595745209706,0.8411887150288523,1.0,1,1.5543122344752192e-15,True,105,24,0.0,1.0,0.22421970327466978
0.499084079478223,0.633421306606168,0.13433722712794505,0.99,0.85,0,8.548717289613705e-15,False,106,16,0.85,0.99,0.13433722712794505
0.48783374021909864,0.8922685890205343,0.40443484880143565,1.0,0.0,0,1.3322676295501878e-15,False,106,16,0.0,1.0,0.13433722712794505
0.8050663252813502,0.8548188735612012,0.04975254827985098,0.99,0.85,0,1.1102230246251565e-15,False,107,8,0.85,0.99,0.04975254827985098
0.800740734959949,0.9611768804895735,0.16043614552962449,1.0,0.0,0,1.3322676295501878e-15,False,107,8,0.0,1.0,0.04975254827985098
0.5316515528174239,0.606816341671142,0.07516478885371802,0.9129949170154349,0.99,1,1.3655743202889425e-14,True,108,24,0.85,0.99,0.07516296687312629
0.5316515528174237,0.8484401098703287,0.316788557052905,0.91299491581265,0.0,1,1.9984014443252818e-15,True,108,24,0.0,1.0,0.07516296687312629
0.5815715410528308,0.6805298786951586,0.09895833764232775,0.99,0.85,0,8.881784197001252e-16,False,109,8,0.85,0.99,0.09895833764232775
0.5731200486217435,0.9058640833547653,0.33274403473302183,1.0,0.0,0,9.992007221626409e-16,False,109,8,0.0,1.0,0.09895833764232775
0.5030196803651884,0.656628377493597,0.15360869712840863,0.99,0.85,0,8.770761894538737e-15,False,110,16,0.85,0.99,0.15360869712840863
0.4888266059530353,0.9071702214028319,0.4183436154497966,1.0,0.0,0,1.609823385706477e-15,False,110,16,0.0,1.0,0.15360869712840863
0.5215383943166595,0.6512584851710095,0.12972009085435,0.8830880892664056,0.99,1,1.4099832412739488e-14,True,111,24,0.85,0.99,0.1297181514207283
0.5215383943166594,0.793302942618149,0.27176454830148966,0.8830880892664646,0.0,1,1.6653345369377348e-15,True,111,24,0.0,1.0,0.1297181514207283
0.8001843228570322,0.851362673846815,0.05117835098978274,0.99,0.85,0,1.1102230246251565e-15,False,112,8,0.85,0.99,0.05117835098978274
0.7957148196681941,0.955699662359932,0.15998484269173785,1.0,0.0,0,1.2212453270876722e-15,False,112,8,0.0,1.0,0.05117835098978274
0.5053093121953949,0.5941404398643348,0.08883112766893997,0.9026359813019756,0.99,1,1.2989609388114332e-14,True,113,24,0.85,0.99,0.08883100756359452
0.5053093121953949,0.7982842534059211,0.29297494121052625,0.9026359805562548,0.0,1,1.5543122344752192e-15,True,113,24,0.0,1.0,0.08883100756359452
0.7891415822076754,0.8360007762519883,0.046859194044312935,0.99,0.85,0,1.3322676295501878e-15,False,114,8,0.85,0.99,0.046859194044312935
0.7852413032303783,0.955691514488308,0.1704502112579297,1.0,0.0,0,1.3322676295501878e-15,False,114,8,0.0,1.0,0.046859194044312935
0.5415995734829177,0.6445084157623835,0.10290884227946584,0.99,0.85,0,8.992806499463768e-15,False,115,16,0.85,0.99,0.10290884227946584
0.5341289254669228,0.896433645619881,0.3623047201529582,1.0,0.0,0,1.6653345369377348e-15,False,115,16,0.0,1.0,0.10290884227946584
0.5487879421265222,0.6452548467133954,0.09646690458687324,0.99,0.85,0,8.770761894538737e-15,False,116,16,0.85,0.99,0.09646690458687324
0.5422736904695272,0.8855565025377934,0.34328281206826616,1.0,0.0,0,1.4432899320127035e-15,False,116,16,0.0,1.0,0.09646690458687324
0.5524727834948938,0.6805604614971177,0.12808767800222387,0.99,0.85,0,9.769962616701378e-15,False,117,16,0.85,0.99,0.12808767800222387
0.5413423677585011,0.8999094383862183,0.3585670706277172,1.0,0.0,0,1.7763568394002505e-15,False,117,16,0.0,1.0,0.12808767800222387
0.4744018924038831,0.633904626560171,0.1595027341562879,0.99,0.85,0,8.049116928532385e-15,False,118,16,0.85,0.99,0.1595027341562879
0.4597386218956183,0.9005046266427521,0.4407660047471338,1.0,0.0,0,1.5543122344752192e-15,False,118,16,0.0,1.0,0.1595027341562879
0.5406958113925695,0.6240183922860305,0.083322580893461,0.99,0.85,0,8.881784197001252e-15,False,119,16,0.85,0.99,0.083322580893461
0.5368357363778188,0.8743014736768899,0.33746573729907114,1.0,0.0,0,1.2212453270876722e-15,False,119,16,0.0,1.0,0.083322580893461
0.7003594552454623,0.7662568816186064,0.06589742637314411,0.99,0.85,0,3.3306690738754696e-16,False,120,8,0.85,0.99,0.06589742637314411
0.6948605925835133,0.9290097586027203,0.234149166019207,1.0,0.0,0,9.992007221626409e-16,False,120,8,0.0,1.0,0.06589742637314411
0.6050628520854465,0.6913171612776243,0.0862543091921778,0.99,0.85,0,3.3306690738754696e-16,False,121,8,0.85,0.99,0.0862543091921778
0.5977786289218214,0.9029471095821815,0.30516848066036006,1.0,0.0,0,6.661338147750939e-16,False,121,8,0.0,1.0,0.0862543091921778
0.5748146323040257,0.6905268243949035,0.1157121920908778,0.99,0.85,0,9.658940314238862e-15,False,122,16,0.85,0.99,0.1157121920908778
0.5654134529281872,0.9126194853451511,0.3472060324169639,1.0,0.0,0,1.887379141862766e-15,False,122,16,0.0,1.0,0.1157121920908778
0.4799766741315839,0.6235545252172199,0.14357785108563598,0.99,0.85,0,8.326672684688674e-15,False,123,16,0.85,0.99,0.14357785108563598
0.4678124625942781,0.8941360021886059,0.4263235395943278,1.0,0.0,0,1.6653345369377348e-15,False,123,16,0.0,1.0,0.14357785108563598
0.8261989945411651,0.8729541776182754,0.04675518307711035,0.99,0.85,0,4.440892098500626e-16,False,124,8,0.85,0.99,0.04675518307711035
0.8220590075076701,0.9647134214415863,0.1426544139339162,1.0,0.0,0,5.551115123125783e-16,False,124,8,0.0,1.0,0.04675518307711035
0.7101726705182739,0.7867584281653777,0.07658575764710374,0.99,0.85,0,6.661338147750939e-16,False,125,8,0.85,0.99,0.07658575764710374
0.7034292715230295,0.9435186287975863,0.24008935727455682,1.0,0.0,0,6.661338147750939e-16,False,125,8,0.0,1.0,0.07658575764710374
0.4955706490299596,0.6459341880491507,0.15036353901919108,0.8720462981805012,0.99,1,1.3655743202889425e-14,True,126,24,0.85,0.99,0.1503624699322123
0.49557064902995956,0.7865679654690795,0.2909973164391199,0.8720462979783399,0.0,1,1.5543122344752192e-15,True,126,24,0.0,1.0,0.1503624699322123
0.5446488958955592,0.6541760935255574,0.10952719762999819,0.99,0.85,0,9.547918011776346e-15,False,127,16,0.85,0.99,0.10952719762999819
0.5360173915196891,0.8938352838555695,0.35781789233588046,1.0,0.0,0,1.4432899320127035e-15,False,127,16,0.0,1.0,0.10952719762999819
0.5008127107080136,0.607600206846362,0.10678749613834837,0.99,0.85,0,8.215650382226158e-15,False,128,16,0.85,0.99,0.10678749613834837
0.4937874145646245,0.8795564879946207,0.3857690734299962,1.0,0.0,0,1.5543122344752192e-15,False,128,16,0.0,1.0,0.10678749613834837
0.5607971746186616,0.6367842079517754,0.07598703333311374,0.99,0.85,0,8.881784197001252e-15,False,129,16,0.85,0.99,0.07598703333311374
0.5574203647026863,0.8814723693202772,0.32405200461759087,1.0,0.0,0,1.6653345369377348e-15,False,129,16,0.0,1.0,0.07598703333311374
0.4866259203443457,0.5724965229657084,0.0858706026213627,0.9093569882409623,0.99,1,1.2545520178264269e-14,True,130,24,0.85,0.99,0.08586778423213526
0.4866259203443459,0.8246250971216789,0.337999176777333,0.9093569882409351,0.0,1,1.887379141862766e-15,True,130,24,0.0,1.0,0.08586778423213526
0.5895291925729915,0.6197931928746824,0.030264000301690852,0.955356862098854,0.85,1,9.2148511043888e-15,True,131,16,0.85,0.99,0.030263456644962772
0.5895291925729915,0.861430336962033,0.27190114438904145,0.9553568599065337,0.0,1,1.3322676295501878e-15,True,131,16,0.0,1.0,0.030263456644962772
0.5100732152166367,0.5826100172900014,0.07253680207336466,0.99,0.85,0,8.326672684688674e-15,False,132,16,0.85,0.99,0.07253680207336466
0.5086761970418117,0.8464102538964027,0.337734056854591,1.0,0.0,0,1.7763568394002505e-15,False,132,16,0.0,1.0,0.07253680207336466
0.561170083000226,0.6807537649536222,0.11958368195339619,0.99,0.85,0,9.43689570931383e-15,False,133,16,0.85,0.99,0.11958368195339619
0.5509778109144908,0.9101148679752392,0.3591370570607484,1.0,0.0,0,1.6653345369377348e-15,False,133,16,0.0,1.0,0.11958368195339619
0.8004389065717488,0.8510111015518556,0.05057219498010679,0.99,0.85,0,8.881784197001252e-16,False,134,8,0.85,0.99,0.05057219498010679
0.7960435766128875,0.9555648358105135,0.15952125919762605,1.0,0.0,0,1.3322676295501878e-15,False,134,8,0.0,1.0,0.05057219498010679
0.4796836905494182,0.7139752523211708,0.2342915617717526,0.85,0.99,0,1.3877787807814457e-14,False,135,24,0.85,0.99,0.2342915617717526
0.47955701707782994,0.7666695136547191,0.2871124965768892,0.8448306982631701,1.0,1,1.4432899320127035e-15,True,135,24,0.0,1.0,0.2342915617717526
0.6717788651756561,0.7550105741947528,0.08323170901909671,0.99,0.85,0,5.551115123125783e-16,False,136,8,0.85,0.99,0.08323170901909671
0.6645677233348728,0.9321909520166585,0.2676232286817857,1.0,0.0,0,1.7763568394002505e-15,False,136,8,0.0,1.0,0.08323170901909671
0.5199452040868324,0.6123507947457404,0.09240559065890797,0.9038074421391719,0.99,1,1.3433698597964394e-14,True,137,24,0.85,0.99,0.09240556780819598
0.5199452040868325,0.8334016763419347,0.3134564722551022,0.9038074404902428,0.0,1,1.4432899320127035e-15,True,137,24,0.0,1.0,0.09240556780819598
0.5158791316748427,0.7258493387444903,0.20997020706964764,0.8524946776718669,0.99,1,1.4654943925052066e-14,True,138,24,0.85,0.99,0.2099702069359205
0.5158791316748427,0.784240153135904,0.26836102146106133,0.8524946776103491,0.0,1,1.6653345369377348e-15,True,138,24,0.0,1.0,0.2099702069359205
0.8053002053915091,0.8586967059537642,0.05339650056225509,0.99,0.85,0,6.661338147750939e-16,False,139,8,0.85,0.99,0.05339650056225509
0.8004901815107743,0.9550101665347012,0.15451998502392683,1.0,0.0,0,8.881784197001252e-16,False,139,8,0.0,1.0,0.05339650056225509
0.5341641575395765,0.5543787112612846,0.020214553721708106,0.929557160353827,0.99,1,8.215650382226158e-15,True,140,16,0.85,0.99,0.02021371676569872
0.5341641575395762,0.8431417754690107,0.30897761792943446,0.9295571597633762,0.0,1,1.6653345369377348e-15,True,140,16,0.0,1.0,0.02021371676569872
0.5084665004601318,0.7101815658853785,0.20171506542524675,0.8575391822206799,0.99,1,1.3877787807814457e-14,True,141,24,0.85,0.99,0.2017150577092015
0.508466500460132,0.7977360993647551,0.2892695989046231,0.8575391822665733,0.0,1,1.887379141862766e-15,True,141,24,0.0,1.0,0.2017150577092015
0.7240287875358977,0.7882066011330022,0.0641778135971045,0.99,0.85,0,1.2212453270876722e-15,False,142,8,0.85,0.99,0.0641778135971045
0.7186030296936816,0.9435263148105052,0.22492328511682358,1.0,0.0,0,1.1102230246251565e-15,False,142,8,0.0,1.0,0.0641778135971045
0.8159276077794384,0.864803975559579,0.048876367780140595,0.99,0.85,0,1.1102230246251565e-15,False,143,8,0.85,0.99,0.048876367780140595
0.8116164196693032,0.9630212316872813,0.15140481201797806,1.0,0.0,0,1.7763568394002505e-15,False,143,8,0.0,1.0,0.048876367780140595
0.4799926432945504,0.5845981111817511,0.10460546788720071,0.99,0.85,0,8.1601392309949e-15,False,144,16,0.85,0.99,0.10460546788720071
0.47353313850956613,0.870866365655591,0.3973332271460248,1.0,0.0,0,1.887379141862766e-15,False,144,16,0.0,1.0,0.10460546788720071
0.49922457895463423,0.6322957312864403,0.1330711523318061,0.8902798086049004,0.99,1,1.354472090042691e-14,True,145,24,0.85,0.99,0.13307061847004964
0.4992245789546341,0.8236276318107764,0.32440305285614224,0.8902798085310927,0.0,1,1.4432899320127035e-15,True,145,24,0.0,1.0,0.13307061847004964
0.5352831097453628,0.5883405413508913,0.05305743160552856,0.9553951974875446,0.85,1,1.354472090042691e-14,True,146,24,0.85,0.99,0.05305602120460895
0.5352831097453626,0.8681462880537901,0.3328631783084275,0.9553951977529298,0.0,1,1.6653345369377348e-15,True,146,24,0.0,1.0,0.05305602120460895
0.5816168087681942,0.7020762434913158,0.1204594347231216,0.99,0.85,0,9.769962616701378e-15,False,147,16,0.85,0.99,0.1204594347231216
0.5711312627894669,0.9177395617334719,0.346608298944005,1.0,0.0,0,1.5543122344752192e-15,False,147,16,0.0,1.0,0.1204594347231216
0.4878040563566348,0.5920354069783896,0.10423135062175481,0.8943757290166321,0.99,1,1.2378986724570495e-14,True,148,24,0.85,0.99,0.10422886376303153
0.4878040563566349,0.8178105718542421,0.33000651549760723,0.8943757290166081,0.0,1,1.5543122344752192e-15,True,148,24,0.0,1.0,0.10422886376303153
0.5175495629048023,0.645589239715387,0.1280396768105847,0.8940583046026178,0.99,1,1.4099832412739488e-14,True,149,24,0.85,0.99,0.12803901051410416
0.5175495629048026,0.8188785390621343,0.3013289761573317,0.8940583032595202,0.0,1,1.4432899320127035e-15,True,149,24,0.0,1.0,0.12803901051410416
0.5029385885232134,0.5350247241691372,0.032086135645923775,0.9581600176371244,0.85,1,7.771561172376096e-15,True,150,16,0.85,0.99,0.03208471090389742
0.5029385885232134,0.8346553802630661,0.3317167917398527,0.9581600176370776,0.0,1,1.6653345369377348e-15,True,150,16,0.0,1.0,0.03208471090389742
0.4845704803078987,0.5976806677494944,0.11311018744159568,0.99,0.85,0,8.43769498715119e-15,False,151,16,0.85,0.99,0.11311018744159568
0.47711803138212405,0.8724094764616197,0.39529144507949565,1.0,0.0,0,1.5543122344752192e-15,False,151,16,0.0,1.0,0.11311018744159568
0.7919249329524293,0.8392472570956573,0.04732232414322801,0.99,0.85,0,1.2212453270876722e-15,False,152,8,0.85,0.99,0.04732232414322801
0.7879330780485607,0.9516998477411368,0.1637667696925761,1.0,0.0,0,5.551115123125783e-16,False,152,8,0.0,1.0,0.04732232414322801
0.5042818326109271,0.5542360502548862,0.04995421764395913,0.9804865181437735,0.85,1,7.993605777301127e-15,True,153,16,0.85,0.99,0.04995303331907541
0.5042818326109271,0.8416429340815655,0.33736110147063847,0.9804865211146087,0.0,1,1.6653345369377348e-15,True,153,16,0.0,1.0,0.04995303331907541
0.7724521611906741,0.8281109313597543,0.055658770169080274,0.99,0.85,0,4.440892098500626e-16,False,154,8,0.85,0.99,0.055658770169080274
0.767639190783925,0.9510946674147627,0.18345547663083772,1.0,0.0,0,5.551115123125783e-16,False,154,8,0.0,1.0,0.055658770169080274
0.5275128414435051,0.598054544198711,0.07054170275520588,0.99,0.85,0,8.659739592076221e-15,False,155,16,0.85,0.99,0.07054170275520588
0.5257301203092952,0.8705671571977245,0.34483703688842926,1.0,0.0,0,1.7763568394002505e-15,False,155,16,0.0,1.0,0.07054170275520588
0.6493794142146805,0.7365075712124264,0.0871281569977459,0.99,0.85,0,8.881784197001252e-16,False,156,8,0.85,0.99,0.0871281569977459
0.6418446448474859,0.9297864623751959,0.28794181752771,1.0,0.0,0,1.7763568394002505e-15,False,156,8,0.0,1.0,0.0871281569977459
0.6923740427890697,0.7644184364845583,0.07204439369548865,0.99,0.85,0,4.440892098500626e-16,False,157,8,0.85,0.99,0.07204439369548865
0.6861998034855203,0.9313626265046148,0.24516282301909442,1.0,0.0,0,1.3322676295501878e-15,False,157,8,0.0,1.0,0.07204439369548865
0.49640511168576845,0.5902387791832008,0.09383366749743233,0.99,0.85,0,8.43769498715119e-15,False,158,16,0.85,0.99,0.09383366749743233
0.4910910352099176,0.87295216991036,0.38186113470044236,1.0,0.0,0,1.4432899320127035e-15,False,158,16,0.0,1.0,0.09383366749743233
0.7098698459179797,0.7780006348040654,0.0681307888860857,0.99,0.85,0,4.440892098500626e-16,False,159,8,0.85,0.99,0.0681307888860857
0.7040612390477105,0.9323858485419074,0.22832460949419697,1.0,0.0,0,9.992007221626409e-16,False,159,8,0.0,1.0,0.0681307888860857
0.4676027181101482,0.5595847604086321,0.09198204229848395,0.99,0.85,0,8.1601392309949e-15,False,160,16,0.85,0.99,0.09198204229848395
0.4633798365075871,0.8608780232265051,0.397498186718918,1.0,0.0,0,1.5543122344752192e-15,False,160,16,0.0,1.0,0.09198204229848395
0.4764948184286502,0.6678438099500125,0.19134899152136225,0.8658179831274627,0.99,1,1.3433698597964394e-14,True,161,24,0.85,0.99,0.19134796276184723
0.47649481842865027,0.7800841951230357,0.30358937669438546,0.8658179859608127,0.0,1,1.7763568394002505e-15,True,161,24,0.0,1.0,0.19134796276184723
0.5191387865045299,0.6225146815828629,0.103375895078333,0.9010576926556615,0.99,1,1.3433698597964394e-14,True,162,24,0.85,0.99,0.10337562882779638
0.5191387865045298,0.8383102985190927,0.31917151201456284,0.9010576926556878,0.0,1,1.887379141862766e-15,True,162,24,0.0,1.0,0.10337562882779638
0.7901726784168285,0.8442366572808625,0.054063978864034024,0.99,0.85,0,5.551115123125783e-16,False,163,8,0.85,0.99,0.054063978864034024
0.7854819820137235,0.9587069994109145,0.17322501739719098,1.0,0.0,0,1.3322676295501878e-15,False,163,8,0.0,1.0,0.054063978864034024
0.4912061990137449,0.6017653117352911,0.11055911272154623,0.99,0.85,0,8.548717289613705e-15,False,164,16,0.85,0.99,0.11055911272154623
0.48370399428009153,0.8849007555346701,0.40119676125457854,1.0,0.0,0,1.4988010832439613e-15,False,164,16,0.0,1.0,0.11055911272154623
0.4846674687874633,0.5957025681331202,0.11103509934565686,0.99,0.85,0,8.326672684688674e-15,False,165,16,0.85,0.99,0.11103509934565686
0.4768393083883903,0.8782639798677335,0.40142467147934324,1.0,0.0,0,1.9984014443252818e-15,False,165,16,0.0,1.0,0.11103509934565686
0.5427498754162614,0.5991383439607714,0.05638846854450996,0.99,0.85,0,8.43769498715119e-15,False,166,16,0.85,0.99,0.05638846854450996
0.5422090302332108,0.8653240296130202,0.3231149993798095,1.0,0.0,0,1.7763568394002505e-15,False,166,16,0.0,1.0,0.05638846854450996
0.5326019990531999,0.5856636821169663,0.05306168306376635,0.955020869298403,0.85,1,1.3766765505351941e-14,True,167,24,0.85,0.99,0.05306167908725179
0.5326019990531999,0.8646059428949292,0.33200394384172927,0.9550208696404626,0.0,1,1.7763568394002505e-15,True,167,24,0.0,1.0,0.05306167908725179
0.6157527568384827,0.6985843340751752,0.08283157723669243,0.99,0.85,0,9.880984919163893e-15,False,168,16,0.85,0.99,0.08283157723669243
0.6101780272059251,0.9072011180477437,0.29702309084181866,1.0,0.0,0,2.1094237467877974e-15,False,168,16,0.0,1.0,0.08283157723669243
0.6950449614893853,0.7672639597132593,0.07221899822387401,0.99,0.85,0,5.551115123125783e-16,False,169,8,0.85,0.99,0.07221899822387401
0.6889030607837338,0.9347764489408389,0.24587338815710513,1.0,0.0,0,7.771561172376096e-16,False,169,8,0.0,1.0,0.07221899822387401
0.49980135704151135,0.5742446858051917,0.07444332876368037,0.99,0.85,0,7.882583474838611e-15,False,170,16,0.85,0.99,0.07444332876368037
0.497843001657921,0.8611738861970726,0.3633308845391516,1.0,0.0,0,1.6653345369377348e-15,False,170,16,0.0,1.0,0.07444332876368037
0.46805112165823914,0.6231374748961145,0.15508635323787534,0.8787807841757314,0.99,1,1.2823075934420558e-14,True,171,24,0.85,0.99,0.1550863473867471
0.4680511216582391,0.7917800968449524,0.32372897518671334,0.8787807841756803,0.0,1,1.6653345369377348e-15,True,171,24,0.0,1.0,0.1550863473867471
0.5423984295017582,0.7055295247452859,0.16313109524352765,0.8676562242979458,0.99,1,1.454392162258955e-14,True,172,24,0.85,0.99,0.16313097413920752
0.5423984295017583,0.7986723256527859,0.2562738961510276,0.8676562242981047,0.0,1,1.5543122344752192e-15,True,172,24,0.0,1.0,0.16313097413920752
0.5541593590379394,0.6335408455856093,0.07938148654766986,0.99,0.85,0,9.2148511043888e-15,False,173,16,0.85,0.99,0.07938148654766986
0.5501272332846014,0.8751564150100661,0.3250291817254647,1.0,0.0,0,1.9984014443252818e-15,False,173,16,0.0,1.0,0.07938148654766986
0.5320878217977396,0.6542047023601748,0.12211688056243519,0.99,0.85,0,9.103828801926284e-15,False,174,16,0.85,0.99,0.12211688056243519
0.5220871321181489,0.9022745988544401,0.3801874667362911,1.0,0.0,0,1.7763568394002505e-15,False,174,16,0.0,1.0,0.12211688056243519
0.5887131348772282,0.6410464461188031,0.05233331124157492,0.99,0.85,0,9.103828801926284e-15,False,175,16,0.85,0.99,0.05233331124157492
0.5884848722184461,0.878513122824845,0.2900282506063988,0.9973048951248005,0.0,1,1.4432899320127035e-15,True,175,16,0.0,1.0,0.05233331124157492
0.4824610211281253,0.5908737761142708,0.10841275498614555,0.8892883782982131,0.99,1,1.2378986724570495e-14,True,176,24,0.85,0.99,0.10841105576254595
0.4824610211281253,0.8063996199203207,0.32393859879219544,0.8892883782982226,0.0,1,1.3322676295501878e-15,True,176,24,0.0,1.0,0.10841105576254595
0.7873317221690608,0.8365749767835422,0.049243254614481424,0.99,0.85,0,6.661338147750939e-16,False,177,8,0.85,0.99,0.049243254614481424
0.7831909802645858,0.9567031920489472,0.17351221178436138,1.0,0.0,0,6.661338147750939e-16,False,177,8,0.0,1.0,0.049243254614481424
0.5194411418462903,0.6220935194536489,0.10265237760735857,0.99,0.85,0,9.2148511043888e-15,False,178,16,0.85,0.99,0.10265237760735857
0.5127751720421603,0.8751363153428018,0.3623611433006415,1.0,0.0,0,1.6653345369377348e-15,False,178,16,0.0,1.0,0.10265237760735857
0.5127063540158122,0.5658310871614691,0.05312473314565691,0.9193249648122712,0.99,1,1.2989609388114332e-14,True,179,24,0.85,0.99,0.05312246862262815
0.5127063540158122,0.8369170443690422,0.32421069035323,0.9193249648123251,0.0,1,1.9984014443252818e-15,True,179,24,0.0,1.0,0.05312246862262815
0.8244711299461938,0.8728404921002022,0.048369362154008444,0.99,0.85,0,1.4432899320127035e-15,False,180,8,0.85,0.99,0.048369362154008444
0.8201275370639443,0.9644722645559662,0.14434472749202198,1.0,0.0,0,1.1102230246251565e-15,False,180,8,0.0,1.0,0.048369362154008444
0.7424837606827597,0.8073253498116404,0.06484158912888072,0.99,0.85,0,9.992007221626409e-16,False,181,8,0.85,0.99,0.06484158912888072
0.7368598560979324,0.9477822127420513,0.21092235664411896,1.0,0.0,0,1.1102230246251565e-15,False,181,8,0.0,1.0,0.06484158912888072
0.7473531050241072,0.8089677980882515,0.061614693064144244,0.99,0.85,0,5.551115123125783e-16,False,182,8,0.85,0.99,0.061614693064144244
0.7420548655657012,0.9453617863041748,0.20330692073847356,1.0,0.0,0,8.881784197001252e-16,False,182,8,0.0,1.0,0.061614693064144244
0.5497211584851386,0.6485045245931736,0.09878336610803506,0.99,0.85,0,9.658940314238862e-15,False,183,16,0.85,0.99,0.09878336610803506
0.5432192743696955,0.892254131825593,0.34903485745589746,1.0,0.0,0,1.2212453270876722e-15,False,183,16,0.0,1.0,0.09878336610803506
0.49657229411261095,0.6421142440831216,0.14554194997051062,0.8758985904268647,0.99,1,1.3211653993039363e-14,True,184,24,0.85,0.99,0.14554125654976868
0.4965722941126108,0.8078023278872055,0.31123003377459474,0.8758985903653927,0.0,1,1.887379141862766e-15,True,184,24,0.0,1.0,0.14554125654976868
0.7488643210711075,0.8055387661131959,0.056674445042088406,0.99,0.85,0,1.3322676295501878e-15,False,185,8,0.85,0.99,0.056674445042088406
0.744046930293597,0.9438842553467934,0.1998373250531964,1.0,0.0,0,1.1102230246251565e-15,False,185,8,0.0,1.0,0.056674445042088406
0.5218433723480644,0.5927682894910682,0.07092491714300375,0.9142260843565594,0.99,1,1.3433698597964394e-14,True,186,24,0.85,0.99,0.07092324250894166
0.5218433723480642,0.837819595009727,0.3159762226616628,0.9142260843565343,0.0,1,1.6653345369377348e-15,True,186,24,0.0,1.0,0.07092324250894166
0.6861054800637065,0.763228159237713,0.0771226791740065,0.99,0.85,0,6.661338147750939e-16,False,187,8,0.85,0.99,0.0771226791740065
0.6794710315956611,0.931750558227773,0.25227952663211184,1.0,0.0,0,1.3322676295501878e-15,False,187,8,0.0,1.0,0.0771226791740065
0.4922926725027126,0.6212320680659759,0.12893939556326328,0.99,0.85,0,8.548717289613705e-15,False,188,16,0.85,0.99,0.12893939556326328
0.48213778585174244,0.8977907344504974,0.41565294859875496,1.0,0.0,0,1.7763568394002505e-15,False,188,16,0.0,1.0,0.12893939556326328
0.6187508799455986,0.7129320615181156,0.09418118157251698,0.99,0.85,0,1.1102230246251565e-15,False,189,8,0.85,0.99,0.09418118157251698
0.6105765136186933,0.915421605226812,0.3048450916081188,1.0,0.0,0,1.1102230246251565e-15,False,189,8,0.0,1.0,0.09418118157251698
0.6782428946142209,0.7481945708692048,0.06995167625498389,0.99,0.85,0,1.2212453270876722e-15,False,190,8,0.85,0.99,0.06995167625498389
0.6724215004417484,0.9271132483150665,0.25469174787331805,1.0,0.0,0,1.1102230246251565e-15,False,190,8,0.0,1.0,0.06995167625498389
0.5836928595907014,0.7255689519066365,0.14187609231593512,0.99,0.85,0,9.658940314238862e-15,False,191,16,0.85,0.99,0.14187609231593512
0.5698397087945704,0.9339191081060679,0.3640793993114976,1.0,0.0,0,1.4432899320127035e-15,False,191,16,0.0,1.0,0.14187609231593512
0.5511727306146527,0.6857551161986799,0.13458238558402724,0.8888621523896696,0.99,1,1.4432899320127035e-14,True,192,24,0.85,0.99,0.13458230439163588
0.5511727306146528,0.8330798208771988,0.281907090262546,0.8888621523896845,0.0,1,1.7763568394002505e-15,True,192,24,0.0,1.0,0.13458230439163588
0.800298460712009,0.8515988190662022,0.05130035835419311,0.99,0.85,0,5.551115123125783e-16,False,193,8,0.85,0.99,0.05130035835419311
0.7957970619297144,0.9552724580658583,0.1594753961361438,1.0,0.0,0,7.771561172376096e-16,False,193,8,0.0,1.0,0.05130035835419311
0.5497105392260366,0.6299579503175217,0.08024741109148503,0.9037642858897408,0.99,1,1.3877787807814457e-14,True,194,24,0.85,0.99,0.08024740983850975
0.5497105392260363,0.8336091938794641,0.2838986546534278,0.9037642853600555,0.0,1,1.5543122344752192e-15,True,194,24,0.0,1.0,0.08024740983850975
0.4349010881942693,0.5414151667153179,0.10651407852104855,0.99,0.85,0,7.66053886991358e-15,False,195,16,0.85,0.99,0.10651407852104855
0.42837833010312765,0.8455788134081955,0.41720048330506787,1.0,0.0,0,1.887379141862766e-15,False,195,16,0.0,1.0,0.10651407852104855
0.49768162000106814,0.5966241341436002,0.09894251414253202,0.99,0.85,0,8.326672684688674e-15,False,196,16,0.85,0.99,0.09894251414253202
0.4917527667858816,0.8788544710794093,0.3871017042935277,1.0,0.0,0,1.6653345369377348e-15,False,196,16,0.0,1.0,0.09894251414253202
0.49217899639931706,0.5816060790936212,0.0894270826943041,0.99,0.85,0,8.1601392309949e-15,False,197,16,0.85,0.99,0.0894270826943041
0.4881959014647584,0.8580578033113277,0.36986190184656936,1.0,0.0,0,1.4432899320127035e-15,False,197,16,0.0,1.0,0.0894270826943041
0.5004136844476775,0.7257381492594565,0.22532446481177892,0.8566254437095947,0.99,1,1.3766765505351941e-14,True,198,24,0.85,0.99,0.22532374574600522
0.5004136844476776,0.7816612745099472,0.2812475900622695,0.8566254436541365,1.0,1,1.6653345369377348e-15,True,198,24,0.0,1.0,0.22532374574600522
0.4964385071161827,0.6816553115240025,0.1852168044078198,0.8753772580427072,0.99,1,1.3877787807814457e-14,True,199,24,0.85,0.99,0.1852159191107312
0.49643850711618265,0.7894804605657975,0.2930419534496148,0.8753772589598006,0.0,1,1.7763568394002505e-15,True,199,24,0.0,1.0,0.1852159191107312
0.49609462147241346,0.6196993588477112,0.12360473737529776,0.8976877161513954,0.99,1,1.2989609388114332e-14,True,200,24,0.85,0.99,0.12360447293639726
0.4960946214724135,0.8230713375823059,0.3269767161098924,0.8976877161513923,0.0,1,1.4432899320127035e-15,True,200,24,0.0,1.0,0.12360447293639726
0.47824715506785037,0.5685737146847627,0.09032655961691233,0.99,0.85,0,7.882583474838611e-15,False,201,16,0.85,0.99,0.09032655961691233
0.47473341689607207,0.8761614078162159,0.4014279909201438,1.0,0.0,0,1.7763568394002505e-15,False,201,16,0.0,1.0,0.09032655961691233
0.5176771582846692,0.6278238253974734,0.11014666711280419,0.99,0.85,0,8.881784197001252e-15,False,202,16,0.85,0.99,0.11014666711280419
0.5093179341016322,0.8812414415127806,0.37192350741114844,1.0,0.0,0,1.3322676295501878e-15,False,202,16,0.0,1.0,0.11014666711280419
0.5819970233845323,0.614053674590882,0.03205665120634971,0.9321793931873644,0.99,1,1.432187701766452e-14,True,203,24,0.85,0.99,0.0320559741309564
0.5819970233845323,0.8625785337862377,0.2805815104017054,0.9321793952111808,0.0,1,1.7763568394002505e-15,True,203,24,0.0,1.0,0.0320559741309564
0.4668043601682652,0.5533521959177163,0.08654783574945113,0.99,0.85,0,7.827072323607354e-15,False,204,16,0.85,0.99,0.08654783574945113
0.463047548320201,0.8537550226304974,0.3907074743102964,1.0,0.0,0,1.3322676295501878e-15,False,204,16,0.0,1.0,0.08654783574945113
0.5055414108932483,0.6085240385926958,0.10298262769944744,0.99,0.85,0,8.326672684688674e-15,False,205,16,0.85,0.99,0.10298262769944744
0.4987295333165788,0.8763681508743248,0.377638617557746,1.0,0.0,0,1.7763568394002505e-15,False,205,16,0.0,1.0,0.10298262769944744
0.6617447129856187,0.7474616378877881,0.08571692490216942,0.99,0.85,0,4.440892098500626e-16,False,206,8,0.85,0.99,0.08571692490216942
0.6543608984133757,0.9356292503163035,0.28126835190292776,1.0,0.0,0,1.1102230246251565e-15,False,206,8,0.0,1.0,0.08571692490216942
0.49194925370331855,0.6236207972887636,0.13167154358544508,0.99,0.85,0,8.770761894538737e-15,False,207,16,0.85,0.99,0.13167154358544508
0.4815807740019845,0.9003853377097738,0.4188045637077893,1.0,0.0,0,1.3322676295501878e-15,False,207,16,0.0,1.0,0.13167154358544508
0.4322512052416539,0.5610808808227608,0.12882967558110686,0.99,0.85,0,7.716050021144838e-15,False,208,16,0.85,0.99,0.12882967558110686
0.42256280045609534,0.873272501918593,0.4507097014624976,1.0,0.0,0,1.4432899320127035e-15,False,208,16,0.0,1.0,0.12882967558110686
0.4689577096998866,0.6198574854927965,0.15089977579290992,0.8728211804759274,0.99,1,1.226796442210798e-14,True,209,24,0.85,0.99,0.15089923284684736
0.46895770969988654,0.7710993331488583,0.3021416234489717,0.8728211767241016,0.0,1,1.5543122344752192e-15,True,209,24,0.0,1.0,0.15089923284684736
0.46546217705045795,0.6681383121007479,0.20267613505028997,0.8633796598085464,0.99,1,1.2601031329495527e-14,True,210,24,0.85,0.99,0.2026753701661364
0.4654621770504578,0.763739899719513,0.29827772266905517,0.8633796582399283,0.0,1,1.7763568394002505e-15,True,210,24,0.0,1.0,0.2026753701661364
0.5751584762143477,0.7042545322588828,0.1290960560445351,0.99,0.85,0,1.0436096431476471e-14,False,211,16,0.85,0.99,0.1290960560445351
0.5631320847615983,0.9207150692485618,0.3575829844869636,1.0,0.0,0,1.887379141862766e-15,False,211,16,0.0,1.0,0.1290960560445351
0.45043950161964386,0.5786159614647663,0.1281764598451225,0.99,0.85,0,7.993605777301127e-15,False,212,16,0.85,0.99,0.1281764598451225
0.4414059494283143,0.8718369529531379,0.4304310035248236,1.0,0.0,0,1.4432899320127035e-15,False,212,16,0.0,1.0,0.1281764598451225
0.5675846067410164,0.6533546117198652,0.08577000497884879,0.99,0.85,0,9.2148511043888e-15,False,213,16,0.85,0.99,0.08577000497884879
0.5626799872928255,0.8919405031066951,0.3292605158138696,1.0,0.0,0,1.5543122344752192e-15,False,213,16,0.0,1.0,0.08577000497884879
0.49978910835969437,0.5843788602049139,0.08458975184521955,0.99,0.85,0,8.215650382226158e-15,False,214,16,0.85,0.99,0.08458975184521955
0.49559228004078,0.8589910662142953,0.36339878617351534,1.0,0.0,0,1.2212453270876722e-15,False,214,16,0.0,1.0,0.08458975184521955
0.7067184588034181,0.7850575393952786,0.07833908059186045,0.99,0.85,0,1.1102230246251565e-15,False,215,8,0.85,0.99,0.07833908059186045
0.699759054757494,0.9383979272738282,0.2386388725163342,1.0,0.0,0,1.2212453270876722e-15,False,215,8,0.0,1.0,0.07833908059186045
0.4653293481151967,0.564292111684266,0.09896276356906925,0.99,0.85,0,8.104628079763643e-15,False,216,16,0.85,0.99,0.09896276356906925
0.45957652526117465,0.8697730577680247,0.41019653250685006,1.0,0.0,0,1.5543122344752192e-15,False,216,16,0.0,1.0,0.09896276356906925
0.5489162886117904,0.6143037012444554,0.06538741263266501,0.99,0.85,0,8.881784197001252e-15,False,217,16,0.85,0.99,0.06538741263266501
0.5478956184915836,0.8777870065143811,0.3298913880227975,1.0,0.0,0,1.6653345369377348e-15,False,217,16,0.0,1.0,0.06538741263266501
0.5202664370514184,0.6353494694269324,0.11508303237551398,0.99,0.85,0,9.103828801926284e-15,False,218,16,0.85,0.99,0.11508303237551398
0.5118725719840764,0.8872502706821703,0.3753776986980939,1.0,0.0,0,1.3322676295501878e-15,False,218,16,0.0,1.0,0.11508303237551398
0.44683343699119327,0.5945072504063706,0.14767381341517738,0.99,0.85,0,8.215650382226158e-15,False,219,16,0.85,0.99,0.14767381341517738
0.43457437990596653,0.8868660696793407,0.45229168977337414,1.0,0.0,0,2.220446049250313e-15,False,219,16,0.0,1.0,0.14767381341517738
0.5486746914265448,0.6588270235295258,0.11015233210298103,0.8935158677785547,0.99,1,1.432187701766452e-14,True,220,24,0.85,0.99,0.11015198953275906
0.5486746914265447,0.8333719428263314,0.28469725139978674,0.8935158669055628,0.0,1,1.887379141862766e-15,True,220,24,0.0,1.0,0.11015198953275906
0.7964502955105457,0.8437611980992916,0.04731090258874593,0.99,0.85,0,1.1102230246251565e-15,False,221,8,0.85,0.99,0.04731090258874593
0.7923939532671864,0.9533658255718835,0.16097187230469712,1.0,0.0,0,1.3322676295501878e-15,False,221,8,0.0,1.0,0.04731090258874593
0.5958650726888884,0.6960412194982359,0.1001761468093475,0.99,0.85,0,3.3306690738754696e-16,False,222,8,0.85,0.99,0.1001761468093475
0.5872692457703184,0.9244601685017226,0.3371909227314043,1.0,0.0,0,7.771561172376096e-16,False,222,8,0.0,1.0,0.1001761468093475
0.5061505236041246,0.5787699733523723,0.07261944974824774,0.99,0.85,0,8.548717289613705e-15,False,223,16,0.85,0.99,0.07261944974824774
0.5047089916995784,0.8820246695494578,0.3773156778498794,1.0,0.0,0,1.6653345369377348e-15,False,223,16,0.0,1.0,0.07261944974824774
0.4585789970675584,0.5773128674522487,0.11873387038469035,0.8880561389114915,0.99,1,1.2045919817182948e-14,True,224,24,0.85,0.99,0.1187319657071656
0.4585789970675584,0.7936920428952425,0.33511304582768414,0.888056138911522,0.0,1,1.7763568394002505e-15,True,224,24,0.0,1.0,0.1187319657071656
0.6530110981153607,0.7416150283133682,0.0886039301980075,0.99,0.85,0,7.771561172376096e-16,False,225,8,0.85,0.99,0.0886039301980075
0.6452741112915983,0.9284106549902976,0.28313654369869934,1.0,0.0,0,8.881784197001252e-16,False,225,8,0.0,1.0,0.0886039301980075
0.5297858040352789,0.6180341065304382,0.08824830249515936,0.99,0.85,0,8.992806499463768e-15,False,226,16,0.85,0.99,0.08824830249515936
0.5253022611827328,0.885522177084292,0.3602199159015592,1.0,0.0,0,1.6653345369377348e-15,False,226,16,0.0,1.0,0.08824830249515936
0.49178613300083085,0.5140989049915602,0.02231277199072934,0.9270743596589139,0.99,1,7.66053886991358e-15,True,227,16,0.85,0.99,0.022311982605242753
0.4917861330008309,0.8373702032978427,0.3455840702970118,0.92707435882657,0.0,1,1.4432899320127035e-15,True,227,16,0.0,1.0,0.022311982605242753
0.5535614882120499,0.5860947313263141,0.0325332431142642,0.9591700802326917,0.85,1,8.659739592076221e-15,True,228,16,0.85,0.99,0.03253250296010812
0.5535614882120501,0.8594986300740523,0.30593714186200216,0.9591700802326415,0.0,1,1.5543122344752192e-15,True,228,16,0.0,1.0,0.03253250296010812
0.5657289401005667,0.689045391446323,0.1233164513457563,0.99,0.85,0,9.769962616701378e-15,False,229,16,0.85,0.99,0.1233164513457563
0.5549176612414539,0.9085808882456383,0.3536632270041844,1.0,0.0,0,1.9984014443252818e-15,False,229,16,0.0,1.0,0.1233164513457563
0.5648214094391333,0.6581903426721217,0.09336893323298845,0.99,0.85,0,1.021405182655144e-14,False,230,16,0.85,0.99,0.09336893323298845
0.5585421823454663,0.8823477011727832,0.3238055188273169,1.0,0.0,0,1.6653345369377348e-15,False,230,16,0.0,1.0,0.09336893323298845
0.5265985517338255,0.6166562874600507,0.09005773572622522,0.904089612211279,0.99,1,1.432187701766452e-14,True,231,24,0.85,0.99,0.09005694690155297
0.5265985517338255,0.827540452323688,0.3009419005898625,0.9040896121890376,0.0,1,1.4432899320127035e-15,True,231,24,0.0,1.0,0.09005694690155297
0.4901673037970572,0.5835168080241621,0.09334950422710486,0.9068559509714311,0.99,1,1.27675647831893e-14,True,232,24,0.85,0.99,0.0933467419036067
0.4901673037970575,0.8086124468761677,0.31844514307911026,0.9068559501028015,0.0,1,1.7763568394002505e-15,True,232,24,0.0,1.0,0.0933467419036067
0.5324832205699641,0.6395373356971473,0.10705411512718321,0.8969758804199716,0.99,1,1.4099832412739488e-14,True,233,24,0.85,0.99,0.10705230238370189
0.5324832205699641,0.8252281516436287,0.2927449310736646,0.896975880419963,0.0,1,1.2212453270876722e-15,True,233,24,0.0,1.0,0.10705230238370189
0.4615180755444632,0.6018992807785262,0.14038120523406294,0.99,0.85,0,8.326672684688674e-15,False,234,16,0.85,0.99,0.14038120523406294
0.45022162435406127,0.8857124224727009,0.4354907981186396,1.0,0.0,0,1.5543122344752192e-15,False,234,16,0.0,1.0,0.14038120523406294
0.7969572389111715,0.848697774310784,0.05174053539961243,0.99,0.85,0,1.3322676295501878e-15,False,235,8,0.85,0.99,0.05174053539961243
0.7924732022903589,0.9601327619506475,0.16765955966028856,1.0,0.0,0,1.1102230246251565e-15,False,235,8,0.0,1.0,0.05174053539961243
0.4933708626065422,0.6180543933022895,0.12468353069574728,0.8900163743147549,0.99,1,1.3211653993039363e-14,True,236,24,0.85,0.99,0.12468352898132495
0.49337086260654195,0.7914329176998127,0.2980620550932708,0.8900163743147539,0.0,1,1.6653345369377348e-15,True,236,24,0.0,1.0,0.12468352898132495
0.5031963924316176,0.6203927814045271,0.11719638897290952,0.8903829791646218,0.99,1,1.354472090042691e-14,True,237,24,0.85,0.99,0.11719547529315388
0.503196392431618,0.8169513038591717,0.31375491142755374,0.8903829789359248,0.0,1,1.4432899320127035e-15,True,237,24,0.0,1.0,0.11719547529315388
0.5516880082154236,0.5877442942321852,0.036056286016761585,0.9324213246692076,0.99,1,1.3877787807814457e-14,True,238,24,0.85,0.99,0.03605624022410536
0.5516880082154234,0.8450130865714683,0.29332507835604493,0.9324213246691361,0.0,1,1.7763568394002505e-15,True,238,24,0.0,1.0,0.03605624022410536
0.5232358283413227,0.6700308839095882,0.14679505556826555,0.99,0.85,0,9.325873406851315e-15,False,239,16,0.85,0.99,0.14679505556826555
0.5095595461277002,0.9061987900184285,0.39663924389072835,1.0,0.0,0,1.5543122344752192e-15,False,239,16,0.0,1.0,0.14679505556826555
0.7259511421763214,0.7932329329853056,0.06728179080898422,0.99,0.85,0,8.881784197001252e-16,False,240,8,0.85,0.99,0.06728179080898422
0.7201649230455581,0.9402068739832776,0.2200419509377195,1.0,0.0,0,1.2212453270876722e-15,False,240,8,0.0,1.0,0.06728179080898422
0.5728562774862461,0.6961306685178628,0.12327439103161664,0.99,0.85,0,1.0103029524088925e-14,False,241,16,0.85,0.99,0.12327439103161664
0.5619630545338763,0.910934147615994,0.3489710930821177,1.0,0.0,0,1.6653345369377348e-15,False,241,16,0.0,1.0,0.12327439103161664
0.6305162608862006,0.722884907155416,0.09236864626921537,0.99,0.85,0,6.661338147750939e-16,False,242,8,0.85,0.99,0.09236864626921537
0.6224784908964408,0.9243656265077292,0.30188713561128844,1.0,0.0,0,1.4432899320127035e-15,False,242,8,0.0,1.0,0.09236864626921537
0.5081873989113496,0.668095329590546,0.1599079306791964,0.8743328613269521,0.99,1,1.3322676295501878e-14,True,243,24,0.85,0.99,0.15990600274662492
0.5081873989113498,0.8060278108634198,0.29784041195207,0.8743328611162619,0.0,1,1.4432899320127035e-15,True,243,24,0.0,1.0,0.15990600274662492
0.6657444561485798,0.7434840872134212,0.07773963106484139,0.99,0.85,0,6.661338147750939e-16,False,244,8,0.85,0.99,0.07773963106484139
0.65909483818798,0.9228826529366634,0.2637878147486834,1.0,0.0,0,5.551115123125783e-16,False,244,8,0.0,1.0,0.07773963106484139
0.8759274575601184,0.9075816003641415,0.03165414280402312,0.99,0.85,0,4.440892098500626e-16,False,245,8,0.85,0.99,0.03165414280402312
0.8731582310259473,0.9734755852867517,0.10031735426080446,1.0,0.0,0,5.551115123125783e-16,False,245,8,0.0,1.0,0.03165414280402312
0.741502116168434,0.7994196855145563,0.057917569346122355,0.99,0.85,0,6.661338147750939e-16,False,246,8,0.85,0.99,0.057917569346122355
0.736612219820582,0.9384626963526419,0.2018504765320599,1.0,0.0,0,1.1102230246251565e-15,False,246,8,0.0,1.0,0.057917569346122355
0.5391011642019781,0.6449980243077471,0.10589686010576904,0.8966995060305533,0.99,1,1.432187701766452e-14,True,247,24,0.85,0.99,0.10589554970612791
0.5391011642019781,0.829370063379368,0.29026889917738996,0.8966995053912786,0.0,1,1.9984014443252818e-15,True,247,24,0.0,1.0,0.10589554970612791
0.50837130201646,0.59354896522927,0.08517766321281006,0.9015145630876784,0.99,1,1.3433698597964394e-14,True,248,24,0.85,0.99,0.08517722427482222
0.5083713020164597,0.8128060319831774,0.3044347299667176,0.9015145624062986,0.0,1,1.5543122344752192e-15,True,248,24,0.0,1.0,0.08517722427482222
0.5386404620857522,0.7378683678552701,0.19922790576951788,0.8588337960663611,0.99,1,1.4876988529977098e-14,True,249,24,0.85,0.99,0.19922787181721746
0.5386404620857522,0.7875834824774486,0.24894302039169636,0.8588337960662824,0.0,1,1.6653345369377348e-15,True,249,24,0.0,1.0,0.19922787181721746
0.6131759053961611,0.7024341075862782,0.08925820219011715,0.99,0.85,0,4.440892098500626e-16,False,250,8,0.85,0.99,0.08925820219011715
0.6056072200868954,0.9187742776814929,0.3131670575945975,1.0,0.0,0,1.1102230246251565e-15,False,250,8,0.0,1.0,0.08925820219011715
0.5075868356365665,0.5836044920433333,0.07601765640676683,0.99,0.85,0,8.548717289613705e-15,False,251,16,0.85,0.99,0.07601765640676683
0.5041470177155777,0.8668947778849037,0.362747760169326,1.0,0.0,0,1.887379141862766e-15,False,251,16,0.0,1.0,0.07601765640676683
0.7534260609030954,0.8037591154468852,0.05033305454378978,0.99,0.85,0,4.440892098500626e-16,False,252,8,0.85,0.99,0.05033305454378978
0.7492419718234201,0.9338157533761571,0.18457378155273696,1.0,0.0,0,1.1102230246251565e-15,False,252,8,0.0,1.0,0.05033305454378978
0.7646795803431399,0.8190407083743998,0.05436112803125992,0.99,0.85,0,1.3322676295501878e-15,False,253,8,0.85,0.99,0.05436112803125992
0.7600288832191351,0.9404957320934928,0.1804668488743577,1.0,0.0,0,8.881784197001252e-16,False,253,8,0.0,1.0,0.05436112803125992
0.49772818591207335,0.6507979925720877,0.15306980666001435,0.99,0.85,0,8.770761894538737e-15,False,254,16,0.85,0.99,0.15306980666001435
0.48300260318498156,0.8995064555699297,0.41650385238494814,1.0,0.0,0,1.6653345369377348e-15,False,254,16,0.0,1.0,0.15306980666001435
0.5241620688959535,0.6337918184601976,0.1096297495642441,0.99,0.85,0,8.992806499463768e-15,False,255,16,0.85,0.99,0.1096297495642441
0.5162877083638762,0.8983031835069518,0.38201547514307566,1.0,0.0,0,1.887379141862766e-15,False,255,16,0.0,1.0,0.1096297495642441
0.4590912285651614,0.617484351640117,0.15839312307495557,0.99,0.85,0,8.049116928532385e-15,False,256,16,0.85,0.99,0.15839312307495557
0.4452332044007064,0.9030097045636135,0.4577765001629071,1.0,0.0,0,1.2212453270876722e-15,False,256,16,0.0,1.0,0.15839312307495557
0.47602858579170815,0.5548999912920844,0.0788714055003763,0.99,0.85,0,7.494005416219807e-15,False,257,16,0.85,0.99,0.0788714055003763
0.4732962065064257,0.8555614818857453,0.38226527537931965,1.0,0.0,0,1.9984014443252818e-15,False,257,16,0.0,1.0,0.0788714055003763
0.4934667419727593,0.6085679686854037,0.11510122671264444,0.99,0.85,0,8.43769498715119e-15,False,258,16,0.85,0.99,0.11510122671264444
0.48521171231709465,0.8836945553475044,0.39848284303040976,1.0,0.0,0,1.6653345369377348e-15,False,258,16,0.0,1.0,0.11510122671264444
0.7473406262096275,0.8076245135952982,0.0602838873856707,0.99,0.85,0,1.1102230246251565e-15,False,259,8,0.85,0.99,0.0602838873856707
0.7422341109431247,0.9484358168000458,0.2062017058569211,1.0,0.0,0,5.551115123125783e-16,False,259,8,0.0,1.0,0.0602838873856707
0.4796328624423829,0.7241743021452776,0.24454143970289466,0.85,0.99,0,1.3711254354120683e-14,False,260,24,0.85,0.99,0.24454143970289466
0.4785591223344558,0.7754633699602238,0.296904247625768,0.8346573183134364,1.0,1,1.4432899320127035e-15,True,260,24,0.0,1.0,0.24454143970289466
0.8201541237361363,0.8672577558935857,0.04710363215744939,0.99,0.85,0,6.661338147750939e-16,False,261,8,0.85,0.99,0.04710363215744939
0.8160500865304757,0.9649059148164617,0.14885582828598598,1.0,0.0,0,5.551115123125783e-16,False,261,8,0.0,1.0,0.04710363215744939
0.5322910118650375,0.651936438788149,0.11964542692311153,0.99,0.85,0,9.103828801926284e-15,False,262,16,0.85,0.99,0.11964542692311153
0.5228017244495926,0.8987322029777398,0.3759304785281472,1.0,0.0,0,1.4432899320127035e-15,False,262,16,0.0,1.0,0.11964542692311153
0.7307195852431192,0.794514524551099,0.06379493930797986,0.99,0.85,0,1.4432899320127035e-15,False,263,8,0.85,0.99,0.06379493930797986
0.7252879660577731,0.9422016406948693,0.2169136746370962,1.0,0.0,0,8.881784197001252e-16,False,263,8,0.0,1.0,0.06379493930797986
0.500688757733273,0.5590232233062515,0.0583344655729785,0.99,0.85,0,7.771561172376096e-15,False,264,16,0.85,0.99,0.0583344655729785
0.5006886296534281,0.8601130203772132,0.35942439072378507,0.9901562889164589,0.0,1,1.9984014443252818e-15,True,264,16,0.0,1.0,0.0583344655729785
0.4947917802924471,0.7100954710754871,0.21530369078304,0.8581154132585055,0.99,1,1.3988810110276972e-14,True,265,24,0.85,0.99,0.21530174163644322
0.4947917802924471,0.7741050620637475,0.27931328177130044,0.8581154159440074,0.0,1,1.4432899320127035e-15,True,265,24,0.0,1.0,0.21530174163644322
0.4971543836621202,0.5763091825331297,0.07915479887100946,0.99,0.85,0,8.326672684688674e-15,False,266,16,0.85,0.99,0.07915479887100946
0.4943944528378375,0.8630868436142316,0.3686923907763941,1.0,0.0,0,1.5543122344752192e-15,False,266,16,0.0,1.0,0.07915479887100946
0.7300923237552839,0.8006351640283784,0.07054284027309454,0.99,0.85,0,6.661338147750939e-16,False,267,8,0.85,0.99,0.07054284027309454
0.7238880977768842,0.9429644068066598,0.2190763090297756,1.0,0.0,0,8.881784197001252e-16,False,267,8,0.0,1.0,0.07054284027309454
0.723021369347415,0.7891005724029012,0.0660792030554862,0.99,0.85,0,9.992007221626409e-16,False,268,8,0.85,0.99,0.0660792030554862
0.7173694141917503,0.9430933735706785,0.2257239593789282,1.0,0.0,0,5.551115123125783e-16,False,268,8,0.0,1.0,0.0660792030554862
0.8463403101177313,0.8879009468084957,0.041560636690764485,0.99,0.85,0,8.881784197001252e-16,False,269,8,0.85,0.99,0.041560636690764485
0.8426645622530021,0.9684744715323622,0.1258099092793601,1.0,0.0,0,5.551115123125783e-16,False,269,8,0.0,1.0,0.041560636690764485
0.661625446613345,0.742497489446804,0.08087204283345906,0.99,0.85,0,5.551115123125783e-16,False,270,8,0.85,0.99,0.08087204283345906
0.654686220089669,0.9242538754361361,0.2695676553464671,1.0,0.0,0,1.6653345369377348e-15,False,270,8,0.0,1.0,0.08087204283345906
0.5975775712523119,0.6585374198993493,0.06095984864703741,0.99,0.85,0,9.43689570931383e-15,False,271,16,0.85,0.99,0.06095984864703741
0.5961729209649307,0.8903448703786438,0.29417194941371316,1.0,0.0,0,2.1094237467877974e-15,False,271,16,0.0,1.0,0.06095984864703741
0.5160621019558459,0.6079573237627882,0.09189522180694232,0.99,0.85,0,8.326672684688674e-15,False,272,16,0.85,0.99,0.09189522180694232
0.5105753764393604,0.8679219773632917,0.35734660092393133,1.0,0.0,0,1.6653345369377348e-15,False,272,16,0.0,1.0,0.09189522180694232
0.48283929221976035,0.5890353568708141,0.10619606465105375,0.99,0.85,0,8.215650382226158e-15,False,273,16,0.85,0.99,0.10619606465105375
0.4757835064082364,0.8686947533811995,0.3929112469729631,1.0,0.0,0,1.7763568394002505e-15,False,273,16,0.0,1.0,0.10619606465105375
0.5552329546561061,0.6759750596078644,0.1207421049517583,0.99,0.85,0,9.547918011776346e-15,False,274,16,0.85,0.99,0.1207421049517583
0.5445949234062263,0.9006177875663637,0.3560228641601374,1.0,0.0,0,1.4432899320127035e-15,False,274,16,0.0,1.0,0.1207421049517583
0.47832068180814175,0.5805829342664836,0.1022622524583418,0.99,0.85,0,8.43769498715119e-15,False,275,16,0.85,0.99,0.1022622524583418
0.47270677780977705,0.871372866924498,0.39866608911472096,1.0,0.0,0,1.4432899320127035e-15,False,275,16,0.0,1.0,0.1022622524583418
0.47740641745116746,0.5836825197867324,0.10627610233556489,0.99,0.85,0,7.882583474838611e-15,False,276,16,0.85,0.99,0.10627610233556489
0.47066310810820944,0.8692191956906031,0.3985560875823937,1.0,0.0,0,1.4432899320127035e-15,False,276,16,0.0,1.0,0.10627610233556489
0.7743992828289233,0.8304492095095594,0.05604992668063602,0.99,0.85,0,6.661338147750939e-16,False,277,8,0.85,0.99,0.05604992668063602
0.769549943787059,0.9498542916636845,0.18030434787662553,1.0,0.0,0,4.440892098500626e-16,False,277,8,0.0,1.0,0.05604992668063602
0.5323366681933578,0.6151547967544975,0.08281812856113968,0.9032671250890724,0.99,1,1.3988810110276972e-14,True,278,24,0.85,0.99,0.08281665152851758
0.5323366681933577,0.8273151050863483,0.29497843689299064,0.9032671210451787,0.0,1,1.4432899320127035e-15,True,278,24,0.0,1.0,0.08281665152851758
0.5398180056840812,0.6371618315360441,0.09734382585196288,0.8998560252130472,0.99,1,1.4210854715202004e-14,True,279,24,0.85,0.99,0.09734369086270511
0.5398180056840812,0.825405993172952,0.2855879874888708,0.8998560239503497,0.0,1,1.7763568394002505e-15,True,279,24,0.0,1.0,0.09734369086270511
0.5822915344888177,0.6934403249663752,0.11114879047755755,0.99,0.85,0,9.880984919163893e-15,False,280,16,0.85,0.99,0.11114879047755755
0.5729232484726533,0.9133046040521886,0.3403813555795353,1.0,0.0,0,1.4432899320127035e-15,False,280,16,0.0,1.0,0.11114879047755755
0.7920596930905786,0.8423729487016097,0.05031325561103117,0.99,0.85,0,6.661338147750939e-16,False,281,8,0.85,0.99,0.05031325561103117
0.7877997165198808,0.9602837944770944,0.17248407795721366,1.0,0.0,0,5.551115123125783e-16,False,281,8,0.0,1.0,0.05031325561103117
0.5332983749768118,0.6750550193799298,0.14175664440311808,0.8783836894713168,0.99,1,1.432187701766452e-14,True,282,24,0.85,0.99,0.14175589639864805
0.5332983749768119,0.8098391732776296,0.2765407983008177,0.8783836894712558,0.0,1,1.4432899320127035e-15,True,282,24,0.0,1.0,0.14175589639864805
0.6739832991647055,0.7413727797276023,0.06738948056289684,0.99,0.85,0,4.440892098500626e-16,False,283,8,0.85,0.99,0.06738948056289684
0.6683968648029528,0.9148368863009526,0.24644002149799982,1.0,0.0,0,1.4432899320127035e-15,False,283,8,0.0,1.0,0.06738948056289684
0.7833688832564532,0.836650910131328,0.05328202687487482,0.99,0.85,0,6.661338147750939e-16,False,284,8,0.85,0.99,0.05328202687487482
0.7787951230815037,0.9546079027269128,0.1758127796454091,1.0,0.0,0,1.1102230246251565e-15,False,284,8,0.0,1.0,0.05328202687487482
0.7666057691427131,0.8231155745203896,0.05650980537767658,0.99,0.85,0,5.551115123125783e-16,False,285,8,0.85,0.99,0.05650980537767658
0.7618067212661024,0.9545247729951439,0.19271805172904155,1.0,0.0,0,6.661338147750939e-16,False,285,8,0.0,1.0,0.05650980537767658
0.4899347534211701,0.5791205903330016,0.08918583691183146,0.9033844631486416,0.99,1,1.2656542480726785e-14,True,286,24,0.85,0.99,0.08918492025858915
0.4899347534211701,0.826783455929718,0.3368487025085479,0.903384462657179,0.0,1,1.7763568394002505e-15,True,286,24,0.0,1.0,0.08918492025858915
0.7976779613217775,0.8450875003166067,0.04740953899482925,0.99,0.85,0,5.551115123125783e-16,False,287,8,0.85,0.99,0.04740953899482925
0.7936605158437307,0.9569920836984576,0.1633315678547269,1.0,0.0,0,4.440892098500626e-16,False,287,8,0.0,1.0,0.04740953899482925
0.5181136788364645,0.5833834003915692,0.06526972155510469,0.99,0.85,0,7.882583474838611e-15,False,288,16,0.85,0.99,0.06526972155510469
0.5166166562711976,0.871616958330474,0.35500030205927646,1.0,0.0,0,1.6653345369377348e-15,False,288,16,0.0,1.0,0.06526972155510469
0.5308039108852752,0.6597377089083672,0.12893379802309202,0.99,0.85,0,9.103828801926284e-15,False,289,16,0.85,0.99,0.12893379802309202
0.5198626884843374,0.9050457974268862,0.3851831089425488,1.0,0.0,0,1.5543122344752192e-15,False,289,16,0.0,1.0,0.12893379802309202
0.4607840846356175,0.5563811979860357,0.0955971133504182,0.99,0.85,0,7.827072323607354e-15,False,290,16,0.85,0.99,0.0955971133504182
0.45640407673302613,0.868095084813386,0.4116910080803599,1.0,0.0,0,1.6653345369377348e-15,False,290,16,0.0,1.0,0.0955971133504182
0.6911205543212199,0.7662426305619252,0.07512207624070533,0.99,0.85,0,4.440892098500626e-16,False,291,8,0.85,0.99,0.07512207624070533
0.6847013433890652,0.9380293172741201,0.2533279738850549,1.0,0.0,0,5.551115123125783e-16,False,291,8,0.0,1.0,0.07512207624070533
0.8272279875529194,0.873053124949347,0.04582513739642757,0.99,0.85,0,1.1102230246251565e-15,False,292,8,0.85,0.99,0.04582513739642757
0.8232219013969844,0.9669016223382592,0.1436797209412748,1.0,0.0,0,6.661338147750939e-16,False,292,8,0.0,1.0,0.04582513739642757
0.532821000830213,0.6391960151447578,0.10637501431454477,0.99,0.85,0,8.770761894538737e-15,False,293,16,0.85,0.99,0.10637501431454477
0.5250906267974744,0.8902068959324003,0.3651162691349259,1.0,0.0,0,2.3314683517128287e-15,False,293,16,0.0,1.0,0.10637501431454477
0.5356275720270406,0.6481238723327831,0.11249630030574254,0.99,0.85,0,9.325873406851315e-15,False,294,16,0.85,0.99,0.11249630030574254
0.5269471331222508,0.9024394108259128,0.375492277703662,1.0,0.0,0,1.4432899320127035e-15,False,294,16,0.0,1.0,0.11249630030574254
0.5493385822156172,0.6976372143568559,0.14829863214123873,0.8749902335221524,0.99,1,1.432187701766452e-14,True,295,24,0.85,0.99,0.1482986316340681
0.549338582215617,0.8092100822371489,0.2598715000215318,0.8749902335220346,0.0,1,1.3322676295501878e-15,True,295,24,0.0,1.0,0.1482986316340681
0.4989971059329536,0.5728981585517653,0.07390105261881169,0.9123700533596834,0.99,1,1.2545520178264269e-14,True,296,24,0.85,0.99,0.07390092835022943
0.4989971059329537,0.826640412958188,0.3276433070252343,0.9123700528002516,0.0,1,1.6653345369377348e-15,True,296,24,0.0,1.0,0.07390092835022943
0.7064122362804908,0.779177188460372,0.07276495217988121,0.99,0.85,0,8.881784197001252e-16,False,297,8,0.85,0.99,0.07276495217988121
0.7001368251496839,0.9384076660836687,0.23827084093398476,1.0,0.0,0,1.1102230246251565e-15,False,297,8,0.0,1.0,0.07276495217988121
0.5141438140575249,0.6213555707973746,0.10721175673984973,0.99,0.85,0,8.881784197001252e-15,False,298,16,0.85,0.99,0.10721175673984973
0.5075507630140728,0.8851252897190418,0.37757452670496905,1.0,0.0,0,1.7763568394002505e-15,False,298,16,0.0,1.0,0.10721175673984973
0.5232562997166474,0.6485459786909942,0.12528967897434673,0.99,0.85,0,8.992806499463768e-15,False,299,16,0.85,0.99,0.12528967897434673
0.5126512190743303,0.8919237673477988,0.37927254827346846,1.0,0.0,0,1.4432899320127035e-15,False,299,16,0.0,1.0,0.12528967897434673
0.42223193043849117,0.5594915250528909,0.13725959461439974,0.99,0.85,0,7.605027718682322e-15,False,300,16,0.85,0.99,0.13725959461439974
0.41175200592015926,0.8728933550858311,0.46114134916567184,1.0,0.0,0,1.6653345369377348e-15,False,300,16,0.0,1.0,0.13725959461439974
0.5658144707504145,0.6143396009133198,0.04852513016290538,0.9879488396715184,0.85,1,8.881784197001252e-15,True,301,16,0.85,0.99,0.04852421394729467
0.5658144707504144,0.853079293247033,0.28726482249661867,0.9879488396715115,0.0,1,1.6653345369377348e-15,True,301,16,0.0,1.0,0.04852421394729467
0.66028664481275,0.7675702637474506,0.10728361893470062,0.99,0.85,0,1.0769163338864018e-14,False,302,16,0.85,0.99,0.10728361893470062
0.6498469142165123,0.9291660305489433,0.279319116332431,1.0,0.0,0,1.6653345369377348e-15,False,302,16,0.0,1.0,0.10728361893470062
0.43632954982872396,0.5726617972995306,0.13633224747080663,0.8772411537070007,0.99,1,1.1657341758564144e-14,True,303,24,0.85,0.99,0.13633186985031104
0.4363295498287239,0.7860339026005281,0.34970435277180417,0.8772411537069181,0.0,1,2.1094237467877974e-15,True,303,24,0.0,1.0,0.13633186985031104
0.5014928201385759,0.6443438471456489,0.14285102700707297,0.8784933652567425,0.99,1,1.3655743202889425e-14,True,304,24,0.85,0.99,0.14285065379197825
0.5014928201385758,0.7892878304015603,0.2877950102629845,0.8784933652566858,0.0,1,1.7763568394002505e-15,True,304,24,0.0,1.0,0.14285065379197825
0.7069330646136587,0.7777477387713355,0.07081467415767684,0.99,0.85,0,5.551115123125783e-16,False,305,8,0.85,0.99,0.07081467415767684
0.7008784638736987,0.9390395308357944,0.2381610669620957,1.0,0.0,0,1.1102230246251565e-15,False,305,8,0.0,1.0,0.07081467415767684
0.7166793330600487,0.7834880062386501,0.0668086731786014,0.99,0.85,0,1.2212453270876722e-15,False,306,8,0.85,0.99,0.0668086731786014
0.7110103824106537,0.9375103605000403,0.2264999780893866,1.0,0.0,0,6.661338147750939e-16,False,306,8,0.0,1.0,0.0668086731786014
0.5035322439222367,0.5618623746508591,0.058330130728622365,0.9193211608711623,0.99,1,1.3322676295501878e-14,True,307,24,0.85,0.99,0.058327727512323735
0.5035322439222365,0.8362780270455903,0.3327457831233538,0.9193211608712162,0.0,1,1.3322676295501878e-15,True,307,24,0.0,1.0,0.058327727512323735
0.49120421914306933,0.5867481380668023,0.09554391892373293,0.99,0.85,0,8.049116928532385e-15,False,308,16,0.85,0.99,0.09554391892373293
0.48568203809130805,0.8634589049827628,0.37777686689145473,1.0,0.0,0,1.5543122344752192e-15,False,308,16,0.0,1.0,0.09554391892373293
0.7448312512752333,0.8069169019934119,0.06208565071817862,0.99,0.85,0,7.771561172376096e-16,False,309,8,0.85,0.99,0.06208565071817862
0.7395192520854149,0.9446098158224379,0.20509056373702295,1.0,0.0,0,1.2212453270876722e-15,False,309,8,0.0,1.0,0.06208565071817862
0.7106419686628842,0.777768270938112,0.06712630227522776,0.99,0.85,0,1.2212453270876722e-15,False,310,8,0.85,0.99,0.06712630227522776
0.7049743115306987,0.936571760498216,0.23159744896751733,1.0,0.0,0,6.661338147750939e-16,False,310,8,0.0,1.0,0.06712630227522776
0.544557679264474,0.617946377055379,0.07338869779090507,0.99,0.85,0,8.659739592076221e-15,False,311,16,0.85,0.99,0.07338869779090507
0.542099360382956,0.8673731645217306,0.3252738041387746,1.0,0.0,0,1.4432899320127035e-15,False,311,16,0.0,1.0,0.07338869779090507
0.6683350254272356,0.745523779828977,0.07718875440174144,0.99,0.85,0,3.3306690738754696e-16,False,312,8,0.85,0.99,0.07718875440174144
0.6617694997712843,0.9243054196263198,0.26253591985503555,1.0,0.0,0,4.440892098500626e-16,False,312,8,0.0,1.0,0.07718875440174144
0.735254242739788,0.8065669229044263,0.07131268016463832,0.99,0.85,0,4.440892098500626e-16,False,313,8,0.85,0.99,0.07131268016463832
0.7289461263088839,0.9475342352089118,0.2185881089000279,1.0,0.0,0,8.881784197001252e-16,False,313,8,0.0,1.0,0.07131268016463832
0.5252733964764758,0.6449026762777216,0.11962927980124582,0.8958592948794388,0.99,1,1.4099832412739488e-14,True,314,24,0.85,0.99,0.1196282112299003
0.5252733964764759,0.8184484177139686,0.29317502123749273,0.8958592941915896,0.0,1,1.9984014443252818e-15,True,314,24,0.0,1.0,0.1196282112299003
0.7533652900289893,0.8147205842786754,0.06135529424968611,0.99,0.85,0,7.771561172376096e-16,False,315,8,0.85,0.99,0.06135529424968611
0.7480747639265599,0.9499783110643949,0.20190354713783498,1.0,0.0,0,8.881784197001252e-16,False,315,8,0.0,1.0,0.06135529424968611
0.47672554859827165,0.6199186887480346,0.14319314014976292,0.99,0.85,0,8.604228440844963e-15,False,316,16,0.85,0.99,0.14319314014976292
0.4642663486514299,0.8936782809300813,0.4294119322786514,1.0,0.0,0,1.4988010832439613e-15,False,316,16,0.0,1.0,0.14319314014976292
0.6196805775396221,0.7107604691585491,0.09107989161892693,0.99,0.85,0,8.881784197001252e-16,False,317,8,0.85,0.99,0.09107989161892693
0.6119513296254782,0.9251240382305351,0.31317270860505697,1.0,0.0,0,1.1102230246251565e-15,False,317,8,0.0,1.0,0.09107989161892693
0.7368481527033848,0.8014531185956515,0.06460496589226672,0.99,0.85,0,3.3306690738754696e-16,False,318,8,0.85,0.99,0.06460496589226672
0.7312985654018145,0.9466700494628217,0.21537148406100726,1.0,0.0,0,7.771561172376096e-16,False,318,8,0.0,1.0,0.06460496589226672
0.485840031943244,0.6685584608235211,0.18271842888027712,0.8718636634209705,0.99,1,1.3156142841808105e-14,True,319,24,0.85,0.99,0.1827162063254716
0.48584003194324393,0.7828024555449222,0.2969624236016783,0.871863663420954,0.0,1,1.6653345369377348e-15,True,319,24,0.0,1.0,0.1827162063254716
0.5150819436629269,0.6091080721454263,0.09402612848249936,0.9020386181221632,0.99,1,1.354472090042691e-14,True,320,24,0.85,0.99,0.09402470050226008
0.515081943662927,0.8086315148560653,0.2935495711931383,0.9020386171968678,0.0,1,1.9984014443252818e-15,True,320,24,0.0,1.0,0.09402470050226008
0.5449833556492406,0.6615307800854324,0.11654742443619182,0.8948480488345086,0.99,1,1.4099832412739488e-14,True,321,24,0.85,0.99,0.11654727297695233
0.5449833556492406,0.8231014885537522,0.2781181329045116,0.894848048834481,0.0,1,1.6653345369377348e-15,True,321,24,0.0,1.0,0.11654727297695233
0.8278719263997678,0.8683092666083337,0.04043734020856593,0.99,0.85,0,5.551115123125783e-16,False,322,8,0.85,0.99,0.04043734020856593
0.8244658606928973,0.9657242910829253,0.14125843039002806,1.0,0.0,0,3.3306690738754696e-16,False,322,8,0.0,1.0,0.04043734020856593
0.5368855503994285,0.627787046793302,0.09090149639387346,0.9043650140753079,0.99,1,1.354472090042691e-14,True,323,24,0.85,0.99,0.0908988968931489
0.5368855503994285,0.8372109590019687,0.3003254086025402,0.9043650135344665,0.0,1,1.887379141862766e-15,True,323,24,0.0,1.0,0.0908988968931489
0.4735953412634869,0.5625385692933235,0.08894322802983656,0.9068983825286544,0.99,1,1.2490009027033011e-14,True,324,24,0.85,0.99,0.08894054606803248
0.4735953412634868,0.8096516720981743,0.33605633083468756,0.9068983824040371,0.0,1,1.5543122344752192e-15,True,324,24,0.0,1.0,0.08894054606803248
0.46734153812741885,0.5691593932824485,0.10181785515502961,0.99,0.85,0,8.104628079763643e-15,False,325,16,0.85,0.99,0.10181785515502961
0.4616673478962305,0.8660144913804971,0.40434714348426665,1.0,0.0,0,1.8318679906315083e-15,False,325,16,0.0,1.0,0.10181785515502961
0.48733388649233356,0.6957214918850257,0.2083876053926922,0.8617660712895495,0.99,1,1.3877787807814457e-14,True,326,24,0.85,0.99,0.20838616394502707
0.48733388649233367,0.7714895937434281,0.2841557072510944,0.8617660712894079,0.0,1,1.6653345369377348e-15,True,326,24,0.0,1.0,0.20838616394502707
0.5551282186150647,0.6456930831667238,0.09056486455165913,0.99,0.85,0,9.2148511043888e-15,False,327,16,0.85,0.99,0.09056486455165913
0.549647557676737,0.8878934006161555,0.3382458429394185,1.0,0.0,0,1.887379141862766e-15,False,327,16,0.0,1.0,0.09056486455165913
0.6753071922214462,0.7480769658368709,0.0727697736154247,0.99,0.85,0,6.661338147750939e-16,False,328,8,0.85,0.99,0.0727697736154247
0.6691866699777808,0.9252727233061465,0.25608605332836576,1.0,0.0,0,5.551115123125783e-16,False,328,8,0.0,1.0,0.0727697736154247
0.808379292589489,0.8541572843194234,0.04577799172993435,0.99,0.85,0,6.661338147750939e-16,False,329,8,0.85,0.99,0.04577799172993435
0.8044840524112342,0.9605051940025399,0.15602114159130565,1.0,0.0,0,4.440892098500626e-16,False,329,8,0.0,1.0,0.04577799172993435
0.5036458322800931,0.7530783508512722,0.2494325185711791,0.85,0.99,0,1.4765966227514582e-14,False,330,24,0.85,0.99,0.2494325185711791
0.5033068486925482,0.8093982677009065,0.30609141900835835,0.8414185528974332,1.0,1,1.887379141862766e-15,True,330,24,0.0,1.0,0.2494325185711791
0.526521279537836,0.5852601471051835,0.058738867567347475,0.99,0.85,0,8.659739592076221e-15,False,331,16,0.85,0.99,0.058738867567347475
0.5262819229349142,0.8681685226933317,0.3418865997584175,0.9970794791653962,0.0,1,1.6653345369377348e-15,True,331,16,0.0,1.0,0.058738867567347475
0.6876042583071222,0.7677036904223542,0.08009943211523196,0.99,0.85,0,4.440892098500626e-16,False,332,8,0.85,0.99,0.08009943211523196
0.6806225037300139,0.930215382439538,0.24959287870952418,1.0,0.0,0,9.992007221626409e-16,False,332,8,0.0,1.0,0.08009943211523196
0.5289671654470802,0.6502648148437301,0.12129764939664989,0.8866737118047917,0.99,1,1.3322676295501878e-14,True,333,24,0.85,0.99,0.12129658727137616
0.5289671654470803,0.8239038611605132,0.29493669571343284,0.88667371180485,0.0,1,1.6653345369377348e-15,True,333,24,0.0,1.0,0.12129658727137616
0.5124797127078985,0.620461766295198,0.10798205358729951,0.9007196499787632,0.99,1,1.354472090042691e-14,True,334,24,0.85,0.99,0.10797997989610642
0.5124797127078984,0.8345478205344065,0.3220681078265081,0.9007196488975691,0.0,1,1.5543122344752192e-15,True,334,24,0.0,1.0,0.10797997989610642
0.7916379168670364,0.843203761081499,0.05156584421446253,0.99,0.85,0,7.771561172376096e-16,False,335,8,0.85,0.99,0.05156584421446253
0.7871333190321597,0.9525867191632673,0.16545340013110765,1.0,0.0,0,6.661338147750939e-16,False,335,8,0.0,1.0,0.05156584421446253
0.78815854883038,0.8418342316790519,0.05367568284867197,0.99,0.85,0,7.771561172376096e-16,False,336,8,0.85,0.99,0.05367568284867197
0.7835166969640082,0.9598367188972414,0.17632002193323326,1.0,0.0,0,4.440892098500626e-16,False,336,8,0.0,1.0,0.05367568284867197
0.8210810393352088,0.8638210745683521,0.04274003523314329,0.99,0.85,0,3.3306690738754696e-16,False,337,8,0.85,0.99,0.04274003523314329
0.8174675171428263,0.9653853641009267,0.1479178469581004,1.0,0.0,0,7.771561172376096e-16,False,337,8,0.0,1.0,0.04274003523314329
0.5258799784304873,0.5935489835412711,0.06766900511078378,0.915783119519115,0.99,1,1.3433698597964394e-14,True,338,24,0.85,0.99,0.06766738995426524
0.5258799784304873,0.8408832731748151,0.31500329474432787,0.9157831195191127,0.0,1,1.3322676295501878e-15,True,338,24,0.0,1.0,0.06766738995426524
0.5212257410006953,0.5985557953880359,0.07733005438734064,0.908043593509728,0.99,1,1.354472090042691e-14,True,339,24,0.85,0.99,0.07732808979786476
0.5212257410006955,0.824287317782778,0.30306157678208245,0.9080435899201058,0.0,1,1.2212453270876722e-15,True,339,24,0.0,1.0,0.07732808979786476
0.49725980023834015,0.6856257635570973,0.1883659633187571,0.8661138968301311,0.99,1,1.3211653993039363e-14,True,340,24,0.85,0.99,0.18836586089866159
0.49725980023834015,0.7847834427530345,0.2875236425146943,0.8661138983239287,0.0,1,1.9984014443252818e-15,True,340,24,0.0,1.0,0.18836586089866159
0.7333164436438377,0.8018587718913286,0.06854232824749085,0.99,0.85,0,7.771561172376096e-16,False,341,8,0.85,0.99,0.06854232824749085
0.7273339413267196,0.9463895451715442,0.2190556038448246,1.0,0.0,0,2.220446049250313e-16,False,341,8,0.0,1.0,0.06854232824749085
0.6993455545452228,0.7731380358359252,0.07379248129070237,0.99,0.85,0,5.551115123125783e-16,False,342,8,0.85,0.99,0.07379248129070237
0.6930007699162457,0.9371879368969009,0.24418716698065523,1.0,0.0,0,6.661338147750939e-16,False,342,8,0.0,1.0,0.07379248129070237
0.482031449578029,0.5450845504612192,0.06305310088319016,0.9205531081186807,0.99,1,1.2101430968414206e-14,True,343,24,0.85,0.99,0.06305061349435959
0.48203144957802885,0.830547212602087,0.3485157630240581,0.9205531081187361,0.0,1,1.5543122344752192e-15,True,343,24,0.0,1.0,0.06305061349435959
0.7749609198076324,0.8318795129045664,0.056918593096934034,0.99,0.85,0,5.551115123125783e-16,False,344,8,0.85,0.99,0.056918593096934034
0.7699938409001983,0.9513187359156321,0.1813248950154338,1.0,0.0,0,5.551115123125783e-16,False,344,8,0.0,1.0,0.056918593096934034
0.49251901198888715,0.5786266951630907,0.08610768317420359,0.9004920144159477,0.99,1,1.3100631690576847e-14,True,345,24,0.85,0.99,0.0861061895835275
0.49251901198888703,0.8029329926163042,0.3104139806274172,0.9004920136819963,0.0,1,1.5543122344752192e-15,True,345,24,0.0,1.0,0.0861061895835275
0.7545067191282886,0.8156143696002469,0.06110765047195832,0.99,0.85,0,4.440892098500626e-16,False,346,8,0.85,0.99,0.06110765047195832
0.7492170203431625,0.9455728481758849,0.19635582783272243,1.0,0.0,0,5.551115123125783e-16,False,346,8,0.0,1.0,0.06110765047195832
0.49486256833358166,0.708232790666667,0.21337022233308534,0.852119517236773,0.99,1,1.3378187446733136e-14,True,347,24,0.85,0.99,0.213369537546664
0.49486256833358166,0.7584308132929773,0.2635682449593957,0.8521195172363709,1.0,1,1.887379141862766e-15,True,347,24,0.0,1.0,0.213369537546664
0.4749181472277043,0.5002908658009511,0.025372718573246744,0.9378832685105768,0.85,1,7.438494264988549e-15,True,348,16,0.85,0.99,0.025372036543973464
0.4749181472277042,0.8259128626692502,0.35099471544154603,0.9378832696112701,0.0,1,1.5543122344752192e-15,True,348,16,0.0,1.0,0.025372036543973464
0.7032315618737373,0.7751256182214756,0.07189405634773838,0.99,0.85,0,5.551115123125783e-16,False,349,8,0.85,0.99,0.07189405634773838
0.6970851313355442,0.9343460724530741,0.23726094111752993,1.0,0.0,0,4.440892098500626e-16,False,349,8,0.0,1.0,0.07189405634773838
0.7631128326814719,0.8240608893226596,0.06094805664118774,0.99,0.85,0,4.440892098500626e-16,False,350,8,0.85,0.99,0.06094805664118774
0.7577775852683764,0.9485707948589517,0.19079320959057533,1.0,0.0,0,6.661338147750939e-16,False,350,8,0.0,1.0,0.06094805664118774
0.5032258010450307,0.6275692302375605,0.12434342919252983,0.8881721625493707,0.99,1,1.354472090042691e-14,True,351,24,0.85,0.99,0.12434135293369941
0.5032258010450308,0.7979194845004647,0.2946936834554339,0.8881721581852955,0.0,1,1.7763568394002505e-15,True,351,24,0.0,1.0,0.12434135293369941
0.8355156935881835,0.8813672223476795,0.04585152875949605,0.99,0.85,0,1.887379141862766e-15,False,352,8,0.85,0.99,0.04585152875949605
0.8313894257998042,0.9652555228317017,0.13386609703189745,1.0,0.0,0,6.661338147750939e-16,False,352,8,0.0,1.0,0.04585152875949605
0.6947023071189864,0.7685588478157057,0.07385654069671932,0.99,0.85,0,4.440892098500626e-16,False,353,8,0.85,0.99,0.07385654069671932
0.6883480542164822,0.930728930039679,0.2423808758231969,1.0,0.0,0,1.2212453270876722e-15,False,353,8,0.0,1.0,0.07385654069671932
0.6665068491768854,0.7411885353606559,0.07468168618377047,0.99,0.85,0,3.3306690738754696e-16,False,354,8,0.85,0.99,0.07468168618377047
0.6602553752589166,0.9261578113041001,0.2659024360451835,1.0,0.0,0,1.3322676295501878e-15,False,354,8,0.0,1.0,0.07468168618377047
0.49897176236368107,0.5477020287092873,0.04873026634560623,0.9282056219868589,0.99,1,1.2989609388114332e-14,True,355,24,0.85,0.99,0.04872783313998996
0.49897176236368124,0.8159969957517805,0.3170252333880993,0.9282056236285087,0.0,1,1.6653345369377348e-15,True,355,24,0.0,1.0,0.04872783313998996
0.7976795825606485,0.844461477688979,0.04678189512833042,0.99,0.85,0,1.3322676295501878e-15,False,356,8,0.85,0.99,0.04678189512833042
0.7937493075607055,0.9573234810445104,0.16357417348380487,1.0,0.0,0,9.992007221626409e-16,False,356,8,0.0,1.0,0.04678189512833042
0.7038381184007103,0.7697885154464861,0.06595039704577577,0.99,0.85,0,1.1102230246251565e-15,False,357,8,0.85,0.99,0.06595039704577577
0.6982640424564273,0.9243844497647071,0.22612040730827987,1.0,0.0,0,8.881784197001252e-16,False,357,8,0.0,1.0,0.06595039704577577
0.5506261222075006,0.619238872239746,0.06861275003224543,0.99,0.85,0,8.770761894538737e-15,False,358,16,0.85,0.99,0.06861275003224543
0.5489003484471312,0.8818597686001914,0.33295942015306024,1.0,0.0,0,1.3322676295501878e-15,False,358,16,0.0,1.0,0.06861275003224543
0.4582340408312117,0.6041236871180161,0.1458896462868044,0.8836958182417289,0.99,1,1.2490009027033011e-14,True,359,24,0.85,0.99,0.14588962698127783
0.45823404083121155,0.7989204979423519,0.3406864571111403,0.8836958181492967,0.0,1,1.4432899320127035e-15,True,359,24,0.0,1.0,0.14588962698127783
0.563473086712734,0.6438014765591608,0.08032838984642676,0.906374447458776,0.99,1,1.3766765505351941e-14,True,360,24,0.85,0.99,0.0803282892390692
0.563473086712734,0.8389611211036134,0.27548803439087943,0.9063744472440081,0.0,1,1.887379141862766e-15,True,360,24,0.0,1.0,0.0803282892390692
0.5182911848412707,0.6280421898530129,0.10975100501174218,0.99,0.85,0,8.881784197001252e-15,False,361,16,0.85,0.99,0.10975100501174218
0.5105012273946661,0.8882180082027153,0.37771678080804927,1.0,0.0,0,1.7763568394002505e-15,False,361,16,0.0,1.0,0.10975100501174218
0.5290390533224971,0.693735078561806,0.16469602523930893,0.8738966699065954,0.99,1,1.4099832412739488e-14,True,362,24,0.85,0.99,0.16469590691245328
0.5290390533224975,0.7933103227978526,0.2642712694753552,0.873896669730324,0.0,1,1.7763568394002505e-15,True,362,24,0.0,1.0,0.16469590691245328
0.8076039455956359,0.8570129978470005,0.049409052251364605,0.99,0.85,0,1.2212453270876722e-15,False,363,8,0.85,0.99,0.049409052251364605
0.8033238342239332,0.9607851900248938,0.15746135580096066,1.0,0.0,0,1.3322676295501878e-15,False,363,8,0.0,1.0,0.049409052251364605
0.4780153517386716,0.5864920696616135,0.10847671792294189,0.8974464594578145,0.99,1,1.2434497875801753e-14,True,364,24,0.85,0.99,0.10847669829134371
0.4780153517386718,0.7965668997522055,0.3185515480135337,0.897446458845752,0.0,1,1.5543122344752192e-15,True,364,24,0.0,1.0,0.10847669829134371
0.8411050488728636,0.8816138120906188,0.040508763217755206,0.99,0.85,0,9.992007221626409e-16,False,365,8,0.85,0.99,0.040508763217755206
0.8375993783963991,0.9679885830241086,0.13038920462770953,1.0,0.0,0,2.220446049250313e-15,False,365,8,0.0,1.0,0.040508763217755206
0.7158614766180001,0.7870761114661826,0.07121463484818247,0.99,0.85,0,5.551115123125783e-16,False,366,8,0.85,0.99,0.07121463484818247
0.7097422616262659,0.9431752127069264,0.23343295108066053,1.0,0.0,0,5.551115123125783e-16,False,366,8,0.0,1.0,0.07121463484818247
0.48987857375455984,0.6334622138828443,0.14358364012828445,0.99,0.85,0,8.548717289613705e-15,False,367,16,0.85,0.99,0.14358364012828445
0.47719885554934294,0.8969667474068281,0.4197678918574852,1.0,0.0,0,1.3322676295501878e-15,False,367,16,0.0,1.0,0.14358364012828445
0.5010878268467082,0.559150691467236,0.05806286462052779,0.9245477794301857,0.99,1,1.27675647831893e-14,True,368,24,0.85,0.99,0.05806110815859855
0.5010878268467082,0.8389575117595585,0.3378696849128503,0.924547779430251,0.0,1,1.6653345369377348e-15,True,368,24,0.0,1.0,0.05806110815859855
0.5297649352342798,0.6040682075725591,0.07430327233827927,0.9078994536432607,0.99,1,1.354472090042691e-14,True,369,24,0.85,0.99,0.07430223639272582
0.5297649352342797,0.8284754884336896,0.29871055319940987,0.9078994536432373,0.0,1,1.9984014443252818e-15,True,369,24,0.0,1.0,0.07430223639272582
0.4815059732879933,0.5947302067254929,0.1132242334374996,0.8859856609130411,0.99,1,1.2212453270876722e-14,True,370,24,0.85,0.99,0.11322384527882978
0.48150597328799327,0.7820087476901068,0.3005027744021135,0.885985660785438,0.0,1,1.9984014443252818e-15,True,370,24,0.0,1.0,0.11322384527882978
0.85868319845297,0.894062421072761,0.035379222619790984,0.99,0.85,0,1.3322676295501878e-15,False,371,8,0.85,0.99,0.035379222619790984
0.8556160979416862,0.9689254220818658,0.11330932414017958,1.0,0.0,0,5.551115123125783e-16,False,371,8,0.0,1.0,0.035379222619790984
0.5155217320430893,0.623220077133843,0.10769834509075371,0.8953113276452643,0.99,1,1.3877787807814457e-14,True,372,24,0.85,0.99,0.10769772011157308
0.5155217320430889,0.8251878838604865,0.30966615181739754,0.8953113276452417,0.0,1,1.5543122344752192e-15,True,372,24,0.0,1.0,0.10769772011157308
0.7511054113224618,0.814545929186751,0.06344051786428917,0.99,0.85,0,4.440892098500626e-16,False,373,8,0.85,0.99,0.06344051786428917
0.7455849418051228,0.9495086796944545,0.2039237378893317,1.0,0.0,0,8.881784197001252e-16,False,373,8,0.0,1.0,0.06344051786428917
0.5075797797389033,0.580942357833899,0.07336257809499569,0.9102337259063683,0.99,1,1.3211653993039363e-14,True,374,24,0.85,0.99,0.07336220437206276
0.5075797797389032,0.8196553227980212,0.312075543059118,0.9102337249889612,0.0,1,1.9984014443252818e-15,True,374,24,0.0,1.0,0.07336220437206276
0.7159256854073213,0.7882270472709333,0.07230136186361202,0.99,0.85,0,6.661338147750939e-16,False,375,8,0.85,0.99,0.07230136186361202
0.7096678767458846,0.9411110181684493,0.23144314142256472,1.0,0.0,0,1.6653345369377348e-15,False,375,8,0.0,1.0,0.07230136186361202
0.5040329605702772,0.6560559922675115,0.1520230316972343,0.8744580257852693,0.99,1,1.354472090042691e-14,True,376,24,0.85,0.99,0.15202143704468563
0.5040329605702772,0.7758587068745803,0.271825746304303,0.8744580257851624,0.0,1,1.7763568394002505e-15,True,376,24,0.0,1.0,0.15202143704468563
0.7182099739682339,0.7932962939031201,0.07508631993488613,0.99,0.85,0,5.551115123125783e-16,False,377,8,0.85,0.99,0.07508631993488613
0.7114739481912573,0.9345241379543386,0.22305018976308133,1.0,0.0,0,4.440892098500626e-16,False,377,8,0.0,1.0,0.07508631993488613
0.5381577175854326,0.5989994405257512,0.06084172294031853,0.99,0.85,0,8.770761894538737e-15,False,378,16,0.85,0.99,0.06084172294031853
0.5372441342128932,0.8631370546234551,0.32589292041056195,1.0,0.0,0,1.4432899320127035e-15,False,378,16,0.0,1.0,0.06084172294031853
0.49690563258133336,0.6292064506393046,0.13230081805797123,0.8918999899218112,0.99,1,1.3100631690576847e-14,True,379,24,0.85,0.99,0.13229832750779336
0.49690563258133313,0.8080607633728196,0.3111551307914865,0.8918999896945513,0.0,1,1.4432899320127035e-15,True,379,24,0.0,1.0,0.13229832750779336
0.7897447130199905,0.842081452675958,0.052336739655967524,0.99,0.85,0,3.3306690738754696e-16,False,380,8,0.85,0.99,0.052336739655967524
0.7852404428966133,0.9577548526172599,0.17251440972064658,1.0,0.0,0,9.992007221626409e-16,False,380,8,0.0,1.0,0.052336739655967524
0.799841843753514,0.850135952752032,0.05029410899851805,0.99,0.85,0,8.881784197001252e-16,False,381,8,0.85,0.99,0.05029410899851805
0.7955318571540785,0.961153883510151,0.16562202635607248,1.0,0.0,0,1.1102230246251565e-15,False,381,8,0.0,1.0,0.05029410899851805
0.44718284933145025,0.4768100791863132,0.029627229854862935,0.9519670352151339,0.85,1,6.827871601444713e-15,True,382,16,0.85,0.99,0.029626078790831012
0.44718284933145014,0.826249880316539,0.37906703098508887,0.9519670342801672,0.0,1,1.6653345369377348e-15,True,382,16,0.0,1.0,0.029626078790831012
0.5032004144797824,0.6761605904825052,0.17296017600272284,0.8621288469851919,0.99,1,1.432187701766452e-14,True,383,24,0.85,0.99,0.172959482595597
0.5032004144797824,0.805641166249129,0.3024407517693466,0.8621288469850716,0.0,1,1.9984014443252818e-15,True,383,24,0.0,1.0,0.172959482595597
0.4909746180914623,0.608748865620645,0.1177742475291827,0.99,0.85,0,8.659739592076221e-15,False,384,16,0.85,0.99,0.1177742475291827
0.4821056702828588,0.8863044236338028,0.404198753350944,1.0,0.0,0,1.887379141862766e-15,False,384,16,0.0,1.0,0.1177742475291827
0.49088753617899755,0.7309910973047042,0.2401035611257067,0.85,0.99,0,1.326716514427062e-14,False,385,24,0.85,0.99,0.2401035611257067
0.4904701826310352,0.784398740162183,0.2939285575311478,0.8403484162333799,1.0,1,1.5543122344752192e-15,True,385,24,0.0,1.0,0.2401035611257067
0.5396804892847408,0.6441743191953513,0.10449382991061051,0.8957142336189128,0.99,1,1.4210854715202004e-14,True,386,24,0.85,0.99,0.10449200433824468
0.5396804892847409,0.8336345108647476,0.2939540215800067,0.8957142336188971,0.0,1,1.9984014443252818e-15,True,386,24,0.0,1.0,0.10449200433824468
0.7226103024145327,0.7832683679702241,0.06065806555569142,0.99,0.85,0,4.440892098500626e-16,False,387,8,0.85,0.99,0.06065806555569142
0.7175810978105355,0.9397622082029575,0.22218111039242205,1.0,0.0,0,8.881784197001252e-16,False,387,8,0.0,1.0,0.06065806555569142
0.4630398070812798,0.5720102751900261,0.10897046810874633,0.8985255665779631,0.99,1,1.1879386363489175e-14,True,388,24,0.85,0.99,0.10897011482905788
0.4630398070812797,0.7893627320423031,0.32632292496102344,0.8985255665779663,0.0,1,1.4432899320127035e-15,True,388,24,0.0,1.0,0.10897011482905788
0.5522482515524858,0.6717873431574992,0.11953909160501341,0.99,0.85,0,9.2148511043888e-15,False,389,16,0.85,0.99,0.11953909160501341
0.5421373656026173,0.8930502907184055,0.3509129251157882,1.0,0.0,0,1.6653345369377348e-15,False,389,16,0.0,1.0,0.11953909160501341
0.49919785902767644,0.7255399220851192,0.22634206305744276,0.85,0.99,0,1.3988810110276972e-14,False,390,24,0.85,0.99,0.22634206305744276
0.4991790485283278,0.7889023995511737,0.2897233510228459,0.8480129213592549,0.0,1,1.4432899320127035e-15,True,390,24,0.0,1.0,0.22634206305744276
0.7578415069545135,0.8223821963514482,0.06454068939693469,0.99,0.85,0,6.661338147750939e-16,False,391,8,0.85,0.99,0.06454068939693469
0.7521137308382516,0.9497763390969706,0.19766260825871895,1.0,0.0,0,7.771561172376096e-16,False,391,8,0.0,1.0,0.06454068939693469
0.4751459701114653,0.5510606528394013,0.075914682727936,0.99,0.85,0,8.326672684688674e-15,False,392,16,0.85,0.99,0.075914682727936
0.47312635295130717,0.8618701252234948,0.38874377227218765,1.0,0.0,0,1.6653345369377348e-15,False,392,16,0.0,1.0,0.075914682727936
0.5750526975885863,0.6673862729308324,0.09233357534224607,0.99,0.85,0,9.2148511043888e-15,False,393,16,0.85,0.99,0.09233357534224607
0.5689950253568692,0.8933807937721766,0.3243857684153074,1.0,0.0,0,1.3322676295501878e-15,False,393,16,0.0,1.0,0.09233357534224607
0.5085165487632674,0.6645520969570453,0.15603554819377796,0.872746637375448,0.99,1,1.3655743202889425e-14,True,394,24,0.85,0.99,0.15603522155155836
0.5085165487632671,0.8023432545084743,0.2938267057452072,0.8727466370713116,0.0,1,1.4432899320127035e-15,True,394,24,0.0,1.0,0.15603522155155836
0.777619457607869,0.8375649148237072,0.059945457215838216,0.99,0.85,0,6.661338147750939e-16,False,395,8,0.85,0.99,0.059945457215838216
0.7722693781952222,0.9496203347134395,0.1773509565182173,1.0,0.0,0,7.771561172376096e-16,False,395,8,0.0,1.0,0.059945457215838216
0.41314995354948136,0.6263966272355943,0.21324667368611294,0.85,0.99,0,1.1657341758564144e-14,False,396,24,0.85,0.99,0.21324667368611294
0.4128404692861166,0.7294953177547803,0.31665484846866365,0.8416674780555239,0.0,1,1.7763568394002505e-15,True,396,24,0.0,1.0,0.21324667368611294
0.4640973715686001,0.5240668215042527,0.05996944993565256,0.9218620689952657,0.99,1,1.2045919817182948e-14,True,397,24,0.85,0.99,0.059966385124379684
0.46409737156859987,0.8245449602647575,0.3604475886961577,0.921862068995333,0.0,1,1.887379141862766e-15,True,397,24,0.0,1.0,0.059966385124379684
0.7813558805516525,0.839383975725038,0.058028095173385474,0.99,0.85,0,8.881784197001252e-16,False,398,8,0.85,0.99,0.058028095173385474
0.7762714505707626,0.9578833698453098,0.18161191927454712,1.0,0.0,0,7.771561172376096e-16,False,398,8,0.0,1.0,0.058028095173385474
0.5701054372378019,0.6354643756229513,0.06535893838514939,0.99,0.85,0,9.325873406851315e-15,False,399,16,0.85,0.99,0.06535893838514939
0.5680932031414544,0.8852844292345646,0.31719122609311023,1.0,0.0,0,1.4432899320127035e-15,False,399,16,0.0,1.0,0.06535893838514939
0.7443393413649311,0.8116766076151034,0.06733726625017233,0.99,0.85,0,6.661338147750939e-16,False,400,8,0.85,0.99,0.06733726625017233
0.7384768514809203,0.9519329521212139,0.21345610064029352,1.0,0.0,0,3.3306690738754696e-16,False,400,8,0.0,1.0,0.06733726625017233
0.5871645917520021,0.7207211288053004,0.13355653705329829,0.99,0.85,0,1.0103029524088925e-14,False,401,16,0.85,0.99,0.13355653705329829
0.574605370990952,0.928149213605203,0.353543842614251,1.0,0.0,0,1.5543122344752192e-15,False,401,16,0.0,1.0,0.13355653705329829
0.5553975495453104,0.6896436711857512,0.1342461216404408,0.8842234762721072,0.99,1,1.4432899320127035e-14,True,402,24,0.85,0.99,0.1342447986261962
0.5553975495453104,0.8275975561463109,0.2722000066010005,0.8842234761658297,0.0,1,1.887379141862766e-15,True,402,24,0.0,1.0,0.1342447986261962
0.4651559664654239,0.5312096186857064,0.06605365222028248,0.99,0.85,0,7.494005416219807e-15,False,403,16,0.85,0.99,0.06605365222028248
0.46410168407634955,0.8489124460347484,0.3848107619583988,1.0,0.0,0,1.4988010832439613e-15,False,403,16,0.0,1.0,0.06605365222028248
0.4666102911043025,0.5380214150988109,0.07141112399450833,0.99,0.85,0,7.549516567451064e-15,False,404,16,0.85,0.99,0.07141112399450833
0.46477266480504176,0.845001288255101,0.38022862345005926,1.0,0.0,0,1.6653345369377348e-15,False,404,16,0.0,1.0,0.07141112399450833
0.852527240920967,0.890370749546536,0.037843508625568956,0.99,0.85,0,6.661338147750939e-16,False,405,8,0.85,0.99,0.037843508625568956
0.8492604337729127,0.9725769778486513,0.12331654407573855,1.0,0.0,0,7.771561172376096e-16,False,405,8,0.0,1.0,0.037843508625568956
0.4893597562349743,0.5963696742483688,0.10700991801339454,0.8940671128937869,0.99,1,1.2989609388114332e-14,True,406,24,0.85,0.99,0.10700928595279002
0.4893597562349743,0.7913338822924416,0.3019741260574673,0.8940671123285576,0.0,1,1.7763568394002505e-15,True,406,24,0.0,1.0,0.10700928595279002
0.8123602266381087,0.8680998873033648,0.05573966066525615,0.99,0.85,0,6.661338147750939e-16,False,407,8,0.85,0.99,0.05573966066525615
0.8072819033812063,0.9644440718285362,0.1571621684473299,1.0,0.0,0,9.992007221626409e-16,False,407,8,0.0,1.0,0.05573966066525615
0.48385226154465694,0.5940001268465298,0.11014786530187287,0.99,0.85,0,8.548717289613705e-15,False,408,16,0.85,0.99,0.11014786530187287
0.47648647192011984,0.8813352678163194,0.4048487958961996,1.0,0.0,0,1.4432899320127035e-15,False,408,16,0.0,1.0,0.11014786530187287
0.7493281603329024,0.8108036938626515,0.061475533529749105,0.99,0.85,0,5.551115123125783e-16,False,409,8,0.85,0.99,0.061475533529749105
0.744035474071742,0.9437000763750305,0.19966460230328853,1.0,0.0,0,1.4432899320127035e-15,False,409,8,0.0,1.0,0.061475533529749105
0.7380765098963062,0.8035198167238898,0.06544330682758359,0.99,0.85,0,4.440892098500626e-16,False,410,8,0.85,0.99,0.06544330682758359
0.732409776945112,0.9454356592371975,0.21302588229208552,1.0,0.0,0,1.2212453270876722e-15,False,410,8,0.0,1.0,0.06544330682758359
0.5849468932977528,0.6882672959920355,0.10332040269428266,0.99,0.85,0,5.551115123125783e-16,False,411,8,0.85,0.99,0.10332040269428266
0.5759611935635786,0.9110663865723819,0.33510519300880337,1.0,0.0,0,1.4432899320127035e-15,False,411,8,0.0,1.0,0.10332040269428266
0.7916484265591964,0.8388123003127979,0.047163873753601426,0.99,0.85,0,8.881784197001252e-16,False,412,8,0.85,0.99,0.047163873753601426
0.7877133278789867,0.9568001673164501,0.1690868394374634,1.0,0.0,0,1.1102230246251565e-15,False,412,8,0.0,1.0,0.047163873753601426
0.7770667642133602,0.8366141418404791,0.059547377627118925,0.99,0.85,0,9.992007221626409e-16,False,413,8,0.85,0.99,0.059547377627118925
0.771797391838607,0.9526512658317399,0.1808538739931329,1.0,0.0,0,5.551115123125783e-16,False,413,8,0.0,1.0,0.059547377627118925
0.650694031012018,0.7341140280328897,0.08341999702087177,0.99,0.85,0,7.771561172376096e-16,False,414,8,0.85,0.99,0.08341999702087177
0.6435189120362083,0.9203635559283921,0.2768446438921839,1.0,0.0,0,1.7763568394002505e-15,False,414,8,0.0,1.0,0.08341999702087177
0.7387542933979672,0.8049204034476727,0.06616611004970552,0.99,0.85,0,8.881784197001252e-16,False,415,8,0.85,0.99,0.06616611004970552
0.7328044501559094,0.9365262327170498,0.20372178256114037,1.0,0.0,0,1.1102230246251565e-15,False,415,8,0.0,1.0,0.06616611004970552
0.5081391092514783,0.6280467003382257,0.11990759108674742,0.99,0.85,0,9.103828801926284e-15,False,416,16,0.85,0.99,0.11990759108674742
0.49852169242770394,0.8699155936961613,0.3713939012684574,1.0,0.0,0,1.5543122344752192e-15,False,416,16,0.0,1.0,0.11990759108674742
0.4850224467060709,0.6000066968326856,0.11498425012661467,0.99,0.85,0,8.215650382226158e-15,False,417,16,0.85,0.99,0.11498425012661467
0.4770950800369026,0.8613228368675068,0.3842277568306042,1.0,0.0,0,1.5543122344752192e-15,False,417,16,0.0,1.0,0.11498425012661467
0.5375163695170613,0.6466378361605214,0.10912146664346012,0.99,0.85,0,9.103828801926284e-15,False,418,16,0.85,0.99,0.10912146664346012
0.5292753550794911,0.8923246423457889,0.3630492872662978,1.0,0.0,0,1.4432899320127035e-15,False,418,16,0.0,1.0,0.10912146664346012
0.5731989996756086,0.6401496371692208,0.06695063749361219,0.99,0.85,0,9.2148511043888e-15,False,419,16,0.85,0.99,0.06695063749361219
0.5717881426777311,0.88728944791162,0.31550130523388886,1.0,0.0,0,1.7763568394002505e-15,False,419,16,0.0,1.0,0.06695063749361219
0.43622820765397047,0.6059583271291036,0.1697301194751331,0.8715615671706463,0.99,1,1.226796442210798e-14,True,420,24,0.85,0.99,0.1697295623355788
0.4362282076539705,0.7660762266607914,0.3298480190068209,0.8715615615024834,0.0,1,2.220446049250313e-15,True,420,24,0.0,1.0,0.1697295623355788
0.506773442067818,0.6325920595123788,0.1258186174445608,0.8789785060518955,0.99,1,1.3877787807814457e-14,True,421,24,0.85,0.99,0.12581833984160617
0.5067734420678183,0.8023588045434787,0.2955853624756605,0.8789785040025738,0.0,1,1.5543122344752192e-15,True,421,24,0.0,1.0,0.12581833984160617
0.7659982644906803,0.828075888536022,0.06207762404534167,0.99,0.85,0,5.551115123125783e-16,False,422,8,0.85,0.99,0.06207762404534167
0.7605317929662997,0.9515979312069838,0.19106613824068408,1.0,0.0,0,6.661338147750939e-16,False,422,8,0.0,1.0,0.06207762404534167
0.7025021765497346,0.7687391103340286,0.06623693378429407,0.99,0.85,0,8.881784197001252e-16,False,423,8,0.85,0.99,0.06623693378429407
0.6969109249280904,0.9273125349761503,0.23040161004805992,1.0,0.0,0,5.551115123125783e-16,False,423,8,0.0,1.0,0.06623693378429407
0.4477208784912018,0.5981582022294682,0.15043732373826646,0.99,0.85,0,8.104628079763643e-15,False,424,16,0.85,0.99,0.15043732373826646
0.43483011228161356,0.88837074764664,0.4535406353650265,1.0,0.0,0,1.6653345369377348e-15,False,424,16,0.0,1.0,0.15043732373826646
0.7373207058994108,0.8016854916999321,0.0643647858005213,0.99,0.85,0,4.440892098500626e-16,False,425,8,0.85,0.99,0.0643647858005213
0.7318418087223559,0.9493259229432001,0.21748411422084413,1.0,0.0,0,4.440892098500626e-16,False,425,8,0.0,1.0,0.0643647858005213
0.7068203260849492,0.7697346234524689,0.06291429736751974,0.99,0.85,0,1.2212453270876722e-15,False,426,8,0.85,0.99,0.06291429736751974
0.7016093663190686,0.9316533538544982,0.23004398753542965,1.0,0.0,0,4.440892098500626e-16,False,426,8,0.0,1.0,0.06291429736751974
0.4834378199834202,0.7352546922286052,0.25181687224518495,0.85,0.99,0,1.404432126150823e-14,False,427,24,0.85,0.99,0.25181687224518495
0.4808087437402523,0.7862828928892772,0.30547414914902493,0.8249372820298646,1.0,1,1.4432899320127035e-15,True,427,24,0.0,1.0,0.25181687224518495
0.7273440423102653,0.7965947857289533,0.06925074341868798,0.99,0.85,0,1.1102230246251565e-15,False,428,8,0.85,0.99,0.06925074341868798
0.7212853941760461,0.9423596524666638,0.22107425829061766,1.0,0.0,0,7.771561172376096e-16,False,428,8,0.0,1.0,0.06925074341868798
0.7153043580784855,0.785165166572811,0.06986080849432552,0.99,0.85,0,3.3306690738754696e-16,False,429,8,0.85,0.99,0.06986080849432552
0.7093194500945927,0.9421252145966256,0.23280576450203283,1.0,0.0,0,1.1102230246251565e-15,False,429,8,0.0,1.0,0.06986080849432552
0.5586489237691382,0.6585477988284905,0.09989887505935224,0.99,0.85,0,4.440892098500626e-16,False,430,8,0.85,0.99,0.09989887505935224
0.5502337138947075,0.9006756759709713,0.35044196207626377,1.0,0.0,0,6.661338147750939e-16,False,430,8,0.0,1.0,0.09989887505935224
0.4987686119829021,0.6827143287494769,0.18394571676657478,0.8648153249283854,0.99,1,1.4155343563970746e-14,True,431,24,0.85,0.99,0.18394554080864023
0.49876861198290234,0.7741167662792501,0.27534815429634774,0.8648153249284399,0.0,1,2.1094237467877974e-15,True,431,24,0.0,1.0,0.18394554080864023
0.5090161831294783,0.5706923743040214,0.06167619117454315,0.99,0.85,0,7.882583474838611e-15,False,432,16,0.85,0.99,0.06167619117454315
0.5086289315756147,0.8564414052935407,0.347812473717926,0.9989060585088139,0.0,1,1.6653345369377348e-15,True,432,16,0.0,1.0,0.06167619117454315
0.48084664259176657,0.6471627752185046,0.16631613262673806,0.8736306920629555,0.99,1,1.2490009027033011e-14,True,433,24,0.85,0.99,0.16631605027147506
0.48084664259176624,0.7833790825228201,0.30253243993105383,0.8736306917887525,0.0,1,1.5543122344752192e-15,True,433,24,0.0,1.0,0.16631605027147506
0.869292528568012,0.906001850079278,0.036709321511266046,0.99,0.85,0,9.992007221626409e-16,False,434,8,0.85,0.99,0.036709321511266046
0.8659897439255767,0.9740050095535796,0.1080152656280029,1.0,0.0,0,1.1102230246251565e-15,False,434,8,0.0,1.0,0.036709321511266046
0.5052768252113317,0.5842680039732279,0.07899117876189621,0.99,0.85,0,8.659739592076221e-15,False,435,16,0.85,0.99,0.07899117876189621
0.5020305968589217,0.8513273270575459,0.3492967301986242,1.0,0.0,0,1.5543122344752192e-15,False,435,16,0.0,1.0,0.07899117876189621
0.790708206194223,0.8419949648990996,0.051286758704876645,0.99,0.85,0,1.1102230246251565e-15,False,436,8,0.85,0.99,0.051286758704876645
0.7863178794415695,0.9565161969763044,0.1701983175347349,1.0,0.0,0,7.771561172376096e-16,False,436,8,0.0,1.0,0.051286758704876645
0.7693707970530868,0.8293570036515882,0.0599862065985014,0.99,0.85,0,4.440892098500626e-16,False,437,8,0.85,0.99,0.0599862065985014
0.7641122856613156,0.9547124475958284,0.1906001619345128,1.0,0.0,0,8.881784197001252e-16,False,437,8,0.0,1.0,0.0599862065985014
0.45976930850939185,0.6379528307788136,0.17818352226942175,0.8733753651753001,0.99,1,1.226796442210798e-14,True,438,24,0.85,0.99,0.17818267734316107
0.45976930850939196,0.7741194052872294,0.3143500967778375,0.8733753649885749,0.0,1,1.7763568394002505e-15,True,438,24,0.0,1.0,0.17818267734316107
0.8091128895190554,0.8561531122765287,0.04704022275747333,0.99,0.85,0,5.551115123125783e-16,False,439,8,0.85,0.99,0.04704022275747333
0.8050868291384939,0.9632971529621572,0.1582103238236633,1.0,0.0,0,7.771561172376096e-16,False,439,8,0.0,1.0,0.04704022275747333
0.8286811781884246,0.8739103872294601,0.045229209041035556,0.99,0.85,0,5.551115123125783e-16,False,440,8,0.85,0.99,0.045229209041035556
0.8247182016183525,0.9644976858045722,0.13977948418621966,1.0,0.0,0,1.1102230246251565e-15,False,440,8,0.0,1.0,0.045229209041035556
0.5029142492212295,0.6515644242978771,0.14865017507664757,0.8715387264694071,0.99,1,1.3433698597964394e-14,True,441,24,0.85,0.99,0.1486497350338415
0.5029142492212297,0.8011794916472676,0.2982652424260379,0.8715387303477415,0.0,1,1.6653345369377348e-15,True,441,24,0.0,1.0,0.1486497350338415
0.4687421395328164,0.7215706408448481,0.2528285013120317,0.85,0.99,0,1.3877787807814457e-14,False,442,24,0.85,0.99,0.2528285013120317
0.4681658116285188,0.7780674143740502,0.30990160274553147,0.838721407820203,1.0,1,1.5543122344752192e-15,True,442,24,0.0,1.0,0.2528285013120317
0.44628214654254883,0.6555563413105502,0.20927419476800135,0.8585280693715404,0.99,1,1.2434497875801753e-14,True,443,24,0.85,0.99,0.20927393416513906
0.4462821465425488,0.7488278827885828,0.30254573624603404,0.8585280693715225,0.0,1,1.6653345369377348e-15,True,443,24,0.0,1.0,0.20927393416513906
0.42486748274098707,0.5293235527412112,0.10445607000022417,0.9003795681363821,0.99,1,1.1102230246251565e-14,True,444,24,0.85,0.99,0.10445502353460018
0.42486748274098696,0.7864974961377624,0.3616300133967755,0.9003795673886764,0.0,1,1.6653345369377348e-15,True,444,24,0.0,1.0,0.10445502353460018
0.554254268497242,0.6838739940071766,0.1296197255099346,0.99,0.85,0,9.658940314238862e-15,False,445,16,0.85,0.99,0.1296197255099346
0.542449024452242,0.8992593223668923,0.35681029791465035,1.0,0.0,0,1.6653345369377348e-15,False,445,16,0.0,1.0,0.1296197255099346
0.49408931160894226,0.6858734863709023,0.19178417476196002,0.8567509726118558,0.99,1,1.4099832412739488e-14,True,446,24,0.85,0.99,0.19178294595505785
0.49408931160894204,0.7860998301275969,0.29201051851865484,0.8567509726120454,0.0,1,1.4432899320127035e-15,True,446,24,0.0,1.0,0.19178294595505785
0.7020725987984069,0.7702243396576487,0.0681517408592418,0.99,0.85,0,7.771561172376096e-16,False,447,8,0.85,0.99,0.0681517408592418
0.6963053284802627,0.9302055611527378,0.23390023267247506,1.0,0.0,0,1.1102230246251565e-15,False,447,8,0.0,1.0,0.0681517408592418
0.8173532486849189,0.8614215966219894,0.044068347937070484,0.99,0.85,0,8.881784197001252e-16,False,448,8,0.85,0.99,0.044068347937070484
0.8135614046362958,0.9601143283105407,0.14655292367424488,1.0,0.0,0,1.2212453270876722e-15,False,448,8,0.0,1.0,0.044068347937070484
0.5887774463552575,0.7034613049820151,0.11468385862675756,0.99,0.85,0,1.0436096431476471e-14,False,449,16,0.85,0.99,0.11468385862675756
0.5790264866841635,0.9195225523399975,0.340496065655834,1.0,0.0,0,1.887379141862766e-15,False,449,16,0.0,1.0,0.11468385862675756
0.7383192654839118,0.8066403046357955,0.0683210391518837,0.99,0.85,0,4.440892098500626e-16,False,450,8,0.85,0.99,0.0683210391518837
0.7323015755127176,0.9475911223469772,0.2152895468342596,1.0,0.0,0,4.440892098500626e-16,False,450,8,0.0,1.0,0.0683210391518837
0.5284345021201481,0.6547377219724849,0.12630321985233683,0.99,0.85,0,9.103828801926284e-15,False,451,16,0.85,0.99,0.12630321985233683
0.5180141354376798,0.9051755101611024,0.3871613747234226,1.0,0.0,0,2.1094237467877974e-15,False,451,16,0.0,1.0,0.12630321985233683
0.47621304929309327,0.5917471788207628,0.1155341295276695,0.8938895492024695,0.99,1,1.2934098236883074e-14,True,452,24,0.85,0.99,0.11553400054448437
0.47621304929309327,0.798894746054399,0.32268169676130576,0.8938895489005041,0.0,1,1.5543122344752192e-15,True,452,24,0.0,1.0,0.11553400054448437
0.46563803518343355,0.5890001226744059,0.12336208749097238,0.8964212050347412,0.99,1,1.27675647831893e-14,True,453,24,0.85,0.99,0.12336187161865514
0.46563803518343366,0.7987742760838841,0.3331362409004504,0.8964212042237143,0.0,1,1.9984014443252818e-15,True,453,24,0.0,1.0,0.12336187161865514
0.5032704403822393,0.6057299923687697,0.10245955198653034,0.99,0.85,0,8.881784197001252e-15,False,454,16,0.85,0.99,0.10245955198653034
0.49628557978928206,0.880089265696766,0.383803685907484,1.0,0.0,0,2.1094237467877974e-15,False,454,16,0.0,1.0,0.10245955198653034
0.8540818065192984,0.8947042820997846,0.04062247558048615,0.99,0.85,0,1.1102230246251565e-15,False,455,8,0.85,0.99,0.04062247558048615
0.8503831677133745,0.9670839274509486,0.1167007597375741,1.0,0.0,0,1.6653345369377348e-15,False,455,8,0.0,1.0,0.04062247558048615
0.503475510286971,0.5666137871760837,0.06313827688911267,0.99,0.85,0,7.882583474838611e-15,False,456,16,0.85,0.99,0.06313827688911267
0.5024199875884975,0.8666764445635942,0.3642564569750967,1.0,0.0,0,1.7763568394002505e-15,False,456,16,0.0,1.0,0.06313827688911267
0.7648548205504854,0.8161895911401476,0.05133477058966218,0.99,0.85,0,8.881784197001252e-16,False,457,8,0.85,0.99,0.05133477058966218
0.7605876711172945,0.9478566676244073,0.18726899650711282,1.0,0.0,0,1.5543122344752192e-15,False,457,8,0.0,1.0,0.05133477058966218
0.7645141920215746,0.8186859668548269,0.054171774833252306,0.99,0.85,0,7.771561172376096e-16,False,458,8,0.85,0.99,0.054171774833252306
0.7599281891753842,0.9460969591420711,0.18616876996668696,1.0,0.0,0,8.881784197001252e-16,False,458,8,0.0,1.0,0.054171774833252306
0.7908762144413017,0.8417960225561162,0.05091980811481445,0.99,0.85,0,7.771561172376096e-16,False,459,8,0.85,0.99,0.05091980811481445
0.7865271948273163,0.9568351670298804,0.1703079722025641,1.0,0.0,0,7.771561172376096e-16,False,459,8,0.0,1.0,0.05091980811481445
0.7313880657460108,0.7982522956076252,0.06686422986161444,0.99,0.85,0,9.992007221626409e-16,False,460,8,0.85,0.99,0.06686422986161444
0.7256250674927828,0.9416763479885455,0.21605128049576272,1.0,0.0,0,6.661338147750939e-16,False,460,8,0.0,1.0,0.06686422986161444
0.7252912358410646,0.794166459588304,0.06887522374723942,0.99,0.85,0,5.551115123125783e-16,False,461,8,0.85,0.99,0.06887522374723942
0.7193351479701493,0.9446907481626408,0.22535560019249146,1.0,0.0,0,7.771561172376096e-16,False,461,8,0.0,1.0,0.06887522374723942
0.5081366237701395,0.6042919924894384,0.09615536871929897,0.99,0.85,0,8.881784197001252e-15,False,462,16,0.85,0.99,0.09615536871929897
0.5031501913569563,0.8719345932170872,0.36878440186013095,1.0,0.0,0,1.7763568394002505e-15,False,462,16,0.0,1.0,0.09615536871929897
0.7417993207777207,0.8055554597190357,0.06375613894131504,0.99,0.85,0,1.2212453270876722e-15,False,463,8,0.85,0.99,0.06375613894131504
0.7362370045134039,0.9410287269237194,0.2047917224103155,1.0,0.0,0,6.661338147750939e-16,False,463,8,0.0,1.0,0.06375613894131504
0.5340936621774468,0.5911835362468718,0.057089874069425006,0.99,0.85,0,8.104628079763643e-15,False,464,16,0.85,0.99,0.057089874069425006
0.5340447913132095,0.8526126951739297,0.3185679038607202,0.993124739187708,0.0,1,1.4432899320127035e-15,True,464,16,0.0,1.0,0.057089874069425006
0.5643080303170962,0.6080773266384487,0.04376929632135251,0.8984733177672717,0.99,1,8.548717289613705e-15,True,465,16,0.85,0.99,0.04376902810807526
0.5643080303170963,0.8190346575908256,0.2547266272737293,0.8984733176873537,0.0,1,2.1094237467877974e-15,True,465,16,0.0,1.0,0.04376902810807526
0.7471662860464331,0.8055355027664696,0.058369216720036476,0.99,0.85,0,1.4432899320127035e-15,False,466,8,0.85,0.99,0.058369216720036476
0.7422583930162586,0.9493644209825349,0.2071060279662763,1.0,0.0,0,7.771561172376096e-16,False,466,8,0.0,1.0,0.058369216720036476
0.7389816299787835,0.8001750076257409,0.061193377646957425,0.99,0.85,0,3.3306690738754696e-16,False,467,8,0.85,0.99,0.061193377646957425
0.7337892238847775,0.9424154656837629,0.20862624179898537,1.0,0.0,0,1.6653345369377348e-15,False,467,8,0.0,1.0,0.061193377646957425
0.768524958056162,0.8290903443153995,0.060565386259237464,0.99,0.85,0,6.661338147750939e-16,False,468,8,0.85,0.99,0.060565386259237464
0.763197278212618,0.9517519710531054,0.18855469284048743,1.0,0.0,0,8.881784197001252e-16,False,468,8,0.0,1.0,0.060565386259237464
0.7784399196173588,0.8307420892736401,0.05230216965628132,0.99,0.85,0,4.440892098500626e-16,False,469,8,0.85,0.99,0.05230216965628132
0.7739794243740081,0.9484705812606886,0.1744911568866805,1.0,0.0,0,9.992007221626409e-16,False,469,8,0.0,1.0,0.05230216965628132
0.5116426937905726,0.6409323247214256,0.129289630930853,0.8901355115460546,0.99,1,1.3655743202889425e-14,True,470,24,0.85,0.99,0.12928950943400697
0.5116426937905726,0.8106503123848602,0.2990076185942876,0.8901355114907687,0.0,1,1.6653345369377348e-15,True,470,24,0.0,1.0,0.12928950943400697
0.7971068440299015,0.8488799468227617,0.05177310279286018,0.99,0.85,0,4.440892098500626e-16,False,471,8,0.85,0.99,0.05177310279286018
0.7925627135411603,0.951113495842529,0.15855078230136876,1.0,0.0,0,4.440892098500626e-16,False,471,8,0.0,1.0,0.05177310279286018
0.7165651990252956,0.785126687054399,0.06856148802910345,0.99,0.85,0,5.551115123125783e-16,False,472,8,0.85,0.99,0.06856148802910345
0.710718424491039,0.9432344892166528,0.2325160647256138,1.0,0.0,0,5.551115123125783e-16,False,472,8,0.0,1.0,0.06856148802910345
0.5612858762670531,0.6347507443942688,0.07346486812721575,0.99,0.85,0,8.992806499463768e-15,False,473,16,0.85,0.99,0.07346486812721575
0.5579726934695844,0.880445703276759,0.3224730098071745,1.0,0.0,0,1.5543122344752192e-15,False,473,16,0.0,1.0,0.07346486812721575
0.519066330740797,0.6484597602859823,0.1293934295451853,0.99,0.85,0,9.103828801926284e-15,False,474,16,0.85,0.99,0.1293934295451853
0.5083510871177485,0.8928055377638694,0.38445445064612094,1.0,0.0,0,1.4432899320127035e-15,False,474,16,0.0,1.0,0.1293934295451853
0.7670068763253616,0.8232878912122641,0.056281014886902514,0.99,0.85,0,1.2212453270876722e-15,False,475,8,0.85,0.99,0.056281014886902514
0.7622238324230985,0.9530804733570417,0.19085664093394317,1.0,0.0,0,1.1102230246251565e-15,False,475,8,0.0,1.0,0.056281014886902514
0.48726207523836285,0.6197525136621149,0.13249043842375208,0.8880515972078586,0.99,1,1.3156142841808105e-14,True,476,24,0.85,0.99,0.13248846110514856
0.4872620752383629,0.8046861216366997,0.3174240463983368,0.8880515968975512,0.0,1,1.7763568394002505e-15,True,476,24,0.0,1.0,0.13248846110514856
0.45983935560308353,0.6000592351899655,0.14021987958688198,0.99,0.85,0,8.215650382226158e-15,False,477,16,0.85,0.99,0.14021987958688198
0.4485079507488504,0.877628569427745,0.4291206186788946,1.0,0.0,0,1.6653345369377348e-15,False,477,16,0.0,1.0,0.14021987958688198
0.537025671443877,0.6314441949289447,0.09441852348506763,0.8953538097782804,0.99,1,1.3655743202889425e-14,True,478,24,0.85,0.99,0.0944177843162115
0.5370256714438769,0.8375438805932278,0.3005182091493509,0.895353809498451,0.0,1,1.3322676295501878e-15,True,478,24,0.0,1.0,0.0944177843162115
0.5009487611395989,0.5821747356593036,0.0812259745197047,0.99,0.85,0,8.548717289613705e-15,False,479,16,0.85,0.99,0.0812259745197047
0.4973809833807903,0.8633835380655378,0.3660025546847475,1.0,0.0,0,1.4432899320127035e-15,False,479,16,0.0,1.0,0.0812259745197047
0.5834486230426166,0.6360331579462493,0.052584534903632685,0.99,0.85,0,9.103828801926284e-15,False,480,16,0.85,0.99,0.052584534903632685
0.5833291818976157,0.8707578516465797,0.28742866974896397,0.9951608677269137,0.0,1,1.6653345369377348e-15,True,480,16,0.0,1.0,0.052584534903632685
0.48715932351378377,0.6129850070592571,0.1258256835454733,0.99,0.85,0,8.770761894538737e-15,False,481,16,0.85,0.99,0.1258256835454733
0.47751969560631485,0.901869982203739,0.4243502865974242,1.0,0.0,0,1.7763568394002505e-15,False,481,16,0.0,1.0,0.1258256835454733
0.49546844582776517,0.5388614179772433,0.043392972149478126,0.9724056618715371,0.85,1,7.827072323607354e-15,True,482,16,0.85,0.99,0.04339292963591451
0.4954684458277654,0.8318798575747894,0.33641141174702405,0.9724056612836792,0.0,1,1.9984014443252818e-15,True,482,16,0.0,1.0,0.04339292963591451
0.534980981870408,0.6007858385683217,0.0658048566979137,0.99,0.85,0,8.881784197001252e-15,False,483,16,0.85,0.99,0.0658048566979137
0.533439292796115,0.8631890516784557,0.3297497588823407,1.0,0.0,0,1.5543122344752192e-15,False,483,16,0.0,1.0,0.0658048566979137
0.5062824302729498,0.6050159676197642,0.09873353734681434,0.9056577392504882,0.99,1,1.3766765505351941e-14,True,484,24,0.85,0.99,0.09873084008899491
0.5062824302729498,0.823726322787229,0.3174438925142792,0.9056577385414489,0.0,1,1.9984014443252818e-15,True,484,24,0.0,1.0,0.09873084008899491
0.8332304161831328,0.8775003696315447,0.04426995344841189,0.99,0.85,0,4.440892098500626e-16,False,485,8,0.85,0.99,0.04426995344841189
0.8293586416049913,0.9683245168785011,0.1389658752735098,1.0,0.0,0,5.551115123125783e-16,False,485,8,0.0,1.0,0.04426995344841189
0.468419881866208,0.5613040422017935,0.09288416033558555,0.9025361450809742,0.99,1,1.1879386363489175e-14,True,486,24,0.85,0.99,0.09288415129835365
0.4684198818662081,0.7999103574671448,0.3314904756009367,0.9025361465783739,0.0,1,1.5543122344752192e-15,True,486,24,0.0,1.0,0.09288415129835365
0.532435959447117,0.6820877339854232,0.14965177453830625,0.8785137289101931,0.99,1,1.3655743202889425e-14,True,487,24,0.85,0.99,0.149651452329423
0.5324359594471169,0.814181586066978,0.28174562661986113,0.878513729353971,0.0,1,1.7763568394002505e-15,True,487,24,0.0,1.0,0.149651452329423
0.5120812792109649,0.6771604871786049,0.16507920796763997,0.8729212573118694,0.99,1,1.3655743202889425e-14,True,488,24,0.85,0.99,0.1650781845656485
0.512081279210965,0.8184100211533184,0.3063287419423534,0.8729212554531429,0.0,1,1.887379141862766e-15,True,488,24,0.0,1.0,0.1650781845656485
0.5051287982647181,0.6073181963161597,0.10218939805144156,0.8955066394052406,0.99,1,1.2989609388114332e-14,True,489,24,0.85,0.99,0.10218782057576703
0.5051287982647181,0.7906332970382098,0.2855044987734917,0.8955066394052179,0.0,1,1.5543122344752192e-15,True,489,24,0.0,1.0,0.10218782057576703
0.4860951652508246,0.5780927114685663,0.09199754621774175,0.99,0.85,0,7.882583474838611e-15,False,490,16,0.85,0.99,0.09199754621774175
0.48190075633351825,0.8693164785226406,0.38741572218912235,1.0,0.0,0,1.7763568394002505e-15,False,490,16,0.0,1.0,0.09199754621774175
0.8000010562040426,0.8513831917078803,0.051382135503837745,0.99,0.85,0,1.5543122344752192e-15,False,491,8,0.85,0.99,0.051382135503837745
0.7955292985636303,0.9602968456304213,0.16476754706679098,1.0,0.0,0,1.3322676295501878e-15,False,491,8,0.0,1.0,0.051382135503837745
0.7459371638059213,0.8030290954992059,0.057091931693284526,0.99,0.85,0,5.551115123125783e-16,False,492,8,0.85,0.99,0.057091931693284526
0.7411625190386972,0.9454867532023579,0.20432423416366063,1.0,0.0,0,6.661338147750939e-16,False,492,8,0.0,1.0,0.057091931693284526
0.5388517843050011,0.5982057780563843,0.05935399375138317,0.9649741993046888,0.85,1,1.3988810110276972e-14,True,493,24,0.85,0.99,0.059353987764592
0.5388517843050011,0.8639654195631166,0.32511363525811543,0.9649741999232071,0.0,1,1.7763568394002505e-15,True,493,24,0.0,1.0,0.059353987764592
0.5833599157718543,0.707415069537924,0.12405515376606968,0.8722842455300217,0.99,1,1.509903313490213e-14,True,494,24,0.85,0.99,0.12405494609730461
0.5833599157718544,0.824595186725056,0.24123527095320163,0.8722842455299624,0.0,1,1.6653345369377348e-15,True,494,24,0.0,1.0,0.12405494609730461
0.4974261140699673,0.6639835345438332,0.1665574204738659,0.8815908172695547,0.99,1,1.3211653993039363e-14,True,495,24,0.85,0.99,0.1665566552419599
0.4974261140699672,0.8039416747547237,0.3065155606847565,0.8815908175811316,0.0,1,1.6653345369377348e-15,True,495,24,0.0,1.0,0.1665566552419599
0.7739709565859547,0.8351528038097955,0.06118184722384079,0.99,0.85,0,5.551115123125783e-16,False,496,8,0.85,0.99,0.06118184722384079
0.7684668107323208,0.9507800324331406,0.18231322170081976,1.0,0.0,0,4.440892098500626e-16,False,496,8,0.0,1.0,0.06118184722384079
0.5096731385489739,0.6753490659253334,0.1656759273763595,0.870315701398113,0.99,1,1.354472090042691e-14,True,497,24,0.85,0.99,0.1656753975002102
0.5096731385489739,0.7902223675856597,0.2805492290366858,0.8703157009124298,0.0,1,2.1094237467877974e-15,True,497,24,0.0,1.0,0.1656753975002102
0.5476407762284947,0.5895325264481369,0.0418917502196422,0.9761276382302229,0.85,1,8.326672684688674e-15,True,498,16,0.85,0.99,0.04189168562144041
0.5476407762284945,0.8581664989834599,0.31052572275496537,0.9761276383559025,0.0,1,1.5543122344752192e-15,True,498,16,0.0,1.0,0.04189168562144041
0.47228090926016786,0.701301418916501,0.22902050965633314,0.85,0.99,0,1.3433698597964394e-14,False,499,24,0.85,0.99,0.22902050965633314
0.47181729889289903,0.7508424328224987,0.2790251339295997,0.8398133429997814,1.0,1,1.9984014443252818e-15,True,499,24,0.0,1.0,0.22902050965633314
0.47528442962935874,0.7107905045121096,0.23550607488275083,0.8541051779592901,0.99,1,1.3322676295501878e-14,True,500,24,0.85,0.99,0.23550542619608283
0.4752844296293587,0.7681768665058262,0.2928924368764675,0.85410517795927,1.0,1,1.4432899320127035e-15,True,500,24,0.0,1.0,0.23550542619608283
0.7715103063101614,0.8323053525639164,0.06079504625375498,0.99,0.85,0,5.551115123125783e-16,False,501,8,0.85,0.99,0.06079504625375498
0.7660995243227283,0.9499745190758131,0.18387499475308478,1.0,0.0,0,1.2212453270876722e-15,False,501,8,0.0,1.0,0.06079504625375498
0.4889065489188003,0.5895026547711917,0.10059610585239137,0.9020713176078325,0.99,1,1.2878587085651816e-14,True,502,24,0.85,0.99,0.10059479606778876
0.48890654891880053,0.8061587775425045,0.317252228623704,0.9020713166420611,0.0,1,1.4432899320127035e-15,True,502,24,0.0,1.0,0.10059479606778876
0.4637658407375243,0.6989414010704279,0.2351755603329036,0.85,0.99,0,1.3433698597964394e-14,False,503,24,0.85,0.99,0.2351755603329036
0.4636470587865032,0.7535294148293586,0.28988235604285545,0.8450304061632969,0.0,1,1.7763568394002505e-15,True,503,24,0.0,1.0,0.2351755603329036
0.4751450976641501,0.5745597837759724,0.0994146861118223,0.99,0.85,0,7.93809462606987e-15,False,504,16,0.85,0.99,0.0994146861118223
0.4695230696501061,0.8544585875488719,0.38493551789876584,1.0,0.0,0,1.7208456881689926e-15,False,504,16,0.0,1.0,0.0994146861118223
0.5394846192818656,0.6117419059814999,0.07225728669963427,0.99,0.85,0,8.770761894538737e-15,False,505,16,0.85,0.99,0.07225728669963427
0.5376949369904935,0.8739873592232816,0.3362924222327881,1.0,0.0,0,1.7763568394002505e-15,False,505,16,0.0,1.0,0.07225728669963427
0.618808961383772,0.7064070516813068,0.08759809029753485,0.99,0.85,0,4.440892098500626e-16,False,506,8,0.85,0.99,0.08759809029753485
0.6113765223489243,0.9140351278255201,0.30265860547659584,1.0,0.0,0,4.440892098500626e-16,False,506,8,0.0,1.0,0.08759809029753485
0.48016301209995443,0.5640372061221668,0.08387419402221236,0.99,0.85,0,7.93809462606987e-15,False,507,16,0.85,0.99,0.08387419402221236
0.47699165154870293,0.8620130993320492,0.38502144778334624,1.0,0.0,0,2.220446049250313e-15,False,507,16,0.0,1.0,0.08387419402221236
0.5213142058816488,0.6289054708895748,0.10759126500792604,0.9007078552978425,0.99,1,1.3433698597964394e-14,True,508,24,0.85,0.99,0.10758911827748374
0.5213142058816489,0.8352810714905575,0.31396686560890863,0.9007078552978622,0.0,1,1.9984014443252818e-15,True,508,24,0.0,1.0,0.10758911827748374
0.49792201131775093,0.5580759146803753,0.060153903362624384,0.9238335878833049,0.99,1,1.3100631690576847e-14,True,509,24,0.85,0.99,0.0601538435524267
0.49792201131775093,0.8308353567366261,0.3329133454188752,0.9238335931033989,0.0,1,1.7763568394002505e-15,True,509,24,0.0,1.0,0.0601538435524267
0.8497830394335801,0.8869989964946363,0.03721595706105618,0.99,0.85,0,4.440892098500626e-16,False,510,8,0.85,0.99,0.03721595706105618
0.8464933862525339,0.9611757303741565,0.11468234412162259,1.0,0.0,0,4.440892098500626e-16,False,510,8,0.0,1.0,0.03721595706105618
0.5292149177109424,0.650339012213151,0.12112409450220862,0.99,0.85,0,9.325873406851315e-15,False,511,16,0.85,0.99,0.12112409450220862
0.5197476589959146,0.9023699277229236,0.382622268727009,1.0,0.0,0,1.4432899320127035e-15,False,511,16,0.0,1.0,0.12112409450220862
0.464731567415973,0.5819320750231722,0.11720050760719924,0.99,0.85,0,8.104628079763643e-15,False,512,16,0.85,0.99,0.11720050760719924
0.4562520015486691,0.8567593485902992,0.40050734704163016,1.0,0.0,0,1.5543122344752192e-15,False,512,16,0.0,1.0,0.11720050760719924
0.5247794772654545,0.6689856269987299,0.1442061497332754,0.8795220562139526,0.99,1,1.432187701766452e-14,True,513,24,0.85,0.99,0.14420482873217666
0.5247794772654544,0.8121700748785109,0.2873905976130565,0.8795220541123332,0.0,1,1.6653345369377348e-15,True,513,24,0.0,1.0,0.14420482873217666
0.5327195688511324,0.7637097417235992,0.23099017287246681,0.85,0.99,0,1.5210055437364645e-14,False,514,24,0.85,0.99,0.23099017287246681
0.5321779307875799,0.8141288038776029,0.281950873090023,0.8388180231112896,1.0,1,1.6653345369377348e-15,True,514,24,0.0,1.0,0.23099017287246681
0.4537722405592899,0.6398128239638694,0.18604058340457952,0.8690312821152181,0.99,1,1.226796442210798e-14,True,515,24,0.85,0.99,0.18604013107386513
0.4537722405592901,0.7503487256869856,0.2965764851276955,0.8690312764844675,0.0,1,1.4432899320127035e-15,True,515,24,0.0,1.0,0.18604013107386513
0.4871033094030747,0.5763927713416864,0.0892894619386117,0.99,0.85,0,8.326672684688674e-15,False,516,16,0.85,0.99,0.0892894619386117
0.48287018352912014,0.8546360913579507,0.37176590782883057,1.0,0.0,0,1.6653345369377348e-15,False,516,16,0.0,1.0,0.0892894619386117
0.5986666562737836,0.69387655243159,0.0952098961578064,0.99,0.85,0,9.992007221626409e-15,False,517,16,0.85,0.99,0.0952098961578064
0.5917225798911189,0.9122017265983724,0.3204791467072535,1.0,0.0,0,2.1094237467877974e-15,False,517,16,0.0,1.0,0.0952098961578064
0.525877411978256,0.6442571359580491,0.11837972397979313,0.99,0.85,0,9.103828801926284e-15,False,518,16,0.85,0.99,0.11837972397979313
0.5169194101361246,0.8901941657928434,0.37327475565671875,1.0,0.0,0,2.1094237467877974e-15,False,518,16,0.0,1.0,0.11837972397979313
0.5561929306152327,0.6623313927722922,0.10613846215705958,0.99,0.85,0,9.325873406851315e-15,False,519,16,0.85,0.99,0.10613846215705958
0.5484722269894453,0.8991054105176398,0.3506331835281945,1.0,0.0,0,1.5543122344752192e-15,False,519,16,0.0,1.0,0.10613846215705958
0.523787951132137,0.6734722850945081,0.14968433396237102,0.8735645395545204,0.99,1,1.3433698597964394e-14,True,520,24,0.85,0.99,0.14968415144711145
0.523787951132137,0.8013764818751502,0.27758853074301315,0.8735645394944073,0.0,1,1.6653345369377348e-15,True,520,24,0.0,1.0,0.14968415144711145
0.5002201295022919,0.6962696972982253,0.1960495677959334,0.8650173690446145,0.99,1,1.3211653993039363e-14,True,521,24,0.85,0.99,0.19604956621302316
0.5002201295022919,0.7541756091691535,0.2539554796668616,0.8650173690446847,0.0,1,1.5543122344752192e-15,True,521,24,0.0,1.0,0.19604956621302316
0.5249251962663949,0.6549102461769105,0.12998504991051563,0.99,0.85,0,9.325873406851315e-15,False,522,16,0.85,0.99,0.12998504991051563
0.5139835646950278,0.88886182462213,0.3748782599271022,1.0,0.0,0,1.2212453270876722e-15,False,522,16,0.0,1.0,0.12998504991051563
0.5300196561132293,0.717077127805555,0.18705747169232567,0.8592260652353222,0.99,1,1.4654943925052066e-14,True,523,24,0.85,0.99,0.18705636959852168
0.5300196561132294,0.7964888436713643,0.26646918755813487,0.8592260598261018,0.0,1,1.7763568394002505e-15,True,523,24,0.0,1.0,0.18705636959852168
0.4677049641415508,0.5742771439904442,0.10657217984889333,0.99,0.85,0,7.93809462606987e-15,False,524,16,0.85,0.99,0.10657217984889333
0.4613858357539229,0.8703589923183056,0.4089731565643827,1.0,0.0,0,1.5543122344752192e-15,False,524,16,0.0,1.0,0.10657217984889333
0.5011831591074265,0.6001619868387487,0.09897882773132216,0.99,0.85,0,9.103828801926284e-15,False,525,16,0.85,0.99,0.09897882773132216
0.49511829876068825,0.8766235984456285,0.3815052996849403,1.0,0.0,0,1.4432899320127035e-15,False,525,16,0.0,1.0,0.09897882773132216
0.5018797649257667,0.6185540078464216,0.11667424292065487,0.99,0.85,0,8.326672684688674e-15,False,526,16,0.85,0.99,0.11667424292065487
0.4934425297327893,0.8832980775006838,0.3898555477678945,1.0,0.0,0,1.5543122344752192e-15,False,526,16,0.0,1.0,0.11667424292065487
0.8542342397789513,0.8955485906548841,0.041314350875932826,0.99,0.85,0,4.440892098500626e-16,False,527,8,0.85,0.99,0.041314350875932826
0.8504883054041097,0.971106774753939,0.12061846934982934,1.0,0.0,0,5.551115123125783e-16,False,527,8,0.0,1.0,0.041314350875932826
0.5223418806165064,0.6341483697318779,0.1118064891153715,0.99,0.85,0,8.770761894538737e-15,False,528,16,0.85,0.99,0.1118064891153715
0.5144572418287141,0.8859764764748557,0.37151923464614156,1.0,0.0,0,2.4424906541753444e-15,False,528,16,0.0,1.0,0.1118064891153715
0.5548788297132887,0.6797007398317748,0.12482191011848609,0.99,0.85,0,9.992007221626409e-15,False,529,16,0.85,0.99,0.12482191011848609
0.5438567893812425,0.9039561898320948,0.3600994004508523,1.0,0.0,0,1.5543122344752192e-15,False,529,16,0.0,1.0,0.12482191011848609
0.7097582904209009,0.7845353085591451,0.07477701813824422,0.99,0.85,0,5.551115123125783e-16,False,530,8,0.85,0.99,0.07477701813824422
0.703233462034271,0.9392906260490609,0.23605716401478993,1.0,0.0,0,7.771561172376096e-16,False,530,8,0.0,1.0,0.07477701813824422
0.7325222874295327,0.7937807835191693,0.061258496089636516,0.99,0.85,0,5.551115123125783e-16,False,531,8,0.85,0.99,0.061258496089636516
0.7273360729316134,0.94038154462431,0.2130454716926966,1.0,0.0,0,1.3322676295501878e-15,False,531,8,0.0,1.0,0.061258496089636516
0.5102766944364245,0.5620290730525606,0.05175237861613602,0.9247958424941222,0.99,1,1.2989609388114332e-14,True,532,24,0.85,0.99,0.05175205108723324
0.5102766944364243,0.8406978069050981,0.3304211124686738,0.9247958424941867,0.0,1,1.9984014443252818e-15,True,532,24,0.0,1.0,0.05175205108723324
0.5048144026319589,0.6044679691216899,0.099653566489731,0.8972971997539452,0.99,1,1.3433698597964394e-14,True,533,24,0.85,0.99,0.0996533010693289
0.5048144026319588,0.8125364941756126,0.3077220915436538,0.8972971987329381,0.0,1,1.6653345369377348e-15,True,533,24,0.0,1.0,0.0996533010693289
0.806334951967652,0.8531242999287053,0.046789347961053274,0.99,0.85,0,7.771561172376096e-16,False,534,8,0.85,0.99,0.046789347961053274
0.80231564266362,0.9578282037173679,0.1555125610537479,1.0,0.0,0,9.992007221626409e-16,False,534,8,0.0,1.0,0.046789347961053274
0.49736743535559325,0.5823741814683512,0.08500674611275794,0.9053512467670397,0.99,1,1.3322676295501878e-14,True,535,24,0.85,0.99,0.08500590339844538
0.49736743535559313,0.8187008416055463,0.3213334062499532,0.9053512462904882,0.0,1,1.7763568394002505e-15,True,535,24,0.0,1.0,0.08500590339844538
0.7887347067646189,0.8448044552641233,0.05606974849950441,0.99,0.85,0,4.440892098500626e-16,False,536,8,0.85,0.99,0.05606974849950441
0.7838093948395762,0.9575584856683105,0.17374909082873424,1.0,0.0,0,1.2212453270876722e-15,False,536,8,0.0,1.0,0.05606974849950441
0.564065744169332,0.6032567809414275,0.03919103677209557,0.9776083764864701,0.85,1,8.881784197001252e-15,True,537,16,0.85,0.99,0.03919099121258274
0.5640657441693321,0.8619457474606383,0.29788000329130626,0.9776083764864814,0.0,1,1.9984014443252818e-15,True,537,16,0.0,1.0,0.03919099121258274
0.7701895789998499,0.8259978633890833,0.055808284389233465,0.99,0.85,0,5.551115123125783e-16,False,538,8,0.85,0.99,0.055808284389233465
0.7653918880631764,0.9503752969058786,0.18498340884270226,1.0,0.0,0,1.1102230246251565e-15,False,538,8,0.0,1.0,0.055808284389233465
0.8277555009758184,0.870709252439604,0.04295375146378555,0.99,0.85,0,6.661338147750939e-16,False,539,8,0.85,0.99,0.04295375146378555
0.8240632545028167,0.965328409938677,0.14126515543586027,1.0,0.0,0,1.7763568394002505e-15,False,539,8,0.0,1.0,0.04295375146378555
0.46203211048808773,0.6788308359336693,0.2167987254455816,0.85,0.99,0,1.354472090042691e-14,False,540,24,0.85,0.99,0.2167987254455816
0.4620320793270248,0.7571948674671862,0.29516278814016145,0.8499188280918303,0.0,1,1.887379141862766e-15,True,540,24,0.0,1.0,0.2167987254455816
0.5141485488853959,0.657201426155415,0.14305287727001914,0.8793813826779737,0.99,1,1.3766765505351941e-14,True,541,24,0.85,0.99,0.14305064197268613
0.5141485488853959,0.8147881899285063,0.3006396410431105,0.8793813806123896,0.0,1,1.1102230246251565e-15,True,541,24,0.0,1.0,0.14305064197268613
0.5285095714917245,0.6099846262818489,0.0814750547901244,0.99,0.85,0,8.326672684688674e-15,False,542,16,0.85,0.99,0.0814750547901244
0.5249700307169978,0.8774299282961927,0.35245989757919494,1.0,0.0,0,1.2212453270876722e-15,False,542,16,0.0,1.0,0.0814750547901244
0.553978982063341,0.6650549380764559,0.11107595601311493,0.99,0.85,0,9.880984919163893e-15,False,543,16,0.85,0.99,0.11107595601311493
0.5453606093003376,0.8996456081587505,0.3542849988584129,1.0,0.0,0,1.4432899320127035e-15,False,543,16,0.0,1.0,0.11107595601311493
0.7902023371615514,0.848319371485373,0.05811703432382154,0.99,0.85,0,9.992007221626409e-16,False,544,8,0.85,0.99,0.05811703432382154
0.7849131157456515,0.9533172048601739,0.16840408911452243,1.0,0.0,0,1.5543122344752192e-15,False,544,8,0.0,1.0,0.05811703432382154
0.5333032355236195,0.6944008202443249,0.16109758472070546,0.876848049587631,0.99,1,1.3988810110276972e-14,True,545,24,0.85,0.99,0.1610954716166978
0.5333032355236196,0.8215599348485421,0.2882566993249225,0.8768480495875309,0.0,1,1.3322676295501878e-15,True,545,24,0.0,1.0,0.1610954716166978
0.6995813935091806,0.7744278088143803,0.07484641530519975,0.99,0.85,0,4.440892098500626e-16,False,546,8,0.85,0.99,0.07484641530519975
0.6931113220417287,0.9313670748136784,0.23825575277194977,1.0,0.0,0,7.771561172376096e-16,False,546,8,0.0,1.0,0.07484641530519975
0.7091128601922303,0.7812878547309599,0.07217499453872955,0.99,0.85,0,4.440892098500626e-16,False,547,8,0.85,0.99,0.07217499453872955
0.7028264834875813,0.9298088969778628,0.2269824134902816,1.0,0.0,0,1.5543122344752192e-15,False,547,8,0.0,1.0,0.07217499453872955
0.47262659557189834,0.6064926796329055,0.1338660840610072,0.99,0.85,0,8.493206138382448e-15,False,548,16,0.85,0.99,0.1338660840610072
0.46210525944584446,0.8902818727283283,0.4281766132824838,1.0,0.0,0,1.6653345369377348e-15,False,548,16,0.0,1.0,0.1338660840610072
0.4888925333702582,0.7015383167922116,0.2126457834219534,0.8616304142115494,0.99,1,1.3600232051658168e-14,True,549,24,0.85,0.99,0.21264499418990018
0.48889253337025806,0.7773859710796633,0.2884934377094053,0.8616304142114068,0.0,1,1.7763568394002505e-15,True,549,24,0.0,1.0,0.21264499418990018
0.4890939212373973,0.6936920745563762,0.20459815331897885,0.8590805665834713,0.99,1,1.4210854715202004e-14,True,550,24,0.85,0.99,0.20459760376032488
0.48909392123739737,0.7622620445381201,0.2731681233007227,0.8590805714886167,0.0,1,1.3322676295501878e-15,True,550,24,0.0,1.0,0.20459760376032488
0.5230418531991041,0.6596668023717308,0.1366249491726267,0.99,0.85,0,9.547918011776346e-15,False,551,16,0.85,0.99,0.1366249491726267
0.5109287525842462,0.8950380200323067,0.3841092674480605,1.0,0.0,0,1.6653345369377348e-15,False,551,16,0.0,1.0,0.1366249491726267
0.5214443475285306,0.6349287619610321,0.11348441443250146,0.99,0.85,0,8.548717289613705e-15,False,552,16,0.85,0.99,0.11348441443250146
0.5128540181669295,0.8921553250718044,0.37930130690487485,1.0,0.0,0,1.5543122344752192e-15,False,552,16,0.0,1.0,0.11348441443250146
0.573149529874786,0.6222869959557604,0.04913746608097447,0.99,0.85,0,8.659739592076221e-15,False,553,16,0.85,0.99,0.04913746608097447
0.5731477080127839,0.8573317072698522,0.2841839992570683,0.9906413306988973,0.0,1,1.3322676295501878e-15,True,553,16,0.0,1.0,0.04913746608097447
0.44935386160933166,0.5461985684171079,0.09684470680777624,0.99,0.85,0,7.827072323607354e-15,False,554,16,0.85,0.99,0.09684470680777624
0.44505224996960524,0.8636147070953588,0.4185624571257536,1.0,0.0,0,1.7763568394002505e-15,False,554,16,0.0,1.0,0.09684470680777624
0.6799694096349089,0.7544431230076881,0.0744737133727792,0.99,0.85,0,9.992007221626409e-16,False,555,8,0.85,0.99,0.0744737133727792
0.6736945106523341,0.9305891591039396,0.2568946484516055,1.0,0.0,0,5.551115123125783e-16,False,555,8,0.0,1.0,0.0744737133727792
0.8156547431391252,0.8657445834399331,0.050089840300807875,0.99,0.85,0,7.771561172376096e-16,False,556,8,0.85,0.99,0.050089840300807875
0.8112616644661181,0.968054375756758,0.15679271129063987,1.0,0.0,0,1.1102230246251565e-15,False,556,8,0.0,1.0,0.050089840300807875
0.6997453501019306,0.7695233659209209,0.06977801581899024,0.99,0.85,0,5.551115123125783e-16,False,557,8,0.85,0.99,0.06977801581899024
0.6938244870558833,0.9324975463579478,0.2386730593020645,1.0,0.0,0,1.6653345369377348e-15,False,557,8,0.0,1.0,0.06977801581899024
0.7558190024207578,0.8162107221984654,0.06039171977770752,0.99,0.85,0,4.440892098500626e-16,False,558,8,0.85,0.99,0.06039171977770752
0.750625980647058,0.949433852111,0.19880787146394197,1.0,0.0,0,4.440892098500626e-16,False,558,8,0.0,1.0,0.06039171977770752
0.8200946672727808,0.8630198424299524,0.04292517515717165,0.99,0.85,0,9.992007221626409e-16,False,559,8,0.85,0.99,0.04292517515717165
0.8164075703297113,0.9599754768250865,0.1435679064953752,1.0,0.0,0,1.3322676295501878e-15,False,559,8,0.0,1.0,0.04292517515717165
0.776121415947066,0.8339417496057067,0.0578203336586407,0.99,0.85,0,6.661338147750939e-16,False,560,8,0.85,0.99,0.0578203336586407
0.7710431136168134,0.9518186512253495,0.18077553760853604,1.0,0.0,0,1.2212453270876722e-15,False,560,8,0.0,1.0,0.0578203336586407
0.6534124843981153,0.7332973151849643,0.07988483078684905,0.99,0.85,0,8.881784197001252e-16,False,561,8,0.85,0.99,0.07988483078684905
0.6466863687988169,0.9272109624905374,0.28052459369172045,1.0,0.0,0,9.992007221626409e-16,False,561,8,0.0,1.0,0.07988483078684905
0.7998387195713044,0.846234637297585,0.0463959177262806,0.99,0.85,0,4.440892098500626e-16,False,562,8,0.85,0.99,0.0463959177262806
0.7959469419878058,0.9591304221418073,0.16318348015400153,1.0,0.0,0,6.661338147750939e-16,False,562,8,0.0,1.0,0.0463959177262806
0.5768876266710186,0.7012216856247439,0.12433405895372529,0.99,0.85,0,9.880984919163893e-15,False,563,16,0.85,0.99,0.12433405895372529
0.5660279683421525,0.9174368736711209,0.3514089053289684,1.0,0.0,0,1.4432899320127035e-15,False,563,16,0.0,1.0,0.12433405895372529
0.488052836924276,0.651453998190973,0.16340116126669707,0.8789721234072393,0.99,1,1.354472090042691e-14,True,564,24,0.85,0.99,0.16340084483650774
0.4880528369242759,0.811463581415779,0.3234107444915031,0.8789721237793149,0.0,1,1.6653345369377348e-15,True,564,24,0.0,1.0,0.16340084483650774
0.7434621522263318,0.7980495524070574,0.05458740018072561,0.99,0.85,0,5.551115123125783e-16,False,565,8,0.85,0.99,0.05458740018072561
0.7389412753664202,0.9404198107218825,0.20147853535546234,1.0,0.0,0,6.661338147750939e-16,False,565,8,0.0,1.0,0.05458740018072561
0.7206307308868675,0.7843919662001454,0.06376123531327793,0.99,0.85,0,5.551115123125783e-16,False,566,8,0.85,0.99,0.06376123531327793
0.7152877984209012,0.9414399908453737,0.2261521924244725,1.0,0.0,0,8.881784197001252e-16,False,566,8,0.0,1.0,0.06376123531327793
0.5169328323235447,0.5786476268688046,0.061714794545259855,0.99,0.85,0,8.104628079763643e-15,False,567,16,0.85,0.99,0.061714794545259855
0.5161098242161015,0.8537761253939554,0.3376663011778539,1.0,0.0,0,1.5543122344752192e-15,False,567,16,0.0,1.0,0.061714794545259855
0.7064078321679312,0.7835347187418945,0.07712688657396327,0.99,0.85,0,9.992007221626409e-16,False,568,8,0.85,0.99,0.07712688657396327
0.699619626256273,0.9374738404288321,0.23785421417255903,1.0,0.0,0,6.661338147750939e-16,False,568,8,0.0,1.0,0.07712688657396327
0.5372371490680221,0.5716750348811099,0.03443788581308782,0.9354547631274496,0.85,1,1.354472090042691e-14,True,569,24,0.85,0.99,0.03443628965564083
0.537237149068022,0.8636359587741633,0.3263988097061413,0.9354547631273546,0.0,1,1.5543122344752192e-15,True,569,24,0.0,1.0,0.03443628965564083
0.7831119936038713,0.8342715748465873,0.051159581242716023,0.99,0.85,0,4.440892098500626e-16,False,570,8,0.85,0.99,0.051159581242716023
0.7787600224730056,0.9524346579661805,0.17367463549317497,1.0,0.0,0,6.661338147750939e-16,False,570,8,0.0,1.0,0.051159581242716023
0.5021409917856776,0.6083600841849092,0.10621909239923155,0.8953984279010696,0.99,1,1.3655743202889425e-14,True,571,24,0.85,0.99,0.1062180754410198
0.5021409917856773,0.8132563257954388,0.31111533400976155,0.8953984279010462,0.0,1,1.5543122344752192e-15,True,571,24,0.0,1.0,0.1062180754410198
0.5188391683177064,0.5742268541947722,0.05538768587706577,0.9252205203674196,0.99,1,1.3655743202889425e-14,True,572,24,0.85,0.99,0.05538728500940282
0.5188391683177062,0.8302310668413182,0.31139189852361204,0.925220520367484,0.0,1,1.4432899320127035e-15,True,572,24,0.0,1.0,0.05538728500940282
0.8259125400091334,0.8688998136504432,0.04298727364130983,0.99,0.85,0,1.2212453270876722e-15,False,573,8,0.85,0.99,0.04298727364130983
0.822197205683881,0.9616036535731819,0.1394064478893009,1.0,0.0,0,1.1102230246251565e-15,False,573,8,0.0,1.0,0.04298727364130983
0.7450345387378801,0.8112520069739139,0.0662174682360338,0.99,0.85,0,9.992007221626409e-16,False,574,8,0.85,0.99,0.0662174682360338
0.7392245270615856,0.9452418588020646,0.20601733174047898,1.0,0.0,0,5.551115123125783e-16,False,574,8,0.0,1.0,0.0662174682360338
0.49070457513979615,0.5252521273999107,0.03454755226011452,0.9342021913696644,0.85,1,1.2656542480726785e-14,True,575,24,0.85,0.99,0.034545964369720294
0.4907045751397962,0.8427134515245531,0.3520088763847569,0.9342021928875984,0.0,1,1.6653345369377348e-15,True,575,24,0.0,1.0,0.034545964369720294
0.49913299636937847,0.7167400712820726,0.21760707491269415,0.85,0.99,0,1.454392162258955e-14,False,576,24,0.85,0.99,0.21760707491269415
0.49911215767656086,0.766703230866693,0.26759107319013214,0.847858529059232,1.0,1,1.3322676295501878e-15,True,576,24,0.0,1.0,0.21760707491269415
0.5106573685599863,0.5671340496826274,0.05647668112264104,0.9243373146852201,0.99,1,1.3211653993039363e-14,True,577,24,0.85,0.99,0.05647386638377361
0.5106573685599862,0.8356855351386671,0.32502816657868083,0.9243373197342877,0.0,1,1.887379141862766e-15,True,577,24,0.0,1.0,0.05647386638377361
0.5037718612246698,0.6719087884080911,0.16813692718342133,0.8641968547377319,0.99,1,1.3433698597964394e-14,True,578,24,0.85,0.99,0.1681359396424168
0.5037718612246701,0.785495980990652,0.2817241197659819,0.8641968547377541,0.0,1,1.4432899320127035e-15,True,578,24,0.0,1.0,0.1681359396424168
0.53107845733382,0.5761985899850722,0.045120132651252254,0.9297794888550424,0.99,1,1.3655743202889425e-14,True,579,24,0.85,0.99,0.04511973492881438
0.5310784573338199,0.8425406415091052,0.3114621841752854,0.9297794888550268,0.0,1,1.4432899320127035e-15,True,579,24,0.0,1.0,0.04511973492881438
0.49651501128276676,0.6169195501356719,0.12040453885290514,0.99,0.85,0,8.992806499463768e-15,False,580,16,0.85,0.99,0.12040453885290514
0.48755704454367854,0.8851575868786001,0.3976005423349216,1.0,0.0,0,1.6653345369377348e-15,False,580,16,0.0,1.0,0.12040453885290514
0.5267573374353167,0.6617834570007753,0.13502611956545862,0.8784094540418946,0.99,1,1.4099832412739488e-14,True,581,24,0.85,0.99,0.1350255004785309
0.5267573374353168,0.7896989209294358,0.262941583494119,0.8784094540418272,0.0,1,1.3322676295501878e-15,True,581,24,0.0,1.0,0.1350255004785309
0.6516482150818874,0.7270846707610679,0.07543645567918045,0.99,0.85,0,5.551115123125783e-16,False,582,8,0.85,0.99,0.07543645567918045
0.6454080260322227,0.9243063531435534,0.27889832711133067,1.0,0.0,0,1.2212453270876722e-15,False,582,8,0.0,1.0,0.07543645567918045
0.49331796903589026,0.6522210232678409,0.15890305423195067,0.8743013591598828,0.99,1,1.3711254354120683e-14,True,583,24,0.85,0.99,0.1589013208029299
0.49331796903589037,0.7937723504227472,0.3004543813868568,0.8743013590959101,0.0,1,1.6653345369377348e-15,True,583,24,0.0,1.0,0.1589013208029299
0.8681658152500411,0.9043672030292691,0.03620138777922799,0.99,0.85,0,1.3322676295501878e-15,False,584,8,0.85,0.99,0.03620138777922799
0.8649632478743149,0.9761456732310779,0.11118242535676304,1.0,0.0,0,8.881784197001252e-16,False,584,8,0.0,1.0,0.03620138777922799
0.7816440303417239,0.8385258048506099,0.056881774508885985,0.99,0.85,0,5.551115123125783e-16,False,585,8,0.85,0.99,0.056881774508885985
0.776664128636618,0.9546506897818694,0.17798656114525135,1.0,0.0,0,7.771561172376096e-16,False,585,8,0.0,1.0,0.056881774508885985
0.5132225097802664,0.6677779644438799,0.15455545466361353,0.8706407168001425,0.99,1,1.3877787807814457e-14,True,586,24,0.85,0.99,0.15455347725327961
0.5132225097802663,0.8127660500870486,0.2995435403067823,0.8706407168001744,0.0,1,1.5543122344752192e-15,True,586,24,0.0,1.0,0.15455347725327961
0.6416685864091031,0.7260863658994536,0.08441777949035056,0.99,0.85,0,7.771561172376096e-16,False,587,8,0.85,0.99,0.08441777949035056
0.6344592633298061,0.9214958558130811,0.28703659248327507,1.0,0.0,0,1.5543122344752192e-15,False,587,8,0.0,1.0,0.08441777949035056
0.4906849954020459,0.701573532270434,0.21088853686838804,0.8526178569552173,0.99,1,1.3711254354120683e-14,True,588,24,0.85,0.99,0.21088847164388996
0.4906849954020458,0.7576180041006673,0.26693300869862147,0.8526178568700079,0.0,1,1.4432899320127035e-15,True,588,24,0.0,1.0,0.21088847164388996
0.40585474309981084,0.5708592627326401,0.16500451963282925,0.8718158397320408,0.99,1,1.1102230246251565e-14,True,589,24,0.85,0.99,0.16500265858048418
0.40585474309981096,0.760792490041729,0.35493774694191804,0.8718158395670594,0.0,1,1.5543122344752192e-15,True,589,24,0.0,1.0,0.16500265858048418
0.48662807973479005,0.587645268384366,0.10101718864957598,0.99,0.85,0,8.215650382226158e-15,False,590,16,0.85,0.99,0.10101718864957598
0.48062076625297834,0.8681590332547746,0.3875382670017963,1.0,0.0,0,1.1102230246251565e-15,False,590,16,0.0,1.0,0.10101718864957598
0.49631276670681723,0.6273059356336554,0.1309931689268382,0.8838807292721673,0.99,1,1.3322676295501878e-14,True,591,24,0.85,0.99,0.13099306580593617
0.49631276670681734,0.813902764487486,0.31758999778066865,0.8838807291736726,0.0,1,1.5543122344752192e-15,True,591,24,0.0,1.0,0.13099306580593617
0.5432141385605185,0.6203090763273149,0.07709493776679643,0.99,0.85,0,8.992806499463768e-15,False,592,16,0.85,0.99,0.07709493776679643
0.5396729070666393,0.8773308146749328,0.3376579076082935,1.0,0.0,0,2.220446049250313e-15,False,592,16,0.0,1.0,0.07709493776679643
0.4774689297347141,0.575289838120296,0.09782090838558188,0.9053725962895557,0.99,1,1.2378986724570495e-14,True,593,24,0.85,0.99,0.0978198498411681
0.477468929734714,0.8187275982974578,0.3412586685627438,0.9053725957045631,0.0,1,1.7763568394002505e-15,True,593,24,0.0,1.0,0.0978198498411681
0.7459828906582219,0.8053340080252545,0.05935111736703258,0.99,0.85,0,4.440892098500626e-16,False,594,8,0.85,0.99,0.05935111736703258
0.7409788122732092,0.9482889940520747,0.2073101817788655,1.0,0.0,0,1.3322676295501878e-15,False,594,8,0.0,1.0,0.05935111736703258
0.5773795301023483,0.7058789276502798,0.1284993975479315,0.99,0.85,0,9.992007221626409e-15,False,595,16,0.85,0.99,0.1284993975479315
0.5656429191597356,0.9173314651182702,0.3516885459585346,1.0,0.0,0,1.887379141862766e-15,False,595,16,0.0,1.0,0.1284993975479315
0.7236983317523313,0.7982003395226716,0.07450200777034022,0.99,0.85,0,5.551115123125783e-16,False,596,8,0.85,0.99,0.07450200777034022
0.7171136243378551,0.9459812794192584,0.22886765508140328,1.0,0.0,0,7.771561172376096e-16,False,596,8,0.0,1.0,0.07450200777034022
0.5083713878692759,0.7089165133550054,0.20054512548572945,0.8601475092589843,0.99,1,1.3655743202889425e-14,True,597,24,0.85,0.99,0.2005450139838455
0.5083713878692759,0.7836020487704636,0.27523066090118764,0.8601475092588335,0.0,1,1.7763568394002505e-15,True,597,24,0.0,1.0,0.2005450139838455
0.48749332989106997,0.5348037209559917,0.04731039106492174,0.9291079126457787,0.99,1,1.2434497875801753e-14,True,598,24,0.85,0.99,0.04730930973689462
0.48749332989106997,0.8362668804618585,0.3487735505707885,0.9291079102593826,0.0,1,1.6653345369377348e-15,True,598,24,0.0,1.0,0.04730930973689462
0.7871737566067625,0.8428644486742496,0.05569069206748711,0.99,0.85,0,5.551115123125783e-16,False,599,8,0.85,0.99,0.05569069206748711
0.7822634531736663,0.956380513010417,0.17411705983675074,1.0,0.0,0,1.1102230246251565e-15,False,599,8,0.0,1.0,0.05569069206748711
0.5042241894158737,0.6221181143645955,0.11789392494872186,0.99,0.85,0,8.548717289613705e-15,False,600,16,0.85,0.99,0.11789392494872186
0.4953960083717136,0.8973263236043406,0.401930315232627,1.0,0.0,0,1.887379141862766e-15,False,600,16,0.0,1.0,0.11789392494872186
0.5266711330573041,0.6669657046686868,0.1402945716113827,0.8799893881237322,0.99,1,1.432187701766452e-14,True,601,24,0.85,0.99,0.14029457097819187
0.5266711330573041,0.7993391608982943,0.2726680278409902,0.8799893868090135,0.0,1,1.2212453270876722e-15,True,601,24,0.0,1.0,0.14029457097819187
0.5181012427627019,0.6025229356317068,0.08442169286900492,0.9058373615161179,0.99,1,1.354472090042691e-14,True,602,24,0.85,0.99,0.08442053742028621
0.5181012427627019,0.8147469757024043,0.2966457329397024,0.9058373612421459,0.0,1,1.7763568394002505e-15,True,602,24,0.0,1.0,0.08442053742028621
0.5013646067794415,0.7197477225947839,0.21838311581534242,0.8553627712550654,0.99,1,1.3655743202889425e-14,True,603,24,0.85,0.99,0.21838244125264905
0.5013646067794414,0.785542394834517,0.28417778805507565,0.8553627712552769,0.0,1,1.5543122344752192e-15,True,603,24,0.0,1.0,0.21838244125264905
0.7320724419919681,0.7972910241958947,0.06521858220392662,0.99,0.85,0,8.881784197001252e-16,False,604,8,0.85,0.99,0.06521858220392662
0.726495523506438,0.9422208559234904,0.21572533241705238,1.0,0.0,0,9.992007221626409e-16,False,604,8,0.0,1.0,0.06521858220392662
0.663668114991295,0.7403962292022102,0.07672811421091519,0.99,0.85,0,5.551115123125783e-16,False,605,8,0.85,0.99,0.07672811421091519
0.6572697088341706,0.9335811065375164,0.2763113977033458,1.0,0.0,0,7.771561172376096e-16,False,605,8,0.0,1.0,0.07672811421091519
0.5762629124507916,0.639685325591128,0.06342241314033636,0.99,0.85,0,8.881784197001252e-15,False,606,16,0.85,0.99,0.06342241314033636
0.5741234292477824,0.8808660215017727,0.30674259225399036,1.0,0.0,0,1.7763568394002505e-15,False,606,16,0.0,1.0,0.06342241314033636
0.6223060514728247,0.7180489383840991,0.09574288691127442,0.99,0.85,0,1.0769163338864018e-14,False,607,16,0.85,0.99,0.09574288691127442
0.6146533200270359,0.9138863889631896,0.29923306893615376,1.0,0.0,0,1.7763568394002505e-15,False,607,16,0.0,1.0,0.09574288691127442
0.5264437831920652,0.6409806420868307,0.1145368588947655,0.8896344029391435,0.99,1,1.3988810110276972e-14,True,608,24,0.85,0.99,0.11453605667834255
0.5264437831920652,0.8116456909325532,0.28520190774048804,0.8896344029391443,0.0,1,1.6653345369377348e-15,True,608,24,0.0,1.0,0.11453605667834255
0.5900616230295276,0.6986412034967232,0.10857958046719562,0.99,0.85,0,9.325873406851315e-15,False,609,16,0.85,0.99,0.10857958046719562
0.581387536720454,0.9152962354127565,0.33390869869230255,1.0,0.0,0,2.6645352591003757e-15,False,609,16,0.0,1.0,0.10857958046719562
0.5235425608596558,0.6294956780430557,0.10595311718339995,0.99,0.85,0,8.548717289613705e-15,False,610,16,0.85,0.99,0.10595311718339995
0.5165875856028488,0.8818507978125443,0.3652632122096955,1.0,0.0,0,1.5543122344752192e-15,False,610,16,0.0,1.0,0.10595311718339995
0.412360483022871,0.5223900306623495,0.11002954763947848,0.99,0.85,0,7.049916206369744e-15,False,611,16,0.85,0.99,0.11002954763947848
0.4061659562870268,0.8542520265374935,0.44808607025046676,1.0,0.0,0,1.5543122344752192e-15,False,611,16,0.0,1.0,0.11002954763947848
0.7728734796284152,0.8257369041515648,0.052863424523149516,0.99,0.85,0,5.551115123125783e-16,False,612,8,0.85,0.99,0.052863424523149516
0.7683981154408493,0.9488883270374564,0.18049021159660705,1.0,0.0,0,5.551115123125783e-16,False,612,8,0.0,1.0,0.052863424523149516
0.4091881982490817,0.5416385840974077,0.13245038584832602,0.99,0.85,0,7.494005416219807e-15,False,613,16,0.85,0.99,0.13245038584832602
0.4000305384992835,0.8753927998971245,0.475362261397841,1.0,0.0,0,1.4432899320127035e-15,False,613,16,0.0,1.0,0.13245038584832602
0.5928342399178159,0.6326425588886533,0.039808318970837364,0.9812564708487164,0.85,1,9.547918011776346e-15,True,614,16,0.85,0.99,0.03980831881092306
0.5928342399178158,0.8762977960922133,0.28346355617439745,0.9812564716543073,0.0,1,1.6653345369377348e-15,True,614,16,0.0,1.0,0.03980831881092306
0.5043834240065144,0.6239802718068364,0.11959684780032198,0.99,0.85,0,9.103828801926284e-15,False,615,16,0.85,0.99,0.11959684780032198
0.49508236547020906,0.8826887445767959,0.38760637910658685,1.0,0.0,0,1.6653345369377348e-15,False,615,16,0.0,1.0,0.11959684780032198
0.5349955332683853,0.6273442723417476,0.09234873907336227,0.9028022196389806,0.99,1,1.3988810110276972e-14,True,616,24,0.85,0.99,0.09234812360215794
0.5349955332683851,0.8323291289648471,0.297333595696462,0.9028022188874771,0.0,1,1.7763568394002505e-15,True,616,24,0.0,1.0,0.09234812360215794
0.5506976568916366,0.6442961227129695,0.09359846582133291,0.9018072420430157,0.99,1,1.4765966227514582e-14,True,617,24,0.85,0.99,0.09359640249460688
0.5506976568916365,0.8452327703287998,0.2945351134371633,0.9018072411442587,0.0,1,1.887379141862766e-15,True,617,24,0.0,1.0,0.09359640249460688
0.47359416427485224,0.5721342532912828,0.09854008901643052,0.8992448195099503,0.99,1,1.199040866595169e-14,True,618,24,0.85,0.99,0.0985384481258843
0.47359416427485246,0.8065745525028536,0.33298038822800113,0.8992448185725387,0.0,1,1.4432899320127035e-15,True,618,24,0.0,1.0,0.0985384481258843
0.5441601633540396,0.586380163418165,0.04222000006412541,0.9711829385980623,0.85,1,8.659739592076221e-15,True,619,16,0.85,0.99,0.04221997830409652
0.5441601633540398,0.8489305826302926,0.3047704192762528,0.9711829380604284,0.0,1,1.6653345369377348e-15,True,619,16,0.0,1.0,0.04221997830409652
0.7641356446480263,0.8234546763595578,0.05931903171153152,0.99,0.85,0,4.440892098500626e-16,False,620,8,0.85,0.99,0.05931903171153152
0.7590228926351166,0.9535743412126584,0.1945514485775418,1.0,0.0,0,4.440892098500626e-16,False,620,8,0.0,1.0,0.05931903171153152
0.5025595131081364,0.7270395960375934,0.22448008292945698,0.8518022330561295,0.99,1,1.454392162258955e-14,True,621,24,0.85,0.99,0.22447858423363343
0.5025595131081365,0.7804285207648965,0.27786900765676004,0.8518022344285066,0.0,1,1.3322676295501878e-15,True,621,24,0.0,1.0,0.22447858423363343
0.7639684227334896,0.8195980845739774,0.05562966184048779,0.99,0.85,0,4.440892098500626e-16,False,622,8,0.85,0.99,0.05562966184048779
0.759269326403246,0.9525182284325063,0.19324890202926037,1.0,0.0,0,7.771561172376096e-16,False,622,8,0.0,1.0,0.05562966184048779
0.48577492491112884,0.7275167740170142,0.24174184910588536,0.85,0.99,0,1.3988810110276972e-14,False,623,24,0.85,0.99,0.24174184910588536
0.48485746027021975,0.7791081699551415,0.2942507096849218,0.8356145587314567,1.0,1,1.4432899320127035e-15,True,623,24,0.0,1.0,0.24174184910588536
0.8263013106233555,0.8785718183855167,0.052270507762161134,0.99,0.85,0,7.771561172376096e-16,False,624,8,0.85,0.99,0.052270507762161134
0.8213068938224577,0.9541078715649995,0.13280097774254185,1.0,0.0,0,4.440892098500626e-16,False,624,8,0.0,1.0,0.052270507762161134
0.4327641228062563,0.5226684597323855,0.0899043369261292,0.99,0.85,0,7.271960811294775e-15,False,625,16,0.85,0.99,0.0899043369261292
0.4299447434537971,0.8553351010453002,0.4253903575915031,1.0,0.0,0,1.5543122344752192e-15,False,625,16,0.0,1.0,0.0899043369261292
0.7438359149858169,0.8082636176015722,0.06442770261575526,0.99,0.85,0,3.3306690738754696e-16,False,626,8,0.85,0.99,0.06442770261575526
0.7381642450409472,0.935543900275467,0.19737965523451972,1.0,0.0,0,7.771561172376096e-16,False,626,8,0.0,1.0,0.06442770261575526
0.7135691988519707,0.7775120414325877,0.063942842580617,0.99,0.85,0,5.551115123125783e-16,False,627,8,0.85,0.99,0.063942842580617
0.7081392477319881,0.9261811526937709,0.21804190496178277,1.0,0.0,0,8.881784197001252e-16,False,627,8,0.0,1.0,0.063942842580617
0.7267587756172049,0.7893095532252209,0.06255077760801597,0.99,0.85,0,7.771561172376096e-16,False,628,8,0.85,0.99,0.06255077760801597
0.7214835827387661,0.9371621971093297,0.21567861437056357,1.0,0.0,0,1.2212453270876722e-15,False,628,8,0.0,1.0,0.06255077760801597
0.5663387754208106,0.6582251586375885,0.09188638321677789,0.9049051569778359,0.99,1,1.4654943925052066e-14,True,629,24,0.85,0.99,0.09188632104465011
0.5663387754208106,0.845532639290975,0.2791938638701644,0.904905156977851,0.0,1,1.887379141862766e-15,True,629,24,0.0,1.0,0.09188632104465011
0.5076346568432509,0.7189719005094982,0.2113372436662473,0.8543016886561854,0.99,1,1.432187701766452e-14,True,630,24,0.85,0.99,0.21133579548901538
0.5076346568432509,0.7697480695120285,0.2621134126687775,0.854301687916736,1.0,1,1.7763568394002505e-15,True,630,24,0.0,1.0,0.21133579548901538
0.7692679922106946,0.830767818570854,0.06149982636015938,0.99,0.85,0,6.661338147750939e-16,False,631,8,0.85,0.99,0.06149982636015938
0.7637815334775793,0.9492596339964812,0.1854781005189019,1.0,0.0,0,1.2212453270876722e-15,False,631,8,0.0,1.0,0.06149982636015938
0.4672644339175636,0.6243964953931505,0.15713206147558684,0.8783367641582479,0.99,1,1.304512053934559e-14,True,632,24,0.85,0.99,0.15713102254186867
0.46726443391756345,0.7737806815531185,0.3065162476355551,0.8783367598404748,0.0,1,1.887379141862766e-15,True,632,24,0.0,1.0,0.15713102254186867
0.4968580239476409,0.638128936229956,0.14127091228231514,0.8764778456832901,0.99,1,1.3100631690576847e-14,True,633,24,0.85,0.99,0.14127063651427263
0.49685802394764095,0.7759500811286559,0.279092057181015,0.8764778496383284,0.0,1,1.6653345369377348e-15,True,633,24,0.0,1.0,0.14127063651427263
0.4727229389771489,0.5664616383048332,0.0937386993276843,0.99,0.85,0,7.882583474838611e-15,False,634,16,0.85,0.99,0.0937386993276843
0.46772587798436216,0.8594422222326206,0.3917163442482584,1.0,0.0,0,1.9984014443252818e-15,False,634,16,0.0,1.0,0.0937386993276843
0.5472490288522196,0.6203463247819887,0.0730972959297691,0.99,0.85,0,9.325873406851315e-15,False,635,16,0.85,0.99,0.0730972959297691
0.5449955948437014,0.8710000659297468,0.32600447108604536,1.0,0.0,0,1.887379141862766e-15,False,635,16,0.0,1.0,0.0730972959297691
0.4984507484369578,0.5725677534727469,0.07411700503578911,0.9129567006343445,0.99,1,1.2545520178264269e-14,True,636,24,0.85,0.99,0.07411545815411558
0.4984507484369578,0.8176211585215478,0.31917041008459,0.9129566996406377,0.0,1,1.4432899320127035e-15,True,636,24,0.0,1.0,0.07411545815411558
0.5371204405998726,0.6171896838347116,0.080069243234839,0.99,0.85,0,8.770761894538737e-15,False,637,16,0.85,0.99,0.080069243234839
0.5345253695011236,0.8808340643834451,0.3463086948823215,1.0,0.0,0,1.7763568394002505e-15,False,637,16,0.0,1.0,0.080069243234839
0.5640000418950926,0.6864606977422948,0.12246065584720223,0.8787473119576273,0.99,1,1.454392162258955e-14,True,638,24,0.85,0.99,0.12246065581228527
0.5640000418950928,0.8019495907756671,0.2379495488805743,0.8787473119575633,0.0,1,1.5543122344752192e-15,True,638,24,0.0,1.0,0.12246065581228527
0.4988676464958325,0.5673325916335747,0.06846494513774226,0.9119135683466354,0.99,1,1.27675647831893e-14,True,639,24,0.85,0.99,0.06846255656125266
0.4988676464958324,0.8291075371673156,0.3302398906714832,0.9119135683465925,0.0,1,1.5543122344752192e-15,True,639,24,0.0,1.0,0.06846255656125266
0.7441423792588916,0.8055533192245334,0.06141093996564184,0.99,0.85,0,6.661338147750939e-16,False,640,8,0.85,0.99,0.06141093996564184
0.7389068142469439,0.9475529218911731,0.2086461076442292,1.0,0.0,0,1.1102230246251565e-15,False,640,8,0.0,1.0,0.06141093996564184
0.4854245849411378,0.7018866472604108,0.216462062319273,0.85,0.99,0,1.3933298959045715e-14,False,641,24,0.85,0.99,0.216462062319273
0.48542432576657757,0.7679317264006796,0.28250740063410207,0.8497664409615495,0.0,1,1.5543122344752192e-15,True,641,24,0.0,1.0,0.216462062319273
0.5470549948266676,0.7273093201014186,0.18025432527475094,0.8615155495361662,0.99,1,1.5432100042289676e-14,True,642,24,0.85,0.99,0.18025398115837044
0.5470549948266678,0.8136005575820282,0.26654556275536045,0.8615155458938999,0.0,1,1.6653345369377348e-15,True,642,24,0.0,1.0,0.18025398115837044
0.5241588737733163,0.6488107978501159,0.12465192407679959,0.99,0.85,0,9.2148511043888e-15,False,643,16,0.85,0.99,0.12465192407679959
0.5138194543427863,0.8943263162368479,0.3805068618940616,1.0,0.0,0,1.5543122344752192e-15,False,643,16,0.0,1.0,0.12465192407679959
0.49344572864573844,0.6099106097866538,0.11646488114091536,0.99,0.85,0,8.659739592076221e-15,False,644,16,0.85,0.99,0.11646488114091536
0.48507699940937676,0.8950174392769565,0.4099404398675798,1.0,0.0,0,1.5543122344752192e-15,False,644,16,0.0,1.0,0.11646488114091536
0.4923328808475879,0.5960376016710978,0.10370472082350984,0.99,0.85,0,8.326672684688674e-15,False,645,16,0.85,0.99,0.10370472082350984
0.4862737106370413,0.8766101004439384,0.3903363898068971,1.0,0.0,0,1.6653345369377348e-15,False,645,16,0.0,1.0,0.10370472082350984
0.5172177768912648,0.7249645305721641,0.20774675368089934,0.8569688635443113,0.99,1,1.4432899320127035e-14,True,646,24,0.85,0.99,0.20774535606782174
0.5172177768912646,0.7795340475429893,0.2623162706517247,0.856968863544484,0.0,1,1.7763568394002505e-15,True,646,24,0.0,1.0,0.20774535606782174
0.5159219307755856,0.6288408022870671,0.1129188715114815,0.8893226488105607,0.99,1,1.3211653993039363e-14,True,647,24,0.85,0.99,0.1129169333526503
0.5159219307755856,0.8155114422548383,0.2995895114792527,0.8893226485754753,0.0,1,1.7763568394002505e-15,True,647,24,0.0,1.0,0.1129169333526503
0.49930432315316164,0.6627698636763587,0.16346554052319706,0.8686863377836316,0.99,1,1.354472090042691e-14,True,648,24,0.85,0.99,0.16346551965235256
0.49930432315316164,0.7810561776369802,0.28175185448381856,0.8686863294850693,0.0,1,1.7763568394002505e-15,True,648,24,0.0,1.0,0.16346551965235256
0.4790229543062534,0.5743744283836365,0.09535147407738309,0.9009006366062643,0.99,1,1.3100631690576847e-14,True,649,24,0.85,0.99,0.09535063520400194
0.47902295430625325,0.8142529148058717,0.33522996049961845,0.9009006358327811,0.0,1,1.887379141862766e-15,True,649,24,0.0,1.0,0.09535063520400194
0.5357753025308081,0.6777618316722452,0.14198652914143717,0.8715760747415395,0.99,1,1.3655743202889425e-14,True,650,24,0.85,0.99,0.1419860027668206
0.535775302530808,0.805224988523761,0.26944968599295305,0.8715760747415324,0.0,1,2.220446049250313e-15,True,650,24,0.0,1.0,0.1419860027668206
0.497807409387751,0.6731643532024876,0.1753569438147366,0.8668641145096933,0.99,1,1.354472090042691e-14,True,651,24,0.85,0.99,0.17535494118602724
0.4978074093877507,0.7804004682309009,0.2825930588431502,0.8668641134117661,0.0,1,1.5543122344752192e-15,True,651,24,0.0,1.0,0.17535494118602724
0.45972691133254673,0.5580893633641244,0.09836245203157767,0.9010861451787969,0.99,1,1.2101430968414206e-14,True,652,24,0.85,0.99,0.09836226427056494
0.45972691133254684,0.7909762947406694,0.3312493834081226,0.9010861450611682,0.0,1,1.3322676295501878e-15,True,652,24,0.0,1.0,0.09836226427056494
0.5020547324306022,0.6498554796187126,0.14780074718811043,0.8777268930395454,0.99,1,1.3433698597964394e-14,True,653,24,0.85,0.99,0.1478004509785391
0.5020547324306023,0.8002358577832798,0.2981811253526775,0.8777268930394666,0.0,1,1.5543122344752192e-15,True,653,24,0.0,1.0,0.1478004509785391
0.5140867249077494,0.6113739522267989,0.09728722731904949,0.99,0.85,0,8.770761894538737e-15,False,654,16,0.85,0.99,0.09728722731904949
0.5082502507214418,0.8824548787277681,0.37420462800632626,1.0,0.0,0,1.7763568394002505e-15,False,654,16,0.0,1.0,0.09728722731904949
0.5825306121359954,0.6977880350154119,0.11525742287941643,0.8904187367107532,0.99,1,1.4876988529977098e-14,True,655,24,0.85,0.99,0.11525639977151614
0.5825306121359954,0.8370347958071197,0.25450418367112426,0.8904187366249748,0.0,1,1.7763568394002505e-15,True,655,24,0.0,1.0,0.11525639977151614
0.7831072630770926,0.8413547129981072,0.058247449921014605,0.99,0.85,0,2.220446049250313e-16,False,656,8,0.85,0.99,0.058247449921014605
0.7779612490912208,0.952825288955693,0.1748640398644722,1.0,0.0,0,1.4432899320127035e-15,False,656,8,0.0,1.0,0.058247449921014605
0.506300341006986,0.6523271466284037,0.1460268056214178,0.8734365736562653,0.99,1,1.3211653993039363e-14,True,657,24,0.85,0.99,0.14602628283561658
0.506300341006986,0.800906216254047,0.29460587524706106,0.8734365689609482,0.0,1,1.6653345369377348e-15,True,657,24,0.0,1.0,0.14602628283561658
0.49632502829033964,0.5742939388999897,0.07796891060965006,0.9067909374527844,0.99,1,1.2878587085651816e-14,True,658,24,0.85,0.99,0.07796696035288825
0.4963250282903395,0.8190111917671841,0.3226861634768446,0.9067909369901763,0.0,1,1.6653345369377348e-15,True,658,24,0.0,1.0,0.07796696035288825
0.7687921495026993,0.8254714436500019,0.05667929414730266,0.99,0.85,0,5.551115123125783e-16,False,659,8,0.85,0.99,0.05667929414730266
0.7639699539487873,0.9568601078546126,0.1928901539058253,1.0,0.0,0,3.3306690738754696e-16,False,659,8,0.0,1.0,0.05667929414730266
0.5475718134372023,0.6606184918487344,0.11304667841153215,0.99,0.85,0,9.658940314238862e-15,False,660,16,0.85,0.99,0.11304667841153215
0.5387130108630338,0.8923373082579571,0.3536242973949233,1.0,0.0,0,1.7763568394002505e-15,False,660,16,0.0,1.0,0.11304667841153215
0.4825332808058347,0.6019182260141739,0.1193849452083392,0.99,0.85,0,8.659739592076221e-15,False,661,16,0.85,0.99,0.1193849452083392
0.47399749489681786,0.887972852444506,0.4139753575476881,1.0,0.0,0,1.7763568394002505e-15,False,661,16,0.0,1.0,0.1193849452083392
0.5696670426187926,0.6865738741304465,0.11690683151165382,0.99,0.85,0,9.43689570931383e-15,False,662,16,0.85,0.99,0.11690683151165382
0.5599662016015026,0.9030346450518197,0.3430684434503172,1.0,0.0,0,1.5543122344752192e-15,False,662,16,0.0,1.0,0.11690683151165382
0.5738717191415705,0.5989643249014647,0.025092605759894138,0.9450622996124884,0.85,1,8.881784197001252e-15,True,663,16,0.85,0.99,0.025092589756742223
0.5738717191415704,0.8511099887063293,0.27723826956475883,0.9450622998330609,0.0,1,1.5543122344752192e-15,True,663,16,0.0,1.0,0.025092589756742223
0.4860502876831955,0.6384682880993431,0.15241800041614756,0.8854499378656716,0.99,1,1.3378187446733136e-14,True,664,24,0.85,0.99,0.15241664103109498
0.4860502876831957,0.8033641560721806,0.3173138683889849,0.8854499378657292,0.0,1,1.5543122344752192e-15,True,664,24,0.0,1.0,0.15241664103109498
0.514686445941999,0.5919224854521759,0.07723603951017688,0.99,0.85,0,8.326672684688674e-15,False,665,16,0.85,0.99,0.07723603951017688
0.5121195472715087,0.8744913104338948,0.3623717631623862,1.0,0.0,0,2.220446049250313e-15,False,665,16,0.0,1.0,0.07723603951017688
0.5400019065219747,0.648308388334331,0.10830648181235636,0.99,0.85,0,9.2148511043888e-15,False,666,16,0.85,0.99,0.10830648181235636
0.5326742367867512,0.8885601618004616,0.3558859250137104,1.0,0.0,0,1.3322676295501878e-15,False,666,16,0.0,1.0,0.10830648181235636
0.734947693194425,0.8037243501049117,0.06877665691048673,0.99,0.85,0,1.6653345369377348e-15,False,667,8,0.85,0.99,0.06877665691048673
0.7287838286304147,0.9380244187955189,0.2092405901651042,1.0,0.0,0,9.992007221626409e-16,False,667,8,0.0,1.0,0.06877665691048673
0.5231427674909369,0.6512239349590161,0.12808116746807918,0.878366338618734,0.99,1,1.3655743202889425e-14,True,668,24,0.85,0.99,0.12808038926011
0.5231427674909368,0.8155334201260462,0.29239065263510944,0.8783663355946619,0.0,1,1.6653345369377348e-15,True,668,24,0.0,1.0,0.12808038926011
0.6258828607836302,0.7163703134998767,0.09048745271624647,0.99,0.85,0,1.0547118733938987e-14,False,669,16,0.85,0.99,0.09048745271624647
0.6188141790797631,0.9131527498773426,0.2943385707975795,1.0,0.0,0,1.4432899320127035e-15,False,669,16,0.0,1.0,0.09048745271624647
0.7257529124093393,0.792811607850461,0.06705869544112175,0.99,0.85,0,7.771561172376096e-16,False,670,8,0.85,0.99,0.06705869544112175
0.7199756787543172,0.9407329339224129,0.22075725516809563,1.0,0.0,0,8.881784197001252e-16,False,670,8,0.0,1.0,0.06705869544112175
0.49377330538725445,0.6944229134480796,0.20064960806082516,0.8623970049316289,0.99,1,1.3600232051658168e-14,True,671,24,0.85,0.99,0.2006495512951051
0.4937733053872546,0.7849284993076553,0.2911551939204007,0.8623970049315275,0.0,1,1.7763568394002505e-15,True,671,24,0.0,1.0,0.2006495512951051
0.4836292379958183,0.6104082676850607,0.12677902968924243,0.8851442316030592,0.99,1,1.3156142841808105e-14,True,672,24,0.85,0.99,0.12677890469641817
0.4836292379958185,0.8007302496399065,0.317101011644088,0.8851442316031186,0.0,1,1.7763568394002505e-15,True,672,24,0.0,1.0,0.12677890469641817
0.4884780831140088,0.6216891599247918,0.13321107681078298,0.8857762312685211,0.99,1,1.3100631690576847e-14,True,673,24,0.85,0.99,0.13320967261639238
0.4884780831140087,0.8030132258881807,0.314535142774172,0.8857762324414927,0.0,1,1.3322676295501878e-15,True,673,24,0.0,1.0,0.13320967261639238
0.4996276606041502,0.6280804366687696,0.12845277606461936,0.887538071737808,0.99,1,1.3322676295501878e-14,True,674,24,0.85,0.99,0.12845276687933826
0.4996276606041502,0.8218695317827639,0.3222418711786137,0.8875380714685401,0.0,1,1.5543122344752192e-15,True,674,24,0.0,1.0,0.12845276687933826
0.827792011076893,0.8720319395455031,0.044239928468610024,0.99,0.85,0,4.440892098500626e-16,False,675,8,0.85,0.99,0.044239928468610024
0.82395084855984,0.9652905609446215,0.1413397123847815,1.0,0.0,0,9.992007221626409e-16,False,675,8,0.0,1.0,0.044239928468610024
0.8846163135807219,0.9140682216546447,0.02945190807392284,0.99,0.85,0,9.992007221626409e-16,False,676,8,0.85,0.99,0.02945190807392284
0.8820544766924574,0.9756261028753132,0.09357162618285575,1.0,0.0,0,6.661338147750939e-16,False,676,8,0.0,1.0,0.02945190807392284
0.49117825873505605,0.7113293040861104,0.22015104535105434,0.851023187175091,0.99,1,1.3877787807814457e-14,True,677,24,0.85,0.99,0.2201507935795679
0.491178258735056,0.7806664001061774,0.2894881413711214,0.8510231879111954,0.0,1,1.7763568394002505e-15,True,677,24,0.0,1.0,0.2201507935795679
0.5169958633134227,0.6239451209092715,0.10694925759584872,0.99,0.85,0,8.992806499463768e-15,False,678,16,0.85,0.99,0.10694925759584872
0.5093840700214871,0.8720171315623424,0.3626330615408553,1.0,0.0,0,1.887379141862766e-15,False,678,16,0.0,1.0,0.10694925759584872
0.5395761820709024,0.6217169844791094,0.08214080240820698,0.9081224469967563,0.99,1,1.3655743202889425e-14,True,679,24,0.85,0.99,0.08213803513993856
0.5395761820709023,0.8618520068744518,0.32227582480354955,0.9081224452730152,0.0,1,1.6653345369377348e-15,True,679,24,0.0,1.0,0.08213803513993856
0.5260515573761695,0.6228918512917678,0.09684029391559834,0.99,0.85,0,8.326672684688674e-15,False,680,16,0.85,0.99,0.09684029391559834
0.520479393460035,0.8895629898649773,0.36908359640494226,1.0,0.0,0,1.4432899320127035e-15,False,680,16,0.0,1.0,0.09684029391559834
0.496969762435603,0.5493733354701389,0.05240357303453591,0.9234520697637361,0.99,1,1.27675647831893e-14,True,681,24,0.85,0.99,0.05240289323053948
0.496969762435603,0.8299831245008074,0.3330133620652044,0.9234520697638166,0.0,1,1.6653345369377348e-15,True,681,24,0.0,1.0,0.05240289323053948
0.4994434431859582,0.6203023530457596,0.12085890985980147,0.8962613211531645,0.99,1,1.3211653993039363e-14,True,682,24,0.85,0.99,0.1208589089425316
0.499443443185958,0.8196208259401934,0.32017738275423535,0.8962613195877934,0.0,1,1.5543122344752192e-15,True,682,24,0.0,1.0,0.1208589089425316
0.49850611648309495,0.6192711133560717,0.1207649968729767,0.8876937617205913,0.99,1,1.3766765505351941e-14,True,683,24,0.85,0.99,0.12076477283639087
0.49850611648309495,0.7904383452912294,0.2919322288081344,0.8876937614274014,0.0,1,1.5543122344752192e-15,True,683,24,0.0,1.0,0.12076477283639087
0.48875562122851846,0.6000259637074016,0.11127034247888312,0.8898302393673185,0.99,1,1.2878587085651816e-14,True,684,24,0.85,0.99,0.1112701689469015
0.48875562122851846,0.8033262704905376,0.31457064926201916,0.8898302422115186,0.0,1,1.4432899320127035e-15,True,684,24,0.0,1.0,0.1112701689469015
0.7257471570376003,0.7915999121896432,0.06585275515204292,0.99,0.85,0,5.551115123125783e-16,False,685,8,0.85,0.99,0.06585275515204292
0.720132812527644,0.9436647071534111,0.22353189462576706,1.0,0.0,0,5.551115123125783e-16,False,685,8,0.0,1.0,0.06585275515204292
0.48497343145775396,0.5974130660015134,0.11243963454375949,0.99,0.85,0,8.215650382226158e-15,False,686,16,0.85,0.99,0.11243963454375949
0.47762906474730826,0.8802096789532764,0.40258061420596813,1.0,0.0,0,1.4432899320127035e-15,False,686,16,0.0,1.0,0.11243963454375949
0.7787514780279636,0.8363921188697783,0.05764064084181464,0.99,0.85,0,9.992007221626409e-16,False,687,8,0.85,0.99,0.05764064084181464
0.7737317823839202,0.9556169349706103,0.18188515258669014,1.0,0.0,0,1.6653345369377348e-15,False,687,8,0.0,1.0,0.05764064084181464
0.494531870154407,0.5682776798623447,0.07374580970793765,0.911609611590895,0.99,1,1.3322676295501878e-14,True,688,24,0.85,0.99,0.0737448789348365
0.4945318701544068,0.8174757747967403,0.32294390464233347,0.9116096161593467,0.0,1,1.4432899320127035e-15,True,688,24,0.0,1.0,0.0737448789348365
0.48410910424707587,0.6453771611493784,0.1612680569023025,0.8761642487036794,0.99,1,1.2934098236883074e-14,True,689,24,0.85,0.99,0.16126801280988096
0.4841091042470763,0.7954440111905093,0.311334906943433,0.8761642450616653,0.0,1,1.7763568394002505e-15,True,689,24,0.0,1.0,0.16126801280988096
0.792989774514661,0.8431780835798741,0.0501883090652131,0.99,0.85,0,1.2212453270876722e-15,False,690,8,0.85,0.99,0.0501883090652131
0.7887294072694825,0.9585717246831092,0.16984231741362676,1.0,0.0,0,9.992007221626409e-16,False,690,8,0.0,1.0,0.0501883090652131
0.7056433257410063,0.7768964554248539,0.07125312968384756,0.99,0.85,0,7.771561172376096e-16,False,691,8,0.85,0.99,0.07125312968384756
0.6994192443521107,0.9309769206932912,0.23155767634118052,1.0,0.0,0,1.4432899320127035e-15,False,691,8,0.0,1.0,0.07125312968384756
0.656473633224693,0.7320636918701715,0.07559005864547852,0.99,0.85,0,6.661338147750939e-16,False,692,8,0.85,0.99,0.07559005864547852
0.6501793946326777,0.9220234281874693,0.2718440335547916,1.0,0.0,0,1.5543122344752192e-15,False,692,8,0.0,1.0,0.07559005864547852
0.4637689897378634,0.5884657328192081,0.12469674308134471,0.99,0.85,0,8.1601392309949e-15,False,693,16,0.85,0.99,0.12469674308134471
0.4547425797114215,0.8654331569170022,0.41069057720558066,1.0,0.0,0,1.7763568394002505e-15,False,693,16,0.0,1.0,0.12469674308134471
0.4930263638237616,0.5479721343312773,0.05494577050751576,0.9899788663472722,0.85,1,7.605027718682322e-15,True,694,16,0.85,0.99,0.054945768370154746
0.4930263638237617,0.8430126753141021,0.3499863114903404,0.9899788636290555,0.0,1,1.609823385706477e-15,True,694,16,0.0,1.0,0.054945768370154746
0.5095933382329786,0.5502894685598589,0.04069613032688035,0.9389940165225672,0.85,1,1.3322676295501878e-14,True,695,24,0.85,0.99,0.04069560545578099
0.5095933382329785,0.8462049829553724,0.3366116447223939,0.9389940169150447,0.0,1,1.6653345369377348e-15,True,695,24,0.0,1.0,0.04069560545578099
0.4781165076108485,0.6758028997990018,0.19768639218815326,0.8696606088378623,0.99,1,1.3433698597964394e-14,True,696,24,0.85,0.99,0.19768569054051238
0.4781165076108487,0.7894672521598431,0.3113507445489945,0.8696606081456312,0.0,1,1.4432899320127035e-15,True,696,24,0.0,1.0,0.19768569054051238
0.4657230366602214,0.6305800293496209,0.16485699268939946,0.8730563890223069,0.99,1,1.2378986724570495e-14,True,697,24,0.85,0.99,0.1648552194793832
0.4657230366602213,0.766950835288411,0.3012277986281897,0.8730563890222475,0.0,1,1.6653345369377348e-15,True,697,24,0.0,1.0,0.1648552194793832
0.5410437054775834,0.6641547050597258,0.12311099958214244,0.99,0.85,0,9.547918011776346e-15,False,698,16,0.85,0.99,0.12311099958214244
0.5306406569320142,0.8852701819434531,0.35462952501143885,1.0,0.0,0,1.6653345369377348e-15,False,698,16,0.0,1.0,0.12311099958214244
0.4808898925980017,0.5663939399914464,0.0855040473934447,0.908975106339071,0.99,1,1.2989609388114332e-14,True,699,24,0.85,0.99,0.08550366789504321
0.48088989259800163,0.8174909500644006,0.336601057466399,0.9089751074361166,0.0,1,1.5543122344752192e-15,True,699,24,0.0,1.0,0.08550366789504321
0.4831439261315013,0.5918957429472209,0.1087518168157196,0.8954535124527315,0.99,1,1.2656542480726785e-14,True,700,24,0.85,0.99,0.10875045835753733
0.483143926131501,0.8114912041872236,0.32834727805572267,0.8954535114058119,0.0,1,1.6653345369377348e-15,True,700,24,0.0,1.0,0.10875045835753733
0.39603743331525076,0.6252325106521788,0.229195077336928,0.85,0.99,0,1.1823875212257917e-14,False,701,24,0.85,0.99,0.229195077336928
0.39073989069720616,0.6682738233386525,0.2775339326414463,0.8116871390508833,1.0,1,1.6653345369377348e-15,True,701,24,0.0,1.0,0.229195077336928
0.507850682542204,0.5976885119375666,0.08983782939536256,0.9027501173430772,0.99,1,1.354472090042691e-14,True,702,24,0.85,0.99,0.08983741134034595
0.507850682542204,0.8236919237730418,0.3158412412308378,0.9027501173431052,0.0,1,1.7763568394002505e-15,True,702,24,0.0,1.0,0.08983741134034595
0.5010687711951944,0.5659712585333956,0.06490248733820114,0.99,0.85,0,8.548717289613705e-15,False,703,16,0.85,0.99,0.06490248733820114
0.5001952000404294,0.8621041788502807,0.3619089788098513,1.0,0.0,0,1.6653345369377348e-15,False,703,16,0.0,1.0,0.06490248733820114
0.7403668860458984,0.8036127274468055,0.06324584140090705,0.99,0.85,0,7.771561172376096e-16,False,704,8,0.85,0.99,0.06324584140090705
0.7348908963972391,0.9419752751934358,0.20708437879619668,1.0,0.0,0,8.881784197001252e-16,False,704,8,0.0,1.0,0.06324584140090705
0.7337741016086881,0.789606221793689,0.055832120185000944,0.99,0.85,0,1.1102230246251565e-15,False,705,8,0.85,0.99,0.055832120185000944
0.7291810183232993,0.940641285015143,0.2114602666918437,1.0,0.0,0,1.2212453270876722e-15,False,705,8,0.0,1.0,0.055832120185000944
0.826168963741205,0.8700193106280729,0.04385034688686795,0.99,0.85,0,4.440892098500626e-16,False,706,8,0.85,0.99,0.04385034688686795
0.82240785548196,0.9674052676173073,0.14499741213534723,1.0,0.0,0,4.440892098500626e-16,False,706,8,0.0,1.0,0.04385034688686795
0.7225178745295715,0.7871286012894987,0.06461072675992718,0.99,0.85,0,5.551115123125783e-16,False,707,8,0.85,0.99,0.06461072675992718
0.7170035232591908,0.9344495891461624,0.21744606588697157,1.0,0.0,0,4.440892098500626e-16,False,707,8,0.0,1.0,0.06461072675992718
0.48402701431113454,0.6022333997571141,0.11820638544597956,0.99,0.85,0,7.882583474838611e-15,False,708,16,0.85,0.99,0.11820638544597956
0.47556569576818886,0.8820495396701142,0.4064838439019254,1.0,0.0,0,1.7763568394002505e-15,False,708,16,0.0,1.0,0.11820638544597956
0.8329401042976621,0.8736372226409821,0.040697118343320016,0.99,0.85,0,4.440892098500626e-16,False,709,8,0.85,0.99,0.040697118343320016
0.8294210528663066,0.9623550995863873,0.1329340467200807,1.0,0.0,0,4.440892098500626e-16,False,709,8,0.0,1.0,0.040697118343320016
0.8170689606113755,0.8672332259973964,0.05016426538602092,0.99,0.85,0,5.551115123125783e-16,False,710,8,0.85,0.99,0.05016426538602092
0.8124813291915784,0.9575855030260154,0.14510417383443697,1.0,0.0,0,5.551115123125783e-16,False,710,8,0.0,1.0,0.05016426538602092
0.8050214236067037,0.8520692682570831,0.04704784465037937,0.99,0.85,0,1.4432899320127035e-15,False,711,8,0.85,0.99,0.04704784465037937
0.8010158562671348,0.9597302993403933,0.15871444307325855,1.0,0.0,0,1.3322676295501878e-15,False,711,8,0.0,1.0,0.04704784465037937
0.7730399323445578,0.8265418199990883,0.053501887654530456,0.99,0.85,0,9.992007221626409e-16,False,712,8,0.85,0.99,0.053501887654530456
0.7684796950835009,0.9467006940481688,0.17822099896466792,1.0,0.0,0,8.881784197001252e-16,False,712,8,0.0,1.0,0.053501887654530456
0.4694333420480285,0.613153163101567,0.14371982105353848,0.99,0.85,0,8.382183835919932e-15,False,713,16,0.85,0.99,0.14371982105353848
0.4571799833674732,0.886102807592148,0.4289228242246748,1.0,0.0,0,1.7763568394002505e-15,False,713,16,0.0,1.0,0.14371982105353848
0.5102577283048739,0.5993854554979507,0.08912772719307682,0.99,0.85,0,8.326672684688674e-15,False,714,16,0.85,0.99,0.08912772719307682
0.5060597347771764,0.8775672781277719,0.37150754335059555,1.0,0.0,0,1.5543122344752192e-15,False,714,16,0.0,1.0,0.08912772719307682
0.7643235954351038,0.8255562282512429,0.06123263281613911,0.99,0.85,0,5.551115123125783e-16,False,715,8,0.85,0.99,0.06123263281613911
0.758954976223533,0.9513412782644936,0.19238630204096052,1.0,0.0,0,9.992007221626409e-16,False,715,8,0.0,1.0,0.06123263281613911
0.8072556253569578,0.8579762271871173,0.05072060183015947,0.99,0.85,0,4.440892098500626e-16,False,716,8,0.85,0.99,0.05072060183015947
0.80282244830742,0.9609695963947225,0.15814714808730246,1.0,0.0,0,4.440892098500626e-16,False,716,8,0.0,1.0,0.05072060183015947
0.4782291180142235,0.6985191301050977,0.22029001209087418,0.85,0.99,0,1.3655743202889425e-14,False,717,24,0.85,0.99,0.22029001209087418
0.4782162241092189,0.773051539240122,0.29483531513090316,0.8483583565945018,0.0,1,1.4432899320127035e-15,True,717,24,0.0,1.0,0.22029001209087418
0.49517052551632107,0.6698164509830715,0.17464592546675045,0.8712721082022228,0.99,1,1.3655743202889425e-14,True,718,24,0.85,0.99,0.174645922688554
0.495170525516321,0.7852187548807579,0.29004822936443686,0.8712721072568255,0.0,1,1.9984014443252818e-15,True,718,24,0.0,1.0,0.174645922688554
0.7035388462449602,0.7706329802058212,0.06709413396086095,0.99,0.85,0,6.661338147750939e-16,False,719,8,0.85,0.99,0.06709413396086095
0.6979570144426452,0.9418692811647452,0.24391226672209998,1.0,0.0,0,8.881784197001252e-16,False,719,8,0.0,1.0,0.06709413396086095
0.5049982250546102,0.6030764945972356,0.09807826954262533,0.99,0.85,0,8.326672684688674e-15,False,720,16,0.85,0.99,0.09807826954262533
0.4991623135546981,0.8681271978244499,0.3689648842697518,1.0,0.0,0,1.4432899320127035e-15,False,720,16,0.0,1.0,0.09807826954262533
0.4871055657327381,0.6116686803052841,0.12456311457254599,0.8926250982456269,0.99,1,1.2545520178264269e-14,True,721,24,0.85,0.99,0.12456300615413962
0.48710556573273817,0.8218020896931857,0.3346965239604475,0.8926250980338337,0.0,1,1.5543122344752192e-15,True,721,24,0.0,1.0,0.12456300615413962
0.5055100935669495,0.6363838544549553,0.13087376088800573,0.99,0.85,0,8.770761894538737e-15,False,722,16,0.85,0.99,0.13087376088800573
0.4947515703105216,0.8910673414351051,0.39631577112458355,1.0,0.0,0,1.1102230246251565e-15,False,722,16,0.0,1.0,0.13087376088800573
0.4993000741910778,0.6253700759567014,0.12607000176562355,0.99,0.85,0,9.2148511043888e-15,False,723,16,0.85,0.99,0.12607000176562355
0.4893545608765183,0.8941044436822594,0.4047498828057411,1.0,0.0,0,1.5543122344752192e-15,False,723,16,0.0,1.0,0.12607000176562355
0.7629754602100751,0.8204137378365625,0.057438277626487344,0.99,0.85,0,6.661338147750939e-16,False,724,8,0.85,0.99,0.057438277626487344
0.7580511514744493,0.9487592617787021,0.19070811030425272,1.0,0.0,0,1.2212453270876722e-15,False,724,8,0.0,1.0,0.057438277626487344
0.7616891115508786,0.8162853503950716,0.05459623884419296,0.99,0.85,0,6.661338147750939e-16,False,725,8,0.85,0.99,0.05459623884419296
0.757045065177309,0.9420259833730839,0.1849809181957749,1.0,0.0,0,9.992007221626409e-16,False,725,8,0.0,1.0,0.05459623884419296
0.5149984319363248,0.6294191575513671,0.11442072561504235,0.892400680441244,0.99,1,1.3433698597964394e-14,True,726,24,0.85,0.99,0.11442066331159573
0.5149984319363249,0.8136670868493416,0.29866865491301675,0.8924006802338579,0.0,1,1.5543122344752192e-15,True,726,24,0.0,1.0,0.11442066331159573
0.4902231610830783,0.7221929954279476,0.23196983434486929,0.8507140889087614,0.99,1,1.4210854715202004e-14,True,727,24,0.85,0.99,0.23196842012651453
0.4902231610830783,0.7768946972662916,0.2866715361832133,0.8507140900239936,1.0,1,1.4432899320127035e-15,True,727,24,0.0,1.0,0.23196842012651453
0.4670346515148622,0.5950011730254317,0.12796652151056948,0.8939653476134066,0.99,1,1.2378986724570495e-14,True,728,24,0.85,0.99,0.12796619005961035
0.4670346515148623,0.7987842985839582,0.3317496470690959,0.8939653468721168,0.0,1,1.4432899320127035e-15,True,728,24,0.0,1.0,0.12796619005961035
0.7520219831912456,0.8113426989253911,0.059320715734145546,0.99,0.85,0,6.661338147750939e-16,False,729,8,0.85,0.99,0.059320715734145546
0.7470015574818677,0.9513368510924745,0.20433529361060676,1.0,0.0,0,8.881784197001252e-16,False,729,8,0.0,1.0,0.059320715734145546
0.5550890442202356,0.6000403101101697,0.04495126588993403,0.9859947497435597,0.85,1,8.770761894538737e-15,True,730,16,0.85,0.99,0.04495099352030141
0.5550890442202355,0.8505688240277814,0.2954797798075459,0.9859947497434945,0.0,1,1.7763568394002505e-15,True,730,16,0.0,1.0,0.04495099352030141
0.4919008754351261,0.6687992544872288,0.17689837905210265,0.8632687484302087,0.99,1,1.354472090042691e-14,True,731,24,0.85,0.99,0.17689718081285155
0.49190087543512584,0.7874159543664461,0.29551507893132023,0.8632687470633843,0.0,1,1.5543122344752192e-15,True,731,24,0.0,1.0,0.17689718081285155
0.7386860598728566,0.8017691299036598,0.06308307003080316,0.99,0.85,0,5.551115123125783e-16,False,732,8,0.85,0.99,0.06308307003080316
0.7332935385438923,0.942480818544194,0.20918728000030162,1.0,0.0,0,6.661338147750939e-16,False,732,8,0.0,1.0,0.06308307003080316
0.626262445040817,0.7111199846531084,0.08485753961229148,0.99,0.85,0,4.440892098500626e-16,False,733,8,0.85,0.99,0.08485753961229148
0.6190932107624662,0.9141171823203211,0.295023971557855,1.0,0.0,0,1.3322676295501878e-15,False,733,8,0.0,1.0,0.08485753961229148
0.7943799940684699,0.8476482398870568,0.05326824581858691,0.99,0.85,0,6.661338147750939e-16,False,734,8,0.85,0.99,0.05326824581858691
0.7897400220115345,0.9583978416019932,0.16865781959045867,1.0,0.0,0,9.992007221626409e-16,False,734,8,0.0,1.0,0.05326824581858691
0.8175811209287247,0.8663667941407922,0.048785673212067504,0.99,0.85,0,3.3306690738754696e-16,False,735,8,0.85,0.99,0.048785673212067504
0.8132238654163626,0.9619377949920414,0.14871392957567875,1.0,0.0,0,1.4432899320127035e-15,False,735,8,0.0,1.0,0.048785673212067504
0.5860811833915707,0.6853563539121015,0.09927517052053081,0.99,0.85,0,9.880984919163893e-15,False,736,16,0.85,0.99,0.09927517052053081
0.5784226624652705,0.9009220677635283,0.3224994052982578,1.0,0.0,0,1.6653345369377348e-15,False,736,16,0.0,1.0,0.09927517052053081
0.6667711980268797,0.7531128146490849,0.08634161662220519,0.99,0.85,0,5.551115123125783e-16,False,737,8,0.85,0.99,0.08634161662220519
0.6591106387293579,0.926210096090414,0.2670994573610561,1.0,0.0,0,1.3322676295501878e-15,False,737,8,0.0,1.0,0.08634161662220519
0.5075186621600378,0.5708772997444742,0.06335863758443638,0.99,0.85,0,8.215650382226158e-15,False,738,16,0.85,0.99,0.06335863758443638
0.506992566634947,0.8632969977895526,0.35630443115460564,1.0,0.0,0,2.1094237467877974e-15,False,738,16,0.0,1.0,0.06335863758443638
0.6787639895342622,0.7551651640300464,0.07640117449578421,0.99,0.85,0,3.3306690738754696e-16,False,739,8,0.85,0.99,0.07640117449578421
0.6722445333027832,0.9320242621694443,0.2597797288666611,1.0,0.0,0,1.4432899320127035e-15,False,739,8,0.0,1.0,0.07640117449578421
0.5303157433977977,0.6697003704266906,0.13938462702889287,0.99,0.85,0,9.325873406851315e-15,False,740,16,0.85,0.99,0.13938462702889287
0.5179449878519665,0.9073357455364754,0.3893907576845089,1.0,0.0,0,1.4432899320127035e-15,False,740,16,0.0,1.0,0.13938462702889287
0.5043256452387468,0.6629666228588492,0.15864097762010243,0.8692289405493405,0.99,1,1.3877787807814457e-14,True,741,24,0.85,0.99,0.15863979012835194
0.5043256452387467,0.7853808611814105,0.2810552159426638,0.8692289400570432,0.0,1,1.887379141862766e-15,True,741,24,0.0,1.0,0.15863979012835194
0.5266768051250305,0.6945703468395481,0.16789354171451765,0.8713475172225218,0.99,1,1.4432899320127035e-14,True,742,24,0.85,0.99,0.16789348888695388
0.5266768051250306,0.8158345258196014,0.2891577206945708,0.8713475149250007,0.0,1,1.887379141862766e-15,True,742,24,0.0,1.0,0.16789348888695388
0.4562384260169796,0.6863441542761115,0.2301057282591319,0.85,0.99,0,1.2934098236883074e-14,False,743,24,0.85,0.99,0.2301057282591319
0.45611026043778713,0.7501145228208793,0.2940042623830922,0.8448201129674966,0.0,1,1.887379141862766e-15,True,743,24,0.0,1.0,0.2301057282591319
0.491712097133182,0.7074567326307032,0.2157446354975212,0.8517045376826925,0.99,1,1.3933298959045715e-14,True,744,24,0.85,0.99,0.21574363359655818
0.49171209713318187,0.775347856709095,0.28363575957591314,0.8517045386003597,0.0,1,1.6653345369377348e-15,True,744,24,0.0,1.0,0.21574363359655818
0.7125675702020954,0.7886344653067106,0.07606689510461517,0.99,0.85,0,5.551115123125783e-16,False,745,8,0.85,0.99,0.07606689510461517
0.7059045280035602,0.9456122358287185,0.23970770782515827,1.0,0.0,0,7.771561172376096e-16,False,745,8,0.0,1.0,0.07606689510461517
0.5486034537055191,0.6624975872707983,0.11389413356527922,0.8969560829900542,0.99,1,1.3877787807814457e-14,True,746,24,0.85,0.99,0.11389208925676775
0.5486034537055192,0.8453338253355618,0.29673037163004257,0.8969560821740235,0.0,1,1.5543122344752192e-15,True,746,24,0.0,1.0,0.11389208925676775
0.4830660630683378,0.5891578001482398,0.106091737079902,0.99,0.85,0,7.882583474838611e-15,False,747,16,0.85,0.99,0.106091737079902
0.47598314728175417,0.8762300995880745,0.40024695230632035,1.0,0.0,0,1.6653345369377348e-15,False,747,16,0.0,1.0,0.106091737079902
0.8262280910962589,0.8714653503389896,0.0452372592427307,0.99,0.85,0,4.440892098500626e-16,False,748,8,0.85,0.99,0.0452372592427307
0.8222701051543192,0.9635584191108841,0.14128831395656494,1.0,0.0,0,1.2212453270876722e-15,False,748,8,0.0,1.0,0.0452372592427307
0.4803585452489549,0.695171133017702,0.21481258776874707,0.8505875561895151,0.99,1,1.3378187446733136e-14,True,749,24,0.85,0.99,0.21481102087655307
0.48035854524895494,0.7577372658412243,0.2773787205922693,0.8505875570055428,0.0,1,2.1094237467877974e-15,True,749,24,0.0,1.0,0.21481102087655307
0.8684755047164017,0.9029497192132232,0.03447421449682153,0.99,0.85,0,1.2212453270876722e-15,False,750,8,0.85,0.99,0.03447421449682153
0.8654663773299126,0.9728752513037431,0.10740887397383048,1.0,0.0,0,1.2212453270876722e-15,False,750,8,0.0,1.0,0.03447421449682153
0.5021566444291519,0.607803214500732,0.10564657007158018,0.8984932036356152,0.99,1,1.27675647831893e-14,True,751,24,0.85,0.99,0.1056461244506054
0.5021566444291516,0.8076347549047151,0.3054781104755635,0.8984932031105652,0.0,1,1.887379141862766e-15,True,751,24,0.0,1.0,0.1056461244506054
0.7453889194489889,0.8050335497811899,0.05964463033220102,0.99,0.85,0,5.551115123125783e-16,False,752,8,0.85,0.99,0.05964463033220102
0.7403226667608439,0.9426787371978971,0.20235607043705317,1.0,0.0,0,1.2212453270876722e-15,False,752,8,0.0,1.0,0.05964463033220102
0.5117144162796137,0.6358453220455246,0.1241309057659109,0.99,0.85,0,8.548717289613705e-15,False,753,16,0.85,0.99,0.1241309057659109
0.5022111172251003,0.8937824750640566,0.39157135783895636,1.0,0.0,0,1.6653345369377348e-15,False,753,16,0.0,1.0,0.1241309057659109
0.46963622402631233,0.6837012499854872,0.21406502595917487,0.854934892946481,0.99,1,1.2989609388114332e-14,True,754,24,0.85,0.99,0.21406500407126156
0.4696362240263122,0.7841134477407273,0.3144772237144151,0.8549348913424469,0.0,1,1.7763568394002505e-15,True,754,24,0.0,1.0,0.21406500407126156
0.42943293288599244,0.5907385458448319,0.16130561295883944,0.99,0.85,0,8.493206138382448e-15,False,755,16,0.85,0.99,0.16130561295883944
0.415235886557733,0.8839014670854217,0.4686655805276887,1.0,0.0,0,1.887379141862766e-15,False,755,16,0.0,1.0,0.16130561295883944
0.5253640538269639,0.6507694503743349,0.12540539654737093,0.8853994889685969,0.99,1,1.3766765505351941e-14,True,756,24,0.85,0.99,0.12540448905443802
0.5253640538269639,0.7946828872111678,0.2693188333842038,0.8853994889686654,0.0,1,1.887379141862766e-15,True,756,24,0.0,1.0,0.12540448905443802
0.530320267612266,0.5563700973410013,0.026049829728735263,0.94373150202939,0.85,1,8.326672684688674e-15,True,757,16,0.85,0.99,0.026049828244598228
0.5303202676122661,0.8453287934745821,0.315008525862316,0.9437315022323864,0.0,1,1.5543122344752192e-15,True,757,16,0.0,1.0,0.026049828244598228
0.8050727039830494,0.8543053117029922,0.049232607719942756,0.99,0.85,0,5.551115123125783e-16,False,758,8,0.85,0.99,0.049232607719942756
0.8008221480560007,0.960096175404367,0.15927402734836626,1.0,0.0,0,5.551115123125783e-16,False,758,8,0.0,1.0,0.049232607719942756
0.5499695711898043,0.6639754807783134,0.11400590958850909,0.99,0.85,0,9.658940314238862e-15,False,759,16,0.85,0.99,0.11400590958850909
0.5405538938334032,0.8931072501437289,0.3525533563103257,1.0,0.0,0,1.7763568394002505e-15,False,759,16,0.0,1.0,0.11400590958850909
0.547791696032768,0.6863648754945686,0.1385731794618006,0.99,0.85,0,9.547918011776346e-15,False,760,16,0.85,0.99,0.1385731794618006
0.5349242194013749,0.9132371676421731,0.3783129482407982,1.0,0.0,0,1.3322676295501878e-15,False,760,16,0.0,1.0,0.1385731794618006
0.5140281634370264,0.7069971921897942,0.19296902875276778,0.8513661359648708,0.99,1,1.432187701766452e-14,True,761,24,0.85,0.99,0.19296896814513498
0.5140281634370263,0.7821776953789843,0.268149531941958,0.8513661359648839,0.0,1,1.7763568394002505e-15,True,761,24,0.0,1.0,0.19296896814513498
0.5310620490597225,0.625328764033258,0.09426671497353545,0.99,0.85,0,9.103828801926284e-15,False,762,16,0.85,0.99,0.09426671497353545
0.5256629372329192,0.8749522521276046,0.3492893148946854,1.0,0.0,0,1.6653345369377348e-15,False,762,16,0.0,1.0,0.09426671497353545
0.5495034885845791,0.7300956102282425,0.18059212164366345,0.862321287726119,0.99,1,1.454392162258955e-14,True,763,24,0.85,0.99,0.1805919633495393
0.549503488584579,0.809527512568984,0.26002402398440505,0.862321284439802,0.0,1,2.1094237467877974e-15,True,763,24,0.0,1.0,0.1805919633495393
0.6643210092055569,0.741426025487339,0.07710501628178212,0.99,0.85,0,4.440892098500626e-16,False,764,8,0.85,0.99,0.07710501628178212
0.6577316312645709,0.9184681416858147,0.2607365104212438,1.0,0.0,0,1.6653345369377348e-15,False,764,8,0.0,1.0,0.07710501628178212
0.7239471171836723,0.7879423124774596,0.06399519529378728,0.99,0.85,0,9.992007221626409e-16,False,765,8,0.85,0.99,0.06399519529378728
0.7185516519639293,0.9418287035956473,0.22327705163171796,1.0,0.0,0,1.2212453270876722e-15,False,765,8,0.0,1.0,0.06399519529378728
0.5374301963399014,0.6667396260587898,0.12930942971888837,0.99,0.85,0,9.43689570931383e-15,False,766,16,0.85,0.99,0.12930942971888837
0.5259430586353896,0.9061440909500972,0.3802010323147076,1.0,0.0,0,1.6653345369377348e-15,False,766,16,0.0,1.0,0.12930942971888837
0.5420450530603688,0.6192299731200224,0.0771849200596536,0.99,0.85,0,9.2148511043888e-15,False,767,16,0.85,0.99,0.0771849200596536
0.5382735784126954,0.8687895166024274,0.330515938189732,1.0,0.0,0,1.9984014443252818e-15,False,767,16,0.0,1.0,0.0771849200596536
0.5508477088421286,0.6406874115930532,0.08983970275092457,0.99,0.85,0,9.103828801926284e-15,False,768,16,0.85,0.99,0.08983970275092457
0.5457167687368984,0.8924257653534605,0.34670899661656207,1.0,0.0,0,1.5543122344752192e-15,False,768,16,0.0,1.0,0.08983970275092457
0.5006654475847008,0.6325133679845819,0.13184792039988114,0.8826197485963827,0.99,1,1.2989609388114332e-14,True,769,24,0.85,0.99,0.13184783619719653
0.5006654475847008,0.8050480580640829,0.3043826104793821,0.8826197485886417,0.0,1,1.4432899320127035e-15,True,769,24,0.0,1.0,0.13184783619719653
0.5451735183728288,0.5903582901002637,0.04518477172743496,0.9845995806413179,0.85,1,8.659739592076221e-15,True,770,16,0.85,0.99,0.045184096141471786
0.5451735183728288,0.8486145710961729,0.3034410527233441,0.9845995805253783,0.0,1,1.887379141862766e-15,True,770,16,0.0,1.0,0.045184096141471786
0.5450799548462979,0.6255521795041803,0.0804722246578824,0.9077246262128912,0.99,1,1.4765966227514582e-14,True,771,24,0.85,0.99,0.08047188229103353
0.5450799548462979,0.8384866606581473,0.29340670581184936,0.9077246262128709,0.0,1,2.1094237467877974e-15,True,771,24,0.0,1.0,0.08047188229103353
0.7197633708696678,0.7851916641780943,0.06542829330842648,0.99,0.85,0,5.551115123125783e-16,False,772,8,0.85,0.99,0.06542829330842648
0.7141325097992794,0.934304244558208,0.2201717347589286,1.0,0.0,0,5.551115123125783e-16,False,772,8,0.0,1.0,0.06542829330842648
0.520735665069227,0.5860515906931607,0.06531592562393373,0.9118222726096257,0.99,1,1.4099832412739488e-14,True,773,24,0.85,0.99,0.06531379330559905
0.5207356650692271,0.8274269179282687,0.30669125285904164,0.9118222723502454,0.0,1,1.6653345369377348e-15,True,773,24,0.0,1.0,0.06531379330559905
0.7069250615238111,0.785768904495183,0.07884384297137192,0.99,0.85,0,7.771561172376096e-16,False,774,8,0.85,0.99,0.07884384297137192
0.6998905506498218,0.938124463009858,0.23823391236003622,1.0,0.0,0,3.3306690738754696e-16,False,774,8,0.0,1.0,0.07884384297137192
0.6708870595135645,0.7483401789751063,0.07745311946154176,0.99,0.85,0,5.551115123125783e-16,False,775,8,0.85,0.99,0.07745311946154176
0.6643104169616287,0.9307593680598403,0.26644895109821154,1.0,0.0,0,1.3322676295501878e-15,False,775,8,0.0,1.0,0.07745311946154176
0.5177027195341165,0.5948882153837092,0.07718549584959267,0.9090851204347662,0.99,1,1.3433698597964394e-14,True,776,24,0.85,0.99,0.07718471344148525
0.5177027195341164,0.8348277576442852,0.3171250381101688,0.909085120434734,0.0,1,1.5543122344752192e-15,True,776,24,0.0,1.0,0.07718471344148525
0.5380416854655254,0.6395777805795723,0.10153609511404682,0.99,0.85,0,8.992806499463768e-15,False,777,16,0.85,0.99,0.10153609511404682
0.5312377153497057,0.8857723841670517,0.3545346688173461,1.0,0.0,0,1.5543122344752192e-15,False,777,16,0.0,1.0,0.10153609511404682
0.4978281149779644,0.6608844306545372,0.16305631567657275,0.8657555744465907,0.99,1,1.3766765505351941e-14,True,778,24,0.85,0.99,0.16305506457132507
0.49782811497796436,0.7920732465590363,0.29424513158107196,0.8657555735182081,0.0,1,1.7763568394002505e-15,True,778,24,0.0,1.0,0.16305506457132507
0.72772832647754,0.7968093507029619,0.06908102422542184,0.99,0.85,0,5.551115123125783e-16,False,779,8,0.85,0.99,0.06908102422542184
0.7216355007548907,0.9391708869271825,0.21753538617229184,1.0,0.0,0,1.1102230246251565e-15,False,779,8,0.0,1.0,0.06908102422542184
0.5017535286596023,0.6336536894642157,0.13190016080461342,0.99,0.85,0,8.881784197001252e-15,False,780,16,0.85,0.99,0.13190016080461342
0.49078819144327235,0.902020498158232,0.4112323067149597,1.0,0.0,0,1.7763568394002505e-15,False,780,16,0.0,1.0,0.13190016080461342
0.49259659056785277,0.5806724632488836,0.08807587268103079,0.99,0.85,0,7.771561172376096e-15,False,781,16,0.85,0.99,0.08807587268103079
0.4880553141361761,0.8568436048871078,0.36878829075093167,1.0,0.0,0,1.7208456881689926e-15,False,781,16,0.0,1.0,0.08807587268103079
0.7848783947241128,0.8349466553619969,0.050068260637884054,0.99,0.85,0,5.551115123125783e-16,False,782,8,0.85,0.99,0.050068260637884054
0.7806099920770786,0.950661877512458,0.1700518854353794,1.0,0.0,0,7.771561172376096e-16,False,782,8,0.0,1.0,0.050068260637884054
0.45413924209914425,0.5536820697814633,0.09954282768231903,0.99,0.85,0,7.438494264988549e-15,False,783,16,0.85,0.99,0.09954282768231903
0.4485372453501179,0.8626106860210168,0.41407344067089885,1.0,0.0,0,1.7208456881689926e-15,False,783,16,0.0,1.0,0.09954282768231903
0.7152085181271154,0.7813763589506968,0.0661678408235814,0.99,0.85,0,1.2212453270876722e-15,False,784,8,0.85,0.99,0.0661678408235814
0.7096182342113457,0.9368435842078753,0.22722534999652955,1.0,0.0,0,9.992007221626409e-16,False,784,8,0.0,1.0,0.0661678408235814
0.5251164963216371,0.6123059562230367,0.08718945990139959,0.9057104580673604,0.99,1,1.3100631690576847e-14,True,785,24,0.85,0.99,0.08718744112439603
0.5251164963216373,0.8200343783297876,0.2949178820081504,0.9057104574392654,0.0,1,1.7763568394002505e-15,True,785,24,0.0,1.0,0.08718744112439603
0.6834706958913965,0.7560818118903204,0.07261111599892389,0.99,0.85,0,8.881784197001252e-16,False,786,8,0.85,0.99,0.07261111599892389
0.6773531352735668,0.9319306098361472,0.2545774745625804,1.0,0.0,0,8.881784197001252e-16,False,786,8,0.0,1.0,0.07261111599892389
0.5090785283683493,0.6751822532399594,0.16610372487161007,0.8632417319976022,0.99,1,1.3322676295501878e-14,True,787,24,0.85,0.99,0.16610246280109897
0.5090785283683492,0.7897446371520357,0.2806661087836865,0.8632417319975381,0.0,1,1.6653345369377348e-15,True,787,24,0.0,1.0,0.16610246280109897
0.7522775047947567,0.8146869501379279,0.062409445343171166,0.99,0.85,0,6.661338147750939e-16,False,788,8,0.85,0.99,0.062409445343171166
0.7469169696813087,0.9527204344374346,0.20580346475612588,1.0,0.0,0,8.881784197001252e-16,False,788,8,0.0,1.0,0.062409445343171166
0.7073946385000194,0.7757726273006282,0.06837798880060886,0.99,0.85,0,9.992007221626409e-16,False,789,8,0.85,0.99,0.06837798880060886
0.7015936440720447,0.9349941099510766,0.23340046587903185,1.0,0.0,0,1.1102230246251565e-15,False,789,8,0.0,1.0,0.06837798880060886
0.5368877213987521,0.5882487284343549,0.05136100703560287,0.9199634922810034,0.99,1,1.4099832412739488e-14,True,790,24,0.85,0.99,0.05136099818707629
0.5368877213987518,0.825528057068026,0.28864033566927416,0.9199634862887601,0.0,1,1.7763568394002505e-15,True,790,24,0.0,1.0,0.05136099818707629
0.5034149893083689,0.7432677094507886,0.23985272014241965,0.85,0.99,0,1.4432899320127035e-14,False,791,24,0.85,0.99,0.23985272014241965
0.5027312019244853,0.7948937212794094,0.2921625193549241,0.837667298969248,1.0,1,1.7763568394002505e-15,True,791,24,0.0,1.0,0.23985272014241965
0.4933768285073846,0.6080395950052159,0.11466276649783125,0.99,0.85,0,8.215650382226158e-15,False,792,16,0.85,0.99,0.11466276649783125
0.4850882325771704,0.8853621038483693,0.40027387127119896,1.0,0.0,0,1.5543122344752192e-15,False,792,16,0.0,1.0,0.11466276649783125
0.4659312885857225,0.5522568915466268,0.0863256029609043,0.9078906530328897,0.99,1,1.1879386363489175e-14,True,793,24,0.85,0.99,0.08632446301323349
0.46593128858572275,0.8114350139534362,0.34550372536771345,0.9078906461416476,0.0,1,1.5543122344752192e-15,True,793,24,0.0,1.0,0.08632446301323349
0.729175818027841,0.7981162720995407,0.06894045407169969,0.99,0.85,0,4.440892098500626e-16,False,794,8,0.85,0.99,0.06894045407169969
0.7231957809943317,0.9457441094240213,0.22254832842968963,1.0,0.0,0,9.992007221626409e-16,False,794,8,0.0,1.0,0.06894045407169969
0.5001726772998004,0.6269778175132106,0.12680514021341016,0.99,0.85,0,8.881784197001252e-15,False,795,16,0.85,0.99,0.12680514021341016
0.4899231597149026,0.8927450921586847,0.4028219324437821,1.0,0.0,0,1.8318679906315083e-15,False,795,16,0.0,1.0,0.12680514021341016
0.780777580570863,0.8367287816246881,0.05595120105382512,0.99,0.85,0,1.1102230246251565e-15,False,796,8,0.85,0.99,0.05595120105382512
0.7759208390126422,0.955509101865443,0.17958826285280083,1.0,0.0,0,6.661338147750939e-16,False,796,8,0.0,1.0,0.05595120105382512
0.517514151409054,0.6253568451638715,0.10784269375481748,0.8884154489979328,0.99,1,1.3988810110276972e-14,True,797,24,0.85,0.99,0.10784206147954678
0.517514151409054,0.8128493402319881,0.2953351888229341,0.8884154489979577,0.0,1,1.5543122344752192e-15,True,797,24,0.0,1.0,0.10784206147954678
0.6840980126042471,0.7635769039117801,0.07947889130753305,0.99,0.85,0,5.551115123125783e-16,False,798,8,0.85,0.99,0.07947889130753305
0.6770667087812777,0.9224245026471782,0.2453577938659005,1.0,0.0,0,1.1102230246251565e-15,False,798,8,0.0,1.0,0.07947889130753305
0.502962762902877,0.7365917420837381,0.23362897918086112,0.8518187951936844,0.99,1,1.454392162258955e-14,True,799,24,0.85,0.99,0.233627356614304
0.502962762902877,0.792010331980706,0.289047569077829,0.8518187969160581,1.0,1,1.887379141862766e-15,True,799,24,0.0,1.0,0.233627356614304
0.5002203559039617,0.6341013691379624,0.1338810132340007,0.99,0.85,0,9.325873406851315e-15,False,800,16,0.85,0.99,0.1338810132340007
0.48904084380991075,0.8932450284220568,0.404204184612146,1.0,0.0,0,1.4432899320127035e-15,False,800,16,0.0,1.0,0.1338810132340007
0.44875413039366036,0.5523256631364987,0.10357153274283831,0.99,0.85,0,7.549516567451064e-15,False,801,16,0.85,0.99,0.10357153274283831
0.44282343442532135,0.8496808138013952,0.4068573793760738,1.0,0.0,0,1.5543122344752192e-15,False,801,16,0.0,1.0,0.10357153274283831
0.5061549788441057,0.6717643439740535,0.16560936512994784,0.8662153307445303,0.99,1,1.3988810110276972e-14,True,802,24,0.85,0.99,0.16560935889439665
0.5061549788441059,0.8024553599491165,0.29630038110501067,0.8662153319439628,0.0,1,1.4432899320127035e-15,True,802,24,0.0,1.0,0.16560935889439665
0.8310930166885251,0.874362990247197,0.043269973558671904,0.99,0.85,0,1.1102230246251565e-15,False,803,8,0.85,0.99,0.043269973558671904
0.8273257622649778,0.9663857163846408,0.139059954119663,1.0,0.0,0,1.2212453270876722e-15,False,803,8,0.0,1.0,0.043269973558671904
0.7633310129767736,0.817247035529389,0.053916022552615406,0.99,0.85,0,9.992007221626409e-16,False,804,8,0.85,0.99,0.053916022552615406
0.7587789995250139,0.947239119858124,0.1884601203331101,1.0,0.0,0,5.551115123125783e-16,False,804,8,0.0,1.0,0.053916022552615406
0.7029719541009011,0.7763579626466021,0.07338600854570099,0.99,0.85,0,5.551115123125783e-16,False,805,8,0.85,0.99,0.07338600854570099
0.6965926046938461,0.9358571257265033,0.23926452103265716,1.0,0.0,0,1.6653345369377348e-15,False,805,8,0.0,1.0,0.07338600854570099
0.5256169977023999,0.6298990747730427,0.10428207707064285,0.8986154057539119,0.99,1,1.3988810110276972e-14,True,806,24,0.85,0.99,0.10428195536899021
0.5256169977023997,0.8160080040633776,0.2903910063609779,0.8986154057539171,0.0,1,2.55351295663786e-15,True,806,24,0.0,1.0,0.10428195536899021
0.45136307691539507,0.6344514284696026,0.1830883515542075,0.8731137695835142,0.99,1,1.2212453270876722e-14,True,807,24,0.85,0.99,0.183086052417321
0.4513630769153949,0.7684465333745332,0.31708345645913827,0.873113769375422,0.0,1,1.4432899320127035e-15,True,807,24,0.0,1.0,0.183086052417321
0.821296898136382,0.8594771050788645,0.038180206942482586,0.99,0.85,0,3.3306690738754696e-16,False,808,8,0.85,0.99,0.038180206942482586
0.8181144533282622,0.9574054433658074,0.1392909900375452,1.0,0.0,0,1.3322676295501878e-15,False,808,8,0.0,1.0,0.038180206942482586
0.5085350564072474,0.6708338374338119,0.16229878102656448,0.8696268905698037,0.99,1,1.4210854715202004e-14,True,809,24,0.85,0.99,0.16229803592376701
0.5085350564072475,0.800894485507532,0.29235942910028445,0.8696268905698945,0.0,1,1.7763568394002505e-15,True,809,24,0.0,1.0,0.16229803592376701
0.7517313335716282,0.8149899461195155,0.06325861254788723,0.99,0.85,0,4.440892098500626e-16,False,810,8,0.85,0.99,0.06325861254788723
0.7462783432679356,0.9527308016585226,0.206452458390587,1.0,0.0,0,1.2212453270876722e-15,False,810,8,0.0,1.0,0.06325861254788723
0.7839167680252644,0.8359793814985554,0.052062613473291,0.99,0.85,0,6.661338147750939e-16,False,811,8,0.85,0.99,0.052062613473291
0.7794615718341797,0.9543032643290786,0.1748416924948989,1.0,0.0,0,1.6653345369377348e-15,False,811,8,0.0,1.0,0.052062613473291
0.793671785425371,0.850354986083506,0.056683200658135036,0.99,0.85,0,6.661338147750939e-16,False,812,8,0.85,0.99,0.056683200658135036
0.7885875841063054,0.9555321783031706,0.16694459419686525,1.0,0.0,0,5.551115123125783e-16,False,812,8,0.0,1.0,0.056683200658135036
0.5445421340736184,0.6045676223009742,0.06002548822735576,0.9209720063171,0.99,1,1.354472090042691e-14,True,813,24,0.85,0.99,0.060024888481384764
0.5445421340736184,0.8452704257393945,0.3007282916657761,0.9209720063171765,0.0,1,1.7763568394002505e-15,True,813,24,0.0,1.0,0.060024888481384764
0.5247218440770774,0.6137110700760644,0.08898922599898695,0.99,0.85,0,8.770761894538737e-15,False,814,16,0.85,0.99,0.08898922599898695
0.520292633065287,0.8816152849709615,0.3613226519056746,1.0,0.0,0,1.6653345369377348e-15,False,814,16,0.0,1.0,0.08898922599898695
0.7725539864070168,0.8285646114069585,0.056010624999941694,0.99,0.85,0,1.3322676295501878e-15,False,815,8,0.85,0.99,0.056010624999941694
0.7677185656635735,0.9507841614496007,0.1830655957860271,1.0,0.0,0,9.992007221626409e-16,False,815,8,0.0,1.0,0.056010624999941694
0.4613892338805467,0.5831878729389257,0.12179863905837901,0.99,0.85,0,8.271161533457416e-15,False,816,16,0.85,0.99,0.12179863905837901
0.45231575115977174,0.8701371419937945,0.4178213908340228,1.0,0.0,0,1.9984014443252818e-15,False,816,16,0.0,1.0,0.12179863905837901
0.5545744652615265,0.6591953251682523,0.10462085990672576,0.8899979863775475,0.99,1,1.4432899320127035e-14,True,817,24,0.85,0.99,0.10462085988431336
0.5545744652615265,0.8223498134018421,0.26777534814031556,0.8899979863179975,0.0,1,1.5543122344752192e-15,True,817,24,0.0,1.0,0.10462085988431336
0.5242213010111382,0.6204638942505605,0.0962425932394223,0.99,0.85,0,4.440892098500626e-16,False,818,8,0.85,0.99,0.0962425932394223
0.5163362980058261,0.8854047146179549,0.36906841661212875,1.0,0.0,0,5.551115123125783e-16,False,818,8,0.0,1.0,0.0962425932394223
0.5119718038428259,0.5816668262411212,0.06969502239829528,0.9159648033986261,0.99,1,1.3655743202889425e-14,True,819,24,0.85,0.99,0.06969439834017399
0.5119718038428259,0.8327227204345033,0.3207509165916774,0.9159648033986243,0.0,1,1.887379141862766e-15,True,819,24,0.0,1.0,0.06969439834017399
0.5109632148221431,0.6462577720972709,0.13529455727512774,0.8837527851791174,0.99,1,1.3655743202889425e-14,True,820,24,0.85,0.99,0.13529455722902695
0.5109632148221432,0.802738578335244,0.29177536351310074,0.8837527806769896,0.0,1,1.7763568394002505e-15,True,820,24,0.0,1.0,0.13529455722902695
0.6939214567477463,0.7727955003207241,0.07887404357297778,0.99,0.85,0,8.881784197001252e-16,False,821,8,0.85,0.99,0.07887404357297778
0.6870726451467659,0.9340330513375114,0.24696040619074544,1.0,0.0,0,4.440892098500626e-16,False,821,8,0.0,1.0,0.07887404357297778
0.4531760214153193,0.5471837131186427,0.09400769170332335,0.8966476381414277,0.99,1,1.1823875212257917e-14,True,822,24,0.85,0.99,0.09400671505920583
0.4531760214153194,0.791728538135986,0.3385525167206666,0.8966476378499405,0.0,1,1.5543122344752192e-15,True,822,24,0.0,1.0,0.09400671505920583
0.5276443542465512,0.6199611099093127,0.09231675566276154,0.99,0.85,0,8.770761894538737e-15,False,823,16,0.85,0.99,0.09231675566276154
0.5223373321068144,0.8820213466718549,0.3596840145650405,1.0,0.0,0,1.9984014443252818e-15,False,823,16,0.0,1.0,0.09231675566276154
0.44821518147618133,0.5463829336509184,0.09816775217473706,0.99,0.85,0,7.771561172376096e-15,False,824,16,0.85,0.99,0.09816775217473706
0.4431543268587993,0.8579060111135651,0.41475168425476583,1.0,0.0,0,1.6653345369377348e-15,False,824,16,0.0,1.0,0.09816775217473706
0.4605121149015231,0.533904662581101,0.07339254767957792,0.9152612220022533,0.99,1,1.1823875212257917e-14,True,825,24,0.85,0.99,0.07339200455692801
0.460512114901523,0.8220291199154482,0.36151700501392525,0.9152612220022436,0.0,1,1.887379141862766e-15,True,825,24,0.0,1.0,0.07339200455692801
0.49046404217419426,0.6669887119475286,0.17652466977333436,0.8645886877293999,0.99,1,1.3433698597964394e-14,True,826,24,0.85,0.99,0.17652379099603738
0.4904640421741942,0.7783029680043728,0.2878389258301786,0.8645886877294404,0.0,1,1.6653345369377348e-15,True,826,24,0.0,1.0,0.17652379099603738
0.6370713398046963,0.7269417556353397,0.08987041583064337,0.99,0.85,0,5.551115123125783e-16,False,827,8,0.85,0.99,0.08987041583064337
0.6292682198550577,0.921642760753141,0.29237454089808335,1.0,0.0,0,8.881784197001252e-16,False,827,8,0.0,1.0,0.08987041583064337
0.7356285711315811,0.8046295739392738,0.06900100280769272,0.99,0.85,0,6.661338147750939e-16,False,828,8,0.85,0.99,0.06900100280769272
0.7295085503161556,0.9441878783019244,0.21467932798576883,1.0,0.0,0,7.771561172376096e-16,False,828,8,0.0,1.0,0.06900100280769272
0.7049863353231876,0.7712119091322004,0.06622557380901284,0.99,0.85,0,5.551115123125783e-16,False,829,8,0.85,0.99,0.06622557380901284
0.6994642879827218,0.9370208719687131,0.23755658398599133,1.0,0.0,0,1.7763568394002505e-15,False,829,8,0.0,1.0,0.06622557380901284
0.5192861295161914,0.6066437102334327,0.08735758071724131,0.9026258621221586,0.99,1,1.3433698597964394e-14,True,830,24,0.85,0.99,0.08735747590153331
0.5192861295161915,0.8405372533932457,0.32125112387705423,0.9026258615668006,0.0,1,1.7763568394002505e-15,True,830,24,0.0,1.0,0.08735747590153331
0.5394006290082967,0.6242458279255744,0.08484519891727771,0.9031683164266772,0.99,1,1.4210854715202004e-14,True,831,24,0.85,0.99,0.08484305706414308
0.5394006290082968,0.8192158086270344,0.2798151796187376,0.9031683157506487,0.0,1,1.6653345369377348e-15,True,831,24,0.0,1.0,0.08484305706414308
0.7849934423427375,0.8383711556065514,0.05337771326381391,0.99,0.85,0,1.2212453270876722e-15,False,832,8,0.85,0.99,0.05337771326381391
0.7803787996094544,0.9535074677683706,0.17312866815891614,1.0,0.0,0,1.5543122344752192e-15,False,832,8,0.0,1.0,0.05337771326381391
0.55398276262443,0.6403352081450081,0.08635244552057808,0.99,0.85,0,8.992806499463768e-15,False,833,16,0.85,0.99,0.08635244552057808
0.5496170542454311,0.8908419275147034,0.3412248732692723,1.0,0.0,0,1.3322676295501878e-15,False,833,16,0.0,1.0,0.08635244552057808
0.5081031752877471,0.6275908966040651,0.11948772131631802,0.99,0.85,0,8.659739592076221e-15,False,834,16,0.85,0.99,0.11948772131631802
0.4994569396405849,0.8769762449473452,0.37751930530676026,1.0,0.0,0,1.7763568394002505e-15,False,834,16,0.0,1.0,0.11948772131631802
0.8218841136717893,0.8673552286866171,0.04547111501482781,0.99,0.85,0,4.440892098500626e-16,False,835,8,0.85,0.99,0.04547111501482781
0.8179581509527354,0.965815574450588,0.14785742349785258,1.0,0.0,0,1.6653345369377348e-15,False,835,8,0.0,1.0,0.04547111501482781
0.7501096129955737,0.8134760212644309,0.0633664082688572,0.99,0.85,0,5.551115123125783e-16,False,836,8,0.85,0.99,0.0633664082688572
0.7445481315055993,0.9448232280087042,0.20027509650310493,1.0,0.0,0,1.3322676295501878e-15,False,836,8,0.0,1.0,0.0633664082688572
0.5108691208276499,0.6807784966769037,0.1699093758492538,0.8742083568981498,0.99,1,1.354472090042691e-14,True,837,24,0.85,0.99,0.1699081521190594
0.51086912082765,0.8013792250667644,0.2905101042391144,0.8742083567430775,0.0,1,1.5543122344752192e-15,True,837,24,0.0,1.0,0.1699081521190594
0.4909335089138463,0.582698412395524,0.0917649034816777,0.9070022347214086,0.99,1,1.2878587085651816e-14,True,838,24,0.85,0.99,0.09176302370018996
0.49093350891384635,0.8229258010049246,0.3319922920910783,0.9070022340357023,0.0,1,1.887379141862766e-15,True,838,24,0.0,1.0,0.09176302370018996
0.5203806410321826,0.6003863705417694,0.08000572950958673,0.99,0.85,0,8.548717289613705e-15,False,839,16,0.85,0.99,0.08000572950958673
0.5169287914215679,0.8665664362299069,0.34963764480833903,1.0,0.0,0,1.887379141862766e-15,False,839,16,0.0,1.0,0.08000572950958673
0.48418968904680837,0.5771322759934931,0.09294258694668478,0.9047014346097181,0.99,1,1.27675647831893e-14,True,840,24,0.85,0.99,0.09294193473048551
0.48418968904680826,0.8208678386344166,0.33667814958760833,0.9047014341008801,0.0,1,1.6653345369377348e-15,True,840,24,0.0,1.0,0.09294193473048551
0.5256966905371548,0.5646643088942735,0.038967618357118705,0.9329976545890674,0.99,1,1.3655743202889425e-14,True,841,24,0.85,0.99,0.03896561910733176
0.525696690537155,0.8436446494379584,0.3179479589008034,0.9329976545889986,0.0,1,1.4432899320127035e-15,True,841,24,0.0,1.0,0.03896561910733176
0.4259589865353576,0.5251592406734256,0.09920025413806799,0.99,0.85,0,7.494005416219807e-15,False,842,16,0.85,0.99,0.09920025413806799
0.42130179622289876,0.8540807512525099,0.43277895502961117,1.0,0.0,0,1.4432899320127035e-15,False,842,16,0.0,1.0,0.09920025413806799
0.49226621244084817,0.5801059201623862,0.08783970772153799,0.99,0.85,0,8.548717289613705e-15,False,843,16,0.85,0.99,0.08783970772153799
0.48801230102667287,0.866738164654699,0.3787258636280261,1.0,0.0,0,1.609823385706477e-15,False,843,16,0.0,1.0,0.08783970772153799
0.7700014692112814,0.8296945978528678,0.05969312864158638,0.99,0.85,0,3.3306690738754696e-16,False,844,8,0.85,0.99,0.05969312864158638
0.764761395488966,0.949611239663431,0.18484984417446493,1.0,0.0,0,8.881784197001252e-16,False,844,8,0.0,1.0,0.05969312864158638
0.8107896697134689,0.8600595116336338,0.049269841920164925,0.99,0.85,0,9.992007221626409e-16,False,845,8,0.85,0.99,0.049269841920164925
0.8065253214851299,0.964778863292272,0.15825354180714213,1.0,0.0,0,1.887379141862766e-15,False,845,8,0.0,1.0,0.049269841920164925
0.49612560012638784,0.7303066752674834,0.23418107514109554,0.85,0.99,0,1.3655743202889425e-14,False,846,24,0.85,0.99,0.23418107514109554
0.49583234926975284,0.7818670621630246,0.28603471289327176,0.8420504376154954,1.0,1,1.5543122344752192e-15,True,846,24,0.0,1.0,0.23418107514109554
0.5242934167066223,0.6577721381196737,0.1334787214130514,0.99,0.85,0,9.658940314238862e-15,False,847,16,0.85,0.99,0.1334787214130514
0.5123790420639053,0.9014474325732678,0.3890683905093625,1.0,0.0,0,1.5543122344752192e-15,False,847,16,0.0,1.0,0.1334787214130514
0.501925993993803,0.5456797396418682,0.04375374564806522,0.9040912202793272,0.99,1,7.993605777301127e-15,True,848,16,0.85,0.99,0.0437532696524634
0.5019259939938031,0.8180070125971739,0.3160810186033708,0.9040912201083703,0.0,1,1.4432899320127035e-15,True,848,16,0.0,1.0,0.0437532696524634
0.4914323502567387,0.6494417646351358,0.1580094143783971,0.875497354813346,0.99,1,1.3378187446733136e-14,True,849,24,0.85,0.99,0.15800797099377156
0.4914323502567387,0.8085676498316394,0.3171352995749007,0.8754973550693215,0.0,1,1.5543122344752192e-15,True,849,24,0.0,1.0,0.15800797099377156
0.799741436392961,0.8471970091209837,0.0474555727280227,0.99,0.85,0,8.881784197001252e-16,False,850,8,0.85,0.99,0.0474555727280227
0.7957169796411331,0.958420784943654,0.16270380530252093,1.0,0.0,0,6.661338147750939e-16,False,850,8,0.0,1.0,0.0474555727280227
0.44678487046705606,0.5718727273383694,0.1250878568713133,0.99,0.85,0,7.216449660063518e-15,False,851,16,0.85,0.99,0.1250878568713133
0.437432794716579,0.8753169419725098,0.4378841472559308,1.0,0.0,0,1.9984014443252818e-15,False,851,16,0.0,1.0,0.1250878568713133
0.44417047981864544,0.5874322921907039,0.14326181237205848,0.99,0.85,0,7.882583474838611e-15,False,852,16,0.85,0.99,0.14326181237205848
0.4325096425191677,0.8670940264505849,0.4345843839314172,1.0,0.0,0,1.6653345369377348e-15,False,852,16,0.0,1.0,0.14326181237205848
0.5105919196816412,0.6091303055096333,0.09853838582799213,0.99,0.85,0,8.43769498715119e-15,False,853,16,0.85,0.99,0.09853838582799213
0.5043892383612695,0.8695624518997723,0.36517321353850285,1.0,0.0,0,1.5543122344752192e-15,False,853,16,0.0,1.0,0.09853838582799213
0.5266394294012045,0.6051711323666125,0.07853170296540801,0.99,0.85,0,8.770761894538737e-15,False,854,16,0.85,0.99,0.07853170296540801
0.5231011710471605,0.8604200509020774,0.33731887985491693,1.0,0.0,0,1.7763568394002505e-15,False,854,16,0.0,1.0,0.07853170296540801
0.4785214984475947,0.6158845059599238,0.13736300751232916,0.99,0.85,0,8.659739592076221e-15,False,855,16,0.85,0.99,0.13736300751232916
0.46756761389261325,0.8919064619750859,0.4243388480824727,1.0,0.0,0,1.887379141862766e-15,False,855,16,0.0,1.0,0.13736300751232916
0.8068258822448305,0.8629504717688077,0.05612458952397714,0.99,0.85,0,7.771561172376096e-16,False,856,8,0.85,0.99,0.05612458952397714
0.8016817125847027,0.9588309115702178,0.15714919898551516,1.0,0.0,0,8.881784197001252e-16,False,856,8,0.0,1.0,0.05612458952397714
0.5431380538055453,0.675018062950532,0.13188000914498677,0.99,0.85,0,9.658940314238862e-15,False,857,16,0.85,0.99,0.13188000914498677
0.5315031906671982,0.9117484768207422,0.380245286153544,1.0,0.0,0,1.2212453270876722e-15,False,857,16,0.0,1.0,0.13188000914498677
0.4470542309903628,0.5773487883963244,0.13029455740596163,0.8875651656494183,0.99,1,1.149080830487037e-14,True,858,24,0.85,0.99,0.13029453009077552
0.4470542309903628,0.7823130087786387,0.33525877778827595,0.8875651656494525,0.0,1,1.6653345369377348e-15,True,858,24,0.0,1.0,0.13029453009077552
0.5985930752725994,0.6544885869314605,0.055895511658861086,0.915852792446294,0.99,1,1.509903313490213e-14,True,859,24,0.85,0.99,0.05589454680202044
0.5985930752725998,0.8437291816685373,0.24513610639593753,0.9158527924462923,0.0,1,1.887379141862766e-15,True,859,24,0.0,1.0,0.05589454680202044
0.7911328176380386,0.8450081285202604,0.05387531088222186,0.99,0.85,0,4.440892098500626e-16,False,860,8,0.85,0.99,0.05387531088222186
0.7864516249363149,0.9560014330467788,0.16954980811046383,1.0,0.0,0,4.440892098500626e-16,False,860,8,0.0,1.0,0.05387531088222186
0.721507492519958,0.7899682634279673,0.06846077090800928,0.99,0.85,0,6.661338147750939e-16,False,861,8,0.85,0.99,0.06846077090800928
0.7156036024015764,0.9422730403553756,0.22666943795379924,1.0,0.0,0,1.3322676295501878e-15,False,861,8,0.0,1.0,0.06846077090800928
0.4545359457334464,0.5534138038607488,0.09887785812730238,0.99,0.85,0,7.993605777301127e-15,False,862,16,0.85,0.99,0.09887785812730238
0.4499214093022167,0.8687287637766306,0.41880735447441386,1.0,0.0,0,1.6653345369377348e-15,False,862,16,0.0,1.0,0.09887785812730238
0.5156856108383092,0.562930269265371,0.047244658427061825,0.985173729864119,0.85,1,8.104628079763643e-15,True,863,16,0.85,0.99,0.04724452778623056
0.5156856108383089,0.8462956350247013,0.3306100241863924,0.9851737302534926,0.0,1,2.220446049250313e-15,True,863,16,0.0,1.0,0.04724452778623056
0.7961190900471447,0.8383953336931513,0.042276243646006684,0.99,0.85,0,5.551115123125783e-16,False,864,8,0.85,0.99,0.042276243646006684
0.7926387973644208,0.951522016972141,0.15888321960772023,1.0,0.0,0,8.881784197001252e-16,False,864,8,0.0,1.0,0.042276243646006684
0.455417126382423,0.6183273197330785,0.16291019335065554,0.8735391023624905,0.99,1,1.2156942119645464e-14,True,865,24,0.85,0.99,0.16290993674713927
0.45541712638242304,0.7689180692826955,0.3135009429002724,0.8735391022183843,0.0,1,1.5543122344752192e-15,True,865,24,0.0,1.0,0.16290993674713927
0.4722965351287872,0.6181157649839418,0.1458192298551546,0.99,0.85,0,8.493206138382448e-15,False,866,16,0.85,0.99,0.1458192298551546
0.4598711655771472,0.8954759038517024,0.4356047382745552,1.0,0.0,0,1.6653345369377348e-15,False,866,16,0.0,1.0,0.1458192298551546
0.465123436533789,0.586146686193044,0.12102324965925498,0.99,0.85,0,8.215650382226158e-15,False,867,16,0.85,0.99,0.12102324965925498
0.45678832059220764,0.8781671166236381,0.42137879603143047,1.0,0.0,0,1.7763568394002505e-15,False,867,16,0.0,1.0,0.12102324965925498
0.44425303490072116,0.5509265696887098,0.10667353478798863,0.9013679027680674,0.99,1,1.2323475573339238e-14,True,868,24,0.85,0.99,0.10667343004891783
0.4442530349007211,0.7966914271198118,0.3524383922190907,0.9013679026962778,0.0,1,1.9984014443252818e-15,True,868,24,0.0,1.0,0.10667343004891783
0.8638518446557091,0.900249046606608,0.036397201950898905,0.99,0.85,0,8.881784197001252e-16,False,869,8,0.85,0.99,0.036397201950898905
0.8606639960098015,0.9741194996199648,0.11345550361016332,1.0,0.0,0,3.3306690738754696e-16,False,869,8,0.0,1.0,0.036397201950898905
0.7488028047602912,0.8077820980914766,0.058979293331185456,0.99,0.85,0,1.1102230246251565e-15,False,870,8,0.85,0.99,0.058979293331185456
0.7437325734203649,0.9403191716517587,0.1965865982313938,1.0,0.0,0,6.661338147750939e-16,False,870,8,0.0,1.0,0.058979293331185456
0.5052186293648094,0.6700134898336103,0.16479486046880087,0.8807932533671742,0.99,1,1.3988810110276972e-14,True,871,24,0.85,0.99,0.1647935016552845
0.5052186293648094,0.8112956678109726,0.3060770384461632,0.8807932537125902,0.0,1,1.7763568394002505e-15,True,871,24,0.0,1.0,0.1647935016552845
0.488538731951069,0.7045051588513801,0.2159664269003111,0.8529490476106394,0.99,1,1.3988810110276972e-14,True,872,24,0.85,0.99,0.2159654422535866
0.48853873195106906,0.7769920301690354,0.28845329821796634,0.852949047522422,0.0,1,1.6653345369377348e-15,True,872,24,0.0,1.0,0.2159654422535866
0.4946980501769839,0.6371313990818851,0.14243334890490122,0.8839276255571346,0.99,1,1.3100631690576847e-14,True,873,24,0.85,0.99,0.14243315109373045
0.49469805017698404,0.8014199638908175,0.30672191371383345,0.8839276255571973,0.0,1,1.6653345369377348e-15,True,873,24,0.0,1.0,0.14243315109373045
0.48238260209852907,0.5916734621785633,0.10929086008003425,0.8918975701690787,0.99,1,1.3211653993039363e-14,True,874,24,0.85,0.99,0.10928862631229608
0.4823826020985289,0.7944509974592644,0.3120683953607355,0.8918975701690539,0.0,1,1.5543122344752192e-15,True,874,24,0.0,1.0,0.10928862631229608
0.4993335890630146,0.5974463797570347,0.09811279069402012,0.99,0.85,0,8.548717289613705e-15,False,875,16,0.85,0.99,0.09811279069402012
0.49383392160408623,0.8778682873298626,0.3840343657257763,1.0,0.0,0,1.5543122344752192e-15,False,875,16,0.0,1.0,0.09811279069402012
0.85517855015668,0.892264193248491,0.03708564309181106,0.99,0.85,0,4.440892098500626e-16,False,876,8,0.85,0.99,0.03708564309181106
0.8519526556708138,0.9705166099952784,0.11856395432446465,1.0,0.0,0,9.992007221626409e-16,False,876,8,0.0,1.0,0.03708564309181106
0.5169403636812521,0.6406798590304544,0.12373949534920237,0.99,0.85,0,8.992806499463768e-15,False,877,16,0.85,0.99,0.12373949534920237
0.5069474980340326,0.8831709911096494,0.37622349307561676,1.0,0.0,0,1.887379141862766e-15,False,877,16,0.0,1.0,0.12373949534920237
0.48570178424469873,0.6140637417216471,0.1283619574769484,0.8880200809634031,0.99,1,1.2934098236883074e-14,True,878,24,0.85,0.99,0.12836022978633782
0.485701784244699,0.7955439782783704,0.3098421940336714,0.8880200806668032,0.0,1,1.7763568394002505e-15,True,878,24,0.0,1.0,0.12836022978633782
0.430581526453908,0.5604354065213976,0.12985388006748955,0.99,0.85,0,7.93809462606987e-15,False,879,16,0.85,0.99,0.12985388006748955
0.42115897138395175,0.8782828756855027,0.4571239043015509,1.0,0.0,0,1.4432899320127035e-15,False,879,16,0.0,1.0,0.12985388006748955
0.512085700000647,0.5955798067601635,0.08349410675951652,0.9042695564571743,0.99,1,1.3100631690576847e-14,True,880,24,0.85,0.99,0.08349234356804502
0.5120857000006471,0.8203311340921565,0.3082454340915094,0.9042695560560594,0.0,1,1.4432899320127035e-15,True,880,24,0.0,1.0,0.08349234356804502
0.45259726277813805,0.5742260494718976,0.12162878669375954,0.99,0.85,0,7.993605777301127e-15,False,881,16,0.85,0.99,0.12162878669375954
0.4441320171233957,0.8792360712284135,0.43510405410501785,1.0,0.0,0,1.2212453270876722e-15,False,881,16,0.0,1.0,0.12162878669375954
0.7148710832852427,0.7852334996404386,0.07036241635519591,0.99,0.85,0,4.440892098500626e-16,False,882,8,0.85,0.99,0.07036241635519591
0.7087462839473084,0.9332055658619482,0.22445928191463982,1.0,0.0,0,1.1102230246251565e-15,False,882,8,0.0,1.0,0.07036241635519591
0.7247370614740013,0.7842533122964894,0.059516250822488126,0.99,0.85,0,4.440892098500626e-16,False,883,8,0.85,0.99,0.059516250822488126
0.719742322254894,0.9304524306440338,0.21071010838913984,1.0,0.0,0,7.771561172376096e-16,False,883,8,0.0,1.0,0.059516250822488126
0.4946315740771975,0.6419095598983493,0.1472779858211518,0.8775170938216402,0.99,1,1.3322676295501878e-14,True,884,24,0.85,0.99,0.14727798416336135
0.4946315740771976,0.7928491709111314,0.2982175968339338,0.877517093821556,0.0,1,1.5543122344752192e-15,True,884,24,0.0,1.0,0.14727798416336135
0.5208093656329655,0.6217414211975811,0.1009320555646156,0.9002470849270254,0.99,1,1.3988810110276972e-14,True,885,24,0.85,0.99,0.10093164499040752
0.5208093656329656,0.8194602328126479,0.29865086717968226,0.9002470849270476,0.0,1,1.6653345369377348e-15,True,885,24,0.0,1.0,0.10093164499040752
0.8156877773234656,0.8625946593084587,0.04690688198499304,0.99,0.85,0,7.771561172376096e-16,False,886,8,0.85,0.99,0.04690688198499304
0.8116139536363416,0.9624102567719848,0.15079630313564318,1.0,0.0,0,1.3322676295501878e-15,False,886,8,0.0,1.0,0.04690688198499304
0.574413665014202,0.6799794435021076,0.1055657784879056,0.8879842812006694,0.99,1,1.4654943925052066e-14,True,887,24,0.85,0.99,0.10556455636177475
0.5744136650142022,0.8192703055034132,0.24485664048921096,0.8879842812007075,0.0,1,1.5543122344752192e-15,True,887,24,0.0,1.0,0.10556455636177475
0.496035999095388,0.64461148853494,0.148575489439552,0.8778067445863565,0.99,1,1.354472090042691e-14,True,888,24,0.85,0.99,0.14857494190500808
0.496035999095388,0.7999485619264599,0.30391256283107193,0.8778067445862852,0.0,1,1.3322676295501878e-15,True,888,24,0.0,1.0,0.14857494190500808
0.48635342738757054,0.6027681031695413,0.11641467578197079,0.8956326389255735,0.99,1,1.2823075934420558e-14,True,889,24,0.85,0.99,0.11641203671996209
0.4863534273875705,0.8072002606259043,0.32084683323833385,0.8956326383866853,0.0,1,1.4432899320127035e-15,True,889,24,0.0,1.0,0.11641203671996209
0.5497515895893368,0.6757451395354424,0.12599354994610557,0.99,0.85,0,9.43689570931383e-15,False,890,16,0.85,0.99,0.12599354994610557
0.538919080874226,0.8998040667655652,0.3608849858913392,1.0,0.0,0,1.887379141862766e-15,False,890,16,0.0,1.0,0.12599354994610557
0.7116085145084609,0.7812239709966111,0.06961545648815026,0.99,0.85,0,1.1102230246251565e-15,False,891,8,0.85,0.99,0.06961545648815026
0.7055641799302612,0.9303189267492795,0.2247547468190183,1.0,0.0,0,4.440892098500626e-16,False,891,8,0.0,1.0,0.06961545648815026
0.5399277332845449,0.7036257029679216,0.1636979696833767,0.8716052110028092,0.99,1,1.4765966227514582e-14,True,892,24,0.85,0.99,0.16369729763431395
0.5399277332845451,0.8008639436112845,0.2609362103267394,0.87160521091654,0.0,1,1.7763568394002505e-15,True,892,24,0.0,1.0,0.16369729763431395
0.4607097872085931,0.6198334614953699,0.15912367428677676,0.99,0.85,0,8.271161533457416e-15,False,893,16,0.85,0.99,0.15912367428677676
0.4464016063826757,0.8849615328971414,0.43855992651446574,1.0,0.0,0,1.5543122344752192e-15,False,893,16,0.0,1.0,0.15912367428677676
0.5347758145078172,0.6710354174314394,0.13625960292362216,0.99,0.85,0,9.2148511043888e-15,False,894,16,0.85,0.99,0.13625960292362216
0.522703916390899,0.9132559118011456,0.39055199541024666,1.0,0.0,0,1.4432899320127035e-15,False,894,16,0.0,1.0,0.13625960292362216
0.5018311369565739,0.7056821815522739,0.20385104459570003,0.8508600888263054,0.99,1,1.3988810110276972e-14,True,895,24,0.85,0.99,0.20385035985328204
0.5018311369565738,0.7609955296027064,0.25916439264613267,0.8508600887255862,0.0,1,1.3322676295501878e-15,True,895,24,0.0,1.0,0.20385035985328204
0.48753461782426966,0.5514452194447356,0.06391060162046591,0.9154081588527991,0.99,1,1.2434497875801753e-14,True,896,24,0.85,0.99,0.0639094070184521
0.4875346178242694,0.829907480218345,0.34237286239407566,0.9154081566678819,0.0,1,2.1094237467877974e-15,True,896,24,0.0,1.0,0.0639094070184521
0.550553849366812,0.592756474335789,0.04220262496897709,0.9290652586385121,0.99,1,1.3988810110276972e-14,True,897,24,0.85,0.99,0.042201874353281155
0.550553849366812,0.865815322606196,0.315261473239384,0.9290652553782279,0.0,1,1.4432899320127035e-15,True,897,24,0.0,1.0,0.042201874353281155
0.5000531969832088,0.5727288584318533,0.07267566144864446,0.99,0.85,0,8.215650382226158e-15,False,898,16,0.85,0.99,0.07267566144864446
0.4980227345256375,0.8561378812251907,0.35811514669955324,1.0,0.0,0,1.3322676295501878e-15,False,898,16,0.0,1.0,0.07267566144864446
0.7852841558195899,0.8395790474248844,0.05429489160529455,0.99,0.85,0,4.440892098500626e-16,False,899,8,0.85,0.99,0.05429489160529455
0.780523571828198,0.9517440806479507,0.1712205088197527,1.0,0.0,0,9.992007221626409e-16,False,899,8,0.0,1.0,0.05429489160529455
0.4673350658807459,0.6181814071988927,0.15084634131814678,0.87412322470974,0.99,1,1.2878587085651816e-14,True,900,24,0.85,0.99,0.1508455702186146
0.4673350658807458,0.7889045702701063,0.3215695043893605,0.8741232246177199,0.0,1,1.4432899320127035e-15,True,900,24,0.0,1.0,0.1508455702186146
0.5164220085178741,0.5880544889216135,0.07163248040373937,0.9125506497832977,0.99,1,1.2878587085651816e-14,True,901,24,0.85,0.99,0.0716324621279798
0.5164220085178742,0.8277012177212187,0.3112792092033445,0.9125506490883293,0.0,1,2.220446049250313e-15,True,901,24,0.0,1.0,0.0716324621279798
0.6649107868527571,0.7488308740996416,0.08392008724688449,0.99,0.85,0,6.661338147750939e-16,False,902,8,0.85,0.99,0.08392008724688449
0.6575704453014621,0.9228550656423076,0.26528462034084543,1.0,0.0,0,6.661338147750939e-16,False,902,8,0.0,1.0,0.08392008724688449
0.5007149900060748,0.6333573316362207,0.13264234163014588,0.99,0.85,0,8.659739592076221e-15,False,903,16,0.85,0.99,0.13264234163014588
0.4892149329989639,0.8945915854896942,0.4053766524907303,1.0,0.0,0,1.6653345369377348e-15,False,903,16,0.0,1.0,0.13264234163014588
0.5253427951372446,0.6070836526925556,0.08174085755531102,0.9024885907971972,0.99,1,1.3988810110276972e-14,True,904,24,0.85,0.99,0.08174085675083642
0.5253427951372447,0.8223463343558043,0.2970035392185596,0.9024885902398441,0.0,1,1.887379141862766e-15,True,904,24,0.0,1.0,0.08174085675083642
0.47340411095908297,0.5784935703370737,0.10508945937799075,0.8953742162471999,0.99,1,1.2601031329495527e-14,True,905,24,0.85,0.99,0.10508854221733549
0.47340411095908286,0.8090722390927582,0.3356681281336753,0.8953742156884598,0.0,1,1.887379141862766e-15,True,905,24,0.0,1.0,0.10508854221733549
0.5049358959125587,0.6733043234194571,0.1683684275068984,0.8664176054797809,0.99,1,1.3433698597964394e-14,True,906,24,0.85,0.99,0.16836828450449748
0.5049358959125588,0.791088454986001,0.28615255907344217,0.866417605479921,0.0,1,1.887379141862766e-15,True,906,24,0.0,1.0,0.16836828450449748
0.4600920603600299,0.5802902890212787,0.12019822866124874,0.99,0.85,0,7.993605777301127e-15,False,907,16,0.85,0.99,0.12019822866124874
0.4513434548847617,0.8728948193435724,0.4215513644588107,1.0,0.0,0,1.887379141862766e-15,False,907,16,0.0,1.0,0.12019822866124874
0.47222940018072007,0.5645360872343321,0.09230668705361206,0.905183125284632,0.99,1,1.2101430968414206e-14,True,908,24,0.85,0.99,0.09230643901713376
0.47222940018072,0.8218601856973644,0.3496307855166444,0.905183124799712,0.0,1,1.5543122344752192e-15,True,908,24,0.0,1.0,0.09230643901713376
0.6165194711793045,0.7092007031149631,0.09268123193565858,0.99,0.85,0,4.440892098500626e-16,False,909,8,0.85,0.99,0.09268123193565858
0.6086153728032506,0.9184382626492651,0.30982288984601447,1.0,0.0,0,1.2212453270876722e-15,False,909,8,0.0,1.0,0.09268123193565858
0.8119564687533849,0.8590108592521063,0.0470543904987214,0.99,0.85,0,6.661338147750939e-16,False,910,8,0.85,0.99,0.0470543904987214
0.8078805808960201,0.9593616823651374,0.1514811014691173,1.0,0.0,0,6.661338147750939e-16,False,910,8,0.0,1.0,0.0470543904987214
0.49731835235333155,0.5700046092545694,0.07268625690123787,0.99,0.85,0,8.215650382226158e-15,False,911,16,0.85,0.99,0.07268625690123787
0.49548984154247566,0.8607126867330332,0.3652228451905576,1.0,0.0,0,1.887379141862766e-15,False,911,16,0.0,1.0,0.07268625690123787
0.49463269504799684,0.6342453258870051,0.13961263083900827,0.880701179289746,0.99,1,1.3100631690576847e-14,True,912,24,0.85,0.99,0.13961083443833988
0.4946326950479969,0.8078144953216126,0.31318180027361575,0.8807011785757346,0.0,1,1.7763568394002505e-15,True,912,24,0.0,1.0,0.13961083443833988
0.7006234952059203,0.7771840719122752,0.07656057670635497,0.99,0.85,0,4.440892098500626e-16,False,913,8,0.85,0.99,0.07656057670635497
0.6939823363032028,0.9420106014644138,0.24802826516121101,1.0,0.0,0,9.992007221626409e-16,False,913,8,0.0,1.0,0.07656057670635497
0.5069378172353697,0.724657223967302,0.21771940673193235,0.85,0.99,0,1.4210854715202004e-14,False,914,24,0.85,0.99,0.21771940673193235
0.5069253738846157,0.7743831598958949,0.26745778601127923,0.8483593650095956,1.0,1,1.6653345369377348e-15,True,914,24,0.0,1.0,0.21771940673193235
0.48490943721015023,0.6834281648449286,0.1985187276347784,0.8574705186713246,0.99,1,1.3211653993039363e-14,True,915,24,0.85,0.99,0.19851872322041253
0.48490943721015,0.7808666593795606,0.29595722216941056,0.8574705186714257,0.0,1,1.2212453270876722e-15,True,915,24,0.0,1.0,0.19851872322041253
0.7213938856942679,0.7940062852589416,0.07261239956467369,0.99,0.85,0,6.661338147750939e-16,False,916,8,0.85,0.99,0.07261239956467369
0.7149947569675815,0.940654351701672,0.22565959473409047,1.0,0.0,0,7.771561172376096e-16,False,916,8,0.0,1.0,0.07261239956467369
0.5066746287011051,0.6275559903380254,0.12088136163692031,0.99,0.85,0,8.881784197001252e-15,False,917,16,0.85,0.99,0.12088136163692031
0.4974470984717677,0.8887457518607684,0.3912986533890007,1.0,0.0,0,1.9984014443252818e-15,False,917,16,0.0,1.0,0.12088136163692031
0.8352718725035518,0.8785884241955048,0.04331655169195292,0.99,0.85,0,3.3306690738754696e-16,False,918,8,0.85,0.99,0.04331655169195292
0.8315069899916768,0.9694206325040793,0.13791364251240246,1.0,0.0,0,1.4432899320127035e-15,False,918,8,0.0,1.0,0.04331655169195292
0.48619527003354734,0.6600295613905832,0.17383429135703587,0.8706345991552329,0.99,1,1.304512053934559e-14,True,919,24,0.85,0.99,0.17383212866405873
0.4861952700335474,0.7903384719708626,0.3041432019373152,0.8706345934555023,0.0,1,1.3322676295501878e-15,True,919,24,0.0,1.0,0.17383212866405873
0.767447348160696,0.8314156917520783,0.06396834359138226,0.99,0.85,0,3.3306690738754696e-16,False,920,8,0.85,0.99,0.06396834359138226
0.761784997176495,0.9585246711554215,0.19673967397892655,1.0,0.0,0,7.771561172376096e-16,False,920,8,0.0,1.0,0.06396834359138226
0.4491421429874505,0.5807073285144464,0.13156518552699592,0.99,0.85,0,7.882583474838611e-15,False,921,16,0.85,0.99,0.13156518552699592
0.4394909148549033,0.8835661393761273,0.44407522452122394,1.0,0.0,0,1.7763568394002505e-15,False,921,16,0.0,1.0,0.13156518552699592
0.7519353608404454,0.8179254732176255,0.06599011237718011,0.99,0.85,0,6.661338147750939e-16,False,922,8,0.85,0.99,0.06599011237718011
0.7460520220701501,0.941961194919945,0.19590917284979492,1.0,0.0,0,1.3322676295501878e-15,False,922,8,0.0,1.0,0.06599011237718011
0.7342369102044105,0.8001028475776405,0.06586593737322999,0.99,0.85,0,9.992007221626409e-16,False,923,8,0.85,0.99,0.06586593737322999
0.7285259122862063,0.9424695487653756,0.21394363647916925,1.0,0.0,0,6.661338147750939e-16,False,923,8,0.0,1.0,0.06586593737322999
0.48586365295279477,0.6485622970227758,0.16269864406998102,0.8649449113187485,0.99,1,1.3156142841808105e-14,True,924,24,0.85,0.99,0.16269862887294728
0.48586365295279466,0.779921243901335,0.29405759094854034,0.8649449120389773,0.0,1,1.5543122344752192e-15,True,924,24,0.0,1.0,0.16269862887294728
0.4747001366390135,0.6966892116668608,0.22198907502784732,0.85,0.99,0,1.3489209749195652e-14,False,925,24,0.85,0.99,0.22198907502784732
0.47470000717028127,0.7600851678619401,0.28538516069165887,0.8498357762135517,0.0,1,2.220446049250313e-15,True,925,24,0.0,1.0,0.22198907502784732
0.4795370274675337,0.517762392986133,0.03822536551859934,0.9365367297522775,0.85,1,1.2323475573339238e-14,True,926,24,0.85,0.99,0.038224655449667466
0.47953702746753357,0.8221178807361949,0.3425808532686613,0.9365367293907569,0.0,1,1.5543122344752192e-15,True,926,24,0.0,1.0,0.038224655449667466
0.5446586147002432,0.6603309611503665,0.11567234645012325,0.99,0.85,0,9.658940314238862e-15,False,927,16,0.85,0.99,0.11567234645012325
0.5355311148754964,0.8997229897485669,0.3641918748730705,1.0,0.0,0,1.7763568394002505e-15,False,927,16,0.0,1.0,0.11567234645012325
0.4627984144758899,0.5624344391153068,0.0996360246394169,0.99,0.85,0,8.271161533457416e-15,False,928,16,0.85,0.99,0.0996360246394169
0.45810695892255826,0.855622502656651,0.3975155437340927,1.0,0.0,0,1.3322676295501878e-15,False,928,16,0.0,1.0,0.0996360246394169
0.7333293000923874,0.8001134432635235,0.06678414317113612,0.99,0.85,0,9.992007221626409e-16,False,929,8,0.85,0.99,0.06678414317113612
0.7275070171852156,0.941062864160294,0.21355584697507846,1.0,0.0,0,1.2212453270876722e-15,False,929,8,0.0,1.0,0.06678414317113612
0.5964452952393,0.6738165293037316,0.07737123406443158,0.99,0.85,0,9.325873406851315e-15,False,930,16,0.85,0.99,0.07737123406443158
0.5926518106551089,0.9027308866069286,0.3100790759518197,1.0,0.0,0,1.7763568394002505e-15,False,930,16,0.0,1.0,0.07737123406443158
0.5229328847029083,0.7525332022828362,0.22960031757992783,0.85,0.99,0,1.4654943925052066e-14,False,931,24,0.85,0.99,0.22960031757992783
0.5218473906114054,0.8007588475129919,0.2789114569015865,0.8338928478259575,1.0,1,1.7763568394002505e-15,True,931,24,0.0,1.0,0.22960031757992783
0.45553281037252535,0.674947336335358,0.21941452596283262,0.8529120850305043,0.99,1,1.3156142841808105e-14,True,932,24,0.85,0.99,0.2194136515579329
0.45553281037252535,0.7727308488957071,0.31719803852318174,0.8529120856663098,0.0,1,1.887379141862766e-15,True,932,24,0.0,1.0,0.2194136515579329
0.511057838924387,0.6458760188624788,0.13481817993809175,0.879583554452169,0.99,1,1.3766765505351941e-14,True,933,24,0.85,0.99,0.13481720609914183
0.511057838924387,0.8024817077538358,0.2914238688294487,0.8795835544521438,0.0,1,1.7763568394002505e-15,True,933,24,0.0,1.0,0.13481720609914183
0.7289271635729504,0.7899630720358356,0.0610359084628852,0.99,0.85,0,5.551115123125783e-16,False,934,8,0.85,0.99,0.0610359084628852
0.7238678876623886,0.9473425318168951,0.22347464415450646,1.0,0.0,0,9.992007221626409e-16,False,934,8,0.0,1.0,0.0610359084628852
0.5363902585572458,0.7009890937496002,0.1645988351923544,0.8755768298364546,0.99,1,1.4432899320127035e-14,True,935,24,0.85,0.99,0.16459700423370027
0.5363902585572459,0.7893827197316905,0.2529924611744446,0.8755768298363327,0.0,1,1.5543122344752192e-15,True,935,24,0.0,1.0,0.16459700423370027
0.4825820578185819,0.5863207481784788,0.10373869035989691,0.99,0.85,0,8.382183835919932e-15,False,936,16,0.85,0.99,0.10373869035989691
0.47645986586588535,0.8818131923289187,0.4053533264630334,1.0,0.0,0,1.5543122344752192e-15,False,936,16,0.0,1.0,0.10373869035989691
0.5277475207954496,0.6222085083920099,0.0944609875965603,0.99,0.85,0,8.548717289613705e-15,False,937,16,0.85,0.99,0.0944609875965603
0.5219722156477505,0.8855141540125748,0.3635419383648243,1.0,0.0,0,1.5543122344752192e-15,False,937,16,0.0,1.0,0.0944609875965603
0.796986792389828,0.852479037646765,0.05549224525693708,0.99,0.85,0,6.661338147750939e-16,False,938,8,0.85,0.99,0.05549224525693708
0.7920812619264807,0.962308239370103,0.17022697744362236,1.0,0.0,0,1.4432899320127035e-15,False,938,8,0.0,1.0,0.05549224525693708
0.532214926919742,0.6209686952096222,0.08875376828988013,0.99,0.85,0,8.881784197001252e-15,False,939,16,0.85,0.99,0.08875376828988013
0.5275066818770938,0.8665485907476735,0.3390419088705797,1.0,0.0,0,1.887379141862766e-15,False,939,16,0.0,1.0,0.08875376828988013
0.48469942575628516,0.7005485241147761,0.21584909835849092,0.8589247451543435,0.99,1,1.3655743202889425e-14,True,940,24,0.85,0.99,0.21584893977011943
0.4846994257562852,0.7579269676185367,0.2732275418622515,0.8589247454317521,0.0,1,1.5543122344752192e-15,True,940,24,0.0,1.0,0.21584893977011943
0.7608856964387722,0.8132039987266232,0.05231830228785095,0.99,0.85,0,5.551115123125783e-16,False,941,8,0.85,0.99,0.05231830228785095
0.7565305939868436,0.9447948797348868,0.18826428574804321,1.0,0.0,0,1.7763568394002505e-15,False,941,8,0.0,1.0,0.05231830228785095
0.6587494884213034,0.7473864343191118,0.08863694589780835,0.99,0.85,0,4.440892098500626e-16,False,942,8,0.85,0.99,0.08863694589780835
0.650952509564528,0.9263235595018399,0.2753710499373119,1.0,0.0,0,4.440892098500626e-16,False,942,8,0.0,1.0,0.08863694589780835
0.5174619885949865,0.6332726910862462,0.11581070249125969,0.99,0.85,0,8.770761894538737e-15,False,943,16,0.85,0.99,0.11581070249125969
0.5084243109533018,0.8804878309671365,0.3720635200138347,1.0,0.0,0,1.887379141862766e-15,False,943,16,0.0,1.0,0.11581070249125969
0.8224625983077292,0.8674850723796544,0.04502247407192528,0.99,0.85,0,3.3306690738754696e-16,False,944,8,0.85,0.99,0.04502247407192528
0.8184584089858,0.958127536777685,0.139669127791885,1.0,0.0,0,7.771561172376096e-16,False,944,8,0.0,1.0,0.04502247407192528
0.5134100692156335,0.6247195062715993,0.11130943705596585,0.99,0.85,0,8.548717289613705e-15,False,945,16,0.85,0.99,0.11130943705596585
0.5056109724879713,0.8820186528288911,0.37640768034091987,1.0,0.0,0,1.5543122344752192e-15,False,945,16,0.0,1.0,0.11130943705596585
0.4851650975099225,0.6567936794722781,0.1716285819623556,0.873332467294538,0.99,1,1.3100631690576847e-14,True,946,24,0.85,0.99,0.17162756747347385
0.4851650975099224,0.7854302579235048,0.3002651604135824,0.8733324672944656,0.0,1,1.5543122344752192e-15,True,946,24,0.0,1.0,0.17162756747347385
0.5268949659699871,0.5716542436152083,0.04475927764522125,0.9229252480172063,0.99,1,1.3433698597964394e-14,True,947,24,0.85,0.99,0.04475809094381111
0.5268949659699866,0.8362400200036645,0.30934505403367785,0.9229252480735706,0.0,1,1.6653345369377348e-15,True,947,24,0.0,1.0,0.04475809094381111
0.4920439638384306,0.6229237365059352,0.13087977266750467,0.8919315198540464,0.99,1,1.2434497875801753e-14,True,948,24,0.85,0.99,0.13087755604279294
0.4920439638384307,0.7962765802701712,0.30423261643174054,0.8919315196286358,0.0,1,1.6653345369377348e-15,True,948,24,0.0,1.0,0.13087755604279294
0.49993423758483496,0.6676010735002522,0.16766683591541726,0.86970159387396,0.99,1,1.3988810110276972e-14,True,949,24,0.85,0.99,0.1676663608999699
0.4999342375848348,0.7717565970433059,0.2718223594584711,0.8697015938740481,0.0,1,1.5543122344752192e-15,True,949,24,0.0,1.0,0.1676663608999699
0.4629513666659374,0.6175430250014234,0.15459165833548605,0.8771149098335287,0.99,1,1.2656542480726785e-14,True,950,24,0.85,0.99,0.1545907661609856
0.4629513666659375,0.7845505595510783,0.3215991928851408,0.8771149096962924,0.0,1,1.3322676295501878e-15,True,950,24,0.0,1.0,0.1545907661609856
0.4596886003054754,0.6854377400385113,0.2257491397330359,0.8528039110359477,0.99,1,1.304512053934559e-14,True,951,24,0.85,0.99,0.22574867299185875
0.45968860030547554,0.750018063810604,0.29032946350512845,0.8528039121075818,0.0,1,1.5543122344752192e-15,True,951,24,0.0,1.0,0.22574867299185875
0.744245257537103,0.8063367915998028,0.06209153406269974,0.99,0.85,0,1.3322676295501878e-15,False,952,8,0.85,0.99,0.06209153406269974
0.7389408853639212,0.9473984018544197,0.20845751649049848,1.0,0.0,0,5.551115123125783e-16,False,952,8,0.0,1.0,0.06209153406269974
0.6066037026390521,0.6696581605152861,0.0630544578762341,0.9143997324388659,0.99,1,1.509903313490213e-14,True,953,24,0.85,0.99,0.06305212188630727
0.606603702639052,0.8577929821271253,0.25118927948807335,0.9143997290865254,0.0,1,1.6653345369377348e-15,True,953,24,0.0,1.0,0.06305212188630727
0.6374529988642843,0.7236845649578897,0.08623156609360538,0.99,0.85,0,6.661338147750939e-16,False,954,8,0.85,0.99,0.08623156609360538
0.6300606563290925,0.9169367133311364,0.2868760570020439,1.0,0.0,0,1.2212453270876722e-15,False,954,8,0.0,1.0,0.08623156609360538
0.8061008179669225,0.856155595228354,0.05005477726143159,0.99,0.85,0,3.3306690738754696e-16,False,955,8,0.85,0.99,0.05005477726143159
0.8017638629917503,0.9619207517918016,0.1601568888000513,1.0,0.0,0,1.1102230246251565e-15,False,955,8,0.0,1.0,0.05005477726143159
0.5037371252427336,0.5575597794024061,0.05382265415967247,0.9189839554763546,0.99,1,1.3433698597964394e-14,True,956,24,0.85,0.99,0.05382228056407512
0.5037371252427336,0.8219859791586569,0.3182488539159233,0.9189839554764054,0.0,1,1.4432899320127035e-15,True,956,24,0.0,1.0,0.05382228056407512
0.5667857019553496,0.5998684716118924,0.033082769656542776,0.9367803042345667,0.85,1,1.4099832412739488e-14,True,957,24,0.85,0.99,0.033080713814334195
0.5667857019553497,0.8609148536840797,0.29412915172873,0.9367803042344683,0.0,1,1.7763568394002505e-15,True,957,24,0.0,1.0,0.033080713814334195
0.45605036750097605,0.6071902000751994,0.15113983257422337,0.99,0.85,0,8.548717289613705e-15,False,958,16,0.85,0.99,0.15113983257422337
0.4427790838545992,0.8916469266142624,0.4488678427596632,1.0,0.0,0,1.887379141862766e-15,False,958,16,0.0,1.0,0.15113983257422337
0.5938299012221279,0.7038360302237193,0.11000612900159146,0.99,0.85,0,9.992007221626409e-15,False,959,16,0.85,0.99,0.11000612900159146
0.5847042741166343,0.9230717083368958,0.3383674342202615,1.0,0.0,0,2.1094237467877974e-15,False,959,16,0.0,1.0,0.11000612900159146
0.48290473412911905,0.5112297824925494,0.028325048363430305,0.9429136221983572,0.85,1,7.827072323607354e-15,True,960,16,0.85,0.99,0.028324230782190374
0.48290473412911905,0.8246801509221419,0.3417754167930228,0.9429136221983759,0.0,1,2.1094237467877974e-15,True,960,16,0.0,1.0,0.028324230782190374
0.7441274972528394,0.8015437648919526,0.05741626763911312,0.99,0.85,0,1.1102230246251565e-15,False,961,8,0.85,0.99,0.05741626763911312
0.7393201977902322,0.9452380811828871,0.20591788339265493,1.0,0.0,0,8.881784197001252e-16,False,961,8,0.0,1.0,0.05741626763911312
0.5025091604335109,0.590404500353401,0.08789533991989007,0.9062466734258879,0.99,1,1.27675647831893e-14,True,962,24,0.85,0.99,0.08789533983941045
0.502509160433511,0.8442942273768234,0.34178506694331234,0.906246673241753,0.0,1,1.7763568394002505e-15,True,962,24,0.0,1.0,0.08789533983941045
0.4072450272650453,0.5487451307558118,0.14150010349076647,0.99,0.85,0,7.327471962526033e-15,False,963,16,0.85,0.99,0.14150010349076647
0.3968331631654905,0.8742313417407779,0.4773981785752874,1.0,0.0,0,1.4432899320127035e-15,False,963,16,0.0,1.0,0.14150010349076647
0.492943678375984,0.6207854947214082,0.1278418163454242,0.8875608216059261,0.99,1,1.2823075934420558e-14,True,964,24,0.85,0.99,0.127841793481286
0.492943678375984,0.7965615056686254,0.30361782729264136,0.8875608213119499,0.0,1,1.7763568394002505e-15,True,964,24,0.0,1.0,0.127841793481286
0.5468379744404512,0.6673679064397255,0.12052993199927431,0.8881783602468776,0.99,1,1.4432899320127035e-14,True,965,24,0.85,0.99,0.12052796430786761
0.5468379744404515,0.8330096758854975,0.286171701445046,0.8881783599494917,0.0,1,1.6653345369377348e-15,True,965,24,0.0,1.0,0.12052796430786761
0.5311240517591636,0.5749759368386463,0.04385188507948279,0.9473336225155022,0.85,1,1.3211653993039363e-14,True,966,24,0.85,0.99,0.043851659297328704
0.5311240517591637,0.8644374523321489,0.3333134005729852,0.9473336227063438,0.0,1,1.4432899320127035e-15,True,966,24,0.0,1.0,0.043851659297328704
0.7821823202350731,0.8337842792311332,0.05160195899606013,0.99,0.85,0,1.887379141862766e-15,False,967,8,0.85,0.99,0.05160195899606013
0.7777699577961192,0.9467708200664193,0.1690008622703001,1.0,0.0,0,6.661338147750939e-16,False,967,8,0.0,1.0,0.05160195899606013
0.5445055792647424,0.6267832913900901,0.08227771212534774,0.99,0.85,0,9.103828801926284e-15,False,968,16,0.85,0.99,0.08227771212534774
0.5406817728679443,0.886260747301711,0.34557897443376673,1.0,0.0,0,1.5543122344752192e-15,False,968,16,0.0,1.0,0.08227771212534774
0.44184290009517396,0.6833458372598711,0.24150293716469712,0.85,0.99,0,1.2601031329495527e-14,False,969,24,0.85,0.99,0.24150293716469712
0.44169953943829177,0.7381933078854593,0.29649376844716757,0.8445121498557018,1.0,1,1.3322676295501878e-15,True,969,24,0.0,1.0,0.24150293716469712
0.531138113335971,0.5741759243069675,0.04303781097099646,0.926665352065079,0.99,1,1.3766765505351941e-14,True,970,24,0.85,0.99,0.04303657885753365
0.531138113335971,0.8501124915196439,0.3189743781836728,0.9266653520651273,0.0,1,1.6653345369377348e-15,True,970,24,0.0,1.0,0.04303657885753365
0.5730014147186746,0.6851854481724283,0.11218403345375372,0.8831126585711871,0.99,1,1.509903313490213e-14,True,971,24,0.85,0.99,0.11218211160791092
0.5730014147186744,0.8397066284009258,0.2667052136822514,0.8831126584883563,0.0,1,1.3322676295501878e-15,True,971,24,0.0,1.0,0.11218211160791092
0.48190979618902247,0.587627115018604,0.10571731882958152,0.99,0.85,0,7.827072323607354e-15,False,972,16,0.85,0.99,0.10571731882958152
0.4752808485561155,0.8778821391580619,0.4026012906019464,1.0,0.0,0,1.5543122344752192e-15,False,972,16,0.0,1.0,0.10571731882958152
0.5987891589985751,0.7213951243875271,0.12260596538895197,0.99,0.85,0,1.0103029524088925e-14,False,973,16,0.85,0.99,0.12260596538895197
0.5871622693047759,0.9147773935927729,0.327615124287997,1.0,0.0,0,1.5543122344752192e-15,False,973,16,0.0,1.0,0.12260596538895197
0.5799841877708924,0.6847937349423773,0.10480954717148483,0.99,0.85,0,1.021405182655144e-14,False,974,16,0.85,0.99,0.10480954717148483
0.5718341367945992,0.9061229689428107,0.3342888321482116,1.0,0.0,0,1.9984014443252818e-15,False,974,16,0.0,1.0,0.10480954717148483
0.44913378222961997,0.573519826177041,0.12438604394742103,0.99,0.85,0,7.771561172376096e-15,False,975,16,0.85,0.99,0.12438604394742103
0.4403207336225047,0.8750955912178611,0.4347748575953564,1.0,0.0,0,1.5543122344752192e-15,False,975,16,0.0,1.0,0.12438604394742103
0.7838357763981524,0.8334246933753167,0.04958891697716428,0.99,0.85,0,6.661338147750939e-16,False,976,8,0.85,0.99,0.04958891697716428
0.7796824841569555,0.9563724963963353,0.17669001223937975,1.0,0.0,0,1.4432899320127035e-15,False,976,8,0.0,1.0,0.04958891697716428
0.5190616439434592,0.7298850383981645,0.21082339445470533,0.8560555904167053,0.99,1,1.3988810110276972e-14,True,977,24,0.85,0.99,0.21082320442136282
0.5190616439434593,0.7954457077771431,0.27638406383368375,0.8560555915778774,0.0,1,2.1094237467877974e-15,True,977,24,0.0,1.0,0.21082320442136282
0.538348903788192,0.5736917153698016,0.03534281158160957,0.9653035917057532,0.85,1,8.43769498715119e-15,True,978,16,0.85,0.99,0.03534243307096718
0.5383489037881923,0.8521892970228098,0.31384039323461743,0.9653035914593439,0.0,1,1.4432899320127035e-15,True,978,16,0.0,1.0,0.03534243307096718
0.7402169759418713,0.8028064456639301,0.06258946972205881,0.99,0.85,0,6.661338147750939e-16,False,979,8,0.85,0.99,0.06258946972205881
0.7348175188829651,0.943171787996073,0.20835426911310795,1.0,0.0,0,1.1102230246251565e-15,False,979,8,0.0,1.0,0.06258946972205881
0.7041402892651429,0.7732230313825859,0.06908274211744292,0.99,0.85,0,7.771561172376096e-16,False,980,8,0.85,0.99,0.06908274211744292
0.698324100373446,0.9411304501628637,0.24280634978941762,1.0,0.0,0,4.440892098500626e-16,False,980,8,0.0,1.0,0.06908274211744292
0.4987937829201744,0.6359252420537892,0.1371314591336148,0.8850924064085057,0.99,1,1.3100631690576847e-14,True,981,24,0.85,0.99,0.13713140583616346
0.4987937829201742,0.7985273012807061,0.29973351836053197,0.8850924064085668,0.0,1,1.5543122344752192e-15,True,981,24,0.0,1.0,0.13713140583616346
0.5347910853495405,0.6306680457441358,0.09587696039459537,0.9000760313767971,0.99,1,1.4099832412739488e-14,True,982,24,0.85,0.99,0.09587692252945812
0.5347910853495403,0.8311523850316568,0.29636129968211644,0.900076031376823,0.0,1,1.6653345369377348e-15,True,982,24,0.0,1.0,0.09587692252945812
0.4761243668268287,0.6049919639778831,0.12886759715105445,0.99,0.85,0,8.493206138382448e-15,False,983,16,0.85,0.99,0.12886759715105445
0.4660701441836691,0.8870384590829941,0.42096831489932496,1.0,0.0,0,1.887379141862766e-15,False,983,16,0.0,1.0,0.12886759715105445
0.44371862623908587,0.572986494175219,0.1292678679361331,0.99,0.85,0,7.93809462606987e-15,False,984,16,0.85,0.99,0.1292678679361331
0.4338512352076142,0.8693530591377995,0.4355018239301853,1.0,0.0,0,2.1094237467877974e-15,False,984,16,0.0,1.0,0.1292678679361331
0.6869013712401381,0.7583758168258834,0.07147444558574534,0.99,0.85,0,3.3306690738754696e-16,False,985,8,0.85,0.99,0.07147444558574534
0.6807959591612873,0.9264097395020305,0.24561378034074322,1.0,0.0,0,8.881784197001252e-16,False,985,8,0.0,1.0,0.07147444558574534
0.5389063659983885,0.7566882750929214,0.21778190909453288,0.85,0.99,0,1.509903313490213e-14,False,986,24,0.85,0.99,0.21778190909453288
0.5386537207778448,0.8048093271834519,0.2661556064056071,0.8423224678586383,1.0,1,1.6653345369377348e-15,True,986,24,0.0,1.0,0.21778190909453288
0.5191102147733153,0.6371163042656849,0.11800608949236957,0.99,0.85,0,8.659739592076221e-15,False,987,16,0.85,0.99,0.11800608949236957
0.5096368610844171,0.881171660501275,0.37153479941685796,1.0,0.0,0,1.5543122344752192e-15,False,987,16,0.0,1.0,0.11800608949236957
0.6950229972492417,0.7649086726195818,0.06988567537034018,0.99,0.85,0,6.661338147750939e-16,False,988,8,0.85,0.99,0.06988567537034018
0.6890732497030005,0.9263733647374699,0.23730011503446935,1.0,0.0,0,1.5543122344752192e-15,False,988,8,0.0,1.0,0.06988567537034018
0.4992465636184742,0.6225646338625572,0.12331807024408303,0.99,0.85,0,8.659739592076221e-15,False,989,16,0.85,0.99,0.12331807024408303
0.4892246016274381,0.876746745488393,0.38752214386095496,1.0,0.0,0,1.3322676295501878e-15,False,989,16,0.0,1.0,0.12331807024408303
0.5466460549917598,0.6365610833895066,0.08991502839774679,0.9045208422006907,0.99,1,1.3988810110276972e-14,True,990,24,0.85,0.99,0.08991344004793111
0.5466460549917594,0.8357033406432043,0.28905728565144484,0.9045208422007085,0.0,1,1.7763568394002505e-15,True,990,24,0.0,1.0,0.08991344004793111
0.4891305703474359,0.6062022238165176,0.11707165346908166,0.99,0.85,0,8.770761894538737e-15,False,991,16,0.85,0.99,0.11707165346908166
0.48105037151989233,0.894549824930387,0.4134994534104947,1.0,0.0,0,1.887379141862766e-15,False,991,16,0.0,1.0,0.11707165346908166
0.516869618956039,0.6245179695177332,0.1076483505616942,0.8874065919380504,0.99,1,1.3211653993039363e-14,True,992,24,0.85,0.99,0.10764830319855245
0.5168696189560391,0.8015500053963855,0.28468038644034643,0.8874065919380996,0.0,1,1.6653345369377348e-15,True,992,24,0.0,1.0,0.10764830319855245
0.49401208150884107,0.6463081636432518,0.15229608213441076,0.8815144144518833,0.99,1,1.326716514427062e-14,True,993,24,0.85,0.99,0.15229564059624767
0.4940120815088411,0.8010980172445858,0.3070859357357447,0.8815144146653953,0.0,1,1.887379141862766e-15,True,993,24,0.0,1.0,0.15229564059624767
0.49837437720803884,0.6830065639549547,0.1846321867469159,0.8601587444393725,0.99,1,1.3156142841808105e-14,True,994,24,0.85,0.99,0.18463206356422568
0.49837437720803923,0.7630034679282487,0.26462909072020946,0.8601587444392121,0.0,1,1.5543122344752192e-15,True,994,24,0.0,1.0,0.18463206356422568
0.5629727434428043,0.728969449128016,0.16599670568521163,0.8652586979239746,0.99,1,1.4876988529977098e-14,True,995,24,0.85,0.99,0.1659963803583261
0.5629727434428043,0.8150791472161885,0.2521064037733841,0.8652586979240646,0.0,1,1.7763568394002505e-15,True,995,24,0.0,1.0,0.1659963803583261
0.6806357297262824,0.7575957706680423,0.0769600409417599,0.99,0.85,0,5.551115123125783e-16,False,996,8,0.85,0.99,0.0769600409417599
0.6740353896359855,0.9292910029375366,0.2552556133015511,1.0,0.0,0,1.4432899320127035e-15,False,996,8,0.0,1.0,0.0769600409417599
0.5033804230093608,0.7370067065926253,0.23362628358326454,0.85,0.99,0,1.3766765505351941e-14,False,997,24,0.85,0.99,0.23362628358326454
0.5030555312826053,0.7884493048702264,0.2853937735876211,0.8415768263521741,1.0,1,1.6653345369377348e-15,True,997,24,0.0,1.0,0.23362628358326454
0.5443704610947788,0.6564951338933152,0.11212467279853633,0.99,0.85,0,8.770761894538737e-15,False,998,16,0.85,0.99,0.11212467279853633
0.5356124706410688,0.9039480435860815,0.36833557294501273,1.0,0.0,0,2.3314683517128287e-15,False,998,16,0.0,1.0,0.11212467279853633
0.4237899561533348,0.5904709470083088,0.166680990854974,0.8688600900935872,0.99,1,1.176836406102666e-14,True,999,24,0.85,0.99,0.16668092410226565
0.42378995615333465,0.7568720207408404,0.3330820645875057,0.8688600923431222,0.0,1,2.220446049250313e-15,True,999,24,0.0,1.0,0.16668092410226565
0.6872905904440616,0.7600685011957765,0.07277791075171491,0.99,0.85,0,3.3306690738754696e-16,False,1000,8,0.85,0.99,0.07277791075171491
0.6811244945560935,0.9297309000941331,0.2486064055380396,1.0,0.0,0,1.3322676295501878e-15,False,1000,8,0.0,1.0,0.07277791075171491
0.8144827236646179,0.8572608138007629,0.042778090136144975,0.99,0.85,0,6.661338147750939e-16,False,1001,8,0.85,0.99,0.042778090136144975
0.8108992008926444,0.9632312225247619,0.15233202163211745,1.0,0.0,0,4.440892098500626e-16,False,1001,8,0.0,1.0,0.042778090136144975
0.7878758976143035,0.8393551318876342,0.051479234273330676,0.99,0.85,0,7.771561172376096e-16,False,1002,8,0.85,0.99,0.051479234273330676
0.7834416181258731,0.9518798960543469,0.16843827792847377,1.0,0.0,0,1.4432899320127035e-15,False,1002,8,0.0,1.0,0.051479234273330676
0.5213547112555705,0.6227316026745339,0.10137689141896333,0.8886822549345588,0.99,1,1.2989609388114332e-14,True,1003,24,0.85,0.99,0.10137686744372787
0.5213547112555705,0.7881307142798484,0.26677600302427784,0.8886822537928886,0.0,1,1.5543122344752192e-15,True,1003,24,0.0,1.0,0.10137686744372787
0.4724821277629906,0.631780274038821,0.1592981462758304,0.99,0.85,0,8.548717289613705e-15,False,1004,16,0.85,0.99,0.1592981462758304
0.45744964549739037,0.8912826022837222,0.4338329567863319,1.0,0.0,0,1.6653345369377348e-15,False,1004,16,0.0,1.0,0.1592981462758304
0.5287004410645603,0.5592427759807163,0.03054233491615599,0.9538687861159306,0.85,1,8.43769498715119e-15,True,1005,16,0.85,0.99,0.03054227492124717
0.5287004410645605,0.8426054513627143,0.31390501029815376,0.9538687841543418,0.0,1,1.5543122344752192e-15,True,1005,16,0.0,1.0,0.03054227492124717
0.5011357146702836,0.613333648985208,0.11219793431492442,0.99,0.85,0,8.881784197001252e-15,False,1006,16,0.85,0.99,0.11219793431492442
0.49299094816268996,0.8777940151670822,0.38480306700439226,1.0,0.0,0,1.4988010832439613e-15,False,1006,16,0.0,1.0,0.11219793431492442
0.8434935061073922,0.8857945917836436,0.04230108567625146,0.99,0.85,0,4.440892098500626e-16,False,1007,8,0.85,0.99,0.04230108567625146
0.8397988168256907,0.972345808383922,0.13254699155823135,1.0,0.0,0,1.1102230246251565e-15,False,1007,8,0.0,1.0,0.04230108567625146
0.7937557390990532,0.8394566740458838,0.045700934946830585,0.99,0.85,0,5.551115123125783e-16,False,1008,8,0.85,0.99,0.045700934946830585
0.7899391815138703,0.9554677449247774,0.16552856341090705,1.0,0.0,0,1.3322676295501878e-15,False,1008,8,0.0,1.0,0.045700934946830585
0.5159169566137964,0.6103417138338891,0.09442475722009269,0.99,0.85,0,8.770761894538737e-15,False,1009,16,0.85,0.99,0.09442475722009269
0.5103830088350261,0.8727465831143697,0.3623635742793436,1.0,0.0,0,1.4432899320127035e-15,False,1009,16,0.0,1.0,0.09442475722009269
0.7200292984190988,0.7928528303482244,0.0728235319291256,0.99,0.85,0,1.1102230246251565e-15,False,1010,8,0.85,0.99,0.0728235319291256
0.7136038169185213,0.9403678513311012,0.22676403441257997,1.0,0.0,0,7.771561172376096e-16,False,1010,8,0.0,1.0,0.0728235319291256
0.496917169575856,0.7375979855626283,0.24068081598677232,0.85,0.99,0,1.432187701766452e-14,False,1011,24,0.85,0.99,0.24068081598677232
0.49536037142178757,0.7864616427983161,0.2911012713765285,0.8312870672993521,1.0,1,2.1094237467877974e-15,True,1011,24,0.0,1.0,0.24068081598677232
0.4865106823325477,0.6451838359955857,0.15867315366303802,0.99,0.85,0,8.548717289613705e-15,False,1012,16,0.85,0.99,0.15867315366303802
0.47191024375638957,0.9058542078672096,0.43394396411082004,1.0,0.0,0,1.5543122344752192e-15,False,1012,16,0.0,1.0,0.15867315366303802
0.8456177716514398,0.8844514727595862,0.038833701108146434,0.99,0.85,0,1.6653345369377348e-15,False,1013,8,0.85,0.99,0.038833701108146434
0.8422698282754075,0.9698468528167374,0.1275770245413299,1.0,0.0,0,1.6653345369377348e-15,False,1013,8,0.0,1.0,0.038833701108146434
0.5323183491292901,0.6656484524029418,0.1333301032736517,0.8813847802415281,0.99,1,1.3988810110276972e-14,True,1014,24,0.85,0.99,0.13333000080541535
0.5323183491292898,0.8155039811210821,0.28318563199179236,0.881384780438693,0.0,1,1.6653345369377348e-15,True,1014,24,0.0,1.0,0.13333000080541535
0.6964853145811627,0.7636371610372077,0.067151846456045,0.99,0.85,0,7.771561172376096e-16,False,1015,8,0.85,0.99,0.067151846456045
0.6908127841491842,0.927532663619554,0.23671987947036977,1.0,0.0,0,4.440892098500626e-16,False,1015,8,0.0,1.0,0.067151846456045
0.4278981563867521,0.5528601926197874,0.12496203623303526,0.99,0.85,0,7.494005416219807e-15,False,1016,16,0.85,0.99,0.12496203623303526
0.4191348535568808,0.8527882895127694,0.4336534359558886,1.0,0.0,0,1.9984014443252818e-15,False,1016,16,0.0,1.0,0.12496203623303526
0.5085846844074728,0.673264316441319,0.16467963203384617,0.8689146612474457,0.99,1,1.3988810110276972e-14,True,1017,24,0.85,0.99,0.1646794896538768
0.508584684407473,0.7915886453075994,0.28300396090012647,0.8689146606458896,0.0,1,1.7763568394002505e-15,True,1017,24,0.0,1.0,0.1646794896538768
0.7806171758207692,0.836117610073931,0.05550043425316187,0.99,0.85,0,5.551115123125783e-16,False,1018,8,0.85,0.99,0.05550043425316187
0.7758038221232546,0.953993775839477,0.17818995371622237,1.0,0.0,0,8.881784197001252e-16,False,1018,8,0.0,1.0,0.05550043425316187
0.45973736462227943,0.5912865323817688,0.13154916775948933,0.99,0.85,0,7.93809462606987e-15,False,1019,16,0.85,0.99,0.13154916775948933
0.4495936808734947,0.8739810765143203,0.4243873956408256,1.0,0.0,0,1.5543122344752192e-15,False,1019,16,0.0,1.0,0.13154916775948933
0.5258434761122708,0.6418852736311087,0.11604179751883792,0.99,0.85,0,9.2148511043888e-15,False,1020,16,0.85,0.99,0.11604179751883792
0.5169270742021753,0.9003414815129853,0.38341440731081,1.0,0.0,0,1.6653345369377348e-15,False,1020,16,0.0,1.0,0.11604179751883792
0.6243354465194866,0.711618781379193,0.08728333485970641,0.99,0.85,0,4.440892098500626e-16,False,1021,8,0.85,0.99,0.08728333485970641
0.6168947328641716,0.91312073927773,0.29622600641355834,1.0,0.0,0,7.771561172376096e-16,False,1021,8,0.0,1.0,0.08728333485970641
0.7999673075131574,0.854999756819582,0.05503244930642459,0.99,0.85,0,6.661338147750939e-16,False,1022,8,0.85,0.99,0.05503244930642459
0.795090209956212,0.963899643792122,0.16880943383590996,1.0,0.0,0,1.1102230246251565e-15,False,1022,8,0.0,1.0,0.05503244930642459
0.5257161829025572,0.6565105719149327,0.1307943890123755,0.8814079057464388,0.99,1,1.4432899320127035e-14,True,1023,24,0.85,0.99,0.13079424941657247
0.5257161829025572,0.8144493813904963,0.2887331984879391,0.8814079059117823,0.0,1,1.9984014443252818e-15,True,1023,24,0.0,1.0,0.13079424941657247
