method,checkpoint,readout_error,shots,cal_draw,repeat,mae
summary_ridge_prior,none,0.0,0,0,0,0.10639711192351423
neural_prior,neural_bidir_seed0_prior,0.0,0,0,0,0.09828690424728848
neural_prior,neural_bidir_seed1_prior,0.0,0,0,0,0.10077018101037538
neural_prior,neural_bidir_seed2_prior,0.0,0,0,0,0.09842909833423619
neural_prior,neural_bidir_seed3_prior,0.0,0,0,0,0.0984972463647864
neural_prior,neural_bidir_seed4_prior,0.0,0,0,0,0.09772265212268394
dfe,none,0.0,32,0,0,0.06254786887802766
dfe,none,0.0,48,0,0,0.05184510937942832
summary_ridge_eb,none,0.0,20,0,0,0.0644028109950549
neural_eb,neural_bidir_seed0_eb,0.0,20,0,0,0.06350921255193781
neural_eb,neural_bidir_seed1_eb,0.0,20,0,0,0.06407193087088753
neural_eb,neural_bidir_seed2_eb,0.0,20,0,0,0.06350526089254033
neural_eb,neural_bidir_seed3_eb,0.0,20,0,0,0.0634719208471095
neural_eb,neural_bidir_seed4_eb,0.0,20,0,0,0.06332453886936869
summary_ridge_eb,none,0.0,36,0,0,0.051857001293584656
neural_eb,neural_bidir_seed0_eb,0.0,36,0,0,0.052106011610272895
neural_eb,neural_bidir_seed1_eb,0.0,36,0,0,0.05242458936312645
neural_eb,neural_bidir_seed2_eb,0.0,36,0,0,0.05209246947602167
neural_eb,neural_bidir_seed3_eb,0.0,36,0,0,0.052097343900040956
neural_eb,neural_bidir_seed4_eb,0.0,36,0,0,0.05202481830169244
summary_ridge_prior,none,0.0,0,0,1,0.1027382476231107
neural_prior,neural_bidir_seed0_prior,0.0,0,0,1,0.09222944640896458
neural_prior,neural_bidir_seed1_prior,0.0,0,0,1,0.09474552414212667
neural_prior,neural_bidir_seed2_prior,0.0,0,0,1,0.09236796743971354
neural_prior,neural_bidir_seed3_prior,0.0,0,0,1,0.09240753465019225
neural_prior,neural_bidir_seed4_prior,0.0,0,0,1,0.09166123406794213
dfe,none,0.0,32,0,1,0.06340586253463698
dfe,none,0.0,48,0,1,0.05116947146658883
summary_ridge_eb,none,0.0,20,0,1,0.06570156679031755
neural_eb,neural_bidir_seed0_eb,0.0,20,0,1,0.06404151886282337
neural_eb,neural_bidir_seed1_eb,0.0,20,0,1,0.06469645133169125
neural_eb,neural_bidir_seed2_eb,0.0,20,0,1,0.06404618943966088
neural_eb,neural_bidir_seed3_eb,0.0,20,0,1,0.06402858778439427
neural_eb,neural_bidir_seed4_eb,0.0,20,0,1,0.06387038848637447
summary_ridge_eb,none,0.0,36,0,1,0.05220065652580157
neural_eb,neural_bidir_seed0_eb,0.0,36,0,1,0.051721887978614045
neural_eb,neural_bidir_seed1_eb,0.0,36,0,1,0.05200107894150152
neural_eb,neural_bidir_seed2_eb,0.0,36,0,1,0.051719266984658605
neural_eb,neural_bidir_seed3_eb,0.0,36,0,1,0.051801670310388896
neural_eb,neural_bidir_seed4_eb,0.0,36,0,1,0.051616359581749004
summary_ridge_prior,none,0.0,0,0,2,0.10191456198647872
neural_prior,neural_bidir_seed0_prior,0.0,0,0,2,0.0924957576662564
neural_prior,neural_bidir_seed1_prior,0.0,0,0,2,0.09507465191745723
neural_prior,neural_bidir_seed2_prior,0.0,0,0,2,0.09263500644919986
neural_prior,neural_bidir_seed3_prior,0.0,0,0,2,0.09262412555290211
neural_prior,neural_bidir_seed4_prior,0.0,0,0,2,0.09197406938073982
dfe,none,0.0,32,0,2,0.0638658232655871
dfe,none,0.0,48,0,2,0.05279464123062401
summary_ridge_eb,none,0.0,20,0,2,0.06595728930804837
neural_eb,neural_bidir_seed0_eb,0.0,20,0,2,0.06436461901321514
neural_eb,neural_bidir_seed1_eb,0.0,20,0,2,0.06489870680763216
neural_eb,neural_bidir_seed2_eb,0.0,20,0,2,0.06439891588244331
neural_eb,neural_bidir_seed3_eb,0.0,20,0,2,0.06451006601481998
neural_eb,neural_bidir_seed4_eb,0.0,20,0,2,0.06420428489774796
summary_ridge_eb,none,0.0,36,0,2,0.05278401550869101
neural_eb,neural_bidir_seed0_eb,0.0,36,0,2,0.05187792090234005
neural_eb,neural_bidir_seed1_eb,0.0,36,0,2,0.05210621784391852
neural_eb,neural_bidir_seed2_eb,0.0,36,0,2,0.05182508751537358
neural_eb,neural_bidir_seed3_eb,0.0,36,0,2,0.05181726831268558
neural_eb,neural_bidir_seed4_eb,0.0,36,0,2,0.05173265996671497
summary_ridge_prior,none,0.0,0,0,3,0.10140225592051633
neural_prior,neural_bidir_seed0_prior,0.0,0,0,3,0.09282853419972525
neural_prior,neural_bidir_seed1_prior,0.0,0,0,3,0.09528112834777858
neural_prior,neural_bidir_seed2_prior,0.0,0,0,3,0.09295686686346016
neural_prior,neural_bidir_seed3_prior,0.0,0,0,3,0.09322122546836908
neural_prior,neural_bidir_seed4_prior,0.0,0,0,3,0.09220611652381194
dfe,none,0.0,32,0,3,0.06459184289633413
dfe,none,0.0,48,0,3,0.051822973734791354
summary_ridge_eb,none,0.0,20,0,3,0.06326132153788269
neural_eb,neural_bidir_seed0_eb,0.0,20,0,3,0.06230731898790125
neural_eb,neural_bidir_seed1_eb,0.0,20,0,3,0.0628795404489829
neural_eb,neural_bidir_seed2_eb,0.0,20,0,3,0.06234118960650638
neural_eb,neural_bidir_seed3_eb,0.0,20,0,3,0.0623057575749084
neural_eb,neural_bidir_seed4_eb,0.0,20,0,3,0.06210351054823889
summary_ridge_eb,none,0.0,36,0,3,0.051851131745769136
neural_eb,neural_bidir_seed0_eb,0.0,36,0,3,0.05172498581189555
neural_eb,neural_bidir_seed1_eb,0.0,36,0,3,0.05207584414666261
neural_eb,neural_bidir_seed2_eb,0.0,36,0,3,0.05171101660393809
neural_eb,neural_bidir_seed3_eb,0.0,36,0,3,0.05177320740971125
neural_eb,neural_bidir_seed4_eb,0.0,36,0,3,0.05164163722850021
summary_ridge_prior,none,0.0,0,0,4,0.10135579653645643
neural_prior,neural_bidir_seed0_prior,0.0,0,0,4,0.09226457333534199
neural_prior,neural_bidir_seed1_prior,0.0,0,0,4,0.09468311790442385
neural_prior,neural_bidir_seed2_prior,0.0,0,0,4,0.09235489645834605
neural_prior,neural_bidir_seed3_prior,0.0,0,0,4,0.09243316399988544
neural_prior,neural_bidir_seed4_prior,0.0,0,0,4,0.09169566813397978
dfe,none,0.0,32,0,4,0.06436740676508634
dfe,none,0.0,48,0,4,0.05098534440306442
summary_ridge_eb,none,0.0,20,0,4,0.064399962208538
neural_eb,neural_bidir_seed0_eb,0.0,20,0,4,0.0636487180898898
neural_eb,neural_bidir_seed1_eb,0.0,20,0,4,0.06432827992937512
neural_eb,neural_bidir_seed2_eb,0.0,20,0,4,0.06369317106391383
neural_eb,neural_bidir_seed3_eb,0.0,20,0,4,0.0636893166453314
neural_eb,neural_bidir_seed4_eb,0.0,20,0,4,0.06353479864129005
summary_ridge_eb,none,0.0,36,0,4,0.052546237393907874
neural_eb,neural_bidir_seed0_eb,0.0,36,0,4,0.05210272470822278
neural_eb,neural_bidir_seed1_eb,0.0,36,0,4,0.05243360570660316
neural_eb,neural_bidir_seed2_eb,0.0,36,0,4,0.05209950051365106
neural_eb,neural_bidir_seed3_eb,0.0,36,0,4,0.05207805632904006
neural_eb,neural_bidir_seed4_eb,0.0,36,0,4,0.05197681108598688
summary_ridge_prior,none,0.0,0,1,0,0.09794121136202967
neural_prior,neural_bidir_seed0_prior,0.0,0,1,0,0.08947328149770328
neural_prior,neural_bidir_seed1_prior,0.0,0,1,0,0.09167952014649927
neural_prior,neural_bidir_seed2_prior,0.0,0,1,0,0.08967012767789129
neural_prior,neural_bidir_seed3_prior,0.0,0,1,0,0.08980997958678927
neural_prior,neural_bidir_seed4_prior,0.0,0,1,0,0.089184897564337
dfe,none,0.0,32,1,0,0.06325951885810355
dfe,none,0.0,48,1,0,0.052029836913182706
summary_ridge_eb,none,0.0,20,1,0,0.06428161382495678
neural_eb,neural_bidir_seed0_eb,0.0,20,1,0,0.06265199994107445
neural_eb,neural_bidir_seed1_eb,0.0,20,1,0,0.0633259116709991
neural_eb,neural_bidir_seed2_eb,0.0,20,1,0,0.06265956992060044
neural_eb,neural_bidir_seed3_eb,0.0,20,1,0,0.06275774633110774
neural_eb,neural_bidir_seed4_eb,0.0,20,1,0,0.06249319168475096
summary_ridge_eb,none,0.0,36,1,0,0.050662804622643526
neural_eb,neural_bidir_seed0_eb,0.0,36,1,0,0.050289539894816264
neural_eb,neural_bidir_seed1_eb,0.0,36,1,0,0.050725755572795884
neural_eb,neural_bidir_seed2_eb,0.0,36,1,0,0.05032489455304324
neural_eb,neural_bidir_seed3_eb,0.0,36,1,0,0.050370913227528166
neural_eb,neural_bidir_seed4_eb,0.0,36,1,0,0.05021782919433633
summary_ridge_prior,none,0.0,0,1,1,0.10115053260601137
neural_prior,neural_bidir_seed0_prior,0.0,0,1,1,0.09239668986083416
neural_prior,neural_bidir_seed1_prior,0.0,0,1,1,0.09450961191578244
neural_prior,neural_bidir_seed2_prior,0.0,0,1,1,0.09252992938672833
neural_prior,neural_bidir_seed3_prior,0.0,0,1,1,0.09267399147756805
neural_prior,neural_bidir_seed4_prior,0.0,0,1,1,0.09211575194603938
dfe,none,0.0,32,1,1,0.0627522320864955
dfe,none,0.0,48,1,1,0.051793005093107546
summary_ridge_eb,none,0.0,20,1,1,0.06395852151995265
neural_eb,neural_bidir_seed0_eb,0.0,20,1,1,0.06280275724006659
neural_eb,neural_bidir_seed1_eb,0.0,20,1,1,0.06337810069339404
neural_eb,neural_bidir_seed2_eb,0.0,20,1,1,0.06284999387459594
neural_eb,neural_bidir_seed3_eb,0.0,20,1,1,0.06289835217037604
neural_eb,neural_bidir_seed4_eb,0.0,20,1,1,0.06269427748677882
summary_ridge_eb,none,0.0,36,1,1,0.052239722482180916
neural_eb,neural_bidir_seed0_eb,0.0,36,1,1,0.05182116237807098
neural_eb,neural_bidir_seed1_eb,0.0,36,1,1,0.05218369058536623
neural_eb,neural_bidir_seed2_eb,0.0,36,1,1,0.05183934850044807
neural_eb,neural_bidir_seed3_eb,0.0,36,1,1,0.05188137237810091
neural_eb,neural_bidir_seed4_eb,0.0,36,1,1,0.05176230204040053
summary_ridge_prior,none,0.0,0,1,2,0.09856209096236354
neural_prior,neural_bidir_seed0_prior,0.0,0,1,2,0.08836751001035736
neural_prior,neural_bidir_seed1_prior,0.0,0,1,2,0.0906269485330995
neural_prior,neural_bidir_seed2_prior,0.0,0,1,2,0.08846983935472963
neural_prior,neural_bidir_seed3_prior,0.0,0,1,2,0.08861884651378205
neural_prior,neural_bidir_seed4_prior,0.0,0,1,2,0.08809140694029338
dfe,none,0.0,32,1,2,0.06342250246234471
dfe,none,0.0,48,1,2,0.05334813256498212
summary_ridge_eb,none,0.0,20,1,2,0.06321297443911947
neural_eb,neural_bidir_seed0_eb,0.0,20,1,2,0.06186956605701407
neural_eb,neural_bidir_seed1_eb,0.0,20,1,2,0.06254922444574576
neural_eb,neural_bidir_seed2_eb,0.0,20,1,2,0.06178861752651778
neural_eb,neural_bidir_seed3_eb,0.0,20,1,2,0.061859523952216805
neural_eb,neural_bidir_seed4_eb,0.0,20,1,2,0.061685642003161525
summary_ridge_eb,none,0.0,36,1,2,0.052391049596650474
neural_eb,neural_bidir_seed0_eb,0.0,36,1,2,0.05147878396105993
neural_eb,neural_bidir_seed1_eb,0.0,36,1,2,0.05191398833844821
neural_eb,neural_bidir_seed2_eb,0.0,36,1,2,0.0514941568222983
neural_eb,neural_bidir_seed3_eb,0.0,36,1,2,0.051587505492345434
neural_eb,neural_bidir_seed4_eb,0.0,36,1,2,0.05138234667764185
summary_ridge_prior,none,0.0,0,1,3,0.09721662343908806
neural_prior,neural_bidir_seed0_prior,0.0,0,1,3,0.08726006735196279
neural_prior,neural_bidir_seed1_prior,0.0,0,1,3,0.0894816861164145
neural_prior,neural_bidir_seed2_prior,0.0,0,1,3,0.08739735447124986
neural_prior,neural_bidir_seed3_prior,0.0,0,1,3,0.08758862328068062
neural_prior,neural_bidir_seed4_prior,0.0,0,1,3,0.08697170708728663
dfe,none,0.0,32,1,3,0.06428202643110126
dfe,none,0.0,48,1,3,0.052292645897371884
summary_ridge_eb,none,0.0,20,1,3,0.0631068598687688
neural_eb,neural_bidir_seed0_eb,0.0,20,1,3,0.062255399843132914
neural_eb,neural_bidir_seed1_eb,0.0,20,1,3,0.06298359513885801
neural_eb,neural_bidir_seed2_eb,0.0,20,1,3,0.06211607082690018
neural_eb,neural_bidir_seed3_eb,0.0,20,1,3,0.06229955786480597
neural_eb,neural_bidir_seed4_eb,0.0,20,1,3,0.06205268146406296
summary_ridge_eb,none,0.0,36,1,3,0.05127898657157187
neural_eb,neural_bidir_seed0_eb,0.0,36,1,3,0.050886521189107345
neural_eb,neural_bidir_seed1_eb,0.0,36,1,3,0.05134684137850191
neural_eb,neural_bidir_seed2_eb,0.0,36,1,3,0.05081758253446893
neural_eb,neural_bidir_seed3_eb,0.0,36,1,3,0.050855489640932304
neural_eb,neural_bidir_seed4_eb,0.0,36,1,3,0.05078244049159122
summary_ridge_prior,none,0.0,0,1,4,0.10032039526145786
neural_prior,neural_bidir_seed0_prior,0.0,0,1,4,0.09011247280250245
neural_prior,neural_bidir_seed1_prior,0.0,0,1,4,0.092310154437655
neural_prior,neural_bidir_seed2_prior,0.0,0,1,4,0.09031395552847243
neural_prior,neural_bidir_seed3_prior,0.0,0,1,4,0.09047694994478661
neural_prior,neural_bidir_seed4_prior,0.0,0,1,4,0.08990747056486725
dfe,none,0.0,32,1,4,0.06513995879322465
dfe,none,0.0,48,1,4,0.05310100416681962
summary_ridge_eb,none,0.0,20,1,4,0.06312416131685199
neural_eb,neural_bidir_seed0_eb,0.0,20,1,4,0.06178403175267942
neural_eb,neural_bidir_seed1_eb,0.0,20,1,4,0.06255402365772934
neural_eb,neural_bidir_seed2_eb,0.0,20,1,4,0.06175470858911216
neural_eb,neural_bidir_seed3_eb,0.0,20,1,4,0.061818183412340126
neural_eb,neural_bidir_seed4_eb,0.0,20,1,4,0.061677051696350745
summary_ridge_eb,none,0.0,36,1,4,0.051432511479252686
neural_eb,neural_bidir_seed0_eb,0.0,36,1,4,0.0502717527693646
neural_eb,neural_bidir_seed1_eb,0.0,36,1,4,0.05068639768268948
neural_eb,neural_bidir_seed2_eb,0.0,36,1,4,0.05020101162464293
neural_eb,neural_bidir_seed3_eb,0.0,36,1,4,0.050247978207224944
neural_eb,neural_bidir_seed4_eb,0.0,36,1,4,0.05013278730899896
summary_ridge_prior,none,0.0,0,2,0,0.0955456832829327
neural_prior,neural_bidir_seed0_prior,0.0,0,2,0,0.08685780467021686
neural_prior,neural_bidir_seed1_prior,0.0,0,2,0,0.08896919927974523
neural_prior,neural_bidir_seed2_prior,0.0,0,2,0,0.08696093314756581
neural_prior,neural_bidir_seed3_prior,0.0,0,2,0,0.08721482391229074
neural_prior,neural_bidir_seed4_prior,0.0,0,2,0,0.0865239836548426
dfe,none,0.0,32,2,0,0.06396272029087413
dfe,none,0.0,48,2,0,0.05388277509700856
summary_ridge_eb,none,0.0,20,2,0,0.06224811959748205
neural_eb,neural_bidir_seed0_eb,0.0,20,2,0,0.06174401643185588
neural_eb,neural_bidir_seed1_eb,0.0,20,2,0,0.06269095613990784
neural_eb,neural_bidir_seed2_eb,0.0,20,2,0,0.061806788129157055
neural_eb,neural_bidir_seed3_eb,0.0,20,2,0,0.061862007858383805
neural_eb,neural_bidir_seed4_eb,0.0,20,2,0,0.061556722182397064
summary_ridge_eb,none,0.0,36,2,0,0.051952394547424736
neural_eb,neural_bidir_seed0_eb,0.0,36,2,0,0.05207090667428827
neural_eb,neural_bidir_seed1_eb,0.0,36,2,0,0.05268257396930411
neural_eb,neural_bidir_seed2_eb,0.0,36,2,0,0.05210229576323858
neural_eb,neural_bidir_seed3_eb,0.0,36,2,0,0.05202666919286665
neural_eb,neural_bidir_seed4_eb,0.0,36,2,0,0.051979939973024455
summary_ridge_prior,none,0.0,0,2,1,0.09685861482267427
neural_prior,neural_bidir_seed0_prior,0.0,0,2,1,0.08834047795789957
neural_prior,neural_bidir_seed1_prior,0.0,0,2,1,0.0904450224024913
neural_prior,neural_bidir_seed2_prior,0.0,0,2,1,0.08844538129596913
neural_prior,neural_bidir_seed3_prior,0.0,0,2,1,0.08877990813016368
neural_prior,neural_bidir_seed4_prior,0.0,0,2,1,0.08791080280025199
dfe,none,0.0,32,2,1,0.06299153622239828
dfe,none,0.0,48,2,1,0.05217288014561442
summary_ridge_eb,none,0.0,20,2,1,0.06418971176765861
neural_eb,neural_bidir_seed0_eb,0.0,20,2,1,0.06300794245684281
neural_eb,neural_bidir_seed1_eb,0.0,20,2,1,0.06374551174798725
neural_eb,neural_bidir_seed2_eb,0.0,20,2,1,0.0629720905300589
neural_eb,neural_bidir_seed3_eb,0.0,20,2,1,0.06307312412410493
neural_eb,neural_bidir_seed4_eb,0.0,20,2,1,0.06288872014364641
summary_ridge_eb,none,0.0,36,2,1,0.05091453520332869
neural_eb,neural_bidir_seed0_eb,0.0,36,2,1,0.049792014170152735
neural_eb,neural_bidir_seed1_eb,0.0,36,2,1,0.0502453695765441
neural_eb,neural_bidir_seed2_eb,0.0,36,2,1,0.04975166020925037
neural_eb,neural_bidir_seed3_eb,0.0,36,2,1,0.04982107388217382
neural_eb,neural_bidir_seed4_eb,0.0,36,2,1,0.049737034042637976
summary_ridge_prior,none,0.0,0,2,2,0.09666357804474801
neural_prior,neural_bidir_seed0_prior,0.0,0,2,2,0.08804714168036298
neural_prior,neural_bidir_seed1_prior,0.0,0,2,2,0.09006742283054336
neural_prior,neural_bidir_seed2_prior,0.0,0,2,2,0.08812535412835132
neural_prior,neural_bidir_seed3_prior,0.0,0,2,2,0.08852999191549316
neural_prior,neural_bidir_seed4_prior,0.0,0,2,2,0.08754449291700439
dfe,none,0.0,32,2,2,0.06391563754186791
dfe,none,0.0,48,2,2,0.051832183068957725
summary_ridge_eb,none,0.0,20,2,2,0.06281619277897119
neural_eb,neural_bidir_seed0_eb,0.0,20,2,2,0.061514426509416485
neural_eb,neural_bidir_seed1_eb,0.0,20,2,2,0.06235977965549133
neural_eb,neural_bidir_seed2_eb,0.0,20,2,2,0.061537554440507965
neural_eb,neural_bidir_seed3_eb,0.0,20,2,2,0.06155940094546018
neural_eb,neural_bidir_seed4_eb,0.0,20,2,2,0.061469071221088425
summary_ridge_eb,none,0.0,36,2,2,0.05128891559144369
neural_eb,neural_bidir_seed0_eb,0.0,36,2,2,0.05109953124388146
neural_eb,neural_bidir_seed1_eb,0.0,36,2,2,0.05166444552747289
neural_eb,neural_bidir_seed2_eb,0.0,36,2,2,0.05112760240609247
neural_eb,neural_bidir_seed3_eb,0.0,36,2,2,0.05114851839813727
neural_eb,neural_bidir_seed4_eb,0.0,36,2,2,0.051108952289905585
summary_ridge_prior,none,0.0,0,2,3,0.09700978860031442
neural_prior,neural_bidir_seed0_prior,0.0,0,2,3,0.08747417941958702
neural_prior,neural_bidir_seed1_prior,0.0,0,2,3,0.08972911321507127
neural_prior,neural_bidir_seed2_prior,0.0,0,2,3,0.0875791735616076
neural_prior,neural_bidir_seed3_prior,0.0,0,2,3,0.0877225213971542
neural_prior,neural_bidir_seed4_prior,0.0,0,2,3,0.08712830555487017
dfe,none,0.0,32,2,3,0.06337979098498181
dfe,none,0.0,48,2,3,0.053412907249973315
summary_ridge_eb,none,0.0,20,2,3,0.06531417345480202
neural_eb,neural_bidir_seed0_eb,0.0,20,2,3,0.06234419908921532
neural_eb,neural_bidir_seed1_eb,0.0,20,2,3,0.06311069443918033
neural_eb,neural_bidir_seed2_eb,0.0,20,2,3,0.062311341921026456
neural_eb,neural_bidir_seed3_eb,0.0,20,2,3,0.06237599210646799
neural_eb,neural_bidir_seed4_eb,0.0,20,2,3,0.06215718298932999
summary_ridge_eb,none,0.0,36,2,3,0.05226666987085385
neural_eb,neural_bidir_seed0_eb,0.0,36,2,3,0.05105610073377581
neural_eb,neural_bidir_seed1_eb,0.0,36,2,3,0.0515832314853061
neural_eb,neural_bidir_seed2_eb,0.0,36,2,3,0.051067517238839184
neural_eb,neural_bidir_seed3_eb,0.0,36,2,3,0.051036635841748716
neural_eb,neural_bidir_seed4_eb,0.0,36,2,3,0.050942191497707526
summary_ridge_prior,none,0.0,0,2,4,0.09361766598588472
neural_prior,neural_bidir_seed0_prior,0.0,0,2,4,0.08662307343001885
neural_prior,neural_bidir_seed1_prior,0.0,0,2,4,0.08877100534118654
neural_prior,neural_bidir_seed2_prior,0.0,0,2,4,0.08675752633098455
neural_prior,neural_bidir_seed3_prior,0.0,0,2,4,0.08701930096685828
neural_prior,neural_bidir_seed4_prior,0.0,0,2,4,0.08643103085159964
dfe,none,0.0,32,2,4,0.06411218142056896
dfe,none,0.0,48,2,4,0.05182555005800775
summary_ridge_eb,none,0.0,20,2,4,0.06352810073873835
neural_eb,neural_bidir_seed0_eb,0.0,20,2,4,0.06410146305552336
neural_eb,neural_bidir_seed1_eb,0.0,20,2,4,0.06508929178153419
neural_eb,neural_bidir_seed2_eb,0.0,20,2,4,0.06419410363405638
neural_eb,neural_bidir_seed3_eb,0.0,20,2,4,0.0642514894760469
neural_eb,neural_bidir_seed4_eb,0.0,20,2,4,0.06427285702285918
summary_ridge_eb,none,0.0,36,2,4,0.05210702187407444
neural_eb,neural_bidir_seed0_eb,0.0,36,2,4,0.053217780480839146
neural_eb,neural_bidir_seed1_eb,0.0,36,2,4,0.053827862826815356
neural_eb,neural_bidir_seed2_eb,0.0,36,2,4,0.05325712918541971
neural_eb,neural_bidir_seed3_eb,0.0,36,2,4,0.05331238927673137
neural_eb,neural_bidir_seed4_eb,0.0,36,2,4,0.05338166533982618
summary_ridge_prior,none,0.0,0,3,0,0.09614737165683754
neural_prior,neural_bidir_seed0_prior,0.0,0,3,0,0.08960481669600995
neural_prior,neural_bidir_seed1_prior,0.0,0,3,0,0.09227091110915353
neural_prior,neural_bidir_seed2_prior,0.0,0,3,0,0.08944485874781094
neural_prior,neural_bidir_seed3_prior,0.0,0,3,0,0.0897336115140206
neural_prior,neural_bidir_seed4_prior,0.0,0,3,0,0.08906361739173008
dfe,none,0.0,32,3,0,0.06445710647312808
dfe,none,0.0,48,3,0,0.0529705757744523
summary_ridge_eb,none,0.0,20,3,0,0.06544025452193541
neural_eb,neural_bidir_seed0_eb,0.0,20,3,0,0.06306700481836866
neural_eb,neural_bidir_seed1_eb,0.0,20,3,0,0.06353850693717814
neural_eb,neural_bidir_seed2_eb,0.0,20,3,0,0.06288766132241685
neural_eb,neural_bidir_seed3_eb,0.0,20,3,0,0.06307110269165314
neural_eb,neural_bidir_seed4_eb,0.0,20,3,0,0.06276141323132285
summary_ridge_eb,none,0.0,36,3,0,0.053561671170596056
neural_eb,neural_bidir_seed0_eb,0.0,36,3,0,0.052139017781085525
neural_eb,neural_bidir_seed1_eb,0.0,36,3,0,0.05242675424333591
neural_eb,neural_bidir_seed2_eb,0.0,36,3,0,0.05202024096577593
neural_eb,neural_bidir_seed3_eb,0.0,36,3,0,0.05212978107780057
neural_eb,neural_bidir_seed4_eb,0.0,36,3,0,0.05199138244114168
summary_ridge_prior,none,0.0,0,3,1,0.09548847271438657
neural_prior,neural_bidir_seed0_prior,0.0,0,3,1,0.09093510720958875
neural_prior,neural_bidir_seed1_prior,0.0,0,3,1,0.09370115986348537
neural_prior,neural_bidir_seed2_prior,0.0,0,3,1,0.09067342061280215
neural_prior,neural_bidir_seed3_prior,0.0,0,3,1,0.0910037102712522
neural_prior,neural_bidir_seed4_prior,0.0,0,3,1,0.09039624051183637
dfe,none,0.0,32,3,1,0.06319663525937358
dfe,none,0.0,48,3,1,0.05189232785414788
summary_ridge_eb,none,0.0,20,3,1,0.06454079057060828
neural_eb,neural_bidir_seed0_eb,0.0,20,3,1,0.06275165915546713
neural_eb,neural_bidir_seed1_eb,0.0,20,3,1,0.06337482415664371
neural_eb,neural_bidir_seed2_eb,0.0,20,3,1,0.06258179425251864
neural_eb,neural_bidir_seed3_eb,0.0,20,3,1,0.06274544984296897
neural_eb,neural_bidir_seed4_eb,0.0,20,3,1,0.06254995758231191
summary_ridge_eb,none,0.0,36,3,1,0.052638772868254385
neural_eb,neural_bidir_seed0_eb,0.0,36,3,1,0.05128116220746972
neural_eb,neural_bidir_seed1_eb,0.0,36,3,1,0.0516367963179912
neural_eb,neural_bidir_seed2_eb,0.0,36,3,1,0.051194481850569865
neural_eb,neural_bidir_seed3_eb,0.0,36,3,1,0.051319762280701176
neural_eb,neural_bidir_seed4_eb,0.0,36,3,1,0.051199650316695114
summary_ridge_prior,none,0.0,0,3,2,0.09979272825400065
neural_prior,neural_bidir_seed0_prior,0.0,0,3,2,0.09009492192672042
neural_prior,neural_bidir_seed1_prior,0.0,0,3,2,0.09263413881672022
neural_prior,neural_bidir_seed2_prior,0.0,0,3,2,0.09003675361418573
neural_prior,neural_bidir_seed3_prior,0.0,0,3,2,0.09042125806990953
neural_prior,neural_bidir_seed4_prior,0.0,0,3,2,0.08968861301218567
dfe,none,0.0,32,3,2,0.06368624119204469
dfe,none,0.0,48,3,2,0.05257738365556482
summary_ridge_eb,none,0.0,20,3,2,0.0647753086001954
neural_eb,neural_bidir_seed0_eb,0.0,20,3,2,0.0626644313249562
neural_eb,neural_bidir_seed1_eb,0.0,20,3,2,0.0632959867242438
neural_eb,neural_bidir_seed2_eb,0.0,20,3,2,0.06260045166789512
neural_eb,neural_bidir_seed3_eb,0.0,20,3,2,0.06276481791652286
neural_eb,neural_bidir_seed4_eb,0.0,20,3,2,0.06251037198727072
summary_ridge_eb,none,0.0,36,3,2,0.051988389529306143
neural_eb,neural_bidir_seed0_eb,0.0,36,3,2,0.050849438462593224
neural_eb,neural_bidir_seed1_eb,0.0,36,3,2,0.05117086712056425
neural_eb,neural_bidir_seed2_eb,0.0,36,3,2,0.050803554686549166
neural_eb,neural_bidir_seed3_eb,0.0,36,3,2,0.05089395279661084
neural_eb,neural_bidir_seed4_eb,0.0,36,3,2,0.05079606680716568
summary_ridge_prior,none,0.0,0,3,3,0.0964035292699072
neural_prior,neural_bidir_seed0_prior,0.0,0,3,3,0.09003080683578446
neural_prior,neural_bidir_seed1_prior,0.0,0,3,3,0.09275954106669815
neural_prior,neural_bidir_seed2_prior,0.0,0,3,3,0.08986161053144315
neural_prior,neural_bidir_seed3_prior,0.0,0,3,3,0.0901999604084267
neural_prior,neural_bidir_seed4_prior,0.0,0,3,3,0.08948788789530226
dfe,none,0.0,32,3,3,0.0640730625091237
dfe,none,0.0,48,3,3,0.05338125775051594
summary_ridge_eb,none,0.0,20,3,3,0.06596254700565657
neural_eb,neural_bidir_seed0_eb,0.0,20,3,3,0.06456548097296864
neural_eb,neural_bidir_seed1_eb,0.0,20,3,3,0.06503539900078323
neural_eb,neural_bidir_seed2_eb,0.0,20,3,3,0.06442381536951974
neural_eb,neural_bidir_seed3_eb,0.0,20,3,3,0.0646995231465867
neural_eb,neural_bidir_seed4_eb,0.0,20,3,3,0.064374607521871
summary_ridge_eb,none,0.0,36,3,3,0.052334382336067034
neural_eb,neural_bidir_seed0_eb,0.0,36,3,3,0.051416916846070346
neural_eb,neural_bidir_seed1_eb,0.0,36,3,3,0.05166951481083442
neural_eb,neural_bidir_seed2_eb,0.0,36,3,3,0.051331448355477705
neural_eb,neural_bidir_seed3_eb,0.0,36,3,3,0.05144321529751587
neural_eb,neural_bidir_seed4_eb,0.0,36,3,3,0.05130297977907475
summary_ridge_prior,none,0.0,0,3,4,0.09741521366058631
neural_prior,neural_bidir_seed0_prior,0.0,0,3,4,0.09160973276266304
neural_prior,neural_bidir_seed1_prior,0.0,0,3,4,0.0942469055789843
neural_prior,neural_bidir_seed2_prior,0.0,0,3,4,0.09136280136408459
neural_prior,neural_bidir_seed3_prior,0.0,0,3,4,0.09180525530064187
neural_prior,neural_bidir_seed4_prior,0.0,0,3,4,0.09115974467385968
dfe,none,0.0,32,3,4,0.06510255945613608
dfe,none,0.0,48,3,4,0.05155456983508581
summary_ridge_eb,none,0.0,20,3,4,0.06687471298206463
neural_eb,neural_bidir_seed0_eb,0.0,20,3,4,0.06388596650316533
neural_eb,neural_bidir_seed1_eb,0.0,20,3,4,0.0644419972018988
neural_eb,neural_bidir_seed2_eb,0.0,20,3,4,0.06375377917163327
neural_eb,neural_bidir_seed3_eb,0.0,20,3,4,0.0639613560691896
neural_eb,neural_bidir_seed4_eb,0.0,20,3,4,0.0637438535337844
summary_ridge_eb,none,0.0,36,3,4,0.05280926015641081
neural_eb,neural_bidir_seed0_eb,0.0,36,3,4,0.05114365495461942
neural_eb,neural_bidir_seed1_eb,0.0,36,3,4,0.05140613103848267
neural_eb,neural_bidir_seed2_eb,0.0,36,3,4,0.05106307553044063
neural_eb,neural_bidir_seed3_eb,0.0,36,3,4,0.051206209666354516
neural_eb,neural_bidir_seed4_eb,0.0,36,3,4,0.051075516932694354
summary_ridge_prior,none,0.0,0,4,0,0.09691551921900513
neural_prior,neural_bidir_seed0_prior,0.0,0,4,0,0.0881198557526659
neural_prior,neural_bidir_seed1_prior,0.0,0,4,0,0.09059642582542438
neural_prior,neural_bidir_seed2_prior,0.0,0,4,0,0.0881997594533459
neural_prior,neural_bidir_seed3_prior,0.0,0,4,0,0.0884466662810155
neural_prior,neural_bidir_seed4_prior,0.0,0,4,0,0.08798993310301739
dfe,none,0.0,32,4,0,0.06385348493313359
dfe,none,0.0,48,4,0,0.05216110252998381
summary_ridge_eb,none,0.0,20,4,0,0.06789716165389106
neural_eb,neural_bidir_seed0_eb,0.0,20,4,0,0.06214097053053289
neural_eb,neural_bidir_seed1_eb,0.0,20,4,0,0.06286186318663761
neural_eb,neural_bidir_seed2_eb,0.0,20,4,0,0.06210372780966544
neural_eb,neural_bidir_seed3_eb,0.0,20,4,0,0.06219360796697036
neural_eb,neural_bidir_seed4_eb,0.0,20,4,0,0.06205950809212471
summary_ridge_eb,none,0.0,36,4,0,0.05556706045250986
neural_eb,neural_bidir_seed0_eb,0.0,36,4,0,0.05056709413831195
neural_eb,neural_bidir_seed1_eb,0.0,36,4,0,0.050973540463011335
neural_eb,neural_bidir_seed2_eb,0.0,36,4,0,0.050570571356651564
neural_eb,neural_bidir_seed3_eb,0.0,36,4,0,0.050588071967976066
neural_eb,neural_bidir_seed4_eb,0.0,36,4,0,0.050485968449634544
summary_ridge_prior,none,0.0,0,4,1,0.0944412174161949
neural_prior,neural_bidir_seed0_prior,0.0,0,4,1,0.08957587789882382
neural_prior,neural_bidir_seed1_prior,0.0,0,4,1,0.09204738273365365
neural_prior,neural_bidir_seed2_prior,0.0,0,4,1,0.08966959360077453
neural_prior,neural_bidir_seed3_prior,0.0,0,4,1,0.0898845704850828
neural_prior,neural_bidir_seed4_prior,0.0,0,4,1,0.08945903472158534
dfe,none,0.0,32,4,1,0.06555917182231497
dfe,none,0.0,48,4,1,0.05184695941655566
summary_ridge_eb,none,0.0,20,4,1,0.06374667851212468
neural_eb,neural_bidir_seed0_eb,0.0,20,4,1,0.062150934084097484
neural_eb,neural_bidir_seed1_eb,0.0,20,4,1,0.0629122330159892
neural_eb,neural_bidir_seed2_eb,0.0,20,4,1,0.062159419939263286
neural_eb,neural_bidir_seed3_eb,0.0,20,4,1,0.062201519273791375
neural_eb,neural_bidir_seed4_eb,0.0,20,4,1,0.06209982373963753
summary_ridge_eb,none,0.0,36,4,1,0.051996057850685215
neural_eb,neural_bidir_seed0_eb,0.0,36,4,1,0.05069495920617398
neural_eb,neural_bidir_seed1_eb,0.0,36,4,1,0.05105414092308097
neural_eb,neural_bidir_seed2_eb,0.0,36,4,1,0.050716223676627904
neural_eb,neural_bidir_seed3_eb,0.0,36,4,1,0.05074982961027567
neural_eb,neural_bidir_seed4_eb,0.0,36,4,1,0.05064129958980802
summary_ridge_prior,none,0.0,0,4,2,0.09824799427603542
neural_prior,neural_bidir_seed0_prior,0.0,0,4,2,0.091948393963321
neural_prior,neural_bidir_seed1_prior,0.0,0,4,2,0.0943773964590946
neural_prior,neural_bidir_seed2_prior,0.0,0,4,2,0.09205485220263654
neural_prior,neural_bidir_seed3_prior,0.0,0,4,2,0.0923113896187715
neural_prior,neural_bidir_seed4_prior,0.0,0,4,2,0.09187826896049955
dfe,none,0.0,32,4,2,0.06427470583548711
dfe,none,0.0,48,4,2,0.05276928415393438
summary_ridge_eb,none,0.0,20,4,2,0.06682017303157686
neural_eb,neural_bidir_seed0_eb,0.0,20,4,2,0.0625833670314058
neural_eb,neural_bidir_seed1_eb,0.0,20,4,2,0.06321109347164311
neural_eb,neural_bidir_seed2_eb,0.0,20,4,2,0.06258665132494769
neural_eb,neural_bidir_seed3_eb,0.0,20,4,2,0.06263620607540202
neural_eb,neural_bidir_seed4_eb,0.0,20,4,2,0.06243061138783186
summary_ridge_eb,none,0.0,36,4,2,0.05510189326116628
neural_eb,neural_bidir_seed0_eb,0.0,36,4,2,0.05128415808184128
neural_eb,neural_bidir_seed1_eb,0.0,36,4,2,0.05165942988585701
neural_eb,neural_bidir_seed2_eb,0.0,36,4,2,0.051261639878633566
neural_eb,neural_bidir_seed3_eb,0.0,36,4,2,0.051333790151792444
neural_eb,neural_bidir_seed4_eb,0.0,36,4,2,0.05122085680677625
summary_ridge_prior,none,0.0,0,4,3,0.09490510692582571
neural_prior,neural_bidir_seed0_prior,0.0,0,4,3,0.08837855804267747
neural_prior,neural_bidir_seed1_prior,0.0,0,4,3,0.09091342134161096
neural_prior,neural_bidir_seed2_prior,0.0,0,4,3,0.0885742704031145
neural_prior,neural_bidir_seed3_prior,0.0,0,4,3,0.08876565484933963
neural_prior,neural_bidir_seed4_prior,0.0,0,4,3,0.08823964642760984
dfe,none,0.0,32,4,3,0.06350805740476062
dfe,none,0.0,48,4,3,0.051517631355939855
summary_ridge_eb,none,0.0,20,4,3,0.06467023548736761
neural_eb,neural_bidir_seed0_eb,0.0,20,4,3,0.06261345256740655
neural_eb,neural_bidir_seed1_eb,0.0,20,4,3,0.06334078841198329
neural_eb,neural_bidir_seed2_eb,0.0,20,4,3,0.06262231634099008
neural_eb,neural_bidir_seed3_eb,0.0,20,4,3,0.06264605777698029
neural_eb,neural_bidir_seed4_eb,0.0,20,4,3,0.062471353914883315
summary_ridge_eb,none,0.0,36,4,3,0.05163266407659857
neural_eb,neural_bidir_seed0_eb,0.0,36,4,3,0.05026916081805248
neural_eb,neural_bidir_seed1_eb,0.0,36,4,3,0.05069708666963202
neural_eb,neural_bidir_seed2_eb,0.0,36,4,3,0.05027501889780464
neural_eb,neural_bidir_seed3_eb,0.0,36,4,3,0.05029838500209213
neural_eb,neural_bidir_seed4_eb,0.0,36,4,3,0.05020720053452406
summary_ridge_prior,none,0.0,0,4,4,0.09564865986962279
neural_prior,neural_bidir_seed0_prior,0.0,0,4,4,0.08937679623159056
neural_prior,neural_bidir_seed1_prior,0.0,0,4,4,0.09195562661443546
neural_prior,neural_bidir_seed2_prior,0.0,0,4,4,0.08955954675002431
neural_prior,neural_bidir_seed3_prior,0.0,0,4,4,0.08980557511495135
neural_prior,neural_bidir_seed4_prior,0.0,0,4,4,0.08924294726421067
dfe,none,0.0,32,4,4,0.06464981949466164
dfe,none,0.0,48,4,4,0.0522133541793058
summary_ridge_eb,none,0.0,20,4,4,0.06347014384632735
neural_eb,neural_bidir_seed0_eb,0.0,20,4,4,0.06219789640069092
neural_eb,neural_bidir_seed1_eb,0.0,20,4,4,0.06298925719245282
neural_eb,neural_bidir_seed2_eb,0.0,20,4,4,0.06223300480626072
neural_eb,neural_bidir_seed3_eb,0.0,20,4,4,0.062320240937239056
neural_eb,neural_bidir_seed4_eb,0.0,20,4,4,0.06214993651733222
summary_ridge_eb,none,0.0,36,4,4,0.053348109238164805
neural_eb,neural_bidir_seed0_eb,0.0,36,4,4,0.0517623585167697
neural_eb,neural_bidir_seed1_eb,0.0,36,4,4,0.05216569689527171
neural_eb,neural_bidir_seed2_eb,0.0,36,4,4,0.05179054363105913
neural_eb,neural_bidir_seed3_eb,0.0,36,4,4,0.05189267195754094
neural_eb,neural_bidir_seed4_eb,0.0,36,4,4,0.05167414762447978
summary_ridge_prior,none,0.0,0,5,0,0.10074474348682871
neural_prior,neural_bidir_seed0_prior,0.0,0,5,0,0.08933012130546558
neural_prior,neural_bidir_seed1_prior,0.0,0,5,0,0.09207074693222239
neural_prior,neural_bidir_seed2_prior,0.0,0,5,0,0.08932725174054212
neural_prior,neural_bidir_seed3_prior,0.0,0,5,0,0.08946139180079626
neural_prior,neural_bidir_seed4_prior,0.0,0,5,0,0.08860945026935951
dfe,none,0.0,32,5,0,0.06465204747109965
dfe,none,0.0,48,5,0,0.05232236523382501
summary_ridge_eb,none,0.0,20,5,0,0.06708750021338589
neural_eb,neural_bidir_seed0_eb,0.0,20,5,0,0.06303848474627999
neural_eb,neural_bidir_seed1_eb,0.0,20,5,0,0.06370575944225998
neural_eb,neural_bidir_seed2_eb,0.0,20,5,0,0.06299361198116539
neural_eb,neural_bidir_seed3_eb,0.0,20,5,0,0.06329997567521553
neural_eb,neural_bidir_seed4_eb,0.0,20,5,0,0.06284040513911826
summary_ridge_eb,none,0.0,36,5,0,0.05139276758835193
neural_eb,neural_bidir_seed0_eb,0.0,36,5,0,0.05028305589882581
neural_eb,neural_bidir_seed1_eb,0.0,36,5,0,0.05066445345218104
neural_eb,neural_bidir_seed2_eb,0.0,36,5,0,0.050242858065813495
neural_eb,neural_bidir_seed3_eb,0.0,36,5,0,0.05032693846052243
neural_eb,neural_bidir_seed4_eb,0.0,36,5,0,0.050164860935092204
summary_ridge_prior,none,0.0,0,5,1,0.10402046622532904
neural_prior,neural_bidir_seed0_prior,0.0,0,5,1,0.0900806160952925
neural_prior,neural_bidir_seed1_prior,0.0,0,5,1,0.09297285473621741
neural_prior,neural_bidir_seed2_prior,0.0,0,5,1,0.0900706437696499
neural_prior,neural_bidir_seed3_prior,0.0,0,5,1,0.09011336123330693
neural_prior,neural_bidir_seed4_prior,0.0,0,5,1,0.08921821520380036
dfe,none,0.0,32,5,1,0.06261727347555279
dfe,none,0.0,48,5,1,0.05203718558550463
summary_ridge_eb,none,0.0,20,5,1,0.06751599221199653
neural_eb,neural_bidir_seed0_eb,0.0,20,5,1,0.06341495938468919
neural_eb,neural_bidir_seed1_eb,0.0,20,5,1,0.06413551055315775
neural_eb,neural_bidir_seed2_eb,0.0,20,5,1,0.0634364816704561
neural_eb,neural_bidir_seed3_eb,0.0,20,5,1,0.06364204062035415
neural_eb,neural_bidir_seed4_eb,0.0,20,5,1,0.06319918681398878
summary_ridge_eb,none,0.0,36,5,1,0.05325779490576417
neural_eb,neural_bidir_seed0_eb,0.0,36,5,1,0.05186592746650707
neural_eb,neural_bidir_seed1_eb,0.0,36,5,1,0.05230769592014264
neural_eb,neural_bidir_seed2_eb,0.0,36,5,1,0.051836605129040564
neural_eb,neural_bidir_seed3_eb,0.0,36,5,1,0.051865177177019106
neural_eb,neural_bidir_seed4_eb,0.0,36,5,1,0.05173383593969562
summary_ridge_prior,none,0.0,0,5,2,0.10102006005236655
neural_prior,neural_bidir_seed0_prior,0.0,0,5,2,0.08981517581742082
neural_prior,neural_bidir_seed1_prior,0.0,0,5,2,0.09273956453944265
neural_prior,neural_bidir_seed2_prior,0.0,0,5,2,0.08978738775294914
neural_prior,neural_bidir_seed3_prior,0.0,0,5,2,0.08980132554097509
neural_prior,neural_bidir_seed4_prior,0.0,0,5,2,0.08896867734256375
dfe,none,0.0,32,5,2,0.06297602072663722
dfe,none,0.0,48,5,2,0.05169586017048762
summary_ridge_eb,none,0.0,20,5,2,0.06641089478177209
neural_eb,neural_bidir_seed0_eb,0.0,20,5,2,0.06354067666783142
neural_eb,neural_bidir_seed1_eb,0.0,20,5,2,0.06417971661591461
neural_eb,neural_bidir_seed2_eb,0.0,20,5,2,0.06349343425046232
neural_eb,neural_bidir_seed3_eb,0.0,20,5,2,0.06369790943286041
neural_eb,neural_bidir_seed4_eb,0.0,20,5,2,0.0633344704662436
summary_ridge_eb,none,0.0,36,5,2,0.05303349635823317
neural_eb,neural_bidir_seed0_eb,0.0,36,5,2,0.05132640722077854
neural_eb,neural_bidir_seed1_eb,0.0,36,5,2,0.05166298199782329
neural_eb,neural_bidir_seed2_eb,0.0,36,5,2,0.05129000143324441
neural_eb,neural_bidir_seed3_eb,0.0,36,5,2,0.0513754669726493
neural_eb,neural_bidir_seed4_eb,0.0,36,5,2,0.0512014557860804
summary_ridge_prior,none,0.0,0,5,3,0.10115351739061584
neural_prior,neural_bidir_seed0_prior,0.0,0,5,3,0.0887350102475466
neural_prior,neural_bidir_seed1_prior,0.0,0,5,3,0.09146760592375358
neural_prior,neural_bidir_seed2_prior,0.0,0,5,3,0.08877396779826086
neural_prior,neural_bidir_seed3_prior,0.0,0,5,3,0.08886525437083037
neural_prior,neural_bidir_seed4_prior,0.0,0,5,3,0.088024399619826
dfe,none,0.0,32,5,3,0.06306631538063812
dfe,none,0.0,48,5,3,0.051784216250477286
summary_ridge_eb,none,0.0,20,5,3,0.06575721698610365
neural_eb,neural_bidir_seed0_eb,0.0,20,5,3,0.06290068534035653
neural_eb,neural_bidir_seed1_eb,0.0,20,5,3,0.06355799075306606
neural_eb,neural_bidir_seed2_eb,0.0,20,5,3,0.06287414880089856
neural_eb,neural_bidir_seed3_eb,0.0,20,5,3,0.06293945147183141
neural_eb,neural_bidir_seed4_eb,0.0,20,5,3,0.06267366679047952
summary_ridge_eb,none,0.0,36,5,3,0.052826935374574224
neural_eb,neural_bidir_seed0_eb,0.0,36,5,3,0.050950059630965785
neural_eb,neural_bidir_seed1_eb,0.0,36,5,3,0.051298438936992916
neural_eb,neural_bidir_seed2_eb,0.0,36,5,3,0.05095748031798615
neural_eb,neural_bidir_seed3_eb,0.0,36,5,3,0.05102118229040026
neural_eb,neural_bidir_seed4_eb,0.0,36,5,3,0.05081583368558844
summary_ridge_prior,none,0.0,0,5,4,0.10440184095796073
neural_prior,neural_bidir_seed0_prior,0.0,0,5,4,0.0902662072203384
neural_prior,neural_bidir_seed1_prior,0.0,0,5,4,0.0929642734972731
neural_prior,neural_bidir_seed2_prior,0.0,0,5,4,0.09021249755642202
neural_prior,neural_bidir_seed3_prior,0.0,0,5,4,0.09037558230374998
neural_prior,neural_bidir_seed4_prior,0.0,0,5,4,0.08953022294190305
dfe,none,0.0,32,5,4,0.06358211255428614
dfe,none,0.0,48,5,4,0.051916130270304464
summary_ridge_eb,none,0.0,20,5,4,0.06652909069922214
neural_eb,neural_bidir_seed0_eb,0.0,20,5,4,0.06343261513789328
neural_eb,neural_bidir_seed1_eb,0.0,20,5,4,0.0641151661957233
neural_eb,neural_bidir_seed2_eb,0.0,20,5,4,0.06336984984011712
neural_eb,neural_bidir_seed3_eb,0.0,20,5,4,0.06345407983605347
neural_eb,neural_bidir_seed4_eb,0.0,20,5,4,0.06324671142213205
summary_ridge_eb,none,0.0,36,5,4,0.054280840136323574
neural_eb,neural_bidir_seed0_eb,0.0,36,5,4,0.05244336839057047
neural_eb,neural_bidir_seed1_eb,0.0,36,5,4,0.05282882967126993
neural_eb,neural_bidir_seed2_eb,0.0,36,5,4,0.05244219950367822
neural_eb,neural_bidir_seed3_eb,0.0,36,5,4,0.05248061379323478
neural_eb,neural_bidir_seed4_eb,0.0,36,5,4,0.052325753570480166
summary_ridge_prior,none,0.0,0,6,0,0.10178217152033997
neural_prior,neural_bidir_seed0_prior,0.0,0,6,0,0.0951059986891778
neural_prior,neural_bidir_seed1_prior,0.0,0,6,0,0.09747734948723519
neural_prior,neural_bidir_seed2_prior,0.0,0,6,0,0.09524966927529022
neural_prior,neural_bidir_seed3_prior,0.0,0,6,0,0.09583245255453221
neural_prior,neural_bidir_seed4_prior,0.0,0,6,0,0.0947329212049226
dfe,none,0.0,32,6,0,0.06258526341116522
dfe,none,0.0,48,6,0,0.05254409319786646
summary_ridge_eb,none,0.0,20,6,0,0.06475278226412934
neural_eb,neural_bidir_seed0_eb,0.0,20,6,0,0.06300274791078558
neural_eb,neural_bidir_seed1_eb,0.0,20,6,0,0.06368187519440108
neural_eb,neural_bidir_seed2_eb,0.0,20,6,0,0.0630366380819865
neural_eb,neural_bidir_seed3_eb,0.0,20,6,0,0.0632678813245777
neural_eb,neural_bidir_seed4_eb,0.0,20,6,0,0.06287399562487746
summary_ridge_eb,none,0.0,36,6,0,0.05206890126834492
neural_eb,neural_bidir_seed0_eb,0.0,36,6,0,0.05127726381478866
neural_eb,neural_bidir_seed1_eb,0.0,36,6,0,0.05166283162194364
neural_eb,neural_bidir_seed2_eb,0.0,36,6,0,0.051254721702280986
neural_eb,neural_bidir_seed3_eb,0.0,36,6,0,0.05135143726133763
neural_eb,neural_bidir_seed4_eb,0.0,36,6,0,0.051163944057728346
summary_ridge_prior,none,0.0,0,6,1,0.10284057372713654
neural_prior,neural_bidir_seed0_prior,0.0,0,6,1,0.09518557788942417
neural_prior,neural_bidir_seed1_prior,0.0,0,6,1,0.09742686187928484
neural_prior,neural_bidir_seed2_prior,0.0,0,6,1,0.09513815964419337
neural_prior,neural_bidir_seed3_prior,0.0,0,6,1,0.09567195498493675
neural_prior,neural_bidir_seed4_prior,0.0,0,6,1,0.09461914540406724
dfe,none,0.0,32,6,1,0.06447824491988285
dfe,none,0.0,48,6,1,0.05208273072457814
summary_ridge_eb,none,0.0,20,6,1,0.06401251903325421
neural_eb,neural_bidir_seed0_eb,0.0,20,6,1,0.06230203485271398
neural_eb,neural_bidir_seed1_eb,0.0,20,6,1,0.06295109969975239
neural_eb,neural_bidir_seed2_eb,0.0,20,6,1,0.062285106391139634
neural_eb,neural_bidir_seed3_eb,0.0,20,6,1,0.06242434056576596
neural_eb,neural_bidir_seed4_eb,0.0,20,6,1,0.06217674749167244
summary_ridge_eb,none,0.0,36,6,1,0.052223268089132246
neural_eb,neural_bidir_seed0_eb,0.0,36,6,1,0.051609648586555146
neural_eb,neural_bidir_seed1_eb,0.0,36,6,1,0.052008003876141004
neural_eb,neural_bidir_seed2_eb,0.0,36,6,1,0.05161746835459047
neural_eb,neural_bidir_seed3_eb,0.0,36,6,1,0.05172023224602653
neural_eb,neural_bidir_seed4_eb,0.0,36,6,1,0.051570658984120527
summary_ridge_prior,none,0.0,0,6,2,0.09938945569379809
neural_prior,neural_bidir_seed0_prior,0.0,0,6,2,0.09365813854492444
neural_prior,neural_bidir_seed1_prior,0.0,0,6,2,0.09607750300165208
neural_prior,neural_bidir_seed2_prior,0.0,0,6,2,0.09371553456549009
neural_prior,neural_bidir_seed3_prior,0.0,0,6,2,0.09446734469929652
neural_prior,neural_bidir_seed4_prior,0.0,0,6,2,0.09328004182134464
dfe,none,0.0,32,6,2,0.06420757343948935
dfe,none,0.0,48,6,2,0.05253736404423156
summary_ridge_eb,none,0.0,20,6,2,0.06405610157780713
neural_eb,neural_bidir_seed0_eb,0.0,20,6,2,0.062025320235759934
neural_eb,neural_bidir_seed1_eb,0.0,20,6,2,0.0626951764207598
neural_eb,neural_bidir_seed2_eb,0.0,20,6,2,0.06205838765004215
neural_eb,neural_bidir_seed3_eb,0.0,20,6,2,0.062356353602660626
neural_eb,neural_bidir_seed4_eb,0.0,20,6,2,0.06194856923761547
summary_ridge_eb,none,0.0,36,6,2,0.05230758894898428
neural_eb,neural_bidir_seed0_eb,0.0,36,6,2,0.051523118810349454
neural_eb,neural_bidir_seed1_eb,0.0,36,6,2,0.05188970311749978
neural_eb,neural_bidir_seed2_eb,0.0,36,6,2,0.05152384806451284
neural_eb,neural_bidir_seed3_eb,0.0,36,6,2,0.05164712081668226
neural_eb,neural_bidir_seed4_eb,0.0,36,6,2,0.05146444760696797
summary_ridge_prior,none,0.0,0,6,3,0.09816070372451158
neural_prior,neural_bidir_seed0_prior,0.0,0,6,3,0.08992496305108943
neural_prior,neural_bidir_seed1_prior,0.0,0,6,3,0.09230917817876616
neural_prior,neural_bidir_seed2_prior,0.0,0,6,3,0.08994141022230906
neural_prior,neural_bidir_seed3_prior,0.0,0,6,3,0.09048327354503272
neural_prior,neural_bidir_seed4_prior,0.0,0,6,3,0.0893761060124234
dfe,none,0.0,32,6,3,0.06384506813083135
dfe,none,0.0,48,6,3,0.05176717720072095
summary_ridge_eb,none,0.0,20,6,3,0.06312622211382722
neural_eb,neural_bidir_seed0_eb,0.0,20,6,3,0.06151190255533397
neural_eb,neural_bidir_seed1_eb,0.0,20,6,3,0.06219437368118677
neural_eb,neural_bidir_seed2_eb,0.0,20,6,3,0.061509319938231
neural_eb,neural_bidir_seed3_eb,0.0,20,6,3,0.06160911502993505
neural_eb,neural_bidir_seed4_eb,0.0,20,6,3,0.06141412594350446
summary_ridge_eb,none,0.0,36,6,3,0.05228902734535778
neural_eb,neural_bidir_seed0_eb,0.0,36,6,3,0.05099001803472544
neural_eb,neural_bidir_seed1_eb,0.0,36,6,3,0.051358962941954286
neural_eb,neural_bidir_seed2_eb,0.0,36,6,3,0.050974873141386545
neural_eb,neural_bidir_seed3_eb,0.0,36,6,3,0.051103903655445176
neural_eb,neural_bidir_seed4_eb,0.0,36,6,3,0.05090006801616685
summary_ridge_prior,none,0.0,0,6,4,0.10250492953960552
neural_prior,neural_bidir_seed0_prior,0.0,0,6,4,0.09188587048811314
neural_prior,neural_bidir_seed1_prior,0.0,0,6,4,0.09417606722672645
neural_prior,neural_bidir_seed2_prior,0.0,0,6,4,0.09190800270698674
neural_prior,neural_bidir_seed3_prior,0.0,0,6,4,0.09242409628313908
neural_prior,neural_bidir_seed4_prior,0.0,0,6,4,0.09125306474561512
dfe,none,0.0,32,6,4,0.06547256618432584
dfe,none,0.0,48,6,4,0.051785073291587956
summary_ridge_eb,none,0.0,20,6,4,0.0636240886439721
neural_eb,neural_bidir_seed0_eb,0.0,20,6,4,0.0621405170610303
neural_eb,neural_bidir_seed1_eb,0.0,20,6,4,0.06297755626384383
neural_eb,neural_bidir_seed2_eb,0.0,20,6,4,0.062121944120982764
neural_eb,neural_bidir_seed3_eb,0.0,20,6,4,0.06216172315933596
neural_eb,neural_bidir_seed4_eb,0.0,20,6,4,0.062023408147029516
summary_ridge_eb,none,0.0,36,6,4,0.05289435663621739
neural_eb,neural_bidir_seed0_eb,0.0,36,6,4,0.05177043345024863
neural_eb,neural_bidir_seed1_eb,0.0,36,6,4,0.05219482780253511
neural_eb,neural_bidir_seed2_eb,0.0,36,6,4,0.051764081088251285
neural_eb,neural_bidir_seed3_eb,0.0,36,6,4,0.05182812874964534
neural_eb,neural_bidir_seed4_eb,0.0,36,6,4,0.051672811771458514
summary_ridge_prior,none,0.0,0,7,0,0.09570468535625952
neural_prior,neural_bidir_seed0_prior,0.0,0,7,0,0.1001056301229255
neural_prior,neural_bidir_seed1_prior,0.0,0,7,0,0.10319005179007945
neural_prior,neural_bidir_seed2_prior,0.0,0,7,0,0.1000661202469928
neural_prior,neural_bidir_seed3_prior,0.0,0,7,0,0.09992286353190138
neural_prior,neural_bidir_seed4_prior,0.0,0,7,0,0.09902888729084225
dfe,none,0.0,32,7,0,0.06326746456397814
dfe,none,0.0,48,7,0,0.052603554329228544
summary_ridge_eb,none,0.0,20,7,0,0.06342357023428881
neural_eb,neural_bidir_seed0_eb,0.0,20,7,0,0.06542397461542626
neural_eb,neural_bidir_seed1_eb,0.0,20,7,0,0.06619124720857184
neural_eb,neural_bidir_seed2_eb,0.0,20,7,0,0.06542769679768545
neural_eb,neural_bidir_seed3_eb,0.0,20,7,0,0.06541580793209655
neural_eb,neural_bidir_seed4_eb,0.0,20,7,0,0.06516621378732712
summary_ridge_eb,none,0.0,36,7,0,0.051652482010372903
neural_eb,neural_bidir_seed0_eb,0.0,36,7,0,0.0531301280845405
neural_eb,neural_bidir_seed1_eb,0.0,36,7,0,0.05357094414624139
neural_eb,neural_bidir_seed2_eb,0.0,36,7,0,0.05312133107063949
neural_eb,neural_bidir_seed3_eb,0.0,36,7,0,0.05306644436598081
neural_eb,neural_bidir_seed4_eb,0.0,36,7,0,0.05294331419264153
summary_ridge_prior,none,0.0,0,7,1,0.09433244281842176
neural_prior,neural_bidir_seed0_prior,0.0,0,7,1,0.09598072569315264
neural_prior,neural_bidir_seed1_prior,0.0,0,7,1,0.09903826680056227
neural_prior,neural_bidir_seed2_prior,0.0,0,7,1,0.09598830553841253
neural_prior,neural_bidir_seed3_prior,0.0,0,7,1,0.09582441411293985
neural_prior,neural_bidir_seed4_prior,0.0,0,7,1,0.0949748927505425
dfe,none,0.0,32,7,1,0.06378432466044615
dfe,none,0.0,48,7,1,0.051750221648641556
summary_ridge_eb,none,0.0,20,7,1,0.06168608354659606
neural_eb,neural_bidir_seed0_eb,0.0,20,7,1,0.06267363129153523
neural_eb,neural_bidir_seed1_eb,0.0,20,7,1,0.06343535957764793
neural_eb,neural_bidir_seed2_eb,0.0,20,7,1,0.06266440753913355
neural_eb,neural_bidir_seed3_eb,0.0,20,7,1,0.06256117111092369
neural_eb,neural_bidir_seed4_eb,0.0,20,7,1,0.06241874601759273
summary_ridge_eb,none,0.0,36,7,1,0.051287000971700955
neural_eb,neural_bidir_seed0_eb,0.0,36,7,1,0.052081995968904414
neural_eb,neural_bidir_seed1_eb,0.0,36,7,1,0.05250514322975093
neural_eb,neural_bidir_seed2_eb,0.0,36,7,1,0.05210112534641443
neural_eb,neural_bidir_seed3_eb,0.0,36,7,1,0.052043830382754744
neural_eb,neural_bidir_seed4_eb,0.0,36,7,1,0.051961783797058944
summary_ridge_prior,none,0.0,0,7,2,0.09345311548835628
neural_prior,neural_bidir_seed0_prior,0.0,0,7,2,0.09054375406230974
neural_prior,neural_bidir_seed1_prior,0.0,0,7,2,0.09344801974475558
neural_prior,neural_bidir_seed2_prior,0.0,0,7,2,0.09052456864992564
neural_prior,neural_bidir_seed3_prior,0.0,0,7,2,0.09057992962152639
neural_prior,neural_bidir_seed4_prior,0.0,0,7,2,0.08969369754595391
dfe,none,0.0,32,7,2,0.0627537621112424
dfe,none,0.0,48,7,2,0.052878378391445345
summary_ridge_eb,none,0.0,20,7,2,0.06364233066429617
neural_eb,neural_bidir_seed0_eb,0.0,20,7,2,0.0633511447753678
neural_eb,neural_bidir_seed1_eb,0.0,20,7,2,0.06412624578445272
neural_eb,neural_bidir_seed2_eb,0.0,20,7,2,0.06334923198166881
neural_eb,neural_bidir_seed3_eb,0.0,20,7,2,0.06329782154396371
neural_eb,neural_bidir_seed4_eb,0.0,20,7,2,0.06306083410299597
summary_ridge_eb,none,0.0,36,7,2,0.052307957890530436
neural_eb,neural_bidir_seed0_eb,0.0,36,7,2,0.05253366663950238
neural_eb,neural_bidir_seed1_eb,0.0,36,7,2,0.05294867790069749
neural_eb,neural_bidir_seed2_eb,0.0,36,7,2,0.05250693865934441
neural_eb,neural_bidir_seed3_eb,0.0,36,7,2,0.052507426027109394
neural_eb,neural_bidir_seed4_eb,0.0,36,7,2,0.05237006140315967
summary_ridge_prior,none,0.0,0,7,3,0.09660230239440315
neural_prior,neural_bidir_seed0_prior,0.0,0,7,3,0.09905276603785751
neural_prior,neural_bidir_seed1_prior,0.0,0,7,3,0.10181555960116384
neural_prior,neural_bidir_seed2_prior,0.0,0,7,3,0.09898020580840239
neural_prior,neural_bidir_seed3_prior,0.0,0,7,3,0.09879454326255654
neural_prior,neural_bidir_seed4_prior,0.0,0,7,3,0.09773820208465622
dfe,none,0.0,32,7,3,0.06486835421492287
dfe,none,0.0,48,7,3,0.05261410252812008
summary_ridge_eb,none,0.0,20,7,3,0.06229092974338741
neural_eb,neural_bidir_seed0_eb,0.0,20,7,3,0.06341577910277904
neural_eb,neural_bidir_seed1_eb,0.0,20,7,3,0.0641086309269305
neural_eb,neural_bidir_seed2_eb,0.0,20,7,3,0.06341228337015886
neural_eb,neural_bidir_seed3_eb,0.0,20,7,3,0.06333215980158467
neural_eb,neural_bidir_seed4_eb,0.0,20,7,3,0.06302883917571117
summary_ridge_eb,none,0.0,36,7,3,0.05184280077549742
neural_eb,neural_bidir_seed0_eb,0.0,36,7,3,0.05255640281452146
neural_eb,neural_bidir_seed1_eb,0.0,36,7,3,0.05294405578607787
neural_eb,neural_bidir_seed2_eb,0.0,36,7,3,0.05252030240899704
neural_eb,neural_bidir_seed3_eb,0.0,36,7,3,0.0524786518834532
neural_eb,neural_bidir_seed4_eb,0.0,36,7,3,0.0523327126810577
summary_ridge_prior,none,0.0,0,7,4,0.09382429479614476
neural_prior,neural_bidir_seed0_prior,0.0,0,7,4,0.09440071572862507
neural_prior,neural_bidir_seed1_prior,0.0,0,7,4,0.09742391756117286
neural_prior,neural_bidir_seed2_prior,0.0,0,7,4,0.09430757941845513
neural_prior,neural_bidir_seed3_prior,0.0,0,7,4,0.09435863111684739
neural_prior,neural_bidir_seed4_prior,0.0,0,7,4,0.09339557742168836
dfe,none,0.0,32,7,4,0.06361849106906448
dfe,none,0.0,48,7,4,0.05382312862154019
summary_ridge_eb,none,0.0,20,7,4,0.061632857703446134
neural_eb,neural_bidir_seed0_eb,0.0,20,7,4,0.06286500669006417
neural_eb,neural_bidir_seed1_eb,0.0,20,7,4,0.0637140819096221
neural_eb,neural_bidir_seed2_eb,0.0,20,7,4,0.0628467629627976
neural_eb,neural_bidir_seed3_eb,0.0,20,7,4,0.06282302437370571
neural_eb,neural_bidir_seed4_eb,0.0,20,7,4,0.06259566908752265
summary_ridge_eb,none,0.0,36,7,4,0.0508366893907178
neural_eb,neural_bidir_seed0_eb,0.0,36,7,4,0.05104227039914417
neural_eb,neural_bidir_seed1_eb,0.0,36,7,4,0.051498908063297044
neural_eb,neural_bidir_seed2_eb,0.0,36,7,4,0.05100806906840916
neural_eb,neural_bidir_seed3_eb,0.0,36,7,4,0.051024372449792396
neural_eb,neural_bidir_seed4_eb,0.0,36,7,4,0.050937537841132086
summary_ridge_prior,none,0.0,0,8,0,0.10961013055452898
neural_prior,neural_bidir_seed0_prior,0.0,0,8,0,0.0967587281465967
neural_prior,neural_bidir_seed1_prior,0.0,0,8,0,0.09992554721065972
neural_prior,neural_bidir_seed2_prior,0.0,0,8,0,0.09685853464725369
neural_prior,neural_bidir_seed3_prior,0.0,0,8,0,0.09706275180178636
neural_prior,neural_bidir_seed4_prior,0.0,0,8,0,0.09665590407348645
dfe,none,0.0,32,8,0,0.06458035442847176
dfe,none,0.0,48,8,0,0.05321720059146173
summary_ridge_eb,none,0.0,20,8,0,0.06617777960976376
neural_eb,neural_bidir_seed0_eb,0.0,20,8,0,0.06256145998024933
neural_eb,neural_bidir_seed1_eb,0.0,20,8,0,0.06335402355840901
neural_eb,neural_bidir_seed2_eb,0.0,20,8,0,0.06262094130257208
neural_eb,neural_bidir_seed3_eb,0.0,20,8,0,0.06276993043083501
neural_eb,neural_bidir_seed4_eb,0.0,20,8,0,0.06258228282017614
summary_ridge_eb,none,0.0,36,8,0,0.05455104595063937
neural_eb,neural_bidir_seed0_eb,0.0,36,8,0,0.05223113286498842
neural_eb,neural_bidir_seed1_eb,0.0,36,8,0,0.05262907339834492
neural_eb,neural_bidir_seed2_eb,0.0,36,8,0,0.05226063386589961
neural_eb,neural_bidir_seed3_eb,0.0,36,8,0,0.05235744595674509
neural_eb,neural_bidir_seed4_eb,0.0,36,8,0,0.05218071915520246
summary_ridge_prior,none,0.0,0,8,1,0.10799399988160702
neural_prior,neural_bidir_seed0_prior,0.0,0,8,1,0.09131619542858971
neural_prior,neural_bidir_seed1_prior,0.0,0,8,1,0.09457846786062873
neural_prior,neural_bidir_seed2_prior,0.0,0,8,1,0.09145363823154185
neural_prior,neural_bidir_seed3_prior,0.0,0,8,1,0.09158797209056502
neural_prior,neural_bidir_seed4_prior,0.0,0,8,1,0.09110720307762676
dfe,none,0.0,32,8,1,0.06393220742393169
dfe,none,0.0,48,8,1,0.051661749205474436
summary_ridge_eb,none,0.0,20,8,1,0.06732906605654437
neural_eb,neural_bidir_seed0_eb,0.0,20,8,1,0.06200467109922795
neural_eb,neural_bidir_seed1_eb,0.0,20,8,1,0.06272267079718313
neural_eb,neural_bidir_seed2_eb,0.0,20,8,1,0.06205858231547132
neural_eb,neural_bidir_seed3_eb,0.0,20,8,1,0.062435365470222486
neural_eb,neural_bidir_seed4_eb,0.0,20,8,1,0.061979574238636495
summary_ridge_eb,none,0.0,36,8,1,0.05354462892954423
neural_eb,neural_bidir_seed0_eb,0.0,36,8,1,0.05023115681608792
neural_eb,neural_bidir_seed1_eb,0.0,36,8,1,0.05058893673648433
neural_eb,neural_bidir_seed2_eb,0.0,36,8,1,0.0502829897107373
neural_eb,neural_bidir_seed3_eb,0.0,36,8,1,0.05048102792752364
neural_eb,neural_bidir_seed4_eb,0.0,36,8,1,0.050202983748121
summary_ridge_prior,none,0.0,0,8,2,0.10934573454932228
neural_prior,neural_bidir_seed0_prior,0.0,0,8,2,0.09429942779934208
neural_prior,neural_bidir_seed1_prior,0.0,0,8,2,0.0973805467128841
neural_prior,neural_bidir_seed2_prior,0.0,0,8,2,0.09436467066370824
neural_prior,neural_bidir_seed3_prior,0.0,0,8,2,0.09461340767120419
neural_prior,neural_bidir_seed4_prior,0.0,0,8,2,0.09406602853232471
dfe,none,0.0,32,8,2,0.06330890688877844
dfe,none,0.0,48,8,2,0.051993202519345985
summary_ridge_eb,none,0.0,20,8,2,0.06672268605694603
neural_eb,neural_bidir_seed0_eb,0.0,20,8,2,0.06279702707924001
neural_eb,neural_bidir_seed1_eb,0.0,20,8,2,0.06353547015692966
neural_eb,neural_bidir_seed2_eb,0.0,20,8,2,0.06275619031663443
neural_eb,neural_bidir_seed3_eb,0.0,20,8,2,0.06297928435350526
neural_eb,neural_bidir_seed4_eb,0.0,20,8,2,0.06269781749533695
summary_ridge_eb,none,0.0,36,8,2,0.05335776941272271
neural_eb,neural_bidir_seed0_eb,0.0,36,8,2,0.051018285349763146
neural_eb,neural_bidir_seed1_eb,0.0,36,8,2,0.05145778519183612
neural_eb,neural_bidir_seed2_eb,0.0,36,8,2,0.05105022318890548
neural_eb,neural_bidir_seed3_eb,0.0,36,8,2,0.05117625271559384
neural_eb,neural_bidir_seed4_eb,0.0,36,8,2,0.05097476039596136
summary_ridge_prior,none,0.0,0,8,3,0.10553593906177831
neural_prior,neural_bidir_seed0_prior,0.0,0,8,3,0.08849599170753208
neural_prior,neural_bidir_seed1_prior,0.0,0,8,3,0.09154026953729044
neural_prior,neural_bidir_seed2_prior,0.0,0,8,3,0.08848510950883792
neural_prior,neural_bidir_seed3_prior,0.0,0,8,3,0.08868520537907898
neural_prior,neural_bidir_seed4_prior,0.0,0,8,3,0.08818306960711197
dfe,none,0.0,32,8,3,0.06395653039908211
dfe,none,0.0,48,8,3,0.05264002545906503
summary_ridge_eb,none,0.0,20,8,3,0.06600028504603736
neural_eb,neural_bidir_seed0_eb,0.0,20,8,3,0.062400325479078346
neural_eb,neural_bidir_seed1_eb,0.0,20,8,3,0.06316158883441939
neural_eb,neural_bidir_seed2_eb,0.0,20,8,3,0.06234866762521522
neural_eb,neural_bidir_seed3_eb,0.0,20,8,3,0.062389320062912826
neural_eb,neural_bidir_seed4_eb,0.0,20,8,3,0.062241048395777446
summary_ridge_eb,none,0.0,36,8,3,0.052723039570646515
neural_eb,neural_bidir_seed0_eb,0.0,36,8,3,0.05062351669179361
neural_eb,neural_bidir_seed1_eb,0.0,36,8,3,0.05109754005637107
neural_eb,neural_bidir_seed2_eb,0.0,36,8,3,0.050565812051719505
neural_eb,neural_bidir_seed3_eb,0.0,36,8,3,0.050548706992601146
neural_eb,neural_bidir_seed4_eb,0.0,36,8,3,0.05048746737623108
summary_ridge_prior,none,0.0,0,8,4,0.10248647501423638
neural_prior,neural_bidir_seed0_prior,0.0,0,8,4,0.08829097972738964
neural_prior,neural_bidir_seed1_prior,0.0,0,8,4,0.09142281680215092
neural_prior,neural_bidir_seed2_prior,0.0,0,8,4,0.0883405442637013
neural_prior,neural_bidir_seed3_prior,0.0,0,8,4,0.08845910320633266
neural_prior,neural_bidir_seed4_prior,0.0,0,8,4,0.08803762625575473
dfe,none,0.0,32,8,4,0.06465086173557211
dfe,none,0.0,48,8,4,0.05197310950158377
summary_ridge_eb,none,0.0,20,8,4,0.06783201319278057
neural_eb,neural_bidir_seed0_eb,0.0,20,8,4,0.06296671265452733
neural_eb,neural_bidir_seed1_eb,0.0,20,8,4,0.06378872132695232
neural_eb,neural_bidir_seed2_eb,0.0,20,8,4,0.06291510249391216
neural_eb,neural_bidir_seed3_eb,0.0,20,8,4,0.06299668158468877
neural_eb,neural_bidir_seed4_eb,0.0,20,8,4,0.06283911324978769
summary_ridge_eb,none,0.0,36,8,4,0.054278391693325746
neural_eb,neural_bidir_seed0_eb,0.0,36,8,4,0.05097252231054432
neural_eb,neural_bidir_seed1_eb,0.0,36,8,4,0.05134477306374961
neural_eb,neural_bidir_seed2_eb,0.0,36,8,4,0.05096389163194877
neural_eb,neural_bidir_seed3_eb,0.0,36,8,4,0.05109104680693295
neural_eb,neural_bidir_seed4_eb,0.0,36,8,4,0.05083841987502026
summary_ridge_prior,none,0.0,0,9,0,0.09773094626326442
neural_prior,neural_bidir_seed0_prior,0.0,0,9,0,0.09141909784921154
neural_prior,neural_bidir_seed1_prior,0.0,0,9,0,0.09408266493664996
neural_prior,neural_bidir_seed2_prior,0.0,0,9,0,0.09123507118601992
neural_prior,neural_bidir_seed3_prior,0.0,0,9,0,0.09167404784784594
neural_prior,neural_bidir_seed4_prior,0.0,0,9,0,0.0909623825118615
dfe,none,0.0,32,9,0,0.06349843344833062
dfe,none,0.0,48,9,0,0.05340922265774376
summary_ridge_eb,none,0.0,20,9,0,0.06405133266383795
neural_eb,neural_bidir_seed0_eb,0.0,20,9,0,0.06250882018349704
neural_eb,neural_bidir_seed1_eb,0.0,20,9,0,0.06315643074514608
neural_eb,neural_bidir_seed2_eb,0.0,20,9,0,0.062360031707075866
neural_eb,neural_bidir_seed3_eb,0.0,20,9,0,0.06254578568489684
neural_eb,neural_bidir_seed4_eb,0.0,20,9,0,0.06228914052187163
summary_ridge_eb,none,0.0,36,9,0,0.05191383726224445
neural_eb,neural_bidir_seed0_eb,0.0,36,9,0,0.05116042248429647
neural_eb,neural_bidir_seed1_eb,0.0,36,9,0,0.051556203890622126
neural_eb,neural_bidir_seed2_eb,0.0,36,9,0,0.05108195080151824
neural_eb,neural_bidir_seed3_eb,0.0,36,9,0,0.05120150111616512
neural_eb,neural_bidir_seed4_eb,0.0,36,9,0,0.05101216216972288
summary_ridge_prior,none,0.0,0,9,1,0.1008289665120566
neural_prior,neural_bidir_seed0_prior,0.0,0,9,1,0.09118678023332905
neural_prior,neural_bidir_seed1_prior,0.0,0,9,1,0.09375758121132094
neural_prior,neural_bidir_seed2_prior,0.0,0,9,1,0.09107931927246682
neural_prior,neural_bidir_seed3_prior,0.0,0,9,1,0.09128465386129392
neural_prior,neural_bidir_seed4_prior,0.0,0,9,1,0.09080414369054779
dfe,none,0.0,32,9,1,0.06419085008383263
dfe,none,0.0,48,9,1,0.05068465578672961
summary_ridge_eb,none,0.0,20,9,1,0.06263363977241766
neural_eb,neural_bidir_seed0_eb,0.0,20,9,1,0.06090878411389253
neural_eb,neural_bidir_seed1_eb,0.0,20,9,1,0.061653079249195955
neural_eb,neural_bidir_seed2_eb,0.0,20,9,1,0.06079238403693216
neural_eb,neural_bidir_seed3_eb,0.0,20,9,1,0.060832653962229505
neural_eb,neural_bidir_seed4_eb,0.0,20,9,1,0.060751597003377684
summary_ridge_eb,none,0.0,36,9,1,0.051408627901438506
neural_eb,neural_bidir_seed0_eb,0.0,36,9,1,0.05016978508503496
neural_eb,neural_bidir_seed1_eb,0.0,36,9,1,0.05051406830526246
neural_eb,neural_bidir_seed2_eb,0.0,36,9,1,0.05011194919024595
neural_eb,neural_bidir_seed3_eb,0.0,36,9,1,0.05020213659449044
neural_eb,neural_bidir_seed4_eb,0.0,36,9,1,0.05005752751647627
summary_ridge_prior,none,0.0,0,9,2,0.10324871438599743
neural_prior,neural_bidir_seed0_prior,0.0,0,9,2,0.08913847237818118
neural_prior,neural_bidir_seed1_prior,0.0,0,9,2,0.09153240112755157
neural_prior,neural_bidir_seed2_prior,0.0,0,9,2,0.08908286509358732
neural_prior,neural_bidir_seed3_prior,0.0,0,9,2,0.08929709562471544
neural_prior,neural_bidir_seed4_prior,0.0,0,9,2,0.0887418769470969
dfe,none,0.0,32,9,2,0.0625605247932981
dfe,none,0.0,48,9,2,0.05123384074674202
summary_ridge_eb,none,0.0,20,9,2,0.06546223120529329
neural_eb,neural_bidir_seed0_eb,0.0,20,9,2,0.06228366983302052
neural_eb,neural_bidir_seed1_eb,0.0,20,9,2,0.06290504912843711
neural_eb,neural_bidir_seed2_eb,0.0,20,9,2,0.06223032879109693
neural_eb,neural_bidir_seed3_eb,0.0,20,9,2,0.062400808017869784
neural_eb,neural_bidir_seed4_eb,0.0,20,9,2,0.06214695143320667
summary_ridge_eb,none,0.0,36,9,2,0.05150175242859162
neural_eb,neural_bidir_seed0_eb,0.0,36,9,2,0.05031482847656527
neural_eb,neural_bidir_seed1_eb,0.0,36,9,2,0.05068920468932506
neural_eb,neural_bidir_seed2_eb,0.0,36,9,2,0.05029107305934434
neural_eb,neural_bidir_seed3_eb,0.0,36,9,2,0.05036243123132126
neural_eb,neural_bidir_seed4_eb,0.0,36,9,2,0.05021872237870346
summary_ridge_prior,none,0.0,0,9,3,0.09961681069663503
neural_prior,neural_bidir_seed0_prior,0.0,0,9,3,0.08943163297772116
neural_prior,neural_bidir_seed1_prior,0.0,0,9,3,0.09184529108279094
neural_prior,neural_bidir_seed2_prior,0.0,0,9,3,0.08917950300929078
neural_prior,neural_bidir_seed3_prior,0.0,0,9,3,0.08945121685792401
neural_prior,neural_bidir_seed4_prior,0.0,0,9,3,0.08895789352209249
dfe,none,0.0,32,9,3,0.06475739846973738
dfe,none,0.0,48,9,3,0.05204525923606222
summary_ridge_eb,none,0.0,20,9,3,0.06525456367156078
neural_eb,neural_bidir_seed0_eb,0.0,20,9,3,0.06196428641282611
neural_eb,neural_bidir_seed1_eb,0.0,20,9,3,0.06263423381155864
neural_eb,neural_bidir_seed2_eb,0.0,20,9,3,0.06178121684999677
neural_eb,neural_bidir_seed3_eb,0.0,20,9,3,0.0619662394514961
neural_eb,neural_bidir_seed4_eb,0.0,20,9,3,0.06174440176322139
summary_ridge_eb,none,0.0,36,9,3,0.052977378861323844
neural_eb,neural_bidir_seed0_eb,0.0,36,9,3,0.051123062304906486
neural_eb,neural_bidir_seed1_eb,0.0,36,9,3,0.05147239379292061
neural_eb,neural_bidir_seed2_eb,0.0,36,9,3,0.05104858234664455
neural_eb,neural_bidir_seed3_eb,0.0,36,9,3,0.05115012911279113
neural_eb,neural_bidir_seed4_eb,0.0,36,9,3,0.05100396928692395
summary_ridge_prior,none,0.0,0,9,4,0.09764244707477267
neural_prior,neural_bidir_seed0_prior,0.0,0,9,4,0.0884575414002029
neural_prior,neural_bidir_seed1_prior,0.0,0,9,4,0.09115227340771526
neural_prior,neural_bidir_seed2_prior,0.0,0,9,4,0.08852789980846865
neural_prior,neural_bidir_seed3_prior,0.0,0,9,4,0.08872616477856354
neural_prior,neural_bidir_seed4_prior,0.0,0,9,4,0.08814578445708321
dfe,none,0.0,32,9,4,0.06449869121206575
dfe,none,0.0,48,9,4,0.0526606940881417
summary_ridge_eb,none,0.0,20,9,4,0.06357123816049845
neural_eb,neural_bidir_seed0_eb,0.0,20,9,4,0.062058960841830206
neural_eb,neural_bidir_seed1_eb,0.0,20,9,4,0.06281935509425357
neural_eb,neural_bidir_seed2_eb,0.0,20,9,4,0.061946112509140214
neural_eb,neural_bidir_seed3_eb,0.0,20,9,4,0.061957471431044506
neural_eb,neural_bidir_seed4_eb,0.0,20,9,4,0.06189152026052855
summary_ridge_eb,none,0.0,36,9,4,0.05305378337327549
neural_eb,neural_bidir_seed0_eb,0.0,36,9,4,0.051573162751362964
neural_eb,neural_bidir_seed1_eb,0.0,36,9,4,0.05186933477440959
neural_eb,neural_bidir_seed2_eb,0.0,36,9,4,0.0514724213311349
neural_eb,neural_bidir_seed3_eb,0.0,36,9,4,0.051548057816119076
neural_eb,neural_bidir_seed4_eb,0.0,36,9,4,0.05141027350830516
summary_ridge_prior,none,0.0,0,10,0,0.09462926228626206
neural_prior,neural_bidir_seed0_prior,0.0,0,10,0,0.0873556733258738
neural_prior,neural_bidir_seed1_prior,0.0,0,10,0,0.08965460296349193
neural_prior,neural_bidir_seed2_prior,0.0,0,10,0,0.08753054482986045
neural_prior,neural_bidir_seed3_prior,0.0,0,10,0,0.08775066440830415
neural_prior,neural_bidir_seed4_prior,0.0,0,10,0,0.08707328521813906
dfe,none,0.0,32,10,0,0.06485792231251253
dfe,none,0.0,48,10,0,0.05184147948906078
summary_ridge_eb,none,0.0,20,10,0,0.06476579039135417
neural_eb,neural_bidir_seed0_eb,0.0,20,10,0,0.06360148138736443
neural_eb,neural_bidir_seed1_eb,0.0,20,10,0,0.06428715438752447
neural_eb,neural_bidir_seed2_eb,0.0,20,10,0,0.06371684508855031
neural_eb,neural_bidir_seed3_eb,0.0,20,10,0,0.06386754006331519
neural_eb,neural_bidir_seed4_eb,0.0,20,10,0,0.06337897360184966
summary_ridge_eb,none,0.0,36,10,0,0.05267562750759601
neural_eb,neural_bidir_seed0_eb,0.0,36,10,0,0.052058808900922814
neural_eb,neural_bidir_seed1_eb,0.0,36,10,0,0.052282777386039654
neural_eb,neural_bidir_seed2_eb,0.0,36,10,0,0.05214182350392853
neural_eb,neural_bidir_seed3_eb,0.0,36,10,0,0.05233097638198126
neural_eb,neural_bidir_seed4_eb,0.0,36,10,0,0.05187754388290334
summary_ridge_prior,none,0.0,0,10,1,0.09327291102057506
neural_prior,neural_bidir_seed0_prior,0.0,0,10,1,0.08671029362267291
neural_prior,neural_bidir_seed1_prior,0.0,0,10,1,0.088835751712395
neural_prior,neural_bidir_seed2_prior,0.0,0,10,1,0.08688780670308915
neural_prior,neural_bidir_seed3_prior,0.0,0,10,1,0.08714184010568715
neural_prior,neural_bidir_seed4_prior,0.0,0,10,1,0.08645447937851714
dfe,none,0.0,32,10,1,0.06391128686300362
dfe,none,0.0,48,10,1,0.05273714794445065
summary_ridge_eb,none,0.0,20,10,1,0.0641708510996005
neural_eb,neural_bidir_seed0_eb,0.0,20,10,1,0.0629499784498384
neural_eb,neural_bidir_seed1_eb,0.0,20,10,1,0.06357950898773691
neural_eb,neural_bidir_seed2_eb,0.0,20,10,1,0.062930307106815
neural_eb,neural_bidir_seed3_eb,0.0,20,10,1,0.06317247555579902
neural_eb,neural_bidir_seed4_eb,0.0,20,10,1,0.06276326558193361
summary_ridge_eb,none,0.0,36,10,1,0.051459310503192426
neural_eb,neural_bidir_seed0_eb,0.0,36,10,1,0.05063201634517327
neural_eb,neural_bidir_seed1_eb,0.0,36,10,1,0.05107485076126757
neural_eb,neural_bidir_seed2_eb,0.0,36,10,1,0.050682366442048536
neural_eb,neural_bidir_seed3_eb,0.0,36,10,1,0.05073619409456617
neural_eb,neural_bidir_seed4_eb,0.0,36,10,1,0.050537742644012965
summary_ridge_prior,none,0.0,0,10,2,0.0949643107899103
neural_prior,neural_bidir_seed0_prior,0.0,0,10,2,0.08755108435252623
neural_prior,neural_bidir_seed1_prior,0.0,0,10,2,0.09002217133638624
neural_prior,neural_bidir_seed2_prior,0.0,0,10,2,0.08759737792388478
neural_prior,neural_bidir_seed3_prior,0.0,0,10,2,0.08776990807200491
neural_prior,neural_bidir_seed4_prior,0.0,0,10,2,0.08727281041319657
dfe,none,0.0,32,10,2,0.061877215615822934
dfe,none,0.0,48,10,2,0.05190109835590799
summary_ridge_eb,none,0.0,20,10,2,0.06283859938949048
neural_eb,neural_bidir_seed0_eb,0.0,20,10,2,0.06095168490540496
neural_eb,neural_bidir_seed1_eb,0.0,20,10,2,0.06155972171076628
neural_eb,neural_bidir_seed2_eb,0.0,20,10,2,0.06097952827948561
neural_eb,neural_bidir_seed3_eb,0.0,20,10,2,0.061083367070706156
neural_eb,neural_bidir_seed4_eb,0.0,20,10,2,0.06079395749074189
summary_ridge_eb,none,0.0,36,10,2,0.05290066641592189
neural_eb,neural_bidir_seed0_eb,0.0,36,10,2,0.05193425575994145
neural_eb,neural_bidir_seed1_eb,0.0,36,10,2,0.05224944763896876
neural_eb,neural_bidir_seed2_eb,0.0,36,10,2,0.05191260141664072
neural_eb,neural_bidir_seed3_eb,0.0,36,10,2,0.05203001386935777
neural_eb,neural_bidir_seed4_eb,0.0,36,10,2,0.05178898203967492
summary_ridge_prior,none,0.0,0,10,3,0.09467406458355504
neural_prior,neural_bidir_seed0_prior,0.0,0,10,3,0.08752950209782284
neural_prior,neural_bidir_seed1_prior,0.0,0,10,3,0.08979552822893311
neural_prior,neural_bidir_seed2_prior,0.0,0,10,3,0.08778006260581606
neural_prior,neural_bidir_seed3_prior,0.0,0,10,3,0.08798406527967018
neural_prior,neural_bidir_seed4_prior,0.0,0,10,3,0.08730403497065709
dfe,none,0.0,32,10,3,0.06445585274195764
dfe,none,0.0,48,10,3,0.052829620026386685
summary_ridge_eb,none,0.0,20,10,3,0.06351073306573796
neural_eb,neural_bidir_seed0_eb,0.0,20,10,3,0.06286528472293113
neural_eb,neural_bidir_seed1_eb,0.0,20,10,3,0.06349827831755243
neural_eb,neural_bidir_seed2_eb,0.0,20,10,3,0.06300095764415578
neural_eb,neural_bidir_seed3_eb,0.0,20,10,3,0.0631432325819494
neural_eb,neural_bidir_seed4_eb,0.0,20,10,3,0.06274462636542116
summary_ridge_eb,none,0.0,36,10,3,0.051486210935554
neural_eb,neural_bidir_seed0_eb,0.0,36,10,3,0.05176012449179739
neural_eb,neural_bidir_seed1_eb,0.0,36,10,3,0.05210977147341269
neural_eb,neural_bidir_seed2_eb,0.0,36,10,3,0.051814739654110736
neural_eb,neural_bidir_seed3_eb,0.0,36,10,3,0.05198819357425841
neural_eb,neural_bidir_seed4_eb,0.0,36,10,3,0.05162176339781631
summary_ridge_prior,none,0.0,0,10,4,0.09431747076618888
neural_prior,neural_bidir_seed0_prior,0.0,0,10,4,0.08674897118726221
neural_prior,neural_bidir_seed1_prior,0.0,0,10,4,0.08891252352805168
neural_prior,neural_bidir_seed2_prior,0.0,0,10,4,0.08691754527353623
neural_prior,neural_bidir_seed3_prior,0.0,0,10,4,0.08716355089381977
neural_prior,neural_bidir_seed4_prior,0.0,0,10,4,0.08649093194071611
dfe,none,0.0,32,10,4,0.0631739807449776
dfe,none,0.0,48,10,4,0.05197912708050959
summary_ridge_eb,none,0.0,20,10,4,0.0635613479281363
neural_eb,neural_bidir_seed0_eb,0.0,20,10,4,0.06229727527556893
neural_eb,neural_bidir_seed1_eb,0.0,20,10,4,0.06298340585466755
neural_eb,neural_bidir_seed2_eb,0.0,20,10,4,0.0623388415128093
neural_eb,neural_bidir_seed3_eb,0.0,20,10,4,0.062334468437254986
neural_eb,neural_bidir_seed4_eb,0.0,20,10,4,0.0621743893742831
summary_ridge_eb,none,0.0,36,10,4,0.05136212889846831
neural_eb,neural_bidir_seed0_eb,0.0,36,10,4,0.05047891837513386
neural_eb,neural_bidir_seed1_eb,0.0,36,10,4,0.050900110668022
neural_eb,neural_bidir_seed2_eb,0.0,36,10,4,0.050537738530558506
neural_eb,neural_bidir_seed3_eb,0.0,36,10,4,0.05058442392183844
neural_eb,neural_bidir_seed4_eb,0.0,36,10,4,0.05043175384536451
summary_ridge_prior,none,0.0,0,11,0,0.09568575697441248
neural_prior,neural_bidir_seed0_prior,0.0,0,11,0,0.09106247952695412
neural_prior,neural_bidir_seed1_prior,0.0,0,11,0,0.09398783634787833
neural_prior,neural_bidir_seed2_prior,0.0,0,11,0,0.09145580223230354
neural_prior,neural_bidir_seed3_prior,0.0,0,11,0,0.09124013202199421
neural_prior,neural_bidir_seed4_prior,0.0,0,11,0,0.09032964110338071
dfe,none,0.0,32,11,0,0.062486635863024276
dfe,none,0.0,48,11,0,0.05391991450899999
summary_ridge_eb,none,0.0,20,11,0,0.0649939950800199
neural_eb,neural_bidir_seed0_eb,0.0,20,11,0,0.0633090200033996
neural_eb,neural_bidir_seed1_eb,0.0,20,11,0,0.06416262436538897
neural_eb,neural_bidir_seed2_eb,0.0,20,11,0,0.06345739606635699
neural_eb,neural_bidir_seed3_eb,0.0,20,11,0,0.06336093218728557
neural_eb,neural_bidir_seed4_eb,0.0,20,11,0,0.06300688827560819
summary_ridge_eb,none,0.0,36,11,0,0.05141207847123629
neural_eb,neural_bidir_seed0_eb,0.0,36,11,0,0.05105847444883797
neural_eb,neural_bidir_seed1_eb,0.0,36,11,0,0.051535936846946184
neural_eb,neural_bidir_seed2_eb,0.0,36,11,0,0.05112080402412749
neural_eb,neural_bidir_seed3_eb,0.0,36,11,0,0.051036866492704225
neural_eb,neural_bidir_seed4_eb,0.0,36,11,0,0.050909776048866665
summary_ridge_prior,none,0.0,0,11,1,0.09434685294024281
neural_prior,neural_bidir_seed0_prior,0.0,0,11,1,0.0880322322682332
neural_prior,neural_bidir_seed1_prior,0.0,0,11,1,0.09093264106741117
neural_prior,neural_bidir_seed2_prior,0.0,0,11,1,0.08837255529033428
neural_prior,neural_bidir_seed3_prior,0.0,0,11,1,0.08825551614972937
neural_prior,neural_bidir_seed4_prior,0.0,0,11,1,0.0874359753124736
dfe,none,0.0,32,11,1,0.06407553572898905
dfe,none,0.0,48,11,1,0.05223787891433555
summary_ridge_eb,none,0.0,20,11,1,0.06470002456392646
neural_eb,neural_bidir_seed0_eb,0.0,20,11,1,0.06258506786310548
neural_eb,neural_bidir_seed1_eb,0.0,20,11,1,0.06345791675075273
neural_eb,neural_bidir_seed2_eb,0.0,20,11,1,0.0627041925822314
neural_eb,neural_bidir_seed3_eb,0.0,20,11,1,0.0627429626931886
neural_eb,neural_bidir_seed4_eb,0.0,20,11,1,0.062373223748722804
summary_ridge_eb,none,0.0,36,11,1,0.0515184562498852
neural_eb,neural_bidir_seed0_eb,0.0,36,11,1,0.0507153319927781
neural_eb,neural_bidir_seed1_eb,0.0,36,11,1,0.05121475723609619
neural_eb,neural_bidir_seed2_eb,0.0,36,11,1,0.0507707429976929
neural_eb,neural_bidir_seed3_eb,0.0,36,11,1,0.05073898308647843
neural_eb,neural_bidir_seed4_eb,0.0,36,11,1,0.05061248202098313
summary_ridge_prior,none,0.0,0,11,2,0.09418336613980877
neural_prior,neural_bidir_seed0_prior,0.0,0,11,2,0.09040840389752702
neural_prior,neural_bidir_seed1_prior,0.0,0,11,2,0.09355033590509265
neural_prior,neural_bidir_seed2_prior,0.0,0,11,2,0.09082162705271912
neural_prior,neural_bidir_seed3_prior,0.0,0,11,2,0.09060086079080065
neural_prior,neural_bidir_seed4_prior,0.0,0,11,2,0.08962800475819677
dfe,none,0.0,32,11,2,0.06419510507839732
dfe,none,0.0,48,11,2,0.052879260664364366
summary_ridge_eb,none,0.0,20,11,2,0.06308306902947078
neural_eb,neural_bidir_seed0_eb,0.0,20,11,2,0.06194084714446418
neural_eb,neural_bidir_seed1_eb,0.0,20,11,2,0.06277551426348993
neural_eb,neural_bidir_seed2_eb,0.0,20,11,2,0.06205749686247976
neural_eb,neural_bidir_seed3_eb,0.0,20,11,2,0.06204607728372674
neural_eb,neural_bidir_seed4_eb,0.0,20,11,2,0.061773631860284894
summary_ridge_eb,none,0.0,36,11,2,0.05151610168030204
neural_eb,neural_bidir_seed0_eb,0.0,36,11,2,0.05072501254987791
neural_eb,neural_bidir_seed1_eb,0.0,36,11,2,0.05118884807711081
neural_eb,neural_bidir_seed2_eb,0.0,36,11,2,0.050760179697642356
neural_eb,neural_bidir_seed3_eb,0.0,36,11,2,0.050749607824040574
neural_eb,neural_bidir_seed4_eb,0.0,36,11,2,0.05056900281971047
summary_ridge_prior,none,0.0,0,11,3,0.09582869097087093
neural_prior,neural_bidir_seed0_prior,0.0,0,11,3,0.09096609776861442
neural_prior,neural_bidir_seed1_prior,0.0,0,11,3,0.09416468305244052
neural_prior,neural_bidir_seed2_prior,0.0,0,11,3,0.09134484140486165
neural_prior,neural_bidir_seed3_prior,0.0,0,11,3,0.09101465680396359
neural_prior,neural_bidir_seed4_prior,0.0,0,11,3,0.09026425936281157
dfe,none,0.0,32,11,3,0.06440405099965574
dfe,none,0.0,48,11,3,0.05156466787290507
summary_ridge_eb,none,0.0,20,11,3,0.0633071204951
neural_eb,neural_bidir_seed0_eb,0.0,20,11,3,0.06275897542318502
neural_eb,neural_bidir_seed1_eb,0.0,20,11,3,0.06357715888977869
neural_eb,neural_bidir_seed2_eb,0.0,20,11,3,0.06282292301620332
neural_eb,neural_bidir_seed3_eb,0.0,20,11,3,0.06278615252653369
neural_eb,neural_bidir_seed4_eb,0.0,20,11,3,0.06254471044309676
summary_ridge_eb,none,0.0,36,11,3,0.05157610799394492
neural_eb,neural_bidir_seed0_eb,0.0,36,11,3,0.05056212496425726
neural_eb,neural_bidir_seed1_eb,0.0,36,11,3,0.051066247340272194
neural_eb,neural_bidir_seed2_eb,0.0,36,11,3,0.05062158056504544
neural_eb,neural_bidir_seed3_eb,0.0,36,11,3,0.05060396627189712
neural_eb,neural_bidir_seed4_eb,0.0,36,11,3,0.050450368428920644
summary_ridge_prior,none,0.0,0,11,4,0.0954462368880593
neural_prior,neural_bidir_seed0_prior,0.0,0,11,4,0.09005901786258619
neural_prior,neural_bidir_seed1_prior,0.0,0,11,4,0.09305325332206849
neural_prior,neural_bidir_seed2_prior,0.0,0,11,4,0.09038570999655349
neural_prior,neural_bidir_seed3_prior,0.0,0,11,4,0.09028429291174689
neural_prior,neural_bidir_seed4_prior,0.0,0,11,4,0.08933751752010721
dfe,none,0.0,32,11,4,0.06461880113602092
dfe,none,0.0,48,11,4,0.0513144556092205
summary_ridge_eb,none,0.0,20,11,4,0.06340121022289574
neural_eb,neural_bidir_seed0_eb,0.0,20,11,4,0.06192691959579821
neural_eb,neural_bidir_seed1_eb,0.0,20,11,4,0.06282336126977855
neural_eb,neural_bidir_seed2_eb,0.0,20,11,4,0.06200587808746793
neural_eb,neural_bidir_seed3_eb,0.0,20,11,4,0.06196705551466021
neural_eb,neural_bidir_seed4_eb,0.0,20,11,4,0.06175764650563477
summary_ridge_eb,none,0.0,36,11,4,0.05216527412364047
neural_eb,neural_bidir_seed0_eb,0.0,36,11,4,0.0516534093391733
neural_eb,neural_bidir_seed1_eb,0.0,36,11,4,0.052164684679356206
neural_eb,neural_bidir_seed2_eb,0.0,36,11,4,0.05169656571044004
neural_eb,neural_bidir_seed3_eb,0.0,36,11,4,0.05167010107030462
neural_eb,neural_bidir_seed4_eb,0.0,36,11,4,0.05146427002109807
summary_ridge_prior,none,0.0,0,12,0,0.10010261354801678
neural_prior,neural_bidir_seed0_prior,0.0,0,12,0,0.08939395456945931
neural_prior,neural_bidir_seed1_prior,0.0,0,12,0,0.09155454976098554
neural_prior,neural_bidir_seed2_prior,0.0,0,12,0,0.08933281313329644
neural_prior,neural_bidir_seed3_prior,0.0,0,12,0,0.08990438563159842
neural_prior,neural_bidir_seed4_prior,0.0,0,12,0,0.08888725234828598
dfe,none,0.0,32,12,0,0.06385734861032688
dfe,none,0.0,48,12,0,0.05127546377661929
summary_ridge_eb,none,0.0,20,12,0,0.0655491085091887
neural_eb,neural_bidir_seed0_eb,0.0,20,12,0,0.06261902810730718
neural_eb,neural_bidir_seed1_eb,0.0,20,12,0,0.06325387637338643
neural_eb,neural_bidir_seed2_eb,0.0,20,12,0,0.06261222574488942
neural_eb,neural_bidir_seed3_eb,0.0,20,12,0,0.06273997099801062
neural_eb,neural_bidir_seed4_eb,0.0,20,12,0,0.06246532946054731
summary_ridge_eb,none,0.0,36,12,0,0.05158080958225307
neural_eb,neural_bidir_seed0_eb,0.0,36,12,0,0.04984745303418859
neural_eb,neural_bidir_seed1_eb,0.0,36,12,0,0.050234243978108266
neural_eb,neural_bidir_seed2_eb,0.0,36,12,0,0.04982722165759222
neural_eb,neural_bidir_seed3_eb,0.0,36,12,0,0.049837066564049216
neural_eb,neural_bidir_seed4_eb,0.0,36,12,0,0.049719056584076264
summary_ridge_prior,none,0.0,0,12,1,0.0966866136707866
neural_prior,neural_bidir_seed0_prior,0.0,0,12,1,0.08965307532162115
neural_prior,neural_bidir_seed1_prior,0.0,0,12,1,0.09197455961657397
neural_prior,neural_bidir_seed2_prior,0.0,0,12,1,0.0895372227732878
neural_prior,neural_bidir_seed3_prior,0.0,0,12,1,0.09004922924032144
neural_prior,neural_bidir_seed4_prior,0.0,0,12,1,0.08907690176238248
dfe,none,0.0,32,12,1,0.06348723316114047
dfe,none,0.0,48,12,1,0.052710371281743086
summary_ridge_eb,none,0.0,20,12,1,0.06517887118496604
neural_eb,neural_bidir_seed0_eb,0.0,20,12,1,0.06356364241277532
neural_eb,neural_bidir_seed1_eb,0.0,20,12,1,0.06420191189212787
neural_eb,neural_bidir_seed2_eb,0.0,20,12,1,0.06342546738717764
neural_eb,neural_bidir_seed3_eb,0.0,20,12,1,0.0635018753839381
neural_eb,neural_bidir_seed4_eb,0.0,20,12,1,0.06334498417430531
summary_ridge_eb,none,0.0,36,12,1,0.05245017271844287
neural_eb,neural_bidir_seed0_eb,0.0,36,12,1,0.051665187786181094
neural_eb,neural_bidir_seed1_eb,0.0,36,12,1,0.05204908705679613
neural_eb,neural_bidir_seed2_eb,0.0,36,12,1,0.051583180603015935
neural_eb,neural_bidir_seed3_eb,0.0,36,12,1,0.05161452693132241
neural_eb,neural_bidir_seed4_eb,0.0,36,12,1,0.0515398043328181
summary_ridge_prior,none,0.0,0,12,2,0.09724013801573005
neural_prior,neural_bidir_seed0_prior,0.0,0,12,2,0.08810952802559768
neural_prior,neural_bidir_seed1_prior,0.0,0,12,2,0.09029036073297902
neural_prior,neural_bidir_seed2_prior,0.0,0,12,2,0.08808197922735417
neural_prior,neural_bidir_seed3_prior,0.0,0,12,2,0.08859013143046468
neural_prior,neural_bidir_seed4_prior,0.0,0,12,2,0.0876960182631592
dfe,none,0.0,32,12,2,0.06376280713629967
dfe,none,0.0,48,12,2,0.05268892410276749
summary_ridge_eb,none,0.0,20,12,2,0.06295318753795175
neural_eb,neural_bidir_seed0_eb,0.0,20,12,2,0.06134493226633684
neural_eb,neural_bidir_seed1_eb,0.0,20,12,2,0.062045281048579315
neural_eb,neural_bidir_seed2_eb,0.0,20,12,2,0.061377959819270536
neural_eb,neural_bidir_seed3_eb,0.0,20,12,2,0.061326333014995654
neural_eb,neural_bidir_seed4_eb,0.0,20,12,2,0.06124567302049477
summary_ridge_eb,none,0.0,36,12,2,0.05210929595752935
neural_eb,neural_bidir_seed0_eb,0.0,36,12,2,0.05100362751224236
neural_eb,neural_bidir_seed1_eb,0.0,36,12,2,0.05143362766298356
neural_eb,neural_bidir_seed2_eb,0.0,36,12,2,0.05102864342467553
neural_eb,neural_bidir_seed3_eb,0.0,36,12,2,0.05105579893780321
neural_eb,neural_bidir_seed4_eb,0.0,36,12,2,0.050981113430392445
summary_ridge_prior,none,0.0,0,12,3,0.0947361290693833
neural_prior,neural_bidir_seed0_prior,0.0,0,12,3,0.08699565628739947
neural_prior,neural_bidir_seed1_prior,0.0,0,12,3,0.0891551590666495
neural_prior,neural_bidir_seed2_prior,0.0,0,12,3,0.08711181203216256
neural_prior,neural_bidir_seed3_prior,0.0,0,12,3,0.08757746529408905
neural_prior,neural_bidir_seed4_prior,0.0,0,12,3,0.08662318844108086
dfe,none,0.0,32,12,3,0.06361737466431805
dfe,none,0.0,48,12,3,0.05255450066518582
summary_ridge_eb,none,0.0,20,12,3,0.06537423781414453
neural_eb,neural_bidir_seed0_eb,0.0,20,12,3,0.06253562389163328
neural_eb,neural_bidir_seed1_eb,0.0,20,12,3,0.06320861651290813
neural_eb,neural_bidir_seed2_eb,0.0,20,12,3,0.06251835487852693
neural_eb,neural_bidir_seed3_eb,0.0,20,12,3,0.06263387339249515
neural_eb,neural_bidir_seed4_eb,0.0,20,12,3,0.0624069603926171
summary_ridge_eb,none,0.0,36,12,3,0.05288447334532284
neural_eb,neural_bidir_seed0_eb,0.0,36,12,3,0.051665169274472816
neural_eb,neural_bidir_seed1_eb,0.0,36,12,3,0.052024696817173345
neural_eb,neural_bidir_seed2_eb,0.0,36,12,3,0.05160767005564802
neural_eb,neural_bidir_seed3_eb,0.0,36,12,3,0.05165830024051827
neural_eb,neural_bidir_seed4_eb,0.0,36,12,3,0.05157903953725662
summary_ridge_prior,none,0.0,0,12,4,0.1005135103480655
neural_prior,neural_bidir_seed0_prior,0.0,0,12,4,0.08971315040071204
neural_prior,neural_bidir_seed1_prior,0.0,0,12,4,0.09184689500943932
neural_prior,neural_bidir_seed2_prior,0.0,0,12,4,0.08972519561757508
neural_prior,neural_bidir_seed3_prior,0.0,0,12,4,0.09021436045986775
neural_prior,neural_bidir_seed4_prior,0.0,0,12,4,0.089353914196181
dfe,none,0.0,32,12,4,0.0635316010157112
dfe,none,0.0,48,12,4,0.05278291583878551
summary_ridge_eb,none,0.0,20,12,4,0.06292645169455656
neural_eb,neural_bidir_seed0_eb,0.0,20,12,4,0.06136134987227008
neural_eb,neural_bidir_seed1_eb,0.0,20,12,4,0.06199791869921517
neural_eb,neural_bidir_seed2_eb,0.0,20,12,4,0.06138891341599566
neural_eb,neural_bidir_seed3_eb,0.0,20,12,4,0.06146417163975842
neural_eb,neural_bidir_seed4_eb,0.0,20,12,4,0.06125513208794583
summary_ridge_eb,none,0.0,36,12,4,0.051690869041712315
neural_eb,neural_bidir_seed0_eb,0.0,36,12,4,0.05079089427274956
neural_eb,neural_bidir_seed1_eb,0.0,36,12,4,0.05115472443575701
neural_eb,neural_bidir_seed2_eb,0.0,36,12,4,0.05085813984976438
neural_eb,neural_bidir_seed3_eb,0.0,36,12,4,0.0509538124372519
neural_eb,neural_bidir_seed4_eb,0.0,36,12,4,0.050798532384880725
summary_ridge_prior,none,0.0,0,13,0,0.10109917678822317
neural_prior,neural_bidir_seed0_prior,0.0,0,13,0,0.08871342438760621
neural_prior,neural_bidir_seed1_prior,0.0,0,13,0,0.09091792883373273
neural_prior,neural_bidir_seed2_prior,0.0,0,13,0,0.08871756889675453
neural_prior,neural_bidir_seed3_prior,0.0,0,13,0,0.08896990088214807
neural_prior,neural_bidir_seed4_prior,0.0,0,13,0,0.0882270750716998
dfe,none,0.0,32,13,0,0.06370825969497673
dfe,none,0.0,48,13,0,0.052787853785048355
summary_ridge_eb,none,0.0,20,13,0,0.062475174363935564
neural_eb,neural_bidir_seed0_eb,0.0,20,13,0,0.060309033834600796
neural_eb,neural_bidir_seed1_eb,0.0,20,13,0,0.0610725557162585
neural_eb,neural_bidir_seed2_eb,0.0,20,13,0,0.06033463927319679
neural_eb,neural_bidir_seed3_eb,0.0,20,13,0,0.0604690808774848
neural_eb,neural_bidir_seed4_eb,0.0,20,13,0,0.060247610546510844
summary_ridge_eb,none,0.0,36,13,0,0.051150787916347154
neural_eb,neural_bidir_seed0_eb,0.0,36,13,0,0.05007452992073345
neural_eb,neural_bidir_seed1_eb,0.0,36,13,0,0.05048790001097889
neural_eb,neural_bidir_seed2_eb,0.0,36,13,0,0.05012369312456074
neural_eb,neural_bidir_seed3_eb,0.0,36,13,0,0.05018093691127584
neural_eb,neural_bidir_seed4_eb,0.0,36,13,0,0.05005995268846962
summary_ridge_prior,none,0.0,0,13,1,0.10188763595037316
neural_prior,neural_bidir_seed0_prior,0.0,0,13,1,0.08933442322268093
neural_prior,neural_bidir_seed1_prior,0.0,0,13,1,0.0914790453043679
neural_prior,neural_bidir_seed2_prior,0.0,0,13,1,0.08942241313161503
neural_prior,neural_bidir_seed3_prior,0.0,0,13,1,0.08976378803163243
neural_prior,neural_bidir_seed4_prior,0.0,0,13,1,0.08896176416419621
dfe,none,0.0,32,13,1,0.06278019901219523
dfe,none,0.0,48,13,1,0.0532915859669932
summary_ridge_eb,none,0.0,20,13,1,0.06436372876547454
neural_eb,neural_bidir_seed0_eb,0.0,20,13,1,0.06333141061470114
neural_eb,neural_bidir_seed1_eb,0.0,20,13,1,0.06395426845570243
neural_eb,neural_bidir_seed2_eb,0.0,20,13,1,0.06341449746283312
neural_eb,neural_bidir_seed3_eb,0.0,20,13,1,0.06360658817707256
neural_eb,neural_bidir_seed4_eb,0.0,20,13,1,0.0633212479573487
summary_ridge_eb,none,0.0,36,13,1,0.05140752836592214
neural_eb,neural_bidir_seed0_eb,0.0,36,13,1,0.05156401139704486
neural_eb,neural_bidir_seed1_eb,0.0,36,13,1,0.05194871202893546
neural_eb,neural_bidir_seed2_eb,0.0,36,13,1,0.05169135745510558
neural_eb,neural_bidir_seed3_eb,0.0,36,13,1,0.051852859592089746
neural_eb,neural_bidir_seed4_eb,0.0,36,13,1,0.05158579301311077
summary_ridge_prior,none,0.0,0,13,2,0.09838509210102811
neural_prior,neural_bidir_seed0_prior,0.0,0,13,2,0.08729541172760946
neural_prior,neural_bidir_seed1_prior,0.0,0,13,2,0.08945435205714602
neural_prior,neural_bidir_seed2_prior,0.0,0,13,2,0.0874149484498048
neural_prior,neural_bidir_seed3_prior,0.0,0,13,2,0.08772876171678945
neural_prior,neural_bidir_seed4_prior,0.0,0,13,2,0.08700110468453204
dfe,none,0.0,32,13,2,0.06335317431512522
dfe,none,0.0,48,13,2,0.051917000875619124
summary_ridge_eb,none,0.0,20,13,2,0.06463849689163599
neural_eb,neural_bidir_seed0_eb,0.0,20,13,2,0.06255731548945692
neural_eb,neural_bidir_seed1_eb,0.0,20,13,2,0.06320884565597212
neural_eb,neural_bidir_seed2_eb,0.0,20,13,2,0.06268236291302594
neural_eb,neural_bidir_seed3_eb,0.0,20,13,2,0.06283720092699728
neural_eb,neural_bidir_seed4_eb,0.0,20,13,2,0.06255794532367898
summary_ridge_eb,none,0.0,36,13,2,0.05094465126643001
neural_eb,neural_bidir_seed0_eb,0.0,36,13,2,0.050617862021152024
neural_eb,neural_bidir_seed1_eb,0.0,36,13,2,0.05090357382956651
neural_eb,neural_bidir_seed2_eb,0.0,36,13,2,0.050721518731244405
neural_eb,neural_bidir_seed3_eb,0.0,36,13,2,0.050704529206806875
neural_eb,neural_bidir_seed4_eb,0.0,36,13,2,0.05068002248456541
summary_ridge_prior,none,0.0,0,13,3,0.09980257645151887
neural_prior,neural_bidir_seed0_prior,0.0,0,13,3,0.08763378565890889
neural_prior,neural_bidir_seed1_prior,0.0,0,13,3,0.0899117413773638
neural_prior,neural_bidir_seed2_prior,0.0,0,13,3,0.08764037177570572
neural_prior,neural_bidir_seed3_prior,0.0,0,13,3,0.08789689479272056
neural_prior,neural_bidir_seed4_prior,0.0,0,13,3,0.08711003745520429
dfe,none,0.0,32,13,3,0.06298239023453789
dfe,none,0.0,48,13,3,0.05227216382566742
summary_ridge_eb,none,0.0,20,13,3,0.06333658260388292
neural_eb,neural_bidir_seed0_eb,0.0,20,13,3,0.061809207682828354
neural_eb,neural_bidir_seed1_eb,0.0,20,13,3,0.06260167001489834
neural_eb,neural_bidir_seed2_eb,0.0,20,13,3,0.0618046028314013
neural_eb,neural_bidir_seed3_eb,0.0,20,13,3,0.061867497798729
neural_eb,neural_bidir_seed4_eb,0.0,20,13,3,0.06168123017124624
summary_ridge_eb,none,0.0,36,13,3,0.05179665573597993
neural_eb,neural_bidir_seed0_eb,0.0,36,13,3,0.050869140969159655
neural_eb,neural_bidir_seed1_eb,0.0,36,13,3,0.051311349786026694
neural_eb,neural_bidir_seed2_eb,0.0,36,13,3,0.05089729074710519
neural_eb,neural_bidir_seed3_eb,0.0,36,13,3,0.050863016393162944
neural_eb,neural_bidir_seed4_eb,0.0,36,13,3,0.05077674590972794
summary_ridge_prior,none,0.0,0,13,4,0.09884592560294592
neural_prior,neural_bidir_seed0_prior,0.0,0,13,4,0.08867790172189416
neural_prior,neural_bidir_seed1_prior,0.0,0,13,4,0.09086928393480775
neural_prior,neural_bidir_seed2_prior,0.0,0,13,4,0.08862855268489511
neural_prior,neural_bidir_seed3_prior,0.0,0,13,4,0.08881788434337068
neural_prior,neural_bidir_seed4_prior,0.0,0,13,4,0.0880915533107327
dfe,none,0.0,32,13,4,0.06396285121081746
dfe,none,0.0,48,13,4,0.05037292005423903
summary_ridge_eb,none,0.0,20,13,4,0.06468896273040381
neural_eb,neural_bidir_seed0_eb,0.0,20,13,4,0.06257589469963198
neural_eb,neural_bidir_seed1_eb,0.0,20,13,4,0.06324466677433976
neural_eb,neural_bidir_seed2_eb,0.0,20,13,4,0.06255424723621765
neural_eb,neural_bidir_seed3_eb,0.0,20,13,4,0.06261120859692645
neural_eb,neural_bidir_seed4_eb,0.0,20,13,4,0.06237897365010936
summary_ridge_eb,none,0.0,36,13,4,0.05213788350761517
neural_eb,neural_bidir_seed0_eb,0.0,36,13,4,0.050451641639426295
neural_eb,neural_bidir_seed1_eb,0.0,36,13,4,0.05086868667522285
neural_eb,neural_bidir_seed2_eb,0.0,36,13,4,0.05045510805954079
neural_eb,neural_bidir_seed3_eb,0.0,36,13,4,0.05049391887292734
neural_eb,neural_bidir_seed4_eb,0.0,36,13,4,0.05034846264129751
summary_ridge_prior,none,0.0,0,14,0,0.10558108024558549
neural_prior,neural_bidir_seed0_prior,0.0,0,14,0,0.08858252024037938
neural_prior,neural_bidir_seed1_prior,0.0,0,14,0,0.0910139678944688
neural_prior,neural_bidir_seed2_prior,0.0,0,14,0,0.08885363477565988
neural_prior,neural_bidir_seed3_prior,0.0,0,14,0,0.08939780054606672
neural_prior,neural_bidir_seed4_prior,0.0,0,14,0,0.08850020954378124
dfe,none,0.0,32,14,0,0.06391345154224837
dfe,none,0.0,48,14,0,0.05201819550651028
summary_ridge_eb,none,0.0,20,14,0,0.06730655044535502
neural_eb,neural_bidir_seed0_eb,0.0,20,14,0,0.06315579640826548
neural_eb,neural_bidir_seed1_eb,0.0,20,14,0,0.06381380447956463
neural_eb,neural_bidir_seed2_eb,0.0,20,14,0,0.06322095119547198
neural_eb,neural_bidir_seed3_eb,0.0,20,14,0,0.06337720431476329
neural_eb,neural_bidir_seed4_eb,0.0,20,14,0,0.06313619468900337
summary_ridge_eb,none,0.0,36,14,0,0.05191021003999102
neural_eb,neural_bidir_seed0_eb,0.0,36,14,0,0.05018330754691663
neural_eb,neural_bidir_seed1_eb,0.0,36,14,0,0.05060412684957544
neural_eb,neural_bidir_seed2_eb,0.0,36,14,0,0.050204420942745596
neural_eb,neural_bidir_seed3_eb,0.0,36,14,0,0.050312329374737064
neural_eb,neural_bidir_seed4_eb,0.0,36,14,0,0.05015429512954543
summary_ridge_prior,none,0.0,0,14,1,0.1040805273936379
neural_prior,neural_bidir_seed0_prior,0.0,0,14,1,0.08833861999846704
neural_prior,neural_bidir_seed1_prior,0.0,0,14,1,0.09098835397708172
neural_prior,neural_bidir_seed2_prior,0.0,0,14,1,0.08859666070748062
neural_prior,neural_bidir_seed3_prior,0.0,0,14,1,0.08913529931851372
neural_prior,neural_bidir_seed4_prior,0.0,0,14,1,0.08839912293296948
dfe,none,0.0,32,14,1,0.06465166725865856
dfe,none,0.0,48,14,1,0.05171476740603491
summary_ridge_eb,none,0.0,20,14,1,0.06459521902036774
neural_eb,neural_bidir_seed0_eb,0.0,20,14,1,0.061210828012929035
neural_eb,neural_bidir_seed1_eb,0.0,20,14,1,0.06190215568673779
neural_eb,neural_bidir_seed2_eb,0.0,20,14,1,0.06121932683352213
neural_eb,neural_bidir_seed3_eb,0.0,20,14,1,0.061279711800044226
neural_eb,neural_bidir_seed4_eb,0.0,20,14,1,0.0611275756721299
summary_ridge_eb,none,0.0,36,14,1,0.05264331722945516
neural_eb,neural_bidir_seed0_eb,0.0,36,14,1,0.050499749924593884
neural_eb,neural_bidir_seed1_eb,0.0,36,14,1,0.05102279551870963
neural_eb,neural_bidir_seed2_eb,0.0,36,14,1,0.050545622190080686
neural_eb,neural_bidir_seed3_eb,0.0,36,14,1,0.050562181524011596
neural_eb,neural_bidir_seed4_eb,0.0,36,14,1,0.050426718317899195
summary_ridge_prior,none,0.0,0,14,2,0.10600171548394054
neural_prior,neural_bidir_seed0_prior,0.0,0,14,2,0.08854786184929253
neural_prior,neural_bidir_seed1_prior,0.0,0,14,2,0.09077119231915276
neural_prior,neural_bidir_seed2_prior,0.0,0,14,2,0.0888207415900979
neural_prior,neural_bidir_seed3_prior,0.0,0,14,2,0.08954653377986688
neural_prior,neural_bidir_seed4_prior,0.0,0,14,2,0.08847198765397479
dfe,none,0.0,32,14,2,0.0639299203921837
dfe,none,0.0,48,14,2,0.05315673556894278
summary_ridge_eb,none,0.0,20,14,2,0.0676113392668603
neural_eb,neural_bidir_seed0_eb,0.0,20,14,2,0.06318335139889478
neural_eb,neural_bidir_seed1_eb,0.0,20,14,2,0.06395022209115457
neural_eb,neural_bidir_seed2_eb,0.0,20,14,2,0.06321743986489184
neural_eb,neural_bidir_seed3_eb,0.0,20,14,2,0.06339010909703935
neural_eb,neural_bidir_seed4_eb,0.0,20,14,2,0.0630569491490921
summary_ridge_eb,none,0.0,36,14,2,0.052300932678507286
neural_eb,neural_bidir_seed0_eb,0.0,36,14,2,0.050343682977622206
neural_eb,neural_bidir_seed1_eb,0.0,36,14,2,0.05070950281152954
neural_eb,neural_bidir_seed2_eb,0.0,36,14,2,0.05029936231220457
neural_eb,neural_bidir_seed3_eb,0.0,36,14,2,0.05036336907268672
neural_eb,neural_bidir_seed4_eb,0.0,36,14,2,0.05016393332096286
summary_ridge_prior,none,0.0,0,14,3,0.1046140110895005
neural_prior,neural_bidir_seed0_prior,0.0,0,14,3,0.08997359448949283
neural_prior,neural_bidir_seed1_prior,0.0,0,14,3,0.09267815298335336
neural_prior,neural_bidir_seed2_prior,0.0,0,14,3,0.0902737400301703
neural_prior,neural_bidir_seed3_prior,0.0,0,14,3,0.0908449280232162
neural_prior,neural_bidir_seed4_prior,0.0,0,14,3,0.0900522806095978
dfe,none,0.0,32,14,3,0.06467975513078272
dfe,none,0.0,48,14,3,0.051395181329401865
summary_ridge_eb,none,0.0,20,14,3,0.06372053375991145
neural_eb,neural_bidir_seed0_eb,0.0,20,14,3,0.061039208789680735
neural_eb,neural_bidir_seed1_eb,0.0,20,14,3,0.061792827142729816
neural_eb,neural_bidir_seed2_eb,0.0,20,14,3,0.06109990522082093
neural_eb,neural_bidir_seed3_eb,0.0,20,14,3,0.06117134352456255
neural_eb,neural_bidir_seed4_eb,0.0,20,14,3,0.06099593634210557
summary_ridge_eb,none,0.0,36,14,3,0.05259649536377449
neural_eb,neural_bidir_seed0_eb,0.0,36,14,3,0.05043732813376947
neural_eb,neural_bidir_seed1_eb,0.0,36,14,3,0.05090081678907053
neural_eb,neural_bidir_seed2_eb,0.0,36,14,3,0.05044104665620037
neural_eb,neural_bidir_seed3_eb,0.0,36,14,3,0.05048743416803102
neural_eb,neural_bidir_seed4_eb,0.0,36,14,3,0.05038972720939661
summary_ridge_prior,none,0.0,0,14,4,0.1042962458506534
neural_prior,neural_bidir_seed0_prior,0.0,0,14,4,0.08780154069791024
neural_prior,neural_bidir_seed1_prior,0.0,0,14,4,0.09004391621238028
neural_prior,neural_bidir_seed2_prior,0.0,0,14,4,0.0880163773890672
neural_prior,neural_bidir_seed3_prior,0.0,0,14,4,0.08856730053048523
neural_prior,neural_bidir_seed4_prior,0.0,0,14,4,0.08764974521000113
dfe,none,0.0,32,14,4,0.06259710024642118
dfe,none,0.0,48,14,4,0.05158066635218953
summary_ridge_eb,none,0.0,20,14,4,0.06528459696266406
neural_eb,neural_bidir_seed0_eb,0.0,20,14,4,0.062237288589430645
neural_eb,neural_bidir_seed1_eb,0.0,20,14,4,0.06297926700549983
neural_eb,neural_bidir_seed2_eb,0.0,20,14,4,0.062196285830634065
neural_eb,neural_bidir_seed3_eb,0.0,20,14,4,0.06219907126697226
neural_eb,neural_bidir_seed4_eb,0.0,20,14,4,0.06202709291425471
summary_ridge_eb,none,0.0,36,14,4,0.05273982796102451
neural_eb,neural_bidir_seed0_eb,0.0,36,14,4,0.051381259307978495
neural_eb,neural_bidir_seed1_eb,0.0,36,14,4,0.05179956176795589
neural_eb,neural_bidir_seed2_eb,0.0,36,14,4,0.05134983837291801
neural_eb,neural_bidir_seed3_eb,0.0,36,14,4,0.051419151813074236
neural_eb,neural_bidir_seed4_eb,0.0,36,14,4,0.05125771854229807
summary_ridge_prior,none,0.0,0,15,0,0.09907994769001183
neural_prior,neural_bidir_seed0_prior,0.0,0,15,0,0.089177944470066
neural_prior,neural_bidir_seed1_prior,0.0,0,15,0,0.09183678804947704
neural_prior,neural_bidir_seed2_prior,0.0,0,15,0,0.08929596974303422
neural_prior,neural_bidir_seed3_prior,0.0,0,15,0,0.08944611355946108
neural_prior,neural_bidir_seed4_prior,0.0,0,15,0,0.08888926680629083
dfe,none,0.0,32,15,0,0.0628408600223338
dfe,none,0.0,48,15,0,0.05219648339273893
summary_ridge_eb,none,0.0,20,15,0,0.06345256901097672
neural_eb,neural_bidir_seed0_eb,0.0,20,15,0,0.06175500040644956
neural_eb,neural_bidir_seed1_eb,0.0,20,15,0,0.062481483131750504
neural_eb,neural_bidir_seed2_eb,0.0,20,15,0,0.06179190337688206
neural_eb,neural_bidir_seed3_eb,0.0,20,15,0,0.06187720571549003
neural_eb,neural_bidir_seed4_eb,0.0,20,15,0,0.06173804731114817
summary_ridge_eb,none,0.0,36,15,0,0.052049852989625944
neural_eb,neural_bidir_seed0_eb,0.0,36,15,0,0.05124566606722584
neural_eb,neural_bidir_seed1_eb,0.0,36,15,0,0.05163300657253987
neural_eb,neural_bidir_seed2_eb,0.0,36,15,0,0.051216523675289116
neural_eb,neural_bidir_seed3_eb,0.0,36,15,0,0.05127355750100819
neural_eb,neural_bidir_seed4_eb,0.0,36,15,0,0.05119575833499071
summary_ridge_prior,none,0.0,0,15,1,0.10514339417011707
neural_prior,neural_bidir_seed0_prior,0.0,0,15,1,0.09697982892430446
neural_prior,neural_bidir_seed1_prior,0.0,0,15,1,0.09957913454309164
neural_prior,neural_bidir_seed2_prior,0.0,0,15,1,0.0968258876910113
neural_prior,neural_bidir_seed3_prior,0.0,0,15,1,0.09688182537684042
neural_prior,neural_bidir_seed4_prior,0.0,0,15,1,0.09667495015492023
dfe,none,0.0,32,15,1,0.06380754406927736
dfe,none,0.0,48,15,1,0.05223990529278429
summary_ridge_eb,none,0.0,20,15,1,0.06683282099743368
neural_eb,neural_bidir_seed0_eb,0.0,20,15,1,0.06569371343222603
neural_eb,neural_bidir_seed1_eb,0.0,20,15,1,0.06609711480411666
neural_eb,neural_bidir_seed2_eb,0.0,20,15,1,0.06546366134761722
neural_eb,neural_bidir_seed3_eb,0.0,20,15,1,0.06547825894765913
neural_eb,neural_bidir_seed4_eb,0.0,20,15,1,0.06542499924963431
summary_ridge_eb,none,0.0,36,15,1,0.05208086301531395
neural_eb,neural_bidir_seed0_eb,0.0,36,15,1,0.05227387276798737
neural_eb,neural_bidir_seed1_eb,0.0,36,15,1,0.05246313906796789
neural_eb,neural_bidir_seed2_eb,0.0,36,15,1,0.05214713110827214
neural_eb,neural_bidir_seed3_eb,0.0,36,15,1,0.052065972189852976
neural_eb,neural_bidir_seed4_eb,0.0,36,15,1,0.052147576850888444
summary_ridge_prior,none,0.0,0,15,2,0.09817405827095191
neural_prior,neural_bidir_seed0_prior,0.0,0,15,2,0.08980775964482746
neural_prior,neural_bidir_seed1_prior,0.0,0,15,2,0.09214329786664166
neural_prior,neural_bidir_seed2_prior,0.0,0,15,2,0.08971926231424732
neural_prior,neural_bidir_seed3_prior,0.0,0,15,2,0.08984169912764628
neural_prior,neural_bidir_seed4_prior,0.0,0,15,2,0.08946520467907249
dfe,none,0.0,32,15,2,0.06376085069314286
dfe,none,0.0,48,15,2,0.051779784673271934
summary_ridge_eb,none,0.0,20,15,2,0.06470203672833275
neural_eb,neural_bidir_seed0_eb,0.0,20,15,2,0.06314761844359425
neural_eb,neural_bidir_seed1_eb,0.0,20,15,2,0.06377045533537845
neural_eb,neural_bidir_seed2_eb,0.0,20,15,2,0.06313348155370285
neural_eb,neural_bidir_seed3_eb,0.0,20,15,2,0.06321110349750586
neural_eb,neural_bidir_seed4_eb,0.0,20,15,2,0.06301931733254185
summary_ridge_eb,none,0.0,36,15,2,0.05211472372083234
neural_eb,neural_bidir_seed0_eb,0.0,36,15,2,0.051534680154421544
neural_eb,neural_bidir_seed1_eb,0.0,36,15,2,0.051883153768004925
neural_eb,neural_bidir_seed2_eb,0.0,36,15,2,0.051510757948164246
neural_eb,neural_bidir_seed3_eb,0.0,36,15,2,0.05155264309318959
neural_eb,neural_bidir_seed4_eb,0.0,36,15,2,0.051443478865416926
summary_ridge_prior,none,0.0,0,15,3,0.09933666433573712
neural_prior,neural_bidir_seed0_prior,0.0,0,15,3,0.08965936935965146
neural_prior,neural_bidir_seed1_prior,0.0,0,15,3,0.09224168112814368
neural_prior,neural_bidir_seed2_prior,0.0,0,15,3,0.08968859263950435
neural_prior,neural_bidir_seed3_prior,0.0,0,15,3,0.08982554467183945
neural_prior,neural_bidir_seed4_prior,0.0,0,15,3,0.08937677729227289
dfe,none,0.0,32,15,3,0.06405895051102561
dfe,none,0.0,48,15,3,0.05160078613577449
summary_ridge_eb,none,0.0,20,15,3,0.06307427382191819
neural_eb,neural_bidir_seed0_eb,0.0,20,15,3,0.06136083922721476
neural_eb,neural_bidir_seed1_eb,0.0,20,15,3,0.06190223297907562
neural_eb,neural_bidir_seed2_eb,0.0,20,15,3,0.06125655135909499
neural_eb,neural_bidir_seed3_eb,0.0,20,15,3,0.06135123702110229
neural_eb,neural_bidir_seed4_eb,0.0,20,15,3,0.061186191767864245
summary_ridge_eb,none,0.0,36,15,3,0.05104341619954538
neural_eb,neural_bidir_seed0_eb,0.0,36,15,3,0.04979099854156153
neural_eb,neural_bidir_seed1_eb,0.0,36,15,3,0.05012458091327949
neural_eb,neural_bidir_seed2_eb,0.0,36,15,3,0.04973684973323807
neural_eb,neural_bidir_seed3_eb,0.0,36,15,3,0.04980317787720838
neural_eb,neural_bidir_seed4_eb,0.0,36,15,3,0.04968002416218857
summary_ridge_prior,none,0.0,0,15,4,0.10289048135835553
neural_prior,neural_bidir_seed0_prior,0.0,0,15,4,0.09413356430923159
neural_prior,neural_bidir_seed1_prior,0.0,0,15,4,0.09675786139086995
neural_prior,neural_bidir_seed2_prior,0.0,0,15,4,0.09410687726449396
neural_prior,neural_bidir_seed3_prior,0.0,0,15,4,0.09424963946185017
neural_prior,neural_bidir_seed4_prior,0.0,0,15,4,0.09389442750216404
dfe,none,0.0,32,15,4,0.06403933429282915
dfe,none,0.0,48,15,4,0.0524994222347838
summary_ridge_eb,none,0.0,20,15,4,0.06546827660358376
neural_eb,neural_bidir_seed0_eb,0.0,20,15,4,0.06419176039496181
neural_eb,neural_bidir_seed1_eb,0.0,20,15,4,0.0646935426198918
neural_eb,neural_bidir_seed2_eb,0.0,20,15,4,0.0640437917486204
neural_eb,neural_bidir_seed3_eb,0.0,20,15,4,0.06400129407584612
neural_eb,neural_bidir_seed4_eb,0.0,20,15,4,0.06402893265270129
summary_ridge_eb,none,0.0,36,15,4,0.05301851028079887
neural_eb,neural_bidir_seed0_eb,0.0,36,15,4,0.05329083776454044
neural_eb,neural_bidir_seed1_eb,0.0,36,15,4,0.05345296776223049
neural_eb,neural_bidir_seed2_eb,0.0,36,15,4,0.05317975339692609
neural_eb,neural_bidir_seed3_eb,0.0,36,15,4,0.05316625986530553
neural_eb,neural_bidir_seed4_eb,0.0,36,15,4,0.05308984259488944
summary_ridge_prior,none,0.0,0,16,0,0.10515936939603313
neural_prior,neural_bidir_seed0_prior,0.0,0,16,0,0.08897049760525988
neural_prior,neural_bidir_seed1_prior,0.0,0,16,0,0.09136603365004703
neural_prior,neural_bidir_seed2_prior,0.0,0,16,0,0.08908872828578751
neural_prior,neural_bidir_seed3_prior,0.0,0,16,0,0.08938912063422322
neural_prior,neural_bidir_seed4_prior,0.0,0,16,0,0.088484234029238
dfe,none,0.0,32,16,0,0.06458518416366132
dfe,none,0.0,48,16,0,0.051727818488264646
summary_ridge_eb,none,0.0,20,16,0,0.06609054676393368
neural_eb,neural_bidir_seed0_eb,0.0,20,16,0,0.062396838158614895
neural_eb,neural_bidir_seed1_eb,0.0,20,16,0,0.06310384389902216
neural_eb,neural_bidir_seed2_eb,0.0,20,16,0,0.062398358926788106
neural_eb,neural_bidir_seed3_eb,0.0,20,16,0,0.06253682497808608
neural_eb,neural_bidir_seed4_eb,0.0,20,16,0,0.06225524518838573
summary_ridge_eb,none,0.0,36,16,0,0.05166273739436988
neural_eb,neural_bidir_seed0_eb,0.0,36,16,0,0.05044219122274664
neural_eb,neural_bidir_seed1_eb,0.0,36,16,0,0.05093867724535428
neural_eb,neural_bidir_seed2_eb,0.0,36,16,0,0.050469348380975554
neural_eb,neural_bidir_seed3_eb,0.0,36,16,0,0.050426164590979615
neural_eb,neural_bidir_seed4_eb,0.0,36,16,0,0.050347610194891895
summary_ridge_prior,none,0.0,0,16,1,0.10609612907387243
neural_prior,neural_bidir_seed0_prior,0.0,0,16,1,0.0869461456368299
neural_prior,neural_bidir_seed1_prior,0.0,0,16,1,0.08945958298681944
neural_prior,neural_bidir_seed2_prior,0.0,0,16,1,0.08713052667553711
neural_prior,neural_bidir_seed3_prior,0.0,0,16,1,0.08736419903107162
neural_prior,neural_bidir_seed4_prior,0.0,0,16,1,0.08665202828524343
dfe,none,0.0,32,16,1,0.06427164348497172
dfe,none,0.0,48,16,1,0.05186705166427903
summary_ridge_eb,none,0.0,20,16,1,0.06645231938992266
neural_eb,neural_bidir_seed0_eb,0.0,20,16,1,0.061922317500732085
neural_eb,neural_bidir_seed1_eb,0.0,20,16,1,0.06268677698594119
neural_eb,neural_bidir_seed2_eb,0.0,20,16,1,0.06200594447689159
neural_eb,neural_bidir_seed3_eb,0.0,20,16,1,0.06212146353156841
neural_eb,neural_bidir_seed4_eb,0.0,20,16,1,0.06183280524128884
summary_ridge_eb,none,0.0,36,16,1,0.05384424474429533
neural_eb,neural_bidir_seed0_eb,0.0,36,16,1,0.05126493904628939
neural_eb,neural_bidir_seed1_eb,0.0,36,16,1,0.05172558783630121
neural_eb,neural_bidir_seed2_eb,0.0,36,16,1,0.05130626860630492
neural_eb,neural_bidir_seed3_eb,0.0,36,16,1,0.05137336350905837
neural_eb,neural_bidir_seed4_eb,0.0,36,16,1,0.05119770383393496
summary_ridge_prior,none,0.0,0,16,2,0.10192503020313698
neural_prior,neural_bidir_seed0_prior,0.0,0,16,2,0.08718764562036085
neural_prior,neural_bidir_seed1_prior,0.0,0,16,2,0.08947074711431924
neural_prior,neural_bidir_seed2_prior,0.0,0,16,2,0.08733875948200875
neural_prior,neural_bidir_seed3_prior,0.0,0,16,2,0.0876119062941143
neural_prior,neural_bidir_seed4_prior,0.0,0,16,2,0.0867956403435528
dfe,none,0.0,32,16,2,0.06321785536056268
dfe,none,0.0,48,16,2,0.05227369054106627
summary_ridge_eb,none,0.0,20,16,2,0.06485586889986869
neural_eb,neural_bidir_seed0_eb,0.0,20,16,2,0.06178952382218286
neural_eb,neural_bidir_seed1_eb,0.0,20,16,2,0.06255606560574237
neural_eb,neural_bidir_seed2_eb,0.0,20,16,2,0.06179655731374646
neural_eb,neural_bidir_seed3_eb,0.0,20,16,2,0.06190046138189336
neural_eb,neural_bidir_seed4_eb,0.0,20,16,2,0.06168359612285204
summary_ridge_eb,none,0.0,36,16,2,0.0518103051413928
neural_eb,neural_bidir_seed0_eb,0.0,36,16,2,0.05042801584836587
neural_eb,neural_bidir_seed1_eb,0.0,36,16,2,0.05090325283076086
neural_eb,neural_bidir_seed2_eb,0.0,36,16,2,0.05046680236305447
neural_eb,neural_bidir_seed3_eb,0.0,36,16,2,0.050469494803642836
neural_eb,neural_bidir_seed4_eb,0.0,36,16,2,0.050404140157355906
summary_ridge_prior,none,0.0,0,16,3,0.10619046660176847
neural_prior,neural_bidir_seed0_prior,0.0,0,16,3,0.08797780609711481
neural_prior,neural_bidir_seed1_prior,0.0,0,16,3,0.09048210341825325
neural_prior,neural_bidir_seed2_prior,0.0,0,16,3,0.0881143839123979
neural_prior,neural_bidir_seed3_prior,0.0,0,16,3,0.08842815753996547
neural_prior,neural_bidir_seed4_prior,0.0,0,16,3,0.08752275151891808
dfe,none,0.0,32,16,3,0.06346066502555914
dfe,none,0.0,48,16,3,0.05252326312195994
summary_ridge_eb,none,0.0,20,16,3,0.06573759013597741
neural_eb,neural_bidir_seed0_eb,0.0,20,16,3,0.062033200805611255
neural_eb,neural_bidir_seed1_eb,0.0,20,16,3,0.06276077351756998
neural_eb,neural_bidir_seed2_eb,0.0,20,16,3,0.06211416958441465
neural_eb,neural_bidir_seed3_eb,0.0,20,16,3,0.06220810159124171
neural_eb,neural_bidir_seed4_eb,0.0,20,16,3,0.06190228916988911
summary_ridge_eb,none,0.0,36,16,3,0.05323424190668738
neural_eb,neural_bidir_seed0_eb,0.0,36,16,3,0.05096906265132663
neural_eb,neural_bidir_seed1_eb,0.0,36,16,3,0.05135624448083803
neural_eb,neural_bidir_seed2_eb,0.0,36,16,3,0.05097022502673136
neural_eb,neural_bidir_seed3_eb,0.0,36,16,3,0.051069702590622344
neural_eb,neural_bidir_seed4_eb,0.0,36,16,3,0.05086045528733227
summary_ridge_prior,none,0.0,0,16,4,0.10523011145581065
neural_prior,neural_bidir_seed0_prior,0.0,0,16,4,0.09170943390017783
neural_prior,neural_bidir_seed1_prior,0.0,0,16,4,0.09433105542666453
neural_prior,neural_bidir_seed2_prior,0.0,0,16,4,0.09179706532995624
neural_prior,neural_bidir_seed3_prior,0.0,0,16,4,0.09201014565587684
neural_prior,neural_bidir_seed4_prior,0.0,0,16,4,0.0913031412037526
dfe,none,0.0,32,16,4,0.063352851115269
dfe,none,0.0,48,16,4,0.053034812581245205
summary_ridge_eb,none,0.0,20,16,4,0.0668992380446351
neural_eb,neural_bidir_seed0_eb,0.0,20,16,4,0.06224909416348309
neural_eb,neural_bidir_seed1_eb,0.0,20,16,4,0.0629061608669848
neural_eb,neural_bidir_seed2_eb,0.0,20,16,4,0.062298260162287636
neural_eb,neural_bidir_seed3_eb,0.0,20,16,4,0.06241593223354465
neural_eb,neural_bidir_seed4_eb,0.0,20,16,4,0.06220781353251954
summary_ridge_eb,none,0.0,36,16,4,0.05345197385690267
neural_eb,neural_bidir_seed0_eb,0.0,36,16,4,0.05116641324536481
neural_eb,neural_bidir_seed1_eb,0.0,36,16,4,0.05151040864639503
neural_eb,neural_bidir_seed2_eb,0.0,36,16,4,0.05113340651795198
neural_eb,neural_bidir_seed3_eb,0.0,36,16,4,0.05123400878463168
neural_eb,neural_bidir_seed4_eb,0.0,36,16,4,0.051104742750815585
summary_ridge_prior,none,0.0,0,17,0,0.10853024194724228
neural_prior,neural_bidir_seed0_prior,0.0,0,17,0,0.09663456181624497
neural_prior,neural_bidir_seed1_prior,0.0,0,17,0,0.09873686021637695
neural_prior,neural_bidir_seed2_prior,0.0,0,17,0,0.09674469038327516
neural_prior,neural_bidir_seed3_prior,0.0,0,17,0,0.09787227590823022
neural_prior,neural_bidir_seed4_prior,0.0,0,17,0,0.09595187931154214
dfe,none,0.0,32,17,0,0.06369800567517814
dfe,none,0.0,48,17,0,0.05142956163884567
summary_ridge_eb,none,0.0,20,17,0,0.06510651691524967
neural_eb,neural_bidir_seed0_eb,0.0,20,17,0,0.06310038559782281
neural_eb,neural_bidir_seed1_eb,0.0,20,17,0,0.0637507900223806
neural_eb,neural_bidir_seed2_eb,0.0,20,17,0,0.06310161090640365
neural_eb,neural_bidir_seed3_eb,0.0,20,17,0,0.06323796053834765
neural_eb,neural_bidir_seed4_eb,0.0,20,17,0,0.06302856843028448
summary_ridge_eb,none,0.0,36,17,0,0.05359878990207541
neural_eb,neural_bidir_seed0_eb,0.0,36,17,0,0.05281153979754061
neural_eb,neural_bidir_seed1_eb,0.0,36,17,0,0.053146577049170626
neural_eb,neural_bidir_seed2_eb,0.0,36,17,0,0.05277905470468759
neural_eb,neural_bidir_seed3_eb,0.0,36,17,0,0.05286751904233467
neural_eb,neural_bidir_seed4_eb,0.0,36,17,0,0.05278016344139318
summary_ridge_prior,none,0.0,0,17,1,0.1045676729265099
neural_prior,neural_bidir_seed0_prior,0.0,0,17,1,0.09189860474180023
neural_prior,neural_bidir_seed1_prior,0.0,0,17,1,0.09407294704396918
neural_prior,neural_bidir_seed2_prior,0.0,0,17,1,0.09201315353311657
neural_prior,neural_bidir_seed3_prior,0.0,0,17,1,0.09264458691723121
neural_prior,neural_bidir_seed4_prior,0.0,0,17,1,0.09158093557380198
dfe,none,0.0,32,17,1,0.0642135863090516
dfe,none,0.0,48,17,1,0.05152472327002518
summary_ridge_eb,none,0.0,20,17,1,0.06582858414388332
neural_eb,neural_bidir_seed0_eb,0.0,20,17,1,0.06447826542485494
neural_eb,neural_bidir_seed1_eb,0.0,20,17,1,0.06496285957547782
neural_eb,neural_bidir_seed2_eb,0.0,20,17,1,0.06445178383774317
neural_eb,neural_bidir_seed3_eb,0.0,20,17,1,0.06453686674104067
neural_eb,neural_bidir_seed4_eb,0.0,20,17,1,0.06434378078749436
summary_ridge_eb,none,0.0,36,17,1,0.05389401378641293
neural_eb,neural_bidir_seed0_eb,0.0,36,17,1,0.052846469552799175
neural_eb,neural_bidir_seed1_eb,0.0,36,17,1,0.05310278833453787
neural_eb,neural_bidir_seed2_eb,0.0,36,17,1,0.05276750156126889
neural_eb,neural_bidir_seed3_eb,0.0,36,17,1,0.05290656867081085
neural_eb,neural_bidir_seed4_eb,0.0,36,17,1,0.052763633621187855
summary_ridge_prior,none,0.0,0,17,2,0.10323723026204373
neural_prior,neural_bidir_seed0_prior,0.0,0,17,2,0.0892952268022782
neural_prior,neural_bidir_seed1_prior,0.0,0,17,2,0.09155058237047342
neural_prior,neural_bidir_seed2_prior,0.0,0,17,2,0.08938360288266267
neural_prior,neural_bidir_seed3_prior,0.0,0,17,2,0.09019303291825054
neural_prior,neural_bidir_seed4_prior,0.0,0,17,2,0.08869082260753203
dfe,none,0.0,32,17,2,0.06471859101111477
dfe,none,0.0,48,17,2,0.05152082460881502
summary_ridge_eb,none,0.0,20,17,2,0.06485789664402977
neural_eb,neural_bidir_seed0_eb,0.0,20,17,2,0.06311772875247605
neural_eb,neural_bidir_seed1_eb,0.0,20,17,2,0.06393012418410542
neural_eb,neural_bidir_seed2_eb,0.0,20,17,2,0.0632277025689923
neural_eb,neural_bidir_seed3_eb,0.0,20,17,2,0.06331096999634092
neural_eb,neural_bidir_seed4_eb,0.0,20,17,2,0.0631476148412758
summary_ridge_eb,none,0.0,36,17,2,0.05295768487472742
neural_eb,neural_bidir_seed0_eb,0.0,36,17,2,0.05102573015646697
neural_eb,neural_bidir_seed1_eb,0.0,36,17,2,0.051374631714297
neural_eb,neural_bidir_seed2_eb,0.0,36,17,2,0.05103392659865366
neural_eb,neural_bidir_seed3_eb,0.0,36,17,2,0.05108517970362074
neural_eb,neural_bidir_seed4_eb,0.0,36,17,2,0.05096609286485124
summary_ridge_prior,none,0.0,0,17,3,0.10546322222550016
neural_prior,neural_bidir_seed0_prior,0.0,0,17,3,0.09106514594714099
neural_prior,neural_bidir_seed1_prior,0.0,0,17,3,0.0931899463339505
neural_prior,neural_bidir_seed2_prior,0.0,0,17,3,0.09110873204008385
neural_prior,neural_bidir_seed3_prior,0.0,0,17,3,0.09210485281619185
neural_prior,neural_bidir_seed4_prior,0.0,0,17,3,0.09028929471423908
dfe,none,0.0,32,17,3,0.06341900800362055
dfe,none,0.0,48,17,3,0.05194298740874122
summary_ridge_eb,none,0.0,20,17,3,0.06580620731932281
neural_eb,neural_bidir_seed0_eb,0.0,20,17,3,0.0629318199495105
neural_eb,neural_bidir_seed1_eb,0.0,20,17,3,0.06359632656807616
neural_eb,neural_bidir_seed2_eb,0.0,20,17,3,0.0629475107704976
neural_eb,neural_bidir_seed3_eb,0.0,20,17,3,0.06312752723576168
neural_eb,neural_bidir_seed4_eb,0.0,20,17,3,0.06283463136153924
summary_ridge_eb,none,0.0,36,17,3,0.05218717429166146
neural_eb,neural_bidir_seed0_eb,0.0,36,17,3,0.05096329792222682
neural_eb,neural_bidir_seed1_eb,0.0,36,17,3,0.05134889054674163
neural_eb,neural_bidir_seed2_eb,0.0,36,17,3,0.050989749260300476
neural_eb,neural_bidir_seed3_eb,0.0,36,17,3,0.05105482714718387
neural_eb,neural_bidir_seed4_eb,0.0,36,17,3,0.05097999794765457
summary_ridge_prior,none,0.0,0,17,4,0.11287326349996672
neural_prior,neural_bidir_seed0_prior,0.0,0,17,4,0.09359217013297894
neural_prior,neural_bidir_seed1_prior,0.0,0,17,4,0.09585347552820167
neural_prior,neural_bidir_seed2_prior,0.0,0,17,4,0.09371917026328447
neural_prior,neural_bidir_seed3_prior,0.0,0,17,4,0.0946425257006922
neural_prior,neural_bidir_seed4_prior,0.0,0,17,4,0.0931301475957298
dfe,none,0.0,32,17,4,0.06460505340874079
dfe,none,0.0,48,17,4,0.05348376707722006
summary_ridge_eb,none,0.0,20,17,4,0.06723660494015864
neural_eb,neural_bidir_seed0_eb,0.0,20,17,4,0.06446765516559136
neural_eb,neural_bidir_seed1_eb,0.0,20,17,4,0.06511341155276523
neural_eb,neural_bidir_seed2_eb,0.0,20,17,4,0.06446981345628802
neural_eb,neural_bidir_seed3_eb,0.0,20,17,4,0.06460752292414429
neural_eb,neural_bidir_seed4_eb,0.0,20,17,4,0.06442895218271673
summary_ridge_eb,none,0.0,36,17,4,0.05323427245567065
neural_eb,neural_bidir_seed0_eb,0.0,36,17,4,0.05197692614426373
neural_eb,neural_bidir_seed1_eb,0.0,36,17,4,0.05232743574207043
neural_eb,neural_bidir_seed2_eb,0.0,36,17,4,0.05197394326284023
neural_eb,neural_bidir_seed3_eb,0.0,36,17,4,0.052030205234163844
neural_eb,neural_bidir_seed4_eb,0.0,36,17,4,0.051964828529814856
summary_ridge_prior,none,0.0,0,18,0,0.09583229105572227
neural_prior,neural_bidir_seed0_prior,0.0,0,18,0,0.08833817072263628
neural_prior,neural_bidir_seed1_prior,0.0,0,18,0,0.09077683904433798
neural_prior,neural_bidir_seed2_prior,0.0,0,18,0,0.08845083531014097
neural_prior,neural_bidir_seed3_prior,0.0,0,18,0,0.08873577009762812
neural_prior,neural_bidir_seed4_prior,0.0,0,18,0,0.08787135228885745
dfe,none,0.0,32,18,0,0.06434354525481467
dfe,none,0.0,48,18,0,0.05224189650349824
summary_ridge_eb,none,0.0,20,18,0,0.06373562439461983
neural_eb,neural_bidir_seed0_eb,0.0,20,18,0,0.06166548319897461
neural_eb,neural_bidir_seed1_eb,0.0,20,18,0,0.06242028242086525
neural_eb,neural_bidir_seed2_eb,0.0,20,18,0,0.061697519243075344
neural_eb,neural_bidir_seed3_eb,0.0,20,18,0,0.06177239853614452
neural_eb,neural_bidir_seed4_eb,0.0,20,18,0,0.061562214587152095
summary_ridge_eb,none,0.0,36,18,0,0.052297420737495534
neural_eb,neural_bidir_seed0_eb,0.0,36,18,0,0.05101381223178786
neural_eb,neural_bidir_seed1_eb,0.0,36,18,0,0.05144898448635433
neural_eb,neural_bidir_seed2_eb,0.0,36,18,0,0.05104797750645515
neural_eb,neural_bidir_seed3_eb,0.0,36,18,0,0.051151064341564696
neural_eb,neural_bidir_seed4_eb,0.0,36,18,0,0.05090845962911833
summary_ridge_prior,none,0.0,0,18,1,0.09906369071730534
neural_prior,neural_bidir_seed0_prior,0.0,0,18,1,0.08866700179896725
neural_prior,neural_bidir_seed1_prior,0.0,0,18,1,0.09105971258941281
neural_prior,neural_bidir_seed2_prior,0.0,0,18,1,0.08873470692014962
neural_prior,neural_bidir_seed3_prior,0.0,0,18,1,0.08897087276091042
neural_prior,neural_bidir_seed4_prior,0.0,0,18,1,0.0881105815697083
dfe,none,0.0,32,18,1,0.06325430568540469
dfe,none,0.0,48,18,1,0.05122339202353032
summary_ridge_eb,none,0.0,20,18,1,0.06533037043518733
neural_eb,neural_bidir_seed0_eb,0.0,20,18,1,0.06189134682210894
neural_eb,neural_bidir_seed1_eb,0.0,20,18,1,0.06250495002162798
neural_eb,neural_bidir_seed2_eb,0.0,20,18,1,0.061942876378241946
neural_eb,neural_bidir_seed3_eb,0.0,20,18,1,0.06202099426931586
neural_eb,neural_bidir_seed4_eb,0.0,20,18,1,0.06168940701418722
summary_ridge_eb,none,0.0,36,18,1,0.05307860972081006
neural_eb,neural_bidir_seed0_eb,0.0,36,18,1,0.051955576786899355
neural_eb,neural_bidir_seed1_eb,0.0,36,18,1,0.0523153623399157
neural_eb,neural_bidir_seed2_eb,0.0,36,18,1,0.05196473921612692
neural_eb,neural_bidir_seed3_eb,0.0,36,18,1,0.052022774793344724
neural_eb,neural_bidir_seed4_eb,0.0,36,18,1,0.05189557902684952
summary_ridge_prior,none,0.0,0,18,2,0.09998572430435533
neural_prior,neural_bidir_seed0_prior,0.0,0,18,2,0.08987560242348991
neural_prior,neural_bidir_seed1_prior,0.0,0,18,2,0.09239173083733476
neural_prior,neural_bidir_seed2_prior,0.0,0,18,2,0.09000087397544121
neural_prior,neural_bidir_seed3_prior,0.0,0,18,2,0.09032633542483381
neural_prior,neural_bidir_seed4_prior,0.0,0,18,2,0.08946954669772822
dfe,none,0.0,32,18,2,0.06326538737266674
dfe,none,0.0,48,18,2,0.052543905927450396
summary_ridge_eb,none,0.0,20,18,2,0.06337828822947975
neural_eb,neural_bidir_seed0_eb,0.0,20,18,2,0.06159334090098695
neural_eb,neural_bidir_seed1_eb,0.0,20,18,2,0.06229325722656689
neural_eb,neural_bidir_seed2_eb,0.0,20,18,2,0.06167116258658011
neural_eb,neural_bidir_seed3_eb,0.0,20,18,2,0.06178140195717459
neural_eb,neural_bidir_seed4_eb,0.0,20,18,2,0.06153665388415307
summary_ridge_eb,none,0.0,36,18,2,0.052553613973775296
neural_eb,neural_bidir_seed0_eb,0.0,36,18,2,0.05089107251337115
neural_eb,neural_bidir_seed1_eb,0.0,36,18,2,0.051292420711873926
neural_eb,neural_bidir_seed2_eb,0.0,36,18,2,0.050935750539689725
neural_eb,neural_bidir_seed3_eb,0.0,36,18,2,0.051030549072638126
neural_eb,neural_bidir_seed4_eb,0.0,36,18,2,0.05082190348679998
summary_ridge_prior,none,0.0,0,18,3,0.09680621883360106
neural_prior,neural_bidir_seed0_prior,0.0,0,18,3,0.08703729040826147
neural_prior,neural_bidir_seed1_prior,0.0,0,18,3,0.08938715574004163
neural_prior,neural_bidir_seed2_prior,0.0,0,18,3,0.08715699379354191
neural_prior,neural_bidir_seed3_prior,0.0,0,18,3,0.08735853646612668
neural_prior,neural_bidir_seed4_prior,0.0,0,18,3,0.0866518134916987
dfe,none,0.0,32,18,3,0.06394147635728586
dfe,none,0.0,48,18,3,0.05130817105782626
summary_ridge_eb,none,0.0,20,18,3,0.06378550751999267
neural_eb,neural_bidir_seed0_eb,0.0,20,18,3,0.060940428589910146
neural_eb,neural_bidir_seed1_eb,0.0,20,18,3,0.06169937349940777
neural_eb,neural_bidir_seed2_eb,0.0,20,18,3,0.06101090687688994
neural_eb,neural_bidir_seed3_eb,0.0,20,18,3,0.061016771366356116
neural_eb,neural_bidir_seed4_eb,0.0,20,18,3,0.060841094431674056
summary_ridge_eb,none,0.0,36,18,3,0.05302737168856226
neural_eb,neural_bidir_seed0_eb,0.0,36,18,3,0.05146667541264145
neural_eb,neural_bidir_seed1_eb,0.0,36,18,3,0.05192756088509931
neural_eb,neural_bidir_seed2_eb,0.0,36,18,3,0.05148708821722362
neural_eb,neural_bidir_seed3_eb,0.0,36,18,3,0.05149015861579137
neural_eb,neural_bidir_seed4_eb,0.0,36,18,3,0.05139574940490258
summary_ridge_prior,none,0.0,0,18,4,0.09761091759311212
neural_prior,neural_bidir_seed0_prior,0.0,0,18,4,0.09053681385375967
neural_prior,neural_bidir_seed1_prior,0.0,0,18,4,0.09307441592500254
neural_prior,neural_bidir_seed2_prior,0.0,0,18,4,0.09060063083416026
neural_prior,neural_bidir_seed3_prior,0.0,0,18,4,0.09072959364675626
neural_prior,neural_bidir_seed4_prior,0.0,0,18,4,0.0899684962550964
dfe,none,0.0,32,18,4,0.06449789164071262
dfe,none,0.0,48,18,4,0.05140343500412806
summary_ridge_eb,none,0.0,20,18,4,0.06437113420418403
neural_eb,neural_bidir_seed0_eb,0.0,20,18,4,0.0628776866253341
neural_eb,neural_bidir_seed1_eb,0.0,20,18,4,0.06357773881897691
neural_eb,neural_bidir_seed2_eb,0.0,20,18,4,0.06294339930955112
neural_eb,neural_bidir_seed3_eb,0.0,20,18,4,0.06304408168410111
neural_eb,neural_bidir_seed4_eb,0.0,20,18,4,0.06275694181141823
summary_ridge_eb,none,0.0,36,18,4,0.051243084414033614
neural_eb,neural_bidir_seed0_eb,0.0,36,18,4,0.05012313592728467
neural_eb,neural_bidir_seed1_eb,0.0,36,18,4,0.05053014121845309
neural_eb,neural_bidir_seed2_eb,0.0,36,18,4,0.050168185476721104
neural_eb,neural_bidir_seed3_eb,0.0,36,18,4,0.05018557741544363
neural_eb,neural_bidir_seed4_eb,0.0,36,18,4,0.04997965281389612
summary_ridge_prior,none,0.0,0,19,0,0.0934776966957545
neural_prior,neural_bidir_seed0_prior,0.0,0,19,0,0.08753948112826038
neural_prior,neural_bidir_seed1_prior,0.0,0,19,0,0.09008106926739856
neural_prior,neural_bidir_seed2_prior,0.0,0,19,0,0.08763949388048786
neural_prior,neural_bidir_seed3_prior,0.0,0,19,0,0.08778806136797357
neural_prior,neural_bidir_seed4_prior,0.0,0,19,0,0.08729982526529056
dfe,none,0.0,32,19,0,0.06548940098764433
dfe,none,0.0,48,19,0,0.05229877371433152
summary_ridge_eb,none,0.0,20,19,0,0.0641775315618125
neural_eb,neural_bidir_seed0_eb,0.0,20,19,0,0.06167341095622847
neural_eb,neural_bidir_seed1_eb,0.0,20,19,0,0.06239866586057252
neural_eb,neural_bidir_seed2_eb,0.0,20,19,0,0.061761770947861436
neural_eb,neural_bidir_seed3_eb,0.0,20,19,0,0.061897942116057425
neural_eb,neural_bidir_seed4_eb,0.0,20,19,0,0.06165437741355253
summary_ridge_eb,none,0.0,36,19,0,0.05187448246519907
neural_eb,neural_bidir_seed0_eb,0.0,36,19,0,0.05074209033900557
neural_eb,neural_bidir_seed1_eb,0.0,36,19,0,0.05110955849697245
neural_eb,neural_bidir_seed2_eb,0.0,36,19,0,0.050778099847498814
neural_eb,neural_bidir_seed3_eb,0.0,36,19,0,0.05086136041897153
neural_eb,neural_bidir_seed4_eb,0.0,36,19,0,0.050666134127140855
summary_ridge_prior,none,0.0,0,19,1,0.10032019535685922
neural_prior,neural_bidir_seed0_prior,0.0,0,19,1,0.09580216288122756
neural_prior,neural_bidir_seed1_prior,0.0,0,19,1,0.09846001287041872
neural_prior,neural_bidir_seed2_prior,0.0,0,19,1,0.09592752821299655
neural_prior,neural_bidir_seed3_prior,0.0,0,19,1,0.09611759371728112
neural_prior,neural_bidir_seed4_prior,0.0,0,19,1,0.09554052787098044
dfe,none,0.0,32,19,1,0.06481132228145725
dfe,none,0.0,48,19,1,0.05231877744396722
summary_ridge_eb,none,0.0,20,19,1,0.06369820934350623
neural_eb,neural_bidir_seed0_eb,0.0,20,19,1,0.06317422147840224
neural_eb,neural_bidir_seed1_eb,0.0,20,19,1,0.06388087333197945
neural_eb,neural_bidir_seed2_eb,0.0,20,19,1,0.06316412813711234
neural_eb,neural_bidir_seed3_eb,0.0,20,19,1,0.06314994718563965
neural_eb,neural_bidir_seed4_eb,0.0,20,19,1,0.063137248306575
summary_ridge_eb,none,0.0,36,19,1,0.05141101823116343
neural_eb,neural_bidir_seed0_eb,0.0,36,19,1,0.05091463718631847
neural_eb,neural_bidir_seed1_eb,0.0,36,19,1,0.0512758166191371
neural_eb,neural_bidir_seed2_eb,0.0,36,19,1,0.050868433121004995
neural_eb,neural_bidir_seed3_eb,0.0,36,19,1,0.0509350895347388
neural_eb,neural_bidir_seed4_eb,0.0,36,19,1,0.050907575246569546
summary_ridge_prior,none,0.0,0,19,2,0.09587980762259266
neural_prior,neural_bidir_seed0_prior,0.0,0,19,2,0.0880974603624054
neural_prior,neural_bidir_seed1_prior,0.0,0,19,2,0.09069786570944416
neural_prior,neural_bidir_seed2_prior,0.0,0,19,2,0.08819340654554253
neural_prior,neural_bidir_seed3_prior,0.0,0,19,2,0.08838525346618553
neural_prior,neural_bidir_seed4_prior,0.0,0,19,2,0.08784576122525323
dfe,none,0.0,32,19,2,0.06366711062037211
dfe,none,0.0,48,19,2,0.05281378145749234
summary_ridge_eb,none,0.0,20,19,2,0.06393723453389169
neural_eb,neural_bidir_seed0_eb,0.0,20,19,2,0.06198619386199024
neural_eb,neural_bidir_seed1_eb,0.0,20,19,2,0.06281192288400422
neural_eb,neural_bidir_seed2_eb,0.0,20,19,2,0.061989845009156455
neural_eb,neural_bidir_seed3_eb,0.0,20,19,2,0.06203387112079363
neural_eb,neural_bidir_seed4_eb,0.0,20,19,2,0.06193383972491011
summary_ridge_eb,none,0.0,36,19,2,0.05101231296930543
neural_eb,neural_bidir_seed0_eb,0.0,36,19,2,0.05061083099645737
neural_eb,neural_bidir_seed1_eb,0.0,36,19,2,0.051039589264490245
neural_eb,neural_bidir_seed2_eb,0.0,36,19,2,0.05053722579146816
neural_eb,neural_bidir_seed3_eb,0.0,36,19,2,0.0505495560364925
neural_eb,neural_bidir_seed4_eb,0.0,36,19,2,0.050516264420800955
summary_ridge_prior,none,0.0,0,19,3,0.09773913658435582
neural_prior,neural_bidir_seed0_prior,0.0,0,19,3,0.09303237344101944
neural_prior,neural_bidir_seed1_prior,0.0,0,19,3,0.095663887941555
neural_prior,neural_bidir_seed2_prior,0.0,0,19,3,0.09316518321975309
neural_prior,neural_bidir_seed3_prior,0.0,0,19,3,0.09339616098259285
neural_prior,neural_bidir_seed4_prior,0.0,0,19,3,0.09282886650726141
dfe,none,0.0,32,19,3,0.06244623974453134
dfe,none,0.0,48,19,3,0.05279861485602547
summary_ridge_eb,none,0.0,20,19,3,0.06523741593571468
neural_eb,neural_bidir_seed0_eb,0.0,20,19,3,0.06325509680249122
neural_eb,neural_bidir_seed1_eb,0.0,20,19,3,0.06394253805164204
neural_eb,neural_bidir_seed2_eb,0.0,20,19,3,0.06331653853338293
neural_eb,neural_bidir_seed3_eb,0.0,20,19,3,0.06345012749016217
neural_eb,neural_bidir_seed4_eb,0.0,20,19,3,0.06319142760400817
summary_ridge_eb,none,0.0,36,19,3,0.05111964379683557
neural_eb,neural_bidir_seed0_eb,0.0,36,19,3,0.05088748421287358
neural_eb,neural_bidir_seed1_eb,0.0,36,19,3,0.0513210673232469
neural_eb,neural_bidir_seed2_eb,0.0,36,19,3,0.05091790630371282
neural_eb,neural_bidir_seed3_eb,0.0,36,19,3,0.05092526334995634
neural_eb,neural_bidir_seed4_eb,0.0,36,19,3,0.050859324162964445
summary_ridge_prior,none,0.0,0,19,4,0.09758386242822198
neural_prior,neural_bidir_seed0_prior,0.0,0,19,4,0.09256381123668689
neural_prior,neural_bidir_seed1_prior,0.0,0,19,4,0.09523271411853784
neural_prior,neural_bidir_seed2_prior,0.0,0,19,4,0.0927455843102507
neural_prior,neural_bidir_seed3_prior,0.0,0,19,4,0.09296755793002376
neural_prior,neural_bidir_seed4_prior,0.0,0,19,4,0.09236027490078413
dfe,none,0.0,32,19,4,0.06419596056184673
dfe,none,0.0,48,19,4,0.05260150794917233
summary_ridge_eb,none,0.0,20,19,4,0.06451381952509523
neural_eb,neural_bidir_seed0_eb,0.0,20,19,4,0.063152336081569
neural_eb,neural_bidir_seed1_eb,0.0,20,19,4,0.06384578027181154
neural_eb,neural_bidir_seed2_eb,0.0,20,19,4,0.0632024658904505
neural_eb,neural_bidir_seed3_eb,0.0,20,19,4,0.06333237865611785
neural_eb,neural_bidir_seed4_eb,0.0,20,19,4,0.06313276791556433
summary_ridge_eb,none,0.0,36,19,4,0.052497190348220875
neural_eb,neural_bidir_seed0_eb,0.0,36,19,4,0.051815794519615044
neural_eb,neural_bidir_seed1_eb,0.0,36,19,4,0.052230277550308964
neural_eb,neural_bidir_seed2_eb,0.0,36,19,4,0.05184760654631346
neural_eb,neural_bidir_seed3_eb,0.0,36,19,4,0.051903718416961786
neural_eb,neural_bidir_seed4_eb,0.0,36,19,4,0.05181613818769877
summary_ridge_prior,none,0.01,0,0,0,0.1042343419260841
neural_prior,neural_bidir_seed0_prior,0.01,0,0,0,0.09614694955780578
neural_prior,neural_bidir_seed1_prior,0.01,0,0,0,0.09849756947551214
neural_prior,neural_bidir_seed2_prior,0.01,0,0,0,0.09625027780748496
neural_prior,neural_bidir_seed3_prior,0.01,0,0,0,0.0964453444848914
neural_prior,neural_bidir_seed4_prior,0.01,0,0,0,0.09556145168789953
dfe,none,0.01,32,0,0,0.06482023300204488
dfe,none,0.01,48,0,0,0.05299135886054167
summary_ridge_eb,none,0.01,20,0,0,0.06742519340092287
neural_eb,neural_bidir_seed0_eb,0.01,20,0,0,0.0660598826124296
neural_eb,neural_bidir_seed1_eb,0.01,20,0,0,0.0666485621950352
neural_eb,neural_bidir_seed2_eb,0.01,20,0,0,0.06606235442569908
neural_eb,neural_bidir_seed3_eb,0.01,20,0,0,0.06607639265953091
neural_eb,neural_bidir_seed4_eb,0.01,20,0,0,0.06591188820481933
summary_ridge_eb,none,0.01,36,0,0,0.0543034492980274
neural_eb,neural_bidir_seed0_eb,0.01,36,0,0,0.0539350352665718
neural_eb,neural_bidir_seed1_eb,0.01,36,0,0,0.054276934518551576
neural_eb,neural_bidir_seed2_eb,0.01,36,0,0,0.0538934160992709
neural_eb,neural_bidir_seed3_eb,0.01,36,0,0,0.05389862245174408
neural_eb,neural_bidir_seed4_eb,0.01,36,0,0,0.053793173558048496
summary_ridge_prior,none,0.01,0,0,1,0.1039435482618223
neural_prior,neural_bidir_seed0_prior,0.01,0,0,1,0.09436210245803522
neural_prior,neural_bidir_seed1_prior,0.01,0,0,1,0.09676414988825854
neural_prior,neural_bidir_seed2_prior,0.01,0,0,1,0.09448095381412713
neural_prior,neural_bidir_seed3_prior,0.01,0,0,1,0.09461988270595612
neural_prior,neural_bidir_seed4_prior,0.01,0,0,1,0.09378451414704614
dfe,none,0.01,32,0,1,0.0642802005147262
dfe,none,0.01,48,0,1,0.053721129598033546
summary_ridge_eb,none,0.01,20,0,1,0.06695637640225544
neural_eb,neural_bidir_seed0_eb,0.01,20,0,1,0.06539357291239213
neural_eb,neural_bidir_seed1_eb,0.01,20,0,1,0.06603154902263422
neural_eb,neural_bidir_seed2_eb,0.01,20,0,1,0.06540872169602964
neural_eb,neural_bidir_seed3_eb,0.01,20,0,1,0.06543898670392481
neural_eb,neural_bidir_seed4_eb,0.01,20,0,1,0.06525676802832243
summary_ridge_eb,none,0.01,36,0,1,0.05379540632078226
neural_eb,neural_bidir_seed0_eb,0.01,36,0,1,0.053062853007937894
neural_eb,neural_bidir_seed1_eb,0.01,36,0,1,0.053387126961909476
neural_eb,neural_bidir_seed2_eb,0.01,36,0,1,0.05309410281931207
neural_eb,neural_bidir_seed3_eb,0.01,36,0,1,0.05307307639785065
neural_eb,neural_bidir_seed4_eb,0.01,36,0,1,0.05299525642201157
summary_ridge_prior,none,0.01,0,0,2,0.10513709467476463
neural_prior,neural_bidir_seed0_prior,0.01,0,0,2,0.09890913295930659
neural_prior,neural_bidir_seed1_prior,0.01,0,0,2,0.10127217032095359
neural_prior,neural_bidir_seed2_prior,0.01,0,0,2,0.09903318570832198
neural_prior,neural_bidir_seed3_prior,0.01,0,0,2,0.09920103551667125
neural_prior,neural_bidir_seed4_prior,0.01,0,0,2,0.09841451760985365
dfe,none,0.01,32,0,2,0.06612367070537942
dfe,none,0.01,48,0,2,0.053759255574899426
summary_ridge_eb,none,0.01,20,0,2,0.06730865273421917
neural_eb,neural_bidir_seed0_eb,0.01,20,0,2,0.0661353568261352
neural_eb,neural_bidir_seed1_eb,0.01,20,0,2,0.06679243901459705
neural_eb,neural_bidir_seed2_eb,0.01,20,0,2,0.06620285587158109
neural_eb,neural_bidir_seed3_eb,0.01,20,0,2,0.06621258947757044
neural_eb,neural_bidir_seed4_eb,0.01,20,0,2,0.0659725538047363
summary_ridge_eb,none,0.01,36,0,2,0.05366972070224784
neural_eb,neural_bidir_seed0_eb,0.01,36,0,2,0.05322965500617578
neural_eb,neural_bidir_seed1_eb,0.01,36,0,2,0.053522932125132504
neural_eb,neural_bidir_seed2_eb,0.01,36,0,2,0.05321892751072479
neural_eb,neural_bidir_seed3_eb,0.01,36,0,2,0.053295516010355204
neural_eb,neural_bidir_seed4_eb,0.01,36,0,2,0.053124934763995185
summary_ridge_prior,none,0.01,0,0,3,0.10157185329309786
neural_prior,neural_bidir_seed0_prior,0.01,0,0,3,0.09253637729671027
neural_prior,neural_bidir_seed1_prior,0.01,0,0,3,0.09502059192345769
neural_prior,neural_bidir_seed2_prior,0.01,0,0,3,0.09261793032601418
neural_prior,neural_bidir_seed3_prior,0.01,0,0,3,0.09273532173210697
neural_prior,neural_bidir_seed4_prior,0.01,0,0,3,0.09191854135679023
dfe,none,0.01,32,0,3,0.06613040049063673
dfe,none,0.01,48,0,3,0.053691885649932124
summary_ridge_eb,none,0.01,20,0,3,0.06615618157511988
neural_eb,neural_bidir_seed0_eb,0.01,20,0,3,0.06412119802502005
neural_eb,neural_bidir_seed1_eb,0.01,20,0,3,0.06475396169182603
neural_eb,neural_bidir_seed2_eb,0.01,20,0,3,0.06408916734885645
neural_eb,neural_bidir_seed3_eb,0.01,20,0,3,0.06412731069882498
neural_eb,neural_bidir_seed4_eb,0.01,20,0,3,0.0639220186416341
summary_ridge_eb,none,0.01,36,0,3,0.052101702591729734
neural_eb,neural_bidir_seed0_eb,0.01,36,0,3,0.05148327222306488
neural_eb,neural_bidir_seed1_eb,0.01,36,0,3,0.051862539573706776
neural_eb,neural_bidir_seed2_eb,0.01,36,0,3,0.05146649432793522
neural_eb,neural_bidir_seed3_eb,0.01,36,0,3,0.05149966507980102
neural_eb,neural_bidir_seed4_eb,0.01,36,0,3,0.05139111449386713
summary_ridge_prior,none,0.01,0,0,4,0.1078120565447839
neural_prior,neural_bidir_seed0_prior,0.01,0,0,4,0.09789831358466472
neural_prior,neural_bidir_seed1_prior,0.01,0,0,4,0.10027865135089087
neural_prior,neural_bidir_seed2_prior,0.01,0,0,4,0.09798460451747815
neural_prior,neural_bidir_seed3_prior,0.01,0,0,4,0.0980304023851204
neural_prior,neural_bidir_seed4_prior,0.01,0,0,4,0.09723592674890824
dfe,none,0.01,32,0,4,0.06526669524286337
dfe,none,0.01,48,0,4,0.053145905104967674
summary_ridge_eb,none,0.01,20,0,4,0.06697005339341486
neural_eb,neural_bidir_seed0_eb,0.01,20,0,4,0.0657954529012131
neural_eb,neural_bidir_seed1_eb,0.01,20,0,4,0.06637693145623302
neural_eb,neural_bidir_seed2_eb,0.01,20,0,4,0.06578439124259636
neural_eb,neural_bidir_seed3_eb,0.01,20,0,4,0.06574339694249098
neural_eb,neural_bidir_seed4_eb,0.01,20,0,4,0.06566619970220182
summary_ridge_eb,none,0.01,36,0,4,0.054244784447586986
neural_eb,neural_bidir_seed0_eb,0.01,36,0,4,0.05324410413292661
neural_eb,neural_bidir_seed1_eb,0.01,36,0,4,0.053522948888197155
neural_eb,neural_bidir_seed2_eb,0.01,36,0,4,0.05326377987345729
neural_eb,neural_bidir_seed3_eb,0.01,36,0,4,0.05328602761464747
neural_eb,neural_bidir_seed4_eb,0.01,36,0,4,0.05317019761550659
summary_ridge_prior,none,0.01,0,1,0,0.09693019659873808
neural_prior,neural_bidir_seed0_prior,0.01,0,1,0,0.08750274798330793
neural_prior,neural_bidir_seed1_prior,0.01,0,1,0,0.0897148537751491
neural_prior,neural_bidir_seed2_prior,0.01,0,1,0,0.08762060324625054
neural_prior,neural_bidir_seed3_prior,0.01,0,1,0,0.08781948526120686
neural_prior,neural_bidir_seed4_prior,0.01,0,1,0,0.08717923644690018
dfe,none,0.01,32,1,0,0.0648293125012023
dfe,none,0.01,48,1,0,0.05264131947716327
summary_ridge_eb,none,0.01,20,1,0,0.06388135506387424
neural_eb,neural_bidir_seed0_eb,0.01,20,1,0,0.06204892381421584
neural_eb,neural_bidir_seed1_eb,0.01,20,1,0,0.06269837318380535
neural_eb,neural_bidir_seed2_eb,0.01,20,1,0,0.0619973849308844
neural_eb,neural_bidir_seed3_eb,0.01,20,1,0,0.062073262719619327
neural_eb,neural_bidir_seed4_eb,0.01,20,1,0,0.06189291722071327
summary_ridge_eb,none,0.01,36,1,0,0.05397514045903599
neural_eb,neural_bidir_seed0_eb,0.01,36,1,0,0.05253979518995057
neural_eb,neural_bidir_seed1_eb,0.01,36,1,0,0.052931470254636445
neural_eb,neural_bidir_seed2_eb,0.01,36,1,0,0.05252109718654612
neural_eb,neural_bidir_seed3_eb,0.01,36,1,0,0.052608387940428776
neural_eb,neural_bidir_seed4_eb,0.01,36,1,0,0.05244361315891494
summary_ridge_prior,none,0.01,0,1,1,0.09836951275131872
neural_prior,neural_bidir_seed0_prior,0.01,0,1,1,0.09058747459312144
neural_prior,neural_bidir_seed1_prior,0.01,0,1,1,0.09284296186342544
neural_prior,neural_bidir_seed2_prior,0.01,0,1,1,0.09078303393289389
neural_prior,neural_bidir_seed3_prior,0.01,0,1,1,0.0908847289665573
neural_prior,neural_bidir_seed4_prior,0.01,0,1,1,0.09035938641136454
dfe,none,0.01,32,1,1,0.06530848783668075
dfe,none,0.01,48,1,1,0.05302160327037385
summary_ridge_eb,none,0.01,20,1,1,0.06376331658487655
neural_eb,neural_bidir_seed0_eb,0.01,20,1,1,0.06329955593653688
neural_eb,neural_bidir_seed1_eb,0.01,20,1,1,0.06413045034626863
neural_eb,neural_bidir_seed2_eb,0.01,20,1,1,0.0632703125833244
neural_eb,neural_bidir_seed3_eb,0.01,20,1,1,0.06324378338943615
neural_eb,neural_bidir_seed4_eb,0.01,20,1,1,0.06318167515770182
summary_ridge_eb,none,0.01,36,1,1,0.05290229098239095
neural_eb,neural_bidir_seed0_eb,0.01,36,1,1,0.052268899064115665
neural_eb,neural_bidir_seed1_eb,0.01,36,1,1,0.0526684900541919
neural_eb,neural_bidir_seed2_eb,0.01,36,1,1,0.05222049706583171
neural_eb,neural_bidir_seed3_eb,0.01,36,1,1,0.05226451949495775
neural_eb,neural_bidir_seed4_eb,0.01,36,1,1,0.052170810653681975
summary_ridge_prior,none,0.01,0,1,2,0.09762609894308175
neural_prior,neural_bidir_seed0_prior,0.01,0,1,2,0.08778716008782794
neural_prior,neural_bidir_seed1_prior,0.01,0,1,2,0.09009045813400007
neural_prior,neural_bidir_seed2_prior,0.01,0,1,2,0.08791416472195124
neural_prior,neural_bidir_seed3_prior,0.01,0,1,2,0.08806849819484341
neural_prior,neural_bidir_seed4_prior,0.01,0,1,2,0.08745396195263311
dfe,none,0.01,32,1,2,0.06543662903626385
dfe,none,0.01,48,1,2,0.05345171082064838
summary_ridge_eb,none,0.01,20,1,2,0.06368043158684134
neural_eb,neural_bidir_seed0_eb,0.01,20,1,2,0.061433389270578814
neural_eb,neural_bidir_seed1_eb,0.01,20,1,2,0.06215659611973734
neural_eb,neural_bidir_seed2_eb,0.01,20,1,2,0.06140899233101677
neural_eb,neural_bidir_seed3_eb,0.01,20,1,2,0.06145804551109022
neural_eb,neural_bidir_seed4_eb,0.01,20,1,2,0.061282904343467816
summary_ridge_eb,none,0.01,36,1,2,0.05317691964975654
neural_eb,neural_bidir_seed0_eb,0.01,36,1,2,0.052526084805328714
neural_eb,neural_bidir_seed1_eb,0.01,36,1,2,0.05306201694105688
neural_eb,neural_bidir_seed2_eb,0.01,36,1,2,0.05252655749459323
neural_eb,neural_bidir_seed3_eb,0.01,36,1,2,0.05254375344417679
neural_eb,neural_bidir_seed4_eb,0.01,36,1,2,0.05244550928900432
summary_ridge_prior,none,0.01,0,1,3,0.09910839442773839
neural_prior,neural_bidir_seed0_prior,0.01,0,1,3,0.0894522258440702
neural_prior,neural_bidir_seed1_prior,0.01,0,1,3,0.091826295325518
neural_prior,neural_bidir_seed2_prior,0.01,0,1,3,0.08977354318449215
neural_prior,neural_bidir_seed3_prior,0.01,0,1,3,0.08971696076150693
neural_prior,neural_bidir_seed4_prior,0.01,0,1,3,0.08932864168127708
dfe,none,0.01,32,1,3,0.06623083499768227
dfe,none,0.01,48,1,3,0.05222688300388227
summary_ridge_eb,none,0.01,20,1,3,0.06488287720725394
neural_eb,neural_bidir_seed0_eb,0.01,20,1,3,0.062038734083110655
neural_eb,neural_bidir_seed1_eb,0.01,20,1,3,0.06280338562828636
neural_eb,neural_bidir_seed2_eb,0.01,20,1,3,0.06214401919712543
neural_eb,neural_bidir_seed3_eb,0.01,20,1,3,0.06214817460814748
neural_eb,neural_bidir_seed4_eb,0.01,20,1,3,0.06201497351086667
summary_ridge_eb,none,0.01,36,1,3,0.05238839680904557
neural_eb,neural_bidir_seed0_eb,0.01,36,1,3,0.05100424312509998
neural_eb,neural_bidir_seed1_eb,0.01,36,1,3,0.05140897759038944
neural_eb,neural_bidir_seed2_eb,0.01,36,1,3,0.05098910351497223
neural_eb,neural_bidir_seed3_eb,0.01,36,1,3,0.05098764155233926
neural_eb,neural_bidir_seed4_eb,0.01,36,1,3,0.050945227100883075
summary_ridge_prior,none,0.01,0,1,4,0.09584781624018576
neural_prior,neural_bidir_seed0_prior,0.01,0,1,4,0.08842766396810475
neural_prior,neural_bidir_seed1_prior,0.01,0,1,4,0.09069664490925788
neural_prior,neural_bidir_seed2_prior,0.01,0,1,4,0.0886554373337276
neural_prior,neural_bidir_seed3_prior,0.01,0,1,4,0.0887592665367265
neural_prior,neural_bidir_seed4_prior,0.01,0,1,4,0.0881786299196392
dfe,none,0.01,32,1,4,0.06553912511956195
dfe,none,0.01,48,1,4,0.05351859457508673
summary_ridge_eb,none,0.01,20,1,4,0.06519413999313274
neural_eb,neural_bidir_seed0_eb,0.01,20,1,4,0.06365407140483922
neural_eb,neural_bidir_seed1_eb,0.01,20,1,4,0.06438326959999474
neural_eb,neural_bidir_seed2_eb,0.01,20,1,4,0.06358963825314674
neural_eb,neural_bidir_seed3_eb,0.01,20,1,4,0.06377255216088468
neural_eb,neural_bidir_seed4_eb,0.01,20,1,4,0.06349077456832203
summary_ridge_eb,none,0.01,36,1,4,0.050996979098691886
neural_eb,neural_bidir_seed0_eb,0.01,36,1,4,0.05068689910876033
neural_eb,neural_bidir_seed1_eb,0.01,36,1,4,0.0511274191981408
neural_eb,neural_bidir_seed2_eb,0.01,36,1,4,0.05066496415774862
neural_eb,neural_bidir_seed3_eb,0.01,36,1,4,0.0507069096781821
neural_eb,neural_bidir_seed4_eb,0.01,36,1,4,0.050585800975589824
summary_ridge_prior,none,0.01,0,2,0,0.09842755177610757
neural_prior,neural_bidir_seed0_prior,0.01,0,2,0,0.08682641736777441
neural_prior,neural_bidir_seed1_prior,0.01,0,2,0,0.08899591709086963
neural_prior,neural_bidir_seed2_prior,0.01,0,2,0,0.08695828737654665
neural_prior,neural_bidir_seed3_prior,0.01,0,2,0,0.08714987052917422
neural_prior,neural_bidir_seed4_prior,0.01,0,2,0,0.08662246838321153
dfe,none,0.01,32,2,0,0.06622602369356989
dfe,none,0.01,48,2,0,0.05440347270767506
summary_ridge_eb,none,0.01,20,2,0,0.06523876083058025
neural_eb,neural_bidir_seed0_eb,0.01,20,2,0,0.061868820239420634
neural_eb,neural_bidir_seed1_eb,0.01,20,2,0,0.06277060333069781
neural_eb,neural_bidir_seed2_eb,0.01,20,2,0,0.061905922868738056
neural_eb,neural_bidir_seed3_eb,0.01,20,2,0,0.06193450322598088
neural_eb,neural_bidir_seed4_eb,0.01,20,2,0,0.061805382787804064
summary_ridge_eb,none,0.01,36,2,0,0.053089850099704024
neural_eb,neural_bidir_seed0_eb,0.01,36,2,0,0.0521868271996425
neural_eb,neural_bidir_seed1_eb,0.01,36,2,0,0.052830488237411224
neural_eb,neural_bidir_seed2_eb,0.01,36,2,0,0.05217565236690744
neural_eb,neural_bidir_seed3_eb,0.01,36,2,0,0.05211894104065543
neural_eb,neural_bidir_seed4_eb,0.01,36,2,0,0.05212558057229681
summary_ridge_prior,none,0.01,0,2,1,0.09688131180528062
neural_prior,neural_bidir_seed0_prior,0.01,0,2,1,0.08687042835481407
neural_prior,neural_bidir_seed1_prior,0.01,0,2,1,0.08894410983884882
neural_prior,neural_bidir_seed2_prior,0.01,0,2,1,0.08695559159059485
neural_prior,neural_bidir_seed3_prior,0.01,0,2,1,0.0872207146439905
neural_prior,neural_bidir_seed4_prior,0.01,0,2,1,0.08651824452499568
dfe,none,0.01,32,2,1,0.06608140920679387
dfe,none,0.01,48,2,1,0.0535206933273745
summary_ridge_eb,none,0.01,20,2,1,0.06521362090181848
neural_eb,neural_bidir_seed0_eb,0.01,20,2,1,0.06278094658011897
neural_eb,neural_bidir_seed1_eb,0.01,20,2,1,0.06357388993279456
neural_eb,neural_bidir_seed2_eb,0.01,20,2,1,0.06275653226684166
neural_eb,neural_bidir_seed3_eb,0.01,20,2,1,0.06282025479271285
neural_eb,neural_bidir_seed4_eb,0.01,20,2,1,0.06266768370035483
summary_ridge_eb,none,0.01,36,2,1,0.0529358278097304
neural_eb,neural_bidir_seed0_eb,0.01,36,2,1,0.05201737937085648
neural_eb,neural_bidir_seed1_eb,0.01,36,2,1,0.05249787415338256
neural_eb,neural_bidir_seed2_eb,0.01,36,2,1,0.05205767101185975
neural_eb,neural_bidir_seed3_eb,0.01,36,2,1,0.052117762219702504
neural_eb,neural_bidir_seed4_eb,0.01,36,2,1,0.051977303610446085
summary_ridge_prior,none,0.01,0,2,2,0.09458779675860018
neural_prior,neural_bidir_seed0_prior,0.01,0,2,2,0.08715975221821282
neural_prior,neural_bidir_seed1_prior,0.01,0,2,2,0.08933660429647716
neural_prior,neural_bidir_seed2_prior,0.01,0,2,2,0.08723600035409618
neural_prior,neural_bidir_seed3_prior,0.01,0,2,2,0.08741715199539613
neural_prior,neural_bidir_seed4_prior,0.01,0,2,2,0.0868923100115353
dfe,none,0.01,32,2,2,0.06746187629616951
dfe,none,0.01,48,2,2,0.05405977389338758
summary_ridge_eb,none,0.01,20,2,2,0.06505268669901582
neural_eb,neural_bidir_seed0_eb,0.01,20,2,2,0.06310791561562712
neural_eb,neural_bidir_seed1_eb,0.01,20,2,2,0.06388785669423956
neural_eb,neural_bidir_seed2_eb,0.01,20,2,2,0.06307458421810298
neural_eb,neural_bidir_seed3_eb,0.01,20,2,2,0.06302674277669919
neural_eb,neural_bidir_seed4_eb,0.01,20,2,2,0.06293806959477583
summary_ridge_eb,none,0.01,36,2,2,0.05357083935745141
neural_eb,neural_bidir_seed0_eb,0.01,36,2,2,0.05211198041043061
neural_eb,neural_bidir_seed1_eb,0.01,36,2,2,0.05268913689558492
neural_eb,neural_bidir_seed2_eb,0.01,36,2,2,0.0520886718791818
neural_eb,neural_bidir_seed3_eb,0.01,36,2,2,0.05207325731497485
neural_eb,neural_bidir_seed4_eb,0.01,36,2,2,0.05203420892686912
summary_ridge_prior,none,0.01,0,2,3,0.09721309482149523
neural_prior,neural_bidir_seed0_prior,0.01,0,2,3,0.08663224107840506
neural_prior,neural_bidir_seed1_prior,0.01,0,2,3,0.08876817240707169
neural_prior,neural_bidir_seed2_prior,0.01,0,2,3,0.08675374972335703
neural_prior,neural_bidir_seed3_prior,0.01,0,2,3,0.08698433539939288
neural_prior,neural_bidir_seed4_prior,0.01,0,2,3,0.08637220008495206
dfe,none,0.01,32,2,3,0.06494174238450424
dfe,none,0.01,48,2,3,0.053235379312274345
summary_ridge_eb,none,0.01,20,2,3,0.06565714805336634
neural_eb,neural_bidir_seed0_eb,0.01,20,2,3,0.06323038173348487
neural_eb,neural_bidir_seed1_eb,0.01,20,2,3,0.06432338272100549
neural_eb,neural_bidir_seed2_eb,0.01,20,2,3,0.06318457038574987
neural_eb,neural_bidir_seed3_eb,0.01,20,2,3,0.06314367230251569
neural_eb,neural_bidir_seed4_eb,0.01,20,2,3,0.06293426924112125
summary_ridge_eb,none,0.01,36,2,3,0.05364382226654024
neural_eb,neural_bidir_seed0_eb,0.01,36,2,3,0.05333487629592004
neural_eb,neural_bidir_seed1_eb,0.01,36,2,3,0.05410913057288734
neural_eb,neural_bidir_seed2_eb,0.01,36,2,3,0.05327132965473151
neural_eb,neural_bidir_seed3_eb,0.01,36,2,3,0.053240424280980164
neural_eb,neural_bidir_seed4_eb,0.01,36,2,3,0.05308133946674014
summary_ridge_prior,none,0.01,0,2,4,0.09749387045933906
neural_prior,neural_bidir_seed0_prior,0.01,0,2,4,0.08669382452171703
neural_prior,neural_bidir_seed1_prior,0.01,0,2,4,0.0888381860586378
neural_prior,neural_bidir_seed2_prior,0.01,0,2,4,0.08683792756892217
neural_prior,neural_bidir_seed3_prior,0.01,0,2,4,0.08704519580896886
neural_prior,neural_bidir_seed4_prior,0.01,0,2,4,0.08646033958029875
dfe,none,0.01,32,2,4,0.06482732650087832
dfe,none,0.01,48,2,4,0.05293673069415186
summary_ridge_eb,none,0.01,20,2,4,0.06514073301617926
neural_eb,neural_bidir_seed0_eb,0.01,20,2,4,0.06190699339049968
neural_eb,neural_bidir_seed1_eb,0.01,20,2,4,0.06268607320152342
neural_eb,neural_bidir_seed2_eb,0.01,20,2,4,0.061937522900145855
neural_eb,neural_bidir_seed3_eb,0.01,20,2,4,0.06212346861270407
neural_eb,neural_bidir_seed4_eb,0.01,20,2,4,0.06175363197476967
summary_ridge_eb,none,0.01,36,2,4,0.053521272131723516
neural_eb,neural_bidir_seed0_eb,0.01,36,2,4,0.05239732736086408
neural_eb,neural_bidir_seed1_eb,0.01,36,2,4,0.05294213831302365
neural_eb,neural_bidir_seed2_eb,0.01,36,2,4,0.05244355707667557
neural_eb,neural_bidir_seed3_eb,0.01,36,2,4,0.05242454895007056
neural_eb,neural_bidir_seed4_eb,0.01,36,2,4,0.052326002535475404
summary_ridge_prior,none,0.01,0,3,0,0.09422463358295605
neural_prior,neural_bidir_seed0_prior,0.01,0,3,0,0.08852918646698527
neural_prior,neural_bidir_seed1_prior,0.01,0,3,0,0.09128201626117516
neural_prior,neural_bidir_seed2_prior,0.01,0,3,0,0.0883883189289918
neural_prior,neural_bidir_seed3_prior,0.01,0,3,0,0.08869529983894608
neural_prior,neural_bidir_seed4_prior,0.01,0,3,0,0.08801710492662096
dfe,none,0.01,32,3,0,0.06525019824948686
dfe,none,0.01,48,3,0,0.053615571369629744
summary_ridge_eb,none,0.01,20,3,0,0.0668770949683356
neural_eb,neural_bidir_seed0_eb,0.01,20,3,0,0.06394359357885222
neural_eb,neural_bidir_seed1_eb,0.01,20,3,0,0.06459338095479171
neural_eb,neural_bidir_seed2_eb,0.01,20,3,0,0.063778678464778
neural_eb,neural_bidir_seed3_eb,0.01,20,3,0,0.06395116394622
neural_eb,neural_bidir_seed4_eb,0.01,20,3,0,0.06372251466893272
summary_ridge_eb,none,0.01,36,3,0,0.0537845807627626
neural_eb,neural_bidir_seed0_eb,0.01,36,3,0,0.05227309922574329
neural_eb,neural_bidir_seed1_eb,0.01,36,3,0,0.05268643627849786
neural_eb,neural_bidir_seed2_eb,0.01,36,3,0,0.05219867313828232
neural_eb,neural_bidir_seed3_eb,0.01,36,3,0,0.05229411753466244
neural_eb,neural_bidir_seed4_eb,0.01,36,3,0,0.052150734349585316
summary_ridge_prior,none,0.01,0,3,1,0.09461998537455468
neural_prior,neural_bidir_seed0_prior,0.01,0,3,1,0.08823096053492918
neural_prior,neural_bidir_seed1_prior,0.01,0,3,1,0.09085820299333136
neural_prior,neural_bidir_seed2_prior,0.01,0,3,1,0.08807956649798143
neural_prior,neural_bidir_seed3_prior,0.01,0,3,1,0.088519363429441
neural_prior,neural_bidir_seed4_prior,0.01,0,3,1,0.08774496454680047
dfe,none,0.01,32,3,1,0.06517653849576684
dfe,none,0.01,48,3,1,0.053379080876630125
summary_ridge_eb,none,0.01,20,3,1,0.06707781461007695
neural_eb,neural_bidir_seed0_eb,0.01,20,3,1,0.06417684727143878
neural_eb,neural_bidir_seed1_eb,0.01,20,3,1,0.06468834973407975
neural_eb,neural_bidir_seed2_eb,0.01,20,3,1,0.0640592869848553
neural_eb,neural_bidir_seed3_eb,0.01,20,3,1,0.06435279936145528
neural_eb,neural_bidir_seed4_eb,0.01,20,3,1,0.06401274176683922
summary_ridge_eb,none,0.01,36,3,1,0.05335087133030352
neural_eb,neural_bidir_seed0_eb,0.01,36,3,1,0.051885263615464035
neural_eb,neural_bidir_seed1_eb,0.01,36,3,1,0.05220913965109123
neural_eb,neural_bidir_seed2_eb,0.01,36,3,1,0.05182342284272151
neural_eb,neural_bidir_seed3_eb,0.01,36,3,1,0.0519611967682245
neural_eb,neural_bidir_seed4_eb,0.01,36,3,1,0.05177800011713686
summary_ridge_prior,none,0.01,0,3,2,0.09878852226525099
neural_prior,neural_bidir_seed0_prior,0.01,0,3,2,0.09335806124545343
neural_prior,neural_bidir_seed1_prior,0.01,0,3,2,0.09596181382039504
neural_prior,neural_bidir_seed2_prior,0.01,0,3,2,0.09309425055653264
neural_prior,neural_bidir_seed3_prior,0.01,0,3,2,0.09342934602864261
neural_prior,neural_bidir_seed4_prior,0.01,0,3,2,0.09281134949378611
dfe,none,0.01,32,3,2,0.06435148532842987
dfe,none,0.01,48,3,2,0.05395227177526679
summary_ridge_eb,none,0.01,20,3,2,0.06666237782926523
neural_eb,neural_bidir_seed0_eb,0.01,20,3,2,0.06519162306670104
neural_eb,neural_bidir_seed1_eb,0.01,20,3,2,0.06583588030380749
neural_eb,neural_bidir_seed2_eb,0.01,20,3,2,0.06506184220403868
neural_eb,neural_bidir_seed3_eb,0.01,20,3,2,0.06517156213114922
neural_eb,neural_bidir_seed4_eb,0.01,20,3,2,0.06500475721907861
summary_ridge_eb,none,0.01,36,3,2,0.05372846340886702
neural_eb,neural_bidir_seed0_eb,0.01,36,3,2,0.05243614812495113
neural_eb,neural_bidir_seed1_eb,0.01,36,3,2,0.05273045288253706
neural_eb,neural_bidir_seed2_eb,0.01,36,3,2,0.052350368743885434
neural_eb,neural_bidir_seed3_eb,0.01,36,3,2,0.05245142857034206
neural_eb,neural_bidir_seed4_eb,0.01,36,3,2,0.05232251974666524
summary_ridge_prior,none,0.01,0,3,3,0.09497228405925467
neural_prior,neural_bidir_seed0_prior,0.01,0,3,3,0.08892394993563357
neural_prior,neural_bidir_seed1_prior,0.01,0,3,3,0.09161494271938864
neural_prior,neural_bidir_seed2_prior,0.01,0,3,3,0.08880114008752571
neural_prior,neural_bidir_seed3_prior,0.01,0,3,3,0.08907171939608816
neural_prior,neural_bidir_seed4_prior,0.01,0,3,3,0.08837911960108613
dfe,none,0.01,32,3,3,0.0654248708307227
dfe,none,0.01,48,3,3,0.05335498137639265
summary_ridge_eb,none,0.01,20,3,3,0.06510304251468702
neural_eb,neural_bidir_seed0_eb,0.01,20,3,3,0.06374316215855035
neural_eb,neural_bidir_seed1_eb,0.01,20,3,3,0.0643933229765069
neural_eb,neural_bidir_seed2_eb,0.01,20,3,3,0.06366946170855936
neural_eb,neural_bidir_seed3_eb,0.01,20,3,3,0.06381466104279906
neural_eb,neural_bidir_seed4_eb,0.01,20,3,3,0.06356333869747985
summary_ridge_eb,none,0.01,36,3,3,0.052115678965093976
neural_eb,neural_bidir_seed0_eb,0.01,36,3,3,0.05124429299165153
neural_eb,neural_bidir_seed1_eb,0.01,36,3,3,0.05161160164159159
neural_eb,neural_bidir_seed2_eb,0.01,36,3,3,0.051169316594783965
neural_eb,neural_bidir_seed3_eb,0.01,36,3,3,0.051235048332344754
neural_eb,neural_bidir_seed4_eb,0.01,36,3,3,0.0511272467293517
summary_ridge_prior,none,0.01,0,3,4,0.09937038945210525
neural_prior,neural_bidir_seed0_prior,0.01,0,3,4,0.09237064703302167
neural_prior,neural_bidir_seed1_prior,0.01,0,3,4,0.09492529102681146
neural_prior,neural_bidir_seed2_prior,0.01,0,3,4,0.09225796437203826
neural_prior,neural_bidir_seed3_prior,0.01,0,3,4,0.09270942236435076
neural_prior,neural_bidir_seed4_prior,0.01,0,3,4,0.09186314817452512
dfe,none,0.01,32,3,4,0.06744289119130686
dfe,none,0.01,48,3,4,0.05368526065336285
summary_ridge_eb,none,0.01,20,3,4,0.06651351658786141
neural_eb,neural_bidir_seed0_eb,0.01,20,3,4,0.06439895179103067
neural_eb,neural_bidir_seed1_eb,0.01,20,3,4,0.06490108699971606
neural_eb,neural_bidir_seed2_eb,0.01,20,3,4,0.06425778426553189
neural_eb,neural_bidir_seed3_eb,0.01,20,3,4,0.06448093996470976
neural_eb,neural_bidir_seed4_eb,0.01,20,3,4,0.06423805633821517
summary_ridge_eb,none,0.01,36,3,4,0.054283280141876625
neural_eb,neural_bidir_seed0_eb,0.01,36,3,4,0.053064482621706946
neural_eb,neural_bidir_seed1_eb,0.01,36,3,4,0.05333288076026063
neural_eb,neural_bidir_seed2_eb,0.01,36,3,4,0.05298477167905887
neural_eb,neural_bidir_seed3_eb,0.01,36,3,4,0.053175344330572444
neural_eb,neural_bidir_seed4_eb,0.01,36,3,4,0.0529401279213013
summary_ridge_prior,none,0.01,0,4,0,0.09486108969502399
neural_prior,neural_bidir_seed0_prior,0.01,0,4,0,0.08948499194048054
neural_prior,neural_bidir_seed1_prior,0.01,0,4,0,0.09184261156951834
neural_prior,neural_bidir_seed2_prior,0.01,0,4,0,0.08955338236228272
neural_prior,neural_bidir_seed3_prior,0.01,0,4,0,0.0898100165923097
neural_prior,neural_bidir_seed4_prior,0.01,0,4,0,0.08927496908108878
dfe,none,0.01,32,4,0,0.063853520267077
dfe,none,0.01,48,4,0,0.05282525545411847
summary_ridge_eb,none,0.01,20,4,0,0.06375269500316721
neural_eb,neural_bidir_seed0_eb,0.01,20,4,0,0.06281641667758998
neural_eb,neural_bidir_seed1_eb,0.01,20,4,0,0.06352762809989673
neural_eb,neural_bidir_seed2_eb,0.01,20,4,0,0.06274156273942644
neural_eb,neural_bidir_seed3_eb,0.01,20,4,0,0.06291628269536154
neural_eb,neural_bidir_seed4_eb,0.01,20,4,0,0.06268700050517402
summary_ridge_eb,none,0.01,36,4,0,0.05267239994126657
neural_eb,neural_bidir_seed0_eb,0.01,36,4,0,0.05255884810561372
neural_eb,neural_bidir_seed1_eb,0.01,36,4,0,0.052985580084847536
neural_eb,neural_bidir_seed2_eb,0.01,36,4,0,0.05251391578044805
neural_eb,neural_bidir_seed3_eb,0.01,36,4,0,0.052616105993088996
neural_eb,neural_bidir_seed4_eb,0.01,36,4,0,0.052524600566216745
summary_ridge_prior,none,0.01,0,4,1,0.09496854252067717
neural_prior,neural_bidir_seed0_prior,0.01,0,4,1,0.08987917336162354
neural_prior,neural_bidir_seed1_prior,0.01,0,4,1,0.09226673757257231
neural_prior,neural_bidir_seed2_prior,0.01,0,4,1,0.08992058888361498
neural_prior,neural_bidir_seed3_prior,0.01,0,4,1,0.09016789105044154
neural_prior,neural_bidir_seed4_prior,0.01,0,4,1,0.08969634574714291
dfe,none,0.01,32,4,1,0.06628880602685819
dfe,none,0.01,48,4,1,0.05301242881266887
summary_ridge_eb,none,0.01,20,4,1,0.06373523435831788
neural_eb,neural_bidir_seed0_eb,0.01,20,4,1,0.06305030827127951
neural_eb,neural_bidir_seed1_eb,0.01,20,4,1,0.0637102443307139
neural_eb,neural_bidir_seed2_eb,0.01,20,4,1,0.06300706062304409
neural_eb,neural_bidir_seed3_eb,0.01,20,4,1,0.06312367357542531
neural_eb,neural_bidir_seed4_eb,0.01,20,4,1,0.06296262782515558
summary_ridge_eb,none,0.01,36,4,1,0.052767832682629086
neural_eb,neural_bidir_seed0_eb,0.01,36,4,1,0.051935638206210964
neural_eb,neural_bidir_seed1_eb,0.01,36,4,1,0.05236702914596308
neural_eb,neural_bidir_seed2_eb,0.01,36,4,1,0.05193163389061957
neural_eb,neural_bidir_seed3_eb,0.01,36,4,1,0.05196472795542561
neural_eb,neural_bidir_seed4_eb,0.01,36,4,1,0.051891849157688574
summary_ridge_prior,none,0.01,0,4,2,0.09580289649222615
neural_prior,neural_bidir_seed0_prior,0.01,0,4,2,0.08995353470345435
neural_prior,neural_bidir_seed1_prior,0.01,0,4,2,0.09251876741291198
neural_prior,neural_bidir_seed2_prior,0.01,0,4,2,0.09009687178149761
neural_prior,neural_bidir_seed3_prior,0.01,0,4,2,0.09033273436762101
neural_prior,neural_bidir_seed4_prior,0.01,0,4,2,0.08979168255427794
dfe,none,0.01,32,4,2,0.06467598766435653
dfe,none,0.01,48,4,2,0.05381877394529201
summary_ridge_eb,none,0.01,20,4,2,0.06487389636337379
neural_eb,neural_bidir_seed0_eb,0.01,20,4,2,0.062025594199962966
neural_eb,neural_bidir_seed1_eb,0.01,20,4,2,0.06273781245884852
neural_eb,neural_bidir_seed2_eb,0.01,20,4,2,0.06205731760549176
neural_eb,neural_bidir_seed3_eb,0.01,20,4,2,0.0621152157562674
neural_eb,neural_bidir_seed4_eb,0.01,20,4,2,0.061870072801684654
summary_ridge_eb,none,0.01,36,4,2,0.05415245289906311
neural_eb,neural_bidir_seed0_eb,0.01,36,4,2,0.05228874451270503
neural_eb,neural_bidir_seed1_eb,0.01,36,4,2,0.05271260897405247
neural_eb,neural_bidir_seed2_eb,0.01,36,4,2,0.052255216366116866
neural_eb,neural_bidir_seed3_eb,0.01,36,4,2,0.05233289387051353
neural_eb,neural_bidir_seed4_eb,0.01,36,4,2,0.052198730360251064
summary_ridge_prior,none,0.01,0,4,3,0.09625948128921777
neural_prior,neural_bidir_seed0_prior,0.01,0,4,3,0.08888327263957763
neural_prior,neural_bidir_seed1_prior,0.01,0,4,3,0.09142544606402225
neural_prior,neural_bidir_seed2_prior,0.01,0,4,3,0.08898129645785957
neural_prior,neural_bidir_seed3_prior,0.01,0,4,3,0.08914143232505012
neural_prior,neural_bidir_seed4_prior,0.01,0,4,3,0.08875613274540228
dfe,none,0.01,32,4,3,0.06494076806759078
dfe,none,0.01,48,4,3,0.053850960788523625
summary_ridge_eb,none,0.01,20,4,3,0.06675005954900542
neural_eb,neural_bidir_seed0_eb,0.01,20,4,3,0.06455206167737582
neural_eb,neural_bidir_seed1_eb,0.01,20,4,3,0.06537572181089829
neural_eb,neural_bidir_seed2_eb,0.01,20,4,3,0.06456352581082062
neural_eb,neural_bidir_seed3_eb,0.01,20,4,3,0.06452062415810053
neural_eb,neural_bidir_seed4_eb,0.01,20,4,3,0.06441068017037231
summary_ridge_eb,none,0.01,36,4,3,0.05405393437433244
neural_eb,neural_bidir_seed0_eb,0.01,36,4,3,0.051981892441976325
neural_eb,neural_bidir_seed1_eb,0.01,36,4,3,0.05247834185145222
neural_eb,neural_bidir_seed2_eb,0.01,36,4,3,0.051966756688631266
neural_eb,neural_bidir_seed3_eb,0.01,36,4,3,0.05190819252875618
neural_eb,neural_bidir_seed4_eb,0.01,36,4,3,0.05194397609454019
summary_ridge_prior,none,0.01,0,4,4,0.096413501084228
neural_prior,neural_bidir_seed0_prior,0.01,0,4,4,0.08845984338222479
neural_prior,neural_bidir_seed1_prior,0.01,0,4,4,0.09097884202310524
neural_prior,neural_bidir_seed2_prior,0.01,0,4,4,0.08864582933711063
neural_prior,neural_bidir_seed3_prior,0.01,0,4,4,0.08887730429523799
neural_prior,neural_bidir_seed4_prior,0.01,0,4,4,0.08830831138584472
dfe,none,0.01,32,4,4,0.06612617029283258
dfe,none,0.01,48,4,4,0.05316254913127925
summary_ridge_eb,none,0.01,20,4,4,0.0641234283098649
neural_eb,neural_bidir_seed0_eb,0.01,20,4,4,0.061350010412662886
neural_eb,neural_bidir_seed1_eb,0.01,20,4,4,0.062114777814002715
neural_eb,neural_bidir_seed2_eb,0.01,20,4,4,0.061344372274851344
neural_eb,neural_bidir_seed3_eb,0.01,20,4,4,0.061416315385662126
neural_eb,neural_bidir_seed4_eb,0.01,20,4,4,0.06127125253162033
summary_ridge_eb,none,0.01,36,4,4,0.05261089809521444
neural_eb,neural_bidir_seed0_eb,0.01,36,4,4,0.05171005395435876
neural_eb,neural_bidir_seed1_eb,0.01,36,4,4,0.05221123725683615
neural_eb,neural_bidir_seed2_eb,0.01,36,4,4,0.05172592542363444
neural_eb,neural_bidir_seed3_eb,0.01,36,4,4,0.05172597420073121
neural_eb,neural_bidir_seed4_eb,0.01,36,4,4,0.05162774219236682
summary_ridge_prior,none,0.01,0,5,0,0.10069154025912204
neural_prior,neural_bidir_seed0_prior,0.01,0,5,0,0.08813098861537583
neural_prior,neural_bidir_seed1_prior,0.01,0,5,0,0.0909071484766173
neural_prior,neural_bidir_seed2_prior,0.01,0,5,0,0.0881600426928344
neural_prior,neural_bidir_seed3_prior,0.01,0,5,0,0.0882765958795062
neural_prior,neural_bidir_seed4_prior,0.01,0,5,0,0.0875035886256228
dfe,none,0.01,32,5,0,0.06622907687934848
dfe,none,0.01,48,5,0,0.05398848948669208
summary_ridge_eb,none,0.01,20,5,0,0.06663535122701655
neural_eb,neural_bidir_seed0_eb,0.01,20,5,0,0.0629844805683068
neural_eb,neural_bidir_seed1_eb,0.01,20,5,0,0.06373620051298999
neural_eb,neural_bidir_seed2_eb,0.01,20,5,0,0.06300287987719186
neural_eb,neural_bidir_seed3_eb,0.01,20,5,0,0.06310948596693819
neural_eb,neural_bidir_seed4_eb,0.01,20,5,0,0.06282030969355254
summary_ridge_eb,none,0.01,36,5,0,0.05407096010019299
neural_eb,neural_bidir_seed0_eb,0.01,36,5,0,0.051802569313523644
neural_eb,neural_bidir_seed1_eb,0.01,36,5,0,0.05216817468065362
neural_eb,neural_bidir_seed2_eb,0.01,36,5,0,0.05179279078103238
neural_eb,neural_bidir_seed3_eb,0.01,36,5,0,0.05192686004195374
neural_eb,neural_bidir_seed4_eb,0.01,36,5,0,0.05172770888616977
summary_ridge_prior,none,0.01,0,5,1,0.10323768918086987
neural_prior,neural_bidir_seed0_prior,0.01,0,5,1,0.0887467895536247
neural_prior,neural_bidir_seed1_prior,0.01,0,5,1,0.09140822399240278
neural_prior,neural_bidir_seed2_prior,0.01,0,5,1,0.08875664643892378
neural_prior,neural_bidir_seed3_prior,0.01,0,5,1,0.0889104799443885
neural_prior,neural_bidir_seed4_prior,0.01,0,5,1,0.08807216193417844
dfe,none,0.01,32,5,1,0.06533142368124925
dfe,none,0.01,48,5,1,0.05483415811227596
summary_ridge_eb,none,0.01,20,5,1,0.06660579897515906
neural_eb,neural_bidir_seed0_eb,0.01,20,5,1,0.06339191707376773
neural_eb,neural_bidir_seed1_eb,0.01,20,5,1,0.0641752343896842
neural_eb,neural_bidir_seed2_eb,0.01,20,5,1,0.06333250491346795
neural_eb,neural_bidir_seed3_eb,0.01,20,5,1,0.06345645318708291
neural_eb,neural_bidir_seed4_eb,0.01,20,5,1,0.06321616837347857
summary_ridge_eb,none,0.01,36,5,1,0.054524188383733324
neural_eb,neural_bidir_seed0_eb,0.01,36,5,1,0.05229367956654685
neural_eb,neural_bidir_seed1_eb,0.01,36,5,1,0.05270152779769008
neural_eb,neural_bidir_seed2_eb,0.01,36,5,1,0.052292823423542946
neural_eb,neural_bidir_seed3_eb,0.01,36,5,1,0.05237577654588303
neural_eb,neural_bidir_seed4_eb,0.01,36,5,1,0.05215432561631367
summary_ridge_prior,none,0.01,0,5,2,0.10614297993415073
neural_prior,neural_bidir_seed0_prior,0.01,0,5,2,0.09111771423158643
neural_prior,neural_bidir_seed1_prior,0.01,0,5,2,0.0939537317626673
neural_prior,neural_bidir_seed2_prior,0.01,0,5,2,0.09106838528350636
neural_prior,neural_bidir_seed3_prior,0.01,0,5,2,0.09113290632922144
neural_prior,neural_bidir_seed4_prior,0.01,0,5,2,0.09010520478295803
dfe,none,0.01,32,5,2,0.06604680583638713
dfe,none,0.01,48,5,2,0.053700742694122304
summary_ridge_eb,none,0.01,20,5,2,0.06759004837348279
neural_eb,neural_bidir_seed0_eb,0.01,20,5,2,0.0638307278917164
neural_eb,neural_bidir_seed1_eb,0.01,20,5,2,0.06465957322981947
neural_eb,neural_bidir_seed2_eb,0.01,20,5,2,0.06375653597562651
neural_eb,neural_bidir_seed3_eb,0.01,20,5,2,0.06382516338832875
neural_eb,neural_bidir_seed4_eb,0.01,20,5,2,0.06358487793239978
summary_ridge_eb,none,0.01,36,5,2,0.05423098711850529
neural_eb,neural_bidir_seed0_eb,0.01,36,5,2,0.05247472841570411
neural_eb,neural_bidir_seed1_eb,0.01,36,5,2,0.05298792155365445
neural_eb,neural_bidir_seed2_eb,0.01,36,5,2,0.05244260929795691
neural_eb,neural_bidir_seed3_eb,0.01,36,5,2,0.052449362508174224
neural_eb,neural_bidir_seed4_eb,0.01,36,5,2,0.05235496609305642
summary_ridge_prior,none,0.01,0,5,3,0.10605696498761466
neural_prior,neural_bidir_seed0_prior,0.01,0,5,3,0.09446840393320599
neural_prior,neural_bidir_seed1_prior,0.01,0,5,3,0.09741190897148044
neural_prior,neural_bidir_seed2_prior,0.01,0,5,3,0.09446465724431619
neural_prior,neural_bidir_seed3_prior,0.01,0,5,3,0.09430633260308241
neural_prior,neural_bidir_seed4_prior,0.01,0,5,3,0.09358697751849832
dfe,none,0.01,32,5,3,0.06650459960065763
dfe,none,0.01,48,5,3,0.05401367503124557
summary_ridge_eb,none,0.01,20,5,3,0.06747734089173305
neural_eb,neural_bidir_seed0_eb,0.01,20,5,3,0.06415183889445042
neural_eb,neural_bidir_seed1_eb,0.01,20,5,3,0.06491563644213727
neural_eb,neural_bidir_seed2_eb,0.01,20,5,3,0.06413819065188267
neural_eb,neural_bidir_seed3_eb,0.01,20,5,3,0.06423096482868107
neural_eb,neural_bidir_seed4_eb,0.01,20,5,3,0.0638552516525695
summary_ridge_eb,none,0.01,36,5,3,0.054131470971364504
neural_eb,neural_bidir_seed0_eb,0.01,36,5,3,0.05232211860903513
neural_eb,neural_bidir_seed1_eb,0.01,36,5,3,0.052786604369949586
neural_eb,neural_bidir_seed2_eb,0.01,36,5,3,0.052320049388163134
neural_eb,neural_bidir_seed3_eb,0.01,36,5,3,0.05240784785472518
neural_eb,neural_bidir_seed4_eb,0.01,36,5,3,0.052196969099694984
summary_ridge_prior,none,0.01,0,5,4,0.10473647130723285
neural_prior,neural_bidir_seed0_prior,0.01,0,5,4,0.09019558776890335
neural_prior,neural_bidir_seed1_prior,0.01,0,5,4,0.09305580155887583
neural_prior,neural_bidir_seed2_prior,0.01,0,5,4,0.09020208802940033
neural_prior,neural_bidir_seed3_prior,0.01,0,5,4,0.09027786063779786
neural_prior,neural_bidir_seed4_prior,0.01,0,5,4,0.0893618104437337
dfe,none,0.01,32,5,4,0.06525546475666265
dfe,none,0.01,48,5,4,0.052907056433926666
summary_ridge_eb,none,0.01,20,5,4,0.06794073884507737
neural_eb,neural_bidir_seed0_eb,0.01,20,5,4,0.06398635656641086
neural_eb,neural_bidir_seed1_eb,0.01,20,5,4,0.06472460052255824
neural_eb,neural_bidir_seed2_eb,0.01,20,5,4,0.06392400350202238
neural_eb,neural_bidir_seed3_eb,0.01,20,5,4,0.06397609628512282
neural_eb,neural_bidir_seed4_eb,0.01,20,5,4,0.06369904416565382
summary_ridge_eb,none,0.01,36,5,4,0.053512391337061
neural_eb,neural_bidir_seed0_eb,0.01,36,5,4,0.05172627747294023
neural_eb,neural_bidir_seed1_eb,0.01,36,5,4,0.052165083138004754
neural_eb,neural_bidir_seed2_eb,0.01,36,5,4,0.05165008370218792
neural_eb,neural_bidir_seed3_eb,0.01,36,5,4,0.05165550932330323
neural_eb,neural_bidir_seed4_eb,0.01,36,5,4,0.05156085782750168
summary_ridge_prior,none,0.01,0,6,0,0.09665126878083419
neural_prior,neural_bidir_seed0_prior,0.01,0,6,0,0.08823949017642008
neural_prior,neural_bidir_seed1_prior,0.01,0,6,0,0.09058683043076599
neural_prior,neural_bidir_seed2_prior,0.01,0,6,0,0.0882811926476279
neural_prior,neural_bidir_seed3_prior,0.01,0,6,0,0.08876048049387464
neural_prior,neural_bidir_seed4_prior,0.01,0,6,0,0.0878059379519982
dfe,none,0.01,32,6,0,0.06649065818961317
dfe,none,0.01,48,6,0,0.05327391395260493
summary_ridge_eb,none,0.01,20,6,0,0.06410136854307227
neural_eb,neural_bidir_seed0_eb,0.01,20,6,0,0.06251352305056923
neural_eb,neural_bidir_seed1_eb,0.01,20,6,0,0.06332721209298962
neural_eb,neural_bidir_seed2_eb,0.01,20,6,0,0.06251486100318368
neural_eb,neural_bidir_seed3_eb,0.01,20,6,0,0.06264365708871412
neural_eb,neural_bidir_seed4_eb,0.01,20,6,0,0.06242252531480123
summary_ridge_eb,none,0.01,36,6,0,0.05289996533178916
neural_eb,neural_bidir_seed0_eb,0.01,36,6,0,0.05192154577556969
neural_eb,neural_bidir_seed1_eb,0.01,36,6,0,0.05234976426237751
neural_eb,neural_bidir_seed2_eb,0.01,36,6,0,0.05186543047921594
neural_eb,neural_bidir_seed3_eb,0.01,36,6,0,0.05195612501368063
neural_eb,neural_bidir_seed4_eb,0.01,36,6,0,0.05183527883455437
summary_ridge_prior,none,0.01,0,6,1,0.09907918810975964
neural_prior,neural_bidir_seed0_prior,0.01,0,6,1,0.09142555034304678
neural_prior,neural_bidir_seed1_prior,0.01,0,6,1,0.09389739468133484
neural_prior,neural_bidir_seed2_prior,0.01,0,6,1,0.09141755477867264
neural_prior,neural_bidir_seed3_prior,0.01,0,6,1,0.09197531728386821
neural_prior,neural_bidir_seed4_prior,0.01,0,6,1,0.09091404154423799
dfe,none,0.01,32,6,1,0.06621545655208155
dfe,none,0.01,48,6,1,0.05387832928812911
summary_ridge_eb,none,0.01,20,6,1,0.06435081512666187
neural_eb,neural_bidir_seed0_eb,0.01,20,6,1,0.06292331302708418
neural_eb,neural_bidir_seed1_eb,0.01,20,6,1,0.06369940885558156
neural_eb,neural_bidir_seed2_eb,0.01,20,6,1,0.06284872473035871
neural_eb,neural_bidir_seed3_eb,0.01,20,6,1,0.06299080546206738
neural_eb,neural_bidir_seed4_eb,0.01,20,6,1,0.0627810210051674
summary_ridge_eb,none,0.01,36,6,1,0.05227424752456667
neural_eb,neural_bidir_seed0_eb,0.01,36,6,1,0.05161679166402014
neural_eb,neural_bidir_seed1_eb,0.01,36,6,1,0.05203291892199078
neural_eb,neural_bidir_seed2_eb,0.01,36,6,1,0.05158121405132346
neural_eb,neural_bidir_seed3_eb,0.01,36,6,1,0.0516500157590991
neural_eb,neural_bidir_seed4_eb,0.01,36,6,1,0.05151953540493383
summary_ridge_prior,none,0.01,0,6,2,0.099769418699934
neural_prior,neural_bidir_seed0_prior,0.01,0,6,2,0.09115367362937832
neural_prior,neural_bidir_seed1_prior,0.01,0,6,2,0.09352169543672062
neural_prior,neural_bidir_seed2_prior,0.01,0,6,2,0.09111554787341447
neural_prior,neural_bidir_seed3_prior,0.01,0,6,2,0.09171321962458023
neural_prior,neural_bidir_seed4_prior,0.01,0,6,2,0.09063039037391718
dfe,none,0.01,32,6,2,0.06488571327081073
dfe,none,0.01,48,6,2,0.05313978201199777
summary_ridge_eb,none,0.01,20,6,2,0.06427471063287242
neural_eb,neural_bidir_seed0_eb,0.01,20,6,2,0.0624899280835452
neural_eb,neural_bidir_seed1_eb,0.01,20,6,2,0.06326285474221938
neural_eb,neural_bidir_seed2_eb,0.01,20,6,2,0.062418059543267394
neural_eb,neural_bidir_seed3_eb,0.01,20,6,2,0.0625393126560537
neural_eb,neural_bidir_seed4_eb,0.01,20,6,2,0.06236106965094082
summary_ridge_eb,none,0.01,36,6,2,0.05391539741548497
neural_eb,neural_bidir_seed0_eb,0.01,36,6,2,0.05273001687632112
neural_eb,neural_bidir_seed1_eb,0.01,36,6,2,0.053228006161814057
neural_eb,neural_bidir_seed2_eb,0.01,36,6,2,0.05270269911093373
neural_eb,neural_bidir_seed3_eb,0.01,36,6,2,0.05275223580828876
neural_eb,neural_bidir_seed4_eb,0.01,36,6,2,0.05264523783411575
summary_ridge_prior,none,0.01,0,6,3,0.0955788848721452
neural_prior,neural_bidir_seed0_prior,0.01,0,6,3,0.08798602931165078
neural_prior,neural_bidir_seed1_prior,0.01,0,6,3,0.09039599047355296
neural_prior,neural_bidir_seed2_prior,0.01,0,6,3,0.08801597227829916
neural_prior,neural_bidir_seed3_prior,0.01,0,6,3,0.08843305355367193
neural_prior,neural_bidir_seed4_prior,0.01,0,6,3,0.08753288758998679
dfe,none,0.01,32,6,3,0.06433805823790138
dfe,none,0.01,48,6,3,0.05323019345989302
summary_ridge_eb,none,0.01,20,6,3,0.06366666701627224
neural_eb,neural_bidir_seed0_eb,0.01,20,6,3,0.062396939525068584
neural_eb,neural_bidir_seed1_eb,0.01,20,6,3,0.06316346909542754
neural_eb,neural_bidir_seed2_eb,0.01,20,6,3,0.06238168786990232
neural_eb,neural_bidir_seed3_eb,0.01,20,6,3,0.06247701758054031
neural_eb,neural_bidir_seed4_eb,0.01,20,6,3,0.062266092803928016
summary_ridge_eb,none,0.01,36,6,3,0.05271106321228494
neural_eb,neural_bidir_seed0_eb,0.01,36,6,3,0.05143747595238104
neural_eb,neural_bidir_seed1_eb,0.01,36,6,3,0.051826784829482664
neural_eb,neural_bidir_seed2_eb,0.01,36,6,3,0.051423408246348085
neural_eb,neural_bidir_seed3_eb,0.01,36,6,3,0.05154984007243938
neural_eb,neural_bidir_seed4_eb,0.01,36,6,3,0.051346143835378576
summary_ridge_prior,none,0.01,0,6,4,0.09835765234945883
neural_prior,neural_bidir_seed0_prior,0.01,0,6,4,0.091823816552278
neural_prior,neural_bidir_seed1_prior,0.01,0,6,4,0.0941237959832506
neural_prior,neural_bidir_seed2_prior,0.01,0,6,4,0.09174111275024188
neural_prior,neural_bidir_seed3_prior,0.01,0,6,4,0.0924397144899558
neural_prior,neural_bidir_seed4_prior,0.01,0,6,4,0.09145564026221109
dfe,none,0.01,32,6,4,0.064820942874316
dfe,none,0.01,48,6,4,0.053120606055623895
summary_ridge_eb,none,0.01,20,6,4,0.06472052281885021
neural_eb,neural_bidir_seed0_eb,0.01,20,6,4,0.06314528909942946
neural_eb,neural_bidir_seed1_eb,0.01,20,6,4,0.06389950822555156
neural_eb,neural_bidir_seed2_eb,0.01,20,6,4,0.06314667290099543
neural_eb,neural_bidir_seed3_eb,0.01,20,6,4,0.06334848368658313
neural_eb,neural_bidir_seed4_eb,0.01,20,6,4,0.06308636872921095
summary_ridge_eb,none,0.01,36,6,4,0.05176520070906146
neural_eb,neural_bidir_seed0_eb,0.01,36,6,4,0.05136776586143103
neural_eb,neural_bidir_seed1_eb,0.01,36,6,4,0.05179815839876142
neural_eb,neural_bidir_seed2_eb,0.01,36,6,4,0.05133803340601166
neural_eb,neural_bidir_seed3_eb,0.01,36,6,4,0.05141565435905548
neural_eb,neural_bidir_seed4_eb,0.01,36,6,4,0.05133090437577023
summary_ridge_prior,none,0.01,0,7,0,0.09581149645682964
neural_prior,neural_bidir_seed0_prior,0.01,0,7,0,0.09762259721719602
neural_prior,neural_bidir_seed1_prior,0.01,0,7,0,0.10064271055125573
neural_prior,neural_bidir_seed2_prior,0.01,0,7,0,0.09762859646252764
neural_prior,neural_bidir_seed3_prior,0.01,0,7,0,0.09746082402671163
neural_prior,neural_bidir_seed4_prior,0.01,0,7,0,0.09673011326776759
dfe,none,0.01,32,7,0,0.06407429806324438
dfe,none,0.01,48,7,0,0.05383323855754238
summary_ridge_eb,none,0.01,20,7,0,0.06328997856242821
neural_eb,neural_bidir_seed0_eb,0.01,20,7,0,0.06388896086804333
neural_eb,neural_bidir_seed1_eb,0.01,20,7,0,0.06466062183052043
neural_eb,neural_bidir_seed2_eb,0.01,20,7,0,0.0638806337601378
neural_eb,neural_bidir_seed3_eb,0.01,20,7,0,0.06387460762144462
neural_eb,neural_bidir_seed4_eb,0.01,20,7,0,0.06366754061118993
summary_ridge_eb,none,0.01,36,7,0,0.05131332865188697
neural_eb,neural_bidir_seed0_eb,0.01,36,7,0,0.0517403050489603
neural_eb,neural_bidir_seed1_eb,0.01,36,7,0,0.05215558846873646
neural_eb,neural_bidir_seed2_eb,0.01,36,7,0,0.051727934666197434
neural_eb,neural_bidir_seed3_eb,0.01,36,7,0,0.051777190218863726
neural_eb,neural_bidir_seed4_eb,0.01,36,7,0,0.05166375589890185
summary_ridge_prior,none,0.01,0,7,1,0.09491969008747744
neural_prior,neural_bidir_seed0_prior,0.01,0,7,1,0.09481163446434948
neural_prior,neural_bidir_seed1_prior,0.01,0,7,1,0.09776952548236295
neural_prior,neural_bidir_seed2_prior,0.01,0,7,1,0.09487228095349565
neural_prior,neural_bidir_seed3_prior,0.01,0,7,1,0.09493844416101638
neural_prior,neural_bidir_seed4_prior,0.01,0,7,1,0.09380011900611862
dfe,none,0.01,32,7,1,0.06699912304021399
dfe,none,0.01,48,7,1,0.05334654308806383
summary_ridge_eb,none,0.01,20,7,1,0.063187579996024
neural_eb,neural_bidir_seed0_eb,0.01,20,7,1,0.06391107521998723
neural_eb,neural_bidir_seed1_eb,0.01,20,7,1,0.06468959757348564
neural_eb,neural_bidir_seed2_eb,0.01,20,7,1,0.06391367851961467
neural_eb,neural_bidir_seed3_eb,0.01,20,7,1,0.06391462236397008
neural_eb,neural_bidir_seed4_eb,0.01,20,7,1,0.06363436201412069
summary_ridge_eb,none,0.01,36,7,1,0.0522267814055191
neural_eb,neural_bidir_seed0_eb,0.01,36,7,1,0.05270040960841395
neural_eb,neural_bidir_seed1_eb,0.01,36,7,1,0.053163004338193084
neural_eb,neural_bidir_seed2_eb,0.01,36,7,1,0.05273870655879659
neural_eb,neural_bidir_seed3_eb,0.01,36,7,1,0.05272463927750686
neural_eb,neural_bidir_seed4_eb,0.01,36,7,1,0.05257868759208387
summary_ridge_prior,none,0.01,0,7,2,0.0953628186935637
neural_prior,neural_bidir_seed0_prior,0.01,0,7,2,0.09628504325337417
neural_prior,neural_bidir_seed1_prior,0.01,0,7,2,0.0992868448356603
neural_prior,neural_bidir_seed2_prior,0.01,0,7,2,0.0962791554757132
neural_prior,neural_bidir_seed3_prior,0.01,0,7,2,0.09611111239610182
neural_prior,neural_bidir_seed4_prior,0.01,0,7,2,0.09529842380834452
dfe,none,0.01,32,7,2,0.06692545954899046
dfe,none,0.01,48,7,2,0.05381575269989082
summary_ridge_eb,none,0.01,20,7,2,0.06309732799140892
neural_eb,neural_bidir_seed0_eb,0.01,20,7,2,0.06316377760163726
neural_eb,neural_bidir_seed1_eb,0.01,20,7,2,0.06397877998808718
neural_eb,neural_bidir_seed2_eb,0.01,20,7,2,0.06323739464147439
neural_eb,neural_bidir_seed3_eb,0.01,20,7,2,0.0631290339318705
neural_eb,neural_bidir_seed4_eb,0.01,20,7,2,0.06290245437826682
summary_ridge_eb,none,0.01,36,7,2,0.05233681865447101
neural_eb,neural_bidir_seed0_eb,0.01,36,7,2,0.05316276996410497
neural_eb,neural_bidir_seed1_eb,0.01,36,7,2,0.05364843546821213
neural_eb,neural_bidir_seed2_eb,0.01,36,7,2,0.053183116530701
neural_eb,neural_bidir_seed3_eb,0.01,36,7,2,0.05314190719150756
neural_eb,neural_bidir_seed4_eb,0.01,36,7,2,0.05304108087370489
summary_ridge_prior,none,0.01,0,7,3,0.09539433759879053
neural_prior,neural_bidir_seed0_prior,0.01,0,7,3,0.09582040036730177
neural_prior,neural_bidir_seed1_prior,0.01,0,7,3,0.0987589225096599
neural_prior,neural_bidir_seed2_prior,0.01,0,7,3,0.09576898738851014
neural_prior,neural_bidir_seed3_prior,0.01,0,7,3,0.09582720717844495
neural_prior,neural_bidir_seed4_prior,0.01,0,7,3,0.09479807074058044
dfe,none,0.01,32,7,3,0.06488526518014437
dfe,none,0.01,48,7,3,0.05456253047135401
summary_ridge_eb,none,0.01,20,7,3,0.06282315420121712
neural_eb,neural_bidir_seed0_eb,0.01,20,7,3,0.06356566904083927
neural_eb,neural_bidir_seed1_eb,0.01,20,7,3,0.06422560395462562
neural_eb,neural_bidir_seed2_eb,0.01,20,7,3,0.06355691046883817
neural_eb,neural_bidir_seed3_eb,0.01,20,7,3,0.0635757650369031
neural_eb,neural_bidir_seed4_eb,0.01,20,7,3,0.06329551188781977
summary_ridge_eb,none,0.01,36,7,3,0.051504760848209506
neural_eb,neural_bidir_seed0_eb,0.01,36,7,3,0.05253182071959102
neural_eb,neural_bidir_seed1_eb,0.01,36,7,3,0.05291576390611408
neural_eb,neural_bidir_seed2_eb,0.01,36,7,3,0.05252858460589487
neural_eb,neural_bidir_seed3_eb,0.01,36,7,3,0.05252452629778943
neural_eb,neural_bidir_seed4_eb,0.01,36,7,3,0.052384441877479815
summary_ridge_prior,none,0.01,0,7,4,0.09717800286189777
neural_prior,neural_bidir_seed0_prior,0.01,0,7,4,0.09644647369532322
neural_prior,neural_bidir_seed1_prior,0.01,0,7,4,0.09935228122594708
neural_prior,neural_bidir_seed2_prior,0.01,0,7,4,0.09634908892439853
neural_prior,neural_bidir_seed3_prior,0.01,0,7,4,0.09634451534475375
neural_prior,neural_bidir_seed4_prior,0.01,0,7,4,0.09536498648776615
dfe,none,0.01,32,7,4,0.06560430834320052
dfe,none,0.01,48,7,4,0.054030034390479514
summary_ridge_eb,none,0.01,20,7,4,0.06403298675888586
neural_eb,neural_bidir_seed0_eb,0.01,20,7,4,0.06504458472702022
neural_eb,neural_bidir_seed1_eb,0.01,20,7,4,0.06588597897481757
neural_eb,neural_bidir_seed2_eb,0.01,20,7,4,0.06505477179882571
neural_eb,neural_bidir_seed3_eb,0.01,20,7,4,0.06500644264903527
neural_eb,neural_bidir_seed4_eb,0.01,20,7,4,0.06475304319133063
summary_ridge_eb,none,0.01,36,7,4,0.051023177610607366
neural_eb,neural_bidir_seed0_eb,0.01,36,7,4,0.05140302414644211
neural_eb,neural_bidir_seed1_eb,0.01,36,7,4,0.051900011252811004
neural_eb,neural_bidir_seed2_eb,0.01,36,7,4,0.05140542523235647
neural_eb,neural_bidir_seed3_eb,0.01,36,7,4,0.051336480709560456
neural_eb,neural_bidir_seed4_eb,0.01,36,7,4,0.05127963908886367
summary_ridge_prior,none,0.01,0,8,0,0.10819352196110707
neural_prior,neural_bidir_seed0_prior,0.01,0,8,0,0.09113260086269293
neural_prior,neural_bidir_seed1_prior,0.01,0,8,0,0.09422278070451284
neural_prior,neural_bidir_seed2_prior,0.01,0,8,0,0.09127465318852046
neural_prior,neural_bidir_seed3_prior,0.01,0,8,0,0.0914052328789694
neural_prior,neural_bidir_seed4_prior,0.01,0,8,0,0.09087075478419138
dfe,none,0.01,32,8,0,0.06475094388038923
dfe,none,0.01,48,8,0,0.05389709936759394
summary_ridge_eb,none,0.01,20,8,0,0.06861745788070386
neural_eb,neural_bidir_seed0_eb,0.01,20,8,0,0.06392635730958525
neural_eb,neural_bidir_seed1_eb,0.01,20,8,0,0.06470752285127057
neural_eb,neural_bidir_seed2_eb,0.01,20,8,0,0.06390778394266144
neural_eb,neural_bidir_seed3_eb,0.01,20,8,0,0.06416136540174125
neural_eb,neural_bidir_seed4_eb,0.01,20,8,0,0.06378168109240087
summary_ridge_eb,none,0.01,36,8,0,0.05437662271565627
neural_eb,neural_bidir_seed0_eb,0.01,36,8,0,0.05218499928626603
neural_eb,neural_bidir_seed1_eb,0.01,36,8,0,0.052661661151352866
neural_eb,neural_bidir_seed2_eb,0.01,36,8,0,0.052172733422652315
neural_eb,neural_bidir_seed3_eb,0.01,36,8,0,0.05225570313942837
neural_eb,neural_bidir_seed4_eb,0.01,36,8,0,0.05212832262602022
summary_ridge_prior,none,0.01,0,8,1,0.10705630624803548
neural_prior,neural_bidir_seed0_prior,0.01,0,8,1,0.09546208290521463
neural_prior,neural_bidir_seed1_prior,0.01,0,8,1,0.09839595421908598
neural_prior,neural_bidir_seed2_prior,0.01,0,8,1,0.09543564113664615
neural_prior,neural_bidir_seed3_prior,0.01,0,8,1,0.09548318174893211
neural_prior,neural_bidir_seed4_prior,0.01,0,8,1,0.09513842323030985
dfe,none,0.01,32,8,1,0.06525037791441125
dfe,none,0.01,48,8,1,0.052940991207295306
summary_ridge_eb,none,0.01,20,8,1,0.06802869603106165
neural_eb,neural_bidir_seed0_eb,0.01,20,8,1,0.06428058879818115
neural_eb,neural_bidir_seed1_eb,0.01,20,8,1,0.06511927159623351
neural_eb,neural_bidir_seed2_eb,0.01,20,8,1,0.06427910961023904
neural_eb,neural_bidir_seed3_eb,0.01,20,8,1,0.06441034957320257
neural_eb,neural_bidir_seed4_eb,0.01,20,8,1,0.06419978589350364
summary_ridge_eb,none,0.01,36,8,1,0.054798514358022576
neural_eb,neural_bidir_seed0_eb,0.01,36,8,1,0.05264568277195954
neural_eb,neural_bidir_seed1_eb,0.01,36,8,1,0.05311456449126317
neural_eb,neural_bidir_seed2_eb,0.01,36,8,1,0.05268945735286654
neural_eb,neural_bidir_seed3_eb,0.01,36,8,1,0.05278080749007806
neural_eb,neural_bidir_seed4_eb,0.01,36,8,1,0.05260535730538251
summary_ridge_prior,none,0.01,0,8,2,0.10969778315295428
neural_prior,neural_bidir_seed0_prior,0.01,0,8,2,0.09446633812876826
neural_prior,neural_bidir_seed1_prior,0.01,0,8,2,0.09746353595073742
neural_prior,neural_bidir_seed2_prior,0.01,0,8,2,0.09450043226206617
neural_prior,neural_bidir_seed3_prior,0.01,0,8,2,0.09477884430634731
neural_prior,neural_bidir_seed4_prior,0.01,0,8,2,0.09428119249605516
dfe,none,0.01,32,8,2,0.06443594648816522
dfe,none,0.01,48,8,2,0.054002958451524224
summary_ridge_eb,none,0.01,20,8,2,0.06773046637358127
neural_eb,neural_bidir_seed0_eb,0.01,20,8,2,0.06316034782672306
neural_eb,neural_bidir_seed1_eb,0.01,20,8,2,0.06388724600042082
neural_eb,neural_bidir_seed2_eb,0.01,20,8,2,0.06314641639572452
neural_eb,neural_bidir_seed3_eb,0.01,20,8,2,0.06325667907216176
neural_eb,neural_bidir_seed4_eb,0.01,20,8,2,0.06304687485868393
summary_ridge_eb,none,0.01,36,8,2,0.05408269771368769
neural_eb,neural_bidir_seed0_eb,0.01,36,8,2,0.0515119834927686
neural_eb,neural_bidir_seed1_eb,0.01,36,8,2,0.05193204354252501
neural_eb,neural_bidir_seed2_eb,0.01,36,8,2,0.051483894303059725
neural_eb,neural_bidir_seed3_eb,0.01,36,8,2,0.051562351271223855
neural_eb,neural_bidir_seed4_eb,0.01,36,8,2,0.05145162505628702
summary_ridge_prior,none,0.01,0,8,3,0.1063930550578757
neural_prior,neural_bidir_seed0_prior,0.01,0,8,3,0.09333019151199551
neural_prior,neural_bidir_seed1_prior,0.01,0,8,3,0.09656811567219847
neural_prior,neural_bidir_seed2_prior,0.01,0,8,3,0.09341464016142709
neural_prior,neural_bidir_seed3_prior,0.01,0,8,3,0.0934593123220111
neural_prior,neural_bidir_seed4_prior,0.01,0,8,3,0.09316470813610067
dfe,none,0.01,32,8,3,0.06623758670194752
dfe,none,0.01,48,8,3,0.054225012325592355
summary_ridge_eb,none,0.01,20,8,3,0.06867320386680473
neural_eb,neural_bidir_seed0_eb,0.01,20,8,3,0.06506490191920236
neural_eb,neural_bidir_seed1_eb,0.01,20,8,3,0.06590159007146446
neural_eb,neural_bidir_seed2_eb,0.01,20,8,3,0.0650021582850469
neural_eb,neural_bidir_seed3_eb,0.01,20,8,3,0.06506603058887478
neural_eb,neural_bidir_seed4_eb,0.01,20,8,3,0.0649811956500811
summary_ridge_eb,none,0.01,36,8,3,0.05520568307251268
neural_eb,neural_bidir_seed0_eb,0.01,36,8,3,0.052909493630953104
neural_eb,neural_bidir_seed1_eb,0.01,36,8,3,0.053359846362656865
neural_eb,neural_bidir_seed2_eb,0.01,36,8,3,0.052875256176134665
neural_eb,neural_bidir_seed3_eb,0.01,36,8,3,0.05295221125975423
neural_eb,neural_bidir_seed4_eb,0.01,36,8,3,0.052816525512981466
summary_ridge_prior,none,0.01,0,8,4,0.10652523722232682
neural_prior,neural_bidir_seed0_prior,0.01,0,8,4,0.09098026512037904
neural_prior,neural_bidir_seed1_prior,0.01,0,8,4,0.09412867206810915
neural_prior,neural_bidir_seed2_prior,0.01,0,8,4,0.0909278230592463
neural_prior,neural_bidir_seed3_prior,0.01,0,8,4,0.09099672388219915
neural_prior,neural_bidir_seed4_prior,0.01,0,8,4,0.090639776613898
dfe,none,0.01,32,8,4,0.06524559234855346
dfe,none,0.01,48,8,4,0.052596804531375566
summary_ridge_eb,none,0.01,20,8,4,0.06751632862664037
neural_eb,neural_bidir_seed0_eb,0.01,20,8,4,0.06310001512685566
neural_eb,neural_bidir_seed1_eb,0.01,20,8,4,0.06393025663486798
neural_eb,neural_bidir_seed2_eb,0.01,20,8,4,0.06310639411123381
neural_eb,neural_bidir_seed3_eb,0.01,20,8,4,0.06329419154538925
neural_eb,neural_bidir_seed4_eb,0.01,20,8,4,0.06300976328888117
summary_ridge_eb,none,0.01,36,8,4,0.054811245416339936
neural_eb,neural_bidir_seed0_eb,0.01,36,8,4,0.05219524240552999
neural_eb,neural_bidir_seed1_eb,0.01,36,8,4,0.05266794100563234
neural_eb,neural_bidir_seed2_eb,0.01,36,8,4,0.05222784259632066
neural_eb,neural_bidir_seed3_eb,0.01,36,8,4,0.052361393928200314
neural_eb,neural_bidir_seed4_eb,0.01,36,8,4,0.05212499415328051
summary_ridge_prior,none,0.01,0,9,0,0.09916224897081227
neural_prior,neural_bidir_seed0_prior,0.01,0,9,0,0.08777379663479223
neural_prior,neural_bidir_seed1_prior,0.01,0,9,0,0.09031958316882083
neural_prior,neural_bidir_seed2_prior,0.01,0,9,0,0.08777572116196097
neural_prior,neural_bidir_seed3_prior,0.01,0,9,0,0.08807581593828218
neural_prior,neural_bidir_seed4_prior,0.01,0,9,0,0.08744063283484138
dfe,none,0.01,32,9,0,0.06676679478394883
dfe,none,0.01,48,9,0,0.05359694159600696
summary_ridge_eb,none,0.01,20,9,0,0.06646003273850289
neural_eb,neural_bidir_seed0_eb,0.01,20,9,0,0.06373349379441064
neural_eb,neural_bidir_seed1_eb,0.01,20,9,0,0.0644952001852341
neural_eb,neural_bidir_seed2_eb,0.01,20,9,0,0.06365927281714204
neural_eb,neural_bidir_seed3_eb,0.01,20,9,0,0.06386048092029101
neural_eb,neural_bidir_seed4_eb,0.01,20,9,0,0.06348074756969908
summary_ridge_eb,none,0.01,36,9,0,0.05125750381892567
neural_eb,neural_bidir_seed0_eb,0.01,36,9,0,0.050547480102385786
neural_eb,neural_bidir_seed1_eb,0.01,36,9,0,0.05097379025792742
neural_eb,neural_bidir_seed2_eb,0.01,36,9,0,0.05053982045287618
neural_eb,neural_bidir_seed3_eb,0.01,36,9,0,0.050561792117437
neural_eb,neural_bidir_seed4_eb,0.01,36,9,0,0.050450501907474965
summary_ridge_prior,none,0.01,0,9,1,0.10044503349941378
neural_prior,neural_bidir_seed0_prior,0.01,0,9,1,0.08707896303349116
neural_prior,neural_bidir_seed1_prior,0.01,0,9,1,0.08948004049125302
neural_prior,neural_bidir_seed2_prior,0.01,0,9,1,0.087107414879938
neural_prior,neural_bidir_seed3_prior,0.01,0,9,1,0.08737681293678179
neural_prior,neural_bidir_seed4_prior,0.01,0,9,1,0.08672891694550344
dfe,none,0.01,32,9,1,0.06705652331506176
dfe,none,0.01,48,9,1,0.053116918975474686
summary_ridge_eb,none,0.01,20,9,1,0.06666686584541649
neural_eb,neural_bidir_seed0_eb,0.01,20,9,1,0.06389251365852044
neural_eb,neural_bidir_seed1_eb,0.01,20,9,1,0.06460364674400218
neural_eb,neural_bidir_seed2_eb,0.01,20,9,1,0.06381099738822352
neural_eb,neural_bidir_seed3_eb,0.01,20,9,1,0.06395067096602913
neural_eb,neural_bidir_seed4_eb,0.01,20,9,1,0.06367341638441562
summary_ridge_eb,none,0.01,36,9,1,0.05341329564072057
neural_eb,neural_bidir_seed0_eb,0.01,36,9,1,0.05216801280217395
neural_eb,neural_bidir_seed1_eb,0.01,36,9,1,0.052650641025336814
neural_eb,neural_bidir_seed2_eb,0.01,36,9,1,0.05215042265431259
neural_eb,neural_bidir_seed3_eb,0.01,36,9,1,0.0521841356073251
neural_eb,neural_bidir_seed4_eb,0.01,36,9,1,0.052041720862096214
summary_ridge_prior,none,0.01,0,9,2,0.10179415160014439
neural_prior,neural_bidir_seed0_prior,0.01,0,9,2,0.0910993167617562
neural_prior,neural_bidir_seed1_prior,0.01,0,9,2,0.0935041500179068
neural_prior,neural_bidir_seed2_prior,0.01,0,9,2,0.09092891289583349
neural_prior,neural_bidir_seed3_prior,0.01,0,9,2,0.09111401550580922
neural_prior,neural_bidir_seed4_prior,0.01,0,9,2,0.09057229658174037
dfe,none,0.01,32,9,2,0.06548502938847155
dfe,none,0.01,48,9,2,0.05375712121486704
summary_ridge_eb,none,0.01,20,9,2,0.06532989621265285
neural_eb,neural_bidir_seed0_eb,0.01,20,9,2,0.06223277690627223
neural_eb,neural_bidir_seed1_eb,0.01,20,9,2,0.06295902492470784
neural_eb,neural_bidir_seed2_eb,0.01,20,9,2,0.06221703599899434
neural_eb,neural_bidir_seed3_eb,0.01,20,9,2,0.062278759197045876
neural_eb,neural_bidir_seed4_eb,0.01,20,9,2,0.062057630469824814
summary_ridge_eb,none,0.01,36,9,2,0.05273734399331437
neural_eb,neural_bidir_seed0_eb,0.01,36,9,2,0.0510861808969616
neural_eb,neural_bidir_seed1_eb,0.01,36,9,2,0.05147926267373319
neural_eb,neural_bidir_seed2_eb,0.01,36,9,2,0.05110098519681839
neural_eb,neural_bidir_seed3_eb,0.01,36,9,2,0.051172596432605424
neural_eb,neural_bidir_seed4_eb,0.01,36,9,2,0.051050294813075145
summary_ridge_prior,none,0.01,0,9,3,0.10135116085234608
neural_prior,neural_bidir_seed0_prior,0.01,0,9,3,0.09218860840155685
neural_prior,neural_bidir_seed1_prior,0.01,0,9,3,0.09476365623231686
neural_prior,neural_bidir_seed2_prior,0.01,0,9,3,0.09205715294046968
neural_prior,neural_bidir_seed3_prior,0.01,0,9,3,0.09222344426052587
neural_prior,neural_bidir_seed4_prior,0.01,0,9,3,0.09173660893975466
dfe,none,0.01,32,9,3,0.06600272536940921
dfe,none,0.01,48,9,3,0.05365722185013597
summary_ridge_eb,none,0.01,20,9,3,0.06583209726087536
neural_eb,neural_bidir_seed0_eb,0.01,20,9,3,0.06332424294928993
neural_eb,neural_bidir_seed1_eb,0.01,20,9,3,0.06417530074697637
neural_eb,neural_bidir_seed2_eb,0.01,20,9,3,0.0633569645132795
neural_eb,neural_bidir_seed3_eb,0.01,20,9,3,0.06339034386184675
neural_eb,neural_bidir_seed4_eb,0.01,20,9,3,0.06322013546972091
summary_ridge_eb,none,0.01,36,9,3,0.0539376190149216
neural_eb,neural_bidir_seed0_eb,0.01,36,9,3,0.052536556806172516
neural_eb,neural_bidir_seed1_eb,0.01,36,9,3,0.052965159840174504
neural_eb,neural_bidir_seed2_eb,0.01,36,9,3,0.052583948967928035
neural_eb,neural_bidir_seed3_eb,0.01,36,9,3,0.05258682629846734
neural_eb,neural_bidir_seed4_eb,0.01,36,9,3,0.052506147725898886
summary_ridge_prior,none,0.01,0,9,4,0.10048585028349244
neural_prior,neural_bidir_seed0_prior,0.01,0,9,4,0.08992201147884771
neural_prior,neural_bidir_seed1_prior,0.01,0,9,4,0.09241016824489634
neural_prior,neural_bidir_seed2_prior,0.01,0,9,4,0.08973527222951816
neural_prior,neural_bidir_seed3_prior,0.01,0,9,4,0.08986450863994833
neural_prior,neural_bidir_seed4_prior,0.01,0,9,4,0.08946327781268337
dfe,none,0.01,32,9,4,0.06491677683415942
dfe,none,0.01,48,9,4,0.05394610234261377
summary_ridge_eb,none,0.01,20,9,4,0.06542105066936059
neural_eb,neural_bidir_seed0_eb,0.01,20,9,4,0.06303272630426432
neural_eb,neural_bidir_seed1_eb,0.01,20,9,4,0.06386347085264715
neural_eb,neural_bidir_seed2_eb,0.01,20,9,4,0.06300557309902086
neural_eb,neural_bidir_seed3_eb,0.01,20,9,4,0.06306174082031968
neural_eb,neural_bidir_seed4_eb,0.01,20,9,4,0.06289542390216735
summary_ridge_eb,none,0.01,36,9,4,0.05384931447622563
neural_eb,neural_bidir_seed0_eb,0.01,36,9,4,0.052319250893383046
neural_eb,neural_bidir_seed1_eb,0.01,36,9,4,0.05275282085643503
neural_eb,neural_bidir_seed2_eb,0.01,36,9,4,0.05224653480576646
neural_eb,neural_bidir_seed3_eb,0.01,36,9,4,0.05231069444087753
neural_eb,neural_bidir_seed4_eb,0.01,36,9,4,0.052213757153398765
summary_ridge_prior,none,0.01,0,10,0,0.09633174222371008
neural_prior,neural_bidir_seed0_prior,0.01,0,10,0,0.08669704500607622
neural_prior,neural_bidir_seed1_prior,0.01,0,10,0,0.08885539385846641
neural_prior,neural_bidir_seed2_prior,0.01,0,10,0,0.08685801784122305
neural_prior,neural_bidir_seed3_prior,0.01,0,10,0,0.08711678832878533
neural_prior,neural_bidir_seed4_prior,0.01,0,10,0,0.08642253314428672
dfe,none,0.01,32,10,0,0.06602011670864677
dfe,none,0.01,48,10,0,0.05288633726245991
summary_ridge_eb,none,0.01,20,10,0,0.06522754788437594
neural_eb,neural_bidir_seed0_eb,0.01,20,10,0,0.06266854372594335
neural_eb,neural_bidir_seed1_eb,0.01,20,10,0,0.06330737860967912
neural_eb,neural_bidir_seed2_eb,0.01,20,10,0,0.06274459554503899
neural_eb,neural_bidir_seed3_eb,0.01,20,10,0,0.06290455654614686
neural_eb,neural_bidir_seed4_eb,0.01,20,10,0,0.06243979803289999
summary_ridge_eb,none,0.01,36,10,0,0.052591142686882586
neural_eb,neural_bidir_seed0_eb,0.01,36,10,0,0.051312752246915914
neural_eb,neural_bidir_seed1_eb,0.01,36,10,0,0.05169314856035208
neural_eb,neural_bidir_seed2_eb,0.01,36,10,0,0.05140406625122645
neural_eb,neural_bidir_seed3_eb,0.01,36,10,0,0.05154825603516133
neural_eb,neural_bidir_seed4_eb,0.01,36,10,0,0.05118776905706875
summary_ridge_prior,none,0.01,0,10,1,0.09699707489888729
neural_prior,neural_bidir_seed0_prior,0.01,0,10,1,0.08827269289577089
neural_prior,neural_bidir_seed1_prior,0.01,0,10,1,0.09073531312787964
neural_prior,neural_bidir_seed2_prior,0.01,0,10,1,0.08828652313786733
neural_prior,neural_bidir_seed3_prior,0.01,0,10,1,0.08850715301923628
neural_prior,neural_bidir_seed4_prior,0.01,0,10,1,0.0879013310677692
dfe,none,0.01,32,10,1,0.06536460879252279
dfe,none,0.01,48,10,1,0.05290177519101872
summary_ridge_eb,none,0.01,20,10,1,0.06334002962385152
neural_eb,neural_bidir_seed0_eb,0.01,20,10,1,0.06234512562265383
neural_eb,neural_bidir_seed1_eb,0.01,20,10,1,0.0630578212326563
neural_eb,neural_bidir_seed2_eb,0.01,20,10,1,0.06243578969978327
neural_eb,neural_bidir_seed3_eb,0.01,20,10,1,0.06244766517498429
neural_eb,neural_bidir_seed4_eb,0.01,20,10,1,0.062322285074903845
summary_ridge_eb,none,0.01,36,10,1,0.05384838060491297
neural_eb,neural_bidir_seed0_eb,0.01,36,10,1,0.052927953487363795
neural_eb,neural_bidir_seed1_eb,0.01,36,10,1,0.053247173276861445
neural_eb,neural_bidir_seed2_eb,0.01,36,10,1,0.05300264010555979
neural_eb,neural_bidir_seed3_eb,0.01,36,10,1,0.05300206142159944
neural_eb,neural_bidir_seed4_eb,0.01,36,10,1,0.052903521117841995
summary_ridge_prior,none,0.01,0,10,2,0.09629320068906996
neural_prior,neural_bidir_seed0_prior,0.01,0,10,2,0.0866688797595998
neural_prior,neural_bidir_seed1_prior,0.01,0,10,2,0.08888973965622426
neural_prior,neural_bidir_seed2_prior,0.01,0,10,2,0.08676762492359558
neural_prior,neural_bidir_seed3_prior,0.01,0,10,2,0.08699826279735134
neural_prior,neural_bidir_seed4_prior,0.01,0,10,2,0.08638157119094103
dfe,none,0.01,32,10,2,0.06659364518273664
dfe,none,0.01,48,10,2,0.05294910322744213
summary_ridge_eb,none,0.01,20,10,2,0.06532884500388017
neural_eb,neural_bidir_seed0_eb,0.01,20,10,2,0.06342569825469613
neural_eb,neural_bidir_seed1_eb,0.01,20,10,2,0.06419371551421384
neural_eb,neural_bidir_seed2_eb,0.01,20,10,2,0.06348960015804073
neural_eb,neural_bidir_seed3_eb,0.01,20,10,2,0.06359334667902905
neural_eb,neural_bidir_seed4_eb,0.01,20,10,2,0.06330321277755571
summary_ridge_eb,none,0.01,36,10,2,0.05400746364342229
neural_eb,neural_bidir_seed0_eb,0.01,36,10,2,0.052757189285755735
neural_eb,neural_bidir_seed1_eb,0.01,36,10,2,0.05314655193698985
neural_eb,neural_bidir_seed2_eb,0.01,36,10,2,0.052791587251977884
neural_eb,neural_bidir_seed3_eb,0.01,36,10,2,0.05287934779936054
neural_eb,neural_bidir_seed4_eb,0.01,36,10,2,0.05272165665576281
summary_ridge_prior,none,0.01,0,10,3,0.09623615809550069
neural_prior,neural_bidir_seed0_prior,0.01,0,10,3,0.08729287177084188
neural_prior,neural_bidir_seed1_prior,0.01,0,10,3,0.08964501982154616
neural_prior,neural_bidir_seed2_prior,0.01,0,10,3,0.08737547323653416
neural_prior,neural_bidir_seed3_prior,0.01,0,10,3,0.08757960525508679
neural_prior,neural_bidir_seed4_prior,0.01,0,10,3,0.08699135433380434
dfe,none,0.01,32,10,3,0.06600154536354981
dfe,none,0.01,48,10,3,0.05319862189061911
summary_ridge_eb,none,0.01,20,10,3,0.065604370480444
neural_eb,neural_bidir_seed0_eb,0.01,20,10,3,0.06342078554221887
neural_eb,neural_bidir_seed1_eb,0.01,20,10,3,0.06411360501563235
neural_eb,neural_bidir_seed2_eb,0.01,20,10,3,0.063451476987522
neural_eb,neural_bidir_seed3_eb,0.01,20,10,3,0.06362130256610207
neural_eb,neural_bidir_seed4_eb,0.01,20,10,3,0.06328994255493016
summary_ridge_eb,none,0.01,36,10,3,0.05320803599426814
neural_eb,neural_bidir_seed0_eb,0.01,36,10,3,0.05223570176017646
neural_eb,neural_bidir_seed1_eb,0.01,36,10,3,0.05256542307059126
neural_eb,neural_bidir_seed2_eb,0.01,36,10,3,0.052261245396065005
neural_eb,neural_bidir_seed3_eb,0.01,36,10,3,0.052383650297312095
neural_eb,neural_bidir_seed4_eb,0.01,36,10,3,0.052149890422314396
summary_ridge_prior,none,0.01,0,10,4,0.09474620914250645
neural_prior,neural_bidir_seed0_prior,0.01,0,10,4,0.08821816805539129
neural_prior,neural_bidir_seed1_prior,0.01,0,10,4,0.09073463702043227
neural_prior,neural_bidir_seed2_prior,0.01,0,10,4,0.08821829397311376
neural_prior,neural_bidir_seed3_prior,0.01,0,10,4,0.08840826721097983
neural_prior,neural_bidir_seed4_prior,0.01,0,10,4,0.08784606098015502
dfe,none,0.01,32,10,4,0.06675923278063628
dfe,none,0.01,48,10,4,0.052571646291152296
summary_ridge_eb,none,0.01,20,10,4,0.0629908717251379
neural_eb,neural_bidir_seed0_eb,0.01,20,10,4,0.061639590040337124
neural_eb,neural_bidir_seed1_eb,0.01,20,10,4,0.062448984975988914
neural_eb,neural_bidir_seed2_eb,0.01,20,10,4,0.06168390978929519
neural_eb,neural_bidir_seed3_eb,0.01,20,10,4,0.06179093117008776
neural_eb,neural_bidir_seed4_eb,0.01,20,10,4,0.06153957420040264
summary_ridge_eb,none,0.01,36,10,4,0.05267429017658827
neural_eb,neural_bidir_seed0_eb,0.01,36,10,4,0.05165497225089128
neural_eb,neural_bidir_seed1_eb,0.01,36,10,4,0.05205632385386799
neural_eb,neural_bidir_seed2_eb,0.01,36,10,4,0.05168617020427365
neural_eb,neural_bidir_seed3_eb,0.01,36,10,4,0.051807258617600487
neural_eb,neural_bidir_seed4_eb,0.01,36,10,4,0.051638406583345314
summary_ridge_prior,none,0.01,0,11,0,0.09652805351102128
neural_prior,neural_bidir_seed0_prior,0.01,0,11,0,0.08809763686986116
neural_prior,neural_bidir_seed1_prior,0.01,0,11,0,0.09101174492207065
neural_prior,neural_bidir_seed2_prior,0.01,0,11,0,0.08840163352397212
neural_prior,neural_bidir_seed3_prior,0.01,0,11,0,0.08833779934320773
neural_prior,neural_bidir_seed4_prior,0.01,0,11,0,0.08757049781524984
dfe,none,0.01,32,11,0,0.06434117016586391
dfe,none,0.01,48,11,0,0.05373920076795466
summary_ridge_eb,none,0.01,20,11,0,0.0639248059207351
neural_eb,neural_bidir_seed0_eb,0.01,20,11,0,0.0618729241530611
neural_eb,neural_bidir_seed1_eb,0.01,20,11,0,0.0627944082563603
neural_eb,neural_bidir_seed2_eb,0.01,20,11,0,0.061905195703066546
neural_eb,neural_bidir_seed3_eb,0.01,20,11,0,0.06188552583209196
neural_eb,neural_bidir_seed4_eb,0.01,20,11,0,0.06168329632686582
summary_ridge_eb,none,0.01,36,11,0,0.05226926729903916
neural_eb,neural_bidir_seed0_eb,0.01,36,11,0,0.050717331714961636
neural_eb,neural_bidir_seed1_eb,0.01,36,11,0,0.051230083835535636
neural_eb,neural_bidir_seed2_eb,0.01,36,11,0,0.05075876550225805
neural_eb,neural_bidir_seed3_eb,0.01,36,11,0,0.05076384518207433
neural_eb,neural_bidir_seed4_eb,0.01,36,11,0,0.05060359451771923
summary_ridge_prior,none,0.01,0,11,1,0.09771042227751658
neural_prior,neural_bidir_seed0_prior,0.01,0,11,1,0.08722182662859268
neural_prior,neural_bidir_seed1_prior,0.01,0,11,1,0.08992211192344257
neural_prior,neural_bidir_seed2_prior,0.01,0,11,1,0.08744976110574498
neural_prior,neural_bidir_seed3_prior,0.01,0,11,1,0.0875504910491145
neural_prior,neural_bidir_seed4_prior,0.01,0,11,1,0.08680504569747427
dfe,none,0.01,32,11,1,0.0642218591534513
dfe,none,0.01,48,11,1,0.054159864436713875
summary_ridge_eb,none,0.01,20,11,1,0.06589061643281943
neural_eb,neural_bidir_seed0_eb,0.01,20,11,1,0.062487732343190376
neural_eb,neural_bidir_seed1_eb,0.01,20,11,1,0.06332810795047036
neural_eb,neural_bidir_seed2_eb,0.01,20,11,1,0.0625402044327715
neural_eb,neural_bidir_seed3_eb,0.01,20,11,1,0.06264784981467458
neural_eb,neural_bidir_seed4_eb,0.01,20,11,1,0.06236946332570677
summary_ridge_eb,none,0.01,36,11,1,0.05258119432756908
neural_eb,neural_bidir_seed0_eb,0.01,36,11,1,0.05083847078618156
neural_eb,neural_bidir_seed1_eb,0.01,36,11,1,0.051254854911268716
neural_eb,neural_bidir_seed2_eb,0.01,36,11,1,0.05083864478176285
neural_eb,neural_bidir_seed3_eb,0.01,36,11,1,0.050868750518026515
neural_eb,neural_bidir_seed4_eb,0.01,36,11,1,0.05076755726006305
summary_ridge_prior,none,0.01,0,11,2,0.09584252023062587
neural_prior,neural_bidir_seed0_prior,0.01,0,11,2,0.090375113153641
neural_prior,neural_bidir_seed1_prior,0.01,0,11,2,0.09350617044947285
neural_prior,neural_bidir_seed2_prior,0.01,0,11,2,0.09072325485431065
neural_prior,neural_bidir_seed3_prior,0.01,0,11,2,0.09047719851332658
neural_prior,neural_bidir_seed4_prior,0.01,0,11,2,0.08957726585322234
dfe,none,0.01,32,11,2,0.06616247262852029
dfe,none,0.01,48,11,2,0.05331440035849303
summary_ridge_eb,none,0.01,20,11,2,0.06444911455320688
neural_eb,neural_bidir_seed0_eb,0.01,20,11,2,0.06335321491861894
neural_eb,neural_bidir_seed1_eb,0.01,20,11,2,0.06416553280968651
neural_eb,neural_bidir_seed2_eb,0.01,20,11,2,0.06337586659518438
neural_eb,neural_bidir_seed3_eb,0.01,20,11,2,0.06332840834031486
neural_eb,neural_bidir_seed4_eb,0.01,20,11,2,0.06313555997059864
summary_ridge_eb,none,0.01,36,11,2,0.05267931634837927
neural_eb,neural_bidir_seed0_eb,0.01,36,11,2,0.05147955819258142
neural_eb,neural_bidir_seed1_eb,0.01,36,11,2,0.051974360573382436
neural_eb,neural_bidir_seed2_eb,0.01,36,11,2,0.051530081164384525
neural_eb,neural_bidir_seed3_eb,0.01,36,11,2,0.05154516246748687
neural_eb,neural_bidir_seed4_eb,0.01,36,11,2,0.051336088652220696
summary_ridge_prior,none,0.01,0,11,3,0.09563697348151723
neural_prior,neural_bidir_seed0_prior,0.01,0,11,3,0.08861586503007857
neural_prior,neural_bidir_seed1_prior,0.01,0,11,3,0.09158658417982224
neural_prior,neural_bidir_seed2_prior,0.01,0,11,3,0.08890808146497875
neural_prior,neural_bidir_seed3_prior,0.01,0,11,3,0.08873912976378051
neural_prior,neural_bidir_seed4_prior,0.01,0,11,3,0.08797890994719637
dfe,none,0.01,32,11,3,0.06566164967852255
dfe,none,0.01,48,11,3,0.05311626237978219
summary_ridge_eb,none,0.01,20,11,3,0.06498606171472268
neural_eb,neural_bidir_seed0_eb,0.01,20,11,3,0.06282413300279738
neural_eb,neural_bidir_seed1_eb,0.01,20,11,3,0.0636219607109347
neural_eb,neural_bidir_seed2_eb,0.01,20,11,3,0.06292903643144213
neural_eb,neural_bidir_seed3_eb,0.01,20,11,3,0.06298748311964507
neural_eb,neural_bidir_seed4_eb,0.01,20,11,3,0.06265757261394175
summary_ridge_eb,none,0.01,36,11,3,0.05318119581725862
neural_eb,neural_bidir_seed0_eb,0.01,36,11,3,0.0528553114396096
neural_eb,neural_bidir_seed1_eb,0.01,36,11,3,0.05336346689473327
neural_eb,neural_bidir_seed2_eb,0.01,36,11,3,0.052870959001427825
neural_eb,neural_bidir_seed3_eb,0.01,36,11,3,0.052867117182788796
neural_eb,neural_bidir_seed4_eb,0.01,36,11,3,0.05277443213401421
summary_ridge_prior,none,0.01,0,11,4,0.09614024361005333
neural_prior,neural_bidir_seed0_prior,0.01,0,11,4,0.08765377724012069
neural_prior,neural_bidir_seed1_prior,0.01,0,11,4,0.09009795661950193
neural_prior,neural_bidir_seed2_prior,0.01,0,11,4,0.08784323009422224
neural_prior,neural_bidir_seed3_prior,0.01,0,11,4,0.08794044485512131
neural_prior,neural_bidir_seed4_prior,0.01,0,11,4,0.0873734272299771
dfe,none,0.01,32,11,4,0.0655572126055334
dfe,none,0.01,48,11,4,0.053552004303041724
summary_ridge_eb,none,0.01,20,11,4,0.06521321643628113
neural_eb,neural_bidir_seed0_eb,0.01,20,11,4,0.062380252334784086
neural_eb,neural_bidir_seed1_eb,0.01,20,11,4,0.06289895886278901
neural_eb,neural_bidir_seed2_eb,0.01,20,11,4,0.06237126465841046
neural_eb,neural_bidir_seed3_eb,0.01,20,11,4,0.06256433395763776
neural_eb,neural_bidir_seed4_eb,0.01,20,11,4,0.062351188855189824
summary_ridge_eb,none,0.01,36,11,4,0.053171253673538976
neural_eb,neural_bidir_seed0_eb,0.01,36,11,4,0.051887926760229304
neural_eb,neural_bidir_seed1_eb,0.01,36,11,4,0.05223837449968605
neural_eb,neural_bidir_seed2_eb,0.01,36,11,4,0.051843889087370865
neural_eb,neural_bidir_seed3_eb,0.01,36,11,4,0.051939611535442985
neural_eb,neural_bidir_seed4_eb,0.01,36,11,4,0.05187381947210417
summary_ridge_prior,none,0.01,0,12,0,0.09711086531856505
neural_prior,neural_bidir_seed0_prior,0.01,0,12,0,0.08764179531681293
neural_prior,neural_bidir_seed1_prior,0.01,0,12,0,0.08982167433532595
neural_prior,neural_bidir_seed2_prior,0.01,0,12,0,0.08765661983306927
neural_prior,neural_bidir_seed3_prior,0.01,0,12,0,0.08814127569894481
neural_prior,neural_bidir_seed4_prior,0.01,0,12,0,0.08716508168254222
dfe,none,0.01,32,12,0,0.06320397455631477
dfe,none,0.01,48,12,0,0.05382907247275441
summary_ridge_eb,none,0.01,20,12,0,0.06337124867256023
neural_eb,neural_bidir_seed0_eb,0.01,20,12,0,0.062140203067708455
neural_eb,neural_bidir_seed1_eb,0.01,20,12,0,0.06277142424974243
neural_eb,neural_bidir_seed2_eb,0.01,20,12,0,0.06211073285549864
neural_eb,neural_bidir_seed3_eb,0.01,20,12,0,0.062203365925236176
neural_eb,neural_bidir_seed4_eb,0.01,20,12,0,0.062016123501708646
summary_ridge_eb,none,0.01,36,12,0,0.053056787154733796
neural_eb,neural_bidir_seed0_eb,0.01,36,12,0,0.051966763331044
neural_eb,neural_bidir_seed1_eb,0.01,36,12,0,0.05236302811646594
neural_eb,neural_bidir_seed2_eb,0.01,36,12,0,0.05189712473508132
neural_eb,neural_bidir_seed3_eb,0.01,36,12,0,0.05194150031378819
neural_eb,neural_bidir_seed4_eb,0.01,36,12,0,0.051821366649187156
summary_ridge_prior,none,0.01,0,12,1,0.09554004668058225
neural_prior,neural_bidir_seed0_prior,0.01,0,12,1,0.0868072052817297
neural_prior,neural_bidir_seed1_prior,0.01,0,12,1,0.08907981497577566
neural_prior,neural_bidir_seed2_prior,0.01,0,12,1,0.08693204666451493
neural_prior,neural_bidir_seed3_prior,0.01,0,12,1,0.0872935098286689
neural_prior,neural_bidir_seed4_prior,0.01,0,12,1,0.08649131306992786
dfe,none,0.01,32,12,1,0.06643917620734713
dfe,none,0.01,48,12,1,0.053549442664427786
summary_ridge_eb,none,0.01,20,12,1,0.06581988404718178
neural_eb,neural_bidir_seed0_eb,0.01,20,12,1,0.06363953585801926
neural_eb,neural_bidir_seed1_eb,0.01,20,12,1,0.06433487512925726
neural_eb,neural_bidir_seed2_eb,0.01,20,12,1,0.06354407741969761
neural_eb,neural_bidir_seed3_eb,0.01,20,12,1,0.06352786764960913
neural_eb,neural_bidir_seed4_eb,0.01,20,12,1,0.06336033085315718
summary_ridge_eb,none,0.01,36,12,1,0.05415395458257073
neural_eb,neural_bidir_seed0_eb,0.01,36,12,1,0.052799008160584776
neural_eb,neural_bidir_seed1_eb,0.01,36,12,1,0.053214038418018056
neural_eb,neural_bidir_seed2_eb,0.01,36,12,1,0.05273682189450443
neural_eb,neural_bidir_seed3_eb,0.01,36,12,1,0.05277573464124634
neural_eb,neural_bidir_seed4_eb,0.01,36,12,1,0.052611180592186994
summary_ridge_prior,none,0.01,0,12,2,0.09527021739831779
neural_prior,neural_bidir_seed0_prior,0.01,0,12,2,0.0888285117889609
neural_prior,neural_bidir_seed1_prior,0.01,0,12,2,0.09114289861281577
neural_prior,neural_bidir_seed2_prior,0.01,0,12,2,0.08881697615106532
neural_prior,neural_bidir_seed3_prior,0.01,0,12,2,0.0893937925411592
neural_prior,neural_bidir_seed4_prior,0.01,0,12,2,0.0882584363771457
dfe,none,0.01,32,12,2,0.06564119972872319
dfe,none,0.01,48,12,2,0.05353322952935921
summary_ridge_eb,none,0.01,20,12,2,0.06409379079622474
neural_eb,neural_bidir_seed0_eb,0.01,20,12,2,0.06186465104061192
neural_eb,neural_bidir_seed1_eb,0.01,20,12,2,0.06258005851119762
neural_eb,neural_bidir_seed2_eb,0.01,20,12,2,0.061843711812197874
neural_eb,neural_bidir_seed3_eb,0.01,20,12,2,0.061996997745631215
neural_eb,neural_bidir_seed4_eb,0.01,20,12,2,0.06170466781094462
summary_ridge_eb,none,0.01,36,12,2,0.05225235831568366
neural_eb,neural_bidir_seed0_eb,0.01,36,12,2,0.05094263798123977
neural_eb,neural_bidir_seed1_eb,0.01,36,12,2,0.05133895382521136
neural_eb,neural_bidir_seed2_eb,0.01,36,12,2,0.05089491195739196
neural_eb,neural_bidir_seed3_eb,0.01,36,12,2,0.0510058038408269
neural_eb,neural_bidir_seed4_eb,0.01,36,12,2,0.050848106970192465
summary_ridge_prior,none,0.01,0,12,3,0.09610850994675142
neural_prior,neural_bidir_seed0_prior,0.01,0,12,3,0.08872220523153374
neural_prior,neural_bidir_seed1_prior,0.01,0,12,3,0.09094560747143987
neural_prior,neural_bidir_seed2_prior,0.01,0,12,3,0.08866668100199604
neural_prior,neural_bidir_seed3_prior,0.01,0,12,3,0.08917443668724445
neural_prior,neural_bidir_seed4_prior,0.01,0,12,3,0.08830691246657807
dfe,none,0.01,32,12,3,0.06645956157307391
dfe,none,0.01,48,12,3,0.05427621630424627
summary_ridge_eb,none,0.01,20,12,3,0.064571118991298
neural_eb,neural_bidir_seed0_eb,0.01,20,12,3,0.06295657439216361
neural_eb,neural_bidir_seed1_eb,0.01,20,12,3,0.06368398317978347
neural_eb,neural_bidir_seed2_eb,0.01,20,12,3,0.06285870719648204
neural_eb,neural_bidir_seed3_eb,0.01,20,12,3,0.06288839637441558
neural_eb,neural_bidir_seed4_eb,0.01,20,12,3,0.06282732895046533
summary_ridge_eb,none,0.01,36,12,3,0.05357717967412494
neural_eb,neural_bidir_seed0_eb,0.01,36,12,3,0.052262592726486055
neural_eb,neural_bidir_seed1_eb,0.01,36,12,3,0.05261839058570328
neural_eb,neural_bidir_seed2_eb,0.01,36,12,3,0.05221570435162054
neural_eb,neural_bidir_seed3_eb,0.01,36,12,3,0.05224386214148333
neural_eb,neural_bidir_seed4_eb,0.01,36,12,3,0.05212892419727455
summary_ridge_prior,none,0.01,0,12,4,0.09857210869879177
neural_prior,neural_bidir_seed0_prior,0.01,0,12,4,0.08956454329563712
neural_prior,neural_bidir_seed1_prior,0.01,0,12,4,0.09181335201537877
neural_prior,neural_bidir_seed2_prior,0.01,0,12,4,0.08957541200470587
neural_prior,neural_bidir_seed3_prior,0.01,0,12,4,0.09018600624222017
neural_prior,neural_bidir_seed4_prior,0.01,0,12,4,0.0890577245500026
dfe,none,0.01,32,12,4,0.06681431777501623
dfe,none,0.01,48,12,4,0.05394132554985325
summary_ridge_eb,none,0.01,20,12,4,0.06511882551645574
neural_eb,neural_bidir_seed0_eb,0.01,20,12,4,0.0634883073203876
neural_eb,neural_bidir_seed1_eb,0.01,20,12,4,0.06428742405001994
neural_eb,neural_bidir_seed2_eb,0.01,20,12,4,0.06344972522584014
neural_eb,neural_bidir_seed3_eb,0.01,20,12,4,0.06344183399100711
neural_eb,neural_bidir_seed4_eb,0.01,20,12,4,0.0633524373122893
summary_ridge_eb,none,0.01,36,12,4,0.05323610508713471
neural_eb,neural_bidir_seed0_eb,0.01,36,12,4,0.05215364821868253
neural_eb,neural_bidir_seed1_eb,0.01,36,12,4,0.052547234366363764
neural_eb,neural_bidir_seed2_eb,0.01,36,12,4,0.05211728074771386
neural_eb,neural_bidir_seed3_eb,0.01,36,12,4,0.05220519383023349
neural_eb,neural_bidir_seed4_eb,0.01,36,12,4,0.052029728270558066
summary_ridge_prior,none,0.01,0,13,0,0.09864611631375855
neural_prior,neural_bidir_seed0_prior,0.01,0,13,0,0.08732220862111717
neural_prior,neural_bidir_seed1_prior,0.01,0,13,0,0.089488601532139
neural_prior,neural_bidir_seed2_prior,0.01,0,13,0,0.08745407411879569
neural_prior,neural_bidir_seed3_prior,0.01,0,13,0,0.08774640291630931
neural_prior,neural_bidir_seed4_prior,0.01,0,13,0,0.08704232964919356
dfe,none,0.01,32,13,0,0.0663518517307313
dfe,none,0.01,48,13,0,0.0537469774758052
summary_ridge_eb,none,0.01,20,13,0,0.0633655367423319
neural_eb,neural_bidir_seed0_eb,0.01,20,13,0,0.061393466406224076
neural_eb,neural_bidir_seed1_eb,0.01,20,13,0,0.06196625041986438
neural_eb,neural_bidir_seed2_eb,0.01,20,13,0,0.06149601652980012
neural_eb,neural_bidir_seed3_eb,0.01,20,13,0,0.06174083613059786
neural_eb,neural_bidir_seed4_eb,0.01,20,13,0,0.06139360532958107
summary_ridge_eb,none,0.01,36,13,0,0.052887855323523025
neural_eb,neural_bidir_seed0_eb,0.01,36,13,0,0.0520926719893644
neural_eb,neural_bidir_seed1_eb,0.01,36,13,0,0.05244622058337407
neural_eb,neural_bidir_seed2_eb,0.01,36,13,0,0.052140604655512665
neural_eb,neural_bidir_seed3_eb,0.01,36,13,0,0.052279890481556665
neural_eb,neural_bidir_seed4_eb,0.01,36,13,0,0.05214961988296053
summary_ridge_prior,none,0.01,0,13,1,0.09776763043031075
neural_prior,neural_bidir_seed0_prior,0.01,0,13,1,0.08684872637059016
neural_prior,neural_bidir_seed1_prior,0.01,0,13,1,0.08903177620049973
neural_prior,neural_bidir_seed2_prior,0.01,0,13,1,0.08695260084459733
neural_prior,neural_bidir_seed3_prior,0.01,0,13,1,0.08720886606715794
neural_prior,neural_bidir_seed4_prior,0.01,0,13,1,0.08651585413281282
dfe,none,0.01,32,13,1,0.06497494123445627
dfe,none,0.01,48,13,1,0.054055876289455726
summary_ridge_eb,none,0.01,20,13,1,0.0657287932634043
neural_eb,neural_bidir_seed0_eb,0.01,20,13,1,0.06306405995802083
neural_eb,neural_bidir_seed1_eb,0.01,20,13,1,0.06376531761230249
neural_eb,neural_bidir_seed2_eb,0.01,20,13,1,0.06306251918243475
neural_eb,neural_bidir_seed3_eb,0.01,20,13,1,0.06318537062077295
neural_eb,neural_bidir_seed4_eb,0.01,20,13,1,0.06290603318070166
summary_ridge_eb,none,0.01,36,13,1,0.05230530612055168
neural_eb,neural_bidir_seed0_eb,0.01,36,13,1,0.051054646078635746
neural_eb,neural_bidir_seed1_eb,0.01,36,13,1,0.05153984456128591
neural_eb,neural_bidir_seed2_eb,0.01,36,13,1,0.05105972225026248
neural_eb,neural_bidir_seed3_eb,0.01,36,13,1,0.051104281360168924
neural_eb,neural_bidir_seed4_eb,0.01,36,13,1,0.051011870844421936
summary_ridge_prior,none,0.01,0,13,2,0.09885242587661636
neural_prior,neural_bidir_seed0_prior,0.01,0,13,2,0.08980117284045264
neural_prior,neural_bidir_seed1_prior,0.01,0,13,2,0.0920882131667895
neural_prior,neural_bidir_seed2_prior,0.01,0,13,2,0.0897488777172839
neural_prior,neural_bidir_seed3_prior,0.01,0,13,2,0.08988567786400381
neural_prior,neural_bidir_seed4_prior,0.01,0,13,2,0.08920529693386925
dfe,none,0.01,32,13,2,0.06720397210565167
dfe,none,0.01,48,13,2,0.05443119631504456
summary_ridge_eb,none,0.01,20,13,2,0.06369404831267289
neural_eb,neural_bidir_seed0_eb,0.01,20,13,2,0.06215883874397056
neural_eb,neural_bidir_seed1_eb,0.01,20,13,2,0.0628665923582563
neural_eb,neural_bidir_seed2_eb,0.01,20,13,2,0.06211193992964399
neural_eb,neural_bidir_seed3_eb,0.01,20,13,2,0.0621766583042113
neural_eb,neural_bidir_seed4_eb,0.01,20,13,2,0.062034897203836176
summary_ridge_eb,none,0.01,36,13,2,0.05229463784033969
neural_eb,neural_bidir_seed0_eb,0.01,36,13,2,0.051349172818794225
neural_eb,neural_bidir_seed1_eb,0.01,36,13,2,0.05176159931060173
neural_eb,neural_bidir_seed2_eb,0.01,36,13,2,0.051354080691272896
neural_eb,neural_bidir_seed3_eb,0.01,36,13,2,0.05147057850866214
neural_eb,neural_bidir_seed4_eb,0.01,36,13,2,0.05128082066600298
summary_ridge_prior,none,0.01,0,13,3,0.10107770024287055
neural_prior,neural_bidir_seed0_prior,0.01,0,13,3,0.0882916711470898
neural_prior,neural_bidir_seed1_prior,0.01,0,13,3,0.09040249597273942
neural_prior,neural_bidir_seed2_prior,0.01,0,13,3,0.08828040953630989
neural_prior,neural_bidir_seed3_prior,0.01,0,13,3,0.08866830293663952
neural_prior,neural_bidir_seed4_prior,0.01,0,13,3,0.0878005770046002
dfe,none,0.01,32,13,3,0.06594388309880445
dfe,none,0.01,48,13,3,0.055118823900173294
summary_ridge_eb,none,0.01,20,13,3,0.06515760440698876
neural_eb,neural_bidir_seed0_eb,0.01,20,13,3,0.06205634117237678
neural_eb,neural_bidir_seed1_eb,0.01,20,13,3,0.06282574479756219
neural_eb,neural_bidir_seed2_eb,0.01,20,13,3,0.06216623128205033
neural_eb,neural_bidir_seed3_eb,0.01,20,13,3,0.06223938484006233
neural_eb,neural_bidir_seed4_eb,0.01,20,13,3,0.06209981590114712
summary_ridge_eb,none,0.01,36,13,3,0.0528576944120924
neural_eb,neural_bidir_seed0_eb,0.01,36,13,3,0.0519149156913111
neural_eb,neural_bidir_seed1_eb,0.01,36,13,3,0.052382543086553976
neural_eb,neural_bidir_seed2_eb,0.01,36,13,3,0.051997133441432086
neural_eb,neural_bidir_seed3_eb,0.01,36,13,3,0.05204504095995414
neural_eb,neural_bidir_seed4_eb,0.01,36,13,3,0.05193705053971725
summary_ridge_prior,none,0.01,0,13,4,0.10282717805040306
neural_prior,neural_bidir_seed0_prior,0.01,0,13,4,0.08983220604386588
neural_prior,neural_bidir_seed1_prior,0.01,0,13,4,0.09195003847526095
neural_prior,neural_bidir_seed2_prior,0.01,0,13,4,0.08980237821197079
neural_prior,neural_bidir_seed3_prior,0.01,0,13,4,0.09009966722624085
neural_prior,neural_bidir_seed4_prior,0.01,0,13,4,0.08927743546337297
dfe,none,0.01,32,13,4,0.06646181219373978
dfe,none,0.01,48,13,4,0.05284913236166522
summary_ridge_eb,none,0.01,20,13,4,0.06701985157833822
neural_eb,neural_bidir_seed0_eb,0.01,20,13,4,0.06298889101294822
neural_eb,neural_bidir_seed1_eb,0.01,20,13,4,0.06362170636187633
neural_eb,neural_bidir_seed2_eb,0.01,20,13,4,0.06298211338993852
neural_eb,neural_bidir_seed3_eb,0.01,20,13,4,0.06309474484589234
neural_eb,neural_bidir_seed4_eb,0.01,20,13,4,0.06275130856278602
summary_ridge_eb,none,0.01,36,13,4,0.05323664458972047
neural_eb,neural_bidir_seed0_eb,0.01,36,13,4,0.051685667766209115
neural_eb,neural_bidir_seed1_eb,0.01,36,13,4,0.052030120332521135
neural_eb,neural_bidir_seed2_eb,0.01,36,13,4,0.05167123619566158
neural_eb,neural_bidir_seed3_eb,0.01,36,13,4,0.051774558755438335
neural_eb,neural_bidir_seed4_eb,0.01,36,13,4,0.051598703167543725
summary_ridge_prior,none,0.01,0,14,0,0.10289703150749319
neural_prior,neural_bidir_seed0_prior,0.01,0,14,0,0.08679646879863867
neural_prior,neural_bidir_seed1_prior,0.01,0,14,0,0.08896242033915769
neural_prior,neural_bidir_seed2_prior,0.01,0,14,0,0.08695476632237842
neural_prior,neural_bidir_seed3_prior,0.01,0,14,0,0.08729727494755934
neural_prior,neural_bidir_seed4_prior,0.01,0,14,0,0.08656816118855204
dfe,none,0.01,32,14,0,0.06565267582574998
dfe,none,0.01,48,14,0,0.053550069266655516
summary_ridge_eb,none,0.01,20,14,0,0.06610791166318178
neural_eb,neural_bidir_seed0_eb,0.01,20,14,0,0.06244581366842317
neural_eb,neural_bidir_seed1_eb,0.01,20,14,0,0.06303398538204144
neural_eb,neural_bidir_seed2_eb,0.01,20,14,0,0.06239383445740411
neural_eb,neural_bidir_seed3_eb,0.01,20,14,0,0.06258341066003076
neural_eb,neural_bidir_seed4_eb,0.01,20,14,0,0.06219652466983486
summary_ridge_eb,none,0.01,36,14,0,0.053837669678960545
neural_eb,neural_bidir_seed0_eb,0.01,36,14,0,0.05198100759386294
neural_eb,neural_bidir_seed1_eb,0.01,36,14,0,0.052277191594970185
neural_eb,neural_bidir_seed2_eb,0.01,36,14,0,0.05193622401236255
neural_eb,neural_bidir_seed3_eb,0.01,36,14,0,0.05203595180862808
neural_eb,neural_bidir_seed4_eb,0.01,36,14,0,0.05179608227609878
summary_ridge_prior,none,0.01,0,14,1,0.10445510713468287
neural_prior,neural_bidir_seed0_prior,0.01,0,14,1,0.08864664353859553
neural_prior,neural_bidir_seed1_prior,0.01,0,14,1,0.09098075693873398
neural_prior,neural_bidir_seed2_prior,0.01,0,14,1,0.08887941469401994
neural_prior,neural_bidir_seed3_prior,0.01,0,14,1,0.08944896615685138
neural_prior,neural_bidir_seed4_prior,0.01,0,14,1,0.08857183653708489
dfe,none,0.01,32,14,1,0.06611118195486393
dfe,none,0.01,48,14,1,0.05431236047930031
summary_ridge_eb,none,0.01,20,14,1,0.06686526116469721
neural_eb,neural_bidir_seed0_eb,0.01,20,14,1,0.06349566031094862
neural_eb,neural_bidir_seed1_eb,0.01,20,14,1,0.06418565651996395
neural_eb,neural_bidir_seed2_eb,0.01,20,14,1,0.06350541625295131
neural_eb,neural_bidir_seed3_eb,0.01,20,14,1,0.06366937058824239
neural_eb,neural_bidir_seed4_eb,0.01,20,14,1,0.0633385080895929
summary_ridge_eb,none,0.01,36,14,1,0.05428310694998321
neural_eb,neural_bidir_seed0_eb,0.01,36,14,1,0.052432403502008305
neural_eb,neural_bidir_seed1_eb,0.01,36,14,1,0.052795316314409715
neural_eb,neural_bidir_seed2_eb,0.01,36,14,1,0.0523690100832666
neural_eb,neural_bidir_seed3_eb,0.01,36,14,1,0.05244490099233631
neural_eb,neural_bidir_seed4_eb,0.01,36,14,1,0.0522972888661403
summary_ridge_prior,none,0.01,0,14,2,0.10382081495625219
neural_prior,neural_bidir_seed0_prior,0.01,0,14,2,0.08957375633144693
neural_prior,neural_bidir_seed1_prior,0.01,0,14,2,0.09205018821194244
neural_prior,neural_bidir_seed2_prior,0.01,0,14,2,0.08987644823901064
neural_prior,neural_bidir_seed3_prior,0.01,0,14,2,0.09054380076668167
neural_prior,neural_bidir_seed4_prior,0.01,0,14,2,0.08967029858285969
dfe,none,0.01,32,14,2,0.06765043965747373
dfe,none,0.01,48,14,2,0.05284381588197513
summary_ridge_eb,none,0.01,20,14,2,0.06571828671672271
neural_eb,neural_bidir_seed0_eb,0.01,20,14,2,0.06297034303410781
neural_eb,neural_bidir_seed1_eb,0.01,20,14,2,0.06365110029806152
neural_eb,neural_bidir_seed2_eb,0.01,20,14,2,0.06300965215261013
neural_eb,neural_bidir_seed3_eb,0.01,20,14,2,0.06308873465098333
neural_eb,neural_bidir_seed4_eb,0.01,20,14,2,0.06291392007949802
summary_ridge_eb,none,0.01,36,14,2,0.05362092942566006
neural_eb,neural_bidir_seed0_eb,0.01,36,14,2,0.05189577152579268
neural_eb,neural_bidir_seed1_eb,0.01,36,14,2,0.05235705998903541
neural_eb,neural_bidir_seed2_eb,0.01,36,14,2,0.05194721884849171
neural_eb,neural_bidir_seed3_eb,0.01,36,14,2,0.05198450845983784
neural_eb,neural_bidir_seed4_eb,0.01,36,14,2,0.05189616654530532
summary_ridge_prior,none,0.01,0,14,3,0.10350306931363776
neural_prior,neural_bidir_seed0_prior,0.01,0,14,3,0.08951505424010975
neural_prior,neural_bidir_seed1_prior,0.01,0,14,3,0.09185036252711143
neural_prior,neural_bidir_seed2_prior,0.01,0,14,3,0.0897867506773764
neural_prior,neural_bidir_seed3_prior,0.01,0,14,3,0.09042722220874566
neural_prior,neural_bidir_seed4_prior,0.01,0,14,3,0.08950667990393413
dfe,none,0.01,32,14,3,0.06612109104775744
dfe,none,0.01,48,14,3,0.05302858347132394
summary_ridge_eb,none,0.01,20,14,3,0.06439334434386657
neural_eb,neural_bidir_seed0_eb,0.01,20,14,3,0.062202236011121306
neural_eb,neural_bidir_seed1_eb,0.01,20,14,3,0.06288211922982413
neural_eb,neural_bidir_seed2_eb,0.01,20,14,3,0.062273441822919634
neural_eb,neural_bidir_seed3_eb,0.01,20,14,3,0.0623711492746721
neural_eb,neural_bidir_seed4_eb,0.01,20,14,3,0.06215075991822898
summary_ridge_eb,none,0.01,36,14,3,0.05380659745146141
neural_eb,neural_bidir_seed0_eb,0.01,36,14,3,0.05244388068457813
neural_eb,neural_bidir_seed1_eb,0.01,36,14,3,0.052788694366181
neural_eb,neural_bidir_seed2_eb,0.01,36,14,3,0.05244689555962967
neural_eb,neural_bidir_seed3_eb,0.01,36,14,3,0.05255187671343569
neural_eb,neural_bidir_seed4_eb,0.01,36,14,3,0.052378697127713994
summary_ridge_prior,none,0.01,0,14,4,0.10236494803805798
neural_prior,neural_bidir_seed0_prior,0.01,0,14,4,0.08879536083804851
neural_prior,neural_bidir_seed1_prior,0.01,0,14,4,0.09116418537269055
neural_prior,neural_bidir_seed2_prior,0.01,0,14,4,0.08901644262914488
neural_prior,neural_bidir_seed3_prior,0.01,0,14,4,0.08951173604691576
neural_prior,neural_bidir_seed4_prior,0.01,0,14,4,0.08873192981081957
dfe,none,0.01,32,14,4,0.06493729828364347
dfe,none,0.01,48,14,4,0.05363087187475178
summary_ridge_eb,none,0.01,20,14,4,0.0653956347993184
neural_eb,neural_bidir_seed0_eb,0.01,20,14,4,0.06284946609467246
neural_eb,neural_bidir_seed1_eb,0.01,20,14,4,0.0634734777316516
neural_eb,neural_bidir_seed2_eb,0.01,20,14,4,0.0628480600329882
neural_eb,neural_bidir_seed3_eb,0.01,20,14,4,0.06300174677053826
neural_eb,neural_bidir_seed4_eb,0.01,20,14,4,0.06271422483276409
summary_ridge_eb,none,0.01,36,14,4,0.05377489940411012
neural_eb,neural_bidir_seed0_eb,0.01,36,14,4,0.05286394638086884
neural_eb,neural_bidir_seed1_eb,0.01,36,14,4,0.053213327415345915
neural_eb,neural_bidir_seed2_eb,0.01,36,14,4,0.0528223079778913
neural_eb,neural_bidir_seed3_eb,0.01,36,14,4,0.05291276804620415
neural_eb,neural_bidir_seed4_eb,0.01,36,14,4,0.052698016534835176
summary_ridge_prior,none,0.01,0,15,0,0.10192086310230578
neural_prior,neural_bidir_seed0_prior,0.01,0,15,0,0.0908863701752125
neural_prior,neural_bidir_seed1_prior,0.01,0,15,0,0.0934706643656682
neural_prior,neural_bidir_seed2_prior,0.01,0,15,0,0.09089159506947908
neural_prior,neural_bidir_seed3_prior,0.01,0,15,0,0.09102557134428935
neural_prior,neural_bidir_seed4_prior,0.01,0,15,0,0.09055191847255628
dfe,none,0.01,32,15,0,0.06547766363013469
dfe,none,0.01,48,15,0,0.05348162849234349
summary_ridge_eb,none,0.01,20,15,0,0.06591911190891443
neural_eb,neural_bidir_seed0_eb,0.01,20,15,0,0.06335822283567452
neural_eb,neural_bidir_seed1_eb,0.01,20,15,0,0.06405879343463525
neural_eb,neural_bidir_seed2_eb,0.01,20,15,0,0.06332937647779463
neural_eb,neural_bidir_seed3_eb,0.01,20,15,0,0.06342207381719758
neural_eb,neural_bidir_seed4_eb,0.01,20,15,0,0.06319607828794313
summary_ridge_eb,none,0.01,36,15,0,0.05366086164251646
neural_eb,neural_bidir_seed0_eb,0.01,36,15,0,0.05174836306192551
neural_eb,neural_bidir_seed1_eb,0.01,36,15,0,0.05215096864974013
neural_eb,neural_bidir_seed2_eb,0.01,36,15,0,0.05170576091850348
neural_eb,neural_bidir_seed3_eb,0.01,36,15,0,0.051741993538085
neural_eb,neural_bidir_seed4_eb,0.01,36,15,0,0.05163198302920258
summary_ridge_prior,none,0.01,0,15,1,0.09979145542941265
neural_prior,neural_bidir_seed0_prior,0.01,0,15,1,0.09173107047354279
neural_prior,neural_bidir_seed1_prior,0.01,0,15,1,0.09453366511479544
neural_prior,neural_bidir_seed2_prior,0.01,0,15,1,0.09176568921066064
neural_prior,neural_bidir_seed3_prior,0.01,0,15,1,0.09193808652162261
neural_prior,neural_bidir_seed4_prior,0.01,0,15,1,0.09142988097119087
dfe,none,0.01,32,15,1,0.06463372767549508
dfe,none,0.01,48,15,1,0.05485707917114578
summary_ridge_eb,none,0.01,20,15,1,0.06555003829527487
neural_eb,neural_bidir_seed0_eb,0.01,20,15,1,0.06344564019559067
neural_eb,neural_bidir_seed1_eb,0.01,20,15,1,0.06410292495223754
neural_eb,neural_bidir_seed2_eb,0.01,20,15,1,0.06344374401847867
neural_eb,neural_bidir_seed3_eb,0.01,20,15,1,0.06359521703391567
neural_eb,neural_bidir_seed4_eb,0.01,20,15,1,0.0633496486360198
summary_ridge_eb,none,0.01,36,15,1,0.05449758288431969
neural_eb,neural_bidir_seed0_eb,0.01,36,15,1,0.053339139827399296
neural_eb,neural_bidir_seed1_eb,0.01,36,15,1,0.05374748720826525
neural_eb,neural_bidir_seed2_eb,0.01,36,15,1,0.053332823193578044
neural_eb,neural_bidir_seed3_eb,0.01,36,15,1,0.053402742692583105
neural_eb,neural_bidir_seed4_eb,0.01,36,15,1,0.0532632121154126
summary_ridge_prior,none,0.01,0,15,2,0.10265116250729796
neural_prior,neural_bidir_seed0_prior,0.01,0,15,2,0.09172143677460554
neural_prior,neural_bidir_seed1_prior,0.01,0,15,2,0.09439856358403631
neural_prior,neural_bidir_seed2_prior,0.01,0,15,2,0.09178423261801072
neural_prior,neural_bidir_seed3_prior,0.01,0,15,2,0.09186927322843985
neural_prior,neural_bidir_seed4_prior,0.01,0,15,2,0.09144099048171483
dfe,none,0.01,32,15,2,0.06586822774042216
dfe,none,0.01,48,15,2,0.05321378624981649
summary_ridge_eb,none,0.01,20,15,2,0.06561522550171135
neural_eb,neural_bidir_seed0_eb,0.01,20,15,2,0.06304457635713967
neural_eb,neural_bidir_seed1_eb,0.01,20,15,2,0.06365251256738944
neural_eb,neural_bidir_seed2_eb,0.01,20,15,2,0.06294305304475425
neural_eb,neural_bidir_seed3_eb,0.01,20,15,2,0.06308114351185284
neural_eb,neural_bidir_seed4_eb,0.01,20,15,2,0.06291386616188514
summary_ridge_eb,none,0.01,36,15,2,0.05324084830208038
neural_eb,neural_bidir_seed0_eb,0.01,36,15,2,0.05172290440230806
neural_eb,neural_bidir_seed1_eb,0.01,36,15,2,0.05211720656450425
neural_eb,neural_bidir_seed2_eb,0.01,36,15,2,0.05168960635020557
neural_eb,neural_bidir_seed3_eb,0.01,36,15,2,0.051785163387578895
neural_eb,neural_bidir_seed4_eb,0.01,36,15,2,0.05160571709259662
summary_ridge_prior,none,0.01,0,15,3,0.10156916584394646
neural_prior,neural_bidir_seed0_prior,0.01,0,15,3,0.09254570874145429
neural_prior,neural_bidir_seed1_prior,0.01,0,15,3,0.095252903391156
neural_prior,neural_bidir_seed2_prior,0.01,0,15,3,0.09258401819352002
neural_prior,neural_bidir_seed3_prior,0.01,0,15,3,0.09274995347186632
neural_prior,neural_bidir_seed4_prior,0.01,0,15,3,0.0922857703826594
dfe,none,0.01,32,15,3,0.06656833556382703
dfe,none,0.01,48,15,3,0.05284672500301338
summary_ridge_eb,none,0.01,20,15,3,0.06601162256114804
neural_eb,neural_bidir_seed0_eb,0.01,20,15,3,0.06424873734101172
neural_eb,neural_bidir_seed1_eb,0.01,20,15,3,0.06492026115703506
neural_eb,neural_bidir_seed2_eb,0.01,20,15,3,0.06415729715117868
neural_eb,neural_bidir_seed3_eb,0.01,20,15,3,0.06431258669004815
neural_eb,neural_bidir_seed4_eb,0.01,20,15,3,0.06408591967702862
summary_ridge_eb,none,0.01,36,15,3,0.054334243768649565
neural_eb,neural_bidir_seed0_eb,0.01,36,15,3,0.05265131984933414
neural_eb,neural_bidir_seed1_eb,0.01,36,15,3,0.053055376122230935
neural_eb,neural_bidir_seed2_eb,0.01,36,15,3,0.052653484038417776
neural_eb,neural_bidir_seed3_eb,0.01,36,15,3,0.052663134888204524
neural_eb,neural_bidir_seed4_eb,0.01,36,15,3,0.05258511937635954
summary_ridge_prior,none,0.01,0,15,4,0.10304042423886008
neural_prior,neural_bidir_seed0_prior,0.01,0,15,4,0.09552720876126841
neural_prior,neural_bidir_seed1_prior,0.01,0,15,4,0.0982263399000658
neural_prior,neural_bidir_seed2_prior,0.01,0,15,4,0.09546492779372784
neural_prior,neural_bidir_seed3_prior,0.01,0,15,4,0.09550396326994814
neural_prior,neural_bidir_seed4_prior,0.01,0,15,4,0.09528597588541743
dfe,none,0.01,32,15,4,0.06462172830644555
dfe,none,0.01,48,15,4,0.053538680845870774
summary_ridge_eb,none,0.01,20,15,4,0.0661169031120383
neural_eb,neural_bidir_seed0_eb,0.01,20,15,4,0.06418757272796148
neural_eb,neural_bidir_seed1_eb,0.01,20,15,4,0.06472882251731563
neural_eb,neural_bidir_seed2_eb,0.01,20,15,4,0.064141264554143
neural_eb,neural_bidir_seed3_eb,0.01,20,15,4,0.06423662556477622
neural_eb,neural_bidir_seed4_eb,0.01,20,15,4,0.06403357589324064
summary_ridge_eb,none,0.01,36,15,4,0.0526818497282423
neural_eb,neural_bidir_seed0_eb,0.01,36,15,4,0.05189331195878796
neural_eb,neural_bidir_seed1_eb,0.01,36,15,4,0.05223956014205136
neural_eb,neural_bidir_seed2_eb,0.01,36,15,4,0.051832977082326794
neural_eb,neural_bidir_seed3_eb,0.01,36,15,4,0.051821383647806106
neural_eb,neural_bidir_seed4_eb,0.01,36,15,4,0.051784701649704466
summary_ridge_prior,none,0.01,0,16,0,0.10110378286778904
neural_prior,neural_bidir_seed0_prior,0.01,0,16,0,0.08942144694992749
neural_prior,neural_bidir_seed1_prior,0.01,0,16,0,0.09199002195782668
neural_prior,neural_bidir_seed2_prior,0.01,0,16,0,0.08957604755960347
neural_prior,neural_bidir_seed3_prior,0.01,0,16,0,0.0897970662535954
neural_prior,neural_bidir_seed4_prior,0.01,0,16,0,0.08887323714407103
dfe,none,0.01,32,16,0,0.06740643661882761
dfe,none,0.01,48,16,0,0.053368908648568615
summary_ridge_eb,none,0.01,20,16,0,0.06412460071850805
neural_eb,neural_bidir_seed0_eb,0.01,20,16,0,0.06202001254402618
neural_eb,neural_bidir_seed1_eb,0.01,20,16,0,0.06277271868949122
neural_eb,neural_bidir_seed2_eb,0.01,20,16,0,0.062029126328736056
neural_eb,neural_bidir_seed3_eb,0.01,20,16,0,0.0620909233821485
neural_eb,neural_bidir_seed4_eb,0.01,20,16,0,0.06186524008991382
summary_ridge_eb,none,0.01,36,16,0,0.05214013834945199
neural_eb,neural_bidir_seed0_eb,0.01,36,16,0,0.05088612037173902
neural_eb,neural_bidir_seed1_eb,0.01,36,16,0,0.0513308333158686
neural_eb,neural_bidir_seed2_eb,0.01,36,16,0,0.05094392604410699
neural_eb,neural_bidir_seed3_eb,0.01,36,16,0,0.05096794567751979
neural_eb,neural_bidir_seed4_eb,0.01,36,16,0,0.050828288765562744
summary_ridge_prior,none,0.01,0,16,1,0.10004588269116618
neural_prior,neural_bidir_seed0_prior,0.01,0,16,1,0.08775273421451857
neural_prior,neural_bidir_seed1_prior,0.01,0,16,1,0.09030809535579465
neural_prior,neural_bidir_seed2_prior,0.01,0,16,1,0.08785193779294787
neural_prior,neural_bidir_seed3_prior,0.01,0,16,1,0.08809944453787466
neural_prior,neural_bidir_seed4_prior,0.01,0,16,1,0.0873813199414144
dfe,none,0.01,32,16,1,0.06601818423795132
dfe,none,0.01,48,16,1,0.05349250072885341
summary_ridge_eb,none,0.01,20,16,1,0.06465546359551326
neural_eb,neural_bidir_seed0_eb,0.01,20,16,1,0.06194413347371583
neural_eb,neural_bidir_seed1_eb,0.01,20,16,1,0.0626681191300812
neural_eb,neural_bidir_seed2_eb,0.01,20,16,1,0.0619759140416412
neural_eb,neural_bidir_seed3_eb,0.01,20,16,1,0.062054952504551106
neural_eb,neural_bidir_seed4_eb,0.01,20,16,1,0.06182843455796086
summary_ridge_eb,none,0.01,36,16,1,0.05294828771471051
neural_eb,neural_bidir_seed0_eb,0.01,36,16,1,0.051215270979037636
neural_eb,neural_bidir_seed1_eb,0.01,36,16,1,0.05166824051902558
neural_eb,neural_bidir_seed2_eb,0.01,36,16,1,0.05122033037677735
neural_eb,neural_bidir_seed3_eb,0.01,36,16,1,0.051246737921507315
neural_eb,neural_bidir_seed4_eb,0.01,36,16,1,0.05117272012793303
summary_ridge_prior,none,0.01,0,16,2,0.10280279572140645
neural_prior,neural_bidir_seed0_prior,0.01,0,16,2,0.08870506179482618
neural_prior,neural_bidir_seed1_prior,0.01,0,16,2,0.09123103826095758
neural_prior,neural_bidir_seed2_prior,0.01,0,16,2,0.0887549652816233
neural_prior,neural_bidir_seed3_prior,0.01,0,16,2,0.08909199831941805
neural_prior,neural_bidir_seed4_prior,0.01,0,16,2,0.08813977268982853
dfe,none,0.01,32,16,2,0.06494976350783259
dfe,none,0.01,48,16,2,0.053747470664415986
summary_ridge_eb,none,0.01,20,16,2,0.06659145854987676
neural_eb,neural_bidir_seed0_eb,0.01,20,16,2,0.06321810577606891
neural_eb,neural_bidir_seed1_eb,0.01,20,16,2,0.0638701101761092
neural_eb,neural_bidir_seed2_eb,0.01,20,16,2,0.06324541391980273
neural_eb,neural_bidir_seed3_eb,0.01,20,16,2,0.06340720889108986
neural_eb,neural_bidir_seed4_eb,0.01,20,16,2,0.06300478479841412
summary_ridge_eb,none,0.01,36,16,2,0.05300629329641671
neural_eb,neural_bidir_seed0_eb,0.01,36,16,2,0.05157113856791977
neural_eb,neural_bidir_seed1_eb,0.01,36,16,2,0.0520127620593961
neural_eb,neural_bidir_seed2_eb,0.01,36,16,2,0.051566187517224776
neural_eb,neural_bidir_seed3_eb,0.01,36,16,2,0.0516176202056787
neural_eb,neural_bidir_seed4_eb,0.01,36,16,2,0.051515395106568676
summary_ridge_prior,none,0.01,0,16,3,0.10065634589785326
neural_prior,neural_bidir_seed0_prior,0.01,0,16,3,0.08900486105812888
neural_prior,neural_bidir_seed1_prior,0.01,0,16,3,0.09143828537889931
neural_prior,neural_bidir_seed2_prior,0.01,0,16,3,0.0890922948365187
neural_prior,neural_bidir_seed3_prior,0.01,0,16,3,0.08940403762790083
neural_prior,neural_bidir_seed4_prior,0.01,0,16,3,0.08850280619481055
dfe,none,0.01,32,16,3,0.06572246446346387
dfe,none,0.01,48,16,3,0.05356660919892265
summary_ridge_eb,none,0.01,20,16,3,0.0661597924747451
neural_eb,neural_bidir_seed0_eb,0.01,20,16,3,0.06371342365868767
neural_eb,neural_bidir_seed1_eb,0.01,20,16,3,0.06444931876205356
neural_eb,neural_bidir_seed2_eb,0.01,20,16,3,0.06374241807041614
neural_eb,neural_bidir_seed3_eb,0.01,20,16,3,0.06380726082331886
neural_eb,neural_bidir_seed4_eb,0.01,20,16,3,0.06349673767600442
summary_ridge_eb,none,0.01,36,16,3,0.051783682602950146
neural_eb,neural_bidir_seed0_eb,0.01,36,16,3,0.050800525807334476
neural_eb,neural_bidir_seed1_eb,0.01,36,16,3,0.05121386319903642
neural_eb,neural_bidir_seed2_eb,0.01,36,16,3,0.05078059200880148
neural_eb,neural_bidir_seed3_eb,0.01,36,16,3,0.05081017997882658
neural_eb,neural_bidir_seed4_eb,0.01,36,16,3,0.05071301333060189
summary_ridge_prior,none,0.01,0,16,4,0.10232340583324126
neural_prior,neural_bidir_seed0_prior,0.01,0,16,4,0.0900829811780568
neural_prior,neural_bidir_seed1_prior,0.01,0,16,4,0.0927052305687539
neural_prior,neural_bidir_seed2_prior,0.01,0,16,4,0.09023196346061013
neural_prior,neural_bidir_seed3_prior,0.01,0,16,4,0.09049795268037997
neural_prior,neural_bidir_seed4_prior,0.01,0,16,4,0.08958551454088592
dfe,none,0.01,32,16,4,0.06575432799938277
dfe,none,0.01,48,16,4,0.05260149723077108
summary_ridge_eb,none,0.01,20,16,4,0.06685531822030868
neural_eb,neural_bidir_seed0_eb,0.01,20,16,4,0.06317696638106729
neural_eb,neural_bidir_seed1_eb,0.01,20,16,4,0.06388323088842879
neural_eb,neural_bidir_seed2_eb,0.01,20,16,4,0.0631908620870045
neural_eb,neural_bidir_seed3_eb,0.01,20,16,4,0.06329866028474022
neural_eb,neural_bidir_seed4_eb,0.01,20,16,4,0.06295422546976276
summary_ridge_eb,none,0.01,36,16,4,0.052580878138496476
neural_eb,neural_bidir_seed0_eb,0.01,36,16,4,0.05138208320130737
neural_eb,neural_bidir_seed1_eb,0.01,36,16,4,0.05187136622203481
neural_eb,neural_bidir_seed2_eb,0.01,36,16,4,0.051415835227128115
neural_eb,neural_bidir_seed3_eb,0.01,36,16,4,0.0514821610712701
neural_eb,neural_bidir_seed4_eb,0.01,36,16,4,0.05132598437076655
summary_ridge_prior,none,0.01,0,17,0,0.10819192082064062
neural_prior,neural_bidir_seed0_prior,0.01,0,17,0,0.09231085346800683
neural_prior,neural_bidir_seed1_prior,0.01,0,17,0,0.0945632206985465
neural_prior,neural_bidir_seed2_prior,0.01,0,17,0,0.09235200350485684
neural_prior,neural_bidir_seed3_prior,0.01,0,17,0,0.09317876199747843
neural_prior,neural_bidir_seed4_prior,0.01,0,17,0,0.09163824782262964
dfe,none,0.01,32,17,0,0.06718633688964176
dfe,none,0.01,48,17,0,0.05340914439268066
summary_ridge_eb,none,0.01,20,17,0,0.06590764155769542
neural_eb,neural_bidir_seed0_eb,0.01,20,17,0,0.06189423716928737
neural_eb,neural_bidir_seed1_eb,0.01,20,17,0,0.06252632085325996
neural_eb,neural_bidir_seed2_eb,0.01,20,17,0,0.0619414196747692
neural_eb,neural_bidir_seed3_eb,0.01,20,17,0,0.06215491708533387
neural_eb,neural_bidir_seed4_eb,0.01,20,17,0,0.06171584777359513
summary_ridge_eb,none,0.01,36,17,0,0.051976042244567505
neural_eb,neural_bidir_seed0_eb,0.01,36,17,0,0.05090959348174799
neural_eb,neural_bidir_seed1_eb,0.01,36,17,0,0.051301418138129364
neural_eb,neural_bidir_seed2_eb,0.01,36,17,0,0.050915547969313094
neural_eb,neural_bidir_seed3_eb,0.01,36,17,0,0.05100058631162483
neural_eb,neural_bidir_seed4_eb,0.01,36,17,0,0.05083587729857879
summary_ridge_prior,none,0.01,0,17,1,0.10351797192893006
neural_prior,neural_bidir_seed0_prior,0.01,0,17,1,0.09152542400443053
neural_prior,neural_bidir_seed1_prior,0.01,0,17,1,0.09381629513700318
neural_prior,neural_bidir_seed2_prior,0.01,0,17,1,0.09159595029086631
neural_prior,neural_bidir_seed3_prior,0.01,0,17,1,0.09249580453433737
neural_prior,neural_bidir_seed4_prior,0.01,0,17,1,0.09086877106346947
dfe,none,0.01,32,17,1,0.06499164787653301
dfe,none,0.01,48,17,1,0.05356444483817429
summary_ridge_eb,none,0.01,20,17,1,0.06559571477559929
neural_eb,neural_bidir_seed0_eb,0.01,20,17,1,0.06338744580391095
neural_eb,neural_bidir_seed1_eb,0.01,20,17,1,0.06393973636366695
neural_eb,neural_bidir_seed2_eb,0.01,20,17,1,0.06339043358397345
neural_eb,neural_bidir_seed3_eb,0.01,20,17,1,0.06365021523635778
neural_eb,neural_bidir_seed4_eb,0.01,20,17,1,0.06326839572351624
summary_ridge_eb,none,0.01,36,17,1,0.05274640762501562
neural_eb,neural_bidir_seed0_eb,0.01,36,17,1,0.05188955065327082
neural_eb,neural_bidir_seed1_eb,0.01,36,17,1,0.05224566117603154
neural_eb,neural_bidir_seed2_eb,0.01,36,17,1,0.051904900656049295
neural_eb,neural_bidir_seed3_eb,0.01,36,17,1,0.051987853145729616
neural_eb,neural_bidir_seed4_eb,0.01,36,17,1,0.05182081949158408
summary_ridge_prior,none,0.01,0,17,2,0.10710905623636442
neural_prior,neural_bidir_seed0_prior,0.01,0,17,2,0.09467807573491882
neural_prior,neural_bidir_seed1_prior,0.01,0,17,2,0.0968588686282601
neural_prior,neural_bidir_seed2_prior,0.01,0,17,2,0.09480473475377948
neural_prior,neural_bidir_seed3_prior,0.01,0,17,2,0.09575667275748856
neural_prior,neural_bidir_seed4_prior,0.01,0,17,2,0.0939930693111819
dfe,none,0.01,32,17,2,0.06383590471456527
dfe,none,0.01,48,17,2,0.05336917482834126
summary_ridge_eb,none,0.01,20,17,2,0.06639904376693201
neural_eb,neural_bidir_seed0_eb,0.01,20,17,2,0.06337091777796296
neural_eb,neural_bidir_seed1_eb,0.01,20,17,2,0.06401923120015206
neural_eb,neural_bidir_seed2_eb,0.01,20,17,2,0.06338958632880025
neural_eb,neural_bidir_seed3_eb,0.01,20,17,2,0.0636987869427672
neural_eb,neural_bidir_seed4_eb,0.01,20,17,2,0.06328360644226562
summary_ridge_eb,none,0.01,36,17,2,0.054018224010843705
neural_eb,neural_bidir_seed0_eb,0.01,36,17,2,0.05287566020564246
neural_eb,neural_bidir_seed1_eb,0.01,36,17,2,0.05323817198348272
neural_eb,neural_bidir_seed2_eb,0.01,36,17,2,0.0528714354206684
neural_eb,neural_bidir_seed3_eb,0.01,36,17,2,0.05309687920109048
neural_eb,neural_bidir_seed4_eb,0.01,36,17,2,0.05277636867516103
summary_ridge_prior,none,0.01,0,17,3,0.10584014780002932
neural_prior,neural_bidir_seed0_prior,0.01,0,17,3,0.0947313994893193
neural_prior,neural_bidir_seed1_prior,0.01,0,17,3,0.09682295804122987
neural_prior,neural_bidir_seed2_prior,0.01,0,17,3,0.09478326365024259
neural_prior,neural_bidir_seed3_prior,0.01,0,17,3,0.09586285267687344
neural_prior,neural_bidir_seed4_prior,0.01,0,17,3,0.09416884276834026
dfe,none,0.01,32,17,3,0.06507391405466478
dfe,none,0.01,48,17,3,0.05322953666401271
summary_ridge_eb,none,0.01,20,17,3,0.06602520740383948
neural_eb,neural_bidir_seed0_eb,0.01,20,17,3,0.0638475905782929
neural_eb,neural_bidir_seed1_eb,0.01,20,17,3,0.06445489162493236
neural_eb,neural_bidir_seed2_eb,0.01,20,17,3,0.06386678136917734
neural_eb,neural_bidir_seed3_eb,0.01,20,17,3,0.06408415597849317
neural_eb,neural_bidir_seed4_eb,0.01,20,17,3,0.0636598755715785
summary_ridge_eb,none,0.01,36,17,3,0.05268234209367204
neural_eb,neural_bidir_seed0_eb,0.01,36,17,3,0.051508939980579066
neural_eb,neural_bidir_seed1_eb,0.01,36,17,3,0.05192635032757974
neural_eb,neural_bidir_seed2_eb,0.01,36,17,3,0.05148239350887761
neural_eb,neural_bidir_seed3_eb,0.01,36,17,3,0.05154406512437046
neural_eb,neural_bidir_seed4_eb,0.01,36,17,3,0.051471902469192796
summary_ridge_prior,none,0.01,0,17,4,0.10398819603143951
neural_prior,neural_bidir_seed0_prior,0.01,0,17,4,0.09358668256209057
neural_prior,neural_bidir_seed1_prior,0.01,0,17,4,0.09590410735654586
neural_prior,neural_bidir_seed2_prior,0.01,0,17,4,0.09371430738792697
neural_prior,neural_bidir_seed3_prior,0.01,0,17,4,0.09472827427998709
neural_prior,neural_bidir_seed4_prior,0.01,0,17,4,0.09297254687589884
dfe,none,0.01,32,17,4,0.06532722607286759
dfe,none,0.01,48,17,4,0.05386781048586346
summary_ridge_eb,none,0.01,20,17,4,0.06724287085198492
neural_eb,neural_bidir_seed0_eb,0.01,20,17,4,0.06500247384641925
neural_eb,neural_bidir_seed1_eb,0.01,20,17,4,0.0656889963374578
neural_eb,neural_bidir_seed2_eb,0.01,20,17,4,0.06506550250365781
neural_eb,neural_bidir_seed3_eb,0.01,20,17,4,0.0652164941501209
neural_eb,neural_bidir_seed4_eb,0.01,20,17,4,0.06484383792746555
summary_ridge_eb,none,0.01,36,17,4,0.05330317593713911
neural_eb,neural_bidir_seed0_eb,0.01,36,17,4,0.05173751340233655
neural_eb,neural_bidir_seed1_eb,0.01,36,17,4,0.05204125759386521
neural_eb,neural_bidir_seed2_eb,0.01,36,17,4,0.05174617795589209
neural_eb,neural_bidir_seed3_eb,0.01,36,17,4,0.05188501660916793
neural_eb,neural_bidir_seed4_eb,0.01,36,17,4,0.051683739355959206
summary_ridge_prior,none,0.01,0,18,0,0.09630523443182883
neural_prior,neural_bidir_seed0_prior,0.01,0,18,0,0.08820467818259203
neural_prior,neural_bidir_seed1_prior,0.01,0,18,0,0.09060144959767058
neural_prior,neural_bidir_seed2_prior,0.01,0,18,0,0.08837162683448696
neural_prior,neural_bidir_seed3_prior,0.01,0,18,0,0.08868753158276377
neural_prior,neural_bidir_seed4_prior,0.01,0,18,0,0.0877324062075786
dfe,none,0.01,32,18,0,0.0656241286068303
dfe,none,0.01,48,18,0,0.052772683122149375
summary_ridge_eb,none,0.01,20,18,0,0.06541095373089074
neural_eb,neural_bidir_seed0_eb,0.01,20,18,0,0.06301683485815066
neural_eb,neural_bidir_seed1_eb,0.01,20,18,0,0.06378459017312293
neural_eb,neural_bidir_seed2_eb,0.01,20,18,0,0.06311665600570535
neural_eb,neural_bidir_seed3_eb,0.01,20,18,0,0.0631906497715814
neural_eb,neural_bidir_seed4_eb,0.01,20,18,0,0.06283644010671469
summary_ridge_eb,none,0.01,36,18,0,0.05340160791157941
neural_eb,neural_bidir_seed0_eb,0.01,36,18,0,0.052205747087212075
neural_eb,neural_bidir_seed1_eb,0.01,36,18,0,0.05257438972330887
neural_eb,neural_bidir_seed2_eb,0.01,36,18,0,0.05221779373539899
neural_eb,neural_bidir_seed3_eb,0.01,36,18,0,0.05227068062711274
neural_eb,neural_bidir_seed4_eb,0.01,36,18,0,0.05207055313534367
summary_ridge_prior,none,0.01,0,18,1,0.0976937031590878
neural_prior,neural_bidir_seed0_prior,0.01,0,18,1,0.08922982901822252
neural_prior,neural_bidir_seed1_prior,0.01,0,18,1,0.09173245713282085
neural_prior,neural_bidir_seed2_prior,0.01,0,18,1,0.08927099764514423
neural_prior,neural_bidir_seed3_prior,0.01,0,18,1,0.08950555899173196
neural_prior,neural_bidir_seed4_prior,0.01,0,18,1,0.08867819713304925
dfe,none,0.01,32,18,1,0.06477224081539376
dfe,none,0.01,48,18,1,0.053624515042175594
summary_ridge_eb,none,0.01,20,18,1,0.0644372683539033
neural_eb,neural_bidir_seed0_eb,0.01,20,18,1,0.062157317300936106
neural_eb,neural_bidir_seed1_eb,0.01,20,18,1,0.06287857762694182
neural_eb,neural_bidir_seed2_eb,0.01,20,18,1,0.06219925825141639
neural_eb,neural_bidir_seed3_eb,0.01,20,18,1,0.06228144846721957
neural_eb,neural_bidir_seed4_eb,0.01,20,18,1,0.06198495493741714
summary_ridge_eb,none,0.01,36,18,1,0.05366891112371079
neural_eb,neural_bidir_seed0_eb,0.01,36,18,1,0.05179450049439083
neural_eb,neural_bidir_seed1_eb,0.01,36,18,1,0.05221173654847737
neural_eb,neural_bidir_seed2_eb,0.01,36,18,1,0.0518411472810911
neural_eb,neural_bidir_seed3_eb,0.01,36,18,1,0.05189751214005521
neural_eb,neural_bidir_seed4_eb,0.01,36,18,1,0.051662346977907794
summary_ridge_prior,none,0.01,0,18,2,0.09936702567162452
neural_prior,neural_bidir_seed0_prior,0.01,0,18,2,0.08845703072984179
neural_prior,neural_bidir_seed1_prior,0.01,0,18,2,0.09094744425055978
neural_prior,neural_bidir_seed2_prior,0.01,0,18,2,0.0884879897985229
neural_prior,neural_bidir_seed3_prior,0.01,0,18,2,0.08867634729358542
neural_prior,neural_bidir_seed4_prior,0.01,0,18,2,0.08794446909269027
dfe,none,0.01,32,18,2,0.06592097670697827
dfe,none,0.01,48,18,2,0.05345641953061538
summary_ridge_eb,none,0.01,20,18,2,0.06552966241267205
neural_eb,neural_bidir_seed0_eb,0.01,20,18,2,0.0620695220415757
neural_eb,neural_bidir_seed1_eb,0.01,20,18,2,0.0627457750726495
neural_eb,neural_bidir_seed2_eb,0.01,20,18,2,0.062077239907839116
neural_eb,neural_bidir_seed3_eb,0.01,20,18,2,0.06219597333259167
neural_eb,neural_bidir_seed4_eb,0.01,20,18,2,0.06195419596679587
summary_ridge_eb,none,0.01,36,18,2,0.05372714502674594
neural_eb,neural_bidir_seed0_eb,0.01,36,18,2,0.052164316900652805
neural_eb,neural_bidir_seed1_eb,0.01,36,18,2,0.05260397179773453
neural_eb,neural_bidir_seed2_eb,0.01,36,18,2,0.05218253036188124
neural_eb,neural_bidir_seed3_eb,0.01,36,18,2,0.05224997306057555
neural_eb,neural_bidir_seed4_eb,0.01,36,18,2,0.052079003177441054
summary_ridge_prior,none,0.01,0,18,3,0.09687043477997094
neural_prior,neural_bidir_seed0_prior,0.01,0,18,3,0.09189883456383541
neural_prior,neural_bidir_seed1_prior,0.01,0,18,3,0.09446731552634446
neural_prior,neural_bidir_seed2_prior,0.01,0,18,3,0.09193034787858778
neural_prior,neural_bidir_seed3_prior,0.01,0,18,3,0.09204684079122671
neural_prior,neural_bidir_seed4_prior,0.01,0,18,3,0.09115343694247713
dfe,none,0.01,32,18,3,0.06641194587353645
dfe,none,0.01,48,18,3,0.05331054445488088
summary_ridge_eb,none,0.01,20,18,3,0.06594833008950181
neural_eb,neural_bidir_seed0_eb,0.01,20,18,3,0.06461769375561524
neural_eb,neural_bidir_seed1_eb,0.01,20,18,3,0.06541797901126134
neural_eb,neural_bidir_seed2_eb,0.01,20,18,3,0.06465352236629751
neural_eb,neural_bidir_seed3_eb,0.01,20,18,3,0.06470021535081825
neural_eb,neural_bidir_seed4_eb,0.01,20,18,3,0.06446043578266175
summary_ridge_eb,none,0.01,36,18,3,0.05271375552362989
neural_eb,neural_bidir_seed0_eb,0.01,36,18,3,0.05167734000273132
neural_eb,neural_bidir_seed1_eb,0.01,36,18,3,0.052049073995015814
neural_eb,neural_bidir_seed2_eb,0.01,36,18,3,0.05168429248710858
neural_eb,neural_bidir_seed3_eb,0.01,36,18,3,0.05180051539805624
neural_eb,neural_bidir_seed4_eb,0.01,36,18,3,0.05153452810371931
summary_ridge_prior,none,0.01,0,18,4,0.09930953228133688
neural_prior,neural_bidir_seed0_prior,0.01,0,18,4,0.09047595871925296
neural_prior,neural_bidir_seed1_prior,0.01,0,18,4,0.09308199705083098
neural_prior,neural_bidir_seed2_prior,0.01,0,18,4,0.09051030999216891
neural_prior,neural_bidir_seed3_prior,0.01,0,18,4,0.09069173143325315
neural_prior,neural_bidir_seed4_prior,0.01,0,18,4,0.08987003480251587
dfe,none,0.01,32,18,4,0.06567376836098948
dfe,none,0.01,48,18,4,0.05279582113994087
summary_ridge_eb,none,0.01,20,18,4,0.06503955475210116
neural_eb,neural_bidir_seed0_eb,0.01,20,18,4,0.06307411988990733
neural_eb,neural_bidir_seed1_eb,0.01,20,18,4,0.06369764785178188
neural_eb,neural_bidir_seed2_eb,0.01,20,18,4,0.06312470409599086
neural_eb,neural_bidir_seed3_eb,0.01,20,18,4,0.06324595877839102
neural_eb,neural_bidir_seed4_eb,0.01,20,18,4,0.06291410532231131
summary_ridge_eb,none,0.01,36,18,4,0.052027710095240556
neural_eb,neural_bidir_seed0_eb,0.01,36,18,4,0.05105513092144715
neural_eb,neural_bidir_seed1_eb,0.01,36,18,4,0.05143840273459804
neural_eb,neural_bidir_seed2_eb,0.01,36,18,4,0.05105889591665411
neural_eb,neural_bidir_seed3_eb,0.01,36,18,4,0.051119331971348846
neural_eb,neural_bidir_seed4_eb,0.01,36,18,4,0.050993375952987745
summary_ridge_prior,none,0.01,0,19,0,0.09735141941813001
neural_prior,neural_bidir_seed0_prior,0.01,0,19,0,0.09188234583234589
neural_prior,neural_bidir_seed1_prior,0.01,0,19,0,0.09457250894593017
neural_prior,neural_bidir_seed2_prior,0.01,0,19,0,0.09198537213342206
neural_prior,neural_bidir_seed3_prior,0.01,0,19,0,0.09229563836379384
neural_prior,neural_bidir_seed4_prior,0.01,0,19,0,0.09168977069748507
dfe,none,0.01,32,19,0,0.0651989806382127
dfe,none,0.01,48,19,0,0.053727041884027674
summary_ridge_eb,none,0.01,20,19,0,0.06597451482758918
neural_eb,neural_bidir_seed0_eb,0.01,20,19,0,0.0648828088634646
neural_eb,neural_bidir_seed1_eb,0.01,20,19,0,0.06565067971049328
neural_eb,neural_bidir_seed2_eb,0.01,20,19,0,0.06489054178075532
neural_eb,neural_bidir_seed3_eb,0.01,20,19,0,0.06494535695649216
neural_eb,neural_bidir_seed4_eb,0.01,20,19,0,0.06483226315396264
summary_ridge_eb,none,0.01,36,19,0,0.05220655967834914
neural_eb,neural_bidir_seed0_eb,0.01,36,19,0,0.051676977833266635
neural_eb,neural_bidir_seed1_eb,0.01,36,19,0,0.0521308394210314
neural_eb,neural_bidir_seed2_eb,0.01,36,19,0,0.05169681814528931
neural_eb,neural_bidir_seed3_eb,0.01,36,19,0,0.05174353462478748
neural_eb,neural_bidir_seed4_eb,0.01,36,19,0,0.0516312210777337
summary_ridge_prior,none,0.01,0,19,1,0.09835850288120228
neural_prior,neural_bidir_seed0_prior,0.01,0,19,1,0.09375542903399037
neural_prior,neural_bidir_seed1_prior,0.01,0,19,1,0.09635722446364525
neural_prior,neural_bidir_seed2_prior,0.01,0,19,1,0.09395523884268187
neural_prior,neural_bidir_seed3_prior,0.01,0,19,1,0.09417610065247572
neural_prior,neural_bidir_seed4_prior,0.01,0,19,1,0.09344890670581663
dfe,none,0.01,32,19,1,0.06658987054154805
dfe,none,0.01,48,19,1,0.053165000039940284
summary_ridge_eb,none,0.01,20,19,1,0.06614756539873953
neural_eb,neural_bidir_seed0_eb,0.01,20,19,1,0.06406457807054437
neural_eb,neural_bidir_seed1_eb,0.01,20,19,1,0.06482822709073864
neural_eb,neural_bidir_seed2_eb,0.01,20,19,1,0.06418974871767391
neural_eb,neural_bidir_seed3_eb,0.01,20,19,1,0.06421901399385567
neural_eb,neural_bidir_seed4_eb,0.01,20,19,1,0.06399400565011457
summary_ridge_eb,none,0.01,36,19,1,0.05269127694864632
neural_eb,neural_bidir_seed0_eb,0.01,36,19,1,0.052156084883033874
neural_eb,neural_bidir_seed1_eb,0.01,36,19,1,0.052549059062500514
neural_eb,neural_bidir_seed2_eb,0.01,36,19,1,0.0522047255246911
neural_eb,neural_bidir_seed3_eb,0.01,36,19,1,0.05222366771523462
neural_eb,neural_bidir_seed4_eb,0.01,36,19,1,0.05202199777973397
summary_ridge_prior,none,0.01,0,19,2,0.09649291281055272
neural_prior,neural_bidir_seed0_prior,0.01,0,19,2,0.08909260633481608
neural_prior,neural_bidir_seed1_prior,0.01,0,19,2,0.09180065161308448
neural_prior,neural_bidir_seed2_prior,0.01,0,19,2,0.08927547048187989
neural_prior,neural_bidir_seed3_prior,0.01,0,19,2,0.08954463402005786
neural_prior,neural_bidir_seed4_prior,0.01,0,19,2,0.0888444447391521
dfe,none,0.01,32,19,2,0.06465654688356748
dfe,none,0.01,48,19,2,0.05378285229071356
summary_ridge_eb,none,0.01,20,19,2,0.06474298072355503
neural_eb,neural_bidir_seed0_eb,0.01,20,19,2,0.06265737404415819
neural_eb,neural_bidir_seed1_eb,0.01,20,19,2,0.06347257730093145
neural_eb,neural_bidir_seed2_eb,0.01,20,19,2,0.06273595843207784
neural_eb,neural_bidir_seed3_eb,0.01,20,19,2,0.06287276665550964
neural_eb,neural_bidir_seed4_eb,0.01,20,19,2,0.06260298093820107
summary_ridge_eb,none,0.01,36,19,2,0.051355225528800286
neural_eb,neural_bidir_seed0_eb,0.01,36,19,2,0.05040016507740097
neural_eb,neural_bidir_seed1_eb,0.01,36,19,2,0.050887239411371146
neural_eb,neural_bidir_seed2_eb,0.01,36,19,2,0.050455953297733905
neural_eb,neural_bidir_seed3_eb,0.01,36,19,2,0.05050959682004547
neural_eb,neural_bidir_seed4_eb,0.01,36,19,2,0.0503904635243675
summary_ridge_prior,none,0.01,0,19,3,0.096704891595694
neural_prior,neural_bidir_seed0_prior,0.01,0,19,3,0.09071327892706904
neural_prior,neural_bidir_seed1_prior,0.01,0,19,3,0.09357349747187982
neural_prior,neural_bidir_seed2_prior,0.01,0,19,3,0.09086053280589113
neural_prior,neural_bidir_seed3_prior,0.01,0,19,3,0.09101226716120436
neural_prior,neural_bidir_seed4_prior,0.01,0,19,3,0.09052911883009074
dfe,none,0.01,32,19,3,0.06570706871017898
dfe,none,0.01,48,19,3,0.0524112985319526
summary_ridge_eb,none,0.01,20,19,3,0.06476927641364719
neural_eb,neural_bidir_seed0_eb,0.01,20,19,3,0.06291603541405205
neural_eb,neural_bidir_seed1_eb,0.01,20,19,3,0.06382624504508293
neural_eb,neural_bidir_seed2_eb,0.01,20,19,3,0.06294438615468186
neural_eb,neural_bidir_seed3_eb,0.01,20,19,3,0.06294966288985734
neural_eb,neural_bidir_seed4_eb,0.01,20,19,3,0.06290627075457128
summary_ridge_eb,none,0.01,36,19,3,0.05261927338478025
neural_eb,neural_bidir_seed0_eb,0.01,36,19,3,0.051811268451698186
neural_eb,neural_bidir_seed1_eb,0.01,36,19,3,0.052234760512223574
neural_eb,neural_bidir_seed2_eb,0.01,36,19,3,0.051833233722269806
neural_eb,neural_bidir_seed3_eb,0.01,36,19,3,0.05182056288172987
neural_eb,neural_bidir_seed4_eb,0.01,36,19,3,0.05172783075997345
summary_ridge_prior,none,0.01,0,19,4,0.09713867650671032
neural_prior,neural_bidir_seed0_prior,0.01,0,19,4,0.09157121425050718
neural_prior,neural_bidir_seed1_prior,0.01,0,19,4,0.09426235063983768
neural_prior,neural_bidir_seed2_prior,0.01,0,19,4,0.09175902460810903
neural_prior,neural_bidir_seed3_prior,0.01,0,19,4,0.0919592903501325
neural_prior,neural_bidir_seed4_prior,0.01,0,19,4,0.09133023702997889
dfe,none,0.01,32,19,4,0.06672549598249819
dfe,none,0.01,48,19,4,0.054385572363058035
summary_ridge_eb,none,0.01,20,19,4,0.0652185796654351
neural_eb,neural_bidir_seed0_eb,0.01,20,19,4,0.06393763796976215
neural_eb,neural_bidir_seed1_eb,0.01,20,19,4,0.06469560393965257
neural_eb,neural_bidir_seed2_eb,0.01,20,19,4,0.06398976084561826
neural_eb,neural_bidir_seed3_eb,0.01,20,19,4,0.06402352370533745
neural_eb,neural_bidir_seed4_eb,0.01,20,19,4,0.06385872361907183
summary_ridge_eb,none,0.01,36,19,4,0.05184111920747905
neural_eb,neural_bidir_seed0_eb,0.01,36,19,4,0.051796144419477844
neural_eb,neural_bidir_seed1_eb,0.01,36,19,4,0.05224134256587171
neural_eb,neural_bidir_seed2_eb,0.01,36,19,4,0.051770885677575915
neural_eb,neural_bidir_seed3_eb,0.01,36,19,4,0.05176653649764795
neural_eb,neural_bidir_seed4_eb,0.01,36,19,4,0.05172933942398341
summary_ridge_prior,none,0.03,0,0,0,0.10430161358940465
neural_prior,neural_bidir_seed0_prior,0.03,0,0,0,0.09435485519679787
neural_prior,neural_bidir_seed1_prior,0.03,0,0,0,0.09680559813750733
neural_prior,neural_bidir_seed2_prior,0.03,0,0,0,0.09450897463284491
neural_prior,neural_bidir_seed3_prior,0.03,0,0,0,0.09448344976954104
neural_prior,neural_bidir_seed4_prior,0.03,0,0,0,0.09380999400491419
dfe,none,0.03,32,0,0,0.06807860093005652
dfe,none,0.03,48,0,0,0.055700150167416064
summary_ridge_eb,none,0.03,20,0,0,0.06931796925617914
neural_eb,neural_bidir_seed0_eb,0.03,20,0,0,0.06774591177933822
neural_eb,neural_bidir_seed1_eb,0.03,20,0,0,0.06837580623292808
neural_eb,neural_bidir_seed2_eb,0.03,20,0,0,0.06780321293535017
neural_eb,neural_bidir_seed3_eb,0.03,20,0,0,0.0678152532817825
neural_eb,neural_bidir_seed4_eb,0.03,20,0,0,0.0676415082121915
summary_ridge_eb,none,0.03,36,0,0,0.054938317163392564
neural_eb,neural_bidir_seed0_eb,0.03,36,0,0,0.053610744179349995
neural_eb,neural_bidir_seed1_eb,0.03,36,0,0,0.05387821912273936
neural_eb,neural_bidir_seed2_eb,0.03,36,0,0,0.05362461534974054
neural_eb,neural_bidir_seed3_eb,0.03,36,0,0,0.05365232603554618
neural_eb,neural_bidir_seed4_eb,0.03,36,0,0,0.05347932972103189
summary_ridge_prior,none,0.03,0,0,1,0.10213267183451089
neural_prior,neural_bidir_seed0_prior,0.03,0,0,1,0.09326419938042818
neural_prior,neural_bidir_seed1_prior,0.03,0,0,1,0.09567359893298999
neural_prior,neural_bidir_seed2_prior,0.03,0,0,1,0.09340071848600928
neural_prior,neural_bidir_seed3_prior,0.03,0,0,1,0.09361930449631473
neural_prior,neural_bidir_seed4_prior,0.03,0,0,1,0.09269626751665783
dfe,none,0.03,32,0,1,0.06976454554244405
dfe,none,0.03,48,0,1,0.05636320984097999
summary_ridge_eb,none,0.03,20,0,1,0.06648257851236014
neural_eb,neural_bidir_seed0_eb,0.03,20,0,1,0.06568307482640702
neural_eb,neural_bidir_seed1_eb,0.03,20,0,1,0.06644192737742428
neural_eb,neural_bidir_seed2_eb,0.03,20,0,1,0.06572680877421681
neural_eb,neural_bidir_seed3_eb,0.03,20,0,1,0.06570828024521783
neural_eb,neural_bidir_seed4_eb,0.03,20,0,1,0.06553825700622862
summary_ridge_eb,none,0.03,36,0,1,0.0558505840069813
neural_eb,neural_bidir_seed0_eb,0.03,36,0,1,0.05487057797513588
neural_eb,neural_bidir_seed1_eb,0.03,36,0,1,0.055296125165046714
neural_eb,neural_bidir_seed2_eb,0.03,36,0,1,0.05488243590205386
neural_eb,neural_bidir_seed3_eb,0.03,36,0,1,0.05491017441429486
neural_eb,neural_bidir_seed4_eb,0.03,36,0,1,0.054757836684904235
summary_ridge_prior,none,0.03,0,0,2,0.09810255245936353
neural_prior,neural_bidir_seed0_prior,0.03,0,0,2,0.08954438671025855
neural_prior,neural_bidir_seed1_prior,0.03,0,0,2,0.09208162279355747
neural_prior,neural_bidir_seed2_prior,0.03,0,0,2,0.08968178940813232
neural_prior,neural_bidir_seed3_prior,0.03,0,0,2,0.08977681502256019
neural_prior,neural_bidir_seed4_prior,0.03,0,0,2,0.08899600622498838
dfe,none,0.03,32,0,2,0.06735664741109817
dfe,none,0.03,48,0,2,0.055557114864113966
summary_ridge_eb,none,0.03,20,0,2,0.06575513947971817
neural_eb,neural_bidir_seed0_eb,0.03,20,0,2,0.06458510872720014
neural_eb,neural_bidir_seed1_eb,0.03,20,0,2,0.06543467296456809
neural_eb,neural_bidir_seed2_eb,0.03,20,0,2,0.06459740704379563
neural_eb,neural_bidir_seed3_eb,0.03,20,0,2,0.06454871543803505
neural_eb,neural_bidir_seed4_eb,0.03,20,0,2,0.06436580925826772
summary_ridge_eb,none,0.03,36,0,2,0.054177151879670975
neural_eb,neural_bidir_seed0_eb,0.03,36,0,2,0.054146080163593596
neural_eb,neural_bidir_seed1_eb,0.03,36,0,2,0.05460844426489149
neural_eb,neural_bidir_seed2_eb,0.03,36,0,2,0.05413718059439028
neural_eb,neural_bidir_seed3_eb,0.03,36,0,2,0.05411279668952922
neural_eb,neural_bidir_seed4_eb,0.03,36,0,2,0.05402865025284659
summary_ridge_prior,none,0.03,0,0,3,0.1044693468137394
neural_prior,neural_bidir_seed0_prior,0.03,0,0,3,0.09375988842475635
neural_prior,neural_bidir_seed1_prior,0.03,0,0,3,0.09619188598117034
neural_prior,neural_bidir_seed2_prior,0.03,0,0,3,0.09388591412971437
neural_prior,neural_bidir_seed3_prior,0.03,0,0,3,0.09396708850727009
neural_prior,neural_bidir_seed4_prior,0.03,0,0,3,0.09314440214257047
dfe,none,0.03,32,0,3,0.06932125172131644
dfe,none,0.03,48,0,3,0.05688447079199973
summary_ridge_eb,none,0.03,20,0,3,0.06930825829884316
neural_eb,neural_bidir_seed0_eb,0.03,20,0,3,0.06770093139911529
neural_eb,neural_bidir_seed1_eb,0.03,20,0,3,0.06837100519019201
neural_eb,neural_bidir_seed2_eb,0.03,20,0,3,0.06768534823464735
neural_eb,neural_bidir_seed3_eb,0.03,20,0,3,0.06761211255386279
neural_eb,neural_bidir_seed4_eb,0.03,20,0,3,0.06757418757401815
summary_ridge_eb,none,0.03,36,0,3,0.05633836910623674
neural_eb,neural_bidir_seed0_eb,0.03,36,0,3,0.055819957790122984
neural_eb,neural_bidir_seed1_eb,0.03,36,0,3,0.056201919504972934
neural_eb,neural_bidir_seed2_eb,0.03,36,0,3,0.05582791809178174
neural_eb,neural_bidir_seed3_eb,0.03,36,0,3,0.055790832073923116
neural_eb,neural_bidir_seed4_eb,0.03,36,0,3,0.055752820313042566
summary_ridge_prior,none,0.03,0,0,4,0.10435303436797012
neural_prior,neural_bidir_seed0_prior,0.03,0,0,4,0.0955024724953546
neural_prior,neural_bidir_seed1_prior,0.03,0,0,4,0.09786725417325215
neural_prior,neural_bidir_seed2_prior,0.03,0,0,4,0.09559179776806559
neural_prior,neural_bidir_seed3_prior,0.03,0,0,4,0.09574607511422073
neural_prior,neural_bidir_seed4_prior,0.03,0,0,4,0.09486695932537259
dfe,none,0.03,32,0,4,0.06855374262360125
dfe,none,0.03,48,0,4,0.05653951041720781
summary_ridge_eb,none,0.03,20,0,4,0.06868330475104442
neural_eb,neural_bidir_seed0_eb,0.03,20,0,4,0.06698476772468517
neural_eb,neural_bidir_seed1_eb,0.03,20,0,4,0.06767560273456234
neural_eb,neural_bidir_seed2_eb,0.03,20,0,4,0.066985137629405
neural_eb,neural_bidir_seed3_eb,0.03,20,0,4,0.06708760449534729
neural_eb,neural_bidir_seed4_eb,0.03,20,0,4,0.0667959931869362
summary_ridge_eb,none,0.03,36,0,4,0.055758869260993445
neural_eb,neural_bidir_seed0_eb,0.03,36,0,4,0.054555004386279894
neural_eb,neural_bidir_seed1_eb,0.03,36,0,4,0.05492657838612386
neural_eb,neural_bidir_seed2_eb,0.03,36,0,4,0.05455944067557318
neural_eb,neural_bidir_seed3_eb,0.03,36,0,4,0.05458912370421469
neural_eb,neural_bidir_seed4_eb,0.03,36,0,4,0.054447063617204944
summary_ridge_prior,none,0.03,0,1,0,0.09769434355019918
neural_prior,neural_bidir_seed0_prior,0.03,0,1,0,0.0890652317666536
neural_prior,neural_bidir_seed1_prior,0.03,0,1,0,0.09129423869126185
neural_prior,neural_bidir_seed2_prior,0.03,0,1,0,0.08919013761442329
neural_prior,neural_bidir_seed3_prior,0.03,0,1,0,0.0892852645538369
neural_prior,neural_bidir_seed4_prior,0.03,0,1,0,0.08880609051811916
dfe,none,0.03,32,1,0,0.06890153340688639
dfe,none,0.03,48,1,0,0.055443316277410476
summary_ridge_eb,none,0.03,20,1,0,0.06561946288962872
neural_eb,neural_bidir_seed0_eb,0.03,20,1,0,0.06398382885866041
neural_eb,neural_bidir_seed1_eb,0.03,20,1,0,0.06479879833272284
neural_eb,neural_bidir_seed2_eb,0.03,20,1,0,0.06394747433398688
neural_eb,neural_bidir_seed3_eb,0.03,20,1,0,0.06408838763132657
neural_eb,neural_bidir_seed4_eb,0.03,20,1,0,0.06384314403579235
summary_ridge_eb,none,0.03,36,1,0,0.054731691646107444
neural_eb,neural_bidir_seed0_eb,0.03,36,1,0,0.0538031791414587
neural_eb,neural_bidir_seed1_eb,0.03,36,1,0,0.05424258513885918
neural_eb,neural_bidir_seed2_eb,0.03,36,1,0,0.05377782367996062
neural_eb,neural_bidir_seed3_eb,0.03,36,1,0,0.05387006618980422
neural_eb,neural_bidir_seed4_eb,0.03,36,1,0,0.05368955928399748
summary_ridge_prior,none,0.03,0,1,1,0.09976242424136084
neural_prior,neural_bidir_seed0_prior,0.03,0,1,1,0.09020608974060451
neural_prior,neural_bidir_seed1_prior,0.03,0,1,1,0.09239409556721512
neural_prior,neural_bidir_seed2_prior,0.03,0,1,1,0.09025077786463953
neural_prior,neural_bidir_seed3_prior,0.03,0,1,1,0.09040018486666668
neural_prior,neural_bidir_seed4_prior,0.03,0,1,1,0.08990798815466405
dfe,none,0.03,32,1,1,0.06891442465870994
dfe,none,0.03,48,1,1,0.05674363288560165
summary_ridge_eb,none,0.03,20,1,1,0.06657879120157154
neural_eb,neural_bidir_seed0_eb,0.03,20,1,1,0.0641327069734276
neural_eb,neural_bidir_seed1_eb,0.03,20,1,1,0.06493037222257957
neural_eb,neural_bidir_seed2_eb,0.03,20,1,1,0.06406855345806353
neural_eb,neural_bidir_seed3_eb,0.03,20,1,1,0.06424518978572694
neural_eb,neural_bidir_seed4_eb,0.03,20,1,1,0.0639865426204203
summary_ridge_eb,none,0.03,36,1,1,0.05506807408454083
neural_eb,neural_bidir_seed0_eb,0.03,36,1,1,0.05339279200956674
neural_eb,neural_bidir_seed1_eb,0.03,36,1,1,0.05382069502574467
neural_eb,neural_bidir_seed2_eb,0.03,36,1,1,0.0533873663447659
neural_eb,neural_bidir_seed3_eb,0.03,36,1,1,0.05347854197809719
neural_eb,neural_bidir_seed4_eb,0.03,36,1,1,0.05329165528109725
summary_ridge_prior,none,0.03,0,1,2,0.09608776797787144
neural_prior,neural_bidir_seed0_prior,0.03,0,1,2,0.08755038802883064
neural_prior,neural_bidir_seed1_prior,0.03,0,1,2,0.08987000699380587
neural_prior,neural_bidir_seed2_prior,0.03,0,1,2,0.08773482691867684
neural_prior,neural_bidir_seed3_prior,0.03,0,1,2,0.08780670263331558
neural_prior,neural_bidir_seed4_prior,0.03,0,1,2,0.08731724745848624
dfe,none,0.03,32,1,2,0.06894440466404628
dfe,none,0.03,48,1,2,0.05607303871511249
summary_ridge_eb,none,0.03,20,1,2,0.06556023098836697
neural_eb,neural_bidir_seed0_eb,0.03,20,1,2,0.06423037122663997
neural_eb,neural_bidir_seed1_eb,0.03,20,1,2,0.0650471968586552
neural_eb,neural_bidir_seed2_eb,0.03,20,1,2,0.06422023488001577
neural_eb,neural_bidir_seed3_eb,0.03,20,1,2,0.06432951113409624
neural_eb,neural_bidir_seed4_eb,0.03,20,1,2,0.06414385503742881
summary_ridge_eb,none,0.03,36,1,2,0.0545508179447428
neural_eb,neural_bidir_seed0_eb,0.03,36,1,2,0.053237378042610806
neural_eb,neural_bidir_seed1_eb,0.03,36,1,2,0.05371118769541809
neural_eb,neural_bidir_seed2_eb,0.03,36,1,2,0.05326305127047625
neural_eb,neural_bidir_seed3_eb,0.03,36,1,2,0.05333827845137844
neural_eb,neural_bidir_seed4_eb,0.03,36,1,2,0.05313007292539561
summary_ridge_prior,none,0.03,0,1,3,0.0971459269421556
neural_prior,neural_bidir_seed0_prior,0.03,0,1,3,0.08836123823675734
neural_prior,neural_bidir_seed1_prior,0.03,0,1,3,0.09058669392652519
neural_prior,neural_bidir_seed2_prior,0.03,0,1,3,0.08851480925477517
neural_prior,neural_bidir_seed3_prior,0.03,0,1,3,0.08868299001733249
neural_prior,neural_bidir_seed4_prior,0.03,0,1,3,0.08809158003532502
dfe,none,0.03,32,1,3,0.0693292844681948
dfe,none,0.03,48,1,3,0.05762253119214201
summary_ridge_eb,none,0.03,20,1,3,0.0671916652852895
neural_eb,neural_bidir_seed0_eb,0.03,20,1,3,0.06440455341373102
neural_eb,neural_bidir_seed1_eb,0.03,20,1,3,0.06521254281826441
neural_eb,neural_bidir_seed2_eb,0.03,20,1,3,0.06438097896610372
neural_eb,neural_bidir_seed3_eb,0.03,20,1,3,0.0645026285597479
neural_eb,neural_bidir_seed4_eb,0.03,20,1,3,0.0642634667874549
summary_ridge_eb,none,0.03,36,1,3,0.05434590608927297
neural_eb,neural_bidir_seed0_eb,0.03,36,1,3,0.0536848039901439
neural_eb,neural_bidir_seed1_eb,0.03,36,1,3,0.05424867819521133
neural_eb,neural_bidir_seed2_eb,0.03,36,1,3,0.053640395596234035
neural_eb,neural_bidir_seed3_eb,0.03,36,1,3,0.053646296109147056
neural_eb,neural_bidir_seed4_eb,0.03,36,1,3,0.053569987029026225
summary_ridge_prior,none,0.03,0,1,4,0.09994957339805723
neural_prior,neural_bidir_seed0_prior,0.03,0,1,4,0.08943476210515655
neural_prior,neural_bidir_seed1_prior,0.03,0,1,4,0.09167361234540294
neural_prior,neural_bidir_seed2_prior,0.03,0,1,4,0.08974147079243266
neural_prior,neural_bidir_seed3_prior,0.03,0,1,4,0.08988885210965236
neural_prior,neural_bidir_seed4_prior,0.03,0,1,4,0.08924220801964111
dfe,none,0.03,32,1,4,0.06811675924430521
dfe,none,0.03,48,1,4,0.0569334276330168
summary_ridge_eb,none,0.03,20,1,4,0.06662681171567651
neural_eb,neural_bidir_seed0_eb,0.03,20,1,4,0.06439490056494852
neural_eb,neural_bidir_seed1_eb,0.03,20,1,4,0.06525844173585457
neural_eb,neural_bidir_seed2_eb,0.03,20,1,4,0.06446166650577262
neural_eb,neural_bidir_seed3_eb,0.03,20,1,4,0.06454653422018879
neural_eb,neural_bidir_seed4_eb,0.03,20,1,4,0.0642858919850737
summary_ridge_eb,none,0.03,36,1,4,0.05411636150953092
neural_eb,neural_bidir_seed0_eb,0.03,36,1,4,0.05294285904387848
neural_eb,neural_bidir_seed1_eb,0.03,36,1,4,0.05345064480798269
neural_eb,neural_bidir_seed2_eb,0.03,36,1,4,0.05292747648639895
neural_eb,neural_bidir_seed3_eb,0.03,36,1,4,0.053017580758101465
neural_eb,neural_bidir_seed4_eb,0.03,36,1,4,0.05285877504734541
summary_ridge_prior,none,0.03,0,2,0,0.09691153717746231
neural_prior,neural_bidir_seed0_prior,0.03,0,2,0,0.08667573541424645
neural_prior,neural_bidir_seed1_prior,0.03,0,2,0,0.0887826918024075
neural_prior,neural_bidir_seed2_prior,0.03,0,2,0,0.08679853720059327
neural_prior,neural_bidir_seed3_prior,0.03,0,2,0,0.08704396064240427
neural_prior,neural_bidir_seed4_prior,0.03,0,2,0,0.08637058707790857
dfe,none,0.03,32,2,0,0.06859351162154084
dfe,none,0.03,48,2,0,0.05656706542502963
summary_ridge_eb,none,0.03,20,2,0,0.0679676782265339
neural_eb,neural_bidir_seed0_eb,0.03,20,2,0,0.06517108413725749
neural_eb,neural_bidir_seed1_eb,0.03,20,2,0,0.06602280096883376
neural_eb,neural_bidir_seed2_eb,0.03,20,2,0,0.06518107956662841
neural_eb,neural_bidir_seed3_eb,0.03,20,2,0,0.06523663916958772
neural_eb,neural_bidir_seed4_eb,0.03,20,2,0,0.06496322146197471
summary_ridge_eb,none,0.03,36,2,0,0.053728197965308686
neural_eb,neural_bidir_seed0_eb,0.03,36,2,0,0.0527124685343778
neural_eb,neural_bidir_seed1_eb,0.03,36,2,0,0.05333307136637791
neural_eb,neural_bidir_seed2_eb,0.03,36,2,0,0.05268446255992078
neural_eb,neural_bidir_seed3_eb,0.03,36,2,0,0.052701241937953114
neural_eb,neural_bidir_seed4_eb,0.03,36,2,0,0.05263569474510612
summary_ridge_prior,none,0.03,0,2,1,0.0964663427984102
neural_prior,neural_bidir_seed0_prior,0.03,0,2,1,0.0873944739196304
neural_prior,neural_bidir_seed1_prior,0.03,0,2,1,0.08943330200963828
neural_prior,neural_bidir_seed2_prior,0.03,0,2,1,0.08747014777873119
neural_prior,neural_bidir_seed3_prior,0.03,0,2,1,0.08779512843284465
neural_prior,neural_bidir_seed4_prior,0.03,0,2,1,0.08695826818984642
dfe,none,0.03,32,2,1,0.06762008210473064
dfe,none,0.03,48,2,1,0.05670284757989002
summary_ridge_eb,none,0.03,20,2,1,0.06589399907623772
neural_eb,neural_bidir_seed0_eb,0.03,20,2,1,0.06388306332730911
neural_eb,neural_bidir_seed1_eb,0.03,20,2,1,0.06499674229738704
neural_eb,neural_bidir_seed2_eb,0.03,20,2,1,0.06400024972412839
neural_eb,neural_bidir_seed3_eb,0.03,20,2,1,0.06392606904509135
neural_eb,neural_bidir_seed4_eb,0.03,20,2,1,0.06386257773809298
summary_ridge_eb,none,0.03,36,2,1,0.05390015406318385
neural_eb,neural_bidir_seed0_eb,0.03,36,2,1,0.05386027619793628
neural_eb,neural_bidir_seed1_eb,0.03,36,2,1,0.054636669376495015
neural_eb,neural_bidir_seed2_eb,0.03,36,2,1,0.05394073257874692
neural_eb,neural_bidir_seed3_eb,0.03,36,2,1,0.05383668220482025
neural_eb,neural_bidir_seed4_eb,0.03,36,2,1,0.053889753764865156
summary_ridge_prior,none,0.03,0,2,2,0.0956452547385003
neural_prior,neural_bidir_seed0_prior,0.03,0,2,2,0.08702922450720507
neural_prior,neural_bidir_seed1_prior,0.03,0,2,2,0.08919859290290333
neural_prior,neural_bidir_seed2_prior,0.03,0,2,2,0.08714806407624565
neural_prior,neural_bidir_seed3_prior,0.03,0,2,2,0.08731142624856147
neural_prior,neural_bidir_seed4_prior,0.03,0,2,2,0.08677726456335222
dfe,none,0.03,32,2,2,0.06965693629292141
dfe,none,0.03,48,2,2,0.057086660979879245
summary_ridge_eb,none,0.03,20,2,2,0.06619158069674158
neural_eb,neural_bidir_seed0_eb,0.03,20,2,2,0.06522371781481628
neural_eb,neural_bidir_seed1_eb,0.03,20,2,2,0.0662324506840892
neural_eb,neural_bidir_seed2_eb,0.03,20,2,2,0.06525142094425963
neural_eb,neural_bidir_seed3_eb,0.03,20,2,2,0.0650940300187346
neural_eb,neural_bidir_seed4_eb,0.03,20,2,2,0.06505382459178236
summary_ridge_eb,none,0.03,36,2,2,0.05539031273211106
neural_eb,neural_bidir_seed0_eb,0.03,36,2,2,0.05485889842217488
neural_eb,neural_bidir_seed1_eb,0.03,36,2,2,0.05534475816816103
neural_eb,neural_bidir_seed2_eb,0.03,36,2,2,0.05488920264129498
neural_eb,neural_bidir_seed3_eb,0.03,36,2,2,0.0548892436406163
neural_eb,neural_bidir_seed4_eb,0.03,36,2,2,0.05475116725773743
summary_ridge_prior,none,0.03,0,2,3,0.09733344082042003
neural_prior,neural_bidir_seed0_prior,0.03,0,2,3,0.08693815678088868
neural_prior,neural_bidir_seed1_prior,0.03,0,2,3,0.0890267900449544
neural_prior,neural_bidir_seed2_prior,0.03,0,2,3,0.08704927498729376
neural_prior,neural_bidir_seed3_prior,0.03,0,2,3,0.08734308215025521
neural_prior,neural_bidir_seed4_prior,0.03,0,2,3,0.0865876644365926
dfe,none,0.03,32,2,3,0.07051197785818039
dfe,none,0.03,48,2,3,0.05607658685416195
summary_ridge_eb,none,0.03,20,2,3,0.06592477924220916
neural_eb,neural_bidir_seed0_eb,0.03,20,2,3,0.06484624288997924
neural_eb,neural_bidir_seed1_eb,0.03,20,2,3,0.06619576960425363
neural_eb,neural_bidir_seed2_eb,0.03,20,2,3,0.06487995785356301
neural_eb,neural_bidir_seed3_eb,0.03,20,2,3,0.06455314891261743
neural_eb,neural_bidir_seed4_eb,0.03,20,2,3,0.06472183892088479
summary_ridge_eb,none,0.03,36,2,3,0.054949784205877567
neural_eb,neural_bidir_seed0_eb,0.03,36,2,3,0.05589739627864655
neural_eb,neural_bidir_seed1_eb,0.03,36,2,3,0.05699841532675599
neural_eb,neural_bidir_seed2_eb,0.03,36,2,3,0.05583267810281072
neural_eb,neural_bidir_seed3_eb,0.03,36,2,3,0.0554648295088387
neural_eb,neural_bidir_seed4_eb,0.03,36,2,3,0.05590998749479411
summary_ridge_prior,none,0.03,0,2,4,0.09937369994583192
neural_prior,neural_bidir_seed0_prior,0.03,0,2,4,0.08667766638063767
neural_prior,neural_bidir_seed1_prior,0.03,0,2,4,0.08878522556733515
neural_prior,neural_bidir_seed2_prior,0.03,0,2,4,0.08679613163803879
neural_prior,neural_bidir_seed3_prior,0.03,0,2,4,0.08704445323928667
neural_prior,neural_bidir_seed4_prior,0.03,0,2,4,0.08636944264253543
dfe,none,0.03,32,2,4,0.06916314346079239
dfe,none,0.03,48,2,4,0.056882010802082925
summary_ridge_eb,none,0.03,20,2,4,0.06770728219514098
neural_eb,neural_bidir_seed0_eb,0.03,20,2,4,0.06465881242763807
neural_eb,neural_bidir_seed1_eb,0.03,20,2,4,0.06548547966317872
neural_eb,neural_bidir_seed2_eb,0.03,20,2,4,0.06464953501324697
neural_eb,neural_bidir_seed3_eb,0.03,20,2,4,0.06481582226703875
neural_eb,neural_bidir_seed4_eb,0.03,20,2,4,0.0644594678146363
summary_ridge_eb,none,0.03,36,2,4,0.05544163293012231
neural_eb,neural_bidir_seed0_eb,0.03,36,2,4,0.05391991854037143
neural_eb,neural_bidir_seed1_eb,0.03,36,2,4,0.05446195301998532
neural_eb,neural_bidir_seed2_eb,0.03,36,2,4,0.05391141197449789
neural_eb,neural_bidir_seed3_eb,0.03,36,2,4,0.05397239213771173
neural_eb,neural_bidir_seed4_eb,0.03,36,2,4,0.05382261086249304
summary_ridge_prior,none,0.03,0,3,0,0.09733321872774987
neural_prior,neural_bidir_seed0_prior,0.03,0,3,0,0.09016171274379303
neural_prior,neural_bidir_seed1_prior,0.03,0,3,0,0.09272571811561647
neural_prior,neural_bidir_seed2_prior,0.03,0,3,0,0.09000604387074418
neural_prior,neural_bidir_seed3_prior,0.03,0,3,0,0.09042937957383401
neural_prior,neural_bidir_seed4_prior,0.03,0,3,0,0.08959071930985374
dfe,none,0.03,32,3,0,0.06866944105999248
dfe,none,0.03,48,3,0,0.05663268963852464
summary_ridge_eb,none,0.03,20,3,0,0.06851598384955504
neural_eb,neural_bidir_seed0_eb,0.03,20,3,0,0.06617692555073502
neural_eb,neural_bidir_seed1_eb,0.03,20,3,0,0.06677659557517149
neural_eb,neural_bidir_seed2_eb,0.03,20,3,0,0.06602745149641158
neural_eb,neural_bidir_seed3_eb,0.03,20,3,0,0.06634999257987759
neural_eb,neural_bidir_seed4_eb,0.03,20,3,0,0.06595730257255975
summary_ridge_eb,none,0.03,36,3,0,0.05593581815520925
neural_eb,neural_bidir_seed0_eb,0.03,36,3,0,0.05388994010416817
neural_eb,neural_bidir_seed1_eb,0.03,36,3,0,0.05425101508551672
neural_eb,neural_bidir_seed2_eb,0.03,36,3,0,0.05380678168975386
neural_eb,neural_bidir_seed3_eb,0.03,36,3,0,0.05396079719779084
neural_eb,neural_bidir_seed4_eb,0.03,36,3,0,0.05377549530477944
summary_ridge_prior,none,0.03,0,3,1,0.09778880054669942
neural_prior,neural_bidir_seed0_prior,0.03,0,3,1,0.09266292573556711
neural_prior,neural_bidir_seed1_prior,0.03,0,3,1,0.09528897318341478
neural_prior,neural_bidir_seed2_prior,0.03,0,3,1,0.09241087604277709
neural_prior,neural_bidir_seed3_prior,0.03,0,3,1,0.09277107082561997
neural_prior,neural_bidir_seed4_prior,0.03,0,3,1,0.09207702550884278
dfe,none,0.03,32,3,1,0.07006787169534909
dfe,none,0.03,48,3,1,0.056429376332021705
summary_ridge_eb,none,0.03,20,3,1,0.06875631852866938
neural_eb,neural_bidir_seed0_eb,0.03,20,3,1,0.06542392650758788
neural_eb,neural_bidir_seed1_eb,0.03,20,3,1,0.06601556232954679
neural_eb,neural_bidir_seed2_eb,0.03,20,3,1,0.06532722343144329
neural_eb,neural_bidir_seed3_eb,0.03,20,3,1,0.06551226568190208
neural_eb,neural_bidir_seed4_eb,0.03,20,3,1,0.06517377028195587
summary_ridge_eb,none,0.03,36,3,1,0.056456736532854296
neural_eb,neural_bidir_seed0_eb,0.03,36,3,1,0.05449129872874656
neural_eb,neural_bidir_seed1_eb,0.03,36,3,1,0.05493801404530485
neural_eb,neural_bidir_seed2_eb,0.03,36,3,1,0.05441282992587279
neural_eb,neural_bidir_seed3_eb,0.03,36,3,1,0.05450083407377668
neural_eb,neural_bidir_seed4_eb,0.03,36,3,1,0.05438001269693808
summary_ridge_prior,none,0.03,0,3,2,0.09864097180688589
neural_prior,neural_bidir_seed0_prior,0.03,0,3,2,0.0918323075366061
neural_prior,neural_bidir_seed1_prior,0.03,0,3,2,0.09444492842703767
neural_prior,neural_bidir_seed2_prior,0.03,0,3,2,0.09168087875696074
neural_prior,neural_bidir_seed3_prior,0.03,0,3,2,0.09205174044291198
neural_prior,neural_bidir_seed4_prior,0.03,0,3,2,0.09139035029329534
dfe,none,0.03,32,3,2,0.06918091727474096
dfe,none,0.03,48,3,2,0.05573807713281372
summary_ridge_eb,none,0.03,20,3,2,0.067290426136739
neural_eb,neural_bidir_seed0_eb,0.03,20,3,2,0.06547142338428903
neural_eb,neural_bidir_seed1_eb,0.03,20,3,2,0.066206569199316
neural_eb,neural_bidir_seed2_eb,0.03,20,3,2,0.06530749971737004
neural_eb,neural_bidir_seed3_eb,0.03,20,3,2,0.0654392248190295
neural_eb,neural_bidir_seed4_eb,0.03,20,3,2,0.06525015280912519
summary_ridge_eb,none,0.03,36,3,2,0.0543332058712539
neural_eb,neural_bidir_seed0_eb,0.03,36,3,2,0.05344526076709816
neural_eb,neural_bidir_seed1_eb,0.03,36,3,2,0.05383848360877417
neural_eb,neural_bidir_seed2_eb,0.03,36,3,2,0.05337667674136425
neural_eb,neural_bidir_seed3_eb,0.03,36,3,2,0.05347561881708281
neural_eb,neural_bidir_seed4_eb,0.03,36,3,2,0.053333752926449804
summary_ridge_prior,none,0.03,0,3,3,0.09566743097854032
neural_prior,neural_bidir_seed0_prior,0.03,0,3,3,0.08857367184646137
neural_prior,neural_bidir_seed1_prior,0.03,0,3,3,0.09133500010466378
neural_prior,neural_bidir_seed2_prior,0.03,0,3,3,0.08847865230018215
neural_prior,neural_bidir_seed3_prior,0.03,0,3,3,0.08880558769851632
neural_prior,neural_bidir_seed4_prior,0.03,0,3,3,0.08803872456155659
dfe,none,0.03,32,3,3,0.06900553269433465
dfe,none,0.03,48,3,3,0.05527569781929259
summary_ridge_eb,none,0.03,20,3,3,0.07102136279525981
neural_eb,neural_bidir_seed0_eb,0.03,20,3,3,0.06848599398585445
neural_eb,neural_bidir_seed1_eb,0.03,20,3,3,0.06901530004990544
neural_eb,neural_bidir_seed2_eb,0.03,20,3,3,0.06831175878906881
neural_eb,neural_bidir_seed3_eb,0.03,20,3,3,0.06859088355216193
neural_eb,neural_bidir_seed4_eb,0.03,20,3,3,0.06813376674999055
summary_ridge_eb,none,0.03,36,3,3,0.057013992117471594
neural_eb,neural_bidir_seed0_eb,0.03,36,3,3,0.05541807801989773
neural_eb,neural_bidir_seed1_eb,0.03,36,3,3,0.055747380625298035
neural_eb,neural_bidir_seed2_eb,0.03,36,3,3,0.055308739074571636
neural_eb,neural_bidir_seed3_eb,0.03,36,3,3,0.055471544430657695
neural_eb,neural_bidir_seed4_eb,0.03,36,3,3,0.05530455459155435
summary_ridge_prior,none,0.03,0,3,4,0.09838882739401793
neural_prior,neural_bidir_seed0_prior,0.03,0,3,4,0.09057584203219449
neural_prior,neural_bidir_seed1_prior,0.03,0,3,4,0.09325575744696835
neural_prior,neural_bidir_seed2_prior,0.03,0,3,4,0.09049408069222409
neural_prior,neural_bidir_seed3_prior,0.03,0,3,4,0.09079998079505458
neural_prior,neural_bidir_seed4_prior,0.03,0,3,4,0.09016208864886721
dfe,none,0.03,32,3,4,0.06955653435630046
dfe,none,0.03,48,3,4,0.05577799304888905
summary_ridge_eb,none,0.03,20,3,4,0.06667825221511699
neural_eb,neural_bidir_seed0_eb,0.03,20,3,4,0.06428084969160369
neural_eb,neural_bidir_seed1_eb,0.03,20,3,4,0.0649637968472624
neural_eb,neural_bidir_seed2_eb,0.03,20,3,4,0.06421310822664848
neural_eb,neural_bidir_seed3_eb,0.03,20,3,4,0.0643755901085298
neural_eb,neural_bidir_seed4_eb,0.03,20,3,4,0.06414895388685864
summary_ridge_eb,none,0.03,36,3,4,0.05433937801384049
neural_eb,neural_bidir_seed0_eb,0.03,36,3,4,0.05316582661216674
neural_eb,neural_bidir_seed1_eb,0.03,36,3,4,0.05360244211645779
neural_eb,neural_bidir_seed2_eb,0.03,36,3,4,0.05311478453223677
neural_eb,neural_bidir_seed3_eb,0.03,36,3,4,0.05315611164077488
neural_eb,neural_bidir_seed4_eb,0.03,36,3,4,0.05306145674500028
summary_ridge_prior,none,0.03,0,4,0,0.09680553873327544
neural_prior,neural_bidir_seed0_prior,0.03,0,4,0,0.08951878962216142
neural_prior,neural_bidir_seed1_prior,0.03,0,4,0,0.09191255654332053
neural_prior,neural_bidir_seed2_prior,0.03,0,4,0,0.08955796043846931
neural_prior,neural_bidir_seed3_prior,0.03,0,4,0,0.08976906154384778
neural_prior,neural_bidir_seed4_prior,0.03,0,4,0,0.08933833030278038
dfe,none,0.03,32,4,0,0.06848685922488315
dfe,none,0.03,48,4,0,0.05653011376373198
summary_ridge_eb,none,0.03,20,4,0,0.06656772541162877
neural_eb,neural_bidir_seed0_eb,0.03,20,4,0,0.06451204782241529
neural_eb,neural_bidir_seed1_eb,0.03,20,4,0,0.06520353428551112
neural_eb,neural_bidir_seed2_eb,0.03,20,4,0,0.0644567470935693
neural_eb,neural_bidir_seed3_eb,0.03,20,4,0,0.06458662320065692
neural_eb,neural_bidir_seed4_eb,0.03,20,4,0,0.06434706525190481
summary_ridge_eb,none,0.03,36,4,0,0.05559967307336291
neural_eb,neural_bidir_seed0_eb,0.03,36,4,0,0.053816976163290106
neural_eb,neural_bidir_seed1_eb,0.03,36,4,0,0.0542392661426987
neural_eb,neural_bidir_seed2_eb,0.03,36,4,0,0.05377731174916849
neural_eb,neural_bidir_seed3_eb,0.03,36,4,0,0.05391154184830955
neural_eb,neural_bidir_seed4_eb,0.03,36,4,0,0.053759968975681686
summary_ridge_prior,none,0.03,0,4,1,0.094180746132944
neural_prior,neural_bidir_seed0_prior,0.03,0,4,1,0.08963379411397909
neural_prior,neural_bidir_seed1_prior,0.03,0,4,1,0.0920319637607463
neural_prior,neural_bidir_seed2_prior,0.03,0,4,1,0.0897432646361267
neural_prior,neural_bidir_seed3_prior,0.03,0,4,1,0.0899612230987259
neural_prior,neural_bidir_seed4_prior,0.03,0,4,1,0.08948062228409981
dfe,none,0.03,32,4,1,0.06930189112109533
dfe,none,0.03,48,4,1,0.05632128394628377
summary_ridge_eb,none,0.03,20,4,1,0.06559991766284579
neural_eb,neural_bidir_seed0_eb,0.03,20,4,1,0.06473740407677883
neural_eb,neural_bidir_seed1_eb,0.03,20,4,1,0.06537572005915185
neural_eb,neural_bidir_seed2_eb,0.03,20,4,1,0.06467613646420467
neural_eb,neural_bidir_seed3_eb,0.03,20,4,1,0.06479779012008394
neural_eb,neural_bidir_seed4_eb,0.03,20,4,1,0.06460474354826393
summary_ridge_eb,none,0.03,36,4,1,0.0538103169865589
neural_eb,neural_bidir_seed0_eb,0.03,36,4,1,0.05329263359963857
neural_eb,neural_bidir_seed1_eb,0.03,36,4,1,0.05373287359064512
neural_eb,neural_bidir_seed2_eb,0.03,36,4,1,0.053253027450738136
neural_eb,neural_bidir_seed3_eb,0.03,36,4,1,0.05326170898235301
neural_eb,neural_bidir_seed4_eb,0.03,36,4,1,0.053160480240294364
summary_ridge_prior,none,0.03,0,4,2,0.09723012640541362
neural_prior,neural_bidir_seed0_prior,0.03,0,4,2,0.08910851325163094
neural_prior,neural_bidir_seed1_prior,0.03,0,4,2,0.09156928625270666
neural_prior,neural_bidir_seed2_prior,0.03,0,4,2,0.0892300963296293
neural_prior,neural_bidir_seed3_prior,0.03,0,4,2,0.08945388223037298
neural_prior,neural_bidir_seed4_prior,0.03,0,4,2,0.08893979890672199
dfe,none,0.03,32,4,2,0.06843833482777514
dfe,none,0.03,48,4,2,0.057059404165260064
summary_ridge_eb,none,0.03,20,4,2,0.0710467386794725
neural_eb,neural_bidir_seed0_eb,0.03,20,4,2,0.06564631804250594
neural_eb,neural_bidir_seed1_eb,0.03,20,4,2,0.06648747359902166
neural_eb,neural_bidir_seed2_eb,0.03,20,4,2,0.06562912591685742
neural_eb,neural_bidir_seed3_eb,0.03,20,4,2,0.0657431361060424
neural_eb,neural_bidir_seed4_eb,0.03,20,4,2,0.06552594741948833
summary_ridge_eb,none,0.03,36,4,2,0.05899815712267835
neural_eb,neural_bidir_seed0_eb,0.03,36,4,2,0.05363423826636057
neural_eb,neural_bidir_seed1_eb,0.03,36,4,2,0.05403091700817613
neural_eb,neural_bidir_seed2_eb,0.03,36,4,2,0.05358594889012802
neural_eb,neural_bidir_seed3_eb,0.03,36,4,2,0.05361366634592424
neural_eb,neural_bidir_seed4_eb,0.03,36,4,2,0.053530125164095124
summary_ridge_prior,none,0.03,0,4,3,0.09609405493442613
neural_prior,neural_bidir_seed0_prior,0.03,0,4,3,0.09082475073046226
neural_prior,neural_bidir_seed1_prior,0.03,0,4,3,0.09336524978971283
neural_prior,neural_bidir_seed2_prior,0.03,0,4,3,0.09093211717663507
neural_prior,neural_bidir_seed3_prior,0.03,0,4,3,0.09114185780163098
neural_prior,neural_bidir_seed4_prior,0.03,0,4,3,0.090703244537508
dfe,none,0.03,32,4,3,0.06898624063545325
dfe,none,0.03,48,4,3,0.05732192655969612
summary_ridge_eb,none,0.03,20,4,3,0.0653827281379919
neural_eb,neural_bidir_seed0_eb,0.03,20,4,3,0.0650258708185
neural_eb,neural_bidir_seed1_eb,0.03,20,4,3,0.06594100635888886
neural_eb,neural_bidir_seed2_eb,0.03,20,4,3,0.06512378031595897
neural_eb,neural_bidir_seed3_eb,0.03,20,4,3,0.06506119188325565
neural_eb,neural_bidir_seed4_eb,0.03,20,4,3,0.06494883312121705
summary_ridge_eb,none,0.03,36,4,3,0.05408245462182593
neural_eb,neural_bidir_seed0_eb,0.03,36,4,3,0.05420220190572175
neural_eb,neural_bidir_seed1_eb,0.03,36,4,3,0.054728955866411126
neural_eb,neural_bidir_seed2_eb,0.03,36,4,3,0.054209033245044946
neural_eb,neural_bidir_seed3_eb,0.03,36,4,3,0.054184035106457
neural_eb,neural_bidir_seed4_eb,0.03,36,4,3,0.05413649867730158
summary_ridge_prior,none,0.03,0,4,4,0.09630032110232163
neural_prior,neural_bidir_seed0_prior,0.03,0,4,4,0.09060454029349785
neural_prior,neural_bidir_seed1_prior,0.03,0,4,4,0.09313891063175106
neural_prior,neural_bidir_seed2_prior,0.03,0,4,4,0.09076994794122584
neural_prior,neural_bidir_seed3_prior,0.03,0,4,4,0.09099857954242907
neural_prior,neural_bidir_seed4_prior,0.03,0,4,4,0.09045938207236759
dfe,none,0.03,32,4,4,0.06913590734133168
dfe,none,0.03,48,4,4,0.05600863141239159
summary_ridge_eb,none,0.03,20,4,4,0.06501266445127546
neural_eb,neural_bidir_seed0_eb,0.03,20,4,4,0.06436745065366473
neural_eb,neural_bidir_seed1_eb,0.03,20,4,4,0.06518894908514007
neural_eb,neural_bidir_seed2_eb,0.03,20,4,4,0.06444170345741901
neural_eb,neural_bidir_seed3_eb,0.03,20,4,4,0.06445807899171292
neural_eb,neural_bidir_seed4_eb,0.03,20,4,4,0.0642838623207067
summary_ridge_eb,none,0.03,36,4,4,0.05483353135171961
neural_eb,neural_bidir_seed0_eb,0.03,36,4,4,0.054220257264809696
neural_eb,neural_bidir_seed1_eb,0.03,36,4,4,0.054665783516263874
neural_eb,neural_bidir_seed2_eb,0.03,36,4,4,0.05431247730998379
neural_eb,neural_bidir_seed3_eb,0.03,36,4,4,0.05433402199792029
neural_eb,neural_bidir_seed4_eb,0.03,36,4,4,0.0541513364532166
summary_ridge_prior,none,0.03,0,5,0,0.10273900852410822
neural_prior,neural_bidir_seed0_prior,0.03,0,5,0,0.08843359491038427
neural_prior,neural_bidir_seed1_prior,0.03,0,5,0,0.09112367754460138
neural_prior,neural_bidir_seed2_prior,0.03,0,5,0,0.08846449478187424
neural_prior,neural_bidir_seed3_prior,0.03,0,5,0,0.08859622944692092
neural_prior,neural_bidir_seed4_prior,0.03,0,5,0,0.08780230845331971
dfe,none,0.03,32,5,0,0.06806138445701553
dfe,none,0.03,48,5,0,0.056663913706083584
summary_ridge_eb,none,0.03,20,5,0,0.06798315648597311
neural_eb,neural_bidir_seed0_eb,0.03,20,5,0,0.064214167355688
neural_eb,neural_bidir_seed1_eb,0.03,20,5,0,0.06505676731855047
neural_eb,neural_bidir_seed2_eb,0.03,20,5,0,0.06418841516331246
neural_eb,neural_bidir_seed3_eb,0.03,20,5,0,0.06427741942944891
neural_eb,neural_bidir_seed4_eb,0.03,20,5,0,0.06404075703207845
summary_ridge_eb,none,0.03,36,5,0,0.055977508074206185
neural_eb,neural_bidir_seed0_eb,0.03,36,5,0,0.053554376496851755
neural_eb,neural_bidir_seed1_eb,0.03,36,5,0,0.05390170265993196
neural_eb,neural_bidir_seed2_eb,0.03,36,5,0,0.053519602633496394
neural_eb,neural_bidir_seed3_eb,0.03,36,5,0,0.053654970949246455
neural_eb,neural_bidir_seed4_eb,0.03,36,5,0,0.053438593327722175
summary_ridge_prior,none,0.03,0,5,1,0.10462525757319407
neural_prior,neural_bidir_seed0_prior,0.03,0,5,1,0.09503250439047406
neural_prior,neural_bidir_seed1_prior,0.03,0,5,1,0.09807660190017486
neural_prior,neural_bidir_seed2_prior,0.03,0,5,1,0.0949931353698048
neural_prior,neural_bidir_seed3_prior,0.03,0,5,1,0.09501422491848643
neural_prior,neural_bidir_seed4_prior,0.03,0,5,1,0.09404114773678884
dfe,none,0.03,32,5,1,0.06794004909731505
dfe,none,0.03,48,5,1,0.05732571634773375
summary_ridge_eb,none,0.03,20,5,1,0.06895132572236436
neural_eb,neural_bidir_seed0_eb,0.03,20,5,1,0.06654522441680408
neural_eb,neural_bidir_seed1_eb,0.03,20,5,1,0.06735048668845577
neural_eb,neural_bidir_seed2_eb,0.03,20,5,1,0.06644177090587244
neural_eb,neural_bidir_seed3_eb,0.03,20,5,1,0.06648564672676448
neural_eb,neural_bidir_seed4_eb,0.03,20,5,1,0.0661702274740319
summary_ridge_eb,none,0.03,36,5,1,0.05574950555879471
neural_eb,neural_bidir_seed0_eb,0.03,36,5,1,0.05465435764796467
neural_eb,neural_bidir_seed1_eb,0.03,36,5,1,0.0550144186844949
neural_eb,neural_bidir_seed2_eb,0.03,36,5,1,0.054619258995717256
neural_eb,neural_bidir_seed3_eb,0.03,36,5,1,0.05469487970034527
neural_eb,neural_bidir_seed4_eb,0.03,36,5,1,0.054523347134004176
summary_ridge_prior,none,0.03,0,5,2,0.10329185066446378
neural_prior,neural_bidir_seed0_prior,0.03,0,5,2,0.090914082911695
neural_prior,neural_bidir_seed1_prior,0.03,0,5,2,0.09397247045671975
neural_prior,neural_bidir_seed2_prior,0.03,0,5,2,0.09084631381665531
neural_prior,neural_bidir_seed3_prior,0.03,0,5,2,0.09077446155606594
neural_prior,neural_bidir_seed4_prior,0.03,0,5,2,0.09002357711688092
dfe,none,0.03,32,5,2,0.06907699040528587
dfe,none,0.03,48,5,2,0.05630130603107486
summary_ridge_eb,none,0.03,20,5,2,0.06952101339853595
neural_eb,neural_bidir_seed0_eb,0.03,20,5,2,0.0651060310007058
neural_eb,neural_bidir_seed1_eb,0.03,20,5,2,0.06574075554903291
neural_eb,neural_bidir_seed2_eb,0.03,20,5,2,0.06502238643334732
neural_eb,neural_bidir_seed3_eb,0.03,20,5,2,0.0652901659088918
neural_eb,neural_bidir_seed4_eb,0.03,20,5,2,0.06476402289823457
summary_ridge_eb,none,0.03,36,5,2,0.05672577252682518
neural_eb,neural_bidir_seed0_eb,0.03,36,5,2,0.05422306170529796
neural_eb,neural_bidir_seed1_eb,0.03,36,5,2,0.05467518917357317
neural_eb,neural_bidir_seed2_eb,0.03,36,5,2,0.05418015194998631
neural_eb,neural_bidir_seed3_eb,0.03,36,5,2,0.05423830633606379
neural_eb,neural_bidir_seed4_eb,0.03,36,5,2,0.05409634390387357
summary_ridge_prior,none,0.03,0,5,3,0.09995429707839684
neural_prior,neural_bidir_seed0_prior,0.03,0,5,3,0.09061417705925123
neural_prior,neural_bidir_seed1_prior,0.03,0,5,3,0.09353672709949024
neural_prior,neural_bidir_seed2_prior,0.03,0,5,3,0.09056348708872974
neural_prior,neural_bidir_seed3_prior,0.03,0,5,3,0.0906140192910243
neural_prior,neural_bidir_seed4_prior,0.03,0,5,3,0.08978438990925497
dfe,none,0.03,32,5,3,0.06936336113787857
dfe,none,0.03,48,5,3,0.05521153575602564
summary_ridge_eb,none,0.03,20,5,3,0.06706735668382512
neural_eb,neural_bidir_seed0_eb,0.03,20,5,3,0.06488287211045762
neural_eb,neural_bidir_seed1_eb,0.03,20,5,3,0.0656170433876031
neural_eb,neural_bidir_seed2_eb,0.03,20,5,3,0.06479077990853412
neural_eb,neural_bidir_seed3_eb,0.03,20,5,3,0.06497641232358271
neural_eb,neural_bidir_seed4_eb,0.03,20,5,3,0.06463205699819939
summary_ridge_eb,none,0.03,36,5,3,0.05582445726509208
neural_eb,neural_bidir_seed0_eb,0.03,36,5,3,0.05439035958274187
neural_eb,neural_bidir_seed1_eb,0.03,36,5,3,0.05484384126944741
neural_eb,neural_bidir_seed2_eb,0.03,36,5,3,0.0543570828657131
neural_eb,neural_bidir_seed3_eb,0.03,36,5,3,0.05437121847727397
neural_eb,neural_bidir_seed4_eb,0.03,36,5,3,0.054212121075976116
summary_ridge_prior,none,0.03,0,5,4,0.1040672263065699
neural_prior,neural_bidir_seed0_prior,0.03,0,5,4,0.0931539304456237
neural_prior,neural_bidir_seed1_prior,0.03,0,5,4,0.0961920085374004
neural_prior,neural_bidir_seed2_prior,0.03,0,5,4,0.09304526446612726
neural_prior,neural_bidir_seed3_prior,0.03,0,5,4,0.09306508741610742
neural_prior,neural_bidir_seed4_prior,0.03,0,5,4,0.09219882209617936
dfe,none,0.03,32,5,4,0.06827108456173905
dfe,none,0.03,48,5,4,0.055651617479586565
summary_ridge_eb,none,0.03,20,5,4,0.06927279740514741
neural_eb,neural_bidir_seed0_eb,0.03,20,5,4,0.0662191883936509
neural_eb,neural_bidir_seed1_eb,0.03,20,5,4,0.0668715466174048
neural_eb,neural_bidir_seed2_eb,0.03,20,5,4,0.0661746918902714
neural_eb,neural_bidir_seed3_eb,0.03,20,5,4,0.06632348949175185
neural_eb,neural_bidir_seed4_eb,0.03,20,5,4,0.0659783202628251
summary_ridge_eb,none,0.03,36,5,4,0.05591825561710621
neural_eb,neural_bidir_seed0_eb,0.03,36,5,4,0.05475844520350383
neural_eb,neural_bidir_seed1_eb,0.03,36,5,4,0.05517890435899464
neural_eb,neural_bidir_seed2_eb,0.03,36,5,4,0.05478191254617186
neural_eb,neural_bidir_seed3_eb,0.03,36,5,4,0.05476781311292479
neural_eb,neural_bidir_seed4_eb,0.03,36,5,4,0.0546908105526469
summary_ridge_prior,none,0.03,0,6,0,0.09694461715209142
neural_prior,neural_bidir_seed0_prior,0.03,0,6,0,0.08848313094313198
neural_prior,neural_bidir_seed1_prior,0.03,0,6,0,0.09086344778734201
neural_prior,neural_bidir_seed2_prior,0.03,0,6,0,0.08857757587065862
neural_prior,neural_bidir_seed3_prior,0.03,0,6,0,0.08907316162913048
neural_prior,neural_bidir_seed4_prior,0.03,0,6,0,0.08799757229826355
dfe,none,0.03,32,6,0,0.06829525190303376
dfe,none,0.03,48,6,0,0.05671791517986565
summary_ridge_eb,none,0.03,20,6,0,0.06724057977752666
neural_eb,neural_bidir_seed0_eb,0.03,20,6,0,0.06505815391763466
neural_eb,neural_bidir_seed1_eb,0.03,20,6,0,0.06585773476501175
neural_eb,neural_bidir_seed2_eb,0.03,20,6,0,0.06506778002767377
neural_eb,neural_bidir_seed3_eb,0.03,20,6,0,0.06531326634256951
neural_eb,neural_bidir_seed4_eb,0.03,20,6,0,0.0649289226976846
summary_ridge_eb,none,0.03,36,6,0,0.05490998412439771
neural_eb,neural_bidir_seed0_eb,0.03,36,6,0,0.05379192956160035
neural_eb,neural_bidir_seed1_eb,0.03,36,6,0,0.05431111409296332
neural_eb,neural_bidir_seed2_eb,0.03,36,6,0,0.05377131999679874
neural_eb,neural_bidir_seed3_eb,0.03,36,6,0,0.053844766583876255
neural_eb,neural_bidir_seed4_eb,0.03,36,6,0,0.05369056772534138
summary_ridge_prior,none,0.03,0,6,1,0.1004071623357726
neural_prior,neural_bidir_seed0_prior,0.03,0,6,1,0.09094143098445784
neural_prior,neural_bidir_seed1_prior,0.03,0,6,1,0.09341074414805917
neural_prior,neural_bidir_seed2_prior,0.03,0,6,1,0.09099063608846336
neural_prior,neural_bidir_seed3_prior,0.03,0,6,1,0.091504876027102
neural_prior,neural_bidir_seed4_prior,0.03,0,6,1,0.09028945636055141
dfe,none,0.03,32,6,1,0.06834693788933943
dfe,none,0.03,48,6,1,0.05650454343040175
summary_ridge_eb,none,0.03,20,6,1,0.06586404889131808
neural_eb,neural_bidir_seed0_eb,0.03,20,6,1,0.06471669506032543
neural_eb,neural_bidir_seed1_eb,0.03,20,6,1,0.06550762201024085
neural_eb,neural_bidir_seed2_eb,0.03,20,6,1,0.06464638062432648
neural_eb,neural_bidir_seed3_eb,0.03,20,6,1,0.06475157513446242
neural_eb,neural_bidir_seed4_eb,0.03,20,6,1,0.0645151438943221
summary_ridge_eb,none,0.03,36,6,1,0.05506126901236255
neural_eb,neural_bidir_seed0_eb,0.03,36,6,1,0.05347632100701731
neural_eb,neural_bidir_seed1_eb,0.03,36,6,1,0.0538976412089409
neural_eb,neural_bidir_seed2_eb,0.03,36,6,1,0.05345110824910096
neural_eb,neural_bidir_seed3_eb,0.03,36,6,1,0.05358519404102606
neural_eb,neural_bidir_seed4_eb,0.03,36,6,1,0.05332542709529456
summary_ridge_prior,none,0.03,0,6,2,0.10095318847602291
neural_prior,neural_bidir_seed0_prior,0.03,0,6,2,0.09161173214488372
neural_prior,neural_bidir_seed1_prior,0.03,0,6,2,0.09397085312775744
neural_prior,neural_bidir_seed2_prior,0.03,0,6,2,0.091615905328581
neural_prior,neural_bidir_seed3_prior,0.03,0,6,2,0.09222922099252173
neural_prior,neural_bidir_seed4_prior,0.03,0,6,2,0.09098434951556555
dfe,none,0.03,32,6,2,0.06819269756751384
dfe,none,0.03,48,6,2,0.05627355196323132
summary_ridge_eb,none,0.03,20,6,2,0.06648968940651004
neural_eb,neural_bidir_seed0_eb,0.03,20,6,2,0.06426753706583484
neural_eb,neural_bidir_seed1_eb,0.03,20,6,2,0.06504836966437168
neural_eb,neural_bidir_seed2_eb,0.03,20,6,2,0.06424135119819778
neural_eb,neural_bidir_seed3_eb,0.03,20,6,2,0.06443250214435951
neural_eb,neural_bidir_seed4_eb,0.03,20,6,2,0.06408418232442858
summary_ridge_eb,none,0.03,36,6,2,0.05366405158625852
neural_eb,neural_bidir_seed0_eb,0.03,36,6,2,0.05292559469653428
neural_eb,neural_bidir_seed1_eb,0.03,36,6,2,0.05333710175323977
neural_eb,neural_bidir_seed2_eb,0.03,36,6,2,0.05290642188434824
neural_eb,neural_bidir_seed3_eb,0.03,36,6,2,0.053041009356088256
neural_eb,neural_bidir_seed4_eb,0.03,36,6,2,0.05280798927398235
summary_ridge_prior,none,0.03,0,6,3,0.10405986473711834
neural_prior,neural_bidir_seed0_prior,0.03,0,6,3,0.09477486070500163
neural_prior,neural_bidir_seed1_prior,0.03,0,6,3,0.0970478484796331
neural_prior,neural_bidir_seed2_prior,0.03,0,6,3,0.09475439621564874
neural_prior,neural_bidir_seed3_prior,0.03,0,6,3,0.09536174977074552
neural_prior,neural_bidir_seed4_prior,0.03,0,6,3,0.09424200330067833
dfe,none,0.03,32,6,3,0.06861862609428576
dfe,none,0.03,48,6,3,0.05709925511549671
summary_ridge_eb,none,0.03,20,6,3,0.0692184661093454
neural_eb,neural_bidir_seed0_eb,0.03,20,6,3,0.06659047628058706
neural_eb,neural_bidir_seed1_eb,0.03,20,6,3,0.06722613679279743
neural_eb,neural_bidir_seed2_eb,0.03,20,6,3,0.06654223986183377
neural_eb,neural_bidir_seed3_eb,0.03,20,6,3,0.06677765275188532
neural_eb,neural_bidir_seed4_eb,0.03,20,6,3,0.06639124908910475
summary_ridge_eb,none,0.03,36,6,3,0.05643665527818195
neural_eb,neural_bidir_seed0_eb,0.03,36,6,3,0.054710944530404496
neural_eb,neural_bidir_seed1_eb,0.03,36,6,3,0.05515050532900627
neural_eb,neural_bidir_seed2_eb,0.03,36,6,3,0.054700483145422946
neural_eb,neural_bidir_seed3_eb,0.03,36,6,3,0.05479309767085452
neural_eb,neural_bidir_seed4_eb,0.03,36,6,3,0.054597396264511364
summary_ridge_prior,none,0.03,0,6,4,0.10200022211782947
neural_prior,neural_bidir_seed0_prior,0.03,0,6,4,0.0910367294545722
neural_prior,neural_bidir_seed1_prior,0.03,0,6,4,0.09325186570458754
neural_prior,neural_bidir_seed2_prior,0.03,0,6,4,0.09105850044397812
neural_prior,neural_bidir_seed3_prior,0.03,0,6,4,0.09158361427216732
neural_prior,neural_bidir_seed4_prior,0.03,0,6,4,0.09042810289065528
dfe,none,0.03,32,6,4,0.0701740514301259
dfe,none,0.03,48,6,4,0.056974228037204824
summary_ridge_eb,none,0.03,20,6,4,0.06774177534879673
neural_eb,neural_bidir_seed0_eb,0.03,20,6,4,0.06467657777787794
neural_eb,neural_bidir_seed1_eb,0.03,20,6,4,0.06555858294334799
neural_eb,neural_bidir_seed2_eb,0.03,20,6,4,0.06467604748058545
neural_eb,neural_bidir_seed3_eb,0.03,20,6,4,0.06484214910088909
neural_eb,neural_bidir_seed4_eb,0.03,20,6,4,0.06454826830279627
summary_ridge_eb,none,0.03,36,6,4,0.054896334249765893
neural_eb,neural_bidir_seed0_eb,0.03,36,6,4,0.05355102993351835
neural_eb,neural_bidir_seed1_eb,0.03,36,6,4,0.054024465745726724
neural_eb,neural_bidir_seed2_eb,0.03,36,6,4,0.05353905498379938
neural_eb,neural_bidir_seed3_eb,0.03,36,6,4,0.05361780799507143
neural_eb,neural_bidir_seed4_eb,0.03,36,6,4,0.053459051323464346
summary_ridge_prior,none,0.03,0,7,0,0.09462466400129801
neural_prior,neural_bidir_seed0_prior,0.03,0,7,0,0.09653411098952347
neural_prior,neural_bidir_seed1_prior,0.03,0,7,0,0.0994936495753791
neural_prior,neural_bidir_seed2_prior,0.03,0,7,0,0.09649223507403804
neural_prior,neural_bidir_seed3_prior,0.03,0,7,0,0.09641065706637164
neural_prior,neural_bidir_seed4_prior,0.03,0,7,0,0.09530606587031798
dfe,none,0.03,32,7,0,0.07040962315945666
dfe,none,0.03,48,7,0,0.05727070312206436
summary_ridge_eb,none,0.03,20,7,0,0.06552266009097302
neural_eb,neural_bidir_seed0_eb,0.03,20,7,0,0.06725251879415696
neural_eb,neural_bidir_seed1_eb,0.03,20,7,0,0.0680379104244985
neural_eb,neural_bidir_seed2_eb,0.03,20,7,0,0.06725012597870973
neural_eb,neural_bidir_seed3_eb,0.03,20,7,0,0.06707691171093888
neural_eb,neural_bidir_seed4_eb,0.03,20,7,0,0.06684013666521463
summary_ridge_eb,none,0.03,36,7,0,0.05494048104543787
neural_eb,neural_bidir_seed0_eb,0.03,36,7,0,0.05537590322697274
neural_eb,neural_bidir_seed1_eb,0.03,36,7,0,0.05580981946704047
neural_eb,neural_bidir_seed2_eb,0.03,36,7,0,0.05536449621505764
neural_eb,neural_bidir_seed3_eb,0.03,36,7,0,0.05533683655248409
neural_eb,neural_bidir_seed4_eb,0.03,36,7,0,0.05515407130721624
summary_ridge_prior,none,0.03,0,7,1,0.09423567246660541
neural_prior,neural_bidir_seed0_prior,0.03,0,7,1,0.09300190416797705
neural_prior,neural_bidir_seed1_prior,0.03,0,7,1,0.09603726528985135
neural_prior,neural_bidir_seed2_prior,0.03,0,7,1,0.09300019849433738
neural_prior,neural_bidir_seed3_prior,0.03,0,7,1,0.09301519091059163
neural_prior,neural_bidir_seed4_prior,0.03,0,7,1,0.09211695214435167
dfe,none,0.03,32,7,1,0.06859219469577588
dfe,none,0.03,48,7,1,0.056040375070055146
summary_ridge_eb,none,0.03,20,7,1,0.06765142880656533
neural_eb,neural_bidir_seed0_eb,0.03,20,7,1,0.06826839131966367
neural_eb,neural_bidir_seed1_eb,0.03,20,7,1,0.06915162635920814
neural_eb,neural_bidir_seed2_eb,0.03,20,7,1,0.06827340121489192
neural_eb,neural_bidir_seed3_eb,0.03,20,7,1,0.06828996605061444
neural_eb,neural_bidir_seed4_eb,0.03,20,7,1,0.06803821134426927
summary_ridge_eb,none,0.03,36,7,1,0.0544363081391011
neural_eb,neural_bidir_seed0_eb,0.03,36,7,1,0.054622711768097
neural_eb,neural_bidir_seed1_eb,0.03,36,7,1,0.05510506379335884
neural_eb,neural_bidir_seed2_eb,0.03,36,7,1,0.05462972628674849
neural_eb,neural_bidir_seed3_eb,0.03,36,7,1,0.05464633375047556
neural_eb,neural_bidir_seed4_eb,0.03,36,7,1,0.054479783030569745
summary_ridge_prior,none,0.03,0,7,2,0.0957178164602002
neural_prior,neural_bidir_seed0_prior,0.03,0,7,2,0.09709119814760925
neural_prior,neural_bidir_seed1_prior,0.03,0,7,2,0.09997313343592396
neural_prior,neural_bidir_seed2_prior,0.03,0,7,2,0.09709951360673585
neural_prior,neural_bidir_seed3_prior,0.03,0,7,2,0.09715183493062796
neural_prior,neural_bidir_seed4_prior,0.03,0,7,2,0.09614047808827308
dfe,none,0.03,32,7,2,0.06852852889603535
dfe,none,0.03,48,7,2,0.05544647205773645
summary_ridge_eb,none,0.03,20,7,2,0.06500202712644251
neural_eb,neural_bidir_seed0_eb,0.03,20,7,2,0.06587591253360767
neural_eb,neural_bidir_seed1_eb,0.03,20,7,2,0.06671886829195144
neural_eb,neural_bidir_seed2_eb,0.03,20,7,2,0.06585088116104584
neural_eb,neural_bidir_seed3_eb,0.03,20,7,2,0.06586444701371845
neural_eb,neural_bidir_seed4_eb,0.03,20,7,2,0.06561461850612277
summary_ridge_eb,none,0.03,36,7,2,0.05471950064051002
neural_eb,neural_bidir_seed0_eb,0.03,36,7,2,0.0548348937797261
neural_eb,neural_bidir_seed1_eb,0.03,36,7,2,0.05530622996343385
neural_eb,neural_bidir_seed2_eb,0.03,36,7,2,0.05485112757337503
neural_eb,neural_bidir_seed3_eb,0.03,36,7,2,0.054893707850071166
neural_eb,neural_bidir_seed4_eb,0.03,36,7,2,0.05473066633411823
summary_ridge_prior,none,0.03,0,7,3,0.09514842926926993
neural_prior,neural_bidir_seed0_prior,0.03,0,7,3,0.09900764802841877
neural_prior,neural_bidir_seed1_prior,0.03,0,7,3,0.10219458299070538
neural_prior,neural_bidir_seed2_prior,0.03,0,7,3,0.09888488481192326
neural_prior,neural_bidir_seed3_prior,0.03,0,7,3,0.09850681358329894
neural_prior,neural_bidir_seed4_prior,0.03,0,7,3,0.0979946768256923
dfe,none,0.03,32,7,3,0.06942088212456432
dfe,none,0.03,48,7,3,0.05585131755468485
summary_ridge_eb,none,0.03,20,7,3,0.06483009517530369
neural_eb,neural_bidir_seed0_eb,0.03,20,7,3,0.06660425594048347
neural_eb,neural_bidir_seed1_eb,0.03,20,7,3,0.06748449436468978
neural_eb,neural_bidir_seed2_eb,0.03,20,7,3,0.06659682865563293
neural_eb,neural_bidir_seed3_eb,0.03,20,7,3,0.06648348180654276
neural_eb,neural_bidir_seed4_eb,0.03,20,7,3,0.06634297161486813
summary_ridge_eb,none,0.03,36,7,3,0.05483315414744308
neural_eb,neural_bidir_seed0_eb,0.03,36,7,3,0.056089871542354994
neural_eb,neural_bidir_seed1_eb,0.03,36,7,3,0.05659904750804512
neural_eb,neural_bidir_seed2_eb,0.03,36,7,3,0.05605257227011691
neural_eb,neural_bidir_seed3_eb,0.03,36,7,3,0.05594779494616311
neural_eb,neural_bidir_seed4_eb,0.03,36,7,3,0.05591294528006067
summary_ridge_prior,none,0.03,0,7,4,0.09750867023028373
neural_prior,neural_bidir_seed0_prior,0.03,0,7,4,0.09370835472327599
neural_prior,neural_bidir_seed1_prior,0.03,0,7,4,0.09661024108754646
neural_prior,neural_bidir_seed2_prior,0.03,0,7,4,0.09367581630613131
neural_prior,neural_bidir_seed3_prior,0.03,0,7,4,0.09354380574040988
neural_prior,neural_bidir_seed4_prior,0.03,0,7,4,0.09267051896858902
dfe,none,0.03,32,7,4,0.06987770614119035
dfe,none,0.03,48,7,4,0.05579302894862682
summary_ridge_eb,none,0.03,20,7,4,0.06670241860147864
neural_eb,neural_bidir_seed0_eb,0.03,20,7,4,0.06640964294290264
neural_eb,neural_bidir_seed1_eb,0.03,20,7,4,0.06723629565822009
neural_eb,neural_bidir_seed2_eb,0.03,20,7,4,0.06638553415855025
neural_eb,neural_bidir_seed3_eb,0.03,20,7,4,0.06624928293351923
neural_eb,neural_bidir_seed4_eb,0.03,20,7,4,0.06604642048139318
summary_ridge_eb,none,0.03,36,7,4,0.053601727865700666
neural_eb,neural_bidir_seed0_eb,0.03,36,7,4,0.05416794124076618
neural_eb,neural_bidir_seed1_eb,0.03,36,7,4,0.05464447834277901
neural_eb,neural_bidir_seed2_eb,0.03,36,7,4,0.054144624687240864
neural_eb,neural_bidir_seed3_eb,0.03,36,7,4,0.054063160625042336
neural_eb,neural_bidir_seed4_eb,0.03,36,7,4,0.053950033846482504
summary_ridge_prior,none,0.03,0,8,0,0.10607482344760955
neural_prior,neural_bidir_seed0_prior,0.03,0,8,0,0.09554940744965279
neural_prior,neural_bidir_seed1_prior,0.03,0,8,0,0.098824444159618
neural_prior,neural_bidir_seed2_prior,0.03,0,8,0,0.09567602306742629
neural_prior,neural_bidir_seed3_prior,0.03,0,8,0,0.09578395289099717
neural_prior,neural_bidir_seed4_prior,0.03,0,8,0,0.09535970582328446
dfe,none,0.03,32,8,0,0.06941133140502102
dfe,none,0.03,48,8,0,0.05679460569253998
summary_ridge_eb,none,0.03,20,8,0,0.07048230320282908
neural_eb,neural_bidir_seed0_eb,0.03,20,8,0,0.06605736404452714
neural_eb,neural_bidir_seed1_eb,0.03,20,8,0,0.06680346083327339
neural_eb,neural_bidir_seed2_eb,0.03,20,8,0,0.06604174541264993
neural_eb,neural_bidir_seed3_eb,0.03,20,8,0,0.0662792488194076
neural_eb,neural_bidir_seed4_eb,0.03,20,8,0,0.06594759397044489
summary_ridge_eb,none,0.03,36,8,0,0.05607225005515168
neural_eb,neural_bidir_seed0_eb,0.03,36,8,0,0.053548395578021296
neural_eb,neural_bidir_seed1_eb,0.03,36,8,0,0.05407368514265777
neural_eb,neural_bidir_seed2_eb,0.03,36,8,0,0.05357262483170834
neural_eb,neural_bidir_seed3_eb,0.03,36,8,0,0.05363125377847798
neural_eb,neural_bidir_seed4_eb,0.03,36,8,0,0.05355702749278734
summary_ridge_prior,none,0.03,0,8,1,0.10585514364034647
neural_prior,neural_bidir_seed0_prior,0.03,0,8,1,0.09127061622530164
neural_prior,neural_bidir_seed1_prior,0.03,0,8,1,0.094298701520529
neural_prior,neural_bidir_seed2_prior,0.03,0,8,1,0.09129500946983171
neural_prior,neural_bidir_seed3_prior,0.03,0,8,1,0.09141242586883891
neural_prior,neural_bidir_seed4_prior,0.03,0,8,1,0.09090236675365304
dfe,none,0.03,32,8,1,0.06960324185584274
dfe,none,0.03,48,8,1,0.056432055377323806
summary_ridge_eb,none,0.03,20,8,1,0.06805217097846755
neural_eb,neural_bidir_seed0_eb,0.03,20,8,1,0.06455432938134785
neural_eb,neural_bidir_seed1_eb,0.03,20,8,1,0.06547830274099768
neural_eb,neural_bidir_seed2_eb,0.03,20,8,1,0.06452629658150996
neural_eb,neural_bidir_seed3_eb,0.03,20,8,1,0.06452906125349767
neural_eb,neural_bidir_seed4_eb,0.03,20,8,1,0.06443330333484974
summary_ridge_eb,none,0.03,36,8,1,0.055264961556579534
neural_eb,neural_bidir_seed0_eb,0.03,36,8,1,0.052744487188853814
neural_eb,neural_bidir_seed1_eb,0.03,36,8,1,0.053258932146480226
neural_eb,neural_bidir_seed2_eb,0.03,36,8,1,0.05275576688967673
neural_eb,neural_bidir_seed3_eb,0.03,36,8,1,0.05282781735953304
neural_eb,neural_bidir_seed4_eb,0.03,36,8,1,0.05260880730575065
summary_ridge_prior,none,0.03,0,8,2,0.10794307774887035
neural_prior,neural_bidir_seed0_prior,0.03,0,8,2,0.09452436087121896
neural_prior,neural_bidir_seed1_prior,0.03,0,8,2,0.09785538473261113
neural_prior,neural_bidir_seed2_prior,0.03,0,8,2,0.09465316812384117
neural_prior,neural_bidir_seed3_prior,0.03,0,8,2,0.09472919191284745
neural_prior,neural_bidir_seed4_prior,0.03,0,8,2,0.0944027540008392
dfe,none,0.03,32,8,2,0.06963012864016879
dfe,none,0.03,48,8,2,0.05533477381607987
summary_ridge_eb,none,0.03,20,8,2,0.07285423617057216
neural_eb,neural_bidir_seed0_eb,0.03,20,8,2,0.06510722230888857
neural_eb,neural_bidir_seed1_eb,0.03,20,8,2,0.06598320244355335
neural_eb,neural_bidir_seed2_eb,0.03,20,8,2,0.06519780327100044
neural_eb,neural_bidir_seed3_eb,0.03,20,8,2,0.06543493712321138
neural_eb,neural_bidir_seed4_eb,0.03,20,8,2,0.0650441060314293
summary_ridge_eb,none,0.03,36,8,2,0.058979978825505715
neural_eb,neural_bidir_seed0_eb,0.03,36,8,2,0.05351941397363229
neural_eb,neural_bidir_seed1_eb,0.03,36,8,2,0.0539914603512507
neural_eb,neural_bidir_seed2_eb,0.03,36,8,2,0.05353724197646679
neural_eb,neural_bidir_seed3_eb,0.03,36,8,2,0.053819742610683834
neural_eb,neural_bidir_seed4_eb,0.03,36,8,2,0.05347524727169087
summary_ridge_prior,none,0.03,0,8,3,0.10437785005230227
neural_prior,neural_bidir_seed0_prior,0.03,0,8,3,0.09121258922641573
neural_prior,neural_bidir_seed1_prior,0.03,0,8,3,0.09445272560151352
neural_prior,neural_bidir_seed2_prior,0.03,0,8,3,0.09134867788634438
neural_prior,neural_bidir_seed3_prior,0.03,0,8,3,0.09140691547327151
neural_prior,neural_bidir_seed4_prior,0.03,0,8,3,0.09099227499064
dfe,none,0.03,32,8,3,0.06910534500225077
dfe,none,0.03,48,8,3,0.05672464351416838
summary_ridge_eb,none,0.03,20,8,3,0.07022832097715005
neural_eb,neural_bidir_seed0_eb,0.03,20,8,3,0.06591116481618585
neural_eb,neural_bidir_seed1_eb,0.03,20,8,3,0.06666608004939895
neural_eb,neural_bidir_seed2_eb,0.03,20,8,3,0.0658897110908297
neural_eb,neural_bidir_seed3_eb,0.03,20,8,3,0.06595470791273791
neural_eb,neural_bidir_seed4_eb,0.03,20,8,3,0.06578826307650684
summary_ridge_eb,none,0.03,36,8,3,0.05691852747176415
neural_eb,neural_bidir_seed0_eb,0.03,36,8,3,0.05472317491668309
neural_eb,neural_bidir_seed1_eb,0.03,36,8,3,0.05518894548419204
neural_eb,neural_bidir_seed2_eb,0.03,36,8,3,0.05469800302211633
neural_eb,neural_bidir_seed3_eb,0.03,36,8,3,0.05469744391608174
neural_eb,neural_bidir_seed4_eb,0.03,36,8,3,0.05466107611902549
summary_ridge_prior,none,0.03,0,8,4,0.10877088598824608
neural_prior,neural_bidir_seed0_prior,0.03,0,8,4,0.09555608076152566
neural_prior,neural_bidir_seed1_prior,0.03,0,8,4,0.09879248323886713
neural_prior,neural_bidir_seed2_prior,0.03,0,8,4,0.09561784748620994
neural_prior,neural_bidir_seed3_prior,0.03,0,8,4,0.09592031180181948
neural_prior,neural_bidir_seed4_prior,0.03,0,8,4,0.09539304132886173
dfe,none,0.03,32,8,4,0.06967363408926139
dfe,none,0.03,48,8,4,0.05636132834427611
summary_ridge_eb,none,0.03,20,8,4,0.0694338630848647
neural_eb,neural_bidir_seed0_eb,0.03,20,8,4,0.06515796988049483
neural_eb,neural_bidir_seed1_eb,0.03,20,8,4,0.06606389352121912
neural_eb,neural_bidir_seed2_eb,0.03,20,8,4,0.06515337973274299
neural_eb,neural_bidir_seed3_eb,0.03,20,8,4,0.06533439613205595
neural_eb,neural_bidir_seed4_eb,0.03,20,8,4,0.06503258545235557
summary_ridge_eb,none,0.03,36,8,4,0.05699553965357509
neural_eb,neural_bidir_seed0_eb,0.03,36,8,4,0.05450014794761926
neural_eb,neural_bidir_seed1_eb,0.03,36,8,4,0.05496711195049689
neural_eb,neural_bidir_seed2_eb,0.03,36,8,4,0.05451071801655985
neural_eb,neural_bidir_seed3_eb,0.03,36,8,4,0.05472256355374916
neural_eb,neural_bidir_seed4_eb,0.03,36,8,4,0.054476248413639766
summary_ridge_prior,none,0.03,0,9,0,0.09923422687032557
neural_prior,neural_bidir_seed0_prior,0.03,0,9,0,0.08729941281308129
neural_prior,neural_bidir_seed1_prior,0.03,0,9,0,0.08977548863003904
neural_prior,neural_bidir_seed2_prior,0.03,0,9,0,0.08746589869952004
neural_prior,neural_bidir_seed3_prior,0.03,0,9,0,0.08774772494325589
neural_prior,neural_bidir_seed4_prior,0.03,0,9,0,0.0871094549929694
dfe,none,0.03,32,9,0,0.06939720169430075
dfe,none,0.03,48,9,0,0.05630494725931946
summary_ridge_eb,none,0.03,20,9,0,0.06653950699283542
neural_eb,neural_bidir_seed0_eb,0.03,20,9,0,0.06422807698588033
neural_eb,neural_bidir_seed1_eb,0.03,20,9,0,0.06510396762714715
neural_eb,neural_bidir_seed2_eb,0.03,20,9,0,0.06431963385162007
neural_eb,neural_bidir_seed3_eb,0.03,20,9,0,0.0644283971560011
neural_eb,neural_bidir_seed4_eb,0.03,20,9,0,0.06411008063076565
summary_ridge_eb,none,0.03,36,9,0,0.055231877461127635
neural_eb,neural_bidir_seed0_eb,0.03,36,9,0,0.05327816031927092
neural_eb,neural_bidir_seed1_eb,0.03,36,9,0,0.05378614956111751
neural_eb,neural_bidir_seed2_eb,0.03,36,9,0,0.05340674760107153
neural_eb,neural_bidir_seed3_eb,0.03,36,9,0,0.05339429335773558
neural_eb,neural_bidir_seed4_eb,0.03,36,9,0,0.053283426294293
summary_ridge_prior,none,0.03,0,9,1,0.10085507947804903
neural_prior,neural_bidir_seed0_prior,0.03,0,9,1,0.08845412795017182
neural_prior,neural_bidir_seed1_prior,0.03,0,9,1,0.09092870681161003
neural_prior,neural_bidir_seed2_prior,0.03,0,9,1,0.08837625082924205
neural_prior,neural_bidir_seed3_prior,0.03,0,9,1,0.08868958784842107
neural_prior,neural_bidir_seed4_prior,0.03,0,9,1,0.08805081664286263
dfe,none,0.03,32,9,1,0.06985380555848447
dfe,none,0.03,48,9,1,0.05717105968902125
summary_ridge_eb,none,0.03,20,9,1,0.0662051529719319
neural_eb,neural_bidir_seed0_eb,0.03,20,9,1,0.06369183601651376
neural_eb,neural_bidir_seed1_eb,0.03,20,9,1,0.06450396133614131
neural_eb,neural_bidir_seed2_eb,0.03,20,9,1,0.06364472024705754
neural_eb,neural_bidir_seed3_eb,0.03,20,9,1,0.06378852563547129
neural_eb,neural_bidir_seed4_eb,0.03,20,9,1,0.06356012673044392
summary_ridge_eb,none,0.03,36,9,1,0.054340077121586616
neural_eb,neural_bidir_seed0_eb,0.03,36,9,1,0.05296375389524874
neural_eb,neural_bidir_seed1_eb,0.03,36,9,1,0.05353567179405701
neural_eb,neural_bidir_seed2_eb,0.03,36,9,1,0.053024774998100224
neural_eb,neural_bidir_seed3_eb,0.03,36,9,1,0.0530128848933595
neural_eb,neural_bidir_seed4_eb,0.03,36,9,1,0.052929144473339976
summary_ridge_prior,none,0.03,0,9,2,0.1040634176917159
neural_prior,neural_bidir_seed0_prior,0.03,0,9,2,0.09163109802284453
neural_prior,neural_bidir_seed1_prior,0.03,0,9,2,0.09393869295854529
neural_prior,neural_bidir_seed2_prior,0.03,0,9,2,0.09140770092017192
neural_prior,neural_bidir_seed3_prior,0.03,0,9,2,0.09175437084013538
neural_prior,neural_bidir_seed4_prior,0.03,0,9,2,0.09117704523487191
dfe,none,0.03,32,9,2,0.06820782267985781
dfe,none,0.03,48,9,2,0.055588276233739894
summary_ridge_eb,none,0.03,20,9,2,0.06740622769180844
neural_eb,neural_bidir_seed0_eb,0.03,20,9,2,0.06409654016297774
neural_eb,neural_bidir_seed1_eb,0.03,20,9,2,0.06491302214221127
neural_eb,neural_bidir_seed2_eb,0.03,20,9,2,0.064139146018214
neural_eb,neural_bidir_seed3_eb,0.03,20,9,2,0.06420724782790535
neural_eb,neural_bidir_seed4_eb,0.03,20,9,2,0.06396396903432913
summary_ridge_eb,none,0.03,36,9,2,0.05531042324737608
neural_eb,neural_bidir_seed0_eb,0.03,36,9,2,0.05333673839652195
neural_eb,neural_bidir_seed1_eb,0.03,36,9,2,0.05376999513569514
neural_eb,neural_bidir_seed2_eb,0.03,36,9,2,0.05336254479605387
neural_eb,neural_bidir_seed3_eb,0.03,36,9,2,0.053417042883315904
neural_eb,neural_bidir_seed4_eb,0.03,36,9,2,0.05331450728294178
summary_ridge_prior,none,0.03,0,9,3,0.0979789674123444
neural_prior,neural_bidir_seed0_prior,0.03,0,9,3,0.08819201976257318
neural_prior,neural_bidir_seed1_prior,0.03,0,9,3,0.09083428180565534
neural_prior,neural_bidir_seed2_prior,0.03,0,9,3,0.08822897788741102
neural_prior,neural_bidir_seed3_prior,0.03,0,9,3,0.08835451703453145
neural_prior,neural_bidir_seed4_prior,0.03,0,9,3,0.08789080892711354
dfe,none,0.03,32,9,3,0.06876839416241987
dfe,none,0.03,48,9,3,0.05585327835206367
summary_ridge_eb,none,0.03,20,9,3,0.0658372933130352
neural_eb,neural_bidir_seed0_eb,0.03,20,9,3,0.06333764606171234
neural_eb,neural_bidir_seed1_eb,0.03,20,9,3,0.06421633594257341
neural_eb,neural_bidir_seed2_eb,0.03,20,9,3,0.06326856389379308
neural_eb,neural_bidir_seed3_eb,0.03,20,9,3,0.0632962923113397
neural_eb,neural_bidir_seed4_eb,0.03,20,9,3,0.06317638843690812
summary_ridge_eb,none,0.03,36,9,3,0.05330394808437866
neural_eb,neural_bidir_seed0_eb,0.03,36,9,3,0.05264314336241559
neural_eb,neural_bidir_seed1_eb,0.03,36,9,3,0.05312269051420679
neural_eb,neural_bidir_seed2_eb,0.03,36,9,3,0.052681158193764066
neural_eb,neural_bidir_seed3_eb,0.03,36,9,3,0.05267906410536083
neural_eb,neural_bidir_seed4_eb,0.03,36,9,3,0.052571789731773004
summary_ridge_prior,none,0.03,0,9,4,0.10046558973224765
neural_prior,neural_bidir_seed0_prior,0.03,0,9,4,0.08972868750242924
neural_prior,neural_bidir_seed1_prior,0.03,0,9,4,0.09246190715748526
neural_prior,neural_bidir_seed2_prior,0.03,0,9,4,0.08966839156164497
neural_prior,neural_bidir_seed3_prior,0.03,0,9,4,0.0898762668712152
neural_prior,neural_bidir_seed4_prior,0.03,0,9,4,0.08934146750652872
dfe,none,0.03,32,9,4,0.06865852714644402
dfe,none,0.03,48,9,4,0.05720974243158966
summary_ridge_eb,none,0.03,20,9,4,0.06625931162943391
neural_eb,neural_bidir_seed0_eb,0.03,20,9,4,0.06415978427275328
neural_eb,neural_bidir_seed1_eb,0.03,20,9,4,0.06499748813604932
neural_eb,neural_bidir_seed2_eb,0.03,20,9,4,0.06403736830062243
neural_eb,neural_bidir_seed3_eb,0.03,20,9,4,0.0641751966710084
neural_eb,neural_bidir_seed4_eb,0.03,20,9,4,0.0639364222665855
summary_ridge_eb,none,0.03,36,9,4,0.05488263042052051
neural_eb,neural_bidir_seed0_eb,0.03,36,9,4,0.053630936313210795
neural_eb,neural_bidir_seed1_eb,0.03,36,9,4,0.05417888668220264
neural_eb,neural_bidir_seed2_eb,0.03,36,9,4,0.053590886863177326
neural_eb,neural_bidir_seed3_eb,0.03,36,9,4,0.05357804282668102
neural_eb,neural_bidir_seed4_eb,0.03,36,9,4,0.05354404535399539
summary_ridge_prior,none,0.03,0,10,0,0.09507601418503973
neural_prior,neural_bidir_seed0_prior,0.03,0,10,0,0.0888835899404512
neural_prior,neural_bidir_seed1_prior,0.03,0,10,0,0.09132305695857212
neural_prior,neural_bidir_seed2_prior,0.03,0,10,0,0.08898248159130162
neural_prior,neural_bidir_seed3_prior,0.03,0,10,0,0.08915125085513864
neural_prior,neural_bidir_seed4_prior,0.03,0,10,0,0.0885445098119817
dfe,none,0.03,32,10,0,0.06832560224052515
dfe,none,0.03,48,10,0,0.056872415522343386
summary_ridge_eb,none,0.03,20,10,0,0.06594292612572611
neural_eb,neural_bidir_seed0_eb,0.03,20,10,0,0.06489231178673613
neural_eb,neural_bidir_seed1_eb,0.03,20,10,0,0.06564383684478664
neural_eb,neural_bidir_seed2_eb,0.03,20,10,0,0.0649658986703438
neural_eb,neural_bidir_seed3_eb,0.03,20,10,0,0.0650208490583306
neural_eb,neural_bidir_seed4_eb,0.03,20,10,0,0.06469242324469174
summary_ridge_eb,none,0.03,36,10,0,0.05395605594396408
neural_eb,neural_bidir_seed0_eb,0.03,36,10,0,0.05335269904210116
neural_eb,neural_bidir_seed1_eb,0.03,36,10,0,0.05367285482712402
neural_eb,neural_bidir_seed2_eb,0.03,36,10,0,0.053373661684675326
neural_eb,neural_bidir_seed3_eb,0.03,36,10,0,0.053451067510945804
neural_eb,neural_bidir_seed4_eb,0.03,36,10,0,0.05319878845803832
summary_ridge_prior,none,0.03,0,10,1,0.09401611131850107
neural_prior,neural_bidir_seed0_prior,0.03,0,10,1,0.08697451139414625
neural_prior,neural_bidir_seed1_prior,0.03,0,10,1,0.08906553955421259
neural_prior,neural_bidir_seed2_prior,0.03,0,10,1,0.08725713600688323
neural_prior,neural_bidir_seed3_prior,0.03,0,10,1,0.08752826900854416
neural_prior,neural_bidir_seed4_prior,0.03,0,10,1,0.08675736500845233
dfe,none,0.03,32,10,1,0.06759778635812914
dfe,none,0.03,48,10,1,0.05664772638754985
summary_ridge_eb,none,0.03,20,10,1,0.06602235945854948
neural_eb,neural_bidir_seed0_eb,0.03,20,10,1,0.06511749986300064
neural_eb,neural_bidir_seed1_eb,0.03,20,10,1,0.06593084255330693
neural_eb,neural_bidir_seed2_eb,0.03,20,10,1,0.06520655335538575
neural_eb,neural_bidir_seed3_eb,0.03,20,10,1,0.06531454554743352
neural_eb,neural_bidir_seed4_eb,0.03,20,10,1,0.06498718948210563
summary_ridge_eb,none,0.03,36,10,1,0.05482614810558479
neural_eb,neural_bidir_seed0_eb,0.03,36,10,1,0.05339265717324911
neural_eb,neural_bidir_seed1_eb,0.03,36,10,1,0.053801667538154324
neural_eb,neural_bidir_seed2_eb,0.03,36,10,1,0.05341789624825914
neural_eb,neural_bidir_seed3_eb,0.03,36,10,1,0.05357198452494265
neural_eb,neural_bidir_seed4_eb,0.03,36,10,1,0.053289019401224956
summary_ridge_prior,none,0.03,0,10,2,0.09404394339220533
neural_prior,neural_bidir_seed0_prior,0.03,0,10,2,0.08685266181237239
neural_prior,neural_bidir_seed1_prior,0.03,0,10,2,0.08912273641726642
neural_prior,neural_bidir_seed2_prior,0.03,0,10,2,0.08691501981775218
neural_prior,neural_bidir_seed3_prior,0.03,0,10,2,0.08713449672904972
neural_prior,neural_bidir_seed4_prior,0.03,0,10,2,0.08654317381115106
dfe,none,0.03,32,10,2,0.06938890645622142
dfe,none,0.03,48,10,2,0.056270082690724664
summary_ridge_eb,none,0.03,20,10,2,0.06415308425287775
neural_eb,neural_bidir_seed0_eb,0.03,20,10,2,0.06305093147899278
neural_eb,neural_bidir_seed1_eb,0.03,20,10,2,0.06392828653330493
neural_eb,neural_bidir_seed2_eb,0.03,20,10,2,0.06307869833712906
neural_eb,neural_bidir_seed3_eb,0.03,20,10,2,0.06319929137175534
neural_eb,neural_bidir_seed4_eb,0.03,20,10,2,0.06293188553905092
summary_ridge_eb,none,0.03,36,10,2,0.054823384051793274
neural_eb,neural_bidir_seed0_eb,0.03,36,10,2,0.054078028534991905
neural_eb,neural_bidir_seed1_eb,0.03,36,10,2,0.05462217395459834
neural_eb,neural_bidir_seed2_eb,0.03,36,10,2,0.0541006002391657
neural_eb,neural_bidir_seed3_eb,0.03,36,10,2,0.05416542951903989
neural_eb,neural_bidir_seed4_eb,0.03,36,10,2,0.05400153447299962
summary_ridge_prior,none,0.03,0,10,3,0.09565132059317681
neural_prior,neural_bidir_seed0_prior,0.03,0,10,3,0.08718348217917082
neural_prior,neural_bidir_seed1_prior,0.03,0,10,3,0.08946261934579525
neural_prior,neural_bidir_seed2_prior,0.03,0,10,3,0.08731858993814967
neural_prior,neural_bidir_seed3_prior,0.03,0,10,3,0.08752872283184843
neural_prior,neural_bidir_seed4_prior,0.03,0,10,3,0.08688974707001762
dfe,none,0.03,32,10,3,0.06913703413610688
dfe,none,0.03,48,10,3,0.05621236473880926
summary_ridge_eb,none,0.03,20,10,3,0.06604335006079269
neural_eb,neural_bidir_seed0_eb,0.03,20,10,3,0.06391425774982186
neural_eb,neural_bidir_seed1_eb,0.03,20,10,3,0.06466518080098185
neural_eb,neural_bidir_seed2_eb,0.03,20,10,3,0.06390831131385608
neural_eb,neural_bidir_seed3_eb,0.03,20,10,3,0.06406438720042688
neural_eb,neural_bidir_seed4_eb,0.03,20,10,3,0.06373110482478654
summary_ridge_eb,none,0.03,36,10,3,0.054870371766212386
neural_eb,neural_bidir_seed0_eb,0.03,36,10,3,0.05362057072839313
neural_eb,neural_bidir_seed1_eb,0.03,36,10,3,0.05396088308989164
neural_eb,neural_bidir_seed2_eb,0.03,36,10,3,0.05359121057602795
neural_eb,neural_bidir_seed3_eb,0.03,36,10,3,0.0536679650040138
neural_eb,neural_bidir_seed4_eb,0.03,36,10,3,0.0534422725634886
summary_ridge_prior,none,0.03,0,10,4,0.09713688351421076
neural_prior,neural_bidir_seed0_prior,0.03,0,10,4,0.08858491797764145
neural_prior,neural_bidir_seed1_prior,0.03,0,10,4,0.09100267614303448
neural_prior,neural_bidir_seed2_prior,0.03,0,10,4,0.08870674254467303
neural_prior,neural_bidir_seed3_prior,0.03,0,10,4,0.08888154007036064
neural_prior,neural_bidir_seed4_prior,0.03,0,10,4,0.08826416832926043
dfe,none,0.03,32,10,4,0.06886082059738444
dfe,none,0.03,48,10,4,0.055910608670228935
summary_ridge_eb,none,0.03,20,10,4,0.06854161086724955
neural_eb,neural_bidir_seed0_eb,0.03,20,10,4,0.06478609385317805
neural_eb,neural_bidir_seed1_eb,0.03,20,10,4,0.06549296855350145
neural_eb,neural_bidir_seed2_eb,0.03,20,10,4,0.06487780570384075
neural_eb,neural_bidir_seed3_eb,0.03,20,10,4,0.06505458285252229
neural_eb,neural_bidir_seed4_eb,0.03,20,10,4,0.06460691545493058
summary_ridge_eb,none,0.03,36,10,4,0.05700568431234802
neural_eb,neural_bidir_seed0_eb,0.03,36,10,4,0.05396324586054877
neural_eb,neural_bidir_seed1_eb,0.03,36,10,4,0.054129922082300844
neural_eb,neural_bidir_seed2_eb,0.03,36,10,4,0.054037681928910286
neural_eb,neural_bidir_seed3_eb,0.03,36,10,4,0.054158238662362614
neural_eb,neural_bidir_seed4_eb,0.03,36,10,4,0.05389954305732171
summary_ridge_prior,none,0.03,0,11,0,0.09840353506929972
neural_prior,neural_bidir_seed0_prior,0.03,0,11,0,0.08947280221582332
neural_prior,neural_bidir_seed1_prior,0.03,0,11,0,0.09182747146223846
neural_prior,neural_bidir_seed2_prior,0.03,0,11,0,0.08968492864187283
neural_prior,neural_bidir_seed3_prior,0.03,0,11,0,0.08972343232562707
neural_prior,neural_bidir_seed4_prior,0.03,0,11,0,0.0891775978361693
dfe,none,0.03,32,11,0,0.07039159428576897
dfe,none,0.03,48,11,0,0.056262269263733296
summary_ridge_eb,none,0.03,20,11,0,0.06785319392791053
neural_eb,neural_bidir_seed0_eb,0.03,20,11,0,0.06530570997392232
neural_eb,neural_bidir_seed1_eb,0.03,20,11,0,0.06622607573815946
neural_eb,neural_bidir_seed2_eb,0.03,20,11,0,0.06543999299360359
neural_eb,neural_bidir_seed3_eb,0.03,20,11,0,0.06536650732312821
neural_eb,neural_bidir_seed4_eb,0.03,20,11,0,0.06504810568288064
summary_ridge_eb,none,0.03,36,11,0,0.057149360050111474
neural_eb,neural_bidir_seed0_eb,0.03,36,11,0,0.05558969837239457
neural_eb,neural_bidir_seed1_eb,0.03,36,11,0,0.05604217545114158
neural_eb,neural_bidir_seed2_eb,0.03,36,11,0,0.05563819953108637
neural_eb,neural_bidir_seed3_eb,0.03,36,11,0,0.055692773499227015
neural_eb,neural_bidir_seed4_eb,0.03,36,11,0,0.055424961856822524
summary_ridge_prior,none,0.03,0,11,1,0.09476175735691487
neural_prior,neural_bidir_seed0_prior,0.03,0,11,1,0.08798542772819928
neural_prior,neural_bidir_seed1_prior,0.03,0,11,1,0.09039942364870512
neural_prior,neural_bidir_seed2_prior,0.03,0,11,1,0.08817672358964046
neural_prior,neural_bidir_seed3_prior,0.03,0,11,1,0.08824552560508891
neural_prior,neural_bidir_seed4_prior,0.03,0,11,1,0.0877285014703375
dfe,none,0.03,32,11,1,0.06960594010927301
dfe,none,0.03,48,11,1,0.05544813866939141
summary_ridge_eb,none,0.03,20,11,1,0.06817257127707024
neural_eb,neural_bidir_seed0_eb,0.03,20,11,1,0.06681475291846914
neural_eb,neural_bidir_seed1_eb,0.03,20,11,1,0.06768795533487537
neural_eb,neural_bidir_seed2_eb,0.03,20,11,1,0.06688745963220502
neural_eb,neural_bidir_seed3_eb,0.03,20,11,1,0.06685126013060022
neural_eb,neural_bidir_seed4_eb,0.03,20,11,1,0.0665974728148157
summary_ridge_eb,none,0.03,36,11,1,0.0546792712051201
neural_eb,neural_bidir_seed0_eb,0.03,36,11,1,0.05336729320874925
neural_eb,neural_bidir_seed1_eb,0.03,36,11,1,0.05385218709742145
neural_eb,neural_bidir_seed2_eb,0.03,36,11,1,0.053419126248913665
neural_eb,neural_bidir_seed3_eb,0.03,36,11,1,0.05347523129998855
neural_eb,neural_bidir_seed4_eb,0.03,36,11,1,0.05327661811926662
summary_ridge_prior,none,0.03,0,11,2,0.09841174489833114
neural_prior,neural_bidir_seed0_prior,0.03,0,11,2,0.09559321545930288
neural_prior,neural_bidir_seed1_prior,0.03,0,11,2,0.09858473857275385
neural_prior,neural_bidir_seed2_prior,0.03,0,11,2,0.09590458810816926
neural_prior,neural_bidir_seed3_prior,0.03,0,11,2,0.09557712966307008
neural_prior,neural_bidir_seed4_prior,0.03,0,11,2,0.09477743982097309
dfe,none,0.03,32,11,2,0.06828871047307869
dfe,none,0.03,48,11,2,0.056187717776734925
summary_ridge_eb,none,0.03,20,11,2,0.06448378993368523
neural_eb,neural_bidir_seed0_eb,0.03,20,11,2,0.06359026999177647
neural_eb,neural_bidir_seed1_eb,0.03,20,11,2,0.06450137376002937
neural_eb,neural_bidir_seed2_eb,0.03,20,11,2,0.06366854411844544
neural_eb,neural_bidir_seed3_eb,0.03,20,11,2,0.06361773533162932
neural_eb,neural_bidir_seed4_eb,0.03,20,11,2,0.06338938536468523
summary_ridge_eb,none,0.03,36,11,2,0.05503050056240762
neural_eb,neural_bidir_seed0_eb,0.03,36,11,2,0.05481854444650343
neural_eb,neural_bidir_seed1_eb,0.03,36,11,2,0.05539371220470621
neural_eb,neural_bidir_seed2_eb,0.03,36,11,2,0.05488023731263064
neural_eb,neural_bidir_seed3_eb,0.03,36,11,2,0.05487936591940493
neural_eb,neural_bidir_seed4_eb,0.03,36,11,2,0.054710122476816336
summary_ridge_prior,none,0.03,0,11,3,0.09548650206914955
neural_prior,neural_bidir_seed0_prior,0.03,0,11,3,0.09006955042968912
neural_prior,neural_bidir_seed1_prior,0.03,0,11,3,0.09328342758635699
neural_prior,neural_bidir_seed2_prior,0.03,0,11,3,0.09040840610214218
neural_prior,neural_bidir_seed3_prior,0.03,0,11,3,0.09023502027230279
neural_prior,neural_bidir_seed4_prior,0.03,0,11,3,0.0893225083618745
dfe,none,0.03,32,11,3,0.0682177087573825
dfe,none,0.03,48,11,3,0.057746922540552095
summary_ridge_eb,none,0.03,20,11,3,0.06463710269283492
neural_eb,neural_bidir_seed0_eb,0.03,20,11,3,0.06371515544000161
neural_eb,neural_bidir_seed1_eb,0.03,20,11,3,0.06472961469770483
neural_eb,neural_bidir_seed2_eb,0.03,20,11,3,0.06377836161229064
neural_eb,neural_bidir_seed3_eb,0.03,20,11,3,0.06373453458462579
neural_eb,neural_bidir_seed4_eb,0.03,20,11,3,0.06343551423746581
summary_ridge_eb,none,0.03,36,11,3,0.05412915154911005
neural_eb,neural_bidir_seed0_eb,0.03,36,11,3,0.05314259334881508
neural_eb,neural_bidir_seed1_eb,0.03,36,11,3,0.053670323552298574
neural_eb,neural_bidir_seed2_eb,0.03,36,11,3,0.05321853584497587
neural_eb,neural_bidir_seed3_eb,0.03,36,11,3,0.05323658478123477
neural_eb,neural_bidir_seed4_eb,0.03,36,11,3,0.05302973461066285
summary_ridge_prior,none,0.03,0,11,4,0.09449515382513526
neural_prior,neural_bidir_seed0_prior,0.03,0,11,4,0.09025438144999498
neural_prior,neural_bidir_seed1_prior,0.03,0,11,4,0.0932332935899467
neural_prior,neural_bidir_seed2_prior,0.03,0,11,4,0.09054518066659512
neural_prior,neural_bidir_seed3_prior,0.03,0,11,4,0.09038863076966663
neural_prior,neural_bidir_seed4_prior,0.03,0,11,4,0.08946701213244523
dfe,none,0.03,32,11,4,0.06940565137506867
dfe,none,0.03,48,11,4,0.0548572008766114
summary_ridge_eb,none,0.03,20,11,4,0.06713474501099484
neural_eb,neural_bidir_seed0_eb,0.03,20,11,4,0.06548879178523773
neural_eb,neural_bidir_seed1_eb,0.03,20,11,4,0.06630953305435408
neural_eb,neural_bidir_seed2_eb,0.03,20,11,4,0.06552425374255702
neural_eb,neural_bidir_seed3_eb,0.03,20,11,4,0.06556389353152059
neural_eb,neural_bidir_seed4_eb,0.03,20,11,4,0.06520926187262041
summary_ridge_eb,none,0.03,36,11,4,0.0547640603394532
neural_eb,neural_bidir_seed0_eb,0.03,36,11,4,0.053957982108890135
neural_eb,neural_bidir_seed1_eb,0.03,36,11,4,0.054460204549586125
neural_eb,neural_bidir_seed2_eb,0.03,36,11,4,0.05400076767681687
neural_eb,neural_bidir_seed3_eb,0.03,36,11,4,0.05400380441106679
neural_eb,neural_bidir_seed4_eb,0.03,36,11,4,0.05380884651336109
summary_ridge_prior,none,0.03,0,12,0,0.10020330820131862
neural_prior,neural_bidir_seed0_prior,0.03,0,12,0,0.09129690634836152
neural_prior,neural_bidir_seed1_prior,0.03,0,12,0,0.09344791895091475
neural_prior,neural_bidir_seed2_prior,0.03,0,12,0,0.09123910696325765
neural_prior,neural_bidir_seed3_prior,0.03,0,12,0,0.09186889192460512
neural_prior,neural_bidir_seed4_prior,0.03,0,12,0,0.09070335932301532
dfe,none,0.03,32,12,0,0.06908446745926106
dfe,none,0.03,48,12,0,0.05663473019544106
summary_ridge_eb,none,0.03,20,12,0,0.06781736456408854
neural_eb,neural_bidir_seed0_eb,0.03,20,12,0,0.06527625118864129
neural_eb,neural_bidir_seed1_eb,0.03,20,12,0,0.06590318704514803
neural_eb,neural_bidir_seed2_eb,0.03,20,12,0,0.06518356338859832
neural_eb,neural_bidir_seed3_eb,0.03,20,12,0,0.06528238004953435
neural_eb,neural_bidir_seed4_eb,0.03,20,12,0,0.06504631351253262
summary_ridge_eb,none,0.03,36,12,0,0.0558478571952011
neural_eb,neural_bidir_seed0_eb,0.03,36,12,0,0.05444398902779149
neural_eb,neural_bidir_seed1_eb,0.03,36,12,0,0.05480607543766855
neural_eb,neural_bidir_seed2_eb,0.03,36,12,0,0.054374981030782754
neural_eb,neural_bidir_seed3_eb,0.03,36,12,0,0.054454864843070355
neural_eb,neural_bidir_seed4_eb,0.03,36,12,0,0.05433145154275587
summary_ridge_prior,none,0.03,0,12,1,0.09618503414126978
neural_prior,neural_bidir_seed0_prior,0.03,0,12,1,0.08985285175549507
neural_prior,neural_bidir_seed1_prior,0.03,0,12,1,0.09212417349590396
neural_prior,neural_bidir_seed2_prior,0.03,0,12,1,0.08978745177410019
neural_prior,neural_bidir_seed3_prior,0.03,0,12,1,0.0903431698516215
neural_prior,neural_bidir_seed4_prior,0.03,0,12,1,0.08932964684026956
dfe,none,0.03,32,12,1,0.068977647859588
dfe,none,0.03,48,12,1,0.05664545376820963
summary_ridge_eb,none,0.03,20,12,1,0.06600062308266362
neural_eb,neural_bidir_seed0_eb,0.03,20,12,1,0.06395318302121478
neural_eb,neural_bidir_seed1_eb,0.03,20,12,1,0.06464076293535707
neural_eb,neural_bidir_seed2_eb,0.03,20,12,1,0.0638659844529863
neural_eb,neural_bidir_seed3_eb,0.03,20,12,1,0.06389397096879429
neural_eb,neural_bidir_seed4_eb,0.03,20,12,1,0.06375672785225361
summary_ridge_eb,none,0.03,36,12,1,0.056243739078498445
neural_eb,neural_bidir_seed0_eb,0.03,36,12,1,0.05429415322090058
neural_eb,neural_bidir_seed1_eb,0.03,36,12,1,0.05466343527831623
neural_eb,neural_bidir_seed2_eb,0.03,36,12,1,0.05423859724967458
neural_eb,neural_bidir_seed3_eb,0.03,36,12,1,0.0543350945147216
neural_eb,neural_bidir_seed4_eb,0.03,36,12,1,0.05416497462568923
summary_ridge_prior,none,0.03,0,12,2,0.09836613354973509
neural_prior,neural_bidir_seed0_prior,0.03,0,12,2,0.09148225484932482
neural_prior,neural_bidir_seed1_prior,0.03,0,12,2,0.09362741516633832
neural_prior,neural_bidir_seed2_prior,0.03,0,12,2,0.09145324922974396
neural_prior,neural_bidir_seed3_prior,0.03,0,12,2,0.09204251617302361
neural_prior,neural_bidir_seed4_prior,0.03,0,12,2,0.0909511274930992
dfe,none,0.03,32,12,2,0.06818338246921485
dfe,none,0.03,48,12,2,0.056063935844705926
summary_ridge_eb,none,0.03,20,12,2,0.066173334417751
neural_eb,neural_bidir_seed0_eb,0.03,20,12,2,0.06438855754452011
neural_eb,neural_bidir_seed1_eb,0.03,20,12,2,0.0651444295485093
neural_eb,neural_bidir_seed2_eb,0.03,20,12,2,0.06438639973897495
neural_eb,neural_bidir_seed3_eb,0.03,20,12,2,0.0644907838334775
neural_eb,neural_bidir_seed4_eb,0.03,20,12,2,0.06421328511330483
summary_ridge_eb,none,0.03,36,12,2,0.05491566753873011
neural_eb,neural_bidir_seed0_eb,0.03,36,12,2,0.053054229625298516
neural_eb,neural_bidir_seed1_eb,0.03,36,12,2,0.053415259035364246
neural_eb,neural_bidir_seed2_eb,0.03,36,12,2,0.053011427490791956
neural_eb,neural_bidir_seed3_eb,0.03,36,12,2,0.053119562838248785
neural_eb,neural_bidir_seed4_eb,0.03,36,12,2,0.05291001658150577
summary_ridge_prior,none,0.03,0,12,3,0.09730953597125488
neural_prior,neural_bidir_seed0_prior,0.03,0,12,3,0.0879873555732047
neural_prior,neural_bidir_seed1_prior,0.03,0,12,3,0.09024681412665814
neural_prior,neural_bidir_seed2_prior,0.03,0,12,3,0.08805376846976287
neural_prior,neural_bidir_seed3_prior,0.03,0,12,3,0.08857939266999892
neural_prior,neural_bidir_seed4_prior,0.03,0,12,3,0.08750007128219295
dfe,none,0.03,32,12,3,0.06906674460673884
dfe,none,0.03,48,12,3,0.05625522466383288
summary_ridge_eb,none,0.03,20,12,3,0.06762204913889301
neural_eb,neural_bidir_seed0_eb,0.03,20,12,3,0.06490991712123179
neural_eb,neural_bidir_seed1_eb,0.03,20,12,3,0.06583310521410919
neural_eb,neural_bidir_seed2_eb,0.03,20,12,3,0.06487317698766791
neural_eb,neural_bidir_seed3_eb,0.03,20,12,3,0.06494376506297395
neural_eb,neural_bidir_seed4_eb,0.03,20,12,3,0.0647861841303064
summary_ridge_eb,none,0.03,36,12,3,0.055352745973750506
neural_eb,neural_bidir_seed0_eb,0.03,36,12,3,0.05367721519970487
neural_eb,neural_bidir_seed1_eb,0.03,36,12,3,0.054176633469079624
neural_eb,neural_bidir_seed2_eb,0.03,36,12,3,0.053666533060788564
neural_eb,neural_bidir_seed3_eb,0.03,36,12,3,0.053773369133843486
neural_eb,neural_bidir_seed4_eb,0.03,36,12,3,0.0536290381810543
summary_ridge_prior,none,0.03,0,12,4,0.09557735564893818
neural_prior,neural_bidir_seed0_prior,0.03,0,12,4,0.08732362145929073
neural_prior,neural_bidir_seed1_prior,0.03,0,12,4,0.08953522985211748
neural_prior,neural_bidir_seed2_prior,0.03,0,12,4,0.08736573646274337
neural_prior,neural_bidir_seed3_prior,0.03,0,12,4,0.08777355676102161
neural_prior,neural_bidir_seed4_prior,0.03,0,12,4,0.08694150383053056
dfe,none,0.03,32,12,4,0.06900199000398409
dfe,none,0.03,48,12,4,0.05618957504766062
summary_ridge_eb,none,0.03,20,12,4,0.06998042168953508
neural_eb,neural_bidir_seed0_eb,0.03,20,12,4,0.06701593420296603
neural_eb,neural_bidir_seed1_eb,0.03,20,12,4,0.06767798534487453
neural_eb,neural_bidir_seed2_eb,0.03,20,12,4,0.06686248149581632
neural_eb,neural_bidir_seed3_eb,0.03,20,12,4,0.06691038062672901
neural_eb,neural_bidir_seed4_eb,0.03,20,12,4,0.06680586332095068
summary_ridge_eb,none,0.03,36,12,4,0.05696949833809896
neural_eb,neural_bidir_seed0_eb,0.03,36,12,4,0.055089564063847414
neural_eb,neural_bidir_seed1_eb,0.03,36,12,4,0.055465495068522774
neural_eb,neural_bidir_seed2_eb,0.03,36,12,4,0.05501554590926386
neural_eb,neural_bidir_seed3_eb,0.03,36,12,4,0.05502028060098218
neural_eb,neural_bidir_seed4_eb,0.03,36,12,4,0.05493693862697412
summary_ridge_prior,none,0.03,0,13,0,0.1001964628547868
neural_prior,neural_bidir_seed0_prior,0.03,0,13,0,0.08876582611082995
neural_prior,neural_bidir_seed1_prior,0.03,0,13,0,0.09098804939094407
neural_prior,neural_bidir_seed2_prior,0.03,0,13,0,0.08868337972489826
neural_prior,neural_bidir_seed3_prior,0.03,0,13,0,0.08891937031694397
neural_prior,neural_bidir_seed4_prior,0.03,0,13,0,0.08823941086848208
dfe,none,0.03,32,13,0,0.06912213722325954
dfe,none,0.03,48,13,0,0.05719110417792647
summary_ridge_eb,none,0.03,20,13,0,0.0662239307852047
neural_eb,neural_bidir_seed0_eb,0.03,20,13,0,0.06429403867173303
neural_eb,neural_bidir_seed1_eb,0.03,20,13,0,0.06510183640015005
neural_eb,neural_bidir_seed2_eb,0.03,20,13,0,0.0643543247607484
neural_eb,neural_bidir_seed3_eb,0.03,20,13,0,0.06435692883924704
neural_eb,neural_bidir_seed4_eb,0.03,20,13,0,0.06413254460153386
summary_ridge_eb,none,0.03,36,13,0,0.053613547394618946
neural_eb,neural_bidir_seed0_eb,0.03,36,13,0,0.05267164642550899
neural_eb,neural_bidir_seed1_eb,0.03,36,13,0,0.05316552463130074
neural_eb,neural_bidir_seed2_eb,0.03,36,13,0,0.052756126342206694
neural_eb,neural_bidir_seed3_eb,0.03,36,13,0,0.05278771103904452
neural_eb,neural_bidir_seed4_eb,0.03,36,13,0,0.052607341368701
summary_ridge_prior,none,0.03,0,13,1,0.10270144626053153
neural_prior,neural_bidir_seed0_prior,0.03,0,13,1,0.09058017712777655
neural_prior,neural_bidir_seed1_prior,0.03,0,13,1,0.092605598458249
neural_prior,neural_bidir_seed2_prior,0.03,0,13,1,0.09051518251908419
neural_prior,neural_bidir_seed3_prior,0.03,0,13,1,0.09085438874717511
neural_prior,neural_bidir_seed4_prior,0.03,0,13,1,0.0900016933792358
dfe,none,0.03,32,13,1,0.07089560966279408
dfe,none,0.03,48,13,1,0.05555979022992301
summary_ridge_eb,none,0.03,20,13,1,0.0677111448026438
neural_eb,neural_bidir_seed0_eb,0.03,20,13,1,0.06410768570535529
neural_eb,neural_bidir_seed1_eb,0.03,20,13,1,0.06489326719845032
neural_eb,neural_bidir_seed2_eb,0.03,20,13,1,0.06416135995505882
neural_eb,neural_bidir_seed3_eb,0.03,20,13,1,0.06429823587537113
neural_eb,neural_bidir_seed4_eb,0.03,20,13,1,0.06406342834064661
summary_ridge_eb,none,0.03,36,13,1,0.056065658184784914
neural_eb,neural_bidir_seed0_eb,0.03,36,13,1,0.05361805685602662
neural_eb,neural_bidir_seed1_eb,0.03,36,13,1,0.053966538758659546
neural_eb,neural_bidir_seed2_eb,0.03,36,13,1,0.05363700244712853
neural_eb,neural_bidir_seed3_eb,0.03,36,13,1,0.05375565787278892
neural_eb,neural_bidir_seed4_eb,0.03,36,13,1,0.05348460736380487
summary_ridge_prior,none,0.03,0,13,2,0.10155365456488444
neural_prior,neural_bidir_seed0_prior,0.03,0,13,2,0.08712869443661475
neural_prior,neural_bidir_seed1_prior,0.03,0,13,2,0.08930942143888387
neural_prior,neural_bidir_seed2_prior,0.03,0,13,2,0.08721641383272072
neural_prior,neural_bidir_seed3_prior,0.03,0,13,2,0.08747552008389903
neural_prior,neural_bidir_seed4_prior,0.03,0,13,2,0.08679078183013189
dfe,none,0.03,32,13,2,0.0700992816254392
dfe,none,0.03,48,13,2,0.05669146184667857
summary_ridge_eb,none,0.03,20,13,2,0.06666978296686121
neural_eb,neural_bidir_seed0_eb,0.03,20,13,2,0.06423585201391913
neural_eb,neural_bidir_seed1_eb,0.03,20,13,2,0.06506482451206852
neural_eb,neural_bidir_seed2_eb,0.03,20,13,2,0.06420803819111948
neural_eb,neural_bidir_seed3_eb,0.03,20,13,2,0.06431121963028183
neural_eb,neural_bidir_seed4_eb,0.03,20,13,2,0.06410288328985263
summary_ridge_eb,none,0.03,36,13,2,0.0560374531378009
neural_eb,neural_bidir_seed0_eb,0.03,36,13,2,0.055064043782138
neural_eb,neural_bidir_seed1_eb,0.03,36,13,2,0.05558459624169915
neural_eb,neural_bidir_seed2_eb,0.03,36,13,2,0.055065200079056735
neural_eb,neural_bidir_seed3_eb,0.03,36,13,2,0.05511817328840665
neural_eb,neural_bidir_seed4_eb,0.03,36,13,2,0.055031440120238195
summary_ridge_prior,none,0.03,0,13,3,0.09847649030158079
neural_prior,neural_bidir_seed0_prior,0.03,0,13,3,0.08807389451794734
neural_prior,neural_bidir_seed1_prior,0.03,0,13,3,0.09028782095811039
neural_prior,neural_bidir_seed2_prior,0.03,0,13,3,0.08808735252205224
neural_prior,neural_bidir_seed3_prior,0.03,0,13,3,0.08841483515971049
neural_prior,neural_bidir_seed4_prior,0.03,0,13,3,0.08760932575205516
dfe,none,0.03,32,13,3,0.07011099461557566
dfe,none,0.03,48,13,3,0.05630768824777717
summary_ridge_eb,none,0.03,20,13,3,0.06645000998564346
neural_eb,neural_bidir_seed0_eb,0.03,20,13,3,0.06410410745449238
neural_eb,neural_bidir_seed1_eb,0.03,20,13,3,0.06487691757907446
neural_eb,neural_bidir_seed2_eb,0.03,20,13,3,0.0641449526918477
neural_eb,neural_bidir_seed3_eb,0.03,20,13,3,0.06431326498673359
neural_eb,neural_bidir_seed4_eb,0.03,20,13,3,0.06395957738206354
summary_ridge_eb,none,0.03,36,13,3,0.0549406295564508
neural_eb,neural_bidir_seed0_eb,0.03,36,13,3,0.05385211401236016
neural_eb,neural_bidir_seed1_eb,0.03,36,13,3,0.05428433162818422
neural_eb,neural_bidir_seed2_eb,0.03,36,13,3,0.05391057766127726
neural_eb,neural_bidir_seed3_eb,0.03,36,13,3,0.0540565975320472
neural_eb,neural_bidir_seed4_eb,0.03,36,13,3,0.053821882795343945
summary_ridge_prior,none,0.03,0,13,4,0.10344994196937797
neural_prior,neural_bidir_seed0_prior,0.03,0,13,4,0.08757889421576692
neural_prior,neural_bidir_seed1_prior,0.03,0,13,4,0.08969602206525451
neural_prior,neural_bidir_seed2_prior,0.03,0,13,4,0.08780803338049736
neural_prior,neural_bidir_seed3_prior,0.03,0,13,4,0.08811660972969548
neural_prior,neural_bidir_seed4_prior,0.03,0,13,4,0.08742294782314275
dfe,none,0.03,32,13,4,0.06943492965671039
dfe,none,0.03,48,13,4,0.0565861804400469
summary_ridge_eb,none,0.03,20,13,4,0.06805025880566759
neural_eb,neural_bidir_seed0_eb,0.03,20,13,4,0.06495672569979895
neural_eb,neural_bidir_seed1_eb,0.03,20,13,4,0.06568019780829434
neural_eb,neural_bidir_seed2_eb,0.03,20,13,4,0.06503080030775121
neural_eb,neural_bidir_seed3_eb,0.03,20,13,4,0.06512820086327263
neural_eb,neural_bidir_seed4_eb,0.03,20,13,4,0.06488499754293749
summary_ridge_eb,none,0.03,36,13,4,0.0558340246293277
neural_eb,neural_bidir_seed0_eb,0.03,36,13,4,0.05407099511599421
neural_eb,neural_bidir_seed1_eb,0.03,36,13,4,0.05447545928701813
neural_eb,neural_bidir_seed2_eb,0.03,36,13,4,0.05412924182549667
neural_eb,neural_bidir_seed3_eb,0.03,36,13,4,0.0541763908242689
neural_eb,neural_bidir_seed4_eb,0.03,36,13,4,0.054066320619049445
summary_ridge_prior,none,0.03,0,14,0,0.10420452601713329
neural_prior,neural_bidir_seed0_prior,0.03,0,14,0,0.09090694194856042
neural_prior,neural_bidir_seed1_prior,0.03,0,14,0,0.09362338784376334
neural_prior,neural_bidir_seed2_prior,0.03,0,14,0,0.09116827024081431
neural_prior,neural_bidir_seed3_prior,0.03,0,14,0,0.09164958796282008
neural_prior,neural_bidir_seed4_prior,0.03,0,14,0,0.09103701804087905
dfe,none,0.03,32,14,0,0.0682075920410577
dfe,none,0.03,48,14,0,0.057173029258418426
summary_ridge_eb,none,0.03,20,14,0,0.06852358568343464
neural_eb,neural_bidir_seed0_eb,0.03,20,14,0,0.06496179863970925
neural_eb,neural_bidir_seed1_eb,0.03,20,14,0,0.06586100858555635
neural_eb,neural_bidir_seed2_eb,0.03,20,14,0,0.06507863695288187
neural_eb,neural_bidir_seed3_eb,0.03,20,14,0,0.06519572259943276
neural_eb,neural_bidir_seed4_eb,0.03,20,14,0,0.06507259694561995
summary_ridge_eb,none,0.03,36,14,0,0.05492137791104911
neural_eb,neural_bidir_seed0_eb,0.03,36,14,0,0.053332779155214324
neural_eb,neural_bidir_seed1_eb,0.03,36,14,0,0.05389178793380827
neural_eb,neural_bidir_seed2_eb,0.03,36,14,0,0.05341278134183904
neural_eb,neural_bidir_seed3_eb,0.03,36,14,0,0.05344475499355507
neural_eb,neural_bidir_seed4_eb,0.03,36,14,0,0.053355959531131286
summary_ridge_prior,none,0.03,0,14,1,0.10257829821794895
neural_prior,neural_bidir_seed0_prior,0.03,0,14,1,0.08693373413370864
neural_prior,neural_bidir_seed1_prior,0.03,0,14,1,0.08888563075925049
neural_prior,neural_bidir_seed2_prior,0.03,0,14,1,0.0870350434397551
neural_prior,neural_bidir_seed3_prior,0.03,0,14,1,0.08725108412727423
neural_prior,neural_bidir_seed4_prior,0.03,0,14,1,0.08658796955387515
dfe,none,0.03,32,14,1,0.07050529136943218
dfe,none,0.03,48,14,1,0.05711034384633725
summary_ridge_eb,none,0.03,20,14,1,0.06768155769407957
neural_eb,neural_bidir_seed0_eb,0.03,20,14,1,0.06359377013648487
neural_eb,neural_bidir_seed1_eb,0.03,20,14,1,0.06429376221515522
neural_eb,neural_bidir_seed2_eb,0.03,20,14,1,0.0635777133163136
neural_eb,neural_bidir_seed3_eb,0.03,20,14,1,0.06357156147921784
neural_eb,neural_bidir_seed4_eb,0.03,20,14,1,0.06328859440959539
summary_ridge_eb,none,0.03,36,14,1,0.055268751337501046
neural_eb,neural_bidir_seed0_eb,0.03,36,14,1,0.053354659194954204
neural_eb,neural_bidir_seed1_eb,0.03,36,14,1,0.05367289419785164
neural_eb,neural_bidir_seed2_eb,0.03,36,14,1,0.05329129510715021
neural_eb,neural_bidir_seed3_eb,0.03,36,14,1,0.05331338124200195
neural_eb,neural_bidir_seed4_eb,0.03,36,14,1,0.053074797769515084
summary_ridge_prior,none,0.03,0,14,2,0.10279824924221008
neural_prior,neural_bidir_seed0_prior,0.03,0,14,2,0.08659522671769082
neural_prior,neural_bidir_seed1_prior,0.03,0,14,2,0.08873408278122952
neural_prior,neural_bidir_seed2_prior,0.03,0,14,2,0.0867308443539514
neural_prior,neural_bidir_seed3_prior,0.03,0,14,2,0.08701032632052375
neural_prior,neural_bidir_seed4_prior,0.03,0,14,2,0.08634697552588477
dfe,none,0.03,32,14,2,0.06951785794042233
dfe,none,0.03,48,14,2,0.0569801390296342
summary_ridge_eb,none,0.03,20,14,2,0.06679080536141226
neural_eb,neural_bidir_seed0_eb,0.03,20,14,2,0.06255002424780692
neural_eb,neural_bidir_seed1_eb,0.03,20,14,2,0.06334809541829012
neural_eb,neural_bidir_seed2_eb,0.03,20,14,2,0.06257912993759482
neural_eb,neural_bidir_seed3_eb,0.03,20,14,2,0.06259070483791647
neural_eb,neural_bidir_seed4_eb,0.03,20,14,2,0.06235913463394926
summary_ridge_eb,none,0.03,36,14,2,0.05533586616329864
neural_eb,neural_bidir_seed0_eb,0.03,36,14,2,0.0534456324892474
neural_eb,neural_bidir_seed1_eb,0.03,36,14,2,0.05382060467450145
neural_eb,neural_bidir_seed2_eb,0.03,36,14,2,0.05338395185336871
neural_eb,neural_bidir_seed3_eb,0.03,36,14,2,0.05336807907169509
neural_eb,neural_bidir_seed4_eb,0.03,36,14,2,0.05319826073803709
summary_ridge_prior,none,0.03,0,14,3,0.10599319098004331
neural_prior,neural_bidir_seed0_prior,0.03,0,14,3,0.09034536233775725
neural_prior,neural_bidir_seed1_prior,0.03,0,14,3,0.09280661055345263
neural_prior,neural_bidir_seed2_prior,0.03,0,14,3,0.09061624525747902
neural_prior,neural_bidir_seed3_prior,0.03,0,14,3,0.09122748572372075
neural_prior,neural_bidir_seed4_prior,0.03,0,14,3,0.09041913397777535
dfe,none,0.03,32,14,3,0.06866046961407304
dfe,none,0.03,48,14,3,0.056113321663089785
summary_ridge_eb,none,0.03,20,14,3,0.0695459307703608
neural_eb,neural_bidir_seed0_eb,0.03,20,14,3,0.06459458725413333
neural_eb,neural_bidir_seed1_eb,0.03,20,14,3,0.06540227618103325
neural_eb,neural_bidir_seed2_eb,0.03,20,14,3,0.0646694012452045
neural_eb,neural_bidir_seed3_eb,0.03,20,14,3,0.06481388761030685
neural_eb,neural_bidir_seed4_eb,0.03,20,14,3,0.06462054013802132
summary_ridge_eb,none,0.03,36,14,3,0.056171049673383544
neural_eb,neural_bidir_seed0_eb,0.03,36,14,3,0.053581177450795145
neural_eb,neural_bidir_seed1_eb,0.03,36,14,3,0.054013723356305846
neural_eb,neural_bidir_seed2_eb,0.03,36,14,3,0.05362099255603314
neural_eb,neural_bidir_seed3_eb,0.03,36,14,3,0.05371844649204337
neural_eb,neural_bidir_seed4_eb,0.03,36,14,3,0.05359602447678739
summary_ridge_prior,none,0.03,0,14,4,0.10150695534358356
neural_prior,neural_bidir_seed0_prior,0.03,0,14,4,0.08679551516797801
neural_prior,neural_bidir_seed1_prior,0.03,0,14,4,0.08900476947565039
neural_prior,neural_bidir_seed2_prior,0.03,0,14,4,0.08698015382651647
neural_prior,neural_bidir_seed3_prior,0.03,0,14,4,0.08743396936733916
neural_prior,neural_bidir_seed4_prior,0.03,0,14,4,0.0866398616690276
dfe,none,0.03,32,14,4,0.0694806144475343
dfe,none,0.03,48,14,4,0.056651686234377496
summary_ridge_eb,none,0.03,20,14,4,0.068060204262259
neural_eb,neural_bidir_seed0_eb,0.03,20,14,4,0.06397824423586063
neural_eb,neural_bidir_seed1_eb,0.03,20,14,4,0.06481229347831394
neural_eb,neural_bidir_seed2_eb,0.03,20,14,4,0.06400695232586208
neural_eb,neural_bidir_seed3_eb,0.03,20,14,4,0.06411153708119874
neural_eb,neural_bidir_seed4_eb,0.03,20,14,4,0.06382637982155034
summary_ridge_eb,none,0.03,36,14,4,0.055083283364677584
neural_eb,neural_bidir_seed0_eb,0.03,36,14,4,0.05350028674370083
neural_eb,neural_bidir_seed1_eb,0.03,36,14,4,0.05392645473721205
neural_eb,neural_bidir_seed2_eb,0.03,36,14,4,0.05348583104612701
neural_eb,neural_bidir_seed3_eb,0.03,36,14,4,0.05344801840900857
neural_eb,neural_bidir_seed4_eb,0.03,36,14,4,0.05335424147841491
summary_ridge_prior,none,0.03,0,15,0,0.10087410448249332
neural_prior,neural_bidir_seed0_prior,0.03,0,15,0,0.090836008594124
neural_prior,neural_bidir_seed1_prior,0.03,0,15,0,0.09329809890004981
neural_prior,neural_bidir_seed2_prior,0.03,0,15,0,0.09080468654974538
neural_prior,neural_bidir_seed3_prior,0.03,0,15,0,0.09095894183883502
neural_prior,neural_bidir_seed4_prior,0.03,0,15,0,0.09047309805646364
dfe,none,0.03,32,15,0,0.06985101067015848
dfe,none,0.03,48,15,0,0.056650773075882746
summary_ridge_eb,none,0.03,20,15,0,0.0703659963414897
neural_eb,neural_bidir_seed0_eb,0.03,20,15,0,0.06731706431959841
neural_eb,neural_bidir_seed1_eb,0.03,20,15,0,0.068051862963861
neural_eb,neural_bidir_seed2_eb,0.03,20,15,0,0.067287052856774
neural_eb,neural_bidir_seed3_eb,0.03,20,15,0,0.06737973188888903
neural_eb,neural_bidir_seed4_eb,0.03,20,15,0,0.06718938391115256
summary_ridge_eb,none,0.03,36,15,0,0.05648063066923564
neural_eb,neural_bidir_seed0_eb,0.03,36,15,0,0.05510612178495407
neural_eb,neural_bidir_seed1_eb,0.03,36,15,0,0.05555586096303102
neural_eb,neural_bidir_seed2_eb,0.03,36,15,0,0.05511870542076107
neural_eb,neural_bidir_seed3_eb,0.03,36,15,0,0.05517208150840707
neural_eb,neural_bidir_seed4_eb,0.03,36,15,0,0.05501211194572811
summary_ridge_prior,none,0.03,0,15,1,0.1016664752636327
neural_prior,neural_bidir_seed0_prior,0.03,0,15,1,0.09287256836432789
neural_prior,neural_bidir_seed1_prior,0.03,0,15,1,0.09560162184243381
neural_prior,neural_bidir_seed2_prior,0.03,0,15,1,0.09291738557112694
neural_prior,neural_bidir_seed3_prior,0.03,0,15,1,0.09303405548598676
neural_prior,neural_bidir_seed4_prior,0.03,0,15,1,0.09259869851121039
dfe,none,0.03,32,15,1,0.06864701656946211
dfe,none,0.03,48,15,1,0.056507596158230984
summary_ridge_eb,none,0.03,20,15,1,0.0687864270338979
neural_eb,neural_bidir_seed0_eb,0.03,20,15,1,0.06658166580269517
neural_eb,neural_bidir_seed1_eb,0.03,20,15,1,0.06726361198836382
neural_eb,neural_bidir_seed2_eb,0.03,20,15,1,0.06663229107641438
neural_eb,neural_bidir_seed3_eb,0.03,20,15,1,0.06676623312218284
neural_eb,neural_bidir_seed4_eb,0.03,20,15,1,0.06656831654613693
summary_ridge_eb,none,0.03,36,15,1,0.05526375148876926
neural_eb,neural_bidir_seed0_eb,0.03,36,15,1,0.05387768047431073
neural_eb,neural_bidir_seed1_eb,0.03,36,15,1,0.054306215375580544
neural_eb,neural_bidir_seed2_eb,0.03,36,15,1,0.05388868458443466
neural_eb,neural_bidir_seed3_eb,0.03,36,15,1,0.05398068410289526
neural_eb,neural_bidir_seed4_eb,0.03,36,15,1,0.05381658932613307
summary_ridge_prior,none,0.03,0,15,2,0.09659342786107186
neural_prior,neural_bidir_seed0_prior,0.03,0,15,2,0.08738705531686719
neural_prior,neural_bidir_seed1_prior,0.03,0,15,2,0.08978020338872739
neural_prior,neural_bidir_seed2_prior,0.03,0,15,2,0.08745516925228003
neural_prior,neural_bidir_seed3_prior,0.03,0,15,2,0.08763623247614305
neural_prior,neural_bidir_seed4_prior,0.03,0,15,2,0.08709372152770811
dfe,none,0.03,32,15,2,0.06942284780431712
dfe,none,0.03,48,15,2,0.0551757584748594
summary_ridge_eb,none,0.03,20,15,2,0.06658518610821057
neural_eb,neural_bidir_seed0_eb,0.03,20,15,2,0.06462935162145726
neural_eb,neural_bidir_seed1_eb,0.03,20,15,2,0.0653582321322485
neural_eb,neural_bidir_seed2_eb,0.03,20,15,2,0.0646022128070417
neural_eb,neural_bidir_seed3_eb,0.03,20,15,2,0.06476372432843823
neural_eb,neural_bidir_seed4_eb,0.03,20,15,2,0.06448224541730893
summary_ridge_eb,none,0.03,36,15,2,0.054145859582702766
neural_eb,neural_bidir_seed0_eb,0.03,36,15,2,0.05316306501494612
neural_eb,neural_bidir_seed1_eb,0.03,36,15,2,0.05347220877994585
neural_eb,neural_bidir_seed2_eb,0.03,36,15,2,0.05313516822548291
neural_eb,neural_bidir_seed3_eb,0.03,36,15,2,0.0532329678363848
neural_eb,neural_bidir_seed4_eb,0.03,36,15,2,0.05305469194631833
summary_ridge_prior,none,0.03,0,15,3,0.10071905244754568
neural_prior,neural_bidir_seed0_prior,0.03,0,15,3,0.0916784472301515
neural_prior,neural_bidir_seed1_prior,0.03,0,15,3,0.09427629359015555
neural_prior,neural_bidir_seed2_prior,0.03,0,15,3,0.09162318884955312
neural_prior,neural_bidir_seed3_prior,0.03,0,15,3,0.09172973083877878
neural_prior,neural_bidir_seed4_prior,0.03,0,15,3,0.09135873805098527
dfe,none,0.03,32,15,3,0.06878001805833922
dfe,none,0.03,48,15,3,0.05614483096663511
summary_ridge_eb,none,0.03,20,15,3,0.06826446337747169
neural_eb,neural_bidir_seed0_eb,0.03,20,15,3,0.06593616321898688
neural_eb,neural_bidir_seed1_eb,0.03,20,15,3,0.0667137186552018
neural_eb,neural_bidir_seed2_eb,0.03,20,15,3,0.06588006757498846
neural_eb,neural_bidir_seed3_eb,0.03,20,15,3,0.06595483602305796
neural_eb,neural_bidir_seed4_eb,0.03,20,15,3,0.06579958660157706
summary_ridge_eb,none,0.03,36,15,3,0.05506802291548456
neural_eb,neural_bidir_seed0_eb,0.03,36,15,3,0.05376386110163373
neural_eb,neural_bidir_seed1_eb,0.03,36,15,3,0.054162659594633164
neural_eb,neural_bidir_seed2_eb,0.03,36,15,3,0.05372091214437841
neural_eb,neural_bidir_seed3_eb,0.03,36,15,3,0.05374325830958657
neural_eb,neural_bidir_seed4_eb,0.03,36,15,3,0.053675097144829376
summary_ridge_prior,none,0.03,0,15,4,0.09753593892139585
neural_prior,neural_bidir_seed0_prior,0.03,0,15,4,0.0889357168762217
neural_prior,neural_bidir_seed1_prior,0.03,0,15,4,0.09096296353709477
neural_prior,neural_bidir_seed2_prior,0.03,0,15,4,0.08880290091292409
neural_prior,neural_bidir_seed3_prior,0.03,0,15,4,0.08897101580259914
neural_prior,neural_bidir_seed4_prior,0.03,0,15,4,0.08856019209815713
dfe,none,0.03,32,15,4,0.0680081403433894
dfe,none,0.03,48,15,4,0.05634912921594679
summary_ridge_eb,none,0.03,20,15,4,0.067419197786982
neural_eb,neural_bidir_seed0_eb,0.03,20,15,4,0.0651228703199401
neural_eb,neural_bidir_seed1_eb,0.03,20,15,4,0.06569411839437742
neural_eb,neural_bidir_seed2_eb,0.03,20,15,4,0.0649838174344894
neural_eb,neural_bidir_seed3_eb,0.03,20,15,4,0.06511476220408824
neural_eb,neural_bidir_seed4_eb,0.03,20,15,4,0.06494414015417205
summary_ridge_eb,none,0.03,36,15,4,0.05625628809880413
neural_eb,neural_bidir_seed0_eb,0.03,36,15,4,0.0544809352277134
neural_eb,neural_bidir_seed1_eb,0.03,36,15,4,0.0548659821257612
neural_eb,neural_bidir_seed2_eb,0.03,36,15,4,0.054450721615285136
neural_eb,neural_bidir_seed3_eb,0.03,36,15,4,0.054503308736166295
neural_eb,neural_bidir_seed4_eb,0.03,36,15,4,0.05439449082660119
summary_ridge_prior,none,0.03,0,16,0,0.1008718924636384
neural_prior,neural_bidir_seed0_prior,0.03,0,16,0,0.08896014742458647
neural_prior,neural_bidir_seed1_prior,0.03,0,16,0,0.09155032559465326
neural_prior,neural_bidir_seed2_prior,0.03,0,16,0,0.08902079349900305
neural_prior,neural_bidir_seed3_prior,0.03,0,16,0,0.0892302432894212
neural_prior,neural_bidir_seed4_prior,0.03,0,16,0,0.08841199386188237
dfe,none,0.03,32,16,0,0.06953172087324153
dfe,none,0.03,48,16,0,0.05551003689970781
summary_ridge_eb,none,0.03,20,16,0,0.06700998280775528
neural_eb,neural_bidir_seed0_eb,0.03,20,16,0,0.06455957797722994
neural_eb,neural_bidir_seed1_eb,0.03,20,16,0,0.06542971466703724
neural_eb,neural_bidir_seed2_eb,0.03,20,16,0,0.06458950494421356
neural_eb,neural_bidir_seed3_eb,0.03,20,16,0,0.06460376457676367
neural_eb,neural_bidir_seed4_eb,0.03,20,16,0,0.064324342235938
summary_ridge_eb,none,0.03,36,16,0,0.054554944596550074
neural_eb,neural_bidir_seed0_eb,0.03,36,16,0,0.052679571668800926
neural_eb,neural_bidir_seed1_eb,0.03,36,16,0,0.053184591580575154
neural_eb,neural_bidir_seed2_eb,0.03,36,16,0,0.05267658635730095
neural_eb,neural_bidir_seed3_eb,0.03,36,16,0,0.052772497702550235
neural_eb,neural_bidir_seed4_eb,0.03,36,16,0,0.05257747469238548
summary_ridge_prior,none,0.03,0,16,1,0.10491014802451012
neural_prior,neural_bidir_seed0_prior,0.03,0,16,1,0.09073104312665237
neural_prior,neural_bidir_seed1_prior,0.03,0,16,1,0.09335121544972935
neural_prior,neural_bidir_seed2_prior,0.03,0,16,1,0.09090043033756956
neural_prior,neural_bidir_seed3_prior,0.03,0,16,1,0.09111687273070856
neural_prior,neural_bidir_seed4_prior,0.03,0,16,1,0.09028563542051415
dfe,none,0.03,32,16,1,0.0689719356781078
dfe,none,0.03,48,16,1,0.0560157592467702
summary_ridge_eb,none,0.03,20,16,1,0.06808372224864791
neural_eb,neural_bidir_seed0_eb,0.03,20,16,1,0.06413478844132872
neural_eb,neural_bidir_seed1_eb,0.03,20,16,1,0.06494441474151968
neural_eb,neural_bidir_seed2_eb,0.03,20,16,1,0.0642003452402787
neural_eb,neural_bidir_seed3_eb,0.03,20,16,1,0.0643148871569215
neural_eb,neural_bidir_seed4_eb,0.03,20,16,1,0.06403142716009758
summary_ridge_eb,none,0.03,36,16,1,0.05445195082903289
neural_eb,neural_bidir_seed0_eb,0.03,36,16,1,0.05292961999608024
neural_eb,neural_bidir_seed1_eb,0.03,36,16,1,0.053399988145585546
neural_eb,neural_bidir_seed2_eb,0.03,36,16,1,0.05297612336461703
neural_eb,neural_bidir_seed3_eb,0.03,36,16,1,0.052989181723907264
neural_eb,neural_bidir_seed4_eb,0.03,36,16,1,0.052870164030334635
summary_ridge_prior,none,0.03,0,16,2,0.10513204808814139
neural_prior,neural_bidir_seed0_prior,0.03,0,16,2,0.09400172089044645
neural_prior,neural_bidir_seed1_prior,0.03,0,16,2,0.09645658362387621
neural_prior,neural_bidir_seed2_prior,0.03,0,16,2,0.09405183436865627
neural_prior,neural_bidir_seed3_prior,0.03,0,16,2,0.09430141479060694
neural_prior,neural_bidir_seed4_prior,0.03,0,16,2,0.09367662900876894
dfe,none,0.03,32,16,2,0.0695786086677238
dfe,none,0.03,48,16,2,0.056045113192991554
summary_ridge_eb,none,0.03,20,16,2,0.0674023075617273
neural_eb,neural_bidir_seed0_eb,0.03,20,16,2,0.06455795579110649
neural_eb,neural_bidir_seed1_eb,0.03,20,16,2,0.06537623288263415
neural_eb,neural_bidir_seed2_eb,0.03,20,16,2,0.06454874253916248
neural_eb,neural_bidir_seed3_eb,0.03,20,16,2,0.06459683314320609
neural_eb,neural_bidir_seed4_eb,0.03,20,16,2,0.06448782253572846
summary_ridge_eb,none,0.03,36,16,2,0.05518174950812048
neural_eb,neural_bidir_seed0_eb,0.03,36,16,2,0.053531952188663225
neural_eb,neural_bidir_seed1_eb,0.03,36,16,2,0.0540398317154744
neural_eb,neural_bidir_seed2_eb,0.03,36,16,2,0.05356710392577767
neural_eb,neural_bidir_seed3_eb,0.03,36,16,2,0.053611262273692076
neural_eb,neural_bidir_seed4_eb,0.03,36,16,2,0.05350686502453901
summary_ridge_prior,none,0.03,0,16,3,0.10638296114114165
neural_prior,neural_bidir_seed0_prior,0.03,0,16,3,0.09090897266833053
neural_prior,neural_bidir_seed1_prior,0.03,0,16,3,0.09359456575293734
neural_prior,neural_bidir_seed2_prior,0.03,0,16,3,0.09103576555025938
neural_prior,neural_bidir_seed3_prior,0.03,0,16,3,0.09127971927046019
neural_prior,neural_bidir_seed4_prior,0.03,0,16,3,0.09044452677881054
dfe,none,0.03,32,16,3,0.0707157737122814
dfe,none,0.03,48,16,3,0.05692300901967861
summary_ridge_eb,none,0.03,20,16,3,0.06946737415503482
neural_eb,neural_bidir_seed0_eb,0.03,20,16,3,0.06556040276593465
neural_eb,neural_bidir_seed1_eb,0.03,20,16,3,0.06642605785549455
neural_eb,neural_bidir_seed2_eb,0.03,20,16,3,0.0656069796652895
neural_eb,neural_bidir_seed3_eb,0.03,20,16,3,0.06573564328500725
neural_eb,neural_bidir_seed4_eb,0.03,20,16,3,0.06543823074495012
summary_ridge_eb,none,0.03,36,16,3,0.05533008135954149
neural_eb,neural_bidir_seed0_eb,0.03,36,16,3,0.05368701644828669
neural_eb,neural_bidir_seed1_eb,0.03,36,16,3,0.0541719594284575
neural_eb,neural_bidir_seed2_eb,0.03,36,16,3,0.053673542207403585
neural_eb,neural_bidir_seed3_eb,0.03,36,16,3,0.05369887897284026
neural_eb,neural_bidir_seed4_eb,0.03,36,16,3,0.05361764202238063
summary_ridge_prior,none,0.03,0,16,4,0.10527267907771076
neural_prior,neural_bidir_seed0_prior,0.03,0,16,4,0.09153395980501955
neural_prior,neural_bidir_seed1_prior,0.03,0,16,4,0.093916797062775
neural_prior,neural_bidir_seed2_prior,0.03,0,16,4,0.09162320125142287
neural_prior,neural_bidir_seed3_prior,0.03,0,16,4,0.09190100744126539
neural_prior,neural_bidir_seed4_prior,0.03,0,16,4,0.09105876512148825
dfe,none,0.03,32,16,4,0.06851885593846901
dfe,none,0.03,48,16,4,0.05637963158057335
summary_ridge_eb,none,0.03,20,16,4,0.06777827705727206
neural_eb,neural_bidir_seed0_eb,0.03,20,16,4,0.0651835984037886
neural_eb,neural_bidir_seed1_eb,0.03,20,16,4,0.06599196965476417
neural_eb,neural_bidir_seed2_eb,0.03,20,16,4,0.06527348412328088
neural_eb,neural_bidir_seed3_eb,0.03,20,16,4,0.0653556159351098
neural_eb,neural_bidir_seed4_eb,0.03,20,16,4,0.06504456115334453
summary_ridge_eb,none,0.03,36,16,4,0.054652682207179254
neural_eb,neural_bidir_seed0_eb,0.03,36,16,4,0.05287220172464803
neural_eb,neural_bidir_seed1_eb,0.03,36,16,4,0.05335540654405143
neural_eb,neural_bidir_seed2_eb,0.03,36,16,4,0.05293743136050284
neural_eb,neural_bidir_seed3_eb,0.03,36,16,4,0.0530159451610584
neural_eb,neural_bidir_seed4_eb,0.03,36,16,4,0.052853671540345745
summary_ridge_prior,none,0.03,0,17,0,0.10554787555197731
neural_prior,neural_bidir_seed0_prior,0.03,0,17,0,0.09375689247644914
neural_prior,neural_bidir_seed1_prior,0.03,0,17,0,0.09585635873190768
neural_prior,neural_bidir_seed2_prior,0.03,0,17,0,0.09379125839586777
neural_prior,neural_bidir_seed3_prior,0.03,0,17,0,0.09476843873380858
neural_prior,neural_bidir_seed4_prior,0.03,0,17,0,0.09297911266003211
dfe,none,0.03,32,17,0,0.06770866225265985
dfe,none,0.03,48,17,0,0.056949574770319714
summary_ridge_eb,none,0.03,20,17,0,0.06806260073797632
neural_eb,neural_bidir_seed0_eb,0.03,20,17,0,0.0648560583829829
neural_eb,neural_bidir_seed1_eb,0.03,20,17,0,0.0654956373183416
neural_eb,neural_bidir_seed2_eb,0.03,20,17,0,0.06484261928537835
neural_eb,neural_bidir_seed3_eb,0.03,20,17,0,0.06518642039736783
neural_eb,neural_bidir_seed4_eb,0.03,20,17,0,0.06466629427934889
summary_ridge_eb,none,0.03,36,17,0,0.056616074355452475
neural_eb,neural_bidir_seed0_eb,0.03,36,17,0,0.054732638947107594
neural_eb,neural_bidir_seed1_eb,0.03,36,17,0,0.055021927753995684
neural_eb,neural_bidir_seed2_eb,0.03,36,17,0,0.05471570305371924
neural_eb,neural_bidir_seed3_eb,0.03,36,17,0,0.054956868023761915
neural_eb,neural_bidir_seed4_eb,0.03,36,17,0,0.05457646018803571
summary_ridge_prior,none,0.03,0,17,1,0.10888125798877904
neural_prior,neural_bidir_seed0_prior,0.03,0,17,1,0.09561276666318008
neural_prior,neural_bidir_seed1_prior,0.03,0,17,1,0.0976986671648774
neural_prior,neural_bidir_seed2_prior,0.03,0,17,1,0.09567501929086575
neural_prior,neural_bidir_seed3_prior,0.03,0,17,1,0.09660323833486473
neural_prior,neural_bidir_seed4_prior,0.03,0,17,1,0.09490282871229283
dfe,none,0.03,32,17,1,0.06848146767387857
dfe,none,0.03,48,17,1,0.05558789554978063
summary_ridge_eb,none,0.03,20,17,1,0.06958046237748755
neural_eb,neural_bidir_seed0_eb,0.03,20,17,1,0.06682611114815891
neural_eb,neural_bidir_seed1_eb,0.03,20,17,1,0.06743417440631823
neural_eb,neural_bidir_seed2_eb,0.03,20,17,1,0.06683641021897872
neural_eb,neural_bidir_seed3_eb,0.03,20,17,1,0.06700333463850716
neural_eb,neural_bidir_seed4_eb,0.03,20,17,1,0.06664755808568276
summary_ridge_eb,none,0.03,36,17,1,0.055999253507657776
neural_eb,neural_bidir_seed0_eb,0.03,36,17,1,0.05423349157058144
neural_eb,neural_bidir_seed1_eb,0.03,36,17,1,0.05457129387052741
neural_eb,neural_bidir_seed2_eb,0.03,36,17,1,0.05424519953684971
neural_eb,neural_bidir_seed3_eb,0.03,36,17,1,0.05438632963682192
neural_eb,neural_bidir_seed4_eb,0.03,36,17,1,0.05409974647279821
summary_ridge_prior,none,0.03,0,17,2,0.10686123041045602
neural_prior,neural_bidir_seed0_prior,0.03,0,17,2,0.093555301287779
neural_prior,neural_bidir_seed1_prior,0.03,0,17,2,0.09574907974638336
neural_prior,neural_bidir_seed2_prior,0.03,0,17,2,0.09360424129954481
neural_prior,neural_bidir_seed3_prior,0.03,0,17,2,0.0945331844905013
neural_prior,neural_bidir_seed4_prior,0.03,0,17,2,0.09275639008228609
dfe,none,0.03,32,17,2,0.06946533899552262
dfe,none,0.03,48,17,2,0.056002317036369764
summary_ridge_eb,none,0.03,20,17,2,0.06927216367611044
neural_eb,neural_bidir_seed0_eb,0.03,20,17,2,0.06612446380462941
neural_eb,neural_bidir_seed1_eb,0.03,20,17,2,0.06679513204014308
neural_eb,neural_bidir_seed2_eb,0.03,20,17,2,0.06609741875325922
neural_eb,neural_bidir_seed3_eb,0.03,20,17,2,0.06638841902887754
neural_eb,neural_bidir_seed4_eb,0.03,20,17,2,0.06591854747051187
summary_ridge_eb,none,0.03,36,17,2,0.05593592717444879
neural_eb,neural_bidir_seed0_eb,0.03,36,17,2,0.05440760462779427
neural_eb,neural_bidir_seed1_eb,0.03,36,17,2,0.05482426116927555
neural_eb,neural_bidir_seed2_eb,0.03,36,17,2,0.05437182047397088
neural_eb,neural_bidir_seed3_eb,0.03,36,17,2,0.05452805332309092
neural_eb,neural_bidir_seed4_eb,0.03,36,17,2,0.05432371556374961
summary_ridge_prior,none,0.03,0,17,3,0.11112153541194485
neural_prior,neural_bidir_seed0_prior,0.03,0,17,3,0.09473677999449137
neural_prior,neural_bidir_seed1_prior,0.03,0,17,3,0.09673091257900523
neural_prior,neural_bidir_seed2_prior,0.03,0,17,3,0.0947880149451521
neural_prior,neural_bidir_seed3_prior,0.03,0,17,3,0.0958140981510951
neural_prior,neural_bidir_seed4_prior,0.03,0,17,3,0.09388804817535856
dfe,none,0.03,32,17,3,0.06894011269434216
dfe,none,0.03,48,17,3,0.056787577308749476
summary_ridge_eb,none,0.03,20,17,3,0.07109027111835717
neural_eb,neural_bidir_seed0_eb,0.03,20,17,3,0.06632920207400697
neural_eb,neural_bidir_seed1_eb,0.03,20,17,3,0.0669844431519716
neural_eb,neural_bidir_seed2_eb,0.03,20,17,3,0.06628622662259016
neural_eb,neural_bidir_seed3_eb,0.03,20,17,3,0.06653246314990321
neural_eb,neural_bidir_seed4_eb,0.03,20,17,3,0.06610514400649409
summary_ridge_eb,none,0.03,36,17,3,0.056987939372332826
neural_eb,neural_bidir_seed0_eb,0.03,36,17,3,0.05443816911935648
neural_eb,neural_bidir_seed1_eb,0.03,36,17,3,0.05481574477705522
neural_eb,neural_bidir_seed2_eb,0.03,36,17,3,0.05445373028382997
neural_eb,neural_bidir_seed3_eb,0.03,36,17,3,0.05458709721598105
neural_eb,neural_bidir_seed4_eb,0.03,36,17,3,0.05436380724884538
summary_ridge_prior,none,0.03,0,17,4,0.10534102676606485
neural_prior,neural_bidir_seed0_prior,0.03,0,17,4,0.09081587169748673
neural_prior,neural_bidir_seed1_prior,0.03,0,17,4,0.09285644838200824
neural_prior,neural_bidir_seed2_prior,0.03,0,17,4,0.09086944154660159
neural_prior,neural_bidir_seed3_prior,0.03,0,17,4,0.09195735474895628
neural_prior,neural_bidir_seed4_prior,0.03,0,17,4,0.08997867358812073
dfe,none,0.03,32,17,4,0.06830926926894346
dfe,none,0.03,48,17,4,0.05714333757665463
summary_ridge_eb,none,0.03,20,17,4,0.06836774733394727
neural_eb,neural_bidir_seed0_eb,0.03,20,17,4,0.0640780444661386
neural_eb,neural_bidir_seed1_eb,0.03,20,17,4,0.06474689680182046
neural_eb,neural_bidir_seed2_eb,0.03,20,17,4,0.06412035944575299
neural_eb,neural_bidir_seed3_eb,0.03,20,17,4,0.06443178241576825
neural_eb,neural_bidir_seed4_eb,0.03,20,17,4,0.06392247836381432
summary_ridge_eb,none,0.03,36,17,4,0.05522908774649099
neural_eb,neural_bidir_seed0_eb,0.03,36,17,4,0.05365407858478778
neural_eb,neural_bidir_seed1_eb,0.03,36,17,4,0.05416143024634164
neural_eb,neural_bidir_seed2_eb,0.03,36,17,4,0.05367758092503013
neural_eb,neural_bidir_seed3_eb,0.03,36,17,4,0.05373350540583024
neural_eb,neural_bidir_seed4_eb,0.03,36,17,4,0.053634673692190875
summary_ridge_prior,none,0.03,0,18,0,0.0980549367901809
neural_prior,neural_bidir_seed0_prior,0.03,0,18,0,0.09113911798885965
neural_prior,neural_bidir_seed1_prior,0.03,0,18,0,0.09376200019141834
neural_prior,neural_bidir_seed2_prior,0.03,0,18,0,0.09114980090635072
neural_prior,neural_bidir_seed3_prior,0.03,0,18,0,0.09124568637889752
neural_prior,neural_bidir_seed4_prior,0.03,0,18,0,0.09045494487327232
dfe,none,0.03,32,18,0,0.0678068453156076
dfe,none,0.03,48,18,0,0.05687231197951935
summary_ridge_eb,none,0.03,20,18,0,0.06574707108030493
neural_eb,neural_bidir_seed0_eb,0.03,20,18,0,0.06517132563566756
neural_eb,neural_bidir_seed1_eb,0.03,20,18,0,0.06599225914401383
neural_eb,neural_bidir_seed2_eb,0.03,20,18,0,0.06516831545900441
neural_eb,neural_bidir_seed3_eb,0.03,20,18,0,0.06520494181873286
neural_eb,neural_bidir_seed4_eb,0.03,20,18,0,0.0649247165778663
summary_ridge_eb,none,0.03,36,18,0,0.054541011194362776
neural_eb,neural_bidir_seed0_eb,0.03,36,18,0,0.0538345047022436
neural_eb,neural_bidir_seed1_eb,0.03,36,18,0,0.05427475103057598
neural_eb,neural_bidir_seed2_eb,0.03,36,18,0,0.05390235215199181
neural_eb,neural_bidir_seed3_eb,0.03,36,18,0,0.0539729450595485
neural_eb,neural_bidir_seed4_eb,0.03,36,18,0,0.053724842361661196
summary_ridge_prior,none,0.03,0,18,1,0.10044656178578817
neural_prior,neural_bidir_seed0_prior,0.03,0,18,1,0.09446645346724836
neural_prior,neural_bidir_seed1_prior,0.03,0,18,1,0.09679302296535752
neural_prior,neural_bidir_seed2_prior,0.03,0,18,1,0.09450436715087562
neural_prior,neural_bidir_seed3_prior,0.03,0,18,1,0.09482644319905376
neural_prior,neural_bidir_seed4_prior,0.03,0,18,1,0.09398857925953052
dfe,none,0.03,32,18,1,0.06881868058050539
dfe,none,0.03,48,18,1,0.05686726057518572
summary_ridge_eb,none,0.03,20,18,1,0.0675420591682766
neural_eb,neural_bidir_seed0_eb,0.03,20,18,1,0.06499393266069714
neural_eb,neural_bidir_seed1_eb,0.03,20,18,1,0.06558495999277902
neural_eb,neural_bidir_seed2_eb,0.03,20,18,1,0.06501762295486252
neural_eb,neural_bidir_seed3_eb,0.03,20,18,1,0.06518529724537879
neural_eb,neural_bidir_seed4_eb,0.03,20,18,1,0.06483805364371532
summary_ridge_eb,none,0.03,36,18,1,0.05592015535418972
neural_eb,neural_bidir_seed0_eb,0.03,36,18,1,0.05527674177915696
neural_eb,neural_bidir_seed1_eb,0.03,36,18,1,0.05565820827945159
neural_eb,neural_bidir_seed2_eb,0.03,36,18,1,0.05528752761884652
neural_eb,neural_bidir_seed3_eb,0.03,36,18,1,0.05536544752692221
neural_eb,neural_bidir_seed4_eb,0.03,36,18,1,0.05519211119339522
summary_ridge_prior,none,0.03,0,18,2,0.0999739229011119
neural_prior,neural_bidir_seed0_prior,0.03,0,18,2,0.08688421584338357
neural_prior,neural_bidir_seed1_prior,0.03,0,18,2,0.08917492510772718
neural_prior,neural_bidir_seed2_prior,0.03,0,18,2,0.08700775499710289
neural_prior,neural_bidir_seed3_prior,0.03,0,18,2,0.08723908108186151
neural_prior,neural_bidir_seed4_prior,0.03,0,18,2,0.08652185969367565
dfe,none,0.03,32,18,2,0.07012252012673151
dfe,none,0.03,48,18,2,0.056952582865180235
summary_ridge_eb,none,0.03,20,18,2,0.06810960355912506
neural_eb,neural_bidir_seed0_eb,0.03,20,18,2,0.06420019792576812
neural_eb,neural_bidir_seed1_eb,0.03,20,18,2,0.06511010685895824
neural_eb,neural_bidir_seed2_eb,0.03,20,18,2,0.06429443256768631
neural_eb,neural_bidir_seed3_eb,0.03,20,18,2,0.06432457046695347
neural_eb,neural_bidir_seed4_eb,0.03,20,18,2,0.06405021249031494
summary_ridge_eb,none,0.03,36,18,2,0.05544590082638724
neural_eb,neural_bidir_seed0_eb,0.03,36,18,2,0.05349134949724543
neural_eb,neural_bidir_seed1_eb,0.03,36,18,2,0.053924064948035436
neural_eb,neural_bidir_seed2_eb,0.03,36,18,2,0.05349026236444976
neural_eb,neural_bidir_seed3_eb,0.03,36,18,2,0.053545144455930095
neural_eb,neural_bidir_seed4_eb,0.03,36,18,2,0.053353586011676606
summary_ridge_prior,none,0.03,0,18,3,0.09733153974319375
neural_prior,neural_bidir_seed0_prior,0.03,0,18,3,0.0908076407340559
neural_prior,neural_bidir_seed1_prior,0.03,0,18,3,0.09335299624763138
neural_prior,neural_bidir_seed2_prior,0.03,0,18,3,0.0909303184653254
neural_prior,neural_bidir_seed3_prior,0.03,0,18,3,0.09110309384232096
neural_prior,neural_bidir_seed4_prior,0.03,0,18,3,0.0904137005618395
dfe,none,0.03,32,18,3,0.06927413244069458
dfe,none,0.03,48,18,3,0.05474739131388032
summary_ridge_eb,none,0.03,20,18,3,0.06637077131219474
neural_eb,neural_bidir_seed0_eb,0.03,20,18,3,0.06482170060291112
neural_eb,neural_bidir_seed1_eb,0.03,20,18,3,0.0656956474563347
neural_eb,neural_bidir_seed2_eb,0.03,20,18,3,0.06494545043748862
neural_eb,neural_bidir_seed3_eb,0.03,20,18,3,0.06497346708318189
neural_eb,neural_bidir_seed4_eb,0.03,20,18,3,0.06474349068614099
summary_ridge_eb,none,0.03,36,18,3,0.054935945518565565
neural_eb,neural_bidir_seed0_eb,0.03,36,18,3,0.05405048915274217
neural_eb,neural_bidir_seed1_eb,0.03,36,18,3,0.05453458385026189
neural_eb,neural_bidir_seed2_eb,0.03,36,18,3,0.054119406606083865
neural_eb,neural_bidir_seed3_eb,0.03,36,18,3,0.054143433202338845
neural_eb,neural_bidir_seed4_eb,0.03,36,18,3,0.05399003823018308
summary_ridge_prior,none,0.03,0,18,4,0.09967158447906739
neural_prior,neural_bidir_seed0_prior,0.03,0,18,4,0.08919846561730083
neural_prior,neural_bidir_seed1_prior,0.03,0,18,4,0.09182018751198484
neural_prior,neural_bidir_seed2_prior,0.03,0,18,4,0.08924192103404494
neural_prior,neural_bidir_seed3_prior,0.03,0,18,4,0.08931991669487616
neural_prior,neural_bidir_seed4_prior,0.03,0,18,4,0.08856255058162787
dfe,none,0.03,32,18,4,0.06983666269077228
dfe,none,0.03,48,18,4,0.056616245158661094
summary_ridge_eb,none,0.03,20,18,4,0.0660690768389055
neural_eb,neural_bidir_seed0_eb,0.03,20,18,4,0.06485369801667011
neural_eb,neural_bidir_seed1_eb,0.03,20,18,4,0.06565431572935554
neural_eb,neural_bidir_seed2_eb,0.03,20,18,4,0.06482327059175996
neural_eb,neural_bidir_seed3_eb,0.03,20,18,4,0.06485051360874712
neural_eb,neural_bidir_seed4_eb,0.03,20,18,4,0.06458455377688746
summary_ridge_eb,none,0.03,36,18,4,0.055265072224091966
neural_eb,neural_bidir_seed0_eb,0.03,36,18,4,0.0542434307472095
neural_eb,neural_bidir_seed1_eb,0.03,36,18,4,0.05470340120427891
neural_eb,neural_bidir_seed2_eb,0.03,36,18,4,0.05424217674300179
neural_eb,neural_bidir_seed3_eb,0.03,36,18,4,0.05430603055511472
neural_eb,neural_bidir_seed4_eb,0.03,36,18,4,0.054101228983412075
summary_ridge_prior,none,0.03,0,19,0,0.09552196094746798
neural_prior,neural_bidir_seed0_prior,0.03,0,19,0,0.08979710047970002
neural_prior,neural_bidir_seed1_prior,0.03,0,19,0,0.09241575210580777
neural_prior,neural_bidir_seed2_prior,0.03,0,19,0,0.08985004074747849
neural_prior,neural_bidir_seed3_prior,0.03,0,19,0,0.09007016759824182
neural_prior,neural_bidir_seed4_prior,0.03,0,19,0,0.08952025462167512
dfe,none,0.03,32,19,0,0.06844584921480495
dfe,none,0.03,48,19,0,0.056438336320113996
summary_ridge_eb,none,0.03,20,19,0,0.06653033393715424
neural_eb,neural_bidir_seed0_eb,0.03,20,19,0,0.0644102980310281
neural_eb,neural_bidir_seed1_eb,0.03,20,19,0,0.06526607884967339
neural_eb,neural_bidir_seed2_eb,0.03,20,19,0,0.06444216028718487
neural_eb,neural_bidir_seed3_eb,0.03,20,19,0,0.06452089411806541
neural_eb,neural_bidir_seed4_eb,0.03,20,19,0,0.06433414803062115
summary_ridge_eb,none,0.03,36,19,0,0.054102144329735966
neural_eb,neural_bidir_seed0_eb,0.03,36,19,0,0.053469964675573384
neural_eb,neural_bidir_seed1_eb,0.03,36,19,0,0.05396054983565677
neural_eb,neural_bidir_seed2_eb,0.03,36,19,0,0.053457270888638976
neural_eb,neural_bidir_seed3_eb,0.03,36,19,0,0.05348958082317025
neural_eb,neural_bidir_seed4_eb,0.03,36,19,0,0.05339771657179239
summary_ridge_prior,none,0.03,0,19,1,0.09630337872913744
neural_prior,neural_bidir_seed0_prior,0.03,0,19,1,0.08874018656024418
neural_prior,neural_bidir_seed1_prior,0.03,0,19,1,0.09150035972015758
neural_prior,neural_bidir_seed2_prior,0.03,0,19,1,0.08886215298662137
neural_prior,neural_bidir_seed3_prior,0.03,0,19,1,0.08907598236510239
neural_prior,neural_bidir_seed4_prior,0.03,0,19,1,0.0885202727640717
dfe,none,0.03,32,19,1,0.0696033069821653
dfe,none,0.03,48,19,1,0.05683253991738245
summary_ridge_eb,none,0.03,20,19,1,0.06670342591137977
neural_eb,neural_bidir_seed0_eb,0.03,20,19,1,0.06473350878781275
neural_eb,neural_bidir_seed1_eb,0.03,20,19,1,0.0656042594044899
neural_eb,neural_bidir_seed2_eb,0.03,20,19,1,0.0647760893419592
neural_eb,neural_bidir_seed3_eb,0.03,20,19,1,0.06488236487651344
neural_eb,neural_bidir_seed4_eb,0.03,20,19,1,0.0646699454998217
summary_ridge_eb,none,0.03,36,19,1,0.05423634149552296
neural_eb,neural_bidir_seed0_eb,0.03,36,19,1,0.05380269316898291
neural_eb,neural_bidir_seed1_eb,0.03,36,19,1,0.05428895321460481
neural_eb,neural_bidir_seed2_eb,0.03,36,19,1,0.05375871137494592
neural_eb,neural_bidir_seed3_eb,0.03,36,19,1,0.05378551119970838
neural_eb,neural_bidir_seed4_eb,0.03,36,19,1,0.053730001675660936
summary_ridge_prior,none,0.03,0,19,2,0.09867329763290883
neural_prior,neural_bidir_seed0_prior,0.03,0,19,2,0.09225388884624408
neural_prior,neural_bidir_seed1_prior,0.03,0,19,2,0.0949245454667107
neural_prior,neural_bidir_seed2_prior,0.03,0,19,2,0.09242469021955912
neural_prior,neural_bidir_seed3_prior,0.03,0,19,2,0.09271738887582615
neural_prior,neural_bidir_seed4_prior,0.03,0,19,2,0.09200864140984777
dfe,none,0.03,32,19,2,0.06964683600214831
dfe,none,0.03,48,19,2,0.0566196030793319
summary_ridge_eb,none,0.03,20,19,2,0.06659657675528435
neural_eb,neural_bidir_seed0_eb,0.03,20,19,2,0.06408596705128419
neural_eb,neural_bidir_seed1_eb,0.03,20,19,2,0.0649273698427914
neural_eb,neural_bidir_seed2_eb,0.03,20,19,2,0.06419467393240019
neural_eb,neural_bidir_seed3_eb,0.03,20,19,2,0.0643580773318359
neural_eb,neural_bidir_seed4_eb,0.03,20,19,2,0.06403405541418913
summary_ridge_eb,none,0.03,36,19,2,0.054920881141327406
neural_eb,neural_bidir_seed0_eb,0.03,36,19,2,0.0540045677790253
neural_eb,neural_bidir_seed1_eb,0.03,36,19,2,0.05447684513067247
neural_eb,neural_bidir_seed2_eb,0.03,36,19,2,0.054056133041394526
neural_eb,neural_bidir_seed3_eb,0.03,36,19,2,0.054100110245610004
neural_eb,neural_bidir_seed4_eb,0.03,36,19,2,0.05398093992404173
summary_ridge_prior,none,0.03,0,19,3,0.09799067953195188
neural_prior,neural_bidir_seed0_prior,0.03,0,19,3,0.09279046829578874
neural_prior,neural_bidir_seed1_prior,0.03,0,19,3,0.09546379658968362
neural_prior,neural_bidir_seed2_prior,0.03,0,19,3,0.0929584960667853
neural_prior,neural_bidir_seed3_prior,0.03,0,19,3,0.09320742561794759
neural_prior,neural_bidir_seed4_prior,0.03,0,19,3,0.09262454592499125
dfe,none,0.03,32,19,3,0.06870462456189419
dfe,none,0.03,48,19,3,0.05578171868568564
summary_ridge_eb,none,0.03,20,19,3,0.06665141232349589
neural_eb,neural_bidir_seed0_eb,0.03,20,19,3,0.06585518374984978
neural_eb,neural_bidir_seed1_eb,0.03,20,19,3,0.06677698044843693
neural_eb,neural_bidir_seed2_eb,0.03,20,19,3,0.06593182037123677
neural_eb,neural_bidir_seed3_eb,0.03,20,19,3,0.06594863857490202
neural_eb,neural_bidir_seed4_eb,0.03,20,19,3,0.06584820190399937
summary_ridge_eb,none,0.03,36,19,3,0.05337066292756617
neural_eb,neural_bidir_seed0_eb,0.03,36,19,3,0.05240261347082517
neural_eb,neural_bidir_seed1_eb,0.03,36,19,3,0.05287541521410735
neural_eb,neural_bidir_seed2_eb,0.03,36,19,3,0.05241831730726263
neural_eb,neural_bidir_seed3_eb,0.03,36,19,3,0.05251438573773308
neural_eb,neural_bidir_seed4_eb,0.03,36,19,3,0.052332793969469556
summary_ridge_prior,none,0.03,0,19,4,0.09936781285797278
neural_prior,neural_bidir_seed0_prior,0.03,0,19,4,0.09199511273436656
neural_prior,neural_bidir_seed1_prior,0.03,0,19,4,0.09454750746772334
neural_prior,neural_bidir_seed2_prior,0.03,0,19,4,0.09213718909995805
neural_prior,neural_bidir_seed3_prior,0.03,0,19,4,0.09241294638013642
neural_prior,neural_bidir_seed4_prior,0.03,0,19,4,0.09175324922944128
dfe,none,0.03,32,19,4,0.06952843275622457
dfe,none,0.03,48,19,4,0.05681240948988424
summary_ridge_eb,none,0.03,20,19,4,0.06583654404121281
neural_eb,neural_bidir_seed0_eb,0.03,20,19,4,0.06339029255917061
neural_eb,neural_bidir_seed1_eb,0.03,20,19,4,0.06417166881748496
neural_eb,neural_bidir_seed2_eb,0.03,20,19,4,0.06338215502119682
neural_eb,neural_bidir_seed3_eb,0.03,20,19,4,0.06351730209465209
neural_eb,neural_bidir_seed4_eb,0.03,20,19,4,0.06326722213990313
summary_ridge_eb,none,0.03,36,19,4,0.053332594209319566
neural_eb,neural_bidir_seed0_eb,0.03,36,19,4,0.05267087381302353
neural_eb,neural_bidir_seed1_eb,0.03,36,19,4,0.05317081892296703
neural_eb,neural_bidir_seed2_eb,0.03,36,19,4,0.052684984262260995
neural_eb,neural_bidir_seed3_eb,0.03,36,19,4,0.052703978589458966
neural_eb,neural_bidir_seed4_eb,0.03,36,19,4,0.05263647250949077
summary_ridge_prior,none,0.05,0,0,0,0.10596739450151896
neural_prior,neural_bidir_seed0_prior,0.05,0,0,0,0.0962140371575515
neural_prior,neural_bidir_seed1_prior,0.05,0,0,0,0.09865530636125186
neural_prior,neural_bidir_seed2_prior,0.05,0,0,0,0.09635316147432604
neural_prior,neural_bidir_seed3_prior,0.05,0,0,0,0.09644150737040036
neural_prior,neural_bidir_seed4_prior,0.05,0,0,0,0.09564300004240067
dfe,none,0.05,32,0,0,0.07284311464799328
dfe,none,0.05,48,0,0,0.0586237927832203
summary_ridge_eb,none,0.05,20,0,0,0.070361853089417
neural_eb,neural_bidir_seed0_eb,0.05,20,0,0,0.067917389051321
neural_eb,neural_bidir_seed1_eb,0.05,20,0,0,0.06864621026239956
neural_eb,neural_bidir_seed2_eb,0.05,20,0,0,0.06791600346162532
neural_eb,neural_bidir_seed3_eb,0.05,20,0,0,0.06793675933689636
neural_eb,neural_bidir_seed4_eb,0.05,20,0,0,0.06775088233917986
summary_ridge_eb,none,0.05,36,0,0,0.05755277498733856
neural_eb,neural_bidir_seed0_eb,0.05,36,0,0,0.056456789567029556
neural_eb,neural_bidir_seed1_eb,0.05,36,0,0,0.056848172514723586
neural_eb,neural_bidir_seed2_eb,0.05,36,0,0,0.056428721688183546
neural_eb,neural_bidir_seed3_eb,0.05,36,0,0,0.056515791716646176
neural_eb,neural_bidir_seed4_eb,0.05,36,0,0,0.05626451939242895
summary_ridge_prior,none,0.05,0,0,1,0.10556366036064734
neural_prior,neural_bidir_seed0_prior,0.05,0,0,1,0.09572968497923284
neural_prior,neural_bidir_seed1_prior,0.05,0,0,1,0.09805574204256118
neural_prior,neural_bidir_seed2_prior,0.05,0,0,1,0.09582408475216653
neural_prior,neural_bidir_seed3_prior,0.05,0,0,1,0.09602203827489575
neural_prior,neural_bidir_seed4_prior,0.05,0,0,1,0.0951757758793974
dfe,none,0.05,32,0,1,0.07390579299782177
dfe,none,0.05,48,0,1,0.05867298409342496
summary_ridge_eb,none,0.05,20,0,1,0.06958882570364948
neural_eb,neural_bidir_seed0_eb,0.05,20,0,1,0.06724322685052923
neural_eb,neural_bidir_seed1_eb,0.05,20,0,1,0.06789956014516095
neural_eb,neural_bidir_seed2_eb,0.05,20,0,1,0.06722449317251744
neural_eb,neural_bidir_seed3_eb,0.05,20,0,1,0.06725324043076458
neural_eb,neural_bidir_seed4_eb,0.05,20,0,1,0.067047594435998
summary_ridge_eb,none,0.05,36,0,1,0.05647513011124333
neural_eb,neural_bidir_seed0_eb,0.05,36,0,1,0.05552273153722794
neural_eb,neural_bidir_seed1_eb,0.05,36,0,1,0.056020873858248894
neural_eb,neural_bidir_seed2_eb,0.05,36,0,1,0.055526005656492114
neural_eb,neural_bidir_seed3_eb,0.05,36,0,1,0.05548982444447036
neural_eb,neural_bidir_seed4_eb,0.05,36,0,1,0.05547749392705693
summary_ridge_prior,none,0.05,0,0,2,0.11115748558926072
neural_prior,neural_bidir_seed0_prior,0.05,0,0,2,0.10117374703804671
neural_prior,neural_bidir_seed1_prior,0.05,0,0,2,0.10357631226179365
neural_prior,neural_bidir_seed2_prior,0.05,0,0,2,0.10130082113573735
neural_prior,neural_bidir_seed3_prior,0.05,0,0,2,0.1013139115038939
neural_prior,neural_bidir_seed4_prior,0.05,0,0,2,0.10055382019527315
dfe,none,0.05,32,0,2,0.07196706360526958
dfe,none,0.05,48,0,2,0.0601880700323818
summary_ridge_eb,none,0.05,20,0,2,0.07201192985933295
neural_eb,neural_bidir_seed0_eb,0.05,20,0,2,0.06997517650807329
neural_eb,neural_bidir_seed1_eb,0.05,20,0,2,0.07058121745284963
neural_eb,neural_bidir_seed2_eb,0.05,20,0,2,0.07000211744677312
neural_eb,neural_bidir_seed3_eb,0.05,20,0,2,0.07000717094441171
neural_eb,neural_bidir_seed4_eb,0.05,20,0,2,0.06982916456735354
summary_ridge_eb,none,0.05,36,0,2,0.05915178448728062
neural_eb,neural_bidir_seed0_eb,0.05,36,0,2,0.05811481192579295
neural_eb,neural_bidir_seed1_eb,0.05,36,0,2,0.058410471101696546
neural_eb,neural_bidir_seed2_eb,0.05,36,0,2,0.058092851480168614
neural_eb,neural_bidir_seed3_eb,0.05,36,0,2,0.05806541732554257
neural_eb,neural_bidir_seed4_eb,0.05,36,0,2,0.057921323602610035
summary_ridge_prior,none,0.05,0,0,3,0.10081625972710961
neural_prior,neural_bidir_seed0_prior,0.05,0,0,3,0.0908010467846907
neural_prior,neural_bidir_seed1_prior,0.05,0,0,3,0.09312926664824772
neural_prior,neural_bidir_seed2_prior,0.05,0,0,3,0.09092933973624895
neural_prior,neural_bidir_seed3_prior,0.05,0,0,3,0.09096852474431216
neural_prior,neural_bidir_seed4_prior,0.05,0,0,3,0.09033660297609458
dfe,none,0.05,32,0,3,0.07283992657762105
dfe,none,0.05,48,0,3,0.060046370144105084
summary_ridge_eb,none,0.05,20,0,3,0.06912103355439145
neural_eb,neural_bidir_seed0_eb,0.05,20,0,3,0.0680864128951577
neural_eb,neural_bidir_seed1_eb,0.05,20,0,3,0.06888568023945305
neural_eb,neural_bidir_seed2_eb,0.05,20,0,3,0.06811929475322724
neural_eb,neural_bidir_seed3_eb,0.05,20,0,3,0.06816153092084024
neural_eb,neural_bidir_seed4_eb,0.05,20,0,3,0.06798503017212865
summary_ridge_eb,none,0.05,36,0,3,0.05747040606559774
neural_eb,neural_bidir_seed0_eb,0.05,36,0,3,0.05604828888842175
neural_eb,neural_bidir_seed1_eb,0.05,36,0,3,0.05653472510627938
neural_eb,neural_bidir_seed2_eb,0.05,36,0,3,0.05605376073740503
neural_eb,neural_bidir_seed3_eb,0.05,36,0,3,0.05606237384722075
neural_eb,neural_bidir_seed4_eb,0.05,36,0,3,0.05598433415005091
summary_ridge_prior,none,0.05,0,0,4,0.10110264671453052
neural_prior,neural_bidir_seed0_prior,0.05,0,0,4,0.08924532601849933
neural_prior,neural_bidir_seed1_prior,0.05,0,0,4,0.09164389709076204
neural_prior,neural_bidir_seed2_prior,0.05,0,0,4,0.0893911590846983
neural_prior,neural_bidir_seed3_prior,0.05,0,0,4,0.08956180354834942
neural_prior,neural_bidir_seed4_prior,0.05,0,0,4,0.08870403949003958
dfe,none,0.05,32,0,4,0.0732111043117685
dfe,none,0.05,48,0,4,0.05949509268126954
summary_ridge_eb,none,0.05,20,0,4,0.06869629995950521
neural_eb,neural_bidir_seed0_eb,0.05,20,0,4,0.0661176896861963
neural_eb,neural_bidir_seed1_eb,0.05,20,0,4,0.06700919802333172
neural_eb,neural_bidir_seed2_eb,0.05,20,0,4,0.06614977400186062
neural_eb,neural_bidir_seed3_eb,0.05,20,0,4,0.06618704441174858
neural_eb,neural_bidir_seed4_eb,0.05,20,0,4,0.06591187157242681
summary_ridge_eb,none,0.05,36,0,4,0.05675840165243734
neural_eb,neural_bidir_seed0_eb,0.05,36,0,4,0.0553480101651288
neural_eb,neural_bidir_seed1_eb,0.05,36,0,4,0.05587012808270071
neural_eb,neural_bidir_seed2_eb,0.05,36,0,4,0.055337007927331996
neural_eb,neural_bidir_seed3_eb,0.05,36,0,4,0.0554143747147268
neural_eb,neural_bidir_seed4_eb,0.05,36,0,4,0.05525005910136295
summary_ridge_prior,none,0.05,0,1,0,0.09896733851223224
neural_prior,neural_bidir_seed0_prior,0.05,0,1,0,0.08850838085891155
neural_prior,neural_bidir_seed1_prior,0.05,0,1,0,0.09078507449703466
neural_prior,neural_bidir_seed2_prior,0.05,0,1,0,0.08860810557780496
neural_prior,neural_bidir_seed3_prior,0.05,0,1,0,0.08870376481900166
neural_prior,neural_bidir_seed4_prior,0.05,0,1,0,0.08820604772154184
dfe,none,0.05,32,1,0,0.07231717620905126
dfe,none,0.05,48,1,0,0.05945538987510156
summary_ridge_eb,none,0.05,20,1,0,0.06827125114628613
neural_eb,neural_bidir_seed0_eb,0.05,20,1,0,0.06574400051029723
neural_eb,neural_bidir_seed1_eb,0.05,20,1,0,0.0666469359332691
neural_eb,neural_bidir_seed2_eb,0.05,20,1,0,0.0657338150108847
neural_eb,neural_bidir_seed3_eb,0.05,20,1,0,0.06579049854333054
neural_eb,neural_bidir_seed4_eb,0.05,20,1,0,0.06560661411951413
summary_ridge_eb,none,0.05,36,1,0,0.05693560244530345
neural_eb,neural_bidir_seed0_eb,0.05,36,1,0,0.05493704640740738
neural_eb,neural_bidir_seed1_eb,0.05,36,1,0,0.05547304320020588
neural_eb,neural_bidir_seed2_eb,0.05,36,1,0,0.05495539229059805
neural_eb,neural_bidir_seed3_eb,0.05,36,1,0,0.05504576006617745
neural_eb,neural_bidir_seed4_eb,0.05,36,1,0,0.05485596507895453
summary_ridge_prior,none,0.05,0,1,1,0.10116456534349273
neural_prior,neural_bidir_seed0_prior,0.05,0,1,1,0.08990784880552383
neural_prior,neural_bidir_seed1_prior,0.05,0,1,1,0.09225391468316957
neural_prior,neural_bidir_seed2_prior,0.05,0,1,1,0.09008184045342205
neural_prior,neural_bidir_seed3_prior,0.05,0,1,1,0.08997685777831066
neural_prior,neural_bidir_seed4_prior,0.05,0,1,1,0.08968443880985433
dfe,none,0.05,32,1,1,0.0738649287335041
dfe,none,0.05,48,1,1,0.05907441782868839
summary_ridge_eb,none,0.05,20,1,1,0.06938486422616913
neural_eb,neural_bidir_seed0_eb,0.05,20,1,1,0.06575005543362572
neural_eb,neural_bidir_seed1_eb,0.05,20,1,1,0.0666425806302029
neural_eb,neural_bidir_seed2_eb,0.05,20,1,1,0.06579891698217322
neural_eb,neural_bidir_seed3_eb,0.05,20,1,1,0.06584826984684572
neural_eb,neural_bidir_seed4_eb,0.05,20,1,1,0.06564414724769574
summary_ridge_eb,none,0.05,36,1,1,0.058193808126795976
neural_eb,neural_bidir_seed0_eb,0.05,36,1,1,0.05547052105051488
neural_eb,neural_bidir_seed1_eb,0.05,36,1,1,0.05597242435963913
neural_eb,neural_bidir_seed2_eb,0.05,36,1,1,0.055451429861711476
neural_eb,neural_bidir_seed3_eb,0.05,36,1,1,0.05546125101035896
neural_eb,neural_bidir_seed4_eb,0.05,36,1,1,0.05534927077822971
summary_ridge_prior,none,0.05,0,1,2,0.09822834290279822
neural_prior,neural_bidir_seed0_prior,0.05,0,1,2,0.08889574307795556
neural_prior,neural_bidir_seed1_prior,0.05,0,1,2,0.0911495220989309
neural_prior,neural_bidir_seed2_prior,0.05,0,1,2,0.08901397939735034
neural_prior,neural_bidir_seed3_prior,0.05,0,1,2,0.08913838765693072
neural_prior,neural_bidir_seed4_prior,0.05,0,1,2,0.08857856478243775
dfe,none,0.05,32,1,2,0.07335724558571302
dfe,none,0.05,48,1,2,0.05783875417290363
summary_ridge_eb,none,0.05,20,1,2,0.06975740119588081
neural_eb,neural_bidir_seed0_eb,0.05,20,1,2,0.06657343075625918
neural_eb,neural_bidir_seed1_eb,0.05,20,1,2,0.06741977750041463
neural_eb,neural_bidir_seed2_eb,0.05,20,1,2,0.06663555275425437
neural_eb,neural_bidir_seed3_eb,0.05,20,1,2,0.06671420458291591
neural_eb,neural_bidir_seed4_eb,0.05,20,1,2,0.06643896349814499
summary_ridge_eb,none,0.05,36,1,2,0.05550964887428452
neural_eb,neural_bidir_seed0_eb,0.05,36,1,2,0.05440429813884519
neural_eb,neural_bidir_seed1_eb,0.05,36,1,2,0.054905058328967436
neural_eb,neural_bidir_seed2_eb,0.05,36,1,2,0.05439031184366863
neural_eb,neural_bidir_seed3_eb,0.05,36,1,2,0.05445060687638647
neural_eb,neural_bidir_seed4_eb,0.05,36,1,2,0.054289897347631504
summary_ridge_prior,none,0.05,0,1,3,0.09876350358264374
neural_prior,neural_bidir_seed0_prior,0.05,0,1,3,0.08780215235856303
neural_prior,neural_bidir_seed1_prior,0.05,0,1,3,0.09008996648299217
neural_prior,neural_bidir_seed2_prior,0.05,0,1,3,0.0879912501823128
neural_prior,neural_bidir_seed3_prior,0.05,0,1,3,0.08816515795297164
neural_prior,neural_bidir_seed4_prior,0.05,0,1,3,0.08754108303219255
dfe,none,0.05,32,1,3,0.07198336879122912
dfe,none,0.05,48,1,3,0.05848773052956083
summary_ridge_eb,none,0.05,20,1,3,0.06877372356940832
neural_eb,neural_bidir_seed0_eb,0.05,20,1,3,0.0659640157418625
neural_eb,neural_bidir_seed1_eb,0.05,20,1,3,0.06678913280151863
neural_eb,neural_bidir_seed2_eb,0.05,20,1,3,0.06591758441681422
neural_eb,neural_bidir_seed3_eb,0.05,20,1,3,0.06598631345082923
neural_eb,neural_bidir_seed4_eb,0.05,20,1,3,0.06582605915732836
summary_ridge_eb,none,0.05,36,1,3,0.05550352991946385
neural_eb,neural_bidir_seed0_eb,0.05,36,1,3,0.054275158037097884
neural_eb,neural_bidir_seed1_eb,0.05,36,1,3,0.05480376337312956
neural_eb,neural_bidir_seed2_eb,0.05,36,1,3,0.05423430148511652
neural_eb,neural_bidir_seed3_eb,0.05,36,1,3,0.05419685300346459
neural_eb,neural_bidir_seed4_eb,0.05,36,1,3,0.05418196747093866
summary_ridge_prior,none,0.05,0,1,4,0.09835422487263007
neural_prior,neural_bidir_seed0_prior,0.05,0,1,4,0.09027108637201309
neural_prior,neural_bidir_seed1_prior,0.05,0,1,4,0.09251425420916348
neural_prior,neural_bidir_seed2_prior,0.05,0,1,4,0.09049316697019094
neural_prior,neural_bidir_seed3_prior,0.05,0,1,4,0.09056607796628668
neural_prior,neural_bidir_seed4_prior,0.05,0,1,4,0.09002474687258655
dfe,none,0.05,32,1,4,0.07418059320075879
dfe,none,0.05,48,1,4,0.059880144212608385
summary_ridge_eb,none,0.05,20,1,4,0.06804326958865489
neural_eb,neural_bidir_seed0_eb,0.05,20,1,4,0.0657310653333951
neural_eb,neural_bidir_seed1_eb,0.05,20,1,4,0.06645429242618228
neural_eb,neural_bidir_seed2_eb,0.05,20,1,4,0.06577300637022371
neural_eb,neural_bidir_seed3_eb,0.05,20,1,4,0.0659566087259984
neural_eb,neural_bidir_seed4_eb,0.05,20,1,4,0.06565838216146534
summary_ridge_eb,none,0.05,36,1,4,0.0560214662870676
neural_eb,neural_bidir_seed0_eb,0.05,36,1,4,0.05492976641751227
neural_eb,neural_bidir_seed1_eb,0.05,36,1,4,0.05533951571225863
neural_eb,neural_bidir_seed2_eb,0.05,36,1,4,0.05494597948364076
neural_eb,neural_bidir_seed3_eb,0.05,36,1,4,0.05503274360289105
neural_eb,neural_bidir_seed4_eb,0.05,36,1,4,0.05486360945397585
summary_ridge_prior,none,0.05,0,2,0,0.09790399469370928
neural_prior,neural_bidir_seed0_prior,0.05,0,2,0,0.08765559107450827
neural_prior,neural_bidir_seed1_prior,0.05,0,2,0,0.08985309623130888
neural_prior,neural_bidir_seed2_prior,0.05,0,2,0,0.08774242525578302
neural_prior,neural_bidir_seed3_prior,0.05,0,2,0,0.08792689284564403
neural_prior,neural_bidir_seed4_prior,0.05,0,2,0,0.08729832079006883
dfe,none,0.05,32,2,0,0.07369837820988323
dfe,none,0.05,48,2,0,0.059445974052761336
summary_ridge_eb,none,0.05,20,2,0,0.07030675703799602
neural_eb,neural_bidir_seed0_eb,0.05,20,2,0,0.0662300938752953
neural_eb,neural_bidir_seed1_eb,0.05,20,2,0,0.06728048159373691
neural_eb,neural_bidir_seed2_eb,0.05,20,2,0,0.06617511051809263
neural_eb,neural_bidir_seed3_eb,0.05,20,2,0,0.0662396043080758
neural_eb,neural_bidir_seed4_eb,0.05,20,2,0,0.06601433449257373
summary_ridge_eb,none,0.05,36,2,0,0.05681863148373911
neural_eb,neural_bidir_seed0_eb,0.05,36,2,0,0.05513219688476819
neural_eb,neural_bidir_seed1_eb,0.05,36,2,0,0.05590710318916623
neural_eb,neural_bidir_seed2_eb,0.05,36,2,0,0.05509980095553486
neural_eb,neural_bidir_seed3_eb,0.05,36,2,0,0.05509811942932374
neural_eb,neural_bidir_seed4_eb,0.05,36,2,0,0.05506852602138532
summary_ridge_prior,none,0.05,0,2,1,0.09597033242523814
neural_prior,neural_bidir_seed0_prior,0.05,0,2,1,0.08719904371355369
neural_prior,neural_bidir_seed1_prior,0.05,0,2,1,0.0893507583077735
neural_prior,neural_bidir_seed2_prior,0.05,0,2,1,0.08731481085669657
neural_prior,neural_bidir_seed3_prior,0.05,0,2,1,0.08766836998802319
neural_prior,neural_bidir_seed4_prior,0.05,0,2,1,0.08688914520280377
dfe,none,0.05,32,2,1,0.07335635536542719
dfe,none,0.05,48,2,1,0.05925073403900401
summary_ridge_eb,none,0.05,20,2,1,0.06985105447171093
neural_eb,neural_bidir_seed0_eb,0.05,20,2,1,0.065826455169618
neural_eb,neural_bidir_seed1_eb,0.05,20,2,1,0.0667645059685981
neural_eb,neural_bidir_seed2_eb,0.05,20,2,1,0.06585866697423255
neural_eb,neural_bidir_seed3_eb,0.05,20,2,1,0.06595353686167055
neural_eb,neural_bidir_seed4_eb,0.05,20,2,1,0.06571710230408084
summary_ridge_eb,none,0.05,36,2,1,0.05666395504594399
neural_eb,neural_bidir_seed0_eb,0.05,36,2,1,0.055245283557091004
neural_eb,neural_bidir_seed1_eb,0.05,36,2,1,0.05589593376582277
neural_eb,neural_bidir_seed2_eb,0.05,36,2,1,0.05528841184010977
neural_eb,neural_bidir_seed3_eb,0.05,36,2,1,0.055326780646636306
neural_eb,neural_bidir_seed4_eb,0.05,36,2,1,0.05515564132395099
summary_ridge_prior,none,0.05,0,2,2,0.09621199880349593
neural_prior,neural_bidir_seed0_prior,0.05,0,2,2,0.08707148003122711
neural_prior,neural_bidir_seed1_prior,0.05,0,2,2,0.08919951180178032
neural_prior,neural_bidir_seed2_prior,0.05,0,2,2,0.08716800169167982
neural_prior,neural_bidir_seed3_prior,0.05,0,2,2,0.08742324074955832
neural_prior,neural_bidir_seed4_prior,0.05,0,2,2,0.08672101812226174
dfe,none,0.05,32,2,2,0.07247058502131647
dfe,none,0.05,48,2,2,0.05945629762094608
summary_ridge_eb,none,0.05,20,2,2,0.06816049187319136
neural_eb,neural_bidir_seed0_eb,0.05,20,2,2,0.06662358440939219
neural_eb,neural_bidir_seed1_eb,0.05,20,2,2,0.06783609208478993
neural_eb,neural_bidir_seed2_eb,0.05,20,2,2,0.06668773547903858
neural_eb,neural_bidir_seed3_eb,0.05,20,2,2,0.06665463760141585
neural_eb,neural_bidir_seed4_eb,0.05,20,2,2,0.06644821721083227
summary_ridge_eb,none,0.05,36,2,2,0.055332069609605045
neural_eb,neural_bidir_seed0_eb,0.05,36,2,2,0.05557519891468878
neural_eb,neural_bidir_seed1_eb,0.05,36,2,2,0.056392544722657464
neural_eb,neural_bidir_seed2_eb,0.05,36,2,2,0.055622289164126704
neural_eb,neural_bidir_seed3_eb,0.05,36,2,2,0.05545989322701205
neural_eb,neural_bidir_seed4_eb,0.05,36,2,2,0.055506519135909246
summary_ridge_prior,none,0.05,0,2,3,0.09736712152830054
neural_prior,neural_bidir_seed0_prior,0.05,0,2,3,0.08801614952062664
neural_prior,neural_bidir_seed1_prior,0.05,0,2,3,0.09012598117806192
neural_prior,neural_bidir_seed2_prior,0.05,0,2,3,0.088081563151718
neural_prior,neural_bidir_seed3_prior,0.05,0,2,3,0.0883804627792415
neural_prior,neural_bidir_seed4_prior,0.05,0,2,3,0.08758064330140769
dfe,none,0.05,32,2,3,0.07539954705154943
dfe,none,0.05,48,2,3,0.05905346702786994
summary_ridge_eb,none,0.05,20,2,3,0.06823920513074719
neural_eb,neural_bidir_seed0_eb,0.05,20,2,3,0.06621826992108096
neural_eb,neural_bidir_seed1_eb,0.05,20,2,3,0.067423889792908
neural_eb,neural_bidir_seed2_eb,0.05,20,2,3,0.06631270128185812
neural_eb,neural_bidir_seed3_eb,0.05,20,2,3,0.06625716643097729
neural_eb,neural_bidir_seed4_eb,0.05,20,2,3,0.06610796839248245
summary_ridge_eb,none,0.05,36,2,3,0.05650963061769915
neural_eb,neural_bidir_seed0_eb,0.05,36,2,3,0.056449020389626445
neural_eb,neural_bidir_seed1_eb,0.05,36,2,3,0.05731936254490058
neural_eb,neural_bidir_seed2_eb,0.05,36,2,3,0.056506589949015903
neural_eb,neural_bidir_seed3_eb,0.05,36,2,3,0.056387781015623833
neural_eb,neural_bidir_seed4_eb,0.05,36,2,3,0.05640174077090999
summary_ridge_prior,none,0.05,0,2,4,0.095746796633077
neural_prior,neural_bidir_seed0_prior,0.05,0,2,4,0.08704012002090167
neural_prior,neural_bidir_seed1_prior,0.05,0,2,4,0.0892017157148075
neural_prior,neural_bidir_seed2_prior,0.05,0,2,4,0.08717287910076266
neural_prior,neural_bidir_seed3_prior,0.05,0,2,4,0.08749723009350419
neural_prior,neural_bidir_seed4_prior,0.05,0,2,4,0.08675720166320389
dfe,none,0.05,32,2,4,0.07180770083788149
dfe,none,0.05,48,2,4,0.058720415227745196
summary_ridge_eb,none,0.05,20,2,4,0.06740306474151955
neural_eb,neural_bidir_seed0_eb,0.05,20,2,4,0.06622174034797165
neural_eb,neural_bidir_seed1_eb,0.05,20,2,4,0.06723633764994684
neural_eb,neural_bidir_seed2_eb,0.05,20,2,4,0.06619288169432627
neural_eb,neural_bidir_seed3_eb,0.05,20,2,4,0.06629333624689768
neural_eb,neural_bidir_seed4_eb,0.05,20,2,4,0.06605829153580439
summary_ridge_eb,none,0.05,36,2,4,0.05662313503160872
neural_eb,neural_bidir_seed0_eb,0.05,36,2,4,0.05605822072420462
neural_eb,neural_bidir_seed1_eb,0.05,36,2,4,0.0567553374146071
neural_eb,neural_bidir_seed2_eb,0.05,36,2,4,0.05607086403274671
neural_eb,neural_bidir_seed3_eb,0.05,36,2,4,0.0560871099627959
neural_eb,neural_bidir_seed4_eb,0.05,36,2,4,0.05595133824260476
summary_ridge_prior,none,0.05,0,3,0,0.09606782710572698
neural_prior,neural_bidir_seed0_prior,0.05,0,3,0,0.08835841986547166
neural_prior,neural_bidir_seed1_prior,0.05,0,3,0,0.09093018845123879
neural_prior,neural_bidir_seed2_prior,0.05,0,3,0,0.08826388725537981
neural_prior,neural_bidir_seed3_prior,0.05,0,3,0,0.08868998527577787
neural_prior,neural_bidir_seed4_prior,0.05,0,3,0,0.0878791307532083
dfe,none,0.05,32,3,0,0.07423442009834011
dfe,none,0.05,48,3,0,0.05924019473443169
summary_ridge_eb,none,0.05,20,3,0,0.0691478360508716
neural_eb,neural_bidir_seed0_eb,0.05,20,3,0,0.06609083511975222
neural_eb,neural_bidir_seed1_eb,0.05,20,3,0,0.06679472197544445
neural_eb,neural_bidir_seed2_eb,0.05,20,3,0,0.06590676406038966
neural_eb,neural_bidir_seed3_eb,0.05,20,3,0,0.06620119168061159
neural_eb,neural_bidir_seed4_eb,0.05,20,3,0,0.0658629677449081
summary_ridge_eb,none,0.05,36,3,0,0.05798215526091231
neural_eb,neural_bidir_seed0_eb,0.05,36,3,0,0.05597620319260082
neural_eb,neural_bidir_seed1_eb,0.05,36,3,0,0.056434278545034404
neural_eb,neural_bidir_seed2_eb,0.05,36,3,0,0.055867800311246746
neural_eb,neural_bidir_seed3_eb,0.05,36,3,0,0.0560758912568254
neural_eb,neural_bidir_seed4_eb,0.05,36,3,0,0.05577705726027478
summary_ridge_prior,none,0.05,0,3,1,0.09925873319224585
neural_prior,neural_bidir_seed0_prior,0.05,0,3,1,0.09089423819204967
neural_prior,neural_bidir_seed1_prior,0.05,0,3,1,0.09350049336899247
neural_prior,neural_bidir_seed2_prior,0.05,0,3,1,0.09079034769638383
neural_prior,neural_bidir_seed3_prior,0.05,0,3,1,0.0910924198669818
neural_prior,neural_bidir_seed4_prior,0.05,0,3,1,0.09038571238306758
dfe,none,0.05,32,3,1,0.07362756406089627
dfe,none,0.05,48,3,1,0.05996786176230536
summary_ridge_eb,none,0.05,20,3,1,0.0704027541164006
neural_eb,neural_bidir_seed0_eb,0.05,20,3,1,0.067712081747319
neural_eb,neural_bidir_seed1_eb,0.05,20,3,1,0.06842187038578568
neural_eb,neural_bidir_seed2_eb,0.05,20,3,1,0.06759448459783837
neural_eb,neural_bidir_seed3_eb,0.05,20,3,1,0.06773973659777645
neural_eb,neural_bidir_seed4_eb,0.05,20,3,1,0.06746590550833265
summary_ridge_eb,none,0.05,36,3,1,0.05888564427180782
neural_eb,neural_bidir_seed0_eb,0.05,36,3,1,0.05704848891260438
neural_eb,neural_bidir_seed1_eb,0.05,36,3,1,0.05737179981659369
neural_eb,neural_bidir_seed2_eb,0.05,36,3,1,0.05696691041891412
neural_eb,neural_bidir_seed3_eb,0.05,36,3,1,0.057113853312847046
neural_eb,neural_bidir_seed4_eb,0.05,36,3,1,0.0568789567377861
summary_ridge_prior,none,0.05,0,3,2,0.09938440477960261
neural_prior,neural_bidir_seed0_prior,0.05,0,3,2,0.09184715522678744
neural_prior,neural_bidir_seed1_prior,0.05,0,3,2,0.0943974608071585
neural_prior,neural_bidir_seed2_prior,0.05,0,3,2,0.09161139965544862
neural_prior,neural_bidir_seed3_prior,0.05,0,3,2,0.09211687881725084
neural_prior,neural_bidir_seed4_prior,0.05,0,3,2,0.09135793324639963
dfe,none,0.05,32,3,2,0.07316897951932333
dfe,none,0.05,48,3,2,0.059946463612504886
summary_ridge_eb,none,0.05,20,3,2,0.07153949223709108
neural_eb,neural_bidir_seed0_eb,0.05,20,3,2,0.06753386819754587
neural_eb,neural_bidir_seed1_eb,0.05,20,3,2,0.06812380156851167
neural_eb,neural_bidir_seed2_eb,0.05,20,3,2,0.06737022625247857
neural_eb,neural_bidir_seed3_eb,0.05,20,3,2,0.06768414810866105
neural_eb,neural_bidir_seed4_eb,0.05,20,3,2,0.06739240061676147
summary_ridge_eb,none,0.05,36,3,2,0.05791575374255889
neural_eb,neural_bidir_seed0_eb,0.05,36,3,2,0.05591769447850783
neural_eb,neural_bidir_seed1_eb,0.05,36,3,2,0.05628055518736086
neural_eb,neural_bidir_seed2_eb,0.05,36,3,2,0.05583583267882851
neural_eb,neural_bidir_seed3_eb,0.05,36,3,2,0.05603007542956662
neural_eb,neural_bidir_seed4_eb,0.05,36,3,2,0.05584097744167431
summary_ridge_prior,none,0.05,0,3,3,0.09732578340119258
neural_prior,neural_bidir_seed0_prior,0.05,0,3,3,0.08909870597381087
neural_prior,neural_bidir_seed1_prior,0.05,0,3,3,0.09185260432241193
neural_prior,neural_bidir_seed2_prior,0.05,0,3,3,0.08900746787367098
neural_prior,neural_bidir_seed3_prior,0.05,0,3,3,0.0892701533575746
neural_prior,neural_bidir_seed4_prior,0.05,0,3,3,0.08859535589544976
dfe,none,0.05,32,3,3,0.07227702671318387
dfe,none,0.05,48,3,3,0.05845780216892577
summary_ridge_eb,none,0.05,20,3,3,0.07116424381952069
neural_eb,neural_bidir_seed0_eb,0.05,20,3,3,0.0690468567803909
neural_eb,neural_bidir_seed1_eb,0.05,20,3,3,0.06976459997541683
neural_eb,neural_bidir_seed2_eb,0.05,20,3,3,0.06892278150943978
neural_eb,neural_bidir_seed3_eb,0.05,20,3,3,0.06907538761100207
neural_eb,neural_bidir_seed4_eb,0.05,20,3,3,0.06879235603851987
summary_ridge_eb,none,0.05,36,3,3,0.05794279302605144
neural_eb,neural_bidir_seed0_eb,0.05,36,3,3,0.05677394219054834
neural_eb,neural_bidir_seed1_eb,0.05,36,3,3,0.05722077748799739
neural_eb,neural_bidir_seed2_eb,0.05,36,3,3,0.05671740788954292
neural_eb,neural_bidir_seed3_eb,0.05,36,3,3,0.05679434148608659
neural_eb,neural_bidir_seed4_eb,0.05,36,3,3,0.0566604272274108
summary_ridge_prior,none,0.05,0,3,4,0.0946418059775868
neural_prior,neural_bidir_seed0_prior,0.05,0,3,4,0.0893893008451414
neural_prior,neural_bidir_seed1_prior,0.05,0,3,4,0.09206481784167408
neural_prior,neural_bidir_seed2_prior,0.05,0,3,4,0.08918355802416045
neural_prior,neural_bidir_seed3_prior,0.05,0,3,4,0.08959365378359507
neural_prior,neural_bidir_seed4_prior,0.05,0,3,4,0.08893103377158695
dfe,none,0.05,32,3,4,0.07376311737223458
dfe,none,0.05,48,3,4,0.06000064497951556
summary_ridge_eb,none,0.05,20,3,4,0.06906711735997176
neural_eb,neural_bidir_seed0_eb,0.05,20,3,4,0.06572303302498017
neural_eb,neural_bidir_seed1_eb,0.05,20,3,4,0.0663405943126607
neural_eb,neural_bidir_seed2_eb,0.05,20,3,4,0.065510225986148
neural_eb,neural_bidir_seed3_eb,0.05,20,3,4,0.06584505961852563
neural_eb,neural_bidir_seed4_eb,0.05,20,3,4,0.06554834067170583
summary_ridge_eb,none,0.05,36,3,4,0.05841481018563026
neural_eb,neural_bidir_seed0_eb,0.05,36,3,4,0.05675080452744374
neural_eb,neural_bidir_seed1_eb,0.05,36,3,4,0.05714198527412376
neural_eb,neural_bidir_seed2_eb,0.05,36,3,4,0.056618534877148075
neural_eb,neural_bidir_seed3_eb,0.05,36,3,4,0.056783266638475896
neural_eb,neural_bidir_seed4_eb,0.05,36,3,4,0.05666054940132773
summary_ridge_prior,none,0.05,0,4,0,0.09690977486028586
neural_prior,neural_bidir_seed0_prior,0.05,0,4,0,0.09331885138635698
neural_prior,neural_bidir_seed1_prior,0.05,0,4,0,0.09563732563219673
neural_prior,neural_bidir_seed2_prior,0.05,0,4,0,0.09338777129414666
neural_prior,neural_bidir_seed3_prior,0.05,0,4,0,0.09366012233476795
neural_prior,neural_bidir_seed4_prior,0.05,0,4,0,0.09323138232684869
dfe,none,0.05,32,4,0,0.07152772424180714
dfe,none,0.05,48,4,0,0.0583930539789974
summary_ridge_eb,none,0.05,20,4,0,0.06598070851957766
neural_eb,neural_bidir_seed0_eb,0.05,20,4,0,0.06520388494145092
neural_eb,neural_bidir_seed1_eb,0.05,20,4,0,0.06607318525417355
neural_eb,neural_bidir_seed2_eb,0.05,20,4,0,0.0652262081751326
neural_eb,neural_bidir_seed3_eb,0.05,20,4,0,0.06532073769671645
neural_eb,neural_bidir_seed4_eb,0.05,20,4,0,0.06512808142129409
summary_ridge_eb,none,0.05,36,4,0,0.05621064166352237
neural_eb,neural_bidir_seed0_eb,0.05,36,4,0,0.05566291497399225
neural_eb,neural_bidir_seed1_eb,0.05,36,4,0,0.0561861493882438
neural_eb,neural_bidir_seed2_eb,0.05,36,4,0,0.05569456014337343
neural_eb,neural_bidir_seed3_eb,0.05,36,4,0,0.05573976357462274
neural_eb,neural_bidir_seed4_eb,0.05,36,4,0,0.05561775093114776
summary_ridge_prior,none,0.05,0,4,1,0.0950335460603715
neural_prior,neural_bidir_seed0_prior,0.05,0,4,1,0.08748387917694345
neural_prior,neural_bidir_seed1_prior,0.05,0,4,1,0.08973198707280972
neural_prior,neural_bidir_seed2_prior,0.05,0,4,1,0.08754798171685252
neural_prior,neural_bidir_seed3_prior,0.05,0,4,1,0.08776747213960334
neural_prior,neural_bidir_seed4_prior,0.05,0,4,1,0.08726997017765825
dfe,none,0.05,32,4,1,0.0733088872976724
dfe,none,0.05,48,4,1,0.05831666781341482
summary_ridge_eb,none,0.05,20,4,1,0.0680442462600078
neural_eb,neural_bidir_seed0_eb,0.05,20,4,1,0.0662254518153339
neural_eb,neural_bidir_seed1_eb,0.05,20,4,1,0.06707645545704977
neural_eb,neural_bidir_seed2_eb,0.05,20,4,1,0.06623627968419254
neural_eb,neural_bidir_seed3_eb,0.05,20,4,1,0.06628927604253967
neural_eb,neural_bidir_seed4_eb,0.05,20,4,1,0.06609554439782978
summary_ridge_eb,none,0.05,36,4,1,0.0575315433109302
neural_eb,neural_bidir_seed0_eb,0.05,36,4,1,0.05499616522346544
neural_eb,neural_bidir_seed1_eb,0.05,36,4,1,0.05548291510273666
neural_eb,neural_bidir_seed2_eb,0.05,36,4,1,0.055024366886073976
neural_eb,neural_bidir_seed3_eb,0.05,36,4,1,0.05508858691048665
neural_eb,neural_bidir_seed4_eb,0.05,36,4,1,0.05488016884303519
summary_ridge_prior,none,0.05,0,4,2,0.09742296722220162
neural_prior,neural_bidir_seed0_prior,0.05,0,4,2,0.09084441417326161
neural_prior,neural_bidir_seed1_prior,0.05,0,4,2,0.09338191668030049
neural_prior,neural_bidir_seed2_prior,0.05,0,4,2,0.09095075494951743
neural_prior,neural_bidir_seed3_prior,0.05,0,4,2,0.09120412004813261
neural_prior,neural_bidir_seed4_prior,0.05,0,4,2,0.09067018069436017
dfe,none,0.05,32,4,2,0.07289131826918391
dfe,none,0.05,48,4,2,0.05890023563322891
summary_ridge_eb,none,0.05,20,4,2,0.07014535805417575
neural_eb,neural_bidir_seed0_eb,0.05,20,4,2,0.06821132841944086
neural_eb,neural_bidir_seed1_eb,0.05,20,4,2,0.06903289878292646
neural_eb,neural_bidir_seed2_eb,0.05,20,4,2,0.06826423603111956
neural_eb,neural_bidir_seed3_eb,0.05,20,4,2,0.06834758323975756
neural_eb,neural_bidir_seed4_eb,0.05,20,4,2,0.06811628813232193
summary_ridge_eb,none,0.05,36,4,2,0.05733913460665191
neural_eb,neural_bidir_seed0_eb,0.05,36,4,2,0.05616864132288016
neural_eb,neural_bidir_seed1_eb,0.05,36,4,2,0.05671807023501878
neural_eb,neural_bidir_seed2_eb,0.05,36,4,2,0.05619795750718499
neural_eb,neural_bidir_seed3_eb,0.05,36,4,2,0.056238254402314405
neural_eb,neural_bidir_seed4_eb,0.05,36,4,2,0.05612013611225239
summary_ridge_prior,none,0.05,0,4,3,0.094332629093578
neural_prior,neural_bidir_seed0_prior,0.05,0,4,3,0.08844569386383228
neural_prior,neural_bidir_seed1_prior,0.05,0,4,3,0.0907985875801387
neural_prior,neural_bidir_seed2_prior,0.05,0,4,3,0.0885137129935174
neural_prior,neural_bidir_seed3_prior,0.05,0,4,3,0.08873680771466752
neural_prior,neural_bidir_seed4_prior,0.05,0,4,3,0.08826003929971193
dfe,none,0.05,32,4,3,0.07135644909451205
dfe,none,0.05,48,4,3,0.058690643663996726
summary_ridge_eb,none,0.05,20,4,3,0.0671955775641459
neural_eb,neural_bidir_seed0_eb,0.05,20,4,3,0.06681770274508554
neural_eb,neural_bidir_seed1_eb,0.05,20,4,3,0.067709358848833
neural_eb,neural_bidir_seed2_eb,0.05,20,4,3,0.06682691757061171
neural_eb,neural_bidir_seed3_eb,0.05,20,4,3,0.06688941532934618
neural_eb,neural_bidir_seed4_eb,0.05,20,4,3,0.06668076734832959
summary_ridge_eb,none,0.05,36,4,3,0.05584335479433733
neural_eb,neural_bidir_seed0_eb,0.05,36,4,3,0.05630149781617834
neural_eb,neural_bidir_seed1_eb,0.05,36,4,3,0.05688383538683623
neural_eb,neural_bidir_seed2_eb,0.05,36,4,3,0.05631032263297505
neural_eb,neural_bidir_seed3_eb,0.05,36,4,3,0.05632735689351176
neural_eb,neural_bidir_seed4_eb,0.05,36,4,3,0.056205050334116984
summary_ridge_prior,none,0.05,0,4,4,0.09603475283913189
neural_prior,neural_bidir_seed0_prior,0.05,0,4,4,0.09116159219229303
neural_prior,neural_bidir_seed1_prior,0.05,0,4,4,0.09358082287326397
neural_prior,neural_bidir_seed2_prior,0.05,0,4,4,0.09122961749926617
neural_prior,neural_bidir_seed3_prior,0.05,0,4,4,0.0913794331409008
neural_prior,neural_bidir_seed4_prior,0.05,0,4,4,0.09102672653352784
dfe,none,0.05,32,4,4,0.07295257955451638
dfe,none,0.05,48,4,4,0.05782124770606363
summary_ridge_eb,none,0.05,20,4,4,0.07254437035049849
neural_eb,neural_bidir_seed0_eb,0.05,20,4,4,0.06796208306199526
neural_eb,neural_bidir_seed1_eb,0.05,20,4,4,0.06881760213982308
neural_eb,neural_bidir_seed2_eb,0.05,20,4,4,0.06792248933253847
neural_eb,neural_bidir_seed3_eb,0.05,20,4,4,0.06812391744142512
neural_eb,neural_bidir_seed4_eb,0.05,20,4,4,0.06791842702675266
summary_ridge_eb,none,0.05,36,4,4,0.06098093326610024
neural_eb,neural_bidir_seed0_eb,0.05,36,4,4,0.05502984064062966
neural_eb,neural_bidir_seed1_eb,0.05,36,4,4,0.05538946892330976
neural_eb,neural_bidir_seed2_eb,0.05,36,4,4,0.05495070478336468
neural_eb,neural_bidir_seed3_eb,0.05,36,4,4,0.05517710097128318
neural_eb,neural_bidir_seed4_eb,0.05,36,4,4,0.05496632310868734
summary_ridge_prior,none,0.05,0,5,0,0.1015418243693241
neural_prior,neural_bidir_seed0_prior,0.05,0,5,0,0.08880560360012169
neural_prior,neural_bidir_seed1_prior,0.05,0,5,0,0.09146757772941783
neural_prior,neural_bidir_seed2_prior,0.05,0,5,0,0.08880837566357513
neural_prior,neural_bidir_seed3_prior,0.05,0,5,0,0.08897762413289456
neural_prior,neural_bidir_seed4_prior,0.05,0,5,0,0.08814588805216772
dfe,none,0.05,32,5,0,0.07311469741984589
dfe,none,0.05,48,5,0,0.059192018165184115
summary_ridge_eb,none,0.05,20,5,0,0.07124712527830335
neural_eb,neural_bidir_seed0_eb,0.05,20,5,0,0.0682449071023934
neural_eb,neural_bidir_seed1_eb,0.05,20,5,0,0.06911566347498402
neural_eb,neural_bidir_seed2_eb,0.05,20,5,0,0.06821571172140654
neural_eb,neural_bidir_seed3_eb,0.05,20,5,0,0.06824090613943368
neural_eb,neural_bidir_seed4_eb,0.05,20,5,0,0.06800820165958643
summary_ridge_eb,none,0.05,36,5,0,0.05830534050330244
neural_eb,neural_bidir_seed0_eb,0.05,36,5,0,0.05636816833008054
neural_eb,neural_bidir_seed1_eb,0.05,36,5,0,0.05680628746825433
neural_eb,neural_bidir_seed2_eb,0.05,36,5,0,0.056394966943170054
neural_eb,neural_bidir_seed3_eb,0.05,36,5,0,0.05650867696284809
neural_eb,neural_bidir_seed4_eb,0.05,36,5,0,0.05624808207545759
summary_ridge_prior,none,0.05,0,5,1,0.1000992013689866
neural_prior,neural_bidir_seed0_prior,0.05,0,5,1,0.08945172177300265
neural_prior,neural_bidir_seed1_prior,0.05,0,5,1,0.09230250020300446
neural_prior,neural_bidir_seed2_prior,0.05,0,5,1,0.08950169112176809
neural_prior,neural_bidir_seed3_prior,0.05,0,5,1,0.08961711086703872
neural_prior,neural_bidir_seed4_prior,0.05,0,5,1,0.08866999212295923
dfe,none,0.05,32,5,1,0.07282063341921861
dfe,none,0.05,48,5,1,0.059836953668545224
summary_ridge_eb,none,0.05,20,5,1,0.07047299445375033
neural_eb,neural_bidir_seed0_eb,0.05,20,5,1,0.06613994710665352
neural_eb,neural_bidir_seed1_eb,0.05,20,5,1,0.0669142192485665
neural_eb,neural_bidir_seed2_eb,0.05,20,5,1,0.06619490315402651
neural_eb,neural_bidir_seed3_eb,0.05,20,5,1,0.06626082330842285
neural_eb,neural_bidir_seed4_eb,0.05,20,5,1,0.06592813231864023
summary_ridge_eb,none,0.05,36,5,1,0.05904245370260034
neural_eb,neural_bidir_seed0_eb,0.05,36,5,1,0.05737004612127212
neural_eb,neural_bidir_seed1_eb,0.05,36,5,1,0.057808084525016554
neural_eb,neural_bidir_seed2_eb,0.05,36,5,1,0.05736547202874735
neural_eb,neural_bidir_seed3_eb,0.05,36,5,1,0.057421018614610735
neural_eb,neural_bidir_seed4_eb,0.05,36,5,1,0.057235410822165544
summary_ridge_prior,none,0.05,0,5,2,0.10150747503365377
neural_prior,neural_bidir_seed0_prior,0.05,0,5,2,0.08812173559090297
neural_prior,neural_bidir_seed1_prior,0.05,0,5,2,0.09040720735902141
neural_prior,neural_bidir_seed2_prior,0.05,0,5,2,0.08811548118501378
neural_prior,neural_bidir_seed3_prior,0.05,0,5,2,0.08845614459460194
neural_prior,neural_bidir_seed4_prior,0.05,0,5,2,0.08761742200840672
dfe,none,0.05,32,5,2,0.0723883292743671
dfe,none,0.05,48,5,2,0.05982348526130307
summary_ridge_eb,none,0.05,20,5,2,0.07165276824998104
neural_eb,neural_bidir_seed0_eb,0.05,20,5,2,0.06613916739547088
neural_eb,neural_bidir_seed1_eb,0.05,20,5,2,0.06688689858052008
neural_eb,neural_bidir_seed2_eb,0.05,20,5,2,0.06615022735332957
neural_eb,neural_bidir_seed3_eb,0.05,20,5,2,0.06640542112051298
neural_eb,neural_bidir_seed4_eb,0.05,20,5,2,0.06591353073543306
summary_ridge_eb,none,0.05,36,5,2,0.057728958847323375
neural_eb,neural_bidir_seed0_eb,0.05,36,5,2,0.055187758273587996
neural_eb,neural_bidir_seed1_eb,0.05,36,5,2,0.055670368812328536
neural_eb,neural_bidir_seed2_eb,0.05,36,5,2,0.05520858097418146
neural_eb,neural_bidir_seed3_eb,0.05,36,5,2,0.055251418668883126
neural_eb,neural_bidir_seed4_eb,0.05,36,5,2,0.05503879884852084
summary_ridge_prior,none,0.05,0,5,3,0.10480432325969934
neural_prior,neural_bidir_seed0_prior,0.05,0,5,3,0.09092629857514112
neural_prior,neural_bidir_seed1_prior,0.05,0,5,3,0.09382677982102905
neural_prior,neural_bidir_seed2_prior,0.05,0,5,3,0.09092496839184605
neural_prior,neural_bidir_seed3_prior,0.05,0,5,3,0.09098119194277388
neural_prior,neural_bidir_seed4_prior,0.05,0,5,3,0.09008925578564231
dfe,none,0.05,32,5,3,0.07143670925769482
dfe,none,0.05,48,5,3,0.05831581065171189
summary_ridge_eb,none,0.05,20,5,3,0.07212734871386699
neural_eb,neural_bidir_seed0_eb,0.05,20,5,3,0.06691193360032392
neural_eb,neural_bidir_seed1_eb,0.05,20,5,3,0.0677030565433254
neural_eb,neural_bidir_seed2_eb,0.05,20,5,3,0.06690635911706455
neural_eb,neural_bidir_seed3_eb,0.05,20,5,3,0.06712914360708269
neural_eb,neural_bidir_seed4_eb,0.05,20,5,3,0.06666394750447609
summary_ridge_eb,none,0.05,36,5,3,0.05870166405222786
neural_eb,neural_bidir_seed0_eb,0.05,36,5,3,0.05579702620287884
neural_eb,neural_bidir_seed1_eb,0.05,36,5,3,0.056276958249675574
neural_eb,neural_bidir_seed2_eb,0.05,36,5,3,0.05576082273717349
neural_eb,neural_bidir_seed3_eb,0.05,36,5,3,0.0558858192771744
neural_eb,neural_bidir_seed4_eb,0.05,36,5,3,0.055622620952375676
summary_ridge_prior,none,0.05,0,5,4,0.10305112048545281
neural_prior,neural_bidir_seed0_prior,0.05,0,5,4,0.0915627249287354
neural_prior,neural_bidir_seed1_prior,0.05,0,5,4,0.09456689229591575
neural_prior,neural_bidir_seed2_prior,0.05,0,5,4,0.09154780878634483
neural_prior,neural_bidir_seed3_prior,0.05,0,5,4,0.0915410899087874
neural_prior,neural_bidir_seed4_prior,0.05,0,5,4,0.0907655498576787
dfe,none,0.05,32,5,4,0.07259130104466749
dfe,none,0.05,48,5,4,0.05976253556710381
summary_ridge_eb,none,0.05,20,5,4,0.07214090087333327
neural_eb,neural_bidir_seed0_eb,0.05,20,5,4,0.06837295813033237
neural_eb,neural_bidir_seed1_eb,0.05,20,5,4,0.06923095803701018
neural_eb,neural_bidir_seed2_eb,0.05,20,5,4,0.06843082856757061
neural_eb,neural_bidir_seed3_eb,0.05,20,5,4,0.06856621796157612
neural_eb,neural_bidir_seed4_eb,0.05,20,5,4,0.06823251579429263
summary_ridge_eb,none,0.05,36,5,4,0.058128310119876306
neural_eb,neural_bidir_seed0_eb,0.05,36,5,4,0.056554654029826845
neural_eb,neural_bidir_seed1_eb,0.05,36,5,4,0.057117996004019574
neural_eb,neural_bidir_seed2_eb,0.05,36,5,4,0.05652460839877261
neural_eb,neural_bidir_seed3_eb,0.05,36,5,4,0.05650845509300757
neural_eb,neural_bidir_seed4_eb,0.05,36,5,4,0.05641660612968544
summary_ridge_prior,none,0.05,0,6,0,0.0976639645018408
neural_prior,neural_bidir_seed0_prior,0.05,0,6,0,0.08844954541382322
neural_prior,neural_bidir_seed1_prior,0.05,0,6,0,0.0908259877232922
neural_prior,neural_bidir_seed2_prior,0.05,0,6,0,0.08845442030542472
neural_prior,neural_bidir_seed3_prior,0.05,0,6,0,0.08898719754324702
neural_prior,neural_bidir_seed4_prior,0.05,0,6,0,0.08795298803852347
dfe,none,0.05,32,6,0,0.07239601594725778
dfe,none,0.05,48,6,0,0.05880757054371686
summary_ridge_eb,none,0.05,20,6,0,0.06879481783451835
neural_eb,neural_bidir_seed0_eb,0.05,20,6,0,0.06615673199298885
neural_eb,neural_bidir_seed1_eb,0.05,20,6,0,0.06702283567141737
neural_eb,neural_bidir_seed2_eb,0.05,20,6,0,0.06615614705735082
neural_eb,neural_bidir_seed3_eb,0.05,20,6,0,0.066360391172665
neural_eb,neural_bidir_seed4_eb,0.05,20,6,0,0.06597344561224433
summary_ridge_eb,none,0.05,36,6,0,0.0562251952616621
neural_eb,neural_bidir_seed0_eb,0.05,36,6,0,0.05551485700112153
neural_eb,neural_bidir_seed1_eb,0.05,36,6,0,0.0561329753302329
neural_eb,neural_bidir_seed2_eb,0.05,36,6,0,0.05551801726462262
neural_eb,neural_bidir_seed3_eb,0.05,36,6,0,0.055509468279205124
neural_eb,neural_bidir_seed4_eb,0.05,36,6,0,0.05546054968401634
summary_ridge_prior,none,0.05,0,6,1,0.10218502079259512
neural_prior,neural_bidir_seed0_prior,0.05,0,6,1,0.09111842734091624
neural_prior,neural_bidir_seed1_prior,0.05,0,6,1,0.09351161485210469
neural_prior,neural_bidir_seed2_prior,0.05,0,6,1,0.09112424327577173
neural_prior,neural_bidir_seed3_prior,0.05,0,6,1,0.09161262252564484
neural_prior,neural_bidir_seed4_prior,0.05,0,6,1,0.09064236088124744
dfe,none,0.05,32,6,1,0.07452063638488148
dfe,none,0.05,48,6,1,0.0588562978384154
summary_ridge_eb,none,0.05,20,6,1,0.06860747813555024
neural_eb,neural_bidir_seed0_eb,0.05,20,6,1,0.06618911080117071
neural_eb,neural_bidir_seed1_eb,0.05,20,6,1,0.06716678073724466
neural_eb,neural_bidir_seed2_eb,0.05,20,6,1,0.06617234706198197
neural_eb,neural_bidir_seed3_eb,0.05,20,6,1,0.06631121010199549
neural_eb,neural_bidir_seed4_eb,0.05,20,6,1,0.06607707586365777
summary_ridge_eb,none,0.05,36,6,1,0.05665452281210674
neural_eb,neural_bidir_seed0_eb,0.05,36,6,1,0.0555404595572528
neural_eb,neural_bidir_seed1_eb,0.05,36,6,1,0.056077733955623044
neural_eb,neural_bidir_seed2_eb,0.05,36,6,1,0.0555182897947077
neural_eb,neural_bidir_seed3_eb,0.05,36,6,1,0.05555993840693108
neural_eb,neural_bidir_seed4_eb,0.05,36,6,1,0.05540593919871979
summary_ridge_prior,none,0.05,0,6,2,0.099616468980776
neural_prior,neural_bidir_seed0_prior,0.05,0,6,2,0.09204313825284771
neural_prior,neural_bidir_seed1_prior,0.05,0,6,2,0.09447536322659289
neural_prior,neural_bidir_seed2_prior,0.05,0,6,2,0.09206836627527082
neural_prior,neural_bidir_seed3_prior,0.05,0,6,2,0.09268394412902126
neural_prior,neural_bidir_seed4_prior,0.05,0,6,2,0.09172427945850359
dfe,none,0.05,32,6,2,0.07300931326022286
dfe,none,0.05,48,6,2,0.05833177627883507
summary_ridge_eb,none,0.05,20,6,2,0.06837081222181791
neural_eb,neural_bidir_seed0_eb,0.05,20,6,2,0.06649833929036697
neural_eb,neural_bidir_seed1_eb,0.05,20,6,2,0.06733739149130627
neural_eb,neural_bidir_seed2_eb,0.05,20,6,2,0.06649201010583672
neural_eb,neural_bidir_seed3_eb,0.05,20,6,2,0.06669450044349981
neural_eb,neural_bidir_seed4_eb,0.05,20,6,2,0.0663749855151893
summary_ridge_eb,none,0.05,36,6,2,0.05633241241301586
neural_eb,neural_bidir_seed0_eb,0.05,36,6,2,0.05507938420690475
neural_eb,neural_bidir_seed1_eb,0.05,36,6,2,0.05551638765736294
neural_eb,neural_bidir_seed2_eb,0.05,36,6,2,0.055064628989959355
neural_eb,neural_bidir_seed3_eb,0.05,36,6,2,0.055234177591090325
neural_eb,neural_bidir_seed4_eb,0.05,36,6,2,0.05497610623913928
summary_ridge_prior,none,0.05,0,6,3,0.10070909543328746
neural_prior,neural_bidir_seed0_prior,0.05,0,6,3,0.0889963243080274
neural_prior,neural_bidir_seed1_prior,0.05,0,6,3,0.09120944786081964
neural_prior,neural_bidir_seed2_prior,0.05,0,6,3,0.08914163835834188
neural_prior,neural_bidir_seed3_prior,0.05,0,6,3,0.08944954327853338
neural_prior,neural_bidir_seed4_prior,0.05,0,6,3,0.0884236930123734
dfe,none,0.05,32,6,3,0.07203655952313662
dfe,none,0.05,48,6,3,0.05862265477992844
summary_ridge_eb,none,0.05,20,6,3,0.07016833940584848
neural_eb,neural_bidir_seed0_eb,0.05,20,6,3,0.06671390655346718
neural_eb,neural_bidir_seed1_eb,0.05,20,6,3,0.06766362658582303
neural_eb,neural_bidir_seed2_eb,0.05,20,6,3,0.06681192706479235
neural_eb,neural_bidir_seed3_eb,0.05,20,6,3,0.06697633035231655
neural_eb,neural_bidir_seed4_eb,0.05,20,6,3,0.0665601452206781
summary_ridge_eb,none,0.05,36,6,3,0.05715653592541419
neural_eb,neural_bidir_seed0_eb,0.05,36,6,3,0.055393067964429915
neural_eb,neural_bidir_seed1_eb,0.05,36,6,3,0.05603739364878522
neural_eb,neural_bidir_seed2_eb,0.05,36,6,3,0.05541338536299191
neural_eb,neural_bidir_seed3_eb,0.05,36,6,3,0.05546879110325734
neural_eb,neural_bidir_seed4_eb,0.05,36,6,3,0.055356694696565435
summary_ridge_prior,none,0.05,0,6,4,0.09791237886792369
neural_prior,neural_bidir_seed0_prior,0.05,0,6,4,0.08919695248732751
neural_prior,neural_bidir_seed1_prior,0.05,0,6,4,0.09172435336768103
neural_prior,neural_bidir_seed2_prior,0.05,0,6,4,0.08930344650252664
neural_prior,neural_bidir_seed3_prior,0.05,0,6,4,0.08976004111718794
neural_prior,neural_bidir_seed4_prior,0.05,0,6,4,0.08868054388403834
dfe,none,0.05,32,6,4,0.0722520957836726
dfe,none,0.05,48,6,4,0.05910861917975665
summary_ridge_eb,none,0.05,20,6,4,0.06934159000596785
neural_eb,neural_bidir_seed0_eb,0.05,20,6,4,0.06700795427069611
neural_eb,neural_bidir_seed1_eb,0.05,20,6,4,0.06794683111850607
neural_eb,neural_bidir_seed2_eb,0.05,20,6,4,0.06699329708652764
neural_eb,neural_bidir_seed3_eb,0.05,20,6,4,0.0670890698305758
neural_eb,neural_bidir_seed4_eb,0.05,20,6,4,0.0668747705260037
summary_ridge_eb,none,0.05,36,6,4,0.05684297655136481
neural_eb,neural_bidir_seed0_eb,0.05,36,6,4,0.055569087532830706
neural_eb,neural_bidir_seed1_eb,0.05,36,6,4,0.0560660387148617
neural_eb,neural_bidir_seed2_eb,0.05,36,6,4,0.05556662875347728
neural_eb,neural_bidir_seed3_eb,0.05,36,6,4,0.05564915419564399
neural_eb,neural_bidir_seed4_eb,0.05,36,6,4,0.05547938044206035
summary_ridge_prior,none,0.05,0,7,0,0.09518908114797398
neural_prior,neural_bidir_seed0_prior,0.05,0,7,0,0.09443624055529654
neural_prior,neural_bidir_seed1_prior,0.05,0,7,0,0.09753846472995065
neural_prior,neural_bidir_seed2_prior,0.05,0,7,0,0.09438525001860398
neural_prior,neural_bidir_seed3_prior,0.05,0,7,0,0.09425314095824433
neural_prior,neural_bidir_seed4_prior,0.05,0,7,0,0.0934893998910411
dfe,none,0.05,32,7,0,0.07207272790462108
dfe,none,0.05,48,7,0,0.059476827918169196
summary_ridge_eb,none,0.05,20,7,0,0.06638683112671824
neural_eb,neural_bidir_seed0_eb,0.05,20,7,0,0.06643778730906505
neural_eb,neural_bidir_seed1_eb,0.05,20,7,0,0.06747282366167939
neural_eb,neural_bidir_seed2_eb,0.05,20,7,0,0.06643471200725024
neural_eb,neural_bidir_seed3_eb,0.05,20,7,0,0.06638019785485387
neural_eb,neural_bidir_seed4_eb,0.05,20,7,0,0.06618021651393177
summary_ridge_eb,none,0.05,36,7,0,0.05651894816499424
neural_eb,neural_bidir_seed0_eb,0.05,36,7,0,0.056110059449976574
neural_eb,neural_bidir_seed1_eb,0.05,36,7,0,0.056643529039649754
neural_eb,neural_bidir_seed2_eb,0.05,36,7,0,0.05610176746318235
neural_eb,neural_bidir_seed3_eb,0.05,36,7,0,0.056199003163724504
neural_eb,neural_bidir_seed4_eb,0.05,36,7,0,0.05597679237227381
summary_ridge_prior,none,0.05,0,7,1,0.0974058905672282
neural_prior,neural_bidir_seed0_prior,0.05,0,7,1,0.10123450906212383
neural_prior,neural_bidir_seed1_prior,0.05,0,7,1,0.10406278672417102
neural_prior,neural_bidir_seed2_prior,0.05,0,7,1,0.10117067320061324
neural_prior,neural_bidir_seed3_prior,0.05,0,7,1,0.10117932595130696
neural_prior,neural_bidir_seed4_prior,0.05,0,7,1,0.100070612044874
dfe,none,0.05,32,7,1,0.07231535424681271
dfe,none,0.05,48,7,1,0.058877679969790965
summary_ridge_eb,none,0.05,20,7,1,0.0677249592488012
neural_eb,neural_bidir_seed0_eb,0.05,20,7,1,0.06883557015025948
neural_eb,neural_bidir_seed1_eb,0.05,20,7,1,0.06976387136063303
neural_eb,neural_bidir_seed2_eb,0.05,20,7,1,0.06886114976443113
neural_eb,neural_bidir_seed3_eb,0.05,20,7,1,0.06881597487831476
neural_eb,neural_bidir_seed4_eb,0.05,20,7,1,0.06847863236622381
summary_ridge_eb,none,0.05,36,7,1,0.05655229043851828
neural_eb,neural_bidir_seed0_eb,0.05,36,7,1,0.056758588421064335
neural_eb,neural_bidir_seed1_eb,0.05,36,7,1,0.05725706311114837
neural_eb,neural_bidir_seed2_eb,0.05,36,7,1,0.05674304313157005
neural_eb,neural_bidir_seed3_eb,0.05,36,7,1,0.05679295904481567
neural_eb,neural_bidir_seed4_eb,0.05,36,7,1,0.05655446397830144
summary_ridge_prior,none,0.05,0,7,2,0.0949064092241656
neural_prior,neural_bidir_seed0_prior,0.05,0,7,2,0.09631492887820059
neural_prior,neural_bidir_seed1_prior,0.05,0,7,2,0.09924480897279864
neural_prior,neural_bidir_seed2_prior,0.05,0,7,2,0.0962763544430345
neural_prior,neural_bidir_seed3_prior,0.05,0,7,2,0.09610405879175232
neural_prior,neural_bidir_seed4_prior,0.05,0,7,2,0.09526289064342564
dfe,none,0.05,32,7,2,0.07297758773084853
dfe,none,0.05,48,7,2,0.060091395710211756
summary_ridge_eb,none,0.05,20,7,2,0.06847218932178299
neural_eb,neural_bidir_seed0_eb,0.05,20,7,2,0.06877261662554313
neural_eb,neural_bidir_seed1_eb,0.05,20,7,2,0.069640635659344
neural_eb,neural_bidir_seed2_eb,0.05,20,7,2,0.06876162942184191
neural_eb,neural_bidir_seed3_eb,0.05,20,7,2,0.06872082396791164
neural_eb,neural_bidir_seed4_eb,0.05,20,7,2,0.06840938098292859
summary_ridge_eb,none,0.05,36,7,2,0.05559236647819462
neural_eb,neural_bidir_seed0_eb,0.05,36,7,2,0.05564384514791009
neural_eb,neural_bidir_seed1_eb,0.05,36,7,2,0.05613901273269223
neural_eb,neural_bidir_seed2_eb,0.05,36,7,2,0.05565517927789046
neural_eb,neural_bidir_seed3_eb,0.05,36,7,2,0.0556209237564963
neural_eb,neural_bidir_seed4_eb,0.05,36,7,2,0.05548172131101363
summary_ridge_prior,none,0.05,0,7,3,0.09329425864506255
neural_prior,neural_bidir_seed0_prior,0.05,0,7,3,0.09602089199142938
neural_prior,neural_bidir_seed1_prior,0.05,0,7,3,0.09904416832978313
neural_prior,neural_bidir_seed2_prior,0.05,0,7,3,0.09592525422885956
neural_prior,neural_bidir_seed3_prior,0.05,0,7,3,0.09588545325641462
neural_prior,neural_bidir_seed4_prior,0.05,0,7,3,0.09487743556201167
dfe,none,0.05,32,7,3,0.07225344936361783
dfe,none,0.05,48,7,3,0.05950776408173153
summary_ridge_eb,none,0.05,20,7,3,0.06768058858483422
neural_eb,neural_bidir_seed0_eb,0.05,20,7,3,0.06862711519165277
neural_eb,neural_bidir_seed1_eb,0.05,20,7,3,0.06950463176221855
neural_eb,neural_bidir_seed2_eb,0.05,20,7,3,0.06860171976274468
neural_eb,neural_bidir_seed3_eb,0.05,20,7,3,0.06857585799821503
neural_eb,neural_bidir_seed4_eb,0.05,20,7,3,0.06829509596480443
summary_ridge_eb,none,0.05,36,7,3,0.055778557279656034
neural_eb,neural_bidir_seed0_eb,0.05,36,7,3,0.0572960880887842
neural_eb,neural_bidir_seed1_eb,0.05,36,7,3,0.05781192636669982
neural_eb,neural_bidir_seed2_eb,0.05,36,7,3,0.057274935247024705
neural_eb,neural_bidir_seed3_eb,0.05,36,7,3,0.05719793102231649
neural_eb,neural_bidir_seed4_eb,0.05,36,7,3,0.05707683682803249
summary_ridge_prior,none,0.05,0,7,4,0.09487852153666104
neural_prior,neural_bidir_seed0_prior,0.05,0,7,4,0.09556068858910294
neural_prior,neural_bidir_seed1_prior,0.05,0,7,4,0.09883355425517948
neural_prior,neural_bidir_seed2_prior,0.05,0,7,4,0.09564505455455219
neural_prior,neural_bidir_seed3_prior,0.05,0,7,4,0.09562899816046411
neural_prior,neural_bidir_seed4_prior,0.05,0,7,4,0.0948102003949316
dfe,none,0.05,32,7,4,0.07245920927481267
dfe,none,0.05,48,7,4,0.05912623055175775
summary_ridge_eb,none,0.05,20,7,4,0.06859866301241198
neural_eb,neural_bidir_seed0_eb,0.05,20,7,4,0.0701976628763464
neural_eb,neural_bidir_seed1_eb,0.05,20,7,4,0.07118037401247249
neural_eb,neural_bidir_seed2_eb,0.05,20,7,4,0.07029426806439823
neural_eb,neural_bidir_seed3_eb,0.05,20,7,4,0.07022420171298438
neural_eb,neural_bidir_seed4_eb,0.05,20,7,4,0.07001102611870375
summary_ridge_eb,none,0.05,36,7,4,0.05625717026424373
neural_eb,neural_bidir_seed0_eb,0.05,36,7,4,0.05686184212578732
neural_eb,neural_bidir_seed1_eb,0.05,36,7,4,0.05737854747208406
neural_eb,neural_bidir_seed2_eb,0.05,36,7,4,0.056925848582281544
neural_eb,neural_bidir_seed3_eb,0.05,36,7,4,0.056907503147270944
neural_eb,neural_bidir_seed4_eb,0.05,36,7,4,0.056740920672641054
summary_ridge_prior,none,0.05,0,8,0,0.10632942666339383
neural_prior,neural_bidir_seed0_prior,0.05,0,8,0,0.08890696953858424
neural_prior,neural_bidir_seed1_prior,0.05,0,8,0,0.0914779548493243
neural_prior,neural_bidir_seed2_prior,0.05,0,8,0,0.0890362889640528
neural_prior,neural_bidir_seed3_prior,0.05,0,8,0,0.08939297859433282
neural_prior,neural_bidir_seed4_prior,0.05,0,8,0,0.0886895285166247
dfe,none,0.05,32,8,0,0.07072255687530238
dfe,none,0.05,48,8,0,0.05967703329103338
summary_ridge_eb,none,0.05,20,8,0,0.07337319703579472
neural_eb,neural_bidir_seed0_eb,0.05,20,8,0,0.0680961993836873
neural_eb,neural_bidir_seed1_eb,0.05,20,8,0,0.06882282168443138
neural_eb,neural_bidir_seed2_eb,0.05,20,8,0,0.06820052851502881
neural_eb,neural_bidir_seed3_eb,0.05,20,8,0,0.06855342431016345
neural_eb,neural_bidir_seed4_eb,0.05,20,8,0,0.068096456118209
summary_ridge_eb,none,0.05,36,8,0,0.059314971101956625
neural_eb,neural_bidir_seed0_eb,0.05,36,8,0,0.055964996430206054
neural_eb,neural_bidir_seed1_eb,0.05,36,8,0,0.05631537402947664
neural_eb,neural_bidir_seed2_eb,0.05,36,8,0,0.05614396739746647
neural_eb,neural_bidir_seed3_eb,0.05,36,8,0,0.05644022051044936
neural_eb,neural_bidir_seed4_eb,0.05,36,8,0,0.05603013357853549
summary_ridge_prior,none,0.05,0,8,1,0.11018342864770687
neural_prior,neural_bidir_seed0_prior,0.05,0,8,1,0.09485937495082908
neural_prior,neural_bidir_seed1_prior,0.05,0,8,1,0.09817759922771074
neural_prior,neural_bidir_seed2_prior,0.05,0,8,1,0.09489372984353395
neural_prior,neural_bidir_seed3_prior,0.05,0,8,1,0.09523074470962456
neural_prior,neural_bidir_seed4_prior,0.05,0,8,1,0.09470895669619495
dfe,none,0.05,32,8,1,0.07200419066349341
dfe,none,0.05,48,8,1,0.05985883019591845
summary_ridge_eb,none,0.05,20,8,1,0.07575112430081646
neural_eb,neural_bidir_seed0_eb,0.05,20,8,1,0.06950575450250715
neural_eb,neural_bidir_seed1_eb,0.05,20,8,1,0.07039727114724728
neural_eb,neural_bidir_seed2_eb,0.05,20,8,1,0.0696709870330135
neural_eb,neural_bidir_seed3_eb,0.05,20,8,1,0.07008047824838001
neural_eb,neural_bidir_seed4_eb,0.05,20,8,1,0.0694870328829964
summary_ridge_eb,none,0.05,36,8,1,0.06118791936408416
neural_eb,neural_bidir_seed0_eb,0.05,36,8,1,0.0577468304790508
neural_eb,neural_bidir_seed1_eb,0.05,36,8,1,0.05814357509554827
neural_eb,neural_bidir_seed2_eb,0.05,36,8,1,0.05793592237949481
neural_eb,neural_bidir_seed3_eb,0.05,36,8,1,0.058194106312805964
neural_eb,neural_bidir_seed4_eb,0.05,36,8,1,0.05773788674676149
summary_ridge_prior,none,0.05,0,8,2,0.1080613048220761
neural_prior,neural_bidir_seed0_prior,0.05,0,8,2,0.09737140560719126
neural_prior,neural_bidir_seed1_prior,0.05,0,8,2,0.10048972032200254
neural_prior,neural_bidir_seed2_prior,0.05,0,8,2,0.09733249171222269
neural_prior,neural_bidir_seed3_prior,0.05,0,8,2,0.09730391466109722
neural_prior,neural_bidir_seed4_prior,0.05,0,8,2,0.09711509283624764
dfe,none,0.05,32,8,2,0.07260088546152271
dfe,none,0.05,48,8,2,0.05949837681146164
summary_ridge_eb,none,0.05,20,8,2,0.07284415558256536
neural_eb,neural_bidir_seed0_eb,0.05,20,8,2,0.06828219362838324
neural_eb,neural_bidir_seed1_eb,0.05,20,8,2,0.06930618953661669
neural_eb,neural_bidir_seed2_eb,0.05,20,8,2,0.06822593776941777
neural_eb,neural_bidir_seed3_eb,0.05,20,8,2,0.0682231877297436
neural_eb,neural_bidir_seed4_eb,0.05,20,8,2,0.06816924785485354
summary_ridge_eb,none,0.05,36,8,2,0.05984339782976653
neural_eb,neural_bidir_seed0_eb,0.05,36,8,2,0.05592058230391225
neural_eb,neural_bidir_seed1_eb,0.05,36,8,2,0.05645591280162943
neural_eb,neural_bidir_seed2_eb,0.05,36,8,2,0.055892751211550726
neural_eb,neural_bidir_seed3_eb,0.05,36,8,2,0.055974129863009814
neural_eb,neural_bidir_seed4_eb,0.05,36,8,2,0.055868989359418864
summary_ridge_prior,none,0.05,0,8,3,0.10760984081453245
neural_prior,neural_bidir_seed0_prior,0.05,0,8,3,0.09360920597646327
neural_prior,neural_bidir_seed1_prior,0.05,0,8,3,0.0969278821557964
neural_prior,neural_bidir_seed2_prior,0.05,0,8,3,0.09376895046989375
neural_prior,neural_bidir_seed3_prior,0.05,0,8,3,0.09382725279101578
neural_prior,neural_bidir_seed4_prior,0.05,0,8,3,0.09352338417920691
dfe,none,0.05,32,8,3,0.07362728755429593
dfe,none,0.05,48,8,3,0.059300316102962825
summary_ridge_eb,none,0.05,20,8,3,0.07151318243860028
neural_eb,neural_bidir_seed0_eb,0.05,20,8,3,0.06602273018018937
neural_eb,neural_bidir_seed1_eb,0.05,20,8,3,0.06690351066689412
neural_eb,neural_bidir_seed2_eb,0.05,20,8,3,0.06603373732307014
neural_eb,neural_bidir_seed3_eb,0.05,20,8,3,0.06601041070512165
neural_eb,neural_bidir_seed4_eb,0.05,20,8,3,0.06593703119116612
summary_ridge_eb,none,0.05,36,8,3,0.05942782627458662
neural_eb,neural_bidir_seed0_eb,0.05,36,8,3,0.05632103769784054
neural_eb,neural_bidir_seed1_eb,0.05,36,8,3,0.0568912843573924
neural_eb,neural_bidir_seed2_eb,0.05,36,8,3,0.05633485631789466
neural_eb,neural_bidir_seed3_eb,0.05,36,8,3,0.056345338603237954
neural_eb,neural_bidir_seed4_eb,0.05,36,8,3,0.056266812299275375
summary_ridge_prior,none,0.05,0,8,4,0.11104431861960135
neural_prior,neural_bidir_seed0_prior,0.05,0,8,4,0.08788767455735069
neural_prior,neural_bidir_seed1_prior,0.05,0,8,4,0.09019354630254384
neural_prior,neural_bidir_seed2_prior,0.05,0,8,4,0.08808079591290152
neural_prior,neural_bidir_seed3_prior,0.05,0,8,4,0.08841281286913727
neural_prior,neural_bidir_seed4_prior,0.05,0,8,4,0.08767414651265426
dfe,none,0.05,32,8,4,0.0726463389114037
dfe,none,0.05,48,8,4,0.05930480620089737
summary_ridge_eb,none,0.05,20,8,4,0.07399790538285896
neural_eb,neural_bidir_seed0_eb,0.05,20,8,4,0.06703057764391637
neural_eb,neural_bidir_seed1_eb,0.05,20,8,4,0.06782797560424346
neural_eb,neural_bidir_seed2_eb,0.05,20,8,4,0.06710232336342292
neural_eb,neural_bidir_seed3_eb,0.05,20,8,4,0.06726062890531584
neural_eb,neural_bidir_seed4_eb,0.05,20,8,4,0.0668489435360736
summary_ridge_eb,none,0.05,36,8,4,0.060676978040599405
neural_eb,neural_bidir_seed0_eb,0.05,36,8,4,0.05649345002538403
neural_eb,neural_bidir_seed1_eb,0.05,36,8,4,0.0568958938642123
neural_eb,neural_bidir_seed2_eb,0.05,36,8,4,0.05661542324275947
neural_eb,neural_bidir_seed3_eb,0.05,36,8,4,0.05682630099004057
neural_eb,neural_bidir_seed4_eb,0.05,36,8,4,0.05646256939922346
summary_ridge_prior,none,0.05,0,9,0,0.10192885208132912
neural_prior,neural_bidir_seed0_prior,0.05,0,9,0,0.08829813013107923
neural_prior,neural_bidir_seed1_prior,0.05,0,9,0,0.09056950384365337
neural_prior,neural_bidir_seed2_prior,0.05,0,9,0,0.08819614904314221
neural_prior,neural_bidir_seed3_prior,0.05,0,9,0,0.08845780096999079
neural_prior,neural_bidir_seed4_prior,0.05,0,9,0,0.08789216960394697
dfe,none,0.05,32,9,0,0.07319209239823168
dfe,none,0.05,48,9,0,0.05839161646057349
summary_ridge_eb,none,0.05,20,9,0,0.070000316587882
neural_eb,neural_bidir_seed0_eb,0.05,20,9,0,0.06578867084942046
neural_eb,neural_bidir_seed1_eb,0.05,20,9,0,0.06655208367715179
neural_eb,neural_bidir_seed2_eb,0.05,20,9,0,0.06591548720733947
neural_eb,neural_bidir_seed3_eb,0.05,20,9,0,0.06601217782385084
neural_eb,neural_bidir_seed4_eb,0.05,20,9,0,0.06570832289099011
summary_ridge_eb,none,0.05,36,9,0,0.05881614312724695
neural_eb,neural_bidir_seed0_eb,0.05,36,9,0,0.05553528645711346
neural_eb,neural_bidir_seed1_eb,0.05,36,9,0,0.055959539411757804
neural_eb,neural_bidir_seed2_eb,0.05,36,9,0,0.05570397999626151
neural_eb,neural_bidir_seed3_eb,0.05,36,9,0,0.05574660115874155
neural_eb,neural_bidir_seed4_eb,0.05,36,9,0,0.05552870392775064
summary_ridge_prior,none,0.05,0,9,1,0.10237618065837711
neural_prior,neural_bidir_seed0_prior,0.05,0,9,1,0.08701683968502039
neural_prior,neural_bidir_seed1_prior,0.05,0,9,1,0.08918792623262561
neural_prior,neural_bidir_seed2_prior,0.05,0,9,1,0.0869977808524709
neural_prior,neural_bidir_seed3_prior,0.05,0,9,1,0.0872484749834257
neural_prior,neural_bidir_seed4_prior,0.05,0,9,1,0.0866585377643787
dfe,none,0.05,32,9,1,0.07187956735813511
dfe,none,0.05,48,9,1,0.05864716512021712
summary_ridge_eb,none,0.05,20,9,1,0.06972701022567995
neural_eb,neural_bidir_seed0_eb,0.05,20,9,1,0.06645299655388968
neural_eb,neural_bidir_seed1_eb,0.05,20,9,1,0.06718006948346952
neural_eb,neural_bidir_seed2_eb,0.05,20,9,1,0.06627539367390904
neural_eb,neural_bidir_seed3_eb,0.05,20,9,1,0.06646144159757214
neural_eb,neural_bidir_seed4_eb,0.05,20,9,1,0.06623104691308127
summary_ridge_eb,none,0.05,36,9,1,0.05809554354775361
neural_eb,neural_bidir_seed0_eb,0.05,36,9,1,0.055889277947842805
neural_eb,neural_bidir_seed1_eb,0.05,36,9,1,0.05636812635729507
neural_eb,neural_bidir_seed2_eb,0.05,36,9,1,0.055848378842420644
neural_eb,neural_bidir_seed3_eb,0.05,36,9,1,0.05597101208760662
neural_eb,neural_bidir_seed4_eb,0.05,36,9,1,0.055829387917729706
summary_ridge_prior,none,0.05,0,9,2,0.09696616092130585
neural_prior,neural_bidir_seed0_prior,0.05,0,9,2,0.08693153173771861
neural_prior,neural_bidir_seed1_prior,0.05,0,9,2,0.08938368386407092
neural_prior,neural_bidir_seed2_prior,0.05,0,9,2,0.08703571121986897
neural_prior,neural_bidir_seed3_prior,0.05,0,9,2,0.08729856669197034
neural_prior,neural_bidir_seed4_prior,0.05,0,9,2,0.08665956554432341
dfe,none,0.05,32,9,2,0.07262933888927767
dfe,none,0.05,48,9,2,0.0595468037599521
summary_ridge_eb,none,0.05,20,9,2,0.0694044686922418
neural_eb,neural_bidir_seed0_eb,0.05,20,9,2,0.06660495138628225
neural_eb,neural_bidir_seed1_eb,0.05,20,9,2,0.06757912209973532
neural_eb,neural_bidir_seed2_eb,0.05,20,9,2,0.06654494356488619
neural_eb,neural_bidir_seed3_eb,0.05,20,9,2,0.0666304371164227
neural_eb,neural_bidir_seed4_eb,0.05,20,9,2,0.0664278526777177
summary_ridge_eb,none,0.05,36,9,2,0.0584644053952806
neural_eb,neural_bidir_seed0_eb,0.05,36,9,2,0.056541921226903165
neural_eb,neural_bidir_seed1_eb,0.05,36,9,2,0.057061203663202976
neural_eb,neural_bidir_seed2_eb,0.05,36,9,2,0.05654559365461819
neural_eb,neural_bidir_seed3_eb,0.05,36,9,2,0.05659757357082763
neural_eb,neural_bidir_seed4_eb,0.05,36,9,2,0.056448247153839774
summary_ridge_prior,none,0.05,0,9,3,0.10242114802325382
neural_prior,neural_bidir_seed0_prior,0.05,0,9,3,0.08981074137955147
neural_prior,neural_bidir_seed1_prior,0.05,0,9,3,0.09222640899497492
neural_prior,neural_bidir_seed2_prior,0.05,0,9,3,0.08965693845493661
neural_prior,neural_bidir_seed3_prior,0.05,0,9,3,0.0899085581095278
neural_prior,neural_bidir_seed4_prior,0.05,0,9,3,0.08940847229496285
dfe,none,0.05,32,9,3,0.07393470780395243
dfe,none,0.05,48,9,3,0.05820682653837947
summary_ridge_eb,none,0.05,20,9,3,0.07032797276297334
neural_eb,neural_bidir_seed0_eb,0.05,20,9,3,0.0656359982609592
neural_eb,neural_bidir_seed1_eb,0.05,20,9,3,0.06634698303593158
neural_eb,neural_bidir_seed2_eb,0.05,20,9,3,0.06555138935792416
neural_eb,neural_bidir_seed3_eb,0.05,20,9,3,0.06572032346658113
neural_eb,neural_bidir_seed4_eb,0.05,20,9,3,0.06542463788699909
summary_ridge_eb,none,0.05,36,9,3,0.05787952636676471
neural_eb,neural_bidir_seed0_eb,0.05,36,9,3,0.05525359639569932
neural_eb,neural_bidir_seed1_eb,0.05,36,9,3,0.055751469017010176
neural_eb,neural_bidir_seed2_eb,0.05,36,9,3,0.05527482195728335
neural_eb,neural_bidir_seed3_eb,0.05,36,9,3,0.05538089722233426
neural_eb,neural_bidir_seed4_eb,0.05,36,9,3,0.05514405992937439
summary_ridge_prior,none,0.05,0,9,4,0.10109191153746391
neural_prior,neural_bidir_seed0_prior,0.05,0,9,4,0.08907587561952823
neural_prior,neural_bidir_seed1_prior,0.05,0,9,4,0.09166685560740007
neural_prior,neural_bidir_seed2_prior,0.05,0,9,4,0.08902836048764584
neural_prior,neural_bidir_seed3_prior,0.05,0,9,4,0.08935612357709033
neural_prior,neural_bidir_seed4_prior,0.05,0,9,4,0.08867772107441851
dfe,none,0.05,32,9,4,0.07234366170107225
dfe,none,0.05,48,9,4,0.059362641560222036
summary_ridge_eb,none,0.05,20,9,4,0.0708790915035325
neural_eb,neural_bidir_seed0_eb,0.05,20,9,4,0.0672886091469071
neural_eb,neural_bidir_seed1_eb,0.05,20,9,4,0.06802837500365218
neural_eb,neural_bidir_seed2_eb,0.05,20,9,4,0.06716668643762053
neural_eb,neural_bidir_seed3_eb,0.05,20,9,4,0.06736384876561721
neural_eb,neural_bidir_seed4_eb,0.05,20,9,4,0.0670517812656468
summary_ridge_eb,none,0.05,36,9,4,0.05722025247739344
neural_eb,neural_bidir_seed0_eb,0.05,36,9,4,0.055403291546962954
neural_eb,neural_bidir_seed1_eb,0.05,36,9,4,0.05590762526243954
neural_eb,neural_bidir_seed2_eb,0.05,36,9,4,0.05534357972030151
neural_eb,neural_bidir_seed3_eb,0.05,36,9,4,0.055462254233160306
neural_eb,neural_bidir_seed4_eb,0.05,36,9,4,0.05527635794115171
summary_ridge_prior,none,0.05,0,10,0,0.09535724224958883
neural_prior,neural_bidir_seed0_prior,0.05,0,10,0,0.08774503830318281
neural_prior,neural_bidir_seed1_prior,0.05,0,10,0,0.0901938084844005
neural_prior,neural_bidir_seed2_prior,0.05,0,10,0,0.08774013936454139
neural_prior,neural_bidir_seed3_prior,0.05,0,10,0,0.08800649845034059
neural_prior,neural_bidir_seed4_prior,0.05,0,10,0,0.08738557080323517
dfe,none,0.05,32,10,0,0.07193578785154386
dfe,none,0.05,48,10,0,0.06050867731183071
summary_ridge_eb,none,0.05,20,10,0,0.06698367552900189
neural_eb,neural_bidir_seed0_eb,0.05,20,10,0,0.06508929989155796
neural_eb,neural_bidir_seed1_eb,0.05,20,10,0,0.06595169567409731
neural_eb,neural_bidir_seed2_eb,0.05,20,10,0,0.06510767310905924
neural_eb,neural_bidir_seed3_eb,0.05,20,10,0,0.06523565442639292
neural_eb,neural_bidir_seed4_eb,0.05,20,10,0,0.06498271041872472
summary_ridge_eb,none,0.05,36,10,0,0.055738806959535245
neural_eb,neural_bidir_seed0_eb,0.05,36,10,0,0.05493998500660986
neural_eb,neural_bidir_seed1_eb,0.05,36,10,0,0.0553449568664785
neural_eb,neural_bidir_seed2_eb,0.05,36,10,0,0.054984792865972645
neural_eb,neural_bidir_seed3_eb,0.05,36,10,0,0.05498991577037933
neural_eb,neural_bidir_seed4_eb,0.05,36,10,0,0.054842408434051554
summary_ridge_prior,none,0.05,0,10,1,0.09657043867653262
neural_prior,neural_bidir_seed0_prior,0.05,0,10,1,0.08816356531133351
neural_prior,neural_bidir_seed1_prior,0.05,0,10,1,0.09061118175850424
neural_prior,neural_bidir_seed2_prior,0.05,0,10,1,0.08810618729876296
neural_prior,neural_bidir_seed3_prior,0.05,0,10,1,0.0882435917355906
neural_prior,neural_bidir_seed4_prior,0.05,0,10,1,0.08778682806405413
dfe,none,0.05,32,10,1,0.07336231963664533
dfe,none,0.05,48,10,1,0.058874911823430146
summary_ridge_eb,none,0.05,20,10,1,0.07063654278732492
neural_eb,neural_bidir_seed0_eb,0.05,20,10,1,0.06542322969490222
neural_eb,neural_bidir_seed1_eb,0.05,20,10,1,0.0663036788454423
neural_eb,neural_bidir_seed2_eb,0.05,20,10,1,0.06552826625398368
neural_eb,neural_bidir_seed3_eb,0.05,20,10,1,0.06568484604038079
neural_eb,neural_bidir_seed4_eb,0.05,20,10,1,0.06525378956324536
summary_ridge_eb,none,0.05,36,10,1,0.059255212412453594
neural_eb,neural_bidir_seed0_eb,0.05,36,10,1,0.05552193632795345
neural_eb,neural_bidir_seed1_eb,0.05,36,10,1,0.05589169372318428
neural_eb,neural_bidir_seed2_eb,0.05,36,10,1,0.055535270794226835
neural_eb,neural_bidir_seed3_eb,0.05,36,10,1,0.055756715302535044
neural_eb,neural_bidir_seed4_eb,0.05,36,10,1,0.055418012539087264
summary_ridge_prior,none,0.05,0,10,2,0.09677741569649814
neural_prior,neural_bidir_seed0_prior,0.05,0,10,2,0.08725880412202969
neural_prior,neural_bidir_seed1_prior,0.05,0,10,2,0.08925883934534795
neural_prior,neural_bidir_seed2_prior,0.05,0,10,2,0.08752889616698667
neural_prior,neural_bidir_seed3_prior,0.05,0,10,2,0.08781610819096386
neural_prior,neural_bidir_seed4_prior,0.05,0,10,2,0.08702227674621099
dfe,none,0.05,32,10,2,0.07100880960691332
dfe,none,0.05,48,10,2,0.05823182579553287
summary_ridge_eb,none,0.05,20,10,2,0.06969863384182995
neural_eb,neural_bidir_seed0_eb,0.05,20,10,2,0.06728654100935577
neural_eb,neural_bidir_seed1_eb,0.05,20,10,2,0.06815302546339905
neural_eb,neural_bidir_seed2_eb,0.05,20,10,2,0.06741870174651629
neural_eb,neural_bidir_seed3_eb,0.05,20,10,2,0.06760120687716605
neural_eb,neural_bidir_seed4_eb,0.05,20,10,2,0.06717414736494981
summary_ridge_eb,none,0.05,36,10,2,0.05784474544909439
neural_eb,neural_bidir_seed0_eb,0.05,36,10,2,0.056535239573185306
neural_eb,neural_bidir_seed1_eb,0.05,36,10,2,0.05697290066739211
neural_eb,neural_bidir_seed2_eb,0.05,36,10,2,0.056635551646994034
neural_eb,neural_bidir_seed3_eb,0.05,36,10,2,0.056739933790813935
neural_eb,neural_bidir_seed4_eb,0.05,36,10,2,0.056423692881868645
summary_ridge_prior,none,0.05,0,10,3,0.09441730062279083
neural_prior,neural_bidir_seed0_prior,0.05,0,10,3,0.08821382635323971
neural_prior,neural_bidir_seed1_prior,0.05,0,10,3,0.09039828682762163
neural_prior,neural_bidir_seed2_prior,0.05,0,10,3,0.08847081722888106
neural_prior,neural_bidir_seed3_prior,0.05,0,10,3,0.08864589782933763
neural_prior,neural_bidir_seed4_prior,0.05,0,10,3,0.08797519994732284
dfe,none,0.05,32,10,3,0.07236317841872934
dfe,none,0.05,48,10,3,0.058535579757450176
summary_ridge_eb,none,0.05,20,10,3,0.06761695506132401
neural_eb,neural_bidir_seed0_eb,0.05,20,10,3,0.06747585953590834
neural_eb,neural_bidir_seed1_eb,0.05,20,10,3,0.06840902715721894
neural_eb,neural_bidir_seed2_eb,0.05,20,10,3,0.06752805780089452
neural_eb,neural_bidir_seed3_eb,0.05,20,10,3,0.06762325629998533
neural_eb,neural_bidir_seed4_eb,0.05,20,10,3,0.06737069099443668
summary_ridge_eb,none,0.05,36,10,3,0.05662896881768478
neural_eb,neural_bidir_seed0_eb,0.05,36,10,3,0.05656109564896626
neural_eb,neural_bidir_seed1_eb,0.05,36,10,3,0.05712853500437079
neural_eb,neural_bidir_seed2_eb,0.05,36,10,3,0.05657350728375404
neural_eb,neural_bidir_seed3_eb,0.05,36,10,3,0.05666693857395595
neural_eb,neural_bidir_seed4_eb,0.05,36,10,3,0.05647616914419608
summary_ridge_prior,none,0.05,0,10,4,0.09370139061278228
neural_prior,neural_bidir_seed0_prior,0.05,0,10,4,0.08822557634448458
neural_prior,neural_bidir_seed1_prior,0.05,0,10,4,0.09047416692010302
neural_prior,neural_bidir_seed2_prior,0.05,0,10,4,0.08846674125197751
neural_prior,neural_bidir_seed3_prior,0.05,0,10,4,0.08867266923516581
neural_prior,neural_bidir_seed4_prior,0.05,0,10,4,0.08799448989338998
dfe,none,0.05,32,10,4,0.07271069076988271
dfe,none,0.05,48,10,4,0.06010047573228668
summary_ridge_eb,none,0.05,20,10,4,0.0682101697931441
neural_eb,neural_bidir_seed0_eb,0.05,20,10,4,0.06736878648187732
neural_eb,neural_bidir_seed1_eb,0.05,20,10,4,0.06808194932525113
neural_eb,neural_bidir_seed2_eb,0.05,20,10,4,0.06753036156611573
neural_eb,neural_bidir_seed3_eb,0.05,20,10,4,0.06779264661755582
neural_eb,neural_bidir_seed4_eb,0.05,20,10,4,0.06731862813306691
summary_ridge_eb,none,0.05,36,10,4,0.05597981779893865
neural_eb,neural_bidir_seed0_eb,0.05,36,10,4,0.055448198539771364
neural_eb,neural_bidir_seed1_eb,0.05,36,10,4,0.05580252868650615
neural_eb,neural_bidir_seed2_eb,0.05,36,10,4,0.05552614574967121
neural_eb,neural_bidir_seed3_eb,0.05,36,10,4,0.05572932257407889
neural_eb,neural_bidir_seed4_eb,0.05,36,10,4,0.05539974025852357
summary_ridge_prior,none,0.05,0,11,0,0.09274939416218864
neural_prior,neural_bidir_seed0_prior,0.05,0,11,0,0.08816067784755433
neural_prior,neural_bidir_seed1_prior,0.05,0,11,0,0.09096720813067805
neural_prior,neural_bidir_seed2_prior,0.05,0,11,0,0.08848137663699163
neural_prior,neural_bidir_seed3_prior,0.05,0,11,0,0.08836518002317462
neural_prior,neural_bidir_seed4_prior,0.05,0,11,0,0.08763408128834271
dfe,none,0.05,32,11,0,0.07367449050151562
dfe,none,0.05,48,11,0,0.05871739637735084
summary_ridge_eb,none,0.05,20,11,0,0.06803913207773762
neural_eb,neural_bidir_seed0_eb,0.05,20,11,0,0.06627551292464604
neural_eb,neural_bidir_seed1_eb,0.05,20,11,0,0.06731412909620245
neural_eb,neural_bidir_seed2_eb,0.05,20,11,0,0.06644328308943183
neural_eb,neural_bidir_seed3_eb,0.05,20,11,0,0.06627994206755912
neural_eb,neural_bidir_seed4_eb,0.05,20,11,0,0.06603240653999476
summary_ridge_eb,none,0.05,36,11,0,0.05719329026424852
neural_eb,neural_bidir_seed0_eb,0.05,36,11,0,0.05623325663109072
neural_eb,neural_bidir_seed1_eb,0.05,36,11,0,0.056791423793869235
neural_eb,neural_bidir_seed2_eb,0.05,36,11,0,0.05627034189233295
neural_eb,neural_bidir_seed3_eb,0.05,36,11,0,0.05623103195257904
neural_eb,neural_bidir_seed4_eb,0.05,36,11,0,0.056072426018999685
summary_ridge_prior,none,0.05,0,11,1,0.09403544803984308
neural_prior,neural_bidir_seed0_prior,0.05,0,11,1,0.08820467991426995
neural_prior,neural_bidir_seed1_prior,0.05,0,11,1,0.09107359695008199
neural_prior,neural_bidir_seed2_prior,0.05,0,11,1,0.08849260403621884
neural_prior,neural_bidir_seed3_prior,0.05,0,11,1,0.08839944738247141
neural_prior,neural_bidir_seed4_prior,0.05,0,11,1,0.0877053303320281
dfe,none,0.05,32,11,1,0.07133618901732715
dfe,none,0.05,48,11,1,0.0604397254022236
summary_ridge_eb,none,0.05,20,11,1,0.06907734434574134
neural_eb,neural_bidir_seed0_eb,0.05,20,11,1,0.06857426608981086
neural_eb,neural_bidir_seed1_eb,0.05,20,11,1,0.06968378558725603
neural_eb,neural_bidir_seed2_eb,0.05,20,11,1,0.0687093878289142
neural_eb,neural_bidir_seed3_eb,0.05,20,11,1,0.06852857865344308
neural_eb,neural_bidir_seed4_eb,0.05,20,11,1,0.06829250786667039
summary_ridge_eb,none,0.05,36,11,1,0.05685411962821427
neural_eb,neural_bidir_seed0_eb,0.05,36,11,1,0.05660568709781061
neural_eb,neural_bidir_seed1_eb,0.05,36,11,1,0.057244864713264974
neural_eb,neural_bidir_seed2_eb,0.05,36,11,1,0.056704706232203056
neural_eb,neural_bidir_seed3_eb,0.05,36,11,1,0.05660249574728027
neural_eb,neural_bidir_seed4_eb,0.05,36,11,1,0.05645751486687219
summary_ridge_prior,none,0.05,0,11,2,0.09706013329072363
neural_prior,neural_bidir_seed0_prior,0.05,0,11,2,0.09174002235340595
neural_prior,neural_bidir_seed1_prior,0.05,0,11,2,0.094839902003514
neural_prior,neural_bidir_seed2_prior,0.05,0,11,2,0.09217010515385482
neural_prior,neural_bidir_seed3_prior,0.05,0,11,2,0.09203028616866504
neural_prior,neural_bidir_seed4_prior,0.05,0,11,2,0.09087715342866431
dfe,none,0.05,32,11,2,0.0724105073426876
dfe,none,0.05,48,11,2,0.05935029323498181
summary_ridge_eb,none,0.05,20,11,2,0.06962915378878339
neural_eb,neural_bidir_seed0_eb,0.05,20,11,2,0.06729456546237791
neural_eb,neural_bidir_seed1_eb,0.05,20,11,2,0.06818946673902945
neural_eb,neural_bidir_seed2_eb,0.05,20,11,2,0.0675086119422815
neural_eb,neural_bidir_seed3_eb,0.05,20,11,2,0.0674708704108839
neural_eb,neural_bidir_seed4_eb,0.05,20,11,2,0.06694767949341589
summary_ridge_eb,none,0.05,36,11,2,0.05753203971660614
neural_eb,neural_bidir_seed0_eb,0.05,36,11,2,0.056308396153886026
neural_eb,neural_bidir_seed1_eb,0.05,36,11,2,0.05686231804198845
neural_eb,neural_bidir_seed2_eb,0.05,36,11,2,0.05640531309733736
neural_eb,neural_bidir_seed3_eb,0.05,36,11,2,0.056369018142528385
neural_eb,neural_bidir_seed4_eb,0.05,36,11,2,0.05615078567861978
summary_ridge_prior,none,0.05,0,11,3,0.09473704670945338
neural_prior,neural_bidir_seed0_prior,0.05,0,11,3,0.09032257323087833
neural_prior,neural_bidir_seed1_prior,0.05,0,11,3,0.09312233731725428
neural_prior,neural_bidir_seed2_prior,0.05,0,11,3,0.09069612241546565
neural_prior,neural_bidir_seed3_prior,0.05,0,11,3,0.09056365833930613
neural_prior,neural_bidir_seed4_prior,0.05,0,11,3,0.08979087522129703
dfe,none,0.05,32,11,3,0.0736021346155111
dfe,none,0.05,48,11,3,0.05952401222728238
summary_ridge_eb,none,0.05,20,11,3,0.0689408881641087
neural_eb,neural_bidir_seed0_eb,0.05,20,11,3,0.06761292714425149
neural_eb,neural_bidir_seed1_eb,0.05,20,11,3,0.06854361541482103
neural_eb,neural_bidir_seed2_eb,0.05,20,11,3,0.06768176250428058
neural_eb,neural_bidir_seed3_eb,0.05,20,11,3,0.06767698421573984
neural_eb,neural_bidir_seed4_eb,0.05,20,11,3,0.06748051017209036
summary_ridge_eb,none,0.05,36,11,3,0.056969498727230714
neural_eb,neural_bidir_seed0_eb,0.05,36,11,3,0.056892681040891
neural_eb,neural_bidir_seed1_eb,0.05,36,11,3,0.057416574394217476
neural_eb,neural_bidir_seed2_eb,0.05,36,11,3,0.05692218613630529
neural_eb,neural_bidir_seed3_eb,0.05,36,11,3,0.05694871588296262
neural_eb,neural_bidir_seed4_eb,0.05,36,11,3,0.056896126397590605
summary_ridge_prior,none,0.05,0,11,4,0.0992969244441479
neural_prior,neural_bidir_seed0_prior,0.05,0,11,4,0.09057746818689338
neural_prior,neural_bidir_seed1_prior,0.05,0,11,4,0.09339436368281895
neural_prior,neural_bidir_seed2_prior,0.05,0,11,4,0.09066734125917719
neural_prior,neural_bidir_seed3_prior,0.05,0,11,4,0.09066009007619868
neural_prior,neural_bidir_seed4_prior,0.05,0,11,4,0.08989125459447678
dfe,none,0.05,32,11,4,0.07154829065156162
dfe,none,0.05,48,11,4,0.05871253229701391
summary_ridge_eb,none,0.05,20,11,4,0.06814463884668309
neural_eb,neural_bidir_seed0_eb,0.05,20,11,4,0.06471622681246324
neural_eb,neural_bidir_seed1_eb,0.05,20,11,4,0.06561329540441663
neural_eb,neural_bidir_seed2_eb,0.05,20,11,4,0.06472700566850353
neural_eb,neural_bidir_seed3_eb,0.05,20,11,4,0.06484384904832982
neural_eb,neural_bidir_seed4_eb,0.05,20,11,4,0.06460252995341133
summary_ridge_eb,none,0.05,36,11,4,0.05577207764113254
neural_eb,neural_bidir_seed0_eb,0.05,36,11,4,0.05445466861158006
neural_eb,neural_bidir_seed1_eb,0.05,36,11,4,0.055009089261506584
neural_eb,neural_bidir_seed2_eb,0.05,36,11,4,0.0544853508324771
neural_eb,neural_bidir_seed3_eb,0.05,36,11,4,0.054523928462590916
neural_eb,neural_bidir_seed4_eb,0.05,36,11,4,0.05438028676711585
summary_ridge_prior,none,0.05,0,12,0,0.09461516676448334
neural_prior,neural_bidir_seed0_prior,0.05,0,12,0,0.08720863226881193
neural_prior,neural_bidir_seed1_prior,0.05,0,12,0,0.08952223643245816
neural_prior,neural_bidir_seed2_prior,0.05,0,12,0,0.08730785433544952
neural_prior,neural_bidir_seed3_prior,0.05,0,12,0,0.08783572332868061
neural_prior,neural_bidir_seed4_prior,0.05,0,12,0,0.0868022333652334
dfe,none,0.05,32,12,0,0.0713415867836981
dfe,none,0.05,48,12,0,0.05877274696690114
summary_ridge_eb,none,0.05,20,12,0,0.0695127833192015
neural_eb,neural_bidir_seed0_eb,0.05,20,12,0,0.06613414932953839
neural_eb,neural_bidir_seed1_eb,0.05,20,12,0,0.0669389473587047
neural_eb,neural_bidir_seed2_eb,0.05,20,12,0,0.06608854087408862
neural_eb,neural_bidir_seed3_eb,0.05,20,12,0,0.06621946134003717
neural_eb,neural_bidir_seed4_eb,0.05,20,12,0,0.0659581316822078
summary_ridge_eb,none,0.05,36,12,0,0.05879844021261514
neural_eb,neural_bidir_seed0_eb,0.05,36,12,0,0.056306507588800236
neural_eb,neural_bidir_seed1_eb,0.05,36,12,0,0.05679420350804199
neural_eb,neural_bidir_seed2_eb,0.05,36,12,0,0.05626555070180066
neural_eb,neural_bidir_seed3_eb,0.05,36,12,0,0.05631939452987614
neural_eb,neural_bidir_seed4_eb,0.05,36,12,0,0.056172513437630876
summary_ridge_prior,none,0.05,0,12,1,0.09879818411233288
neural_prior,neural_bidir_seed0_prior,0.05,0,12,1,0.08852838019629417
neural_prior,neural_bidir_seed1_prior,0.05,0,12,1,0.09075832953203644
neural_prior,neural_bidir_seed2_prior,0.05,0,12,1,0.08849951737465744
neural_prior,neural_bidir_seed3_prior,0.05,0,12,1,0.08897883126155648
neural_prior,neural_bidir_seed4_prior,0.05,0,12,1,0.0880539076297282
dfe,none,0.05,32,12,1,0.07325005156963016
dfe,none,0.05,48,12,1,0.05903536358406806
summary_ridge_eb,none,0.05,20,12,1,0.0674029599970371
neural_eb,neural_bidir_seed0_eb,0.05,20,12,1,0.06498076814459523
neural_eb,neural_bidir_seed1_eb,0.05,20,12,1,0.06570385879472665
neural_eb,neural_bidir_seed2_eb,0.05,20,12,1,0.06485535166584677
neural_eb,neural_bidir_seed3_eb,0.05,20,12,1,0.0649134890776518
neural_eb,neural_bidir_seed4_eb,0.05,20,12,1,0.06473385173335452
summary_ridge_eb,none,0.05,36,12,1,0.057422333064125086
neural_eb,neural_bidir_seed0_eb,0.05,36,12,1,0.05587212577494146
neural_eb,neural_bidir_seed1_eb,0.05,36,12,1,0.05628021331280755
neural_eb,neural_bidir_seed2_eb,0.05,36,12,1,0.05576689521048378
neural_eb,neural_bidir_seed3_eb,0.05,36,12,1,0.055878324094480666
neural_eb,neural_bidir_seed4_eb,0.05,36,12,1,0.05569363131947365
summary_ridge_prior,none,0.05,0,12,2,0.09898370048985933
neural_prior,neural_bidir_seed0_prior,0.05,0,12,2,0.08692605392388941
neural_prior,neural_bidir_seed1_prior,0.05,0,12,2,0.0889855196710414
neural_prior,neural_bidir_seed2_prior,0.05,0,12,2,0.08708729574391327
neural_prior,neural_bidir_seed3_prior,0.05,0,12,2,0.08723557098528545
neural_prior,neural_bidir_seed4_prior,0.05,0,12,2,0.0867192855275789
dfe,none,0.05,32,12,2,0.07337668599615832
dfe,none,0.05,48,12,2,0.058993727666583486
summary_ridge_eb,none,0.05,20,12,2,0.06923618513384262
neural_eb,neural_bidir_seed0_eb,0.05,20,12,2,0.0666967067672678
neural_eb,neural_bidir_seed1_eb,0.05,20,12,2,0.06745623543601374
neural_eb,neural_bidir_seed2_eb,0.05,20,12,2,0.06658522400313505
neural_eb,neural_bidir_seed3_eb,0.05,20,12,2,0.06668493162821088
neural_eb,neural_bidir_seed4_eb,0.05,20,12,2,0.06649542257706259
summary_ridge_eb,none,0.05,36,12,2,0.057892175873262945
neural_eb,neural_bidir_seed0_eb,0.05,36,12,2,0.05635057885871003
neural_eb,neural_bidir_seed1_eb,0.05,36,12,2,0.05694085053546516
neural_eb,neural_bidir_seed2_eb,0.05,36,12,2,0.05634673298133645
neural_eb,neural_bidir_seed3_eb,0.05,36,12,2,0.05635161757158419
neural_eb,neural_bidir_seed4_eb,0.05,36,12,2,0.05632259193941162
summary_ridge_prior,none,0.05,0,12,3,0.09793301866734587
neural_prior,neural_bidir_seed0_prior,0.05,0,12,3,0.08788745988385926
neural_prior,neural_bidir_seed1_prior,0.05,0,12,3,0.09003392223712581
neural_prior,neural_bidir_seed2_prior,0.05,0,12,3,0.08792874556638708
neural_prior,neural_bidir_seed3_prior,0.05,0,12,3,0.08840289010367997
neural_prior,neural_bidir_seed4_prior,0.05,0,12,3,0.08753214141142962
dfe,none,0.05,32,12,3,0.07140899818134333
dfe,none,0.05,48,12,3,0.06006251092656856
summary_ridge_eb,none,0.05,20,12,3,0.06957131837905146
neural_eb,neural_bidir_seed0_eb,0.05,20,12,3,0.06635689009189946
neural_eb,neural_bidir_seed1_eb,0.05,20,12,3,0.06710537041337239
neural_eb,neural_bidir_seed2_eb,0.05,20,12,3,0.06626515755960416
neural_eb,neural_bidir_seed3_eb,0.05,20,12,3,0.0663211745374895
neural_eb,neural_bidir_seed4_eb,0.05,20,12,3,0.06617855509234322
summary_ridge_eb,none,0.05,36,12,3,0.05737893555980532
neural_eb,neural_bidir_seed0_eb,0.05,36,12,3,0.05539706265639081
neural_eb,neural_bidir_seed1_eb,0.05,36,12,3,0.05583117612205979
neural_eb,neural_bidir_seed2_eb,0.05,36,12,3,0.055330172791986085
neural_eb,neural_bidir_seed3_eb,0.05,36,12,3,0.0554020621477661
neural_eb,neural_bidir_seed4_eb,0.05,36,12,3,0.05528420481661189
summary_ridge_prior,none,0.05,0,12,4,0.09743759655190294
neural_prior,neural_bidir_seed0_prior,0.05,0,12,4,0.08928729250146716
neural_prior,neural_bidir_seed1_prior,0.05,0,12,4,0.09146895870253502
neural_prior,neural_bidir_seed2_prior,0.05,0,12,4,0.08928576643484121
neural_prior,neural_bidir_seed3_prior,0.05,0,12,4,0.08983433501089166
neural_prior,neural_bidir_seed4_prior,0.05,0,12,4,0.08890457670167962
dfe,none,0.05,32,12,4,0.07266351177370073
dfe,none,0.05,48,12,4,0.05958718126694967
summary_ridge_eb,none,0.05,20,12,4,0.06817503418648208
neural_eb,neural_bidir_seed0_eb,0.05,20,12,4,0.06581697279956075
neural_eb,neural_bidir_seed1_eb,0.05,20,12,4,0.0665046140917458
neural_eb,neural_bidir_seed2_eb,0.05,20,12,4,0.06576634552311286
neural_eb,neural_bidir_seed3_eb,0.05,20,12,4,0.0659509680575793
neural_eb,neural_bidir_seed4_eb,0.05,20,12,4,0.06567395132755838
summary_ridge_eb,none,0.05,36,12,4,0.056466966672455654
neural_eb,neural_bidir_seed0_eb,0.05,36,12,4,0.05482817968651786
neural_eb,neural_bidir_seed1_eb,0.05,36,12,4,0.05519816936932823
neural_eb,neural_bidir_seed2_eb,0.05,36,12,4,0.05482138942645629
neural_eb,neural_bidir_seed3_eb,0.05,36,12,4,0.05491312975666392
neural_eb,neural_bidir_seed4_eb,0.05,36,12,4,0.05475834318441393
summary_ridge_prior,none,0.05,0,13,0,0.1000441245840179
neural_prior,neural_bidir_seed0_prior,0.05,0,13,0,0.0882592129837576
neural_prior,neural_bidir_seed1_prior,0.05,0,13,0,0.09042275749925466
neural_prior,neural_bidir_seed2_prior,0.05,0,13,0,0.08834922280766477
neural_prior,neural_bidir_seed3_prior,0.05,0,13,0,0.08874090699646331
neural_prior,neural_bidir_seed4_prior,0.05,0,13,0,0.08785351878577785
dfe,none,0.05,32,13,0,0.07357250532671362
dfe,none,0.05,48,13,0,0.05915537167338361
summary_ridge_eb,none,0.05,20,13,0,0.06908001680743572
neural_eb,neural_bidir_seed0_eb,0.05,20,13,0,0.06670414560410137
neural_eb,neural_bidir_seed1_eb,0.05,20,13,0,0.06762243121857064
neural_eb,neural_bidir_seed2_eb,0.05,20,13,0,0.0668142629322551
neural_eb,neural_bidir_seed3_eb,0.05,20,13,0,0.06683525820260731
neural_eb,neural_bidir_seed4_eb,0.05,20,13,0,0.06669543167527153
summary_ridge_eb,none,0.05,36,13,0,0.055828794505506624
neural_eb,neural_bidir_seed0_eb,0.05,36,13,0,0.05543315097149899
neural_eb,neural_bidir_seed1_eb,0.05,36,13,0,0.05585161701178993
neural_eb,neural_bidir_seed2_eb,0.05,36,13,0,0.05555780726432252
neural_eb,neural_bidir_seed3_eb,0.05,36,13,0,0.055586888245076314
neural_eb,neural_bidir_seed4_eb,0.05,36,13,0,0.0555164984894712
summary_ridge_prior,none,0.05,0,13,1,0.10177518643020567
neural_prior,neural_bidir_seed0_prior,0.05,0,13,1,0.08734489733433293
neural_prior,neural_bidir_seed1_prior,0.05,0,13,1,0.0895031572017615
neural_prior,neural_bidir_seed2_prior,0.05,0,13,1,0.08744104405013786
neural_prior,neural_bidir_seed3_prior,0.05,0,13,1,0.08773042367647577
neural_prior,neural_bidir_seed4_prior,0.05,0,13,1,0.08702994000304898
dfe,none,0.05,32,13,1,0.07289740616842108
dfe,none,0.05,48,13,1,0.05823968724292138
summary_ridge_eb,none,0.05,20,13,1,0.07001989635305961
neural_eb,neural_bidir_seed0_eb,0.05,20,13,1,0.0661045436543886
neural_eb,neural_bidir_seed1_eb,0.05,20,13,1,0.06695454916653962
neural_eb,neural_bidir_seed2_eb,0.05,20,13,1,0.06617479726208135
neural_eb,neural_bidir_seed3_eb,0.05,20,13,1,0.06629460299913727
neural_eb,neural_bidir_seed4_eb,0.05,20,13,1,0.06598296444591314
summary_ridge_eb,none,0.05,36,13,1,0.05650281601767468
neural_eb,neural_bidir_seed0_eb,0.05,36,13,1,0.05462783600283372
neural_eb,neural_bidir_seed1_eb,0.05,36,13,1,0.05515472215614852
neural_eb,neural_bidir_seed2_eb,0.05,36,13,1,0.05474692525505946
neural_eb,neural_bidir_seed3_eb,0.05,36,13,1,0.0548961290697701
neural_eb,neural_bidir_seed4_eb,0.05,36,13,1,0.054627960179979146
summary_ridge_prior,none,0.05,0,13,2,0.10133148755884433
neural_prior,neural_bidir_seed0_prior,0.05,0,13,2,0.08907309051392076
neural_prior,neural_bidir_seed1_prior,0.05,0,13,2,0.09127985684426676
neural_prior,neural_bidir_seed2_prior,0.05,0,13,2,0.08898332949866017
neural_prior,neural_bidir_seed3_prior,0.05,0,13,2,0.08927534786744218
neural_prior,neural_bidir_seed4_prior,0.05,0,13,2,0.08859909155398782
dfe,none,0.05,32,13,2,0.0701234033167566
dfe,none,0.05,48,13,2,0.06048163797149081
summary_ridge_eb,none,0.05,20,13,2,0.0700021248194442
neural_eb,neural_bidir_seed0_eb,0.05,20,13,2,0.06708105595766534
neural_eb,neural_bidir_seed1_eb,0.05,20,13,2,0.06799073055070223
neural_eb,neural_bidir_seed2_eb,0.05,20,13,2,0.06709084916013384
neural_eb,neural_bidir_seed3_eb,0.05,20,13,2,0.06714620637476856
neural_eb,neural_bidir_seed4_eb,0.05,20,13,2,0.06694329177596944
summary_ridge_eb,none,0.05,36,13,2,0.057230254327793516
neural_eb,neural_bidir_seed0_eb,0.05,36,13,2,0.055647251789372784
neural_eb,neural_bidir_seed1_eb,0.05,36,13,2,0.05615727052894465
neural_eb,neural_bidir_seed2_eb,0.05,36,13,2,0.05563578361819613
neural_eb,neural_bidir_seed3_eb,0.05,36,13,2,0.055711274947378396
neural_eb,neural_bidir_seed4_eb,0.05,36,13,2,0.05550353822098991
summary_ridge_prior,none,0.05,0,13,3,0.10512250069412278
neural_prior,neural_bidir_seed0_prior,0.05,0,13,3,0.08913577203020395
neural_prior,neural_bidir_seed1_prior,0.05,0,13,3,0.09130716218169255
neural_prior,neural_bidir_seed2_prior,0.05,0,13,3,0.08919426908505557
neural_prior,neural_bidir_seed3_prior,0.05,0,13,3,0.0895143034413195
neural_prior,neural_bidir_seed4_prior,0.05,0,13,3,0.0886678636798024
dfe,none,0.05,32,13,3,0.07326867329619643
dfe,none,0.05,48,13,3,0.059433795364990744
summary_ridge_eb,none,0.05,20,13,3,0.07105259388582975
neural_eb,neural_bidir_seed0_eb,0.05,20,13,3,0.0658126949458886
neural_eb,neural_bidir_seed1_eb,0.05,20,13,3,0.06657058160227716
neural_eb,neural_bidir_seed2_eb,0.05,20,13,3,0.06583897738206093
neural_eb,neural_bidir_seed3_eb,0.05,20,13,3,0.06594842379392751
neural_eb,neural_bidir_seed4_eb,0.05,20,13,3,0.06560474565081337
summary_ridge_eb,none,0.05,36,13,3,0.05812911791202678
neural_eb,neural_bidir_seed0_eb,0.05,36,13,3,0.055575047525735805
neural_eb,neural_bidir_seed1_eb,0.05,36,13,3,0.056012579459027476
neural_eb,neural_bidir_seed2_eb,0.05,36,13,3,0.05560372854998287
neural_eb,neural_bidir_seed3_eb,0.05,36,13,3,0.05570434248723392
neural_eb,neural_bidir_seed4_eb,0.05,36,13,3,0.055542387236400606
summary_ridge_prior,none,0.05,0,13,4,0.09794167549790403
neural_prior,neural_bidir_seed0_prior,0.05,0,13,4,0.08673145730972465
neural_prior,neural_bidir_seed1_prior,0.05,0,13,4,0.08889696151709359
neural_prior,neural_bidir_seed2_prior,0.05,0,13,4,0.08682185450561519
neural_prior,neural_bidir_seed3_prior,0.05,0,13,4,0.08709543908298656
neural_prior,neural_bidir_seed4_prior,0.05,0,13,4,0.08639782168575039
dfe,none,0.05,32,13,4,0.07318358572532209
dfe,none,0.05,48,13,4,0.06055634621777614
summary_ridge_eb,none,0.05,20,13,4,0.06808622581343332
neural_eb,neural_bidir_seed0_eb,0.05,20,13,4,0.06579700636583471
neural_eb,neural_bidir_seed1_eb,0.05,20,13,4,0.06657870933347505
neural_eb,neural_bidir_seed2_eb,0.05,20,13,4,0.0657380933836322
neural_eb,neural_bidir_seed3_eb,0.05,20,13,4,0.06592374834396743
neural_eb,neural_bidir_seed4_eb,0.05,20,13,4,0.06569638947979889
summary_ridge_eb,none,0.05,36,13,4,0.05717379229616057
neural_eb,neural_bidir_seed0_eb,0.05,36,13,4,0.05585814259755702
neural_eb,neural_bidir_seed1_eb,0.05,36,13,4,0.05635588471009905
neural_eb,neural_bidir_seed2_eb,0.05,36,13,4,0.05582785246134114
neural_eb,neural_bidir_seed3_eb,0.05,36,13,4,0.05589290887207349
neural_eb,neural_bidir_seed4_eb,0.05,36,13,4,0.05579291423505198
summary_ridge_prior,none,0.05,0,14,0,0.10164159607896281
neural_prior,neural_bidir_seed0_prior,0.05,0,14,0,0.08793030958440795
neural_prior,neural_bidir_seed1_prior,0.05,0,14,0,0.09056098768451193
neural_prior,neural_bidir_seed2_prior,0.05,0,14,0,0.08821564281788596
neural_prior,neural_bidir_seed3_prior,0.05,0,14,0,0.08867986405493866
neural_prior,neural_bidir_seed4_prior,0.05,0,14,0,0.08794427617795009
dfe,none,0.05,32,14,0,0.07326926715621893
dfe,none,0.05,48,14,0,0.05906639680722071
summary_ridge_eb,none,0.05,20,14,0,0.06845037595390212
neural_eb,neural_bidir_seed0_eb,0.05,20,14,0,0.06473853244767791
neural_eb,neural_bidir_seed1_eb,0.05,20,14,0,0.06559431500265933
neural_eb,neural_bidir_seed2_eb,0.05,20,14,0,0.06475804489047284
neural_eb,neural_bidir_seed3_eb,0.05,20,14,0,0.06486852072904198
neural_eb,neural_bidir_seed4_eb,0.05,20,14,0,0.06462468603201835
summary_ridge_eb,none,0.05,36,14,0,0.0565531903581137
neural_eb,neural_bidir_seed0_eb,0.05,36,14,0,0.05454913255219436
neural_eb,neural_bidir_seed1_eb,0.05,36,14,0,0.055219585421831446
neural_eb,neural_bidir_seed2_eb,0.05,36,14,0,0.0545887645854546
neural_eb,neural_bidir_seed3_eb,0.05,36,14,0,0.05459966344215275
neural_eb,neural_bidir_seed4_eb,0.05,36,14,0,0.054531230466835744
summary_ridge_prior,none,0.05,0,14,1,0.10221500889856355
neural_prior,neural_bidir_seed0_prior,0.05,0,14,1,0.08697657465199882
neural_prior,neural_bidir_seed1_prior,0.05,0,14,1,0.08903611295136216
neural_prior,neural_bidir_seed2_prior,0.05,0,14,1,0.087104451855339
neural_prior,neural_bidir_seed3_prior,0.05,0,14,1,0.0874193380568613
neural_prior,neural_bidir_seed4_prior,0.05,0,14,1,0.08668903298348596
dfe,none,0.05,32,14,1,0.07244049714123926
dfe,none,0.05,48,14,1,0.06061533038808664
summary_ridge_eb,none,0.05,20,14,1,0.07018191709404631
neural_eb,neural_bidir_seed0_eb,0.05,20,14,1,0.06629754403101493
neural_eb,neural_bidir_seed1_eb,0.05,20,14,1,0.06700317739887734
neural_eb,neural_bidir_seed2_eb,0.05,20,14,1,0.06622701095888756
neural_eb,neural_bidir_seed3_eb,0.05,20,14,1,0.06630653487510817
neural_eb,neural_bidir_seed4_eb,0.05,20,14,1,0.06598281503838674
summary_ridge_eb,none,0.05,36,14,1,0.0578617668949744
neural_eb,neural_bidir_seed0_eb,0.05,36,14,1,0.05620821922217452
neural_eb,neural_bidir_seed1_eb,0.05,36,14,1,0.0564867972802222
neural_eb,neural_bidir_seed2_eb,0.05,36,14,1,0.05604083971148765
neural_eb,neural_bidir_seed3_eb,0.05,36,14,1,0.05601140607336175
neural_eb,neural_bidir_seed4_eb,0.05,36,14,1,0.05579874742736541
summary_ridge_prior,none,0.05,0,14,2,0.10190206303045012
neural_prior,neural_bidir_seed0_prior,0.05,0,14,2,0.0874646300344466
neural_prior,neural_bidir_seed1_prior,0.05,0,14,2,0.0900262512932386
neural_prior,neural_bidir_seed2_prior,0.05,0,14,2,0.08774425559931842
neural_prior,neural_bidir_seed3_prior,0.05,0,14,2,0.08832431564042054
neural_prior,neural_bidir_seed4_prior,0.05,0,14,2,0.08743747451626405
dfe,none,0.05,32,14,2,0.07205708379014039
dfe,none,0.05,48,14,2,0.0592926581916631
summary_ridge_eb,none,0.05,20,14,2,0.06963539423324405
neural_eb,neural_bidir_seed0_eb,0.05,20,14,2,0.06550822804190816
neural_eb,neural_bidir_seed1_eb,0.05,20,14,2,0.0664712639926355
neural_eb,neural_bidir_seed2_eb,0.05,20,14,2,0.06562692696112354
neural_eb,neural_bidir_seed3_eb,0.05,20,14,2,0.06574292892484794
neural_eb,neural_bidir_seed4_eb,0.05,20,14,2,0.06553134242274136
summary_ridge_eb,none,0.05,36,14,2,0.05653511107300897
neural_eb,neural_bidir_seed0_eb,0.05,36,14,2,0.05533171446158556
neural_eb,neural_bidir_seed1_eb,0.05,36,14,2,0.055882418404070024
neural_eb,neural_bidir_seed2_eb,0.05,36,14,2,0.055366746896709104
neural_eb,neural_bidir_seed3_eb,0.05,36,14,2,0.055425178271982185
neural_eb,neural_bidir_seed4_eb,0.05,36,14,2,0.055286316844807636
summary_ridge_prior,none,0.05,0,14,3,0.10743195772415373
neural_prior,neural_bidir_seed0_prior,0.05,0,14,3,0.08906339113491413
neural_prior,neural_bidir_seed1_prior,0.05,0,14,3,0.09117539682665665
neural_prior,neural_bidir_seed2_prior,0.05,0,14,3,0.08925344170893368
neural_prior,neural_bidir_seed3_prior,0.05,0,14,3,0.0897322620057821
neural_prior,neural_bidir_seed4_prior,0.05,0,14,3,0.08889321527567517
dfe,none,0.05,32,14,3,0.07174900502852526
dfe,none,0.05,48,14,3,0.06024340233307157
summary_ridge_eb,none,0.05,20,14,3,0.07274672850882982
neural_eb,neural_bidir_seed0_eb,0.05,20,14,3,0.06811582949890678
neural_eb,neural_bidir_seed1_eb,0.05,20,14,3,0.06876748488284543
neural_eb,neural_bidir_seed2_eb,0.05,20,14,3,0.06807237613496864
neural_eb,neural_bidir_seed3_eb,0.05,20,14,3,0.06816933397375417
neural_eb,neural_bidir_seed4_eb,0.05,20,14,3,0.06773633027905421
summary_ridge_eb,none,0.05,36,14,3,0.059949338869163926
neural_eb,neural_bidir_seed0_eb,0.05,36,14,3,0.05861740076867157
neural_eb,neural_bidir_seed1_eb,0.05,36,14,3,0.058902053249919775
neural_eb,neural_bidir_seed2_eb,0.05,36,14,3,0.058541598544994425
neural_eb,neural_bidir_seed3_eb,0.05,36,14,3,0.058579413992860464
neural_eb,neural_bidir_seed4_eb,0.05,36,14,3,0.05815995335635876
summary_ridge_prior,none,0.05,0,14,4,0.10428997390656324
neural_prior,neural_bidir_seed0_prior,0.05,0,14,4,0.08930244891053007
neural_prior,neural_bidir_seed1_prior,0.05,0,14,4,0.09160810000139463
neural_prior,neural_bidir_seed2_prior,0.05,0,14,4,0.08944741890263685
neural_prior,neural_bidir_seed3_prior,0.05,0,14,4,0.08978324172312568
neural_prior,neural_bidir_seed4_prior,0.05,0,14,4,0.08922993889245845
dfe,none,0.05,32,14,4,0.07308479667537743
dfe,none,0.05,48,14,4,0.059648349664779804
summary_ridge_eb,none,0.05,20,14,4,0.06974067118395659
neural_eb,neural_bidir_seed0_eb,0.05,20,14,4,0.06491029380592431
neural_eb,neural_bidir_seed1_eb,0.05,20,14,4,0.06579004583425252
neural_eb,neural_bidir_seed2_eb,0.05,20,14,4,0.06496547803053758
neural_eb,neural_bidir_seed3_eb,0.05,20,14,4,0.06506023192320355
neural_eb,neural_bidir_seed4_eb,0.05,20,14,4,0.06485773456015623
summary_ridge_eb,none,0.05,36,14,4,0.05809012863258603
neural_eb,neural_bidir_seed0_eb,0.05,36,14,4,0.055285924221111046
neural_eb,neural_bidir_seed1_eb,0.05,36,14,4,0.05578067843397931
neural_eb,neural_bidir_seed2_eb,0.05,36,14,4,0.05526950703515767
neural_eb,neural_bidir_seed3_eb,0.05,36,14,4,0.05530423402868073
neural_eb,neural_bidir_seed4_eb,0.05,36,14,4,0.0551817409194193
summary_ridge_prior,none,0.05,0,15,0,0.10087429538825074
neural_prior,neural_bidir_seed0_prior,0.05,0,15,0,0.0968663768053375
neural_prior,neural_bidir_seed1_prior,0.05,0,15,0,0.09947875452962762
neural_prior,neural_bidir_seed2_prior,0.05,0,15,0,0.09682409307970374
neural_prior,neural_bidir_seed3_prior,0.05,0,15,0,0.09690355126622308
neural_prior,neural_bidir_seed4_prior,0.05,0,15,0,0.09644032449978113
dfe,none,0.05,32,15,0,0.07350796621418947
dfe,none,0.05,48,15,0,0.05928492672561939
summary_ridge_eb,none,0.05,20,15,0,0.0694099952573454
neural_eb,neural_bidir_seed0_eb,0.05,20,15,0,0.06811453446237234
neural_eb,neural_bidir_seed1_eb,0.05,20,15,0,0.06886710813243725
neural_eb,neural_bidir_seed2_eb,0.05,20,15,0,0.06813030174513893
neural_eb,neural_bidir_seed3_eb,0.05,20,15,0,0.06819952925637499
neural_eb,neural_bidir_seed4_eb,0.05,20,15,0,0.06800926426739909
summary_ridge_eb,none,0.05,36,15,0,0.057343974232526455
neural_eb,neural_bidir_seed0_eb,0.05,36,15,0,0.05644916643683637
neural_eb,neural_bidir_seed1_eb,0.05,36,15,0,0.056960662335355766
neural_eb,neural_bidir_seed2_eb,0.05,36,15,0,0.056484152118486494
neural_eb,neural_bidir_seed3_eb,0.05,36,15,0,0.05650901966293109
neural_eb,neural_bidir_seed4_eb,0.05,36,15,0,0.05636870816350245
summary_ridge_prior,none,0.05,0,15,1,0.10254344224853101
neural_prior,neural_bidir_seed0_prior,0.05,0,15,1,0.09102721354611276
neural_prior,neural_bidir_seed1_prior,0.05,0,15,1,0.09356935600408178
neural_prior,neural_bidir_seed2_prior,0.05,0,15,1,0.09101874711086566
neural_prior,neural_bidir_seed3_prior,0.05,0,15,1,0.09117637581039162
neural_prior,neural_bidir_seed4_prior,0.05,0,15,1,0.09070312560834282
dfe,none,0.05,32,15,1,0.0732053927856921
dfe,none,0.05,48,15,1,0.059798825210910525
summary_ridge_eb,none,0.05,20,15,1,0.06931387853870899
neural_eb,neural_bidir_seed0_eb,0.05,20,15,1,0.06651965841961113
neural_eb,neural_bidir_seed1_eb,0.05,20,15,1,0.0672529500419762
neural_eb,neural_bidir_seed2_eb,0.05,20,15,1,0.06645831440354172
neural_eb,neural_bidir_seed3_eb,0.05,20,15,1,0.06658990334599282
neural_eb,neural_bidir_seed4_eb,0.05,20,15,1,0.06632433605822849
summary_ridge_eb,none,0.05,36,15,1,0.057547210715737485
neural_eb,neural_bidir_seed0_eb,0.05,36,15,1,0.05529882074387158
neural_eb,neural_bidir_seed1_eb,0.05,36,15,1,0.055673251076890876
neural_eb,neural_bidir_seed2_eb,0.05,36,15,1,0.055220063999901106
neural_eb,neural_bidir_seed3_eb,0.05,36,15,1,0.0553655129008111
neural_eb,neural_bidir_seed4_eb,0.05,36,15,1,0.05513752132184724
summary_ridge_prior,none,0.05,0,15,2,0.10245505826406698
neural_prior,neural_bidir_seed0_prior,0.05,0,15,2,0.09874361577203672
neural_prior,neural_bidir_seed1_prior,0.05,0,15,2,0.10144504776508256
neural_prior,neural_bidir_seed2_prior,0.05,0,15,2,0.09873868199611024
neural_prior,neural_bidir_seed3_prior,0.05,0,15,2,0.09875759944225138
neural_prior,neural_bidir_seed4_prior,0.05,0,15,2,0.09851637892097642
dfe,none,0.05,32,15,2,0.07294050220843928
dfe,none,0.05,48,15,2,0.058929603042526174
summary_ridge_eb,none,0.05,20,15,2,0.0697370782737351
neural_eb,neural_bidir_seed0_eb,0.05,20,15,2,0.07013223834017744
neural_eb,neural_bidir_seed1_eb,0.05,20,15,2,0.07094322994630685
neural_eb,neural_bidir_seed2_eb,0.05,20,15,2,0.07008335613648514
neural_eb,neural_bidir_seed3_eb,0.05,20,15,2,0.07002787569159774
neural_eb,neural_bidir_seed4_eb,0.05,20,15,2,0.06998627673721941
summary_ridge_eb,none,0.05,36,15,2,0.05630879825378102
neural_eb,neural_bidir_seed0_eb,0.05,36,15,2,0.056305971487873745
neural_eb,neural_bidir_seed1_eb,0.05,36,15,2,0.056741261687924566
neural_eb,neural_bidir_seed2_eb,0.05,36,15,2,0.056309343978535834
neural_eb,neural_bidir_seed3_eb,0.05,36,15,2,0.0563417721490139
neural_eb,neural_bidir_seed4_eb,0.05,36,15,2,0.056275531917101884
summary_ridge_prior,none,0.05,0,15,3,0.09907003874233944
neural_prior,neural_bidir_seed0_prior,0.05,0,15,3,0.09079241839026508
neural_prior,neural_bidir_seed1_prior,0.05,0,15,3,0.09352264041990566
neural_prior,neural_bidir_seed2_prior,0.05,0,15,3,0.09082178423523146
neural_prior,neural_bidir_seed3_prior,0.05,0,15,3,0.09094567445026769
neural_prior,neural_bidir_seed4_prior,0.05,0,15,3,0.09053295141529816
dfe,none,0.05,32,15,3,0.07241297341634992
dfe,none,0.05,48,15,3,0.059805624441246936
summary_ridge_eb,none,0.05,20,15,3,0.07113149022439103
neural_eb,neural_bidir_seed0_eb,0.05,20,15,3,0.06836420106062398
neural_eb,neural_bidir_seed1_eb,0.05,20,15,3,0.06912292868159939
neural_eb,neural_bidir_seed2_eb,0.05,20,15,3,0.06840171595341786
neural_eb,neural_bidir_seed3_eb,0.05,20,15,3,0.06860410506806254
neural_eb,neural_bidir_seed4_eb,0.05,20,15,3,0.06830654623174817
summary_ridge_eb,none,0.05,36,15,3,0.056952687510438055
neural_eb,neural_bidir_seed0_eb,0.05,36,15,3,0.055935523890554076
neural_eb,neural_bidir_seed1_eb,0.05,36,15,3,0.05648746682893412
neural_eb,neural_bidir_seed2_eb,0.05,36,15,3,0.055988123376385354
neural_eb,neural_bidir_seed3_eb,0.05,36,15,3,0.05608490654143318
neural_eb,neural_bidir_seed4_eb,0.05,36,15,3,0.05591898964180997
summary_ridge_prior,none,0.05,0,15,4,0.10247850999889994
neural_prior,neural_bidir_seed0_prior,0.05,0,15,4,0.09477020653685031
neural_prior,neural_bidir_seed1_prior,0.05,0,15,4,0.09740664484525041
neural_prior,neural_bidir_seed2_prior,0.05,0,15,4,0.0946944001243537
neural_prior,neural_bidir_seed3_prior,0.05,0,15,4,0.09477990254708857
neural_prior,neural_bidir_seed4_prior,0.05,0,15,4,0.09449728150684678
dfe,none,0.05,32,15,4,0.07312774309442224
dfe,none,0.05,48,15,4,0.05902911046568651
summary_ridge_eb,none,0.05,20,15,4,0.0695459952007592
neural_eb,neural_bidir_seed0_eb,0.05,20,15,4,0.0673006700637654
neural_eb,neural_bidir_seed1_eb,0.05,20,15,4,0.06800726114966538
neural_eb,neural_bidir_seed2_eb,0.05,20,15,4,0.06718404317774701
neural_eb,neural_bidir_seed3_eb,0.05,20,15,4,0.0673032241653031
neural_eb,neural_bidir_seed4_eb,0.05,20,15,4,0.06710603272786898
summary_ridge_eb,none,0.05,36,15,4,0.057663288505443874
neural_eb,neural_bidir_seed0_eb,0.05,36,15,4,0.056506816808863686
neural_eb,neural_bidir_seed1_eb,0.05,36,15,4,0.05673432023921876
neural_eb,neural_bidir_seed2_eb,0.05,36,15,4,0.056364796865027544
neural_eb,neural_bidir_seed3_eb,0.05,36,15,4,0.05648411230672331
neural_eb,neural_bidir_seed4_eb,0.05,36,15,4,0.05629206258849513
summary_ridge_prior,none,0.05,0,16,0,0.10659406826707085
neural_prior,neural_bidir_seed0_prior,0.05,0,16,0,0.09413355587275873
neural_prior,neural_bidir_seed1_prior,0.05,0,16,0,0.09640347612548794
neural_prior,neural_bidir_seed2_prior,0.05,0,16,0,0.09419121984501544
neural_prior,neural_bidir_seed3_prior,0.05,0,16,0,0.0945562170654739
neural_prior,neural_bidir_seed4_prior,0.05,0,16,0,0.09354371117478877
dfe,none,0.05,32,16,0,0.07271671788112144
dfe,none,0.05,48,16,0,0.059268381766472616
summary_ridge_eb,none,0.05,20,16,0,0.0696140250621258
neural_eb,neural_bidir_seed0_eb,0.05,20,16,0,0.06641767682246422
neural_eb,neural_bidir_seed1_eb,0.05,20,16,0,0.0671934902708341
neural_eb,neural_bidir_seed2_eb,0.05,20,16,0,0.06643540163130729
neural_eb,neural_bidir_seed3_eb,0.05,20,16,0,0.06659693776803328
neural_eb,neural_bidir_seed4_eb,0.05,20,16,0,0.06630091937353222
summary_ridge_eb,none,0.05,36,16,0,0.05665731277080495
neural_eb,neural_bidir_seed0_eb,0.05,36,16,0,0.0556135684589723
neural_eb,neural_bidir_seed1_eb,0.05,36,16,0,0.05614341148453743
neural_eb,neural_bidir_seed2_eb,0.05,36,16,0,0.05565596076668915
neural_eb,neural_bidir_seed3_eb,0.05,36,16,0,0.055705860640636234
neural_eb,neural_bidir_seed4_eb,0.05,36,16,0,0.055597544507302435
summary_ridge_prior,none,0.05,0,16,1,0.10299209286908845
neural_prior,neural_bidir_seed0_prior,0.05,0,16,1,0.08994954607442196
neural_prior,neural_bidir_seed1_prior,0.05,0,16,1,0.0926739858896326
neural_prior,neural_bidir_seed2_prior,0.05,0,16,1,0.08996291940820811
neural_prior,neural_bidir_seed3_prior,0.05,0,16,1,0.09015612322946254
neural_prior,neural_bidir_seed4_prior,0.05,0,16,1,0.08947282857661776
dfe,none,0.05,32,16,1,0.07272527470680264
dfe,none,0.05,48,16,1,0.05954884985894077
summary_ridge_eb,none,0.05,20,16,1,0.07141895141343133
neural_eb,neural_bidir_seed0_eb,0.05,20,16,1,0.06734367386064335
neural_eb,neural_bidir_seed1_eb,0.05,20,16,1,0.06828978235213021
neural_eb,neural_bidir_seed2_eb,0.05,20,16,1,0.06739023592398874
neural_eb,neural_bidir_seed3_eb,0.05,20,16,1,0.06753731983973407
neural_eb,neural_bidir_seed4_eb,0.05,20,16,1,0.06719736579602253
summary_ridge_eb,none,0.05,36,16,1,0.05778406193716145
neural_eb,neural_bidir_seed0_eb,0.05,36,16,1,0.05520798820716085
neural_eb,neural_bidir_seed1_eb,0.05,36,16,1,0.05574469093569684
neural_eb,neural_bidir_seed2_eb,0.05,36,16,1,0.055188059125548444
neural_eb,neural_bidir_seed3_eb,0.05,36,16,1,0.055216943931039424
neural_eb,neural_bidir_seed4_eb,0.05,36,16,1,0.05512813426547254
summary_ridge_prior,none,0.05,0,16,2,0.10741297963183247
neural_prior,neural_bidir_seed0_prior,0.05,0,16,2,0.09528194334961881
neural_prior,neural_bidir_seed1_prior,0.05,0,16,2,0.09778396683213941
neural_prior,neural_bidir_seed2_prior,0.05,0,16,2,0.09547181892958179
neural_prior,neural_bidir_seed3_prior,0.05,0,16,2,0.09577628124498005
neural_prior,neural_bidir_seed4_prior,0.05,0,16,2,0.09485186930214695
dfe,none,0.05,32,16,2,0.07456177036571413
dfe,none,0.05,48,16,2,0.06040861316291233
summary_ridge_eb,none,0.05,20,16,2,0.0703137717868369
neural_eb,neural_bidir_seed0_eb,0.05,20,16,2,0.0666547301704773
neural_eb,neural_bidir_seed1_eb,0.05,20,16,2,0.06755774827472602
neural_eb,neural_bidir_seed2_eb,0.05,20,16,2,0.0667167630422978
neural_eb,neural_bidir_seed3_eb,0.05,20,16,2,0.06676062475698029
neural_eb,neural_bidir_seed4_eb,0.05,20,16,2,0.06645382151254155
summary_ridge_eb,none,0.05,36,16,2,0.057305858083833525
neural_eb,neural_bidir_seed0_eb,0.05,36,16,2,0.054932972307677214
neural_eb,neural_bidir_seed1_eb,0.05,36,16,2,0.05543099345649488
neural_eb,neural_bidir_seed2_eb,0.05,36,16,2,0.05493990942396673
neural_eb,neural_bidir_seed3_eb,0.05,36,16,2,0.055003520382720876
neural_eb,neural_bidir_seed4_eb,0.05,36,16,2,0.05483286576571177
summary_ridge_prior,none,0.05,0,16,3,0.10216175089762622
neural_prior,neural_bidir_seed0_prior,0.05,0,16,3,0.0890165509608778
neural_prior,neural_bidir_seed1_prior,0.05,0,16,3,0.09147826517619251
neural_prior,neural_bidir_seed2_prior,0.05,0,16,3,0.0891374128023017
neural_prior,neural_bidir_seed3_prior,0.05,0,16,3,0.08950347173777118
neural_prior,neural_bidir_seed4_prior,0.05,0,16,3,0.08863252557603118
dfe,none,0.05,32,16,3,0.07275927338095142
dfe,none,0.05,48,16,3,0.059123610615575604
summary_ridge_eb,none,0.05,20,16,3,0.07066855906401742
neural_eb,neural_bidir_seed0_eb,0.05,20,16,3,0.06753245832512325
neural_eb,neural_bidir_seed1_eb,0.05,20,16,3,0.06837432681895533
neural_eb,neural_bidir_seed2_eb,0.05,20,16,3,0.06758764349704059
neural_eb,neural_bidir_seed3_eb,0.05,20,16,3,0.06776035174910366
neural_eb,neural_bidir_seed4_eb,0.05,20,16,3,0.06732883121586072
summary_ridge_eb,none,0.05,36,16,3,0.05786748711570591
neural_eb,neural_bidir_seed0_eb,0.05,36,16,3,0.055817964468652406
neural_eb,neural_bidir_seed1_eb,0.05,36,16,3,0.05633780788227141
neural_eb,neural_bidir_seed2_eb,0.05,36,16,3,0.05585232688573456
neural_eb,neural_bidir_seed3_eb,0.05,36,16,3,0.055909982728210364
neural_eb,neural_bidir_seed4_eb,0.05,36,16,3,0.055761164021417856
summary_ridge_prior,none,0.05,0,16,4,0.10316921949722796
neural_prior,neural_bidir_seed0_prior,0.05,0,16,4,0.09020656459870224
neural_prior,neural_bidir_seed1_prior,0.05,0,16,4,0.09276676567060349
neural_prior,neural_bidir_seed2_prior,0.05,0,16,4,0.09050862568801676
neural_prior,neural_bidir_seed3_prior,0.05,0,16,4,0.0907848281403858
neural_prior,neural_bidir_seed4_prior,0.05,0,16,4,0.08984750751369575
dfe,none,0.05,32,16,4,0.07216475343294507
dfe,none,0.05,48,16,4,0.0602717740954109
summary_ridge_eb,none,0.05,20,16,4,0.06968637080701959
neural_eb,neural_bidir_seed0_eb,0.05,20,16,4,0.06626576233220535
neural_eb,neural_bidir_seed1_eb,0.05,20,16,4,0.06715594740097473
neural_eb,neural_bidir_seed2_eb,0.05,20,16,4,0.06637674817124559
neural_eb,neural_bidir_seed3_eb,0.05,20,16,4,0.06648976418457175
neural_eb,neural_bidir_seed4_eb,0.05,20,16,4,0.06616410775507564
summary_ridge_eb,none,0.05,36,16,4,0.05789050241782296
neural_eb,neural_bidir_seed0_eb,0.05,36,16,4,0.055559762635063584
neural_eb,neural_bidir_seed1_eb,0.05,36,16,4,0.056046206759407746
neural_eb,neural_bidir_seed2_eb,0.05,36,16,4,0.055577200675640974
neural_eb,neural_bidir_seed3_eb,0.05,36,16,4,0.05566502027230981
neural_eb,neural_bidir_seed4_eb,0.05,36,16,4,0.055456224978115365
summary_ridge_prior,none,0.05,0,17,0,0.11182145171449867
neural_prior,neural_bidir_seed0_prior,0.05,0,17,0,0.10127132480374712
neural_prior,neural_bidir_seed1_prior,0.05,0,17,0,0.10323796527700324
neural_prior,neural_bidir_seed2_prior,0.05,0,17,0,0.1013379285341216
neural_prior,neural_bidir_seed3_prior,0.05,0,17,0,0.1022024610920198
neural_prior,neural_bidir_seed4_prior,0.05,0,17,0,0.10063937737686501
dfe,none,0.05,32,17,0,0.07259052797902163
dfe,none,0.05,48,17,0,0.05752083232996315
summary_ridge_eb,none,0.05,20,17,0,0.07238343646705708
neural_eb,neural_bidir_seed0_eb,0.05,20,17,0,0.07015533910367533
neural_eb,neural_bidir_seed1_eb,0.05,20,17,0,0.07074617923157164
neural_eb,neural_bidir_seed2_eb,0.05,20,17,0,0.07008617520639285
neural_eb,neural_bidir_seed3_eb,0.05,20,17,0,0.0704184249949754
neural_eb,neural_bidir_seed4_eb,0.05,20,17,0,0.07008366401295016
summary_ridge_eb,none,0.05,36,17,0,0.05840287747898561
neural_eb,neural_bidir_seed0_eb,0.05,36,17,0,0.057904979707164836
neural_eb,neural_bidir_seed1_eb,0.05,36,17,0,0.05822034556993674
neural_eb,neural_bidir_seed2_eb,0.05,36,17,0,0.05783629862674948
neural_eb,neural_bidir_seed3_eb,0.05,36,17,0,0.058041534866437566
neural_eb,neural_bidir_seed4_eb,0.05,36,17,0,0.05786527444052408
summary_ridge_prior,none,0.05,0,17,1,0.10875955479145977
neural_prior,neural_bidir_seed0_prior,0.05,0,17,1,0.09590845634193101
neural_prior,neural_bidir_seed1_prior,0.05,0,17,1,0.09792903565721645
neural_prior,neural_bidir_seed2_prior,0.05,0,17,1,0.09601186638428771
neural_prior,neural_bidir_seed3_prior,0.05,0,17,1,0.09710431900566618
neural_prior,neural_bidir_seed4_prior,0.05,0,17,1,0.09508150797591952
dfe,none,0.05,32,17,1,0.07208593384712003
dfe,none,0.05,48,17,1,0.05892373666554501
summary_ridge_eb,none,0.05,20,17,1,0.07182666098062945
neural_eb,neural_bidir_seed0_eb,0.05,20,17,1,0.06867494804627605
neural_eb,neural_bidir_seed1_eb,0.05,20,17,1,0.06923954119759532
neural_eb,neural_bidir_seed2_eb,0.05,20,17,1,0.06872534268290809
neural_eb,neural_bidir_seed3_eb,0.05,20,17,1,0.06906849392070287
neural_eb,neural_bidir_seed4_eb,0.05,20,17,1,0.06842132907739151
summary_ridge_eb,none,0.05,36,17,1,0.05805358312181422
neural_eb,neural_bidir_seed0_eb,0.05,36,17,1,0.05612024724243814
neural_eb,neural_bidir_seed1_eb,0.05,36,17,1,0.05649657158002825
neural_eb,neural_bidir_seed2_eb,0.05,36,17,1,0.0561587154902898
neural_eb,neural_bidir_seed3_eb,0.05,36,17,1,0.05632420883991038
neural_eb,neural_bidir_seed4_eb,0.05,36,17,1,0.055949224251939184
summary_ridge_prior,none,0.05,0,17,2,0.10538043144917206
neural_prior,neural_bidir_seed0_prior,0.05,0,17,2,0.09522908066537639
neural_prior,neural_bidir_seed1_prior,0.05,0,17,2,0.09729769786463294
neural_prior,neural_bidir_seed2_prior,0.05,0,17,2,0.09528650238462433
neural_prior,neural_bidir_seed3_prior,0.05,0,17,2,0.0961622827580868
neural_prior,neural_bidir_seed4_prior,0.05,0,17,2,0.09452912911183375
dfe,none,0.05,32,17,2,0.07085409634378771
dfe,none,0.05,48,17,2,0.058578468058503516
summary_ridge_eb,none,0.05,20,17,2,0.06924992022611756
neural_eb,neural_bidir_seed0_eb,0.05,20,17,2,0.06581444034629148
neural_eb,neural_bidir_seed1_eb,0.05,20,17,2,0.06654825104010048
neural_eb,neural_bidir_seed2_eb,0.05,20,17,2,0.06582937658902789
neural_eb,neural_bidir_seed3_eb,0.05,20,17,2,0.06615117770311763
neural_eb,neural_bidir_seed4_eb,0.05,20,17,2,0.0656819344060579
summary_ridge_eb,none,0.05,36,17,2,0.05786805353236231
neural_eb,neural_bidir_seed0_eb,0.05,36,17,2,0.05614467191248433
neural_eb,neural_bidir_seed1_eb,0.05,36,17,2,0.05654674120153509
neural_eb,neural_bidir_seed2_eb,0.05,36,17,2,0.056128665972871764
neural_eb,neural_bidir_seed3_eb,0.05,36,17,2,0.056282081118466054
neural_eb,neural_bidir_seed4_eb,0.05,36,17,2,0.05603373600758321
summary_ridge_prior,none,0.05,0,17,3,0.10336813884270865
neural_prior,neural_bidir_seed0_prior,0.05,0,17,3,0.09046376097649045
neural_prior,neural_bidir_seed1_prior,0.05,0,17,3,0.0927401814606128
neural_prior,neural_bidir_seed2_prior,0.05,0,17,3,0.09056811811569787
neural_prior,neural_bidir_seed3_prior,0.05,0,17,3,0.09149126701777277
neural_prior,neural_bidir_seed4_prior,0.05,0,17,3,0.08988869134009292
dfe,none,0.05,32,17,3,0.07319708236880412
dfe,none,0.05,48,17,3,0.060642685893779136
summary_ridge_eb,none,0.05,20,17,3,0.07255936658354033
neural_eb,neural_bidir_seed0_eb,0.05,20,17,3,0.06980415380835531
neural_eb,neural_bidir_seed1_eb,0.05,20,17,3,0.07061259954365764
neural_eb,neural_bidir_seed2_eb,0.05,20,17,3,0.06979348569317995
neural_eb,neural_bidir_seed3_eb,0.05,20,17,3,0.07013031302456788
neural_eb,neural_bidir_seed4_eb,0.05,20,17,3,0.06956364165596773
summary_ridge_eb,none,0.05,36,17,3,0.057580244315868015
neural_eb,neural_bidir_seed0_eb,0.05,36,17,3,0.055491209184135235
neural_eb,neural_bidir_seed1_eb,0.05,36,17,3,0.05597109927417903
neural_eb,neural_bidir_seed2_eb,0.05,36,17,3,0.055518564474806256
neural_eb,neural_bidir_seed3_eb,0.05,36,17,3,0.05567590523447484
neural_eb,neural_bidir_seed4_eb,0.05,36,17,3,0.05543130643135222
summary_ridge_prior,none,0.05,0,17,4,0.09967931730281326
neural_prior,neural_bidir_seed0_prior,0.05,0,17,4,0.08879146236176894
neural_prior,neural_bidir_seed1_prior,0.05,0,17,4,0.09103088350275357
neural_prior,neural_bidir_seed2_prior,0.05,0,17,4,0.08892612601812289
neural_prior,neural_bidir_seed3_prior,0.05,0,17,4,0.08959982815395051
neural_prior,neural_bidir_seed4_prior,0.05,0,17,4,0.08836581901596219
dfe,none,0.05,32,17,4,0.0716048284773731
dfe,none,0.05,48,17,4,0.059758613550608665
summary_ridge_eb,none,0.05,20,17,4,0.06748020902235875
neural_eb,neural_bidir_seed0_eb,0.05,20,17,4,0.06627926280518302
neural_eb,neural_bidir_seed1_eb,0.05,20,17,4,0.06710606131813354
neural_eb,neural_bidir_seed2_eb,0.05,20,17,4,0.06632927696260627
neural_eb,neural_bidir_seed3_eb,0.05,20,17,4,0.06646044634925548
neural_eb,neural_bidir_seed4_eb,0.05,20,17,4,0.06619237532861125
summary_ridge_eb,none,0.05,36,17,4,0.056136276712306546
neural_eb,neural_bidir_seed0_eb,0.05,36,17,4,0.05512189715322412
neural_eb,neural_bidir_seed1_eb,0.05,36,17,4,0.05564039709773885
neural_eb,neural_bidir_seed2_eb,0.05,36,17,4,0.05515626629264561
neural_eb,neural_bidir_seed3_eb,0.05,36,17,4,0.05519802834132182
neural_eb,neural_bidir_seed4_eb,0.05,36,17,4,0.055088983930746724
summary_ridge_prior,none,0.05,0,18,0,0.10189127092744255
neural_prior,neural_bidir_seed0_prior,0.05,0,18,0,0.0903689826354821
neural_prior,neural_bidir_seed1_prior,0.05,0,18,0,0.09281566395475238
neural_prior,neural_bidir_seed2_prior,0.05,0,18,0,0.09047551162620948
neural_prior,neural_bidir_seed3_prior,0.05,0,18,0,0.09077667808560363
neural_prior,neural_bidir_seed4_prior,0.05,0,18,0,0.08983095716939715
dfe,none,0.05,32,18,0,0.07200714540401046
dfe,none,0.05,48,18,0,0.059222484660562326
summary_ridge_eb,none,0.05,20,18,0,0.07104205876640307
neural_eb,neural_bidir_seed0_eb,0.05,20,18,0,0.0668565370547653
neural_eb,neural_bidir_seed1_eb,0.05,20,18,0,0.06773914796219768
neural_eb,neural_bidir_seed2_eb,0.05,20,18,0,0.06691553333892455
neural_eb,neural_bidir_seed3_eb,0.05,20,18,0,0.06715233631523994
neural_eb,neural_bidir_seed4_eb,0.05,20,18,0,0.06668445739962256
summary_ridge_eb,none,0.05,36,18,0,0.057576551751384965
neural_eb,neural_bidir_seed0_eb,0.05,36,18,0,0.05542753394172442
neural_eb,neural_bidir_seed1_eb,0.05,36,18,0,0.055995347049754916
neural_eb,neural_bidir_seed2_eb,0.05,36,18,0,0.05547027436277317
neural_eb,neural_bidir_seed3_eb,0.05,36,18,0,0.05547199929035475
neural_eb,neural_bidir_seed4_eb,0.05,36,18,0,0.05535685714391502
summary_ridge_prior,none,0.05,0,18,1,0.10089651067274429
neural_prior,neural_bidir_seed0_prior,0.05,0,18,1,0.0924430388095061
neural_prior,neural_bidir_seed1_prior,0.05,0,18,1,0.09495244957179239
neural_prior,neural_bidir_seed2_prior,0.05,0,18,1,0.09251058891641151
neural_prior,neural_bidir_seed3_prior,0.05,0,18,1,0.0925740385264362
neural_prior,neural_bidir_seed4_prior,0.05,0,18,1,0.09202378646114084
dfe,none,0.05,32,18,1,0.0728736395081392
dfe,none,0.05,48,18,1,0.05787984821560072
summary_ridge_eb,none,0.05,20,18,1,0.06980437677134564
neural_eb,neural_bidir_seed0_eb,0.05,20,18,1,0.0668029569807103
neural_eb,neural_bidir_seed1_eb,0.05,20,18,1,0.06777970610354048
neural_eb,neural_bidir_seed2_eb,0.05,20,18,1,0.06691738170715839
neural_eb,neural_bidir_seed3_eb,0.05,20,18,1,0.06692408252331179
neural_eb,neural_bidir_seed4_eb,0.05,20,18,1,0.06678853951312268
summary_ridge_eb,none,0.05,36,18,1,0.05713667546549001
neural_eb,neural_bidir_seed0_eb,0.05,36,18,1,0.05596525145676674
neural_eb,neural_bidir_seed1_eb,0.05,36,18,1,0.05645909395722619
neural_eb,neural_bidir_seed2_eb,0.05,36,18,1,0.055969338314836435
neural_eb,neural_bidir_seed3_eb,0.05,36,18,1,0.056010071558584076
neural_eb,neural_bidir_seed4_eb,0.05,36,18,1,0.05587960611544115
summary_ridge_prior,none,0.05,0,18,2,0.09935356696943401
neural_prior,neural_bidir_seed0_prior,0.05,0,18,2,0.09040212756190158
neural_prior,neural_bidir_seed1_prior,0.05,0,18,2,0.09279573542698927
neural_prior,neural_bidir_seed2_prior,0.05,0,18,2,0.09048380086278485
neural_prior,neural_bidir_seed3_prior,0.05,0,18,2,0.09069365545110486
neural_prior,neural_bidir_seed4_prior,0.05,0,18,2,0.08980698901541473
dfe,none,0.05,32,18,2,0.07171269845760737
dfe,none,0.05,48,18,2,0.058778817269436935
summary_ridge_eb,none,0.05,20,18,2,0.06977221527974078
neural_eb,neural_bidir_seed0_eb,0.05,20,18,2,0.06681667332865908
neural_eb,neural_bidir_seed1_eb,0.05,20,18,2,0.06764992139450418
neural_eb,neural_bidir_seed2_eb,0.05,20,18,2,0.06693361228898556
neural_eb,neural_bidir_seed3_eb,0.05,20,18,2,0.06696167538337966
neural_eb,neural_bidir_seed4_eb,0.05,20,18,2,0.06660219809641957
summary_ridge_eb,none,0.05,36,18,2,0.056799377481001244
neural_eb,neural_bidir_seed0_eb,0.05,36,18,2,0.05511845402633756
neural_eb,neural_bidir_seed1_eb,0.05,36,18,2,0.05558822304978969
neural_eb,neural_bidir_seed2_eb,0.05,36,18,2,0.055157688026069546
neural_eb,neural_bidir_seed3_eb,0.05,36,18,2,0.05521245476541949
neural_eb,neural_bidir_seed4_eb,0.05,36,18,2,0.055058555405133186
summary_ridge_prior,none,0.05,0,18,3,0.10108762286701338
neural_prior,neural_bidir_seed0_prior,0.05,0,18,3,0.08745836273556051
neural_prior,neural_bidir_seed1_prior,0.05,0,18,3,0.08990198860374221
neural_prior,neural_bidir_seed2_prior,0.05,0,18,3,0.08754723462880065
neural_prior,neural_bidir_seed3_prior,0.05,0,18,3,0.0877522051359847
neural_prior,neural_bidir_seed4_prior,0.05,0,18,3,0.08701645108340017
dfe,none,0.05,32,18,3,0.07267267988956722
dfe,none,0.05,48,18,3,0.058851148914847586
summary_ridge_eb,none,0.05,20,18,3,0.06911949165643053
neural_eb,neural_bidir_seed0_eb,0.05,20,18,3,0.06547886312706032
neural_eb,neural_bidir_seed1_eb,0.05,20,18,3,0.06642015133732372
neural_eb,neural_bidir_seed2_eb,0.05,20,18,3,0.0655241455599039
neural_eb,neural_bidir_seed3_eb,0.05,20,18,3,0.06562011158256728
neural_eb,neural_bidir_seed4_eb,0.05,20,18,3,0.06527517705800137
summary_ridge_eb,none,0.05,36,18,3,0.056812821757508715
neural_eb,neural_bidir_seed0_eb,0.05,36,18,3,0.054527617331984524
neural_eb,neural_bidir_seed1_eb,0.05,36,18,3,0.05504131133406231
neural_eb,neural_bidir_seed2_eb,0.05,36,18,3,0.05452234189182387
neural_eb,neural_bidir_seed3_eb,0.05,36,18,3,0.054625048814960206
neural_eb,neural_bidir_seed4_eb,0.05,36,18,3,0.05441239283881982
summary_ridge_prior,none,0.05,0,18,4,0.09857662251661267
neural_prior,neural_bidir_seed0_prior,0.05,0,18,4,0.08900806482961343
neural_prior,neural_bidir_seed1_prior,0.05,0,18,4,0.09158831526838185
neural_prior,neural_bidir_seed2_prior,0.05,0,18,4,0.08899415797168331
neural_prior,neural_bidir_seed3_prior,0.05,0,18,4,0.08908874389999255
neural_prior,neural_bidir_seed4_prior,0.05,0,18,4,0.08836510959190491
dfe,none,0.05,32,18,4,0.0727216360598201
dfe,none,0.05,48,18,4,0.05876503993311888
summary_ridge_eb,none,0.05,20,18,4,0.06849036647066283
neural_eb,neural_bidir_seed0_eb,0.05,20,18,4,0.06644232401120102
neural_eb,neural_bidir_seed1_eb,0.05,20,18,4,0.06745339781787116
neural_eb,neural_bidir_seed2_eb,0.05,20,18,4,0.06646095184142428
neural_eb,neural_bidir_seed3_eb,0.05,20,18,4,0.0665156494541423
neural_eb,neural_bidir_seed4_eb,0.05,20,18,4,0.06624733287958229
summary_ridge_eb,none,0.05,36,18,4,0.05673642213609058
neural_eb,neural_bidir_seed0_eb,0.05,36,18,4,0.05541507807002069
neural_eb,neural_bidir_seed1_eb,0.05,36,18,4,0.0559269922460557
neural_eb,neural_bidir_seed2_eb,0.05,36,18,4,0.05537889982780033
neural_eb,neural_bidir_seed3_eb,0.05,36,18,4,0.055528076483439784
neural_eb,neural_bidir_seed4_eb,0.05,36,18,4,0.05527229910905439
summary_ridge_prior,none,0.05,0,19,0,0.09839491809677811
neural_prior,neural_bidir_seed0_prior,0.05,0,19,0,0.08747775121264567
neural_prior,neural_bidir_seed1_prior,0.05,0,19,0,0.09008194619491405
neural_prior,neural_bidir_seed2_prior,0.05,0,19,0,0.08763017609271628
neural_prior,neural_bidir_seed3_prior,0.05,0,19,0,0.08781066785559233
neural_prior,neural_bidir_seed4_prior,0.05,0,19,0,0.08721670058548625
dfe,none,0.05,32,19,0,0.07316507602606886
dfe,none,0.05,48,19,0,0.05910848416533554
summary_ridge_eb,none,0.05,20,19,0,0.06767928020150624
neural_eb,neural_bidir_seed0_eb,0.05,20,19,0,0.0648831428792167
neural_eb,neural_bidir_seed1_eb,0.05,20,19,0,0.06585511800117333
neural_eb,neural_bidir_seed2_eb,0.05,20,19,0,0.06486502656860105
neural_eb,neural_bidir_seed3_eb,0.05,20,19,0,0.06489477942641453
neural_eb,neural_bidir_seed4_eb,0.05,20,19,0,0.06475338038858225
summary_ridge_eb,none,0.05,36,19,0,0.057026758341424184
neural_eb,neural_bidir_seed0_eb,0.05,36,19,0,0.05523209257983855
neural_eb,neural_bidir_seed1_eb,0.05,36,19,0,0.05583716413917586
neural_eb,neural_bidir_seed2_eb,0.05,36,19,0,0.05526293900181624
neural_eb,neural_bidir_seed3_eb,0.05,36,19,0,0.05529657860293101
neural_eb,neural_bidir_seed4_eb,0.05,36,19,0,0.05520079972380458
summary_ridge_prior,none,0.05,0,19,1,0.09808711216680965
neural_prior,neural_bidir_seed0_prior,0.05,0,19,1,0.08919551878898346
neural_prior,neural_bidir_seed1_prior,0.05,0,19,1,0.09182169908854121
neural_prior,neural_bidir_seed2_prior,0.05,0,19,1,0.08940520762371307
neural_prior,neural_bidir_seed3_prior,0.05,0,19,1,0.08971022550940688
neural_prior,neural_bidir_seed4_prior,0.05,0,19,1,0.08892618677600694
dfe,none,0.05,32,19,1,0.07253510183080733
dfe,none,0.05,48,19,1,0.05838592699971437
summary_ridge_eb,none,0.05,20,19,1,0.07026293333155394
neural_eb,neural_bidir_seed0_eb,0.05,20,19,1,0.06738585426791247
neural_eb,neural_bidir_seed1_eb,0.05,20,19,1,0.06817533178014913
neural_eb,neural_bidir_seed2_eb,0.05,20,19,1,0.06748296363455376
neural_eb,neural_bidir_seed3_eb,0.05,20,19,1,0.06764403910285982
neural_eb,neural_bidir_seed4_eb,0.05,20,19,1,0.06731125388952192
summary_ridge_eb,none,0.05,36,19,1,0.058039259209287514
neural_eb,neural_bidir_seed0_eb,0.05,36,19,1,0.056023247722514644
neural_eb,neural_bidir_seed1_eb,0.05,36,19,1,0.05653836893514576
neural_eb,neural_bidir_seed2_eb,0.05,36,19,1,0.05611866469216006
neural_eb,neural_bidir_seed3_eb,0.05,36,19,1,0.05615432603760715
neural_eb,neural_bidir_seed4_eb,0.05,36,19,1,0.05601541183676223
summary_ridge_prior,none,0.05,0,19,2,0.09924497089572976
neural_prior,neural_bidir_seed0_prior,0.05,0,19,2,0.09246895783689979
neural_prior,neural_bidir_seed1_prior,0.05,0,19,2,0.09502594423065602
neural_prior,neural_bidir_seed2_prior,0.05,0,19,2,0.09264270076346293
neural_prior,neural_bidir_seed3_prior,0.05,0,19,2,0.09297465661620663
neural_prior,neural_bidir_seed4_prior,0.05,0,19,2,0.09215652887178294
dfe,none,0.05,32,19,2,0.07223186683828922
dfe,none,0.05,48,19,2,0.0591532365376258
summary_ridge_eb,none,0.05,20,19,2,0.06748396627978905
neural_eb,neural_bidir_seed0_eb,0.05,20,19,2,0.06607127923886066
neural_eb,neural_bidir_seed1_eb,0.05,20,19,2,0.06693590313389454
neural_eb,neural_bidir_seed2_eb,0.05,20,19,2,0.06608968953321838
neural_eb,neural_bidir_seed3_eb,0.05,20,19,2,0.06621652871559428
neural_eb,neural_bidir_seed4_eb,0.05,20,19,2,0.06594870936179212
summary_ridge_eb,none,0.05,36,19,2,0.05723106816040531
neural_eb,neural_bidir_seed0_eb,0.05,36,19,2,0.05616661998977173
neural_eb,neural_bidir_seed1_eb,0.05,36,19,2,0.05673926464120946
neural_eb,neural_bidir_seed2_eb,0.05,36,19,2,0.05621656377843565
neural_eb,neural_bidir_seed3_eb,0.05,36,19,2,0.05620194352533309
neural_eb,neural_bidir_seed4_eb,0.05,36,19,2,0.05609559494128526
summary_ridge_prior,none,0.05,0,19,3,0.09707989757794726
neural_prior,neural_bidir_seed0_prior,0.05,0,19,3,0.09138972071559692
neural_prior,neural_bidir_seed1_prior,0.05,0,19,3,0.09428205459153105
neural_prior,neural_bidir_seed2_prior,0.05,0,19,3,0.0914839778579335
neural_prior,neural_bidir_seed3_prior,0.05,0,19,3,0.09158571962871065
neural_prior,neural_bidir_seed4_prior,0.05,0,19,3,0.0911570681437297
dfe,none,0.05,32,19,3,0.0721565590485827
dfe,none,0.05,48,19,3,0.06047813826067054
summary_ridge_eb,none,0.05,20,19,3,0.0677450293124546
neural_eb,neural_bidir_seed0_eb,0.05,20,19,3,0.0670929570214169
neural_eb,neural_bidir_seed1_eb,0.05,20,19,3,0.0680219530191288
neural_eb,neural_bidir_seed2_eb,0.05,20,19,3,0.06707723124679354
neural_eb,neural_bidir_seed3_eb,0.05,20,19,3,0.06711124275609223
neural_eb,neural_bidir_seed4_eb,0.05,20,19,3,0.06695163116573091
summary_ridge_eb,none,0.05,36,19,3,0.0566302560394632
neural_eb,neural_bidir_seed0_eb,0.05,36,19,3,0.05624057807311017
neural_eb,neural_bidir_seed1_eb,0.05,36,19,3,0.056766448097619625
neural_eb,neural_bidir_seed2_eb,0.05,36,19,3,0.056217225874795496
neural_eb,neural_bidir_seed3_eb,0.05,36,19,3,0.05625684242956063
neural_eb,neural_bidir_seed4_eb,0.05,36,19,3,0.056210443199224025
summary_ridge_prior,none,0.05,0,19,4,0.09885689374683913
neural_prior,neural_bidir_seed0_prior,0.05,0,19,4,0.09458947105849802
neural_prior,neural_bidir_seed1_prior,0.05,0,19,4,0.09735846882722399
neural_prior,neural_bidir_seed2_prior,0.05,0,19,4,0.09468185883997648
neural_prior,neural_bidir_seed3_prior,0.05,0,19,4,0.09488041549593618
neural_prior,neural_bidir_seed4_prior,0.05,0,19,4,0.09432455935711914
dfe,none,0.05,32,19,4,0.0715765806412997
dfe,none,0.05,48,19,4,0.05998379348595874
summary_ridge_eb,none,0.05,20,19,4,0.0675769440183981
neural_eb,neural_bidir_seed0_eb,0.05,20,19,4,0.06707875900520079
neural_eb,neural_bidir_seed1_eb,0.05,20,19,4,0.06791007294825926
neural_eb,neural_bidir_seed2_eb,0.05,20,19,4,0.0670967657221449
neural_eb,neural_bidir_seed3_eb,0.05,20,19,4,0.06709930169724705
neural_eb,neural_bidir_seed4_eb,0.05,20,19,4,0.06696688853459801
summary_ridge_eb,none,0.05,36,19,4,0.057624358988686376
neural_eb,neural_bidir_seed0_eb,0.05,36,19,4,0.056765358781987595
neural_eb,neural_bidir_seed1_eb,0.05,36,19,4,0.05726418844085523
neural_eb,neural_bidir_seed2_eb,0.05,36,19,4,0.056777974353409776
neural_eb,neural_bidir_seed3_eb,0.05,36,19,4,0.056824286713837296
neural_eb,neural_bidir_seed4_eb,0.05,36,19,4,0.056751496583424786
