method,checkpoint,readout_error,shots,cal_draw,repeat,mae
summary_ridge_prior,none,0.0,0,0,0,0.046173311877637346
neural_prior,neural_bidir_seed0_prior,0.0,0,0,0,0.06778124952688813
neural_prior,neural_bidir_seed1_prior,0.0,0,0,0,0.0730868126556743
neural_prior,neural_bidir_seed2_prior,0.0,0,0,0,0.05230133964505512
neural_prior,neural_bidir_seed3_prior,0.0,0,0,0,0.047987367637688294
neural_prior,neural_bidir_seed4_prior,0.0,0,0,0,0.053595055200275965
dfe,none,0.0,32,0,0,0.08975557316999502
dfe,none,0.0,92,0,0,0.0524049138769217
summary_ridge_fusion,none,0.0,32,0,0,0.04112889309189112
neural_fusion,neural_bidir_seed0_fusion,0.0,32,0,0,0.05486682156931944
neural_fusion,neural_bidir_seed1_fusion,0.0,32,0,0,0.05758258032266053
neural_fusion,neural_bidir_seed2_fusion,0.0,32,0,0,0.046174457324188706
neural_fusion,neural_bidir_seed3_fusion,0.0,32,0,0,0.043130982838660355
neural_fusion,neural_bidir_seed4_fusion,0.0,32,0,0,0.04688641475287027
summary_ridge_fusion,none,0.0,36,0,0,0.042120690376956385
neural_fusion,neural_bidir_seed0_fusion,0.0,36,0,0,0.05320472091530965
neural_fusion,neural_bidir_seed1_fusion,0.0,36,0,0,0.05569482486333931
neural_fusion,neural_bidir_seed2_fusion,0.0,36,0,0,0.04631374676624345
neural_fusion,neural_bidir_seed3_fusion,0.0,36,0,0,0.04345873672298537
neural_fusion,neural_bidir_seed4_fusion,0.0,36,0,0,0.04643188306829639
summary_ridge_prior,none,0.0,0,0,1,0.050156881909052806
neural_prior,neural_bidir_seed0_prior,0.0,0,0,1,0.06620968085189816
neural_prior,neural_bidir_seed1_prior,0.0,0,0,1,0.06980650061450433
neural_prior,neural_bidir_seed2_prior,0.0,0,0,1,0.052396677594515495
neural_prior,neural_bidir_seed3_prior,0.0,0,0,1,0.05005198356229812
neural_prior,neural_bidir_seed4_prior,0.0,0,0,1,0.05483873435878195
dfe,none,0.0,32,0,1,0.08891715080297383
dfe,none,0.0,92,0,1,0.051858177358786554
summary_ridge_fusion,none,0.0,32,0,1,0.044236405834193054
neural_fusion,neural_bidir_seed0_fusion,0.0,32,0,1,0.0540897034120272
neural_fusion,neural_bidir_seed1_fusion,0.0,32,0,1,0.05590308696533741
neural_fusion,neural_bidir_seed2_fusion,0.0,32,0,1,0.04591031500571455
neural_fusion,neural_bidir_seed3_fusion,0.0,32,0,1,0.04408427071093707
neural_fusion,neural_bidir_seed4_fusion,0.0,32,0,1,0.046787199406426026
summary_ridge_fusion,none,0.0,36,0,1,0.04263621790673903
neural_fusion,neural_bidir_seed0_fusion,0.0,36,0,1,0.05310055193916284
neural_fusion,neural_bidir_seed1_fusion,0.0,36,0,1,0.05470342099286301
neural_fusion,neural_bidir_seed2_fusion,0.0,36,0,1,0.04539688923072523
neural_fusion,neural_bidir_seed3_fusion,0.0,36,0,1,0.04367795534932123
neural_fusion,neural_bidir_seed4_fusion,0.0,36,0,1,0.04603824344548981
summary_ridge_prior,none,0.0,0,0,2,0.04572044474706487
neural_prior,neural_bidir_seed0_prior,0.0,0,0,2,0.06584572927386034
neural_prior,neural_bidir_seed1_prior,0.0,0,0,2,0.07037357919034548
neural_prior,neural_bidir_seed2_prior,0.0,0,0,2,0.05095215284381993
neural_prior,neural_bidir_seed3_prior,0.0,0,0,2,0.047193702892400324
neural_prior,neural_bidir_seed4_prior,0.0,0,0,2,0.05242903590260539
dfe,none,0.0,32,0,2,0.08873188570882617
dfe,none,0.0,92,0,2,0.05352693052123106
summary_ridge_fusion,none,0.0,32,0,2,0.04063379758575408
neural_fusion,neural_bidir_seed0_fusion,0.0,32,0,2,0.05136707752796998
neural_fusion,neural_bidir_seed1_fusion,0.0,32,0,2,0.05358714100276123
neural_fusion,neural_bidir_seed2_fusion,0.0,32,0,2,0.0435621602762673
neural_fusion,neural_bidir_seed3_fusion,0.0,32,0,2,0.04135242623235812
neural_fusion,neural_bidir_seed4_fusion,0.0,32,0,2,0.04484175302661603
summary_ridge_fusion,none,0.0,36,0,2,0.04478569497868512
neural_fusion,neural_bidir_seed0_fusion,0.0,36,0,2,0.05218461543928027
neural_fusion,neural_bidir_seed1_fusion,0.0,36,0,2,0.05376829492751602
neural_fusion,neural_bidir_seed2_fusion,0.0,36,0,2,0.04540333687617289
neural_fusion,neural_bidir_seed3_fusion,0.0,36,0,2,0.04321677768767941
neural_fusion,neural_bidir_seed4_fusion,0.0,36,0,2,0.046146014258419576
summary_ridge_prior,none,0.0,0,0,3,0.04594968901118543
neural_prior,neural_bidir_seed0_prior,0.0,0,0,3,0.0688357718026964
neural_prior,neural_bidir_seed1_prior,0.0,0,0,3,0.0747318309295224
neural_prior,neural_bidir_seed2_prior,0.0,0,0,3,0.052778438970563
neural_prior,neural_bidir_seed3_prior,0.0,0,0,3,0.047861622835625894
neural_prior,neural_bidir_seed4_prior,0.0,0,0,3,0.052571669380995445
dfe,none,0.0,32,0,3,0.08807275327589278
dfe,none,0.0,92,0,3,0.05252136275825035
summary_ridge_fusion,none,0.0,32,0,3,0.04154190407519491
neural_fusion,neural_bidir_seed0_fusion,0.0,32,0,3,0.053000190225713034
neural_fusion,neural_bidir_seed1_fusion,0.0,32,0,3,0.056051934632113484
neural_fusion,neural_bidir_seed2_fusion,0.0,32,0,3,0.04485518772541165
neural_fusion,neural_bidir_seed3_fusion,0.0,32,0,3,0.04157558438772612
neural_fusion,neural_bidir_seed4_fusion,0.0,32,0,3,0.044766385748537474
summary_ridge_fusion,none,0.0,36,0,3,0.048900336510357766
neural_fusion,neural_bidir_seed0_fusion,0.0,36,0,3,0.054104886980553296
neural_fusion,neural_bidir_seed1_fusion,0.0,36,0,3,0.05605146148495274
neural_fusion,neural_bidir_seed2_fusion,0.0,36,0,3,0.048304146122267286
neural_fusion,neural_bidir_seed3_fusion,0.0,36,0,3,0.047021168694096574
neural_fusion,neural_bidir_seed4_fusion,0.0,36,0,3,0.050944196957986534
summary_ridge_prior,none,0.0,0,0,4,0.043217063314617325
neural_prior,neural_bidir_seed0_prior,0.0,0,0,4,0.06581433264364023
neural_prior,neural_bidir_seed1_prior,0.0,0,0,4,0.0700446445698617
neural_prior,neural_bidir_seed2_prior,0.0,0,0,4,0.05126195718185045
neural_prior,neural_bidir_seed3_prior,0.0,0,0,4,0.047650163585785776
neural_prior,neural_bidir_seed4_prior,0.0,0,0,4,0.052228200729587115
dfe,none,0.0,32,0,4,0.09203124847368932
dfe,none,0.0,92,0,4,0.05216681245271297
summary_ridge_fusion,none,0.0,32,0,4,0.04060008562460634
neural_fusion,neural_bidir_seed0_fusion,0.0,32,0,4,0.05309799982653351
neural_fusion,neural_bidir_seed1_fusion,0.0,32,0,4,0.05516296322717594
neural_fusion,neural_bidir_seed2_fusion,0.0,32,0,4,0.044837610353725126
neural_fusion,neural_bidir_seed3_fusion,0.0,32,0,4,0.04253146553394766
neural_fusion,neural_bidir_seed4_fusion,0.0,32,0,4,0.04548366701731861
summary_ridge_fusion,none,0.0,36,0,4,0.041666790177623696
neural_fusion,neural_bidir_seed0_fusion,0.0,36,0,4,0.05086638129666138
neural_fusion,neural_bidir_seed1_fusion,0.0,36,0,4,0.05259178198581164
neural_fusion,neural_bidir_seed2_fusion,0.0,36,0,4,0.04357282369520884
neural_fusion,neural_bidir_seed3_fusion,0.0,36,0,4,0.04146869332450506
neural_fusion,neural_bidir_seed4_fusion,0.0,36,0,4,0.04455525040923753
summary_ridge_prior,none,0.0,0,1,0,0.046942670657589745
neural_prior,neural_bidir_seed0_prior,0.0,0,1,0,0.06569819997821469
neural_prior,neural_bidir_seed1_prior,0.0,0,1,0,0.06945855819503777
neural_prior,neural_bidir_seed2_prior,0.0,0,1,0,0.05116398604877759
neural_prior,neural_bidir_seed3_prior,0.0,0,1,0,0.0477314121380914
neural_prior,neural_bidir_seed4_prior,0.0,0,1,0,0.05283491680165753
dfe,none,0.0,32,1,0,0.08790417518546086
dfe,none,0.0,92,1,0,0.05228135200522174
summary_ridge_fusion,none,0.0,32,1,0,0.04277904393764041
neural_fusion,neural_bidir_seed0_fusion,0.0,32,1,0,0.05412224546800071
neural_fusion,neural_bidir_seed1_fusion,0.0,32,1,0,0.05485561451788485
neural_fusion,neural_bidir_seed2_fusion,0.0,32,1,0,0.04480539584836295
neural_fusion,neural_bidir_seed3_fusion,0.0,32,1,0,0.042552101750932825
neural_fusion,neural_bidir_seed4_fusion,0.0,32,1,0,0.04545977627948392
summary_ridge_fusion,none,0.0,36,1,0,0.05067488027028509
neural_fusion,neural_bidir_seed0_fusion,0.0,36,1,0,0.051463201749100226
neural_fusion,neural_bidir_seed1_fusion,0.0,36,1,0,0.053494827154804775
neural_fusion,neural_bidir_seed2_fusion,0.0,36,1,0,0.0452248700634563
neural_fusion,neural_bidir_seed3_fusion,0.0,36,1,0,0.04358875541445603
neural_fusion,neural_bidir_seed4_fusion,0.0,36,1,0,0.04700324061350462
summary_ridge_prior,none,0.0,0,1,1,0.05212555321034838
neural_prior,neural_bidir_seed0_prior,0.0,0,1,1,0.06843814779131208
neural_prior,neural_bidir_seed1_prior,0.0,0,1,1,0.07233789224119391
neural_prior,neural_bidir_seed2_prior,0.0,0,1,1,0.051281653592013754
neural_prior,neural_bidir_seed3_prior,0.0,0,1,1,0.04747890787257347
neural_prior,neural_bidir_seed4_prior,0.0,0,1,1,0.05271235753025394
dfe,none,0.0,32,1,1,0.08672381821326616
dfe,none,0.0,92,1,1,0.051597820388926796
summary_ridge_fusion,none,0.0,32,1,1,0.0456821207195991
neural_fusion,neural_bidir_seed0_fusion,0.0,32,1,1,0.054925837301001354
neural_fusion,neural_bidir_seed1_fusion,0.0,32,1,1,0.05650498136339607
neural_fusion,neural_bidir_seed2_fusion,0.0,32,1,1,0.04429575006092566
neural_fusion,neural_bidir_seed3_fusion,0.0,32,1,1,0.04183359807364101
neural_fusion,neural_bidir_seed4_fusion,0.0,32,1,1,0.0451798258949084
summary_ridge_fusion,none,0.0,36,1,1,0.048739489887045045
neural_fusion,neural_bidir_seed0_fusion,0.0,36,1,1,0.05263206890429149
neural_fusion,neural_bidir_seed1_fusion,0.0,36,1,1,0.053935748525971404
neural_fusion,neural_bidir_seed2_fusion,0.0,36,1,1,0.043862590145688427
neural_fusion,neural_bidir_seed3_fusion,0.0,36,1,1,0.042036663409612554
neural_fusion,neural_bidir_seed4_fusion,0.0,36,1,1,0.04531738446326386
summary_ridge_prior,none,0.0,0,1,2,0.04885704446441431
neural_prior,neural_bidir_seed0_prior,0.0,0,1,2,0.06575940201582853
neural_prior,neural_bidir_seed1_prior,0.0,0,1,2,0.06927263620309532
neural_prior,neural_bidir_seed2_prior,0.0,0,1,2,0.05126422589819413
neural_prior,neural_bidir_seed3_prior,0.0,0,1,2,0.047692996813566424
neural_prior,neural_bidir_seed4_prior,0.0,0,1,2,0.05257467173214536
dfe,none,0.0,32,1,2,0.08899567566431044
dfe,none,0.0,92,1,2,0.05250412215258406
summary_ridge_fusion,none,0.0,32,1,2,0.04794845525113208
neural_fusion,neural_bidir_seed0_fusion,0.0,32,1,2,0.05373305092404788
neural_fusion,neural_bidir_seed1_fusion,0.0,32,1,2,0.056262967522563455
neural_fusion,neural_bidir_seed2_fusion,0.0,32,1,2,0.04693497003370924
neural_fusion,neural_bidir_seed3_fusion,0.0,32,1,2,0.04481504822685584
neural_fusion,neural_bidir_seed4_fusion,0.0,32,1,2,0.04851758989505991
summary_ridge_fusion,none,0.0,36,1,2,0.04299493334131953
neural_fusion,neural_bidir_seed0_fusion,0.0,36,1,2,0.05094391966195983
neural_fusion,neural_bidir_seed1_fusion,0.0,36,1,2,0.05249583378647097
neural_fusion,neural_bidir_seed2_fusion,0.0,36,1,2,0.04410571620027005
neural_fusion,neural_bidir_seed3_fusion,0.0,36,1,2,0.04206502692944733
neural_fusion,neural_bidir_seed4_fusion,0.0,36,1,2,0.045068248783213694
summary_ridge_prior,none,0.0,0,1,3,0.05386606606006072
neural_prior,neural_bidir_seed0_prior,0.0,0,1,3,0.06765585269022267
neural_prior,neural_bidir_seed1_prior,0.0,0,1,3,0.07229664508486167
neural_prior,neural_bidir_seed2_prior,0.0,0,1,3,0.05539966915966943
neural_prior,neural_bidir_seed3_prior,0.0,0,1,3,0.05225771297409665
neural_prior,neural_bidir_seed4_prior,0.0,0,1,3,0.05817622317408677
dfe,none,0.0,32,1,3,0.0889641865947686
dfe,none,0.0,92,1,3,0.05213315088069692
summary_ridge_fusion,none,0.0,32,1,3,0.04526919411162844
neural_fusion,neural_bidir_seed0_fusion,0.0,32,1,3,0.05409390762087712
neural_fusion,neural_bidir_seed1_fusion,0.0,32,1,3,0.05597828849155408
neural_fusion,neural_bidir_seed2_fusion,0.0,32,1,3,0.04705999246551602
neural_fusion,neural_bidir_seed3_fusion,0.0,32,1,3,0.04528363308751667
neural_fusion,neural_bidir_seed4_fusion,0.0,32,1,3,0.04859892098235285
summary_ridge_fusion,none,0.0,36,1,3,0.045244662698167355
neural_fusion,neural_bidir_seed0_fusion,0.0,36,1,3,0.05395541975832786
neural_fusion,neural_bidir_seed1_fusion,0.0,36,1,3,0.05553860724346031
neural_fusion,neural_bidir_seed2_fusion,0.0,36,1,3,0.046862946224786955
neural_fusion,neural_bidir_seed3_fusion,0.0,36,1,3,0.04470311197376076
neural_fusion,neural_bidir_seed4_fusion,0.0,36,1,3,0.04793093020903053
summary_ridge_prior,none,0.0,0,1,4,0.05088802926346548
neural_prior,neural_bidir_seed0_prior,0.0,0,1,4,0.06699484337877948
neural_prior,neural_bidir_seed1_prior,0.0,0,1,4,0.07143166939204093
neural_prior,neural_bidir_seed2_prior,0.0,0,1,4,0.053440115589182824
neural_prior,neural_bidir_seed3_prior,0.0,0,1,4,0.050054834253387526
neural_prior,neural_bidir_seed4_prior,0.0,0,1,4,0.055016289741615765
dfe,none,0.0,32,1,4,0.09066406350387049
dfe,none,0.0,92,1,4,0.05237632547101502
summary_ridge_fusion,none,0.0,32,1,4,0.04365919308418369
neural_fusion,neural_bidir_seed0_fusion,0.0,32,1,4,0.05329366881912599
neural_fusion,neural_bidir_seed1_fusion,0.0,32,1,4,0.0551838156489639
neural_fusion,neural_bidir_seed2_fusion,0.0,32,1,4,0.04565921271661515
neural_fusion,neural_bidir_seed3_fusion,0.0,32,1,4,0.04368986887876384
neural_fusion,neural_bidir_seed4_fusion,0.0,32,1,4,0.046818744353634596
summary_ridge_fusion,none,0.0,36,1,4,0.044062661928823785
neural_fusion,neural_bidir_seed0_fusion,0.0,36,1,4,0.05337610062124619
neural_fusion,neural_bidir_seed1_fusion,0.0,36,1,4,0.05522997703465727
neural_fusion,neural_bidir_seed2_fusion,0.0,36,1,4,0.04598944278736572
neural_fusion,neural_bidir_seed3_fusion,0.0,36,1,4,0.044090347568454084
neural_fusion,neural_bidir_seed4_fusion,0.0,36,1,4,0.04715588058560384
summary_ridge_prior,none,0.0,0,2,0,0.04512123422160266
neural_prior,neural_bidir_seed0_prior,0.0,0,2,0,0.06683660148701165
neural_prior,neural_bidir_seed1_prior,0.0,0,2,0,0.07130201223480981
neural_prior,neural_bidir_seed2_prior,0.0,0,2,0,0.05239018623251468
neural_prior,neural_bidir_seed3_prior,0.0,0,2,0,0.0481583064829465
neural_prior,neural_bidir_seed4_prior,0.0,0,2,0,0.0546835174318403
dfe,none,0.0,32,2,0,0.09010016604787036
dfe,none,0.0,92,2,0,0.05351900930644103
summary_ridge_fusion,none,0.0,32,2,0,0.04405102922265109
neural_fusion,neural_bidir_seed0_fusion,0.0,32,2,0,0.0541349491631829
neural_fusion,neural_bidir_seed1_fusion,0.0,32,2,0,0.056413023938436294
neural_fusion,neural_bidir_seed2_fusion,0.0,32,2,0,0.04667803123241246
neural_fusion,neural_bidir_seed3_fusion,0.0,32,2,0,0.04378022046882293
neural_fusion,neural_bidir_seed4_fusion,0.0,32,2,0,0.048434715006700796
summary_ridge_fusion,none,0.0,36,2,0,0.04351437807151913
neural_fusion,neural_bidir_seed0_fusion,0.0,36,2,0,0.0521884437236206
neural_fusion,neural_bidir_seed1_fusion,0.0,36,2,0,0.05434371446392956
neural_fusion,neural_bidir_seed2_fusion,0.0,36,2,0,0.045422086850214
neural_fusion,neural_bidir_seed3_fusion,0.0,36,2,0,0.042755783440719966
neural_fusion,neural_bidir_seed4_fusion,0.0,36,2,0,0.04721340763635674
summary_ridge_prior,none,0.0,0,2,1,0.05355421183237541
neural_prior,neural_bidir_seed0_prior,0.0,0,2,1,0.06731331389164552
neural_prior,neural_bidir_seed1_prior,0.0,0,2,1,0.07202562893508002
neural_prior,neural_bidir_seed2_prior,0.0,0,2,1,0.05156520345190074
neural_prior,neural_bidir_seed3_prior,0.0,0,2,1,0.04762580367969349
neural_prior,neural_bidir_seed4_prior,0.0,0,2,1,0.05283111422613729
dfe,none,0.0,32,2,1,0.0881124854632865
dfe,none,0.0,92,2,1,0.05311607898260537
summary_ridge_fusion,none,0.0,32,2,1,0.046913760217268036
neural_fusion,neural_bidir_seed0_fusion,0.0,32,2,1,0.05261105410164195
neural_fusion,neural_bidir_seed1_fusion,0.0,32,2,1,0.055030659196319685
neural_fusion,neural_bidir_seed2_fusion,0.0,32,2,1,0.045015586941015595
neural_fusion,neural_bidir_seed3_fusion,0.0,32,2,1,0.04259159112042707
neural_fusion,neural_bidir_seed4_fusion,0.0,32,2,1,0.04585556088627035
summary_ridge_fusion,none,0.0,36,2,1,0.04626429666077776
neural_fusion,neural_bidir_seed0_fusion,0.0,36,2,1,0.051861544344775856
neural_fusion,neural_bidir_seed1_fusion,0.0,36,2,1,0.0536652226404371
neural_fusion,neural_bidir_seed2_fusion,0.0,36,2,1,0.04399513634681103
neural_fusion,neural_bidir_seed3_fusion,0.0,36,2,1,0.04176522208686863
neural_fusion,neural_bidir_seed4_fusion,0.0,36,2,1,0.04505659561958151
summary_ridge_prior,none,0.0,0,2,2,0.04943662953506788
neural_prior,neural_bidir_seed0_prior,0.0,0,2,2,0.06672163611801807
neural_prior,neural_bidir_seed1_prior,0.0,0,2,2,0.07129473236273043
neural_prior,neural_bidir_seed2_prior,0.0,0,2,2,0.05113852649810724
neural_prior,neural_bidir_seed3_prior,0.0,0,2,2,0.047202914181980304
neural_prior,neural_bidir_seed4_prior,0.0,0,2,2,0.0521407706401078
dfe,none,0.0,32,2,2,0.08927586875956464
dfe,none,0.0,92,2,2,0.05352571885031397
summary_ridge_fusion,none,0.0,32,2,2,0.04385695056091159
neural_fusion,neural_bidir_seed0_fusion,0.0,32,2,2,0.052423678380089725
neural_fusion,neural_bidir_seed1_fusion,0.0,32,2,2,0.05416821820798165
neural_fusion,neural_bidir_seed2_fusion,0.0,32,2,2,0.0442156314284837
neural_fusion,neural_bidir_seed3_fusion,0.0,32,2,2,0.04166653866425031
neural_fusion,neural_bidir_seed4_fusion,0.0,32,2,2,0.0451694846278379
summary_ridge_fusion,none,0.0,36,2,2,0.04405297177201375
neural_fusion,neural_bidir_seed0_fusion,0.0,36,2,2,0.05131147748036011
neural_fusion,neural_bidir_seed1_fusion,0.0,36,2,2,0.05305032039648616
neural_fusion,neural_bidir_seed2_fusion,0.0,36,2,2,0.044010786326656615
neural_fusion,neural_bidir_seed3_fusion,0.0,36,2,2,0.04167165579873181
neural_fusion,neural_bidir_seed4_fusion,0.0,36,2,2,0.04432386880848023
summary_ridge_prior,none,0.0,0,2,3,0.04633459567401063
neural_prior,neural_bidir_seed0_prior,0.0,0,2,3,0.06702882240642793
neural_prior,neural_bidir_seed1_prior,0.0,0,2,3,0.07175997605372686
neural_prior,neural_bidir_seed2_prior,0.0,0,2,3,0.05141408015333582
neural_prior,neural_bidir_seed3_prior,0.0,0,2,3,0.047364977552206255
neural_prior,neural_bidir_seed4_prior,0.0,0,2,3,0.05292978961369954
dfe,none,0.0,32,2,3,0.08897802099262747
dfe,none,0.0,92,2,3,0.052163803141647994
summary_ridge_fusion,none,0.0,32,2,3,0.04511121756924255
neural_fusion,neural_bidir_seed0_fusion,0.0,32,2,3,0.05358199490259451
neural_fusion,neural_bidir_seed1_fusion,0.0,32,2,3,0.05572642502679401
neural_fusion,neural_bidir_seed2_fusion,0.0,32,2,3,0.04524817051609083
neural_fusion,neural_bidir_seed3_fusion,0.0,32,2,3,0.042536705317988775
neural_fusion,neural_bidir_seed4_fusion,0.0,32,2,3,0.04700894804831325
summary_ridge_fusion,none,0.0,36,2,3,0.04103966122703247
neural_fusion,neural_bidir_seed0_fusion,0.0,36,2,3,0.050662755182130106
neural_fusion,neural_bidir_seed1_fusion,0.0,36,2,3,0.05274425181250486
neural_fusion,neural_bidir_seed2_fusion,0.0,36,2,3,0.04324387472824651
neural_fusion,neural_bidir_seed3_fusion,0.0,36,2,3,0.04095284789182019
neural_fusion,neural_bidir_seed4_fusion,0.0,36,2,3,0.04446143081208869
summary_ridge_prior,none,0.0,0,2,4,0.05173124845291856
neural_prior,neural_bidir_seed0_prior,0.0,0,2,4,0.06745222587778699
neural_prior,neural_bidir_seed1_prior,0.0,0,2,4,0.07192703570763115
neural_prior,neural_bidir_seed2_prior,0.0,0,2,4,0.05169882556947414
neural_prior,neural_bidir_seed3_prior,0.0,0,2,4,0.04755924435448833
neural_prior,neural_bidir_seed4_prior,0.0,0,2,4,0.053250419106916524
dfe,none,0.0,32,2,4,0.08794391715914986
dfe,none,0.0,92,2,4,0.05274243196300406
summary_ridge_fusion,none,0.0,32,2,4,0.046551721016057326
neural_fusion,neural_bidir_seed0_fusion,0.0,32,2,4,0.05349649367997715
neural_fusion,neural_bidir_seed1_fusion,0.0,32,2,4,0.0555028733702271
neural_fusion,neural_bidir_seed2_fusion,0.0,32,2,4,0.0452713968292994
neural_fusion,neural_bidir_seed3_fusion,0.0,32,2,4,0.04267908002418893
neural_fusion,neural_bidir_seed4_fusion,0.0,32,2,4,0.046349742457161405
summary_ridge_fusion,none,0.0,36,2,4,0.04551135664850421
neural_fusion,neural_bidir_seed0_fusion,0.0,36,2,4,0.05230672223812789
neural_fusion,neural_bidir_seed1_fusion,0.0,36,2,4,0.05406127989983113
neural_fusion,neural_bidir_seed2_fusion,0.0,36,2,4,0.044599939484230924
neural_fusion,neural_bidir_seed3_fusion,0.0,36,2,4,0.041980098018898786
neural_fusion,neural_bidir_seed4_fusion,0.0,36,2,4,0.045615553290242056
summary_ridge_prior,none,0.0,0,3,0,0.045639488405701936
neural_prior,neural_bidir_seed0_prior,0.0,0,3,0,0.06666546630731318
neural_prior,neural_bidir_seed1_prior,0.0,0,3,0,0.07144886556488927
neural_prior,neural_bidir_seed2_prior,0.0,0,3,0,0.05124298098962754
neural_prior,neural_bidir_seed3_prior,0.0,0,3,0,0.047125175668043084
neural_prior,neural_bidir_seed4_prior,0.0,0,3,0,0.05299623929022346
dfe,none,0.0,32,3,0,0.08873229818074668
dfe,none,0.0,92,3,0,0.05234402139525315
summary_ridge_fusion,none,0.0,32,3,0,0.04076127922053481
neural_fusion,neural_bidir_seed0_fusion,0.0,32,3,0,0.05383424758816565
neural_fusion,neural_bidir_seed1_fusion,0.0,32,3,0,0.05578104889353651
neural_fusion,neural_bidir_seed2_fusion,0.0,32,3,0,0.045276203044924454
neural_fusion,neural_bidir_seed3_fusion,0.0,32,3,0,0.04282926419995649
neural_fusion,neural_bidir_seed4_fusion,0.0,32,3,0,0.04608476052013935
summary_ridge_fusion,none,0.0,36,3,0,0.04213449769025706
neural_fusion,neural_bidir_seed0_fusion,0.0,36,3,0,0.051268765235137195
neural_fusion,neural_bidir_seed1_fusion,0.0,36,3,0,0.05327538812496452
neural_fusion,neural_bidir_seed2_fusion,0.0,36,3,0,0.044950607369234036
neural_fusion,neural_bidir_seed3_fusion,0.0,36,3,0,0.04282548010071679
neural_fusion,neural_bidir_seed4_fusion,0.0,36,3,0,0.046357852844696706
summary_ridge_prior,none,0.0,0,3,1,0.05112879081645713
neural_prior,neural_bidir_seed0_prior,0.0,0,3,1,0.06654571906256024
neural_prior,neural_bidir_seed1_prior,0.0,0,3,1,0.07043757439532783
neural_prior,neural_bidir_seed2_prior,0.0,0,3,1,0.05212502556969412
neural_prior,neural_bidir_seed3_prior,0.0,0,3,1,0.04904804236139171
neural_prior,neural_bidir_seed4_prior,0.0,0,3,1,0.05296643941255752
dfe,none,0.0,32,3,1,0.08810812169209715
dfe,none,0.0,92,3,1,0.05193122740448779
summary_ridge_fusion,none,0.0,32,3,1,0.04514897871223321
neural_fusion,neural_bidir_seed0_fusion,0.0,32,3,1,0.054349055006697455
neural_fusion,neural_bidir_seed1_fusion,0.0,32,3,1,0.05578019357716793
neural_fusion,neural_bidir_seed2_fusion,0.0,32,3,1,0.047095764555950714
neural_fusion,neural_bidir_seed3_fusion,0.0,32,3,1,0.04512404867428149
neural_fusion,neural_bidir_seed4_fusion,0.0,32,3,1,0.04787752014335209
summary_ridge_fusion,none,0.0,36,3,1,0.044153358599434936
neural_fusion,neural_bidir_seed0_fusion,0.0,36,3,1,0.05101552798956105
neural_fusion,neural_bidir_seed1_fusion,0.0,36,3,1,0.052540870270249874
neural_fusion,neural_bidir_seed2_fusion,0.0,36,3,1,0.04433842435270103
neural_fusion,neural_bidir_seed3_fusion,0.0,36,3,1,0.04238403686489094
neural_fusion,neural_bidir_seed4_fusion,0.0,36,3,1,0.044992682424703445
summary_ridge_prior,none,0.0,0,3,2,0.042432077076961304
neural_prior,neural_bidir_seed0_prior,0.0,0,3,2,0.06570473664032761
neural_prior,neural_bidir_seed1_prior,0.0,0,3,2,0.06941219368309248
neural_prior,neural_bidir_seed2_prior,0.0,0,3,2,0.05105723852466326
neural_prior,neural_bidir_seed3_prior,0.0,0,3,2,0.04726961985579692
neural_prior,neural_bidir_seed4_prior,0.0,0,3,2,0.05194264724559616
dfe,none,0.0,32,3,2,0.08949569995139345
dfe,none,0.0,92,3,2,0.052866332989620415
summary_ridge_fusion,none,0.0,32,3,2,0.0398986931026617
neural_fusion,neural_bidir_seed0_fusion,0.0,32,3,2,0.056346205379132666
neural_fusion,neural_bidir_seed1_fusion,0.0,32,3,2,0.0575210906819781
neural_fusion,neural_bidir_seed2_fusion,0.0,32,3,2,0.04818677803160728
neural_fusion,neural_bidir_seed3_fusion,0.0,32,3,2,0.045702365896520436
neural_fusion,neural_bidir_seed4_fusion,0.0,32,3,2,0.04738867570404853
summary_ridge_fusion,none,0.0,36,3,2,0.039751610524602646
neural_fusion,neural_bidir_seed0_fusion,0.0,36,3,2,0.051084695076576155
neural_fusion,neural_bidir_seed1_fusion,0.0,36,3,2,0.05246945022309925
neural_fusion,neural_bidir_seed2_fusion,0.0,36,3,2,0.04360509998757425
neural_fusion,neural_bidir_seed3_fusion,0.0,36,3,2,0.041369931934199355
neural_fusion,neural_bidir_seed4_fusion,0.0,36,3,2,0.04412113258775674
summary_ridge_prior,none,0.0,0,3,3,0.04613531182598693
neural_prior,neural_bidir_seed0_prior,0.0,0,3,3,0.06660685988026671
neural_prior,neural_bidir_seed1_prior,0.0,0,3,3,0.07145029147795867
neural_prior,neural_bidir_seed2_prior,0.0,0,3,3,0.051590476316050626
neural_prior,neural_bidir_seed3_prior,0.0,0,3,3,0.04728176495700609
neural_prior,neural_bidir_seed4_prior,0.0,0,3,3,0.053482539296965115
dfe,none,0.0,32,3,3,0.08914923446797979
dfe,none,0.0,92,3,3,0.05253337076896432
summary_ridge_fusion,none,0.0,32,3,3,0.041120114135487135
neural_fusion,neural_bidir_seed0_fusion,0.0,32,3,3,0.052113314031361276
neural_fusion,neural_bidir_seed1_fusion,0.0,32,3,3,0.05433576803623758
neural_fusion,neural_bidir_seed2_fusion,0.0,32,3,3,0.044430346554959255
neural_fusion,neural_bidir_seed3_fusion,0.0,32,3,3,0.04191397563798847
neural_fusion,neural_bidir_seed4_fusion,0.0,32,3,3,0.045998169961000056
summary_ridge_fusion,none,0.0,36,3,3,0.040943538342963576
neural_fusion,neural_bidir_seed0_fusion,0.0,36,3,3,0.051573952405859505
neural_fusion,neural_bidir_seed1_fusion,0.0,36,3,3,0.05374276334108287
neural_fusion,neural_bidir_seed2_fusion,0.0,36,3,3,0.04394624318281204
neural_fusion,neural_bidir_seed3_fusion,0.0,36,3,3,0.04145243161595738
neural_fusion,neural_bidir_seed4_fusion,0.0,36,3,3,0.045296661637568264
summary_ridge_prior,none,0.0,0,3,4,0.04819150716026822
neural_prior,neural_bidir_seed0_prior,0.0,0,3,4,0.0655533048993675
neural_prior,neural_bidir_seed1_prior,0.0,0,3,4,0.06989122067170683
neural_prior,neural_bidir_seed2_prior,0.0,0,3,4,0.051449475562549196
neural_prior,neural_bidir_seed3_prior,0.0,0,3,4,0.047618885946576484
neural_prior,neural_bidir_seed4_prior,0.0,0,3,4,0.05345392783056013
dfe,none,0.0,32,3,4,0.08887335644103586
dfe,none,0.0,92,3,4,0.05245910224452194
summary_ridge_fusion,none,0.0,32,3,4,0.04788065054853842
neural_fusion,neural_bidir_seed0_fusion,0.0,32,3,4,0.055312991573684855
neural_fusion,neural_bidir_seed1_fusion,0.0,32,3,4,0.05770789466280278
neural_fusion,neural_bidir_seed2_fusion,0.0,32,3,4,0.04809291585043744
neural_fusion,neural_bidir_seed3_fusion,0.0,32,3,4,0.045219571985351606
neural_fusion,neural_bidir_seed4_fusion,0.0,32,3,4,0.04896939665705285
summary_ridge_fusion,none,0.0,36,3,4,0.0434536659860289
neural_fusion,neural_bidir_seed0_fusion,0.0,36,3,4,0.05120377179373228
neural_fusion,neural_bidir_seed1_fusion,0.0,36,3,4,0.053142952632705104
neural_fusion,neural_bidir_seed2_fusion,0.0,36,3,4,0.04634605467729232
neural_fusion,neural_bidir_seed3_fusion,0.0,36,3,4,0.04488813414055721
neural_fusion,neural_bidir_seed4_fusion,0.0,36,3,4,0.048508729941906664
summary_ridge_prior,none,0.0,0,4,0,0.05924593936137115
neural_prior,neural_bidir_seed0_prior,0.0,0,4,0,0.07048273268446792
neural_prior,neural_bidir_seed1_prior,0.0,0,4,0,0.07498900209611747
neural_prior,neural_bidir_seed2_prior,0.0,0,4,0,0.055241484398720786
neural_prior,neural_bidir_seed3_prior,0.0,0,4,0,0.0512539635237772
neural_prior,neural_bidir_seed4_prior,0.0,0,4,0,0.057269316515885293
dfe,none,0.0,32,4,0,0.08831781792528504
dfe,none,0.0,92,4,0,0.0530563676534521
summary_ridge_fusion,none,0.0,32,4,0,0.04937825654749445
neural_fusion,neural_bidir_seed0_fusion,0.0,32,4,0,0.05475350981411169
neural_fusion,neural_bidir_seed1_fusion,0.0,32,4,0,0.056510415751663684
neural_fusion,neural_bidir_seed2_fusion,0.0,32,4,0,0.0475414861413727
neural_fusion,neural_bidir_seed3_fusion,0.0,32,4,0,0.04576617370819007
neural_fusion,neural_bidir_seed4_fusion,0.0,32,4,0,0.04902355531764243
summary_ridge_fusion,none,0.0,36,4,0,0.049002385088401074
neural_fusion,neural_bidir_seed0_fusion,0.0,36,4,0,0.058531131967610256
neural_fusion,neural_bidir_seed1_fusion,0.0,36,4,0,0.059787102574148016
neural_fusion,neural_bidir_seed2_fusion,0.0,36,4,0,0.05199180391574605
neural_fusion,neural_bidir_seed3_fusion,0.0,36,4,0,0.0504031564252722
neural_fusion,neural_bidir_seed4_fusion,0.0,36,4,0,0.05294158551674543
summary_ridge_prior,none,0.0,0,4,1,0.05625573059631965
neural_prior,neural_bidir_seed0_prior,0.0,0,4,1,0.06692598752852064
neural_prior,neural_bidir_seed1_prior,0.0,0,4,1,0.07183617482951377
neural_prior,neural_bidir_seed2_prior,0.0,0,4,1,0.05085203950875439
neural_prior,neural_bidir_seed3_prior,0.0,0,4,1,0.04678623731888365
neural_prior,neural_bidir_seed4_prior,0.0,0,4,1,0.05234701342124026
dfe,none,0.0,32,4,1,0.08732749066495507
dfe,none,0.0,92,4,1,0.052588625165529965
summary_ridge_fusion,none,0.0,32,4,1,0.04991870312693855
neural_fusion,neural_bidir_seed0_fusion,0.0,32,4,1,0.05204028573274948
neural_fusion,neural_bidir_seed1_fusion,0.0,32,4,1,0.0540695289572132
neural_fusion,neural_bidir_seed2_fusion,0.0,32,4,1,0.04356847138454609
neural_fusion,neural_bidir_seed3_fusion,0.0,32,4,1,0.04127211679812995
neural_fusion,neural_bidir_seed4_fusion,0.0,32,4,1,0.044638014252933844
summary_ridge_fusion,none,0.0,36,4,1,0.04699525744184534
neural_fusion,neural_bidir_seed0_fusion,0.0,36,4,1,0.05198880738502564
neural_fusion,neural_bidir_seed1_fusion,0.0,36,4,1,0.053716438937472355
neural_fusion,neural_bidir_seed2_fusion,0.0,36,4,1,0.04466379774165562
neural_fusion,neural_bidir_seed3_fusion,0.0,36,4,1,0.042398860187318664
neural_fusion,neural_bidir_seed4_fusion,0.0,36,4,1,0.045530370069000146
summary_ridge_prior,none,0.0,0,4,2,0.05528716801785902
neural_prior,neural_bidir_seed0_prior,0.0,0,4,2,0.06788046545989346
neural_prior,neural_bidir_seed1_prior,0.0,0,4,2,0.07283125791582279
neural_prior,neural_bidir_seed2_prior,0.0,0,4,2,0.05296272841223981
neural_prior,neural_bidir_seed3_prior,0.0,0,4,2,0.0489905922440812
neural_prior,neural_bidir_seed4_prior,0.0,0,4,2,0.05526780127547681
dfe,none,0.0,32,4,2,0.08721855972200337
dfe,none,0.0,92,4,2,0.05186847382946746
summary_ridge_fusion,none,0.0,32,4,2,0.04962151641763214
neural_fusion,neural_bidir_seed0_fusion,0.0,32,4,2,0.05790400588950058
neural_fusion,neural_bidir_seed1_fusion,0.0,32,4,2,0.06057963668583089
neural_fusion,neural_bidir_seed2_fusion,0.0,32,4,2,0.04962515187778693
neural_fusion,neural_bidir_seed3_fusion,0.0,32,4,2,0.04706737920080657
neural_fusion,neural_bidir_seed4_fusion,0.0,32,4,2,0.05145451325248092
summary_ridge_fusion,none,0.0,36,4,2,0.047320992705683906
neural_fusion,neural_bidir_seed0_fusion,0.0,36,4,2,0.05574398946478111
neural_fusion,neural_bidir_seed1_fusion,0.0,36,4,2,0.05802506352918704
neural_fusion,neural_bidir_seed2_fusion,0.0,36,4,2,0.047184250625577524
neural_fusion,neural_bidir_seed3_fusion,0.0,36,4,2,0.04468177198349963
neural_fusion,neural_bidir_seed4_fusion,0.0,36,4,2,0.04858191690996898
summary_ridge_prior,none,0.0,0,4,3,0.049822124517288485
neural_prior,neural_bidir_seed0_prior,0.0,0,4,3,0.06713210607995279
neural_prior,neural_bidir_seed1_prior,0.0,0,4,3,0.07030692406988237
neural_prior,neural_bidir_seed2_prior,0.0,0,4,3,0.05141331061895471
neural_prior,neural_bidir_seed3_prior,0.0,0,4,3,0.047691393905552104
neural_prior,neural_bidir_seed4_prior,0.0,0,4,3,0.051895798635086976
dfe,none,0.0,32,4,3,0.0885621988193386
dfe,none,0.0,92,4,3,0.05216542023546388
summary_ridge_fusion,none,0.0,32,4,3,0.047300228795855104
neural_fusion,neural_bidir_seed0_fusion,0.0,32,4,3,0.05160863159328423
neural_fusion,neural_bidir_seed1_fusion,0.0,32,4,3,0.052987196466620326
neural_fusion,neural_bidir_seed2_fusion,0.0,32,4,3,0.04473598436433343
neural_fusion,neural_bidir_seed3_fusion,0.0,32,4,3,0.04324744764188661
neural_fusion,neural_bidir_seed4_fusion,0.0,32,4,3,0.04613620573414759
summary_ridge_fusion,none,0.0,36,4,3,0.04508792643965875
neural_fusion,neural_bidir_seed0_fusion,0.0,36,4,3,0.051752087461238515
neural_fusion,neural_bidir_seed1_fusion,0.0,36,4,3,0.05296397505537333
neural_fusion,neural_bidir_seed2_fusion,0.0,36,4,3,0.04477975778360179
neural_fusion,neural_bidir_seed3_fusion,0.0,36,4,3,0.042784408291003474
neural_fusion,neural_bidir_seed4_fusion,0.0,36,4,3,0.04586493876273982
summary_ridge_prior,none,0.0,0,4,4,0.05506913522377002
neural_prior,neural_bidir_seed0_prior,0.0,0,4,4,0.06623385603597853
neural_prior,neural_bidir_seed1_prior,0.0,0,4,4,0.07054514120682143
neural_prior,neural_bidir_seed2_prior,0.0,0,4,4,0.051363033620873466
neural_prior,neural_bidir_seed3_prior,0.0,0,4,4,0.048270100087393075
neural_prior,neural_bidir_seed4_prior,0.0,0,4,4,0.05241081117128488
dfe,none,0.0,32,4,4,0.08737701716308949
dfe,none,0.0,92,4,4,0.05206948292575606
summary_ridge_fusion,none,0.0,32,4,4,0.04724959251348661
neural_fusion,neural_bidir_seed0_fusion,0.0,32,4,4,0.05195885843613019
neural_fusion,neural_bidir_seed1_fusion,0.0,32,4,4,0.053976959420676374
neural_fusion,neural_bidir_seed2_fusion,0.0,32,4,4,0.04433053667062119
neural_fusion,neural_bidir_seed3_fusion,0.0,32,4,4,0.04240571307645032
neural_fusion,neural_bidir_seed4_fusion,0.0,32,4,4,0.04516236015607428
summary_ridge_fusion,none,0.0,36,4,4,0.04584810206304025
neural_fusion,neural_bidir_seed0_fusion,0.0,36,4,4,0.05093940548601726
neural_fusion,neural_bidir_seed1_fusion,0.0,36,4,4,0.052647090802025745
neural_fusion,neural_bidir_seed2_fusion,0.0,36,4,4,0.043634242803252586
neural_fusion,neural_bidir_seed3_fusion,0.0,36,4,4,0.04197545922629977
neural_fusion,neural_bidir_seed4_fusion,0.0,36,4,4,0.04488313833464507
summary_ridge_prior,none,0.0,0,5,0,0.04723718877644391
neural_prior,neural_bidir_seed0_prior,0.0,0,5,0,0.06750953478331212
neural_prior,neural_bidir_seed1_prior,0.0,0,5,0,0.07237341634754557
neural_prior,neural_bidir_seed2_prior,0.0,0,5,0,0.05222096627403516
neural_prior,neural_bidir_seed3_prior,0.0,0,5,0,0.04807641227671411
neural_prior,neural_bidir_seed4_prior,0.0,0,5,0,0.05371179964276962
dfe,none,0.0,32,5,0,0.0907503356220497
dfe,none,0.0,92,5,0,0.05314292584286792
summary_ridge_fusion,none,0.0,32,5,0,0.04248566390724917
neural_fusion,neural_bidir_seed0_fusion,0.0,32,5,0,0.054224949577075535
neural_fusion,neural_bidir_seed1_fusion,0.0,32,5,0,0.05649693496318833
neural_fusion,neural_bidir_seed2_fusion,0.0,32,5,0,0.04554594281944197
neural_fusion,neural_bidir_seed3_fusion,0.0,32,5,0,0.04292576587782558
neural_fusion,neural_bidir_seed4_fusion,0.0,32,5,0,0.04650100205726363
summary_ridge_fusion,none,0.0,36,5,0,0.0412534796170667
neural_fusion,neural_bidir_seed0_fusion,0.0,36,5,0,0.05199353460439122
neural_fusion,neural_bidir_seed1_fusion,0.0,36,5,0,0.0539810690065078
neural_fusion,neural_bidir_seed2_fusion,0.0,36,5,0,0.04438583754389185
neural_fusion,neural_bidir_seed3_fusion,0.0,36,5,0,0.04204541505175961
neural_fusion,neural_bidir_seed4_fusion,0.0,36,5,0,0.045623889296888376
summary_ridge_prior,none,0.0,0,5,1,0.04565094987647353
neural_prior,neural_bidir_seed0_prior,0.0,0,5,1,0.0664651742845308
neural_prior,neural_bidir_seed1_prior,0.0,0,5,1,0.07146574127546046
neural_prior,neural_bidir_seed2_prior,0.0,0,5,1,0.050939366992679425
neural_prior,neural_bidir_seed3_prior,0.0,0,5,1,0.0470265796611784
neural_prior,neural_bidir_seed4_prior,0.0,0,5,1,0.052587523590773344
dfe,none,0.0,32,5,1,0.0882787558012007
dfe,none,0.0,92,5,1,0.05268644415566908
summary_ridge_fusion,none,0.0,32,5,1,0.04398171610541825
neural_fusion,neural_bidir_seed0_fusion,0.0,32,5,1,0.052446428809756834
neural_fusion,neural_bidir_seed1_fusion,0.0,32,5,1,0.05480656505776943
neural_fusion,neural_bidir_seed2_fusion,0.0,32,5,1,0.0441931604877389
neural_fusion,neural_bidir_seed3_fusion,0.0,32,5,1,0.04205249069770298
neural_fusion,neural_bidir_seed4_fusion,0.0,32,5,1,0.045780526378574125
summary_ridge_fusion,none,0.0,36,5,1,0.04046121142509346
neural_fusion,neural_bidir_seed0_fusion,0.0,36,5,1,0.05012627917417545
neural_fusion,neural_bidir_seed1_fusion,0.0,36,5,1,0.0517903776483377
neural_fusion,neural_bidir_seed2_fusion,0.0,36,5,1,0.04288541593840019
neural_fusion,neural_bidir_seed3_fusion,0.0,36,5,1,0.04081095865485437
neural_fusion,neural_bidir_seed4_fusion,0.0,36,5,1,0.04392844952512946
summary_ridge_prior,none,0.0,0,5,2,0.048823918259987775
neural_prior,neural_bidir_seed0_prior,0.0,0,5,2,0.06939118336595129
neural_prior,neural_bidir_seed1_prior,0.0,0,5,2,0.0744125618803082
neural_prior,neural_bidir_seed2_prior,0.0,0,5,2,0.055921900682733394
neural_prior,neural_bidir_seed3_prior,0.0,0,5,2,0.052624098912929185
neural_prior,neural_bidir_seed4_prior,0.0,0,5,2,0.057436689516180195
dfe,none,0.0,32,5,2,0.0881094146231507
dfe,none,0.0,92,5,2,0.05097057156966403
summary_ridge_fusion,none,0.0,32,5,2,0.042959065459279216
neural_fusion,neural_bidir_seed0_fusion,0.0,32,5,2,0.05522165177450397
neural_fusion,neural_bidir_seed1_fusion,0.0,32,5,2,0.057267329852864486
neural_fusion,neural_bidir_seed2_fusion,0.0,32,5,2,0.04853508757308995
neural_fusion,neural_bidir_seed3_fusion,0.0,32,5,2,0.04639311478284847
neural_fusion,neural_bidir_seed4_fusion,0.0,32,5,2,0.049593683539602695
summary_ridge_fusion,none,0.0,36,5,2,0.042392572268556986
neural_fusion,neural_bidir_seed0_fusion,0.0,36,5,2,0.05430357366256942
neural_fusion,neural_bidir_seed1_fusion,0.0,36,5,2,0.056092100662875496
neural_fusion,neural_bidir_seed2_fusion,0.0,36,5,2,0.04792776414295912
neural_fusion,neural_bidir_seed3_fusion,0.0,36,5,2,0.04615286888793829
neural_fusion,neural_bidir_seed4_fusion,0.0,36,5,2,0.048826449524112664
summary_ridge_prior,none,0.0,0,5,3,0.04739822311604776
neural_prior,neural_bidir_seed0_prior,0.0,0,5,3,0.06763700836745556
neural_prior,neural_bidir_seed1_prior,0.0,0,5,3,0.07289827839122154
neural_prior,neural_bidir_seed2_prior,0.0,0,5,3,0.052171599396388046
neural_prior,neural_bidir_seed3_prior,0.0,0,5,3,0.0479291681695031
neural_prior,neural_bidir_seed4_prior,0.0,0,5,3,0.05446451854368206
dfe,none,0.0,32,5,3,0.08925789290224204
dfe,none,0.0,92,5,3,0.052335443633473325
summary_ridge_fusion,none,0.0,32,5,3,0.04241111886889069
neural_fusion,neural_bidir_seed0_fusion,0.0,32,5,3,0.054360329958257486
neural_fusion,neural_bidir_seed1_fusion,0.0,32,5,3,0.05654952323001047
neural_fusion,neural_bidir_seed2_fusion,0.0,32,5,3,0.047168474633666815
neural_fusion,neural_bidir_seed3_fusion,0.0,32,5,3,0.044832140473578246
neural_fusion,neural_bidir_seed4_fusion,0.0,32,5,3,0.049561483261040304
summary_ridge_fusion,none,0.0,36,5,3,0.04239169169105338
neural_fusion,neural_bidir_seed0_fusion,0.0,36,5,3,0.05279139382239227
neural_fusion,neural_bidir_seed1_fusion,0.0,36,5,3,0.05458155325172723
neural_fusion,neural_bidir_seed2_fusion,0.0,36,5,3,0.0462099794900112
neural_fusion,neural_bidir_seed3_fusion,0.0,36,5,3,0.0440668887040669
neural_fusion,neural_bidir_seed4_fusion,0.0,36,5,3,0.04841273518195985
summary_ridge_prior,none,0.0,0,5,4,0.0466578468917383
neural_prior,neural_bidir_seed0_prior,0.0,0,5,4,0.06674280446895864
neural_prior,neural_bidir_seed1_prior,0.0,0,5,4,0.07155761151807383
neural_prior,neural_bidir_seed2_prior,0.0,0,5,4,0.05169297941029072
neural_prior,neural_bidir_seed3_prior,0.0,0,5,4,0.047767701966222376
neural_prior,neural_bidir_seed4_prior,0.0,0,5,4,0.053424309109686874
dfe,none,0.0,32,5,4,0.08808134530660358
dfe,none,0.0,92,5,4,0.05148278706521171
summary_ridge_fusion,none,0.0,32,5,4,0.04140237156661401
neural_fusion,neural_bidir_seed0_fusion,0.0,32,5,4,0.05231751310691757
neural_fusion,neural_bidir_seed1_fusion,0.0,32,5,4,0.05428423973117474
neural_fusion,neural_bidir_seed2_fusion,0.0,32,5,4,0.04458478688677163
neural_fusion,neural_bidir_seed3_fusion,0.0,32,5,4,0.04231837444082227
neural_fusion,neural_bidir_seed4_fusion,0.0,32,5,4,0.04573477989029233
summary_ridge_fusion,none,0.0,36,5,4,0.0407422936752245
neural_fusion,neural_bidir_seed0_fusion,0.0,36,5,4,0.05098126268000064
neural_fusion,neural_bidir_seed1_fusion,0.0,36,5,4,0.0529834588525677
neural_fusion,neural_bidir_seed2_fusion,0.0,36,5,4,0.04422719982246695
neural_fusion,neural_bidir_seed3_fusion,0.0,36,5,4,0.04210808720144302
neural_fusion,neural_bidir_seed4_fusion,0.0,36,5,4,0.045617969597996855
summary_ridge_prior,none,0.0,0,6,0,0.047142711077575006
neural_prior,neural_bidir_seed0_prior,0.0,0,6,0,0.06816304031235632
neural_prior,neural_bidir_seed1_prior,0.0,0,6,0,0.07166633031738456
neural_prior,neural_bidir_seed2_prior,0.0,0,6,0,0.05461723879852798
neural_prior,neural_bidir_seed3_prior,0.0,0,6,0,0.05104642307560425
neural_prior,neural_bidir_seed4_prior,0.0,0,6,0,0.055148213024949655
dfe,none,0.0,32,6,0,0.08943892196323511
dfe,none,0.0,92,6,0,0.053115599870779406
summary_ridge_fusion,none,0.0,32,6,0,0.04145021585053694
neural_fusion,neural_bidir_seed0_fusion,0.0,32,6,0,0.05336696029838516
neural_fusion,neural_bidir_seed1_fusion,0.0,32,6,0,0.05492743879724028
neural_fusion,neural_bidir_seed2_fusion,0.0,32,6,0,0.04619294177407758
neural_fusion,neural_bidir_seed3_fusion,0.0,32,6,0,0.04408751643401149
neural_fusion,neural_bidir_seed4_fusion,0.0,32,6,0,0.046749592281005184
summary_ridge_fusion,none,0.0,36,6,0,0.04226406534114482
neural_fusion,neural_bidir_seed0_fusion,0.0,36,6,0,0.052231576693016285
neural_fusion,neural_bidir_seed1_fusion,0.0,36,6,0,0.05393986794299402
neural_fusion,neural_bidir_seed2_fusion,0.0,36,6,0,0.04554884083628499
neural_fusion,neural_bidir_seed3_fusion,0.0,36,6,0,0.04341418691733713
neural_fusion,neural_bidir_seed4_fusion,0.0,36,6,0,0.045972332997002374
summary_ridge_prior,none,0.0,0,6,1,0.05164437515893572
neural_prior,neural_bidir_seed0_prior,0.0,0,6,1,0.06549780238128733
neural_prior,neural_bidir_seed1_prior,0.0,0,6,1,0.06939419174159411
neural_prior,neural_bidir_seed2_prior,0.0,0,6,1,0.05072780801856425
neural_prior,neural_bidir_seed3_prior,0.0,0,6,1,0.046772283618338406
neural_prior,neural_bidir_seed4_prior,0.0,0,6,1,0.05186541059811134
dfe,none,0.0,32,6,1,0.08803349923850462
dfe,none,0.0,92,6,1,0.05265527528582982
summary_ridge_fusion,none,0.0,32,6,1,0.04459884975785801
neural_fusion,neural_bidir_seed0_fusion,0.0,32,6,1,0.052095338301495944
neural_fusion,neural_bidir_seed1_fusion,0.0,32,6,1,0.053988135307229165
neural_fusion,neural_bidir_seed2_fusion,0.0,32,6,1,0.04494725297887572
neural_fusion,neural_bidir_seed3_fusion,0.0,32,6,1,0.043160237332248594
neural_fusion,neural_bidir_seed4_fusion,0.0,32,6,1,0.04629378613297123
summary_ridge_fusion,none,0.0,36,6,1,0.0457795463681632
neural_fusion,neural_bidir_seed0_fusion,0.0,36,6,1,0.05081930168688406
neural_fusion,neural_bidir_seed1_fusion,0.0,36,6,1,0.052586929006049804
neural_fusion,neural_bidir_seed2_fusion,0.0,36,6,1,0.044485634720223655
neural_fusion,neural_bidir_seed3_fusion,0.0,36,6,1,0.04295381127745173
neural_fusion,neural_bidir_seed4_fusion,0.0,36,6,1,0.04630709478763413
summary_ridge_prior,none,0.0,0,6,2,0.04533887197536436
neural_prior,neural_bidir_seed0_prior,0.0,0,6,2,0.0663236257241806
neural_prior,neural_bidir_seed1_prior,0.0,0,6,2,0.06953435696777888
neural_prior,neural_bidir_seed2_prior,0.0,0,6,2,0.05221304009319283
neural_prior,neural_bidir_seed3_prior,0.0,0,6,2,0.048487315099919215
neural_prior,neural_bidir_seed4_prior,0.0,0,6,2,0.05312410344777163
dfe,none,0.0,32,6,2,0.09193110591705508
dfe,none,0.0,92,6,2,0.05200102470241867
summary_ridge_fusion,none,0.0,32,6,2,0.04236766008892147
neural_fusion,neural_bidir_seed0_fusion,0.0,32,6,2,0.05251931764773193
neural_fusion,neural_bidir_seed1_fusion,0.0,32,6,2,0.054165005599957565
neural_fusion,neural_bidir_seed2_fusion,0.0,32,6,2,0.04474619370591537
neural_fusion,neural_bidir_seed3_fusion,0.0,32,6,2,0.04259791286793792
neural_fusion,neural_bidir_seed4_fusion,0.0,32,6,2,0.04570267608620791
summary_ridge_fusion,none,0.0,36,6,2,0.04293731598469418
neural_fusion,neural_bidir_seed0_fusion,0.0,36,6,2,0.0522845566152509
neural_fusion,neural_bidir_seed1_fusion,0.0,36,6,2,0.053960791672796965
neural_fusion,neural_bidir_seed2_fusion,0.0,36,6,2,0.04476108864171135
neural_fusion,neural_bidir_seed3_fusion,0.0,36,6,2,0.0423711422662197
neural_fusion,neural_bidir_seed4_fusion,0.0,36,6,2,0.04567094389014316
summary_ridge_prior,none,0.0,0,6,3,0.04635273588273337
neural_prior,neural_bidir_seed0_prior,0.0,0,6,3,0.0678688815823989
neural_prior,neural_bidir_seed1_prior,0.0,0,6,3,0.07090290807536803
neural_prior,neural_bidir_seed2_prior,0.0,0,6,3,0.052722653359523974
neural_prior,neural_bidir_seed3_prior,0.0,0,6,3,0.048902387119596824
neural_prior,neural_bidir_seed4_prior,0.0,0,6,3,0.05396911725983955
dfe,none,0.0,32,6,3,0.08902896935046142
dfe,none,0.0,92,6,3,0.05177601119371942
summary_ridge_fusion,none,0.0,32,6,3,0.042802313268184185
neural_fusion,neural_bidir_seed0_fusion,0.0,32,6,3,0.055542996791814056
neural_fusion,neural_bidir_seed1_fusion,0.0,32,6,3,0.05638224122917676
neural_fusion,neural_bidir_seed2_fusion,0.0,32,6,3,0.04662662026937558
neural_fusion,neural_bidir_seed3_fusion,0.0,32,6,3,0.043970861098169535
neural_fusion,neural_bidir_seed4_fusion,0.0,32,6,3,0.047079806945018114
summary_ridge_fusion,none,0.0,36,6,3,0.04306978293607861
neural_fusion,neural_bidir_seed0_fusion,0.0,36,6,3,0.054040853672683506
neural_fusion,neural_bidir_seed1_fusion,0.0,36,6,3,0.054986222493361804
neural_fusion,neural_bidir_seed2_fusion,0.0,36,6,3,0.045752636967285855
neural_fusion,neural_bidir_seed3_fusion,0.0,36,6,3,0.04332015380281989
neural_fusion,neural_bidir_seed4_fusion,0.0,36,6,3,0.04679637162055325
summary_ridge_prior,none,0.0,0,6,4,0.0510509904347728
neural_prior,neural_bidir_seed0_prior,0.0,0,6,4,0.06609609858423937
neural_prior,neural_bidir_seed1_prior,0.0,0,6,4,0.06981564447050914
neural_prior,neural_bidir_seed2_prior,0.0,0,6,4,0.0518648742872756
neural_prior,neural_bidir_seed3_prior,0.0,0,6,4,0.04809000846580602
neural_prior,neural_bidir_seed4_prior,0.0,0,6,4,0.052946760260965675
dfe,none,0.0,32,6,4,0.08951883253757842
dfe,none,0.0,92,6,4,0.0541084041607426
summary_ridge_fusion,none,0.0,32,6,4,0.04479059621795089
neural_fusion,neural_bidir_seed0_fusion,0.0,32,6,4,0.05286204010698421
neural_fusion,neural_bidir_seed1_fusion,0.0,32,6,4,0.05464792896039236
neural_fusion,neural_bidir_seed2_fusion,0.0,32,6,4,0.04464804453225561
neural_fusion,neural_bidir_seed3_fusion,0.0,32,6,4,0.042317930776451185
neural_fusion,neural_bidir_seed4_fusion,0.0,32,6,4,0.04545475673310442
summary_ridge_fusion,none,0.0,36,6,4,0.04409394509476735
neural_fusion,neural_bidir_seed0_fusion,0.0,36,6,4,0.05182352578579406
neural_fusion,neural_bidir_seed1_fusion,0.0,36,6,4,0.05345683922473136
neural_fusion,neural_bidir_seed2_fusion,0.0,36,6,4,0.04442884010107505
neural_fusion,neural_bidir_seed3_fusion,0.0,36,6,4,0.04223386363850597
neural_fusion,neural_bidir_seed4_fusion,0.0,36,6,4,0.0451404382556404
summary_ridge_prior,none,0.0,0,7,0,0.05048341634286838
neural_prior,neural_bidir_seed0_prior,0.0,0,7,0,0.06676085280196276
neural_prior,neural_bidir_seed1_prior,0.0,0,7,0,0.07121644535800442
neural_prior,neural_bidir_seed2_prior,0.0,0,7,0,0.05319355920073576
neural_prior,neural_bidir_seed3_prior,0.0,0,7,0,0.049599114659940824
neural_prior,neural_bidir_seed4_prior,0.0,0,7,0,0.05583879433106631
dfe,none,0.0,32,7,0,0.0874917063920293
dfe,none,0.0,92,7,0,0.053042409506279684
summary_ridge_fusion,none,0.0,32,7,0,0.044653991770402246
neural_fusion,neural_bidir_seed0_fusion,0.0,32,7,0,0.052568390862461845
neural_fusion,neural_bidir_seed1_fusion,0.0,32,7,0,0.05426971458508176
neural_fusion,neural_bidir_seed2_fusion,0.0,32,7,0,0.045713552237396246
neural_fusion,neural_bidir_seed3_fusion,0.0,32,7,0,0.04380188179896583
neural_fusion,neural_bidir_seed4_fusion,0.0,32,7,0,0.04725629489077882
summary_ridge_fusion,none,0.0,36,7,0,0.046685848347035055
neural_fusion,neural_bidir_seed0_fusion,0.0,36,7,0,0.05078852074976689
neural_fusion,neural_bidir_seed1_fusion,0.0,36,7,0,0.052297974438938626
neural_fusion,neural_bidir_seed2_fusion,0.0,36,7,0,0.044448499219704896
neural_fusion,neural_bidir_seed3_fusion,0.0,36,7,0,0.04275127834809196
neural_fusion,neural_bidir_seed4_fusion,0.0,36,7,0,0.04577384938259714
summary_ridge_prior,none,0.0,0,7,1,0.04638008961753928
neural_prior,neural_bidir_seed0_prior,0.0,0,7,1,0.06800484466657508
neural_prior,neural_bidir_seed1_prior,0.0,0,7,1,0.07063945931440685
neural_prior,neural_bidir_seed2_prior,0.0,0,7,1,0.05493874535022769
neural_prior,neural_bidir_seed3_prior,0.0,0,7,1,0.05169263661082368
neural_prior,neural_bidir_seed4_prior,0.0,0,7,1,0.0557501275325194
dfe,none,0.0,32,7,1,0.08938774581395344
dfe,none,0.0,92,7,1,0.05233351711987427
summary_ridge_fusion,none,0.0,32,7,1,0.04183025151446221
neural_fusion,neural_bidir_seed0_fusion,0.0,32,7,1,0.05498959070900923
neural_fusion,neural_bidir_seed1_fusion,0.0,32,7,1,0.056883153609801715
neural_fusion,neural_bidir_seed2_fusion,0.0,32,7,1,0.04887620573268374
neural_fusion,neural_bidir_seed3_fusion,0.0,32,7,1,0.0466913300795973
neural_fusion,neural_bidir_seed4_fusion,0.0,32,7,1,0.050277617175350384
summary_ridge_fusion,none,0.0,36,7,1,0.04560837171266397
neural_fusion,neural_bidir_seed0_fusion,0.0,36,7,1,0.05724512604697597
neural_fusion,neural_bidir_seed1_fusion,0.0,36,7,1,0.0589747797278391
neural_fusion,neural_bidir_seed2_fusion,0.0,36,7,1,0.05095083793138701
neural_fusion,neural_bidir_seed3_fusion,0.0,36,7,1,0.0490425415533709
neural_fusion,neural_bidir_seed4_fusion,0.0,36,7,1,0.053103849093272606
summary_ridge_prior,none,0.0,0,7,2,0.049702859178192185
neural_prior,neural_bidir_seed0_prior,0.0,0,7,2,0.06545455596642569
neural_prior,neural_bidir_seed1_prior,0.0,0,7,2,0.0693199650850147
neural_prior,neural_bidir_seed2_prior,0.0,0,7,2,0.05067645623057615
neural_prior,neural_bidir_seed3_prior,0.0,0,7,2,0.04670138796791434
neural_prior,neural_bidir_seed4_prior,0.0,0,7,2,0.05183595833659638
dfe,none,0.0,32,7,2,0.08932970216555987
dfe,none,0.0,92,7,2,0.05289270046225909
summary_ridge_fusion,none,0.0,32,7,2,0.043022736184665
neural_fusion,neural_bidir_seed0_fusion,0.0,32,7,2,0.052706486154972504
neural_fusion,neural_bidir_seed1_fusion,0.0,32,7,2,0.054894703352143775
neural_fusion,neural_bidir_seed2_fusion,0.0,32,7,2,0.044423542429546575
neural_fusion,neural_bidir_seed3_fusion,0.0,32,7,2,0.04180605017536053
neural_fusion,neural_bidir_seed4_fusion,0.0,32,7,2,0.04536407014138038
summary_ridge_fusion,none,0.0,36,7,2,0.042484010548219
neural_fusion,neural_bidir_seed0_fusion,0.0,36,7,2,0.050942801560413586
neural_fusion,neural_bidir_seed1_fusion,0.0,36,7,2,0.05281791815377254
neural_fusion,neural_bidir_seed2_fusion,0.0,36,7,2,0.04314348928498324
neural_fusion,neural_bidir_seed3_fusion,0.0,36,7,2,0.0408028302159748
neural_fusion,neural_bidir_seed4_fusion,0.0,36,7,2,0.044226236922454955
summary_ridge_prior,none,0.0,0,7,3,0.0516544481381687
neural_prior,neural_bidir_seed0_prior,0.0,0,7,3,0.06549638892465737
neural_prior,neural_bidir_seed1_prior,0.0,0,7,3,0.06947362585924566
neural_prior,neural_bidir_seed2_prior,0.0,0,7,3,0.05062674803775735
neural_prior,neural_bidir_seed3_prior,0.0,0,7,3,0.04668815419427119
neural_prior,neural_bidir_seed4_prior,0.0,0,7,3,0.05186671976116486
dfe,none,0.0,32,7,3,0.08987990459585987
dfe,none,0.0,92,7,3,0.05298874221603832
summary_ridge_fusion,none,0.0,32,7,3,0.04505444539169144
neural_fusion,neural_bidir_seed0_fusion,0.0,32,7,3,0.05217855853464606
neural_fusion,neural_bidir_seed1_fusion,0.0,32,7,3,0.054225843723626585
neural_fusion,neural_bidir_seed2_fusion,0.0,32,7,3,0.044127241489222604
neural_fusion,neural_bidir_seed3_fusion,0.0,32,7,3,0.04166286779804562
neural_fusion,neural_bidir_seed4_fusion,0.0,32,7,3,0.045308116345968666
summary_ridge_fusion,none,0.0,36,7,3,0.04477167170091048
neural_fusion,neural_bidir_seed0_fusion,0.0,36,7,3,0.05041614871972262
neural_fusion,neural_bidir_seed1_fusion,0.0,36,7,3,0.05223353264383229
neural_fusion,neural_bidir_seed2_fusion,0.0,36,7,3,0.04318320146027023
neural_fusion,neural_bidir_seed3_fusion,0.0,36,7,3,0.04097676572358738
neural_fusion,neural_bidir_seed4_fusion,0.0,36,7,3,0.04452592151405381
summary_ridge_prior,none,0.0,0,7,4,0.0490445543685894
neural_prior,neural_bidir_seed0_prior,0.0,0,7,4,0.06591170041065197
neural_prior,neural_bidir_seed1_prior,0.0,0,7,4,0.06968936265911907
neural_prior,neural_bidir_seed2_prior,0.0,0,7,4,0.05264185898704454
neural_prior,neural_bidir_seed3_prior,0.0,0,7,4,0.04897748549410608
neural_prior,neural_bidir_seed4_prior,0.0,0,7,4,0.05439253756776452
dfe,none,0.0,32,7,4,0.09077354887161743
dfe,none,0.0,92,7,4,0.05198457901918715
summary_ridge_fusion,none,0.0,32,7,4,0.04281294617090478
neural_fusion,neural_bidir_seed0_fusion,0.0,32,7,4,0.0529544380812865
neural_fusion,neural_bidir_seed1_fusion,0.0,32,7,4,0.054529192625465295
neural_fusion,neural_bidir_seed2_fusion,0.0,32,7,4,0.045802221039385006
neural_fusion,neural_bidir_seed3_fusion,0.0,32,7,4,0.043831805506939076
neural_fusion,neural_bidir_seed4_fusion,0.0,32,7,4,0.04729658239078144
summary_ridge_fusion,none,0.0,36,7,4,0.0438508323838791
neural_fusion,neural_bidir_seed0_fusion,0.0,36,7,4,0.0523086210187016
neural_fusion,neural_bidir_seed1_fusion,0.0,36,7,4,0.054207524898242224
neural_fusion,neural_bidir_seed2_fusion,0.0,36,7,4,0.04664879517677767
neural_fusion,neural_bidir_seed3_fusion,0.0,36,7,4,0.04430668846398245
neural_fusion,neural_bidir_seed4_fusion,0.0,36,7,4,0.048033727204999155
summary_ridge_prior,none,0.0,0,8,0,0.05018832233090835
neural_prior,neural_bidir_seed0_prior,0.0,0,8,0,0.07021158594579902
neural_prior,neural_bidir_seed1_prior,0.0,0,8,0,0.07346618227893487
neural_prior,neural_bidir_seed2_prior,0.0,0,8,0,0.0598356274276739
neural_prior,neural_bidir_seed3_prior,0.0,0,8,0,0.0567463495535776
neural_prior,neural_bidir_seed4_prior,0.0,0,8,0,0.06098452645528596
dfe,none,0.0,32,8,0,0.08975385657395236
dfe,none,0.0,92,8,0,0.05196576317864901
summary_ridge_fusion,none,0.0,32,8,0,0.045313236545960416
neural_fusion,neural_bidir_seed0_fusion,0.0,32,8,0,0.056098591962631915
neural_fusion,neural_bidir_seed1_fusion,0.0,32,8,0,0.05790910711240669
neural_fusion,neural_bidir_seed2_fusion,0.0,32,8,0,0.05375111130061787
neural_fusion,neural_bidir_seed3_fusion,0.0,32,8,0,0.05292196378548747
neural_fusion,neural_bidir_seed4_fusion,0.0,32,8,0,0.05393440585953294
summary_ridge_fusion,none,0.0,36,8,0,0.04774115987459582
neural_fusion,neural_bidir_seed0_fusion,0.0,36,8,0,0.05888794343156563
neural_fusion,neural_bidir_seed1_fusion,0.0,36,8,0,0.05984677278909416
neural_fusion,neural_bidir_seed2_fusion,0.0,36,8,0,0.05175823590449859
neural_fusion,neural_bidir_seed3_fusion,0.0,36,8,0,0.04975352392854618
neural_fusion,neural_bidir_seed4_fusion,0.0,36,8,0,0.052649414537885214
summary_ridge_prior,none,0.0,0,8,1,0.04784118840313084
neural_prior,neural_bidir_seed0_prior,0.0,0,8,1,0.06676989863626659
neural_prior,neural_bidir_seed1_prior,0.0,0,8,1,0.07041361290612258
neural_prior,neural_bidir_seed2_prior,0.0,0,8,1,0.05123416973219719
neural_prior,neural_bidir_seed3_prior,0.0,0,8,1,0.0472740906116087
neural_prior,neural_bidir_seed4_prior,0.0,0,8,1,0.051915740812546574
dfe,none,0.0,32,8,1,0.0883768882298186
dfe,none,0.0,92,8,1,0.051975872604581974
summary_ridge_fusion,none,0.0,32,8,1,0.04339074910091879
neural_fusion,neural_bidir_seed0_fusion,0.0,32,8,1,0.05274473110603358
neural_fusion,neural_bidir_seed1_fusion,0.0,32,8,1,0.05438711468875558
neural_fusion,neural_bidir_seed2_fusion,0.0,32,8,1,0.04466049969049912
neural_fusion,neural_bidir_seed3_fusion,0.0,32,8,1,0.04243209032891035
neural_fusion,neural_bidir_seed4_fusion,0.0,32,8,1,0.04612147756302189
summary_ridge_fusion,none,0.0,36,8,1,0.045899728494300365
neural_fusion,neural_bidir_seed0_fusion,0.0,36,8,1,0.050810622396346886
neural_fusion,neural_bidir_seed1_fusion,0.0,36,8,1,0.05274065467231088
neural_fusion,neural_bidir_seed2_fusion,0.0,36,8,1,0.04411724385100272
neural_fusion,neural_bidir_seed3_fusion,0.0,36,8,1,0.042324224649129605
neural_fusion,neural_bidir_seed4_fusion,0.0,36,8,1,0.04642229507095417
summary_ridge_prior,none,0.0,0,8,2,0.050501017351593534
neural_prior,neural_bidir_seed0_prior,0.0,0,8,2,0.06574277246545535
neural_prior,neural_bidir_seed1_prior,0.0,0,8,2,0.0694044547417434
neural_prior,neural_bidir_seed2_prior,0.0,0,8,2,0.050853495733463205
neural_prior,neural_bidir_seed3_prior,0.0,0,8,2,0.046944378613261506
neural_prior,neural_bidir_seed4_prior,0.0,0,8,2,0.05195377836935222
dfe,none,0.0,32,8,2,0.09124922898560975
dfe,none,0.0,92,8,2,0.052558242069852726
summary_ridge_fusion,none,0.0,32,8,2,0.04411402583902668
neural_fusion,neural_bidir_seed0_fusion,0.0,32,8,2,0.051982197328137116
neural_fusion,neural_bidir_seed1_fusion,0.0,32,8,2,0.054021943033670534
neural_fusion,neural_bidir_seed2_fusion,0.0,32,8,2,0.04394058325890732
neural_fusion,neural_bidir_seed3_fusion,0.0,32,8,2,0.04159073699380518
neural_fusion,neural_bidir_seed4_fusion,0.0,32,8,2,0.0447962030377531
summary_ridge_fusion,none,0.0,36,8,2,0.04298546744304021
neural_fusion,neural_bidir_seed0_fusion,0.0,36,8,2,0.05310816374630885
neural_fusion,neural_bidir_seed1_fusion,0.0,36,8,2,0.05459038882612727
neural_fusion,neural_bidir_seed2_fusion,0.0,36,8,2,0.04457043933032699
neural_fusion,neural_bidir_seed3_fusion,0.0,36,8,2,0.04179533865375104
neural_fusion,neural_bidir_seed4_fusion,0.0,36,8,2,0.04443813483880027
summary_ridge_prior,none,0.0,0,8,3,0.04416483263495123
neural_prior,neural_bidir_seed0_prior,0.0,0,8,3,0.06550567019439768
neural_prior,neural_bidir_seed1_prior,0.0,0,8,3,0.06928367211367004
neural_prior,neural_bidir_seed2_prior,0.0,0,8,3,0.050823524812585674
neural_prior,neural_bidir_seed3_prior,0.0,0,8,3,0.04694606165867299
neural_prior,neural_bidir_seed4_prior,0.0,0,8,3,0.051909612098825164
dfe,none,0.0,32,8,3,0.08836374476641967
dfe,none,0.0,92,8,3,0.051742227479467495
summary_ridge_fusion,none,0.0,32,8,3,0.05147506926418953
neural_fusion,neural_bidir_seed0_fusion,0.0,32,8,3,0.0573637589876215
neural_fusion,neural_bidir_seed1_fusion,0.0,32,8,3,0.05969462676173359
neural_fusion,neural_bidir_seed2_fusion,0.0,32,8,3,0.05065046943490174
neural_fusion,neural_bidir_seed3_fusion,0.0,32,8,3,0.0483893068336845
neural_fusion,neural_bidir_seed4_fusion,0.0,32,8,3,0.05272656635547413
summary_ridge_fusion,none,0.0,36,8,3,0.047239135241141185
neural_fusion,neural_bidir_seed0_fusion,0.0,36,8,3,0.052402608962913155
neural_fusion,neural_bidir_seed1_fusion,0.0,36,8,3,0.05417952597064223
neural_fusion,neural_bidir_seed2_fusion,0.0,36,8,3,0.04614628943137375
neural_fusion,neural_bidir_seed3_fusion,0.0,36,8,3,0.04449958654518403
neural_fusion,neural_bidir_seed4_fusion,0.0,36,8,3,0.04785419868978315
summary_ridge_prior,none,0.0,0,8,4,0.04958210203081672
neural_prior,neural_bidir_seed0_prior,0.0,0,8,4,0.07063613497302867
neural_prior,neural_bidir_seed1_prior,0.0,0,8,4,0.07349643211637158
neural_prior,neural_bidir_seed2_prior,0.0,0,8,4,0.05442439021135215
neural_prior,neural_bidir_seed3_prior,0.0,0,8,4,0.05031543810036965
neural_prior,neural_bidir_seed4_prior,0.0,0,8,4,0.05406050645979121
dfe,none,0.0,32,8,4,0.08936334957040593
dfe,none,0.0,92,8,4,0.05314834089010894
summary_ridge_fusion,none,0.0,32,8,4,0.043429537593442244
neural_fusion,neural_bidir_seed0_fusion,0.0,32,8,4,0.055440592809415684
neural_fusion,neural_bidir_seed1_fusion,0.0,32,8,4,0.05643760531479165
neural_fusion,neural_bidir_seed2_fusion,0.0,32,8,4,0.04629462289691718
neural_fusion,neural_bidir_seed3_fusion,0.0,32,8,4,0.043989814649289555
neural_fusion,neural_bidir_seed4_fusion,0.0,32,8,4,0.045998058264459775
summary_ridge_fusion,none,0.0,36,8,4,0.04209522599365019
neural_fusion,neural_bidir_seed0_fusion,0.0,36,8,4,0.054342651687084007
neural_fusion,neural_bidir_seed1_fusion,0.0,36,8,4,0.05539154621827186
neural_fusion,neural_bidir_seed2_fusion,0.0,36,8,4,0.045655108050783946
neural_fusion,neural_bidir_seed3_fusion,0.0,36,8,4,0.043321835729691116
neural_fusion,neural_bidir_seed4_fusion,0.0,36,8,4,0.04582526302986712
summary_ridge_prior,none,0.0,0,9,0,0.06056526584863072
neural_prior,neural_bidir_seed0_prior,0.0,0,9,0,0.06672737743065227
neural_prior,neural_bidir_seed1_prior,0.0,0,9,0,0.0707315380423097
neural_prior,neural_bidir_seed2_prior,0.0,0,9,0,0.05339724916848354
neural_prior,neural_bidir_seed3_prior,0.0,0,9,0,0.05063996907847468
neural_prior,neural_bidir_seed4_prior,0.0,0,9,0,0.05488822449115105
dfe,none,0.0,32,9,0,0.08873045671524861
dfe,none,0.0,92,9,0,0.05176700626178244
summary_ridge_fusion,none,0.0,32,9,0,0.050077106585881756
neural_fusion,neural_bidir_seed0_fusion,0.0,32,9,0,0.0532605272951642
neural_fusion,neural_bidir_seed1_fusion,0.0,32,9,0,0.0552476510327808
neural_fusion,neural_bidir_seed2_fusion,0.0,32,9,0,0.04601234679018489
neural_fusion,neural_bidir_seed3_fusion,0.0,32,9,0,0.04424470543041332
neural_fusion,neural_bidir_seed4_fusion,0.0,32,9,0,0.04705239122348462
summary_ridge_fusion,none,0.0,36,9,0,0.04797385559292081
neural_fusion,neural_bidir_seed0_fusion,0.0,36,9,0,0.05157058421784632
neural_fusion,neural_bidir_seed1_fusion,0.0,36,9,0,0.0530433057003949
neural_fusion,neural_bidir_seed2_fusion,0.0,36,9,0,0.04560474863262562
neural_fusion,neural_bidir_seed3_fusion,0.0,36,9,0,0.044012141455752496
neural_fusion,neural_bidir_seed4_fusion,0.0,36,9,0,0.04629035706702832
summary_ridge_prior,none,0.0,0,9,1,0.04797458695435057
neural_prior,neural_bidir_seed0_prior,0.0,0,9,1,0.07042403856758028
neural_prior,neural_bidir_seed1_prior,0.0,0,9,1,0.07567369101161603
neural_prior,neural_bidir_seed2_prior,0.0,0,9,1,0.05331809814379085
neural_prior,neural_bidir_seed3_prior,0.0,0,9,1,0.04871485641342588
neural_prior,neural_bidir_seed4_prior,0.0,0,9,1,0.05360990519693587
dfe,none,0.0,32,9,1,0.09106018484030343
dfe,none,0.0,92,9,1,0.05278489156122325
summary_ridge_fusion,none,0.0,32,9,1,0.04261648128988604
neural_fusion,neural_bidir_seed0_fusion,0.0,32,9,1,0.05518688546993113
neural_fusion,neural_bidir_seed1_fusion,0.0,32,9,1,0.057618711433724254
neural_fusion,neural_bidir_seed2_fusion,0.0,32,9,1,0.047012726046531464
neural_fusion,neural_bidir_seed3_fusion,0.0,32,9,1,0.04382622479768121
neural_fusion,neural_bidir_seed4_fusion,0.0,32,9,1,0.04776336374878222
summary_ridge_fusion,none,0.0,36,9,1,0.04172522957175702
neural_fusion,neural_bidir_seed0_fusion,0.0,36,9,1,0.053320464657780176
neural_fusion,neural_bidir_seed1_fusion,0.0,36,9,1,0.055044550647044915
neural_fusion,neural_bidir_seed2_fusion,0.0,36,9,1,0.04521128864682697
neural_fusion,neural_bidir_seed3_fusion,0.0,36,9,1,0.04239220028469991
neural_fusion,neural_bidir_seed4_fusion,0.0,36,9,1,0.04549838182662211
summary_ridge_prior,none,0.0,0,9,2,0.045404739561496175
neural_prior,neural_bidir_seed0_prior,0.0,0,9,2,0.06839544425019994
neural_prior,neural_bidir_seed1_prior,0.0,0,9,2,0.07363522554805968
neural_prior,neural_bidir_seed2_prior,0.0,0,9,2,0.05179810900881421
neural_prior,neural_bidir_seed3_prior,0.0,0,9,2,0.04743925038201269
neural_prior,neural_bidir_seed4_prior,0.0,0,9,2,0.05285522410122212
dfe,none,0.0,32,9,2,0.0889581258615098
dfe,none,0.0,92,9,2,0.051383678920026266
summary_ridge_fusion,none,0.0,32,9,2,0.0412072694073287
neural_fusion,neural_bidir_seed0_fusion,0.0,32,9,2,0.05382792230217322
neural_fusion,neural_bidir_seed1_fusion,0.0,32,9,2,0.05565688794635971
neural_fusion,neural_bidir_seed2_fusion,0.0,32,9,2,0.04482900850522867
neural_fusion,neural_bidir_seed3_fusion,0.0,32,9,2,0.04235582484570283
neural_fusion,neural_bidir_seed4_fusion,0.0,32,9,2,0.045848275736961944
summary_ridge_fusion,none,0.0,36,9,2,0.03947379288963003
neural_fusion,neural_bidir_seed0_fusion,0.0,36,9,2,0.05274834895114333
neural_fusion,neural_bidir_seed1_fusion,0.0,36,9,2,0.05460974741727076
neural_fusion,neural_bidir_seed2_fusion,0.0,36,9,2,0.044031454615696256
neural_fusion,neural_bidir_seed3_fusion,0.0,36,9,2,0.04125269705829211
neural_fusion,neural_bidir_seed4_fusion,0.0,36,9,2,0.04501115461970293
summary_ridge_prior,none,0.0,0,9,3,0.04430681788411937
neural_prior,neural_bidir_seed0_prior,0.0,0,9,3,0.07092224474763498
neural_prior,neural_bidir_seed1_prior,0.0,0,9,3,0.07647995560546406
neural_prior,neural_bidir_seed2_prior,0.0,0,9,3,0.05454885939252563
neural_prior,neural_bidir_seed3_prior,0.0,0,9,3,0.04979752986400854
neural_prior,neural_bidir_seed4_prior,0.0,0,9,3,0.05486758681945503
dfe,none,0.0,32,9,3,0.08928569673761641
dfe,none,0.0,92,9,3,0.053409323555396085
summary_ridge_fusion,none,0.0,32,9,3,0.04025506248528415
neural_fusion,neural_bidir_seed0_fusion,0.0,32,9,3,0.05511548248976202
neural_fusion,neural_bidir_seed1_fusion,0.0,32,9,3,0.056987904140470495
neural_fusion,neural_bidir_seed2_fusion,0.0,32,9,3,0.047680953023907444
neural_fusion,neural_bidir_seed3_fusion,0.0,32,9,3,0.04481497437631966
neural_fusion,neural_bidir_seed4_fusion,0.0,32,9,3,0.047758861368405126
summary_ridge_fusion,none,0.0,36,9,3,0.04007014919023259
neural_fusion,neural_bidir_seed0_fusion,0.0,36,9,3,0.05377661633356348
neural_fusion,neural_bidir_seed1_fusion,0.0,36,9,3,0.05562095519820119
neural_fusion,neural_bidir_seed2_fusion,0.0,36,9,3,0.04633736218007465
neural_fusion,neural_bidir_seed3_fusion,0.0,36,9,3,0.04326845340807582
neural_fusion,neural_bidir_seed4_fusion,0.0,36,9,3,0.04643223091187068
summary_ridge_prior,none,0.0,0,9,4,0.04842905709498693
neural_prior,neural_bidir_seed0_prior,0.0,0,9,4,0.07205605099443346
neural_prior,neural_bidir_seed1_prior,0.0,0,9,4,0.07722889969591051
neural_prior,neural_bidir_seed2_prior,0.0,0,9,4,0.05266938744171057
neural_prior,neural_bidir_seed3_prior,0.0,0,9,4,0.047651234330260195
neural_prior,neural_bidir_seed4_prior,0.0,0,9,4,0.0525441146310186
dfe,none,0.0,32,9,4,0.08966306985027835
dfe,none,0.0,92,9,4,0.05203821145026864
summary_ridge_fusion,none,0.0,32,9,4,0.04727808765080539
neural_fusion,neural_bidir_seed0_fusion,0.0,32,9,4,0.05570471724145734
neural_fusion,neural_bidir_seed1_fusion,0.0,32,9,4,0.05760247773465886
neural_fusion,neural_bidir_seed2_fusion,0.0,32,9,4,0.04600907986998792
neural_fusion,neural_bidir_seed3_fusion,0.0,32,9,4,0.04289072855120025
neural_fusion,neural_bidir_seed4_fusion,0.0,32,9,4,0.046262534081709814
summary_ridge_fusion,none,0.0,36,9,4,0.050701939987174954
neural_fusion,neural_bidir_seed0_fusion,0.0,36,9,4,0.054748813472671354
neural_fusion,neural_bidir_seed1_fusion,0.0,36,9,4,0.05664498969626438
neural_fusion,neural_bidir_seed2_fusion,0.0,36,9,4,0.04613247257904296
neural_fusion,neural_bidir_seed3_fusion,0.0,36,9,4,0.04324853790899346
neural_fusion,neural_bidir_seed4_fusion,0.0,36,9,4,0.0470632518713304
summary_ridge_prior,none,0.0,0,10,0,0.053183123798753285
neural_prior,neural_bidir_seed0_prior,0.0,0,10,0,0.06683672302460764
neural_prior,neural_bidir_seed1_prior,0.0,0,10,0,0.07068752545455936
neural_prior,neural_bidir_seed2_prior,0.0,0,10,0,0.0526299161138013
neural_prior,neural_bidir_seed3_prior,0.0,0,10,0,0.048994170560035855
neural_prior,neural_bidir_seed4_prior,0.0,0,10,0,0.05358651437563822
dfe,none,0.0,32,10,0,0.08887140998161738
dfe,none,0.0,92,10,0,0.05168682135587123
summary_ridge_fusion,none,0.0,32,10,0,0.04920162796902949
neural_fusion,neural_bidir_seed0_fusion,0.0,32,10,0,0.05421454088052877
neural_fusion,neural_bidir_seed1_fusion,0.0,32,10,0,0.05627213769408771
neural_fusion,neural_bidir_seed2_fusion,0.0,32,10,0,0.04686257541886262
neural_fusion,neural_bidir_seed3_fusion,0.0,32,10,0,0.04478463529654006
neural_fusion,neural_bidir_seed4_fusion,0.0,32,10,0,0.047537854379606115
summary_ridge_fusion,none,0.0,36,10,0,0.05192096795885884
neural_fusion,neural_bidir_seed0_fusion,0.0,36,10,0,0.06194357231504619
neural_fusion,neural_bidir_seed1_fusion,0.0,36,10,0,0.06438948457793954
neural_fusion,neural_bidir_seed2_fusion,0.0,36,10,0,0.05237293878179573
neural_fusion,neural_bidir_seed3_fusion,0.0,36,10,0,0.048994170560035855
neural_fusion,neural_bidir_seed4_fusion,0.0,36,10,0,0.05309495103042351
summary_ridge_prior,none,0.0,0,10,1,0.04623519656350683
neural_prior,neural_bidir_seed0_prior,0.0,0,10,1,0.06574052745418157
neural_prior,neural_bidir_seed1_prior,0.0,0,10,1,0.06992286081367638
neural_prior,neural_bidir_seed2_prior,0.0,0,10,1,0.0512856105924584
neural_prior,neural_bidir_seed3_prior,0.0,0,10,1,0.04792084242217243
neural_prior,neural_bidir_seed4_prior,0.0,0,10,1,0.052568748622434214
dfe,none,0.0,32,10,1,0.08731638817381199
dfe,none,0.0,92,10,1,0.05172578377839458
summary_ridge_fusion,none,0.0,32,10,1,0.04114492026067326
neural_fusion,neural_bidir_seed0_fusion,0.0,32,10,1,0.05344862007615049
neural_fusion,neural_bidir_seed1_fusion,0.0,32,10,1,0.05532791803689968
neural_fusion,neural_bidir_seed2_fusion,0.0,32,10,1,0.04668255504029739
neural_fusion,neural_bidir_seed3_fusion,0.0,32,10,1,0.04534417709482583
neural_fusion,neural_bidir_seed4_fusion,0.0,32,10,1,0.047415770061880635
summary_ridge_fusion,none,0.0,36,10,1,0.040834244880722965
neural_fusion,neural_bidir_seed0_fusion,0.0,36,10,1,0.051521167431692494
neural_fusion,neural_bidir_seed1_fusion,0.0,36,10,1,0.053614266308451564
neural_fusion,neural_bidir_seed2_fusion,0.0,36,10,1,0.045320287995616104
neural_fusion,neural_bidir_seed3_fusion,0.0,36,10,1,0.04320760855606939
neural_fusion,neural_bidir_seed4_fusion,0.0,36,10,1,0.046181000878421696
summary_ridge_prior,none,0.0,0,10,2,0.05473865781336955
neural_prior,neural_bidir_seed0_prior,0.0,0,10,2,0.06641488507739268
neural_prior,neural_bidir_seed1_prior,0.0,0,10,2,0.07105399544525426
neural_prior,neural_bidir_seed2_prior,0.0,0,10,2,0.05161218032299075
neural_prior,neural_bidir_seed3_prior,0.0,0,10,2,0.04812974316882901
neural_prior,neural_bidir_seed4_prior,0.0,0,10,2,0.05384030168352183
dfe,none,0.0,32,10,2,0.08956803933542687
dfe,none,0.0,92,10,2,0.05183504639031936
summary_ridge_fusion,none,0.0,32,10,2,0.04759735605320042
neural_fusion,neural_bidir_seed0_fusion,0.0,32,10,2,0.055444299770183426
neural_fusion,neural_bidir_seed1_fusion,0.0,32,10,2,0.05751343734067653
neural_fusion,neural_bidir_seed2_fusion,0.0,32,10,2,0.047698660528084164
neural_fusion,neural_bidir_seed3_fusion,0.0,32,10,2,0.04540486780867792
neural_fusion,neural_bidir_seed4_fusion,0.0,32,10,2,0.049902731796049066
summary_ridge_fusion,none,0.0,36,10,2,0.045936434736109547
neural_fusion,neural_bidir_seed0_fusion,0.0,36,10,2,0.053701000151486815
neural_fusion,neural_bidir_seed1_fusion,0.0,36,10,2,0.055327091776859405
neural_fusion,neural_bidir_seed2_fusion,0.0,36,10,2,0.04655001331396018
neural_fusion,neural_bidir_seed3_fusion,0.0,36,10,2,0.044088290578842226
neural_fusion,neural_bidir_seed4_fusion,0.0,36,10,2,0.048067359637146694
summary_ridge_prior,none,0.0,0,10,3,0.052368140961182155
neural_prior,neural_bidir_seed0_prior,0.0,0,10,3,0.06589870112657081
neural_prior,neural_bidir_seed1_prior,0.0,0,10,3,0.07032174235791899
neural_prior,neural_bidir_seed2_prior,0.0,0,10,3,0.0509847950306721
neural_prior,neural_bidir_seed3_prior,0.0,0,10,3,0.04726632450183388
neural_prior,neural_bidir_seed4_prior,0.0,0,10,3,0.05242702524992637
dfe,none,0.0,32,10,3,0.0894146194485736
dfe,none,0.0,92,10,3,0.0526405818197408
summary_ridge_fusion,none,0.0,32,10,3,0.04682490393247979
neural_fusion,neural_bidir_seed0_fusion,0.0,32,10,3,0.05605230097265092
neural_fusion,neural_bidir_seed1_fusion,0.0,32,10,3,0.058495085564641225
neural_fusion,neural_bidir_seed2_fusion,0.0,32,10,3,0.046581640825228296
neural_fusion,neural_bidir_seed3_fusion,0.0,32,10,3,0.04372640700485832
neural_fusion,neural_bidir_seed4_fusion,0.0,32,10,3,0.048008210673712984
summary_ridge_fusion,none,0.0,36,10,3,0.04570752895995627
neural_fusion,neural_bidir_seed0_fusion,0.0,36,10,3,0.05629536178100221
neural_fusion,neural_bidir_seed1_fusion,0.0,36,10,3,0.058399234231208956
neural_fusion,neural_bidir_seed2_fusion,0.0,36,10,3,0.048680601530186836
neural_fusion,neural_bidir_seed3_fusion,0.0,36,10,3,0.04564849158212789
neural_fusion,neural_bidir_seed4_fusion,0.0,36,10,3,0.04898335178946276
summary_ridge_prior,none,0.0,0,10,4,0.05431952747558614
neural_prior,neural_bidir_seed0_prior,0.0,0,10,4,0.06752757834328804
neural_prior,neural_bidir_seed1_prior,0.0,0,10,4,0.07230629507103004
neural_prior,neural_bidir_seed2_prior,0.0,0,10,4,0.05131525236356538
neural_prior,neural_bidir_seed3_prior,0.0,0,10,4,0.047456491098273546
neural_prior,neural_bidir_seed4_prior,0.0,0,10,4,0.05270673372433521
dfe,none,0.0,32,10,4,0.09103659250990445
dfe,none,0.0,92,10,4,0.05315410177106343
summary_ridge_fusion,none,0.0,32,10,4,0.05007562830654485
neural_fusion,neural_bidir_seed0_fusion,0.0,32,10,4,0.060302249150927904
neural_fusion,neural_bidir_seed1_fusion,0.0,32,10,4,0.06239026186380198
neural_fusion,neural_bidir_seed2_fusion,0.0,32,10,4,0.05131525236356538
neural_fusion,neural_bidir_seed3_fusion,0.0,32,10,4,0.047456491098273546
neural_fusion,neural_bidir_seed4_fusion,0.0,32,10,4,0.05166078549984625
summary_ridge_fusion,none,0.0,36,10,4,0.046416703557447224
neural_fusion,neural_bidir_seed0_fusion,0.0,36,10,4,0.05111482180317185
neural_fusion,neural_bidir_seed1_fusion,0.0,36,10,4,0.05301374990061626
neural_fusion,neural_bidir_seed2_fusion,0.0,36,10,4,0.04329338035516077
neural_fusion,neural_bidir_seed3_fusion,0.0,36,10,4,0.041192554316838687
neural_fusion,neural_bidir_seed4_fusion,0.0,36,10,4,0.044518587316669224
summary_ridge_prior,none,0.0,0,11,0,0.05501727250561565
neural_prior,neural_bidir_seed0_prior,0.0,0,11,0,0.07034752079925966
neural_prior,neural_bidir_seed1_prior,0.0,0,11,0,0.07592389285855461
neural_prior,neural_bidir_seed2_prior,0.0,0,11,0,0.054579227304202504
neural_prior,neural_bidir_seed3_prior,0.0,0,11,0,0.05088708447874524
neural_prior,neural_bidir_seed4_prior,0.0,0,11,0,0.05609980033477768
dfe,none,0.0,32,11,0,0.08770895831641445
dfe,none,0.0,92,11,0,0.05217383566080287
summary_ridge_fusion,none,0.0,32,11,0,0.04750798107092451
neural_fusion,neural_bidir_seed0_fusion,0.0,32,11,0,0.05420743040721528
neural_fusion,neural_bidir_seed1_fusion,0.0,32,11,0,0.056624553453404974
neural_fusion,neural_bidir_seed2_fusion,0.0,32,11,0,0.046996663130653635
neural_fusion,neural_bidir_seed3_fusion,0.0,32,11,0,0.044394029211650574
neural_fusion,neural_bidir_seed4_fusion,0.0,32,11,0,0.047582019656703986
summary_ridge_fusion,none,0.0,36,11,0,0.047071527919396144
neural_fusion,neural_bidir_seed0_fusion,0.0,36,11,0,0.05731553037167562
neural_fusion,neural_bidir_seed1_fusion,0.0,36,11,0,0.06024478924932861
neural_fusion,neural_bidir_seed2_fusion,0.0,36,11,0,0.04965198469999728
neural_fusion,neural_bidir_seed3_fusion,0.0,36,11,0,0.0468393797140947
neural_fusion,neural_bidir_seed4_fusion,0.0,36,11,0,0.05037756823284302
summary_ridge_prior,none,0.0,0,11,1,0.049010521803251605
neural_prior,neural_bidir_seed0_prior,0.0,0,11,1,0.06663279196072835
neural_prior,neural_bidir_seed1_prior,0.0,0,11,1,0.07093712044297718
neural_prior,neural_bidir_seed2_prior,0.0,0,11,1,0.051408686660579406
neural_prior,neural_bidir_seed3_prior,0.0,0,11,1,0.04766462880070321
neural_prior,neural_bidir_seed4_prior,0.0,0,11,1,0.05265919964585919
dfe,none,0.0,32,11,1,0.0903876773388633
dfe,none,0.0,92,11,1,0.052076452961398075
summary_ridge_fusion,none,0.0,32,11,1,0.04331263132094899
neural_fusion,neural_bidir_seed0_fusion,0.0,32,11,1,0.05407127190162891
neural_fusion,neural_bidir_seed1_fusion,0.0,32,11,1,0.055850248765976634
neural_fusion,neural_bidir_seed2_fusion,0.0,32,11,1,0.0460595875899334
neural_fusion,neural_bidir_seed3_fusion,0.0,32,11,1,0.04370486392971465
neural_fusion,neural_bidir_seed4_fusion,0.0,32,11,1,0.047013446885477775
summary_ridge_fusion,none,0.0,36,11,1,0.04213620565149989
neural_fusion,neural_bidir_seed0_fusion,0.0,36,11,1,0.05241266191631119
neural_fusion,neural_bidir_seed1_fusion,0.0,36,11,1,0.05442072831848415
neural_fusion,neural_bidir_seed2_fusion,0.0,36,11,1,0.044043934298024924
neural_fusion,neural_bidir_seed3_fusion,0.0,36,11,1,0.04163798136485885
neural_fusion,neural_bidir_seed4_fusion,0.0,36,11,1,0.04513195017914992
summary_ridge_prior,none,0.0,0,11,2,0.04535698733986812
neural_prior,neural_bidir_seed0_prior,0.0,0,11,2,0.06555260329332668
neural_prior,neural_bidir_seed1_prior,0.0,0,11,2,0.06930445837497246
neural_prior,neural_bidir_seed2_prior,0.0,0,11,2,0.05264638573862612
neural_prior,neural_bidir_seed3_prior,0.0,0,11,2,0.04950021262629889
neural_prior,neural_bidir_seed4_prior,0.0,0,11,2,0.05403119006950874
dfe,none,0.0,32,11,2,0.08966807918014555
dfe,none,0.0,92,11,2,0.05133044153407482
summary_ridge_fusion,none,0.0,32,11,2,0.04031513084876251
neural_fusion,neural_bidir_seed0_fusion,0.0,32,11,2,0.0516698825489877
neural_fusion,neural_bidir_seed1_fusion,0.0,32,11,2,0.05375597905201561
neural_fusion,neural_bidir_seed2_fusion,0.0,32,11,2,0.04540456548821503
neural_fusion,neural_bidir_seed3_fusion,0.0,32,11,2,0.043803898257120645
neural_fusion,neural_bidir_seed4_fusion,0.0,32,11,2,0.047190071067270516
summary_ridge_fusion,none,0.0,36,11,2,0.04130391437488294
neural_fusion,neural_bidir_seed0_fusion,0.0,36,11,2,0.05079789372014745
neural_fusion,neural_bidir_seed1_fusion,0.0,36,11,2,0.05249096312957113
neural_fusion,neural_bidir_seed2_fusion,0.0,36,11,2,0.044509647899468666
neural_fusion,neural_bidir_seed3_fusion,0.0,36,11,2,0.0429837221496664
neural_fusion,neural_bidir_seed4_fusion,0.0,36,11,2,0.045613837097823476
summary_ridge_prior,none,0.0,0,11,3,0.05463425680350116
neural_prior,neural_bidir_seed0_prior,0.0,0,11,3,0.0654198603151599
neural_prior,neural_bidir_seed1_prior,0.0,0,11,3,0.06935352642904036
neural_prior,neural_bidir_seed2_prior,0.0,0,11,3,0.05139204967417754
neural_prior,neural_bidir_seed3_prior,0.0,0,11,3,0.04780264491273556
neural_prior,neural_bidir_seed4_prior,0.0,0,11,3,0.05251998435414862
dfe,none,0.0,32,11,3,0.08824026825022885
dfe,none,0.0,92,11,3,0.052196598768494626
summary_ridge_fusion,none,0.0,32,11,3,0.04683575571622925
neural_fusion,neural_bidir_seed0_fusion,0.0,32,11,3,0.053512269622269085
neural_fusion,neural_bidir_seed1_fusion,0.0,32,11,3,0.055708063127618945
neural_fusion,neural_bidir_seed2_fusion,0.0,32,11,3,0.04672323701814372
neural_fusion,neural_bidir_seed3_fusion,0.0,32,11,3,0.043953829722545135
neural_fusion,neural_bidir_seed4_fusion,0.0,32,11,3,0.04757107257993176
summary_ridge_fusion,none,0.0,36,11,3,0.04555312897187126
neural_fusion,neural_bidir_seed0_fusion,0.0,36,11,3,0.05000758005120856
neural_fusion,neural_bidir_seed1_fusion,0.0,36,11,3,0.05191143442143741
neural_fusion,neural_bidir_seed2_fusion,0.0,36,11,3,0.04345963736326924
neural_fusion,neural_bidir_seed3_fusion,0.0,36,11,3,0.04147907257912291
neural_fusion,neural_bidir_seed4_fusion,0.0,36,11,3,0.044397689849802344
summary_ridge_prior,none,0.0,0,11,4,0.05001569353165958
neural_prior,neural_bidir_seed0_prior,0.0,0,11,4,0.06678009756433312
neural_prior,neural_bidir_seed1_prior,0.0,0,11,4,0.07083649019477889
neural_prior,neural_bidir_seed2_prior,0.0,0,11,4,0.054228339227847755
neural_prior,neural_bidir_seed3_prior,0.0,0,11,4,0.051280913801747374
neural_prior,neural_bidir_seed4_prior,0.0,0,11,4,0.05519337154692039
dfe,none,0.0,32,11,4,0.0883807117582447
dfe,none,0.0,92,11,4,0.05187182304272879
summary_ridge_fusion,none,0.0,32,11,4,0.043969790212449664
neural_fusion,neural_bidir_seed0_fusion,0.0,32,11,4,0.05313994449293023
neural_fusion,neural_bidir_seed1_fusion,0.0,32,11,4,0.054905367780552564
neural_fusion,neural_bidir_seed2_fusion,0.0,32,11,4,0.04786183851964311
neural_fusion,neural_bidir_seed3_fusion,0.0,32,11,4,0.04628391359662949
neural_fusion,neural_bidir_seed4_fusion,0.0,32,11,4,0.04808718650134854
summary_ridge_fusion,none,0.0,36,11,4,0.04845520875208274
neural_fusion,neural_bidir_seed0_fusion,0.0,36,11,4,0.05213749593806632
neural_fusion,neural_bidir_seed1_fusion,0.0,36,11,4,0.05369950839369722
neural_fusion,neural_bidir_seed2_fusion,0.0,36,11,4,0.04579506049026666
neural_fusion,neural_bidir_seed3_fusion,0.0,36,11,4,0.044088940800712934
neural_fusion,neural_bidir_seed4_fusion,0.0,36,11,4,0.046552996101643186
summary_ridge_prior,none,0.0,0,12,0,0.04305387478687843
neural_prior,neural_bidir_seed0_prior,0.0,0,12,0,0.06772116482898127
neural_prior,neural_bidir_seed1_prior,0.0,0,12,0,0.070758507179562
neural_prior,neural_bidir_seed2_prior,0.0,0,12,0,0.05255101542570628
neural_prior,neural_bidir_seed3_prior,0.0,0,12,0,0.04843596194405109
neural_prior,neural_bidir_seed4_prior,0.0,0,12,0,0.05341933693853207
dfe,none,0.0,32,12,0,0.08948180786127606
dfe,none,0.0,92,12,0,0.05248778380271453
summary_ridge_fusion,none,0.0,32,12,0,0.0408230684364049
neural_fusion,neural_bidir_seed0_fusion,0.0,32,12,0,0.05875582632895829
neural_fusion,neural_bidir_seed1_fusion,0.0,32,12,0,0.05896717659882083
neural_fusion,neural_bidir_seed2_fusion,0.0,32,12,0,0.04859339969711963
neural_fusion,neural_bidir_seed3_fusion,0.0,32,12,0,0.045018407344847675
neural_fusion,neural_bidir_seed4_fusion,0.0,32,12,0,0.04775292299353193
summary_ridge_fusion,none,0.0,36,12,0,0.044273575000319705
neural_fusion,neural_bidir_seed0_fusion,0.0,36,12,0,0.0527199004292066
neural_fusion,neural_bidir_seed1_fusion,0.0,36,12,0,0.054024206192628536
neural_fusion,neural_bidir_seed2_fusion,0.0,36,12,0,0.044981195574363024
neural_fusion,neural_bidir_seed3_fusion,0.0,36,12,0,0.04280666198287707
neural_fusion,neural_bidir_seed4_fusion,0.0,36,12,0,0.045949250959031476
summary_ridge_prior,none,0.0,0,12,1,0.052131289362166586
neural_prior,neural_bidir_seed0_prior,0.0,0,12,1,0.06646054981683847
neural_prior,neural_bidir_seed1_prior,0.0,0,12,1,0.07066060138458852
neural_prior,neural_bidir_seed2_prior,0.0,0,12,1,0.05269621740444563
neural_prior,neural_bidir_seed3_prior,0.0,0,12,1,0.04899159740307368
neural_prior,neural_bidir_seed4_prior,0.0,0,12,1,0.05402118315396365
dfe,none,0.0,32,12,1,0.08884943432957781
dfe,none,0.0,92,12,1,0.053547046267332365
summary_ridge_fusion,none,0.0,32,12,1,0.048194895528593046
neural_fusion,neural_bidir_seed0_fusion,0.0,32,12,1,0.052908917442940594
neural_fusion,neural_bidir_seed1_fusion,0.0,32,12,1,0.05501469193957027
neural_fusion,neural_bidir_seed2_fusion,0.0,32,12,1,0.04733580767616925
neural_fusion,neural_bidir_seed3_fusion,0.0,32,12,1,0.04603126902037725
neural_fusion,neural_bidir_seed4_fusion,0.0,32,12,1,0.04912319305078575
summary_ridge_fusion,none,0.0,36,12,1,0.04520527223933522
neural_fusion,neural_bidir_seed0_fusion,0.0,36,12,1,0.05200802332751177
neural_fusion,neural_bidir_seed1_fusion,0.0,36,12,1,0.05393320186161636
neural_fusion,neural_bidir_seed2_fusion,0.0,36,12,1,0.04417749964344774
neural_fusion,neural_bidir_seed3_fusion,0.0,36,12,1,0.04210709356315384
neural_fusion,neural_bidir_seed4_fusion,0.0,36,12,1,0.0453210517720706
summary_ridge_prior,none,0.0,0,12,2,0.04997732948231001
neural_prior,neural_bidir_seed0_prior,0.0,0,12,2,0.06884581611666363
neural_prior,neural_bidir_seed1_prior,0.0,0,12,2,0.07257027276500594
neural_prior,neural_bidir_seed2_prior,0.0,0,12,2,0.054201993450988084
neural_prior,neural_bidir_seed3_prior,0.0,0,12,2,0.049893060931935906
neural_prior,neural_bidir_seed4_prior,0.0,0,12,2,0.05443742315401323
dfe,none,0.0,32,12,2,0.08722312666015404
dfe,none,0.0,92,12,2,0.05230655127429649
summary_ridge_fusion,none,0.0,32,12,2,0.043945990352146566
neural_fusion,neural_bidir_seed0_fusion,0.0,32,12,2,0.05305600946554001
neural_fusion,neural_bidir_seed1_fusion,0.0,32,12,2,0.05450535105732616
neural_fusion,neural_bidir_seed2_fusion,0.0,32,12,2,0.04584548733049729
neural_fusion,neural_bidir_seed3_fusion,0.0,32,12,2,0.04355423897131512
neural_fusion,neural_bidir_seed4_fusion,0.0,32,12,2,0.046240284150576204
summary_ridge_fusion,none,0.0,36,12,2,0.046297911153200616
neural_fusion,neural_bidir_seed0_fusion,0.0,36,12,2,0.05392410689379233
neural_fusion,neural_bidir_seed1_fusion,0.0,36,12,2,0.05568065682664439
neural_fusion,neural_bidir_seed2_fusion,0.0,36,12,2,0.04634161473195969
neural_fusion,neural_bidir_seed3_fusion,0.0,36,12,2,0.04361063561911706
neural_fusion,neural_bidir_seed4_fusion,0.0,36,12,2,0.04654850409011442
summary_ridge_prior,none,0.0,0,12,3,0.04841450512775341
neural_prior,neural_bidir_seed0_prior,0.0,0,12,3,0.06548911474237684
neural_prior,neural_bidir_seed1_prior,0.0,0,12,3,0.06942129168601241
neural_prior,neural_bidir_seed2_prior,0.0,0,12,3,0.050734430566080846
neural_prior,neural_bidir_seed3_prior,0.0,0,12,3,0.04676501182257198
neural_prior,neural_bidir_seed4_prior,0.0,0,12,3,0.0518480420432752
dfe,none,0.0,32,12,3,0.08857317329305013
dfe,none,0.0,92,12,3,0.052672376544139685
summary_ridge_fusion,none,0.0,32,12,3,0.042596101154225255
neural_fusion,neural_bidir_seed0_fusion,0.0,32,12,3,0.05208278718433456
neural_fusion,neural_bidir_seed1_fusion,0.0,32,12,3,0.05411052730706834
neural_fusion,neural_bidir_seed2_fusion,0.0,32,12,3,0.04392476641732686
neural_fusion,neural_bidir_seed3_fusion,0.0,32,12,3,0.04128351235569002
neural_fusion,neural_bidir_seed4_fusion,0.0,32,12,3,0.04489646223561067
summary_ridge_fusion,none,0.0,36,12,3,0.04224829868939159
neural_fusion,neural_bidir_seed0_fusion,0.0,36,12,3,0.04991466968372299
neural_fusion,neural_bidir_seed1_fusion,0.0,36,12,3,0.05155853019177141
neural_fusion,neural_bidir_seed2_fusion,0.0,36,12,3,0.04277048423853533
neural_fusion,neural_bidir_seed3_fusion,0.0,36,12,3,0.04059887083814083
neural_fusion,neural_bidir_seed4_fusion,0.0,36,12,3,0.04357382125615712
summary_ridge_prior,none,0.0,0,12,4,0.04707497960759959
neural_prior,neural_bidir_seed0_prior,0.0,0,12,4,0.06577672479033936
neural_prior,neural_bidir_seed1_prior,0.0,0,12,4,0.06942958965373691
neural_prior,neural_bidir_seed2_prior,0.0,0,12,4,0.0511158314475324
neural_prior,neural_bidir_seed3_prior,0.0,0,12,4,0.04796421264472883
neural_prior,neural_bidir_seed4_prior,0.0,0,12,4,0.05306055091205053
dfe,none,0.0,32,12,4,0.08888071640182965
dfe,none,0.0,92,12,4,0.05145904736615898
summary_ridge_fusion,none,0.0,32,12,4,0.04258961714237165
neural_fusion,neural_bidir_seed0_fusion,0.0,32,12,4,0.05280589264620261
neural_fusion,neural_bidir_seed1_fusion,0.0,32,12,4,0.05439843136803846
neural_fusion,neural_bidir_seed2_fusion,0.0,32,12,4,0.04448854195402775
neural_fusion,neural_bidir_seed3_fusion,0.0,32,12,4,0.042692221049545745
neural_fusion,neural_bidir_seed4_fusion,0.0,32,12,4,0.04598737620376658
summary_ridge_fusion,none,0.0,36,12,4,0.04423415084300931
neural_fusion,neural_bidir_seed0_fusion,0.0,36,12,4,0.05151399460662376
neural_fusion,neural_bidir_seed1_fusion,0.0,36,12,4,0.053598292461297214
neural_fusion,neural_bidir_seed2_fusion,0.0,36,12,4,0.04474332446201965
neural_fusion,neural_bidir_seed3_fusion,0.0,36,12,4,0.04282655565298828
neural_fusion,neural_bidir_seed4_fusion,0.0,36,12,4,0.046089196987133846
summary_ridge_prior,none,0.0,0,13,0,0.04974381806519476
neural_prior,neural_bidir_seed0_prior,0.0,0,13,0,0.06645229655259755
neural_prior,neural_bidir_seed1_prior,0.0,0,13,0,0.07067671039840207
neural_prior,neural_bidir_seed2_prior,0.0,0,13,0,0.051992395281558856
neural_prior,neural_bidir_seed3_prior,0.0,0,13,0,0.04803503683069721
neural_prior,neural_bidir_seed4_prior,0.0,0,13,0,0.05277186064631678
dfe,none,0.0,32,13,0,0.08796085419651883
dfe,none,0.0,92,13,0,0.05196323725626484
summary_ridge_fusion,none,0.0,32,13,0,0.04378077194953468
neural_fusion,neural_bidir_seed0_fusion,0.0,32,13,0,0.051880385898099124
neural_fusion,neural_bidir_seed1_fusion,0.0,32,13,0,0.05387509572178581
neural_fusion,neural_bidir_seed2_fusion,0.0,32,13,0,0.04425312761439438
neural_fusion,neural_bidir_seed3_fusion,0.0,32,13,0,0.04190297213271914
neural_fusion,neural_bidir_seed4_fusion,0.0,32,13,0,0.04524026094893721
summary_ridge_fusion,none,0.0,36,13,0,0.04572974266234796
neural_fusion,neural_bidir_seed0_fusion,0.0,36,13,0,0.051841728169260415
neural_fusion,neural_bidir_seed1_fusion,0.0,36,13,0,0.05367891771132606
neural_fusion,neural_bidir_seed2_fusion,0.0,36,13,0,0.044913501132155545
neural_fusion,neural_bidir_seed3_fusion,0.0,36,13,0,0.0427220974642256
neural_fusion,neural_bidir_seed4_fusion,0.0,36,13,0,0.046145013662760026
summary_ridge_prior,none,0.0,0,13,1,0.04963390066110336
neural_prior,neural_bidir_seed0_prior,0.0,0,13,1,0.06572991881694179
neural_prior,neural_bidir_seed1_prior,0.0,0,13,1,0.06938666086352896
neural_prior,neural_bidir_seed2_prior,0.0,0,13,1,0.052308359096059576
neural_prior,neural_bidir_seed3_prior,0.0,0,13,1,0.04903443771763705
neural_prior,neural_bidir_seed4_prior,0.0,0,13,1,0.05402488281833939
dfe,none,0.0,32,13,1,0.0891878572091545
dfe,none,0.0,92,13,1,0.052246737979904506
summary_ridge_fusion,none,0.0,32,13,1,0.04348809746028712
neural_fusion,neural_bidir_seed0_fusion,0.0,32,13,1,0.05307368744252802
neural_fusion,neural_bidir_seed1_fusion,0.0,32,13,1,0.0550433161416422
neural_fusion,neural_bidir_seed2_fusion,0.0,32,13,1,0.04567310091646014
neural_fusion,neural_bidir_seed3_fusion,0.0,32,13,1,0.04365088660962865
neural_fusion,neural_bidir_seed4_fusion,0.0,32,13,1,0.04694917958160775
summary_ridge_fusion,none,0.0,36,13,1,0.0422498419866829
neural_fusion,neural_bidir_seed0_fusion,0.0,36,13,1,0.05265762605269038
neural_fusion,neural_bidir_seed1_fusion,0.0,36,13,1,0.05424686145116826
neural_fusion,neural_bidir_seed2_fusion,0.0,36,13,1,0.04597189354262042
neural_fusion,neural_bidir_seed3_fusion,0.0,36,13,1,0.0440539153873728
neural_fusion,neural_bidir_seed4_fusion,0.0,36,13,1,0.04648605567132871
summary_ridge_prior,none,0.0,0,13,2,0.044971065280459036
neural_prior,neural_bidir_seed0_prior,0.0,0,13,2,0.06686654106306378
neural_prior,neural_bidir_seed1_prior,0.0,0,13,2,0.07175633792940062
neural_prior,neural_bidir_seed2_prior,0.0,0,13,2,0.051465646451106295
neural_prior,neural_bidir_seed3_prior,0.0,0,13,2,0.04744294812553562
neural_prior,neural_bidir_seed4_prior,0.0,0,13,2,0.052694450540002435
dfe,none,0.0,32,13,2,0.08943455799969591
dfe,none,0.0,92,13,2,0.052771127185977054
summary_ridge_fusion,none,0.0,32,13,2,0.04217389330800146
neural_fusion,neural_bidir_seed0_fusion,0.0,32,13,2,0.053745260664596756
neural_fusion,neural_bidir_seed1_fusion,0.0,32,13,2,0.056121907199536705
neural_fusion,neural_bidir_seed2_fusion,0.0,32,13,2,0.04649241113760298
neural_fusion,neural_bidir_seed3_fusion,0.0,32,13,2,0.04415099181957878
neural_fusion,neural_bidir_seed4_fusion,0.0,32,13,2,0.04724413944361037
summary_ridge_fusion,none,0.0,36,13,2,0.04218821683819939
neural_fusion,neural_bidir_seed0_fusion,0.0,36,13,2,0.05194597651044455
neural_fusion,neural_bidir_seed1_fusion,0.0,36,13,2,0.0539803734088973
neural_fusion,neural_bidir_seed2_fusion,0.0,36,13,2,0.044302008185742814
neural_fusion,neural_bidir_seed3_fusion,0.0,36,13,2,0.04220946335021432
neural_fusion,neural_bidir_seed4_fusion,0.0,36,13,2,0.04565054786062205
summary_ridge_prior,none,0.0,0,13,3,0.04799185970804622
neural_prior,neural_bidir_seed0_prior,0.0,0,13,3,0.0676834861660609
neural_prior,neural_bidir_seed1_prior,0.0,0,13,3,0.07225010516413022
neural_prior,neural_bidir_seed2_prior,0.0,0,13,3,0.052238223390304483
neural_prior,neural_bidir_seed3_prior,0.0,0,13,3,0.048101465858053416
neural_prior,neural_bidir_seed4_prior,0.0,0,13,3,0.05340008896018844
dfe,none,0.0,32,13,3,0.08838075933454093
dfe,none,0.0,92,13,3,0.05163887763206261
summary_ridge_fusion,none,0.0,32,13,3,0.04253665068997203
neural_fusion,neural_bidir_seed0_fusion,0.0,32,13,3,0.05247586252309566
neural_fusion,neural_bidir_seed1_fusion,0.0,32,13,3,0.054390501507933016
neural_fusion,neural_bidir_seed2_fusion,0.0,32,13,3,0.04487293533181226
neural_fusion,neural_bidir_seed3_fusion,0.0,32,13,3,0.04243521643087987
neural_fusion,neural_bidir_seed4_fusion,0.0,32,13,3,0.045916900758614515
summary_ridge_fusion,none,0.0,36,13,3,0.045440847264832065
neural_fusion,neural_bidir_seed0_fusion,0.0,36,13,3,0.05588666764668311
neural_fusion,neural_bidir_seed1_fusion,0.0,36,13,3,0.05631046505253381
neural_fusion,neural_bidir_seed2_fusion,0.0,36,13,3,0.04879351959740447
neural_fusion,neural_bidir_seed3_fusion,0.0,36,13,3,0.047084109870167784
neural_fusion,neural_bidir_seed4_fusion,0.0,36,13,3,0.04934377024224942
summary_ridge_prior,none,0.0,0,13,4,0.04533301685217024
neural_prior,neural_bidir_seed0_prior,0.0,0,13,4,0.06672086806793232
neural_prior,neural_bidir_seed1_prior,0.0,0,13,4,0.07108543057984207
neural_prior,neural_bidir_seed2_prior,0.0,0,13,4,0.051396290902630426
neural_prior,neural_bidir_seed3_prior,0.0,0,13,4,0.04705248313257471
neural_prior,neural_bidir_seed4_prior,0.0,0,13,4,0.052214014969649725
dfe,none,0.0,32,13,4,0.08903188405674883
dfe,none,0.0,92,13,4,0.052510677229441576
summary_ridge_fusion,none,0.0,32,13,4,0.04068630861358083
neural_fusion,neural_bidir_seed0_fusion,0.0,32,13,4,0.05368627159920284
neural_fusion,neural_bidir_seed1_fusion,0.0,32,13,4,0.055438629169626955
neural_fusion,neural_bidir_seed2_fusion,0.0,32,13,4,0.045895911203821735
neural_fusion,neural_bidir_seed3_fusion,0.0,32,13,4,0.042813358266051815
neural_fusion,neural_bidir_seed4_fusion,0.0,32,13,4,0.045763450976864635
summary_ridge_fusion,none,0.0,36,13,4,0.04074468161191927
neural_fusion,neural_bidir_seed0_fusion,0.0,36,13,4,0.05153454244494746
neural_fusion,neural_bidir_seed1_fusion,0.0,36,13,4,0.05327035335001381
neural_fusion,neural_bidir_seed2_fusion,0.0,36,13,4,0.04400200076940467
neural_fusion,neural_bidir_seed3_fusion,0.0,36,13,4,0.0417061724970999
neural_fusion,neural_bidir_seed4_fusion,0.0,36,13,4,0.04499543048607986
summary_ridge_prior,none,0.0,0,14,0,0.0441735576890111
neural_prior,neural_bidir_seed0_prior,0.0,0,14,0,0.06836989894509315
neural_prior,neural_bidir_seed1_prior,0.0,0,14,0,0.07361526846943889
neural_prior,neural_bidir_seed2_prior,0.0,0,14,0,0.052020642382558435
neural_prior,neural_bidir_seed3_prior,0.0,0,14,0,0.04777301012654789
neural_prior,neural_bidir_seed4_prior,0.0,0,14,0,0.05396076988836285
dfe,none,0.0,32,14,0,0.08984183117149355
dfe,none,0.0,92,14,0,0.052417913210854906
summary_ridge_fusion,none,0.0,32,14,0,0.040208653137413064
neural_fusion,neural_bidir_seed0_fusion,0.0,32,14,0,0.0545005432035905
neural_fusion,neural_bidir_seed1_fusion,0.0,32,14,0,0.05681402310800185
neural_fusion,neural_bidir_seed2_fusion,0.0,32,14,0,0.04520232068988389
neural_fusion,neural_bidir_seed3_fusion,0.0,32,14,0,0.04258900126397025
neural_fusion,neural_bidir_seed4_fusion,0.0,32,14,0,0.04669970278456194
summary_ridge_fusion,none,0.0,36,14,0,0.04014531982088587
neural_fusion,neural_bidir_seed0_fusion,0.0,36,14,0,0.05264359494136189
neural_fusion,neural_bidir_seed1_fusion,0.0,36,14,0,0.05474621769828524
neural_fusion,neural_bidir_seed2_fusion,0.0,36,14,0,0.04491816786146044
neural_fusion,neural_bidir_seed3_fusion,0.0,36,14,0,0.04259554918485127
neural_fusion,neural_bidir_seed4_fusion,0.0,36,14,0,0.04673872091573408
summary_ridge_prior,none,0.0,0,14,1,0.05501393921423235
neural_prior,neural_bidir_seed0_prior,0.0,0,14,1,0.06720845324161928
neural_prior,neural_bidir_seed1_prior,0.0,0,14,1,0.0721812981646508
neural_prior,neural_bidir_seed2_prior,0.0,0,14,1,0.05254897419945337
neural_prior,neural_bidir_seed3_prior,0.0,0,14,1,0.04970242973649874
neural_prior,neural_bidir_seed4_prior,0.0,0,14,1,0.05538395533221774
dfe,none,0.0,32,14,1,0.08882264916822102
dfe,none,0.0,92,14,1,0.052182795501518144
summary_ridge_fusion,none,0.0,32,14,1,0.04700922188113654
neural_fusion,neural_bidir_seed0_fusion,0.0,32,14,1,0.054363704338167854
neural_fusion,neural_bidir_seed1_fusion,0.0,32,14,1,0.05657605774312341
neural_fusion,neural_bidir_seed2_fusion,0.0,32,14,1,0.04553830155205346
neural_fusion,neural_bidir_seed3_fusion,0.0,32,14,1,0.0437826323116416
neural_fusion,neural_bidir_seed4_fusion,0.0,32,14,1,0.047280163638054394
summary_ridge_fusion,none,0.0,36,14,1,0.04575837592948126
neural_fusion,neural_bidir_seed0_fusion,0.0,36,14,1,0.051187367970663956
neural_fusion,neural_bidir_seed1_fusion,0.0,36,14,1,0.052889219431829684
neural_fusion,neural_bidir_seed2_fusion,0.0,36,14,1,0.044052064696229916
neural_fusion,neural_bidir_seed3_fusion,0.0,36,14,1,0.042789812236991735
neural_fusion,neural_bidir_seed4_fusion,0.0,36,14,1,0.045988183361203555
summary_ridge_prior,none,0.0,0,14,2,0.04813683573727259
neural_prior,neural_bidir_seed0_prior,0.0,0,14,2,0.06626697511819657
neural_prior,neural_bidir_seed1_prior,0.0,0,14,2,0.07118802718468942
neural_prior,neural_bidir_seed2_prior,0.0,0,14,2,0.05070008154143579
neural_prior,neural_bidir_seed3_prior,0.0,0,14,2,0.04679105058312416
neural_prior,neural_bidir_seed4_prior,0.0,0,14,2,0.052300896888482384
dfe,none,0.0,32,14,2,0.08994535257542421
dfe,none,0.0,92,14,2,0.05275861461845888
summary_ridge_fusion,none,0.0,32,14,2,0.04454866942569041
neural_fusion,neural_bidir_seed0_fusion,0.0,32,14,2,0.052604261172708486
neural_fusion,neural_bidir_seed1_fusion,0.0,32,14,2,0.054938141732446
neural_fusion,neural_bidir_seed2_fusion,0.0,32,14,2,0.0454891931595469
neural_fusion,neural_bidir_seed3_fusion,0.0,32,14,2,0.04379474231943568
neural_fusion,neural_bidir_seed4_fusion,0.0,32,14,2,0.047319946171384825
summary_ridge_fusion,none,0.0,36,14,2,0.04368963691002975
neural_fusion,neural_bidir_seed0_fusion,0.0,36,14,2,0.05196874362220183
neural_fusion,neural_bidir_seed1_fusion,0.0,36,14,2,0.053735124924410724
neural_fusion,neural_bidir_seed2_fusion,0.0,36,14,2,0.04571196718302953
neural_fusion,neural_bidir_seed3_fusion,0.0,36,14,2,0.04415091600195466
neural_fusion,neural_bidir_seed4_fusion,0.0,36,14,2,0.0471800870466551
summary_ridge_prior,none,0.0,0,14,3,0.047774803695851825
neural_prior,neural_bidir_seed0_prior,0.0,0,14,3,0.06965493186726235
neural_prior,neural_bidir_seed1_prior,0.0,0,14,3,0.07567930813820567
neural_prior,neural_bidir_seed2_prior,0.0,0,14,3,0.053573375174892135
neural_prior,neural_bidir_seed3_prior,0.0,0,14,3,0.04918191880278755
neural_prior,neural_bidir_seed4_prior,0.0,0,14,3,0.05501922525581904
dfe,none,0.0,32,14,3,0.08828267855278682
dfe,none,0.0,92,14,3,0.05255429994318664
summary_ridge_fusion,none,0.0,32,14,3,0.0420428785547058
neural_fusion,neural_bidir_seed0_fusion,0.0,32,14,3,0.05551631856207909
neural_fusion,neural_bidir_seed1_fusion,0.0,32,14,3,0.05697570748466678
neural_fusion,neural_bidir_seed2_fusion,0.0,32,14,3,0.046247556330887604
neural_fusion,neural_bidir_seed3_fusion,0.0,32,14,3,0.043286592709446126
neural_fusion,neural_bidir_seed4_fusion,0.0,32,14,3,0.04664487252600459
summary_ridge_fusion,none,0.0,36,14,3,0.04440888451133394
neural_fusion,neural_bidir_seed0_fusion,0.0,36,14,3,0.05274361907266292
neural_fusion,neural_bidir_seed1_fusion,0.0,36,14,3,0.054752045775131396
neural_fusion,neural_bidir_seed2_fusion,0.0,36,14,3,0.045196010796936685
neural_fusion,neural_bidir_seed3_fusion,0.0,36,14,3,0.042484525665188275
neural_fusion,neural_bidir_seed4_fusion,0.0,36,14,3,0.04593907724603121
summary_ridge_prior,none,0.0,0,14,4,0.04770515490151779
neural_prior,neural_bidir_seed0_prior,0.0,0,14,4,0.06894891122647095
neural_prior,neural_bidir_seed1_prior,0.0,0,14,4,0.0733465610537678
neural_prior,neural_bidir_seed2_prior,0.0,0,14,4,0.05292855815787334
neural_prior,neural_bidir_seed3_prior,0.0,0,14,4,0.04922253006952815
neural_prior,neural_bidir_seed4_prior,0.0,0,14,4,0.05406092955672648
dfe,none,0.0,32,14,4,0.08981355257565156
dfe,none,0.0,92,14,4,0.05280845664170576
summary_ridge_fusion,none,0.0,32,14,4,0.0426876376024142
neural_fusion,neural_bidir_seed0_fusion,0.0,32,14,4,0.05319661638656559
neural_fusion,neural_bidir_seed1_fusion,0.0,32,14,4,0.05501513169782384
neural_fusion,neural_bidir_seed2_fusion,0.0,32,14,4,0.044849810745435606
neural_fusion,neural_bidir_seed3_fusion,0.0,32,14,4,0.04283019695171914
neural_fusion,neural_bidir_seed4_fusion,0.0,32,14,4,0.0458020119044745
summary_ridge_fusion,none,0.0,36,14,4,0.04229479886594226
neural_fusion,neural_bidir_seed0_fusion,0.0,36,14,4,0.05403528156128019
neural_fusion,neural_bidir_seed1_fusion,0.0,36,14,4,0.05587777761040291
neural_fusion,neural_bidir_seed2_fusion,0.0,36,14,4,0.045527055741242335
neural_fusion,neural_bidir_seed3_fusion,0.0,36,14,4,0.04324865397469917
neural_fusion,neural_bidir_seed4_fusion,0.0,36,14,4,0.04667905380028735
summary_ridge_prior,none,0.0,0,15,0,0.04515739457265678
neural_prior,neural_bidir_seed0_prior,0.0,0,15,0,0.07249528815736994
neural_prior,neural_bidir_seed1_prior,0.0,0,15,0,0.07755296162213199
neural_prior,neural_bidir_seed2_prior,0.0,0,15,0,0.05501030242885463
neural_prior,neural_bidir_seed3_prior,0.0,0,15,0,0.050076115105184726
neural_prior,neural_bidir_seed4_prior,0.0,0,15,0,0.05562433744489681
dfe,none,0.0,32,15,0,0.08733148872931701
dfe,none,0.0,92,15,0,0.051882764476542956
summary_ridge_fusion,none,0.0,32,15,0,0.040032912621489156
neural_fusion,neural_bidir_seed0_fusion,0.0,32,15,0,0.05559379622582351
neural_fusion,neural_bidir_seed1_fusion,0.0,32,15,0,0.05722324877495172
neural_fusion,neural_bidir_seed2_fusion,0.0,32,15,0,0.04673197786293627
neural_fusion,neural_bidir_seed3_fusion,0.0,32,15,0,0.04362910487883934
neural_fusion,neural_bidir_seed4_fusion,0.0,32,15,0,0.04694654753577232
summary_ridge_fusion,none,0.0,36,15,0,0.039895005307109904
neural_fusion,neural_bidir_seed0_fusion,0.0,36,15,0,0.05488926905767676
neural_fusion,neural_bidir_seed1_fusion,0.0,36,15,0,0.05664578752052455
neural_fusion,neural_bidir_seed2_fusion,0.0,36,15,0,0.04635380796909267
neural_fusion,neural_bidir_seed3_fusion,0.0,36,15,0,0.043221478197639676
neural_fusion,neural_bidir_seed4_fusion,0.0,36,15,0,0.046576335475241
summary_ridge_prior,none,0.0,0,15,1,0.04550224313014472
neural_prior,neural_bidir_seed0_prior,0.0,0,15,1,0.06822918243415188
neural_prior,neural_bidir_seed1_prior,0.0,0,15,1,0.07265070015273523
neural_prior,neural_bidir_seed2_prior,0.0,0,15,1,0.051064777027931996
neural_prior,neural_bidir_seed3_prior,0.0,0,15,1,0.04677866060228553
neural_prior,neural_bidir_seed4_prior,0.0,0,15,1,0.05198200335144065
dfe,none,0.0,32,15,1,0.09098630398062099
dfe,none,0.0,92,15,1,0.05244760345085524
summary_ridge_fusion,none,0.0,32,15,1,0.045802391497260904
neural_fusion,neural_bidir_seed0_fusion,0.0,32,15,1,0.054254166964225053
neural_fusion,neural_bidir_seed1_fusion,0.0,32,15,1,0.05606544240967201
neural_fusion,neural_bidir_seed2_fusion,0.0,32,15,1,0.046598630190796055
neural_fusion,neural_bidir_seed3_fusion,0.0,32,15,1,0.044528732454539505
neural_fusion,neural_bidir_seed4_fusion,0.0,32,15,1,0.04836106629889896
summary_ridge_fusion,none,0.0,36,15,1,0.04631069852589502
neural_fusion,neural_bidir_seed0_fusion,0.0,36,15,1,0.054390377501267316
neural_fusion,neural_bidir_seed1_fusion,0.0,36,15,1,0.05601696537395135
neural_fusion,neural_bidir_seed2_fusion,0.0,36,15,1,0.047326655812773157
neural_fusion,neural_bidir_seed3_fusion,0.0,36,15,1,0.045462569604488724
neural_fusion,neural_bidir_seed4_fusion,0.0,36,15,1,0.048643592428247104
summary_ridge_prior,none,0.0,0,15,2,0.050149793099615654
neural_prior,neural_bidir_seed0_prior,0.0,0,15,2,0.07050531222193968
neural_prior,neural_bidir_seed1_prior,0.0,0,15,2,0.0755880879733013
neural_prior,neural_bidir_seed2_prior,0.0,0,15,2,0.05306800159451086
neural_prior,neural_bidir_seed3_prior,0.0,0,15,2,0.048607673234073445
neural_prior,neural_bidir_seed4_prior,0.0,0,15,2,0.054260002842056565
dfe,none,0.0,32,15,2,0.08794031964816068
dfe,none,0.0,92,15,2,0.05217167836812986
summary_ridge_fusion,none,0.0,32,15,2,0.044346712506293476
neural_fusion,neural_bidir_seed0_fusion,0.0,32,15,2,0.0547144936044727
neural_fusion,neural_bidir_seed1_fusion,0.0,32,15,2,0.05672580161954971
neural_fusion,neural_bidir_seed2_fusion,0.0,32,15,2,0.045366286117316655
neural_fusion,neural_bidir_seed3_fusion,0.0,32,15,2,0.04209406969705734
neural_fusion,neural_bidir_seed4_fusion,0.0,32,15,2,0.04529040151856753
summary_ridge_fusion,none,0.0,36,15,2,0.04315829596888199
neural_fusion,neural_bidir_seed0_fusion,0.0,36,15,2,0.053441319969455635
neural_fusion,neural_bidir_seed1_fusion,0.0,36,15,2,0.05513987439510134
neural_fusion,neural_bidir_seed2_fusion,0.0,36,15,2,0.04627551325319633
neural_fusion,neural_bidir_seed3_fusion,0.0,36,15,2,0.04408498784338184
neural_fusion,neural_bidir_seed4_fusion,0.0,36,15,2,0.047638280693865886
summary_ridge_prior,none,0.0,0,15,3,0.04745833748867665
neural_prior,neural_bidir_seed0_prior,0.0,0,15,3,0.06791181697917636
neural_prior,neural_bidir_seed1_prior,0.0,0,15,3,0.07272791958530433
neural_prior,neural_bidir_seed2_prior,0.0,0,15,3,0.0516538877855055
neural_prior,neural_bidir_seed3_prior,0.0,0,15,3,0.047439637972274795
neural_prior,neural_bidir_seed4_prior,0.0,0,15,3,0.0527689562732121
dfe,none,0.0,32,15,3,0.08937381252339535
dfe,none,0.0,92,15,3,0.05169555687727982
summary_ridge_fusion,none,0.0,32,15,3,0.0420810674869319
neural_fusion,neural_bidir_seed0_fusion,0.0,32,15,3,0.05442772629605638
neural_fusion,neural_bidir_seed1_fusion,0.0,32,15,3,0.05647726351657267
neural_fusion,neural_bidir_seed2_fusion,0.0,32,15,3,0.048363449309121787
neural_fusion,neural_bidir_seed3_fusion,0.0,32,15,3,0.04621930287108598
neural_fusion,neural_bidir_seed4_fusion,0.0,32,15,3,0.0492853108198056
summary_ridge_fusion,none,0.0,36,15,3,0.04479744083007013
neural_fusion,neural_bidir_seed0_fusion,0.0,36,15,3,0.0516358576935858
neural_fusion,neural_bidir_seed1_fusion,0.0,36,15,3,0.05348345920524715
neural_fusion,neural_bidir_seed2_fusion,0.0,36,15,3,0.04349930030570587
neural_fusion,neural_bidir_seed3_fusion,0.0,36,15,3,0.0411208592945158
neural_fusion,neural_bidir_seed4_fusion,0.0,36,15,3,0.04443128577807348
summary_ridge_prior,none,0.0,0,15,4,0.04456287101864271
neural_prior,neural_bidir_seed0_prior,0.0,0,15,4,0.07068931782850996
neural_prior,neural_bidir_seed1_prior,0.0,0,15,4,0.0751964568044059
neural_prior,neural_bidir_seed2_prior,0.0,0,15,4,0.05287801583472174
neural_prior,neural_bidir_seed3_prior,0.0,0,15,4,0.0482631193153793
neural_prior,neural_bidir_seed4_prior,0.0,0,15,4,0.053229409459163435
dfe,none,0.0,32,15,4,0.08970720010931307
dfe,none,0.0,92,15,4,0.052873337620359805
summary_ridge_fusion,none,0.0,32,15,4,0.04207129370885652
neural_fusion,neural_bidir_seed0_fusion,0.0,32,15,4,0.05944102043824146
neural_fusion,neural_bidir_seed1_fusion,0.0,32,15,4,0.06123704530325434
neural_fusion,neural_bidir_seed2_fusion,0.0,32,15,4,0.05277530786537761
neural_fusion,neural_bidir_seed3_fusion,0.0,32,15,4,0.05033687029216142
neural_fusion,neural_bidir_seed4_fusion,0.0,32,15,4,0.054358209266261164
summary_ridge_fusion,none,0.0,36,15,4,0.039901550755387545
neural_fusion,neural_bidir_seed0_fusion,0.0,36,15,4,0.055087812588737385
neural_fusion,neural_bidir_seed1_fusion,0.0,36,15,4,0.0568362386727116
neural_fusion,neural_bidir_seed2_fusion,0.0,36,15,4,0.04668154579356308
neural_fusion,neural_bidir_seed3_fusion,0.0,36,15,4,0.04379406491857138
neural_fusion,neural_bidir_seed4_fusion,0.0,36,15,4,0.04800724805701566
summary_ridge_prior,none,0.0,0,16,0,0.04757598491790588
neural_prior,neural_bidir_seed0_prior,0.0,0,16,0,0.0668847259512404
neural_prior,neural_bidir_seed1_prior,0.0,0,16,0,0.07198043570679147
neural_prior,neural_bidir_seed2_prior,0.0,0,16,0,0.051979391762870364
neural_prior,neural_bidir_seed3_prior,0.0,0,16,0,0.04762824717909098
neural_prior,neural_bidir_seed4_prior,0.0,0,16,0,0.05338830682740081
dfe,none,0.0,32,16,0,0.08815506176536227
dfe,none,0.0,92,16,0,0.05389861650808754
summary_ridge_fusion,none,0.0,32,16,0,0.04873906477543787
neural_fusion,neural_bidir_seed0_fusion,0.0,32,16,0,0.055898915119120485
neural_fusion,neural_bidir_seed1_fusion,0.0,32,16,0,0.05790748990941591
neural_fusion,neural_bidir_seed2_fusion,0.0,32,16,0,0.050449275349950556
neural_fusion,neural_bidir_seed3_fusion,0.0,32,16,0,0.04830927863566027
neural_fusion,neural_bidir_seed4_fusion,0.0,32,16,0,0.0514556244837057
summary_ridge_fusion,none,0.0,36,16,0,0.042290942024755085
neural_fusion,neural_bidir_seed0_fusion,0.0,36,16,0,0.051628555831867796
neural_fusion,neural_bidir_seed1_fusion,0.0,36,16,0,0.05390921498593862
neural_fusion,neural_bidir_seed2_fusion,0.0,36,16,0,0.04387426209320486
neural_fusion,neural_bidir_seed3_fusion,0.0,36,16,0,0.04128295135099706
neural_fusion,neural_bidir_seed4_fusion,0.0,36,16,0,0.044805049362012184
summary_ridge_prior,none,0.0,0,16,1,0.04253922746152368
neural_prior,neural_bidir_seed0_prior,0.0,0,16,1,0.0659587767731864
neural_prior,neural_bidir_seed1_prior,0.0,0,16,1,0.07020253970404156
neural_prior,neural_bidir_seed2_prior,0.0,0,16,1,0.05092753394274041
neural_prior,neural_bidir_seed3_prior,0.0,0,16,1,0.04734347984776832
neural_prior,neural_bidir_seed4_prior,0.0,0,16,1,0.05223404512798879
dfe,none,0.0,32,16,1,0.09001136526719414
dfe,none,0.0,92,16,1,0.053027853060899285
summary_ridge_fusion,none,0.0,32,16,1,0.04266697882188816
neural_fusion,neural_bidir_seed0_fusion,0.0,32,16,1,0.052472785864826274
neural_fusion,neural_bidir_seed1_fusion,0.0,32,16,1,0.05434389088396133
neural_fusion,neural_bidir_seed2_fusion,0.0,32,16,1,0.044270462685270656
neural_fusion,neural_bidir_seed3_fusion,0.0,32,16,1,0.042039893045401705
neural_fusion,neural_bidir_seed4_fusion,0.0,32,16,1,0.04536629732946103
summary_ridge_fusion,none,0.0,36,16,1,0.040832180986381736
neural_fusion,neural_bidir_seed0_fusion,0.0,36,16,1,0.052024639034190384
neural_fusion,neural_bidir_seed1_fusion,0.0,36,16,1,0.0537409248309795
neural_fusion,neural_bidir_seed2_fusion,0.0,36,16,1,0.044501752220774814
neural_fusion,neural_bidir_seed3_fusion,0.0,36,16,1,0.04205657483080866
neural_fusion,neural_bidir_seed4_fusion,0.0,36,16,1,0.04554222859458726
summary_ridge_prior,none,0.0,0,16,2,0.04601499016691411
neural_prior,neural_bidir_seed0_prior,0.0,0,16,2,0.06616248624050058
neural_prior,neural_bidir_seed1_prior,0.0,0,16,2,0.0707908173208125
neural_prior,neural_bidir_seed2_prior,0.0,0,16,2,0.05116412881761789
neural_prior,neural_bidir_seed3_prior,0.0,0,16,2,0.047544447079417296
neural_prior,neural_bidir_seed4_prior,0.0,0,16,2,0.052647387972683646
dfe,none,0.0,32,16,2,0.09019668632271616
dfe,none,0.0,92,16,2,0.05180340657268541
summary_ridge_fusion,none,0.0,32,16,2,0.05041182199208878
neural_fusion,neural_bidir_seed0_fusion,0.0,32,16,2,0.054476660695900285
neural_fusion,neural_bidir_seed1_fusion,0.0,32,16,2,0.05679830324139152
neural_fusion,neural_bidir_seed2_fusion,0.0,32,16,2,0.046831903633748694
neural_fusion,neural_bidir_seed3_fusion,0.0,32,16,2,0.044961967455912674
neural_fusion,neural_bidir_seed4_fusion,0.0,32,16,2,0.04930793716052163
summary_ridge_fusion,none,0.0,36,16,2,0.041908572868664236
neural_fusion,neural_bidir_seed0_fusion,0.0,36,16,2,0.05138222134963146
neural_fusion,neural_bidir_seed1_fusion,0.0,36,16,2,0.05332424743429418
neural_fusion,neural_bidir_seed2_fusion,0.0,36,16,2,0.04417922379050483
neural_fusion,neural_bidir_seed3_fusion,0.0,36,16,2,0.041897078591641476
neural_fusion,neural_bidir_seed4_fusion,0.0,36,16,2,0.044971736978087845
summary_ridge_prior,none,0.0,0,16,3,0.05424786626069443
neural_prior,neural_bidir_seed0_prior,0.0,0,16,3,0.06706769768788945
neural_prior,neural_bidir_seed1_prior,0.0,0,16,3,0.07210895825119223
neural_prior,neural_bidir_seed2_prior,0.0,0,16,3,0.05213318615278695
neural_prior,neural_bidir_seed3_prior,0.0,0,16,3,0.04901946552854497
neural_prior,neural_bidir_seed4_prior,0.0,0,16,3,0.053926542910630815
dfe,none,0.0,32,16,3,0.08838822784283284
dfe,none,0.0,92,16,3,0.05233132985194579
summary_ridge_fusion,none,0.0,32,16,3,0.046257308318205195
neural_fusion,neural_bidir_seed0_fusion,0.0,32,16,3,0.053003661845289894
neural_fusion,neural_bidir_seed1_fusion,0.0,32,16,3,0.055084034170852995
neural_fusion,neural_bidir_seed2_fusion,0.0,32,16,3,0.04532441358862456
neural_fusion,neural_bidir_seed3_fusion,0.0,32,16,3,0.0435368778781008
neural_fusion,neural_bidir_seed4_fusion,0.0,32,16,3,0.04637942625347975
summary_ridge_fusion,none,0.0,36,16,3,0.044872676979328785
neural_fusion,neural_bidir_seed0_fusion,0.0,36,16,3,0.050551368179897804
neural_fusion,neural_bidir_seed1_fusion,0.0,36,16,3,0.052255855823933654
neural_fusion,neural_bidir_seed2_fusion,0.0,36,16,3,0.04422785907114652
neural_fusion,neural_bidir_seed3_fusion,0.0,36,16,3,0.04309999587697351
neural_fusion,neural_bidir_seed4_fusion,0.0,36,16,3,0.044883223084205684
summary_ridge_prior,none,0.0,0,16,4,0.053324027056412246
neural_prior,neural_bidir_seed0_prior,0.0,0,16,4,0.06651490277727135
neural_prior,neural_bidir_seed1_prior,0.0,0,16,4,0.07133168743166607
neural_prior,neural_bidir_seed2_prior,0.0,0,16,4,0.05150463979225606
neural_prior,neural_bidir_seed3_prior,0.0,0,16,4,0.04802252467197832
neural_prior,neural_bidir_seed4_prior,0.0,0,16,4,0.053222201619064435
dfe,none,0.0,32,16,4,0.08909164597518447
dfe,none,0.0,92,16,4,0.052497845010297445
summary_ridge_fusion,none,0.0,32,16,4,0.04573797768139209
neural_fusion,neural_bidir_seed0_fusion,0.0,32,16,4,0.051614218966642034
neural_fusion,neural_bidir_seed1_fusion,0.0,32,16,4,0.053636300025076314
neural_fusion,neural_bidir_seed2_fusion,0.0,32,16,4,0.04421059577197067
neural_fusion,neural_bidir_seed3_fusion,0.0,32,16,4,0.04205698209308618
neural_fusion,neural_bidir_seed4_fusion,0.0,32,16,4,0.04521380623314493
summary_ridge_fusion,none,0.0,36,16,4,0.045339434504183956
neural_fusion,neural_bidir_seed0_fusion,0.0,36,16,4,0.051254275920661944
neural_fusion,neural_bidir_seed1_fusion,0.0,36,16,4,0.053446461100706444
neural_fusion,neural_bidir_seed2_fusion,0.0,36,16,4,0.04382033512208906
neural_fusion,neural_bidir_seed3_fusion,0.0,36,16,4,0.04187784057342897
neural_fusion,neural_bidir_seed4_fusion,0.0,36,16,4,0.045171888566175135
summary_ridge_prior,none,0.0,0,17,0,0.04485454131658814
neural_prior,neural_bidir_seed0_prior,0.0,0,17,0,0.07072027362301014
neural_prior,neural_bidir_seed1_prior,0.0,0,17,0,0.07523787995160092
neural_prior,neural_bidir_seed2_prior,0.0,0,17,0,0.054604490142082796
neural_prior,neural_bidir_seed3_prior,0.0,0,17,0,0.050408003939082846
neural_prior,neural_bidir_seed4_prior,0.0,0,17,0,0.05549441260518506
dfe,none,0.0,32,17,0,0.09079233951527965
dfe,none,0.0,92,17,0,0.05159398217617299
summary_ridge_fusion,none,0.0,32,17,0,0.04502614116823767
neural_fusion,neural_bidir_seed0_fusion,0.0,32,17,0,0.0562816573721665
neural_fusion,neural_bidir_seed1_fusion,0.0,32,17,0,0.05781922512866445
neural_fusion,neural_bidir_seed2_fusion,0.0,32,17,0,0.0487916048839866
neural_fusion,neural_bidir_seed3_fusion,0.0,32,17,0,0.046849042751902
neural_fusion,neural_bidir_seed4_fusion,0.0,32,17,0,0.04945416307721215
summary_ridge_fusion,none,0.0,36,17,0,0.04410971459235788
neural_fusion,neural_bidir_seed0_fusion,0.0,36,17,0,0.05392825738846415
neural_fusion,neural_bidir_seed1_fusion,0.0,36,17,0,0.05532551220373849
neural_fusion,neural_bidir_seed2_fusion,0.0,36,17,0,0.04707539137414376
neural_fusion,neural_bidir_seed3_fusion,0.0,36,17,0,0.04494587010371573
neural_fusion,neural_bidir_seed4_fusion,0.0,36,17,0,0.04770815369604769
summary_ridge_prior,none,0.0,0,17,1,0.04970007988283773
neural_prior,neural_bidir_seed0_prior,0.0,0,17,1,0.06798122239706572
neural_prior,neural_bidir_seed1_prior,0.0,0,17,1,0.07330999834812246
neural_prior,neural_bidir_seed2_prior,0.0,0,17,1,0.05143195146229118
neural_prior,neural_bidir_seed3_prior,0.0,0,17,1,0.047233622026396915
neural_prior,neural_bidir_seed4_prior,0.0,0,17,1,0.05255164479603991
dfe,none,0.0,32,17,1,0.08968087696306282
dfe,none,0.0,92,17,1,0.05182753284953119
summary_ridge_fusion,none,0.0,32,17,1,0.046210574579845974
neural_fusion,neural_bidir_seed0_fusion,0.0,32,17,1,0.057915864943852896
neural_fusion,neural_bidir_seed1_fusion,0.0,32,17,1,0.0612179980009916
neural_fusion,neural_bidir_seed2_fusion,0.0,32,17,1,0.04846596488446098
neural_fusion,neural_bidir_seed3_fusion,0.0,32,17,1,0.04472232594927522
neural_fusion,neural_bidir_seed4_fusion,0.0,32,17,1,0.04946548778913626
summary_ridge_fusion,none,0.0,36,17,1,0.043101884185752566
neural_fusion,neural_bidir_seed0_fusion,0.0,36,17,1,0.05487073000654974
neural_fusion,neural_bidir_seed1_fusion,0.0,36,17,1,0.05752014730578721
neural_fusion,neural_bidir_seed2_fusion,0.0,36,17,1,0.045963988230949986
neural_fusion,neural_bidir_seed3_fusion,0.0,36,17,1,0.04224877328972223
neural_fusion,neural_bidir_seed4_fusion,0.0,36,17,1,0.046689632011454416
summary_ridge_prior,none,0.0,0,17,2,0.04667515104141054
neural_prior,neural_bidir_seed0_prior,0.0,0,17,2,0.07165849898592569
neural_prior,neural_bidir_seed1_prior,0.0,0,17,2,0.07638673993642442
neural_prior,neural_bidir_seed2_prior,0.0,0,17,2,0.054784427396953106
neural_prior,neural_bidir_seed3_prior,0.0,0,17,2,0.05024902714649215
neural_prior,neural_bidir_seed4_prior,0.0,0,17,2,0.05536814403603785
dfe,none,0.0,32,17,2,0.08920958343263588
dfe,none,0.0,92,17,2,0.052314087140194886
summary_ridge_fusion,none,0.0,32,17,2,0.04197485174677223
neural_fusion,neural_bidir_seed0_fusion,0.0,32,17,2,0.055417128675355476
neural_fusion,neural_bidir_seed1_fusion,0.0,32,17,2,0.057110066310996396
neural_fusion,neural_bidir_seed2_fusion,0.0,32,17,2,0.04684755228447454
neural_fusion,neural_bidir_seed3_fusion,0.0,32,17,2,0.04418108704198778
neural_fusion,neural_bidir_seed4_fusion,0.0,32,17,2,0.047075545832501994
summary_ridge_fusion,none,0.0,36,17,2,0.04108529969502617
neural_fusion,neural_bidir_seed0_fusion,0.0,36,17,2,0.05403593121569513
neural_fusion,neural_bidir_seed1_fusion,0.0,36,17,2,0.055817347612889145
neural_fusion,neural_bidir_seed2_fusion,0.0,36,17,2,0.04592904092107826
neural_fusion,neural_bidir_seed3_fusion,0.0,36,17,2,0.04341129658950701
neural_fusion,neural_bidir_seed4_fusion,0.0,36,17,2,0.04623025139198978
summary_ridge_prior,none,0.0,0,17,3,0.04645560925260377
neural_prior,neural_bidir_seed0_prior,0.0,0,17,3,0.07153902370191645
neural_prior,neural_bidir_seed1_prior,0.0,0,17,3,0.0764231822831789
neural_prior,neural_bidir_seed2_prior,0.0,0,17,3,0.0545902745652711
neural_prior,neural_bidir_seed3_prior,0.0,0,17,3,0.050314473250182346
neural_prior,neural_bidir_seed4_prior,0.0,0,17,3,0.05522563270642422
dfe,none,0.0,32,17,3,0.08933521151193419
dfe,none,0.0,92,17,3,0.05304401346938609
summary_ridge_fusion,none,0.0,32,17,3,0.044776776079044414
neural_fusion,neural_bidir_seed0_fusion,0.0,32,17,3,0.06078348195179164
neural_fusion,neural_bidir_seed1_fusion,0.0,32,17,3,0.06283862907149276
neural_fusion,neural_bidir_seed2_fusion,0.0,32,17,3,0.05215137104376448
neural_fusion,neural_bidir_seed3_fusion,0.0,32,17,3,0.04952261707688918
neural_fusion,neural_bidir_seed4_fusion,0.0,32,17,3,0.05332523065907992
summary_ridge_fusion,none,0.0,36,17,3,0.04507943396015655
neural_fusion,neural_bidir_seed0_fusion,0.0,36,17,3,0.05514122237459054
neural_fusion,neural_bidir_seed1_fusion,0.0,36,17,3,0.056521964274359876
neural_fusion,neural_bidir_seed2_fusion,0.0,36,17,3,0.04839658151467237
neural_fusion,neural_bidir_seed3_fusion,0.0,36,17,3,0.04636659484734844
neural_fusion,neural_bidir_seed4_fusion,0.0,36,17,3,0.048317312898925865
summary_ridge_prior,none,0.0,0,17,4,0.05400040869733336
neural_prior,neural_bidir_seed0_prior,0.0,0,17,4,0.07187175149738323
neural_prior,neural_bidir_seed1_prior,0.0,0,17,4,0.07730740499391686
neural_prior,neural_bidir_seed2_prior,0.0,0,17,4,0.056770464332657866
neural_prior,neural_bidir_seed3_prior,0.0,0,17,4,0.05335582766565494
neural_prior,neural_bidir_seed4_prior,0.0,0,17,4,0.05834620477980934
dfe,none,0.0,32,17,4,0.09072527562410951
dfe,none,0.0,92,17,4,0.05265752587881145
summary_ridge_fusion,none,0.0,32,17,4,0.047083998369517835
neural_fusion,neural_bidir_seed0_fusion,0.0,32,17,4,0.056134454173619244
neural_fusion,neural_bidir_seed1_fusion,0.0,32,17,4,0.058165818732721086
neural_fusion,neural_bidir_seed2_fusion,0.0,32,17,4,0.0484266669895632
neural_fusion,neural_bidir_seed3_fusion,0.0,32,17,4,0.046714137558262175
neural_fusion,neural_bidir_seed4_fusion,0.0,32,17,4,0.04959140095179064
summary_ridge_fusion,none,0.0,36,17,4,0.04826916242087574
neural_fusion,neural_bidir_seed0_fusion,0.0,36,17,4,0.06078037072438494
neural_fusion,neural_bidir_seed1_fusion,0.0,36,17,4,0.06264320607034565
neural_fusion,neural_bidir_seed2_fusion,0.0,36,17,4,0.053078947407359356
neural_fusion,neural_bidir_seed3_fusion,0.0,36,17,4,0.05014240112523281
neural_fusion,neural_bidir_seed4_fusion,0.0,36,17,4,0.05314088431996651
summary_ridge_prior,none,0.0,0,18,0,0.04679707877381789
neural_prior,neural_bidir_seed0_prior,0.0,0,18,0,0.06640494972816668
neural_prior,neural_bidir_seed1_prior,0.0,0,18,0,0.07119227522343863
neural_prior,neural_bidir_seed2_prior,0.0,0,18,0,0.050648422591621056
neural_prior,neural_bidir_seed3_prior,0.0,0,18,0,0.04694534656300675
neural_prior,neural_bidir_seed4_prior,0.0,0,18,0,0.05196239960787352
dfe,none,0.0,32,18,0,0.08947146172127264
dfe,none,0.0,92,18,0,0.052199541069930216
summary_ridge_fusion,none,0.0,32,18,0,0.04215446634291049
neural_fusion,neural_bidir_seed0_fusion,0.0,32,18,0,0.05320191531120975
neural_fusion,neural_bidir_seed1_fusion,0.0,32,18,0,0.05434624823980347
neural_fusion,neural_bidir_seed2_fusion,0.0,32,18,0,0.04683630603954339
neural_fusion,neural_bidir_seed3_fusion,0.0,32,18,0,0.045661129666897865
neural_fusion,neural_bidir_seed4_fusion,0.0,32,18,0,0.04727048763368638
summary_ridge_fusion,none,0.0,36,18,0,0.04125773853812846
neural_fusion,neural_bidir_seed0_fusion,0.0,36,18,0,0.057028771845468014
neural_fusion,neural_bidir_seed1_fusion,0.0,36,18,0,0.057785380587487285
neural_fusion,neural_bidir_seed2_fusion,0.0,36,18,0,0.047430235272059106
neural_fusion,neural_bidir_seed3_fusion,0.0,36,18,0,0.044307512071770506
neural_fusion,neural_bidir_seed4_fusion,0.0,36,18,0,0.0464929920589736
summary_ridge_prior,none,0.0,0,18,1,0.047956659839416604
neural_prior,neural_bidir_seed0_prior,0.0,0,18,1,0.06833916685718577
neural_prior,neural_bidir_seed1_prior,0.0,0,18,1,0.07381391346279997
neural_prior,neural_bidir_seed2_prior,0.0,0,18,1,0.05129346351895947
neural_prior,neural_bidir_seed3_prior,0.0,0,18,1,0.047257576865376905
neural_prior,neural_bidir_seed4_prior,0.0,0,18,1,0.05233109733671881
dfe,none,0.0,32,18,1,0.08865848687128164
dfe,none,0.0,92,18,1,0.05150962481431673
summary_ridge_fusion,none,0.0,32,18,1,0.04280659793324651
neural_fusion,neural_bidir_seed0_fusion,0.0,32,18,1,0.0574371455098884
neural_fusion,neural_bidir_seed1_fusion,0.0,32,18,1,0.06034001570063973
neural_fusion,neural_bidir_seed2_fusion,0.0,32,18,1,0.04727733337033346
neural_fusion,neural_bidir_seed3_fusion,0.0,32,18,1,0.0442394406353618
neural_fusion,neural_bidir_seed4_fusion,0.0,32,18,1,0.04850186528175447
summary_ridge_fusion,none,0.0,36,18,1,0.04189034207072913
neural_fusion,neural_bidir_seed0_fusion,0.0,36,18,1,0.052245119254542546
neural_fusion,neural_bidir_seed1_fusion,0.0,36,18,1,0.054773585406458776
neural_fusion,neural_bidir_seed2_fusion,0.0,36,18,1,0.043861477005337386
neural_fusion,neural_bidir_seed3_fusion,0.0,36,18,1,0.04118863569287938
neural_fusion,neural_bidir_seed4_fusion,0.0,36,18,1,0.04457249189817085
summary_ridge_prior,none,0.0,0,18,2,0.05508335814242156
neural_prior,neural_bidir_seed0_prior,0.0,0,18,2,0.07107577612623572
neural_prior,neural_bidir_seed1_prior,0.0,0,18,2,0.07646147742343601
neural_prior,neural_bidir_seed2_prior,0.0,0,18,2,0.05410468849004246
neural_prior,neural_bidir_seed3_prior,0.0,0,18,2,0.05025049325195141
neural_prior,neural_bidir_seed4_prior,0.0,0,18,2,0.05487033035024069
dfe,none,0.0,32,18,2,0.09012716106610077
dfe,none,0.0,92,18,2,0.05215900719218377
summary_ridge_fusion,none,0.0,32,18,2,0.04897843533027754
neural_fusion,neural_bidir_seed0_fusion,0.0,32,18,2,0.05516168290788301
neural_fusion,neural_bidir_seed1_fusion,0.0,32,18,2,0.05702719684700142
neural_fusion,neural_bidir_seed2_fusion,0.0,32,18,2,0.04680550800778566
neural_fusion,neural_bidir_seed3_fusion,0.0,32,18,2,0.04515117588207425
neural_fusion,neural_bidir_seed4_fusion,0.0,32,18,2,0.047204917534542354
summary_ridge_fusion,none,0.0,36,18,2,0.04779696991597116
neural_fusion,neural_bidir_seed0_fusion,0.0,36,18,2,0.0574084425110966
neural_fusion,neural_bidir_seed1_fusion,0.0,36,18,2,0.05969959298151476
neural_fusion,neural_bidir_seed2_fusion,0.0,36,18,2,0.04803805149461789
neural_fusion,neural_bidir_seed3_fusion,0.0,36,18,2,0.044869938037148456
neural_fusion,neural_bidir_seed4_fusion,0.0,36,18,2,0.04860083415051947
summary_ridge_prior,none,0.0,0,18,3,0.05084460892233282
neural_prior,neural_bidir_seed0_prior,0.0,0,18,3,0.06744857750891242
neural_prior,neural_bidir_seed1_prior,0.0,0,18,3,0.07200984338123817
neural_prior,neural_bidir_seed2_prior,0.0,0,18,3,0.05376152059761807
neural_prior,neural_bidir_seed3_prior,0.0,0,18,3,0.051555348429246806
neural_prior,neural_bidir_seed4_prior,0.0,0,18,3,0.05706067066057585
dfe,none,0.0,32,18,3,0.08896211171443363
dfe,none,0.0,92,18,3,0.05190770843824226
summary_ridge_fusion,none,0.0,32,18,3,0.045550396915804744
neural_fusion,neural_bidir_seed0_fusion,0.0,32,18,3,0.05774832404541441
neural_fusion,neural_bidir_seed1_fusion,0.0,32,18,3,0.05984253793973815
neural_fusion,neural_bidir_seed2_fusion,0.0,32,18,3,0.04861235692027291
neural_fusion,neural_bidir_seed3_fusion,0.0,32,18,3,0.0467413430651627
neural_fusion,neural_bidir_seed4_fusion,0.0,32,18,3,0.05051411854434162
summary_ridge_fusion,none,0.0,36,18,3,0.0438044850325853
neural_fusion,neural_bidir_seed0_fusion,0.0,36,18,3,0.050807479113659154
neural_fusion,neural_bidir_seed1_fusion,0.0,36,18,3,0.052697174181567705
neural_fusion,neural_bidir_seed2_fusion,0.0,36,18,3,0.04457180968224087
neural_fusion,neural_bidir_seed3_fusion,0.0,36,18,3,0.043678736810623564
neural_fusion,neural_bidir_seed4_fusion,0.0,36,18,3,0.04666677343603391
summary_ridge_prior,none,0.0,0,18,4,0.05784379415984303
neural_prior,neural_bidir_seed0_prior,0.0,0,18,4,0.06651788756425958
neural_prior,neural_bidir_seed1_prior,0.0,0,18,4,0.07143573711800855
neural_prior,neural_bidir_seed2_prior,0.0,0,18,4,0.05102671202621423
neural_prior,neural_bidir_seed3_prior,0.0,0,18,4,0.04760890477336943
neural_prior,neural_bidir_seed4_prior,0.0,0,18,4,0.052913742896635085
dfe,none,0.0,32,18,4,0.0896301477364349
dfe,none,0.0,92,18,4,0.05210557313281066
summary_ridge_fusion,none,0.0,32,18,4,0.05077360609675628
neural_fusion,neural_bidir_seed0_fusion,0.0,32,18,4,0.05453296425492539
neural_fusion,neural_bidir_seed1_fusion,0.0,32,18,4,0.057125028430884725
neural_fusion,neural_bidir_seed2_fusion,0.0,32,18,4,0.04510450199557842
neural_fusion,neural_bidir_seed3_fusion,0.0,32,18,4,0.04309339450062899
neural_fusion,neural_bidir_seed4_fusion,0.0,32,18,4,0.046472155662361014
summary_ridge_fusion,none,0.0,36,18,4,0.04701728188962072
neural_fusion,neural_bidir_seed0_fusion,0.0,36,18,4,0.05066757627223796
neural_fusion,neural_bidir_seed1_fusion,0.0,36,18,4,0.05236984709736279
neural_fusion,neural_bidir_seed2_fusion,0.0,36,18,4,0.04378004996045149
neural_fusion,neural_bidir_seed3_fusion,0.0,36,18,4,0.04226347864988712
neural_fusion,neural_bidir_seed4_fusion,0.0,36,18,4,0.04560487035297597
summary_ridge_prior,none,0.0,0,19,0,0.044802475338033165
neural_prior,neural_bidir_seed0_prior,0.0,0,19,0,0.0657740172900958
neural_prior,neural_bidir_seed1_prior,0.0,0,19,0,0.06998353148810565
neural_prior,neural_bidir_seed2_prior,0.0,0,19,0,0.05096752599638421
neural_prior,neural_bidir_seed3_prior,0.0,0,19,0,0.0471537706325762
neural_prior,neural_bidir_seed4_prior,0.0,0,19,0,0.05254386937303934
dfe,none,0.0,32,19,0,0.08918464847454083
dfe,none,0.0,92,19,0,0.052081009735051614
summary_ridge_fusion,none,0.0,32,19,0,0.04126923667990582
neural_fusion,neural_bidir_seed0_fusion,0.0,32,19,0,0.05208042883743384
neural_fusion,neural_bidir_seed1_fusion,0.0,32,19,0,0.05417044649055722
neural_fusion,neural_bidir_seed2_fusion,0.0,32,19,0,0.04390849576844055
neural_fusion,neural_bidir_seed3_fusion,0.0,32,19,0,0.041599533038964534
neural_fusion,neural_bidir_seed4_fusion,0.0,32,19,0,0.04537506420760038
summary_ridge_fusion,none,0.0,36,19,0,0.04186456415465099
neural_fusion,neural_bidir_seed0_fusion,0.0,36,19,0,0.05254276565374242
neural_fusion,neural_bidir_seed1_fusion,0.0,36,19,0,0.05450433686293563
neural_fusion,neural_bidir_seed2_fusion,0.0,36,19,0,0.04469886380135871
neural_fusion,neural_bidir_seed3_fusion,0.0,36,19,0,0.042513699112247054
neural_fusion,neural_bidir_seed4_fusion,0.0,36,19,0,0.04593670854213714
summary_ridge_prior,none,0.0,0,19,1,0.04599632075546986
neural_prior,neural_bidir_seed0_prior,0.0,0,19,1,0.06548107189883012
neural_prior,neural_bidir_seed1_prior,0.0,0,19,1,0.06924755765066948
neural_prior,neural_bidir_seed2_prior,0.0,0,19,1,0.0514648879179731
neural_prior,neural_bidir_seed3_prior,0.0,0,19,1,0.04796886169060599
neural_prior,neural_bidir_seed4_prior,0.0,0,19,1,0.053066894615767524
dfe,none,0.0,32,19,1,0.0899475458821557
dfe,none,0.0,92,19,1,0.05167429364819621
summary_ridge_fusion,none,0.0,32,19,1,0.04191870387488922
neural_fusion,neural_bidir_seed0_fusion,0.0,32,19,1,0.053409986740766725
neural_fusion,neural_bidir_seed1_fusion,0.0,32,19,1,0.055053511711195185
neural_fusion,neural_bidir_seed2_fusion,0.0,32,19,1,0.045790537499629844
neural_fusion,neural_bidir_seed3_fusion,0.0,32,19,1,0.043800146751348024
neural_fusion,neural_bidir_seed4_fusion,0.0,32,19,1,0.04664486779049705
summary_ridge_fusion,none,0.0,36,19,1,0.04438184352144659
neural_fusion,neural_bidir_seed0_fusion,0.0,36,19,1,0.054286324092672526
neural_fusion,neural_bidir_seed1_fusion,0.0,36,19,1,0.056377246864764384
neural_fusion,neural_bidir_seed2_fusion,0.0,36,19,1,0.049327992530866255
neural_fusion,neural_bidir_seed3_fusion,0.0,36,19,1,0.0476011715623403
neural_fusion,neural_bidir_seed4_fusion,0.0,36,19,1,0.051974343457453
summary_ridge_prior,none,0.0,0,19,2,0.048067214915591024
neural_prior,neural_bidir_seed0_prior,0.0,0,19,2,0.06572128759580664
neural_prior,neural_bidir_seed1_prior,0.0,0,19,2,0.06918787602626253
neural_prior,neural_bidir_seed2_prior,0.0,0,19,2,0.05208935674454551
neural_prior,neural_bidir_seed3_prior,0.0,0,19,2,0.048710916249547154
neural_prior,neural_bidir_seed4_prior,0.0,0,19,2,0.05393752662348561
dfe,none,0.0,32,19,2,0.08960306115490807
dfe,none,0.0,92,19,2,0.05252329754065446
summary_ridge_fusion,none,0.0,32,19,2,0.04344059951876732
neural_fusion,neural_bidir_seed0_fusion,0.0,32,19,2,0.05392973242449231
neural_fusion,neural_bidir_seed1_fusion,0.0,32,19,2,0.05518671277811103
neural_fusion,neural_bidir_seed2_fusion,0.0,32,19,2,0.04666666070292538
neural_fusion,neural_bidir_seed3_fusion,0.0,32,19,2,0.0447148863209261
neural_fusion,neural_bidir_seed4_fusion,0.0,32,19,2,0.04746244083165497
summary_ridge_fusion,none,0.0,36,19,2,0.04259353274210078
neural_fusion,neural_bidir_seed0_fusion,0.0,36,19,2,0.052093354807113745
neural_fusion,neural_bidir_seed1_fusion,0.0,36,19,2,0.05373616014801351
neural_fusion,neural_bidir_seed2_fusion,0.0,36,19,2,0.044782509951506094
neural_fusion,neural_bidir_seed3_fusion,0.0,36,19,2,0.04265576116203647
neural_fusion,neural_bidir_seed4_fusion,0.0,36,19,2,0.046142895467697544
summary_ridge_prior,none,0.0,0,19,3,0.04882849554277373
neural_prior,neural_bidir_seed0_prior,0.0,0,19,3,0.06744902303034905
neural_prior,neural_bidir_seed1_prior,0.0,0,19,3,0.07197275548242033
neural_prior,neural_bidir_seed2_prior,0.0,0,19,3,0.0524498722224962
neural_prior,neural_bidir_seed3_prior,0.0,0,19,3,0.04841139665222727
neural_prior,neural_bidir_seed4_prior,0.0,0,19,3,0.053439726572833024
dfe,none,0.0,32,19,3,0.08918733023932543
dfe,none,0.0,92,19,3,0.05195379437301659
summary_ridge_fusion,none,0.0,32,19,3,0.04340714068959662
neural_fusion,neural_bidir_seed0_fusion,0.0,32,19,3,0.052890222516532956
neural_fusion,neural_bidir_seed1_fusion,0.0,32,19,3,0.0548447423061885
neural_fusion,neural_bidir_seed2_fusion,0.0,32,19,3,0.045445694209173756
neural_fusion,neural_bidir_seed3_fusion,0.0,32,19,3,0.043180766334836494
neural_fusion,neural_bidir_seed4_fusion,0.0,32,19,3,0.046337568451280675
summary_ridge_fusion,none,0.0,36,19,3,0.042217540754400096
neural_fusion,neural_bidir_seed0_fusion,0.0,36,19,3,0.05066952273335611
neural_fusion,neural_bidir_seed1_fusion,0.0,36,19,3,0.05226062830338246
neural_fusion,neural_bidir_seed2_fusion,0.0,36,19,3,0.043817904939159186
neural_fusion,neural_bidir_seed3_fusion,0.0,36,19,3,0.04176880996984542
neural_fusion,neural_bidir_seed4_fusion,0.0,36,19,3,0.044740974777821685
summary_ridge_prior,none,0.0,0,19,4,0.04819218391256422
neural_prior,neural_bidir_seed0_prior,0.0,0,19,4,0.06608570342359599
neural_prior,neural_bidir_seed1_prior,0.0,0,19,4,0.0694813600712223
neural_prior,neural_bidir_seed2_prior,0.0,0,19,4,0.053477684035897255
neural_prior,neural_bidir_seed3_prior,0.0,0,19,4,0.05032502842368558
neural_prior,neural_bidir_seed4_prior,0.0,0,19,4,0.055259225162444636
dfe,none,0.0,32,19,4,0.08860527924129699
dfe,none,0.0,92,19,4,0.05229667261485711
summary_ridge_fusion,none,0.0,32,19,4,0.04331614077613245
neural_fusion,neural_bidir_seed0_fusion,0.0,32,19,4,0.05328907984373785
neural_fusion,neural_bidir_seed1_fusion,0.0,32,19,4,0.055091781427352174
neural_fusion,neural_bidir_seed2_fusion,0.0,32,19,4,0.046069887115012496
neural_fusion,neural_bidir_seed3_fusion,0.0,32,19,4,0.04404365254040486
neural_fusion,neural_bidir_seed4_fusion,0.0,32,19,4,0.047076677741325894
summary_ridge_fusion,none,0.0,36,19,4,0.04297733747278128
neural_fusion,neural_bidir_seed0_fusion,0.0,36,19,4,0.05321429529083754
neural_fusion,neural_bidir_seed1_fusion,0.0,36,19,4,0.054787018751912976
neural_fusion,neural_bidir_seed2_fusion,0.0,36,19,4,0.04645166718527863
neural_fusion,neural_bidir_seed3_fusion,0.0,36,19,4,0.044492275239871495
neural_fusion,neural_bidir_seed4_fusion,0.0,36,19,4,0.04747165053463331
summary_ridge_prior,none,0.01,0,0,0,0.053569489768039213
neural_prior,neural_bidir_seed0_prior,0.01,0,0,0,0.06557538516062777
neural_prior,neural_bidir_seed1_prior,0.01,0,0,0,0.06919747144274879
neural_prior,neural_bidir_seed2_prior,0.01,0,0,0,0.05167867623094935
neural_prior,neural_bidir_seed3_prior,0.01,0,0,0,0.04889735532924533
neural_prior,neural_bidir_seed4_prior,0.01,0,0,0,0.053653007227694616
dfe,none,0.01,32,0,0,0.0926310136676509
dfe,none,0.01,92,0,0,0.05336083317198717
summary_ridge_fusion,none,0.01,32,0,0,0.04779519276748723
neural_fusion,neural_bidir_seed0_fusion,0.01,32,0,0,0.053065352137260324
neural_fusion,neural_bidir_seed1_fusion,0.01,32,0,0,0.054601806324747926
neural_fusion,neural_bidir_seed2_fusion,0.01,32,0,0,0.04609713837117506
neural_fusion,neural_bidir_seed3_fusion,0.01,32,0,0,0.0447487060986672
neural_fusion,neural_bidir_seed4_fusion,0.01,32,0,0,0.04754597375623594
summary_ridge_fusion,none,0.01,36,0,0,0.04666154530784144
neural_fusion,neural_bidir_seed0_fusion,0.01,36,0,0,0.0518592118951572
neural_fusion,neural_bidir_seed1_fusion,0.01,36,0,0,0.05351329313365054
neural_fusion,neural_bidir_seed2_fusion,0.01,36,0,0,0.04447715077412035
neural_fusion,neural_bidir_seed3_fusion,0.01,36,0,0,0.042898587401354694
neural_fusion,neural_bidir_seed4_fusion,0.01,36,0,0,0.04582848833796482
summary_ridge_prior,none,0.01,0,0,1,0.04401199794619628
neural_prior,neural_bidir_seed0_prior,0.01,0,0,1,0.06550015996617731
neural_prior,neural_bidir_seed1_prior,0.01,0,0,1,0.0695815188519191
neural_prior,neural_bidir_seed2_prior,0.01,0,0,1,0.05083590133290272
neural_prior,neural_bidir_seed3_prior,0.01,0,0,1,0.047325776555226184
neural_prior,neural_bidir_seed4_prior,0.01,0,0,1,0.0522605709702475
dfe,none,0.01,32,0,1,0.09137777732823439
dfe,none,0.01,92,0,1,0.05352528815174496
summary_ridge_fusion,none,0.01,32,0,1,0.04064283636115374
neural_fusion,neural_bidir_seed0_fusion,0.01,32,0,1,0.052109750272407204
neural_fusion,neural_bidir_seed1_fusion,0.01,32,0,1,0.053814163683608376
neural_fusion,neural_bidir_seed2_fusion,0.01,32,0,1,0.0440350071658417
neural_fusion,neural_bidir_seed3_fusion,0.01,32,0,1,0.042047238774229306
neural_fusion,neural_bidir_seed4_fusion,0.01,32,0,1,0.045566479857348664
summary_ridge_fusion,none,0.01,36,0,1,0.039957994285230364
neural_fusion,neural_bidir_seed0_fusion,0.01,36,0,1,0.052903837784772464
neural_fusion,neural_bidir_seed1_fusion,0.01,36,0,1,0.05472065356290168
neural_fusion,neural_bidir_seed2_fusion,0.01,36,0,1,0.044666727751224516
neural_fusion,neural_bidir_seed3_fusion,0.01,36,0,1,0.04251377595170932
neural_fusion,neural_bidir_seed4_fusion,0.01,36,0,1,0.045881406023589345
summary_ridge_prior,none,0.01,0,0,2,0.04619011102728544
neural_prior,neural_bidir_seed0_prior,0.01,0,0,2,0.06768229400040582
neural_prior,neural_bidir_seed1_prior,0.01,0,0,2,0.07261654382455163
neural_prior,neural_bidir_seed2_prior,0.01,0,0,2,0.05161223116738256
neural_prior,neural_bidir_seed3_prior,0.01,0,0,2,0.04712970953551121
neural_prior,neural_bidir_seed4_prior,0.01,0,0,2,0.05199189396807924
dfe,none,0.01,32,0,2,0.09339375282440798
dfe,none,0.01,92,0,2,0.0523846289190802
summary_ridge_fusion,none,0.01,32,0,2,0.042031130441419005
neural_fusion,neural_bidir_seed0_fusion,0.01,32,0,2,0.053527665574106625
neural_fusion,neural_bidir_seed1_fusion,0.01,32,0,2,0.05601922128926093
neural_fusion,neural_bidir_seed2_fusion,0.01,32,0,2,0.04533912916392835
neural_fusion,neural_bidir_seed3_fusion,0.01,32,0,2,0.04291801318470325
neural_fusion,neural_bidir_seed4_fusion,0.01,32,0,2,0.047372632065633725
summary_ridge_fusion,none,0.01,36,0,2,0.04115978917587483
neural_fusion,neural_bidir_seed0_fusion,0.01,36,0,2,0.053735409853919426
neural_fusion,neural_bidir_seed1_fusion,0.01,36,0,2,0.05577333368312412
neural_fusion,neural_bidir_seed2_fusion,0.01,36,0,2,0.04555170439667349
neural_fusion,neural_bidir_seed3_fusion,0.01,36,0,2,0.04304889319426955
neural_fusion,neural_bidir_seed4_fusion,0.01,36,0,2,0.04727808769087357
summary_ridge_prior,none,0.01,0,0,3,0.042805873967149737
neural_prior,neural_bidir_seed0_prior,0.01,0,0,3,0.06626729198615067
neural_prior,neural_bidir_seed1_prior,0.01,0,0,3,0.07128253561677411
neural_prior,neural_bidir_seed2_prior,0.01,0,0,3,0.050979517662199214
neural_prior,neural_bidir_seed3_prior,0.01,0,0,3,0.046781166121945716
neural_prior,neural_bidir_seed4_prior,0.01,0,0,3,0.05184979560726788
dfe,none,0.01,32,0,3,0.09202920529000672
dfe,none,0.01,92,0,3,0.05388220641683527
summary_ridge_fusion,none,0.01,32,0,3,0.03887368023863393
neural_fusion,neural_bidir_seed0_fusion,0.01,32,0,3,0.054356781403869694
neural_fusion,neural_bidir_seed1_fusion,0.01,32,0,3,0.05667867392793399
neural_fusion,neural_bidir_seed2_fusion,0.01,32,0,3,0.04629573989410348
neural_fusion,neural_bidir_seed3_fusion,0.01,32,0,3,0.04308019743718028
neural_fusion,neural_bidir_seed4_fusion,0.01,32,0,3,0.045832834113821726
summary_ridge_fusion,none,0.01,36,0,3,0.04271255049756162
neural_fusion,neural_bidir_seed0_fusion,0.01,36,0,3,0.052153895848206934
neural_fusion,neural_bidir_seed1_fusion,0.01,36,0,3,0.05410889719005335
neural_fusion,neural_bidir_seed2_fusion,0.01,36,0,3,0.04422976948943993
neural_fusion,neural_bidir_seed3_fusion,0.01,36,0,3,0.041922930808135084
neural_fusion,neural_bidir_seed4_fusion,0.01,36,0,3,0.04536786184694108
summary_ridge_prior,none,0.01,0,0,4,0.04638803017852704
neural_prior,neural_bidir_seed0_prior,0.01,0,0,4,0.06742819742066786
neural_prior,neural_bidir_seed1_prior,0.01,0,0,4,0.07261906008352526
neural_prior,neural_bidir_seed2_prior,0.01,0,0,4,0.051448222729959525
neural_prior,neural_bidir_seed3_prior,0.01,0,0,4,0.04704482249508146
neural_prior,neural_bidir_seed4_prior,0.01,0,0,4,0.05204354567104019
dfe,none,0.01,32,0,4,0.09182570793505362
dfe,none,0.01,92,0,4,0.05470468106787413
summary_ridge_fusion,none,0.01,32,0,4,0.04140486949201819
neural_fusion,neural_bidir_seed0_fusion,0.01,32,0,4,0.05383891706867436
neural_fusion,neural_bidir_seed1_fusion,0.01,32,0,4,0.05603037968170824
neural_fusion,neural_bidir_seed2_fusion,0.01,32,0,4,0.04516521128795886
neural_fusion,neural_bidir_seed3_fusion,0.01,32,0,4,0.04217053819711241
neural_fusion,neural_bidir_seed4_fusion,0.01,32,0,4,0.045580006843962635
summary_ridge_fusion,none,0.01,36,0,4,0.04106989950676755
neural_fusion,neural_bidir_seed0_fusion,0.01,36,0,4,0.05489954670817216
neural_fusion,neural_bidir_seed1_fusion,0.01,36,0,4,0.057291898283259354
neural_fusion,neural_bidir_seed2_fusion,0.01,36,0,4,0.04503745877447081
neural_fusion,neural_bidir_seed3_fusion,0.01,36,0,4,0.04177055959902605
neural_fusion,neural_bidir_seed4_fusion,0.01,36,0,4,0.044613980293162304
summary_ridge_prior,none,0.01,0,1,0,0.05184857786486565
neural_prior,neural_bidir_seed0_prior,0.01,0,1,0,0.067971588607179
neural_prior,neural_bidir_seed1_prior,0.01,0,1,0,0.0723581137281144
neural_prior,neural_bidir_seed2_prior,0.01,0,1,0,0.05285852616361808
neural_prior,neural_bidir_seed3_prior,0.01,0,1,0,0.04878580733202398
neural_prior,neural_bidir_seed4_prior,0.01,0,1,0,0.05429068305238616
dfe,none,0.01,32,1,0,0.09062215841946786
dfe,none,0.01,92,1,0,0.05341669841239961
summary_ridge_fusion,none,0.01,32,1,0,0.04645256638082848
neural_fusion,neural_bidir_seed0_fusion,0.01,32,1,0,0.052422905995301375
neural_fusion,neural_bidir_seed1_fusion,0.01,32,1,0,0.05438541871329981
neural_fusion,neural_bidir_seed2_fusion,0.01,32,1,0,0.045861737222989384
neural_fusion,neural_bidir_seed3_fusion,0.01,32,1,0,0.043910354916753665
neural_fusion,neural_bidir_seed4_fusion,0.01,32,1,0,0.04744005316674835
summary_ridge_fusion,none,0.01,36,1,0,0.04409840322300452
neural_fusion,neural_bidir_seed0_fusion,0.01,36,1,0,0.0526513015266929
neural_fusion,neural_bidir_seed1_fusion,0.01,36,1,0,0.05441057989913929
neural_fusion,neural_bidir_seed2_fusion,0.01,36,1,0,0.04526831661054405
neural_fusion,neural_bidir_seed3_fusion,0.01,36,1,0,0.04308928666705791
neural_fusion,neural_bidir_seed4_fusion,0.01,36,1,0,0.046507083932466
summary_ridge_prior,none,0.01,0,1,1,0.04884906548808152
neural_prior,neural_bidir_seed0_prior,0.01,0,1,1,0.06566759104316588
neural_prior,neural_bidir_seed1_prior,0.01,0,1,1,0.06944740617473144
neural_prior,neural_bidir_seed2_prior,0.01,0,1,1,0.051183283896534704
neural_prior,neural_bidir_seed3_prior,0.01,0,1,1,0.04781332425773144
neural_prior,neural_bidir_seed4_prior,0.01,0,1,1,0.05263977295544464
dfe,none,0.01,32,1,1,0.09150400991192613
dfe,none,0.01,92,1,1,0.054779720011413166
summary_ridge_fusion,none,0.01,32,1,1,0.0444005237479083
neural_fusion,neural_bidir_seed0_fusion,0.01,32,1,1,0.05627500908408356
neural_fusion,neural_bidir_seed1_fusion,0.01,32,1,1,0.05797261615971986
neural_fusion,neural_bidir_seed2_fusion,0.01,32,1,1,0.04605414631769518
neural_fusion,neural_bidir_seed3_fusion,0.01,32,1,1,0.04347213930133009
neural_fusion,neural_bidir_seed4_fusion,0.01,32,1,1,0.046667502215936824
summary_ridge_fusion,none,0.01,36,1,1,0.04413159980425276
neural_fusion,neural_bidir_seed0_fusion,0.01,36,1,1,0.05213752915321865
neural_fusion,neural_bidir_seed1_fusion,0.01,36,1,1,0.05372297117534186
neural_fusion,neural_bidir_seed2_fusion,0.01,36,1,1,0.04395466171906408
neural_fusion,neural_bidir_seed3_fusion,0.01,36,1,1,0.04184658838807913
neural_fusion,neural_bidir_seed4_fusion,0.01,36,1,1,0.045080928740488274
summary_ridge_prior,none,0.01,0,1,2,0.05557976982685943
neural_prior,neural_bidir_seed0_prior,0.01,0,1,2,0.06914992646488827
neural_prior,neural_bidir_seed1_prior,0.01,0,1,2,0.07343673059949651
neural_prior,neural_bidir_seed2_prior,0.01,0,1,2,0.05661615318967961
neural_prior,neural_bidir_seed3_prior,0.01,0,1,2,0.053604310523951426
neural_prior,neural_bidir_seed4_prior,0.01,0,1,2,0.05816134059568867
dfe,none,0.01,32,1,2,0.09152947392463485
dfe,none,0.01,92,1,2,0.05407164863458209
summary_ridge_fusion,none,0.01,32,1,2,0.048470736760356174
neural_fusion,neural_bidir_seed0_fusion,0.01,32,1,2,0.05505260406653212
neural_fusion,neural_bidir_seed1_fusion,0.01,32,1,2,0.05714606048566407
neural_fusion,neural_bidir_seed2_fusion,0.01,32,1,2,0.04819001635676831
neural_fusion,neural_bidir_seed3_fusion,0.01,32,1,2,0.046613607254419716
neural_fusion,neural_bidir_seed4_fusion,0.01,32,1,2,0.04943582393217327
summary_ridge_fusion,none,0.01,36,1,2,0.04714316711493505
neural_fusion,neural_bidir_seed0_fusion,0.01,36,1,2,0.05328922611046997
neural_fusion,neural_bidir_seed1_fusion,0.01,36,1,2,0.05496974808113195
neural_fusion,neural_bidir_seed2_fusion,0.01,36,1,2,0.047602084471266466
neural_fusion,neural_bidir_seed3_fusion,0.01,36,1,2,0.04640147386341307
neural_fusion,neural_bidir_seed4_fusion,0.01,36,1,2,0.04875863465821245
summary_ridge_prior,none,0.01,0,1,3,0.05070534208649184
neural_prior,neural_bidir_seed0_prior,0.01,0,1,3,0.06655210652388632
neural_prior,neural_bidir_seed1_prior,0.01,0,1,3,0.0709723414038308
neural_prior,neural_bidir_seed2_prior,0.01,0,1,3,0.05247065883304458
neural_prior,neural_bidir_seed3_prior,0.01,0,1,3,0.04893033890402876
neural_prior,neural_bidir_seed4_prior,0.01,0,1,3,0.05462976131821051
dfe,none,0.01,32,1,3,0.09347188484683613
dfe,none,0.01,92,1,3,0.054198688193158234
summary_ridge_fusion,none,0.01,32,1,3,0.04487802647452031
neural_fusion,neural_bidir_seed0_fusion,0.01,32,1,3,0.060001192980127106
neural_fusion,neural_bidir_seed1_fusion,0.01,32,1,3,0.060434049172328516
neural_fusion,neural_bidir_seed2_fusion,0.01,32,1,3,0.04812233356646286
neural_fusion,neural_bidir_seed3_fusion,0.01,32,1,3,0.04524365419879851
neural_fusion,neural_bidir_seed4_fusion,0.01,32,1,3,0.04879773296550294
summary_ridge_fusion,none,0.01,36,1,3,0.05235126571559913
neural_fusion,neural_bidir_seed0_fusion,0.01,36,1,3,0.052798522801738954
neural_fusion,neural_bidir_seed1_fusion,0.01,36,1,3,0.05587585928984498
neural_fusion,neural_bidir_seed2_fusion,0.01,36,1,3,0.04936595207704688
neural_fusion,neural_bidir_seed3_fusion,0.01,36,1,3,0.04845535821346296
neural_fusion,neural_bidir_seed4_fusion,0.01,36,1,3,0.05242429646506773
summary_ridge_prior,none,0.01,0,1,4,0.0435571673362812
neural_prior,neural_bidir_seed0_prior,0.01,0,1,4,0.06676056909782346
neural_prior,neural_bidir_seed1_prior,0.01,0,1,4,0.07013939226453658
neural_prior,neural_bidir_seed2_prior,0.01,0,1,4,0.05079838456003927
neural_prior,neural_bidir_seed3_prior,0.01,0,1,4,0.04703211736341473
neural_prior,neural_bidir_seed4_prior,0.01,0,1,4,0.05218066148518119
dfe,none,0.01,32,1,4,0.09155362992591622
dfe,none,0.01,92,1,4,0.05369358614404916
summary_ridge_fusion,none,0.01,32,1,4,0.0441721348275998
neural_fusion,neural_bidir_seed0_fusion,0.01,32,1,4,0.05338569132783799
neural_fusion,neural_bidir_seed1_fusion,0.01,32,1,4,0.05492419804149461
neural_fusion,neural_bidir_seed2_fusion,0.01,32,1,4,0.044405292297957914
neural_fusion,neural_bidir_seed3_fusion,0.01,32,1,4,0.042423056352082204
neural_fusion,neural_bidir_seed4_fusion,0.01,32,1,4,0.046073774438897014
summary_ridge_fusion,none,0.01,36,1,4,0.044845264184295755
neural_fusion,neural_bidir_seed0_fusion,0.01,36,1,4,0.051861743524823624
neural_fusion,neural_bidir_seed1_fusion,0.01,36,1,4,0.053249102457558165
neural_fusion,neural_bidir_seed2_fusion,0.01,36,1,4,0.043480440604482445
neural_fusion,neural_bidir_seed3_fusion,0.01,36,1,4,0.04149067266613542
neural_fusion,neural_bidir_seed4_fusion,0.01,36,1,4,0.04495507463203263
summary_ridge_prior,none,0.01,0,2,0,0.045198111756881446
neural_prior,neural_bidir_seed0_prior,0.01,0,2,0,0.06648155841685366
neural_prior,neural_bidir_seed1_prior,0.01,0,2,0,0.07080325778224505
neural_prior,neural_bidir_seed2_prior,0.01,0,2,0,0.05102844268549234
neural_prior,neural_bidir_seed3_prior,0.01,0,2,0,0.04687413065403234
neural_prior,neural_bidir_seed4_prior,0.01,0,2,0,0.052389687407412566
dfe,none,0.01,32,2,0,0.09219301566735913
dfe,none,0.01,92,2,0,0.05313812638018241
summary_ridge_fusion,none,0.01,32,2,0,0.04199445789545366
neural_fusion,neural_bidir_seed0_fusion,0.01,32,2,0,0.05337127875287985
neural_fusion,neural_bidir_seed1_fusion,0.01,32,2,0,0.05519708661769334
neural_fusion,neural_bidir_seed2_fusion,0.01,32,2,0,0.04513071056634833
neural_fusion,neural_bidir_seed3_fusion,0.01,32,2,0,0.042502179245295396
neural_fusion,neural_bidir_seed4_fusion,0.01,32,2,0,0.04660254393324832
summary_ridge_fusion,none,0.01,36,2,0,0.040762022316389035
neural_fusion,neural_bidir_seed0_fusion,0.01,36,2,0,0.051431702560292676
neural_fusion,neural_bidir_seed1_fusion,0.01,36,2,0,0.053393707010360475
neural_fusion,neural_bidir_seed2_fusion,0.01,36,2,0,0.043693998598141076
neural_fusion,neural_bidir_seed3_fusion,0.01,36,2,0,0.04155029778608771
neural_fusion,neural_bidir_seed4_fusion,0.01,36,2,0,0.04503378591533646
summary_ridge_prior,none,0.01,0,2,1,0.04539282269850896
neural_prior,neural_bidir_seed0_prior,0.01,0,2,1,0.06624171735893469
neural_prior,neural_bidir_seed1_prior,0.01,0,2,1,0.07078599864325952
neural_prior,neural_bidir_seed2_prior,0.01,0,2,1,0.05096793541451916
neural_prior,neural_bidir_seed3_prior,0.01,0,2,1,0.04697373110684566
neural_prior,neural_bidir_seed4_prior,0.01,0,2,1,0.0526955801906297
dfe,none,0.01,32,2,1,0.09179679430701126
dfe,none,0.01,92,2,1,0.05344206419609737
summary_ridge_fusion,none,0.01,32,2,1,0.05006705046781537
neural_fusion,neural_bidir_seed0_fusion,0.01,32,2,1,0.054752137296743386
neural_fusion,neural_bidir_seed1_fusion,0.01,32,2,1,0.05675773249956748
neural_fusion,neural_bidir_seed2_fusion,0.01,32,2,1,0.047212098556187555
neural_fusion,neural_bidir_seed3_fusion,0.01,32,2,1,0.04486203700164334
neural_fusion,neural_bidir_seed4_fusion,0.01,32,2,1,0.04911567367579357
summary_ridge_fusion,none,0.01,36,2,1,0.04846691090119593
neural_fusion,neural_bidir_seed0_fusion,0.01,36,2,1,0.05245655964094162
neural_fusion,neural_bidir_seed1_fusion,0.01,36,2,1,0.05453217079395746
neural_fusion,neural_bidir_seed2_fusion,0.01,36,2,1,0.044958763164833423
neural_fusion,neural_bidir_seed3_fusion,0.01,36,2,1,0.04258643383895005
neural_fusion,neural_bidir_seed4_fusion,0.01,36,2,1,0.04696694189036889
summary_ridge_prior,none,0.01,0,2,2,0.05777181903672801
neural_prior,neural_bidir_seed0_prior,0.01,0,2,2,0.07068181407521479
neural_prior,neural_bidir_seed1_prior,0.01,0,2,2,0.0756765574333258
neural_prior,neural_bidir_seed2_prior,0.01,0,2,2,0.05538480725954287
neural_prior,neural_bidir_seed3_prior,0.01,0,2,2,0.051498469430953264
neural_prior,neural_bidir_seed4_prior,0.01,0,2,2,0.05531893907755148
dfe,none,0.01,32,2,2,0.08982546234830388
dfe,none,0.01,92,2,2,0.05362288505196211
summary_ridge_fusion,none,0.01,32,2,2,0.05328924008310398
neural_fusion,neural_bidir_seed0_fusion,0.01,32,2,2,0.058661705918719914
neural_fusion,neural_bidir_seed1_fusion,0.01,32,2,2,0.061265049342884806
neural_fusion,neural_bidir_seed2_fusion,0.01,32,2,2,0.052096632627741696
neural_fusion,neural_bidir_seed3_fusion,0.01,32,2,2,0.04944797656455922
neural_fusion,neural_bidir_seed4_fusion,0.01,32,2,2,0.051345705131818194
summary_ridge_fusion,none,0.01,36,2,2,0.051866602896120974
neural_fusion,neural_bidir_seed0_fusion,0.01,36,2,2,0.05518005699822011
neural_fusion,neural_bidir_seed1_fusion,0.01,36,2,2,0.05729413674586211
neural_fusion,neural_bidir_seed2_fusion,0.01,36,2,2,0.047497726556562855
neural_fusion,neural_bidir_seed3_fusion,0.01,36,2,2,0.045197793283003745
neural_fusion,neural_bidir_seed4_fusion,0.01,36,2,2,0.04675831653587731
summary_ridge_prior,none,0.01,0,2,3,0.04826301579281227
neural_prior,neural_bidir_seed0_prior,0.01,0,2,3,0.06578725304279942
neural_prior,neural_bidir_seed1_prior,0.01,0,2,3,0.0698159833700629
neural_prior,neural_bidir_seed2_prior,0.01,0,2,3,0.05126066152297426
neural_prior,neural_bidir_seed3_prior,0.01,0,2,3,0.047699938688310795
neural_prior,neural_bidir_seed4_prior,0.01,0,2,3,0.05208001066057477
dfe,none,0.01,32,2,3,0.09162738427654465
dfe,none,0.01,92,2,3,0.05416401330706354
summary_ridge_fusion,none,0.01,32,2,3,0.04764080550250338
neural_fusion,neural_bidir_seed0_fusion,0.01,32,2,3,0.05311943667484968
neural_fusion,neural_bidir_seed1_fusion,0.01,32,2,3,0.05496428143421479
neural_fusion,neural_bidir_seed2_fusion,0.01,32,2,3,0.04497082013901442
neural_fusion,neural_bidir_seed3_fusion,0.01,32,2,3,0.042564414454945264
neural_fusion,neural_bidir_seed4_fusion,0.01,32,2,3,0.045948811785975624
summary_ridge_fusion,none,0.01,36,2,3,0.0467047830932433
neural_fusion,neural_bidir_seed0_fusion,0.01,36,2,3,0.05162366513215628
neural_fusion,neural_bidir_seed1_fusion,0.01,36,2,3,0.05363367599040774
neural_fusion,neural_bidir_seed2_fusion,0.01,36,2,3,0.04495621937641772
neural_fusion,neural_bidir_seed3_fusion,0.01,36,2,3,0.04288005005303823
neural_fusion,neural_bidir_seed4_fusion,0.01,36,2,3,0.046165825160124505
summary_ridge_prior,none,0.01,0,2,4,0.04871551026510186
neural_prior,neural_bidir_seed0_prior,0.01,0,2,4,0.06682717769581359
neural_prior,neural_bidir_seed1_prior,0.01,0,2,4,0.07133650706964545
neural_prior,neural_bidir_seed2_prior,0.01,0,2,4,0.051002387976041064
neural_prior,neural_bidir_seed3_prior,0.01,0,2,4,0.04690085795300547
neural_prior,neural_bidir_seed4_prior,0.01,0,2,4,0.05239489705127198
dfe,none,0.01,32,2,4,0.09162415669368562
dfe,none,0.01,92,2,4,0.05424793808504973
summary_ridge_fusion,none,0.01,32,2,4,0.042585338115717186
neural_fusion,neural_bidir_seed0_fusion,0.01,32,2,4,0.053079606585021276
neural_fusion,neural_bidir_seed1_fusion,0.01,32,2,4,0.054880842949418286
neural_fusion,neural_bidir_seed2_fusion,0.01,32,2,4,0.04438326639300352
neural_fusion,neural_bidir_seed3_fusion,0.01,32,2,4,0.041711985535415795
neural_fusion,neural_bidir_seed4_fusion,0.01,32,2,4,0.045467886188476206
summary_ridge_fusion,none,0.01,36,2,4,0.0428005036780642
neural_fusion,neural_bidir_seed0_fusion,0.01,36,2,4,0.052587662540885094
neural_fusion,neural_bidir_seed1_fusion,0.01,36,2,4,0.05432637648073861
neural_fusion,neural_bidir_seed2_fusion,0.01,36,2,4,0.044226848605742
neural_fusion,neural_bidir_seed3_fusion,0.01,36,2,4,0.04164664008352528
neural_fusion,neural_bidir_seed4_fusion,0.01,36,2,4,0.0452289560224597
summary_ridge_prior,none,0.01,0,3,0,0.052082895482604114
neural_prior,neural_bidir_seed0_prior,0.01,0,3,0,0.06892937542579602
neural_prior,neural_bidir_seed1_prior,0.01,0,3,0,0.07379683958424721
neural_prior,neural_bidir_seed2_prior,0.01,0,3,0,0.05269896928803064
neural_prior,neural_bidir_seed3_prior,0.01,0,3,0,0.049120369149022736
neural_prior,neural_bidir_seed4_prior,0.01,0,3,0,0.05504201778967399
dfe,none,0.01,32,3,0,0.09431295683500007
dfe,none,0.01,92,3,0,0.054689051301360175
summary_ridge_fusion,none,0.01,32,3,0,0.04569825605413401
neural_fusion,neural_bidir_seed0_fusion,0.01,32,3,0,0.05609948542382852
neural_fusion,neural_bidir_seed1_fusion,0.01,32,3,0,0.058369451894465164
neural_fusion,neural_bidir_seed2_fusion,0.01,32,3,0,0.046448635089309506
neural_fusion,neural_bidir_seed3_fusion,0.01,32,3,0,0.04400343469298126
neural_fusion,neural_bidir_seed4_fusion,0.01,32,3,0,0.04771821870711983
summary_ridge_fusion,none,0.01,36,3,0,0.04606026027420458
neural_fusion,neural_bidir_seed0_fusion,0.01,36,3,0,0.057313423050658764
neural_fusion,neural_bidir_seed1_fusion,0.01,36,3,0,0.05951077923540723
neural_fusion,neural_bidir_seed2_fusion,0.01,36,3,0,0.04697956567534297
neural_fusion,neural_bidir_seed3_fusion,0.01,36,3,0,0.0445059964102158
neural_fusion,neural_bidir_seed4_fusion,0.01,36,3,0,0.04810577513402865
summary_ridge_prior,none,0.01,0,3,1,0.04883160124799532
neural_prior,neural_bidir_seed0_prior,0.01,0,3,1,0.0656575702741975
neural_prior,neural_bidir_seed1_prior,0.01,0,3,1,0.06992878478195053
neural_prior,neural_bidir_seed2_prior,0.01,0,3,1,0.052456357050687075
neural_prior,neural_bidir_seed3_prior,0.01,0,3,1,0.04887732327915728
neural_prior,neural_bidir_seed4_prior,0.01,0,3,1,0.05388048285385594
dfe,none,0.01,32,3,1,0.09075168675231919
dfe,none,0.01,92,3,1,0.05438070059808816
summary_ridge_fusion,none,0.01,32,3,1,0.04326453827882109
neural_fusion,neural_bidir_seed0_fusion,0.01,32,3,1,0.05308029799970916
neural_fusion,neural_bidir_seed1_fusion,0.01,32,3,1,0.05506967846692291
neural_fusion,neural_bidir_seed2_fusion,0.01,32,3,1,0.04560401051356923
neural_fusion,neural_bidir_seed3_fusion,0.01,32,3,1,0.04320961474995487
neural_fusion,neural_bidir_seed4_fusion,0.01,32,3,1,0.04613582132224057
summary_ridge_fusion,none,0.01,36,3,1,0.04423454116537843
neural_fusion,neural_bidir_seed0_fusion,0.01,36,3,1,0.0532754761125302
neural_fusion,neural_bidir_seed1_fusion,0.01,36,3,1,0.055346950785823926
neural_fusion,neural_bidir_seed2_fusion,0.01,36,3,1,0.04583843962659084
neural_fusion,neural_bidir_seed3_fusion,0.01,36,3,1,0.04341761114907297
neural_fusion,neural_bidir_seed4_fusion,0.01,36,3,1,0.04650370820047005
summary_ridge_prior,none,0.01,0,3,2,0.04654219727563572
neural_prior,neural_bidir_seed0_prior,0.01,0,3,2,0.06559075055702124
neural_prior,neural_bidir_seed1_prior,0.01,0,3,2,0.06921673235774506
neural_prior,neural_bidir_seed2_prior,0.01,0,3,2,0.05160552554298192
neural_prior,neural_bidir_seed3_prior,0.01,0,3,2,0.0479818473540945
neural_prior,neural_bidir_seed4_prior,0.01,0,3,2,0.052359052177052945
dfe,none,0.01,32,3,2,0.09205840449727959
dfe,none,0.01,92,3,2,0.054122905795354906
summary_ridge_fusion,none,0.01,32,3,2,0.041989611014065766
neural_fusion,neural_bidir_seed0_fusion,0.01,32,3,2,0.053162154675752096
neural_fusion,neural_bidir_seed1_fusion,0.01,32,3,2,0.05491297156313642
neural_fusion,neural_bidir_seed2_fusion,0.01,32,3,2,0.04543744403149497
neural_fusion,neural_bidir_seed3_fusion,0.01,32,3,2,0.043046853247501606
neural_fusion,neural_bidir_seed4_fusion,0.01,32,3,2,0.04573500374816773
summary_ridge_fusion,none,0.01,36,3,2,0.04409966194200583
neural_fusion,neural_bidir_seed0_fusion,0.01,36,3,2,0.055932737405731466
neural_fusion,neural_bidir_seed1_fusion,0.01,36,3,2,0.05700184573971898
neural_fusion,neural_bidir_seed2_fusion,0.01,36,3,2,0.04825548061571053
neural_fusion,neural_bidir_seed3_fusion,0.01,36,3,2,0.04651826539218038
neural_fusion,neural_bidir_seed4_fusion,0.01,36,3,2,0.048374365623656795
summary_ridge_prior,none,0.01,0,3,3,0.04419748173762397
neural_prior,neural_bidir_seed0_prior,0.01,0,3,3,0.06730221418547444
neural_prior,neural_bidir_seed1_prior,0.01,0,3,3,0.07031096774153411
neural_prior,neural_bidir_seed2_prior,0.01,0,3,3,0.05241649644449353
neural_prior,neural_bidir_seed3_prior,0.01,0,3,3,0.04893800016725436
neural_prior,neural_bidir_seed4_prior,0.01,0,3,3,0.053007293929113075
dfe,none,0.01,32,3,3,0.09273458163738091
dfe,none,0.01,92,3,3,0.0525532144055456
summary_ridge_fusion,none,0.01,32,3,3,0.04598608876942148
neural_fusion,neural_bidir_seed0_fusion,0.01,32,3,3,0.05416772810748111
neural_fusion,neural_bidir_seed1_fusion,0.01,32,3,3,0.055865877394354946
neural_fusion,neural_bidir_seed2_fusion,0.01,32,3,3,0.04653561781452226
neural_fusion,neural_bidir_seed3_fusion,0.01,32,3,3,0.04446208391311685
neural_fusion,neural_bidir_seed4_fusion,0.01,32,3,3,0.047546604884316716
summary_ridge_fusion,none,0.01,36,3,3,0.041057466103407846
neural_fusion,neural_bidir_seed0_fusion,0.01,36,3,3,0.0527456302441986
neural_fusion,neural_bidir_seed1_fusion,0.01,36,3,3,0.0539819429889119
neural_fusion,neural_bidir_seed2_fusion,0.01,36,3,3,0.04477849774323608
neural_fusion,neural_bidir_seed3_fusion,0.01,36,3,3,0.04277172815384167
neural_fusion,neural_bidir_seed4_fusion,0.01,36,3,3,0.045272038644632764
summary_ridge_prior,none,0.01,0,3,4,0.05075250315019328
neural_prior,neural_bidir_seed0_prior,0.01,0,3,4,0.06731055867567193
neural_prior,neural_bidir_seed1_prior,0.01,0,3,4,0.07188323374430183
neural_prior,neural_bidir_seed2_prior,0.01,0,3,4,0.054669414428644814
neural_prior,neural_bidir_seed3_prior,0.01,0,3,4,0.05084867017285433
neural_prior,neural_bidir_seed4_prior,0.01,0,3,4,0.05587431298044976
dfe,none,0.01,32,3,4,0.0912937295149525
dfe,none,0.01,92,3,4,0.05456152942317181
summary_ridge_fusion,none,0.01,32,3,4,0.04571212358420937
neural_fusion,neural_bidir_seed0_fusion,0.01,32,3,4,0.05352247795607469
neural_fusion,neural_bidir_seed1_fusion,0.01,32,3,4,0.05566885266309319
neural_fusion,neural_bidir_seed2_fusion,0.01,32,3,4,0.04671298144973564
neural_fusion,neural_bidir_seed3_fusion,0.01,32,3,4,0.044331022814412466
neural_fusion,neural_bidir_seed4_fusion,0.01,32,3,4,0.04734605616334552
summary_ridge_fusion,none,0.01,36,3,4,0.04493369221705886
neural_fusion,neural_bidir_seed0_fusion,0.01,36,3,4,0.05238335230436762
neural_fusion,neural_bidir_seed1_fusion,0.01,36,3,4,0.05444260305962755
neural_fusion,neural_bidir_seed2_fusion,0.01,36,3,4,0.0457799521825844
neural_fusion,neural_bidir_seed3_fusion,0.01,36,3,4,0.043594244384638624
neural_fusion,neural_bidir_seed4_fusion,0.01,36,3,4,0.04652265588935735
summary_ridge_prior,none,0.01,0,4,0,0.05073757187493033
neural_prior,neural_bidir_seed0_prior,0.01,0,4,0,0.0664085697644623
neural_prior,neural_bidir_seed1_prior,0.01,0,4,0,0.07141689064155798
neural_prior,neural_bidir_seed2_prior,0.01,0,4,0,0.05379539525893051
neural_prior,neural_bidir_seed3_prior,0.01,0,4,0,0.05046581591886934
neural_prior,neural_bidir_seed4_prior,0.01,0,4,0,0.056143575318856165
dfe,none,0.01,32,4,0,0.09102089945654557
dfe,none,0.01,92,4,0,0.05416805733880892
summary_ridge_fusion,none,0.01,32,4,0,0.044863137020733856
neural_fusion,neural_bidir_seed0_fusion,0.01,32,4,0,0.05252145616008244
neural_fusion,neural_bidir_seed1_fusion,0.01,32,4,0,0.05514932187378832
neural_fusion,neural_bidir_seed2_fusion,0.01,32,4,0,0.045770803625290096
neural_fusion,neural_bidir_seed3_fusion,0.01,32,4,0,0.04363236933399324
neural_fusion,neural_bidir_seed4_fusion,0.01,32,4,0,0.047278179310014046
summary_ridge_fusion,none,0.01,36,4,0,0.0441080802678996
neural_fusion,neural_bidir_seed0_fusion,0.01,36,4,0,0.051973088846842416
neural_fusion,neural_bidir_seed1_fusion,0.01,36,4,0,0.054209675383372145
neural_fusion,neural_bidir_seed2_fusion,0.01,36,4,0,0.045632442344240326
neural_fusion,neural_bidir_seed3_fusion,0.01,36,4,0,0.043635782271309584
neural_fusion,neural_bidir_seed4_fusion,0.01,36,4,0,0.047036124041862255
summary_ridge_prior,none,0.01,0,4,1,0.05293762846424667
neural_prior,neural_bidir_seed0_prior,0.01,0,4,1,0.06627649311849382
neural_prior,neural_bidir_seed1_prior,0.01,0,4,1,0.07131704031780828
neural_prior,neural_bidir_seed2_prior,0.01,0,4,1,0.050742518418701366
neural_prior,neural_bidir_seed3_prior,0.01,0,4,1,0.04697091021807864
neural_prior,neural_bidir_seed4_prior,0.01,0,4,1,0.05198014427151065
dfe,none,0.01,32,4,1,0.09018460761759269
dfe,none,0.01,92,4,1,0.05478216707596922
summary_ridge_fusion,none,0.01,32,4,1,0.05191306602961646
neural_fusion,neural_bidir_seed0_fusion,0.01,32,4,1,0.05932708015349225
neural_fusion,neural_bidir_seed1_fusion,0.01,32,4,1,0.0620515947842099
neural_fusion,neural_bidir_seed2_fusion,0.01,32,4,1,0.050742518418701366
neural_fusion,neural_bidir_seed3_fusion,0.01,32,4,1,0.04697091021807864
neural_fusion,neural_bidir_seed4_fusion,0.01,32,4,1,0.05198014427151065
summary_ridge_fusion,none,0.01,36,4,1,0.04685577619686508
neural_fusion,neural_bidir_seed0_fusion,0.01,36,4,1,0.051315702679439204
neural_fusion,neural_bidir_seed1_fusion,0.01,36,4,1,0.053614542698510015
neural_fusion,neural_bidir_seed2_fusion,0.01,36,4,1,0.043849882381604866
neural_fusion,neural_bidir_seed3_fusion,0.01,36,4,1,0.04195231627798486
neural_fusion,neural_bidir_seed4_fusion,0.01,36,4,1,0.0452406516020479
summary_ridge_prior,none,0.01,0,4,2,0.05702327197995931
neural_prior,neural_bidir_seed0_prior,0.01,0,4,2,0.06550707286805846
neural_prior,neural_bidir_seed1_prior,0.01,0,4,2,0.06985628344409633
neural_prior,neural_bidir_seed2_prior,0.01,0,4,2,0.05130005117098335
neural_prior,neural_bidir_seed3_prior,0.01,0,4,2,0.04788435451337136
neural_prior,neural_bidir_seed4_prior,0.01,0,4,2,0.053183884418103844
dfe,none,0.01,32,4,2,0.0914483437780507
dfe,none,0.01,92,4,2,0.05455330223191386
summary_ridge_fusion,none,0.01,32,4,2,0.05135492825101467
neural_fusion,neural_bidir_seed0_fusion,0.01,32,4,2,0.05468983572643016
neural_fusion,neural_bidir_seed1_fusion,0.01,32,4,2,0.05731093725446075
neural_fusion,neural_bidir_seed2_fusion,0.01,32,4,2,0.04510572160151543
neural_fusion,neural_bidir_seed3_fusion,0.01,32,4,2,0.04266233824962863
neural_fusion,neural_bidir_seed4_fusion,0.01,32,4,2,0.046348790123990534
summary_ridge_fusion,none,0.01,36,4,2,0.04913732026257508
neural_fusion,neural_bidir_seed0_fusion,0.01,36,4,2,0.05197732783938794
neural_fusion,neural_bidir_seed1_fusion,0.01,36,4,2,0.05420638982638626
neural_fusion,neural_bidir_seed2_fusion,0.01,36,4,2,0.044074656296088734
neural_fusion,neural_bidir_seed3_fusion,0.01,36,4,2,0.041897940765073284
neural_fusion,neural_bidir_seed4_fusion,0.01,36,4,2,0.04526379063909285
summary_ridge_prior,none,0.01,0,4,3,0.059202002381261117
neural_prior,neural_bidir_seed0_prior,0.01,0,4,3,0.06627272193145473
neural_prior,neural_bidir_seed1_prior,0.01,0,4,3,0.07063025825482327
neural_prior,neural_bidir_seed2_prior,0.01,0,4,3,0.05065072776051238
neural_prior,neural_bidir_seed3_prior,0.01,0,4,3,0.04670575866475701
neural_prior,neural_bidir_seed4_prior,0.01,0,4,3,0.05193350098852534
dfe,none,0.01,32,4,3,0.09028030442586796
dfe,none,0.01,92,4,3,0.05485502683892114
summary_ridge_fusion,none,0.01,32,4,3,0.05405135579489543
neural_fusion,neural_bidir_seed0_fusion,0.01,32,4,3,0.05526515570049362
neural_fusion,neural_bidir_seed1_fusion,0.01,32,4,3,0.05771279658285869
neural_fusion,neural_bidir_seed2_fusion,0.01,32,4,3,0.045753727154731555
neural_fusion,neural_bidir_seed3_fusion,0.01,32,4,3,0.042778776745761055
neural_fusion,neural_bidir_seed4_fusion,0.01,32,4,3,0.04631673552740366
summary_ridge_fusion,none,0.01,36,4,3,0.049212551779124133
neural_fusion,neural_bidir_seed0_fusion,0.01,36,4,3,0.050396468956837276
neural_fusion,neural_bidir_seed1_fusion,0.01,36,4,3,0.052247978595578004
neural_fusion,neural_bidir_seed2_fusion,0.01,36,4,3,0.043825468982910766
neural_fusion,neural_bidir_seed3_fusion,0.01,36,4,3,0.042072931617771536
neural_fusion,neural_bidir_seed4_fusion,0.01,36,4,3,0.04559927140181688
summary_ridge_prior,none,0.01,0,4,4,0.053303928582460296
neural_prior,neural_bidir_seed0_prior,0.01,0,4,4,0.06619319350284059
neural_prior,neural_bidir_seed1_prior,0.01,0,4,4,0.07088682605535723
neural_prior,neural_bidir_seed2_prior,0.01,0,4,4,0.05066281087056268
neural_prior,neural_bidir_seed3_prior,0.01,0,4,4,0.04682535119354725
neural_prior,neural_bidir_seed4_prior,0.01,0,4,4,0.05192800327495206
dfe,none,0.01,32,4,4,0.09130330073659837
dfe,none,0.01,92,4,4,0.05413697089391194
summary_ridge_fusion,none,0.01,32,4,4,0.046459305647928065
neural_fusion,neural_bidir_seed0_fusion,0.01,32,4,4,0.05342300020549943
neural_fusion,neural_bidir_seed1_fusion,0.01,32,4,4,0.05544867234490418
neural_fusion,neural_bidir_seed2_fusion,0.01,32,4,4,0.04510077424285153
neural_fusion,neural_bidir_seed3_fusion,0.01,32,4,4,0.042728849234820385
neural_fusion,neural_bidir_seed4_fusion,0.01,32,4,4,0.04623410604429128
summary_ridge_fusion,none,0.01,36,4,4,0.04645685463111212
neural_fusion,neural_bidir_seed0_fusion,0.01,36,4,4,0.05301176719461643
neural_fusion,neural_bidir_seed1_fusion,0.01,36,4,4,0.05491599391414727
neural_fusion,neural_bidir_seed2_fusion,0.01,36,4,4,0.04497182901825918
neural_fusion,neural_bidir_seed3_fusion,0.01,36,4,4,0.04301441248434978
neural_fusion,neural_bidir_seed4_fusion,0.01,36,4,4,0.04637613007879661
summary_ridge_prior,none,0.01,0,5,0,0.05231894934497648
neural_prior,neural_bidir_seed0_prior,0.01,0,5,0,0.0670535744575318
neural_prior,neural_bidir_seed1_prior,0.01,0,5,0,0.07176119272480719
neural_prior,neural_bidir_seed2_prior,0.01,0,5,0,0.05267363027087413
neural_prior,neural_bidir_seed3_prior,0.01,0,5,0,0.0491272341896547
neural_prior,neural_bidir_seed4_prior,0.01,0,5,0,0.05463200110534672
dfe,none,0.01,32,5,0,0.089056196857244
dfe,none,0.01,92,5,0,0.0543915837774096
summary_ridge_fusion,none,0.01,32,5,0,0.045478967572243206
neural_fusion,neural_bidir_seed0_fusion,0.01,32,5,0,0.05375854988096357
neural_fusion,neural_bidir_seed1_fusion,0.01,32,5,0,0.05610444547543708
neural_fusion,neural_bidir_seed2_fusion,0.01,32,5,0,0.04549484185534094
neural_fusion,neural_bidir_seed3_fusion,0.01,32,5,0,0.043212383809978216
neural_fusion,neural_bidir_seed4_fusion,0.01,32,5,0,0.046588367285957076
summary_ridge_fusion,none,0.01,36,5,0,0.045668765303770224
neural_fusion,neural_bidir_seed0_fusion,0.01,36,5,0,0.05477149420679894
neural_fusion,neural_bidir_seed1_fusion,0.01,36,5,0,0.057011795706973456
neural_fusion,neural_bidir_seed2_fusion,0.01,36,5,0,0.04605616716831565
neural_fusion,neural_bidir_seed3_fusion,0.01,36,5,0,0.04363328497787358
neural_fusion,neural_bidir_seed4_fusion,0.01,36,5,0,0.047237564693948075
summary_ridge_prior,none,0.01,0,5,1,0.04433707153076111
neural_prior,neural_bidir_seed0_prior,0.01,0,5,1,0.06703775547794066
neural_prior,neural_bidir_seed1_prior,0.01,0,5,1,0.07187416013039183
neural_prior,neural_bidir_seed2_prior,0.01,0,5,1,0.05304907343816012
neural_prior,neural_bidir_seed3_prior,0.01,0,5,1,0.049284620050457306
neural_prior,neural_bidir_seed4_prior,0.01,0,5,1,0.054953058701357804
dfe,none,0.01,32,5,1,0.09231296764327739
dfe,none,0.01,92,5,1,0.053136647418890015
summary_ridge_fusion,none,0.01,32,5,1,0.03956293000263551
neural_fusion,neural_bidir_seed0_fusion,0.01,32,5,1,0.05427179842259371
neural_fusion,neural_bidir_seed1_fusion,0.01,32,5,1,0.05633177956778862
neural_fusion,neural_bidir_seed2_fusion,0.01,32,5,1,0.04587607935403858
neural_fusion,neural_bidir_seed3_fusion,0.01,32,5,1,0.04341558122043095
neural_fusion,neural_bidir_seed4_fusion,0.01,32,5,1,0.04734098568358984
summary_ridge_fusion,none,0.01,36,5,1,0.040438804535355574
neural_fusion,neural_bidir_seed0_fusion,0.01,36,5,1,0.054017144065437825
neural_fusion,neural_bidir_seed1_fusion,0.01,36,5,1,0.055295973985227655
neural_fusion,neural_bidir_seed2_fusion,0.01,36,5,1,0.04645764082479707
neural_fusion,neural_bidir_seed3_fusion,0.01,36,5,1,0.04461664955736307
neural_fusion,neural_bidir_seed4_fusion,0.01,36,5,1,0.047416129843996346
summary_ridge_prior,none,0.01,0,5,2,0.0535450621503566
neural_prior,neural_bidir_seed0_prior,0.01,0,5,2,0.06620833546912763
neural_prior,neural_bidir_seed1_prior,0.01,0,5,2,0.07110882217239123
neural_prior,neural_bidir_seed2_prior,0.01,0,5,2,0.05246435324079357
neural_prior,neural_bidir_seed3_prior,0.01,0,5,2,0.0485981497913599
neural_prior,neural_bidir_seed4_prior,0.01,0,5,2,0.054337994719389826
dfe,none,0.01,32,5,2,0.08833409024712222
dfe,none,0.01,92,5,2,0.05348932771919279
summary_ridge_fusion,none,0.01,32,5,2,0.04624391239842622
neural_fusion,neural_bidir_seed0_fusion,0.01,32,5,2,0.05167070400439133
neural_fusion,neural_bidir_seed1_fusion,0.01,32,5,2,0.05365742744198724
neural_fusion,neural_bidir_seed2_fusion,0.01,32,5,2,0.04470114766592823
neural_fusion,neural_bidir_seed3_fusion,0.01,32,5,2,0.0425049536195609
neural_fusion,neural_bidir_seed4_fusion,0.01,32,5,2,0.04601691490248398
summary_ridge_fusion,none,0.01,36,5,2,0.04513052792174296
neural_fusion,neural_bidir_seed0_fusion,0.01,36,5,2,0.053443500037092244
neural_fusion,neural_bidir_seed1_fusion,0.01,36,5,2,0.05531038370932174
neural_fusion,neural_bidir_seed2_fusion,0.01,36,5,2,0.04562313095171479
neural_fusion,neural_bidir_seed3_fusion,0.01,36,5,2,0.043032405444744334
neural_fusion,neural_bidir_seed4_fusion,0.01,36,5,2,0.04676137563116578
summary_ridge_prior,none,0.01,0,5,3,0.045353021078121676
neural_prior,neural_bidir_seed0_prior,0.01,0,5,3,0.06596783488930669
neural_prior,neural_bidir_seed1_prior,0.01,0,5,3,0.0703085202985676
neural_prior,neural_bidir_seed2_prior,0.01,0,5,3,0.05142723621975165
neural_prior,neural_bidir_seed3_prior,0.01,0,5,3,0.04763589218782727
neural_prior,neural_bidir_seed4_prior,0.01,0,5,3,0.0531705689500086
dfe,none,0.01,32,5,3,0.09235948181891701
dfe,none,0.01,92,5,3,0.05377035811165952
summary_ridge_fusion,none,0.01,32,5,3,0.04224664676250505
neural_fusion,neural_bidir_seed0_fusion,0.01,32,5,3,0.05376801466713346
neural_fusion,neural_bidir_seed1_fusion,0.01,32,5,3,0.05596076033114349
neural_fusion,neural_bidir_seed2_fusion,0.01,32,5,3,0.04646487907376605
neural_fusion,neural_bidir_seed3_fusion,0.01,32,5,3,0.04395478099917448
neural_fusion,neural_bidir_seed4_fusion,0.01,32,5,3,0.04867280954960817
summary_ridge_fusion,none,0.01,36,5,3,0.04115386289273167
neural_fusion,neural_bidir_seed0_fusion,0.01,36,5,3,0.051447776479435145
neural_fusion,neural_bidir_seed1_fusion,0.01,36,5,3,0.053318627661560467
neural_fusion,neural_bidir_seed2_fusion,0.01,36,5,3,0.044140431585757645
neural_fusion,neural_bidir_seed3_fusion,0.01,36,5,3,0.04191543955547378
neural_fusion,neural_bidir_seed4_fusion,0.01,36,5,3,0.04599113678494686
summary_ridge_prior,none,0.01,0,5,4,0.04807019960529687
neural_prior,neural_bidir_seed0_prior,0.01,0,5,4,0.06700456637190655
neural_prior,neural_bidir_seed1_prior,0.01,0,5,4,0.07219068442645948
neural_prior,neural_bidir_seed2_prior,0.01,0,5,4,0.051323402833077125
neural_prior,neural_bidir_seed3_prior,0.01,0,5,4,0.047382550619659014
neural_prior,neural_bidir_seed4_prior,0.01,0,5,4,0.05309115657291841
dfe,none,0.01,32,5,4,0.09466065100970003
dfe,none,0.01,92,5,4,0.05408896440157775
summary_ridge_fusion,none,0.01,32,5,4,0.044610956305646446
neural_fusion,neural_bidir_seed0_fusion,0.01,32,5,4,0.053893269198750385
neural_fusion,neural_bidir_seed1_fusion,0.01,32,5,4,0.05649866029199692
neural_fusion,neural_bidir_seed2_fusion,0.01,32,5,4,0.04542788512512705
neural_fusion,neural_bidir_seed3_fusion,0.01,32,5,4,0.043224076339825224
neural_fusion,neural_bidir_seed4_fusion,0.01,32,5,4,0.046960280617579175
summary_ridge_fusion,none,0.01,36,5,4,0.0452322149723349
neural_fusion,neural_bidir_seed0_fusion,0.01,36,5,4,0.05302237371348072
neural_fusion,neural_bidir_seed1_fusion,0.01,36,5,4,0.05503035981145645
neural_fusion,neural_bidir_seed2_fusion,0.01,36,5,4,0.04604408766402791
neural_fusion,neural_bidir_seed3_fusion,0.01,36,5,4,0.04405825777850256
neural_fusion,neural_bidir_seed4_fusion,0.01,36,5,4,0.047443955414341696
summary_ridge_prior,none,0.01,0,6,0,0.04406965880867515
neural_prior,neural_bidir_seed0_prior,0.01,0,6,0,0.06571090685611125
neural_prior,neural_bidir_seed1_prior,0.01,0,6,0,0.06929998398118187
neural_prior,neural_bidir_seed2_prior,0.01,0,6,0,0.05117620145028923
neural_prior,neural_bidir_seed3_prior,0.01,0,6,0,0.04729282911284827
neural_prior,neural_bidir_seed4_prior,0.01,0,6,0,0.052103009933489375
dfe,none,0.01,32,6,0,0.0908432968490481
dfe,none,0.01,92,6,0,0.05409724623126977
summary_ridge_fusion,none,0.01,32,6,0,0.04682606742272749
neural_fusion,neural_bidir_seed0_fusion,0.01,32,6,0,0.052742087851850264
neural_fusion,neural_bidir_seed1_fusion,0.01,32,6,0,0.05448889098363517
neural_fusion,neural_bidir_seed2_fusion,0.01,32,6,0,0.04457955714342693
neural_fusion,neural_bidir_seed3_fusion,0.01,32,6,0,0.04222812960842189
neural_fusion,neural_bidir_seed4_fusion,0.01,32,6,0,0.04566024029497945
summary_ridge_fusion,none,0.01,36,6,0,0.04481129015434178
neural_fusion,neural_bidir_seed0_fusion,0.01,36,6,0,0.05187167534706802
neural_fusion,neural_bidir_seed1_fusion,0.01,36,6,0,0.053613327975377864
neural_fusion,neural_bidir_seed2_fusion,0.01,36,6,0,0.04445718951229466
neural_fusion,neural_bidir_seed3_fusion,0.01,36,6,0,0.041919238036737826
neural_fusion,neural_bidir_seed4_fusion,0.01,36,6,0,0.04519880802297267
summary_ridge_prior,none,0.01,0,6,1,0.050288877774529075
neural_prior,neural_bidir_seed0_prior,0.01,0,6,1,0.06609096608008258
neural_prior,neural_bidir_seed1_prior,0.01,0,6,1,0.06991577835287899
neural_prior,neural_bidir_seed2_prior,0.01,0,6,1,0.0513326546351891
neural_prior,neural_bidir_seed3_prior,0.01,0,6,1,0.04795457384898327
neural_prior,neural_bidir_seed4_prior,0.01,0,6,1,0.052802914258791134
dfe,none,0.01,32,6,1,0.09227024966647637
dfe,none,0.01,92,6,1,0.05369617878886468
summary_ridge_fusion,none,0.01,32,6,1,0.04695117235062653
neural_fusion,neural_bidir_seed0_fusion,0.01,32,6,1,0.05252926629548207
neural_fusion,neural_bidir_seed1_fusion,0.01,32,6,1,0.0548001217344137
neural_fusion,neural_bidir_seed2_fusion,0.01,32,6,1,0.04527001810259132
neural_fusion,neural_bidir_seed3_fusion,0.01,32,6,1,0.043397942262221934
neural_fusion,neural_bidir_seed4_fusion,0.01,32,6,1,0.047062837096144804
summary_ridge_fusion,none,0.01,36,6,1,0.045258348652030746
neural_fusion,neural_bidir_seed0_fusion,0.01,36,6,1,0.05157528961565438
neural_fusion,neural_bidir_seed1_fusion,0.01,36,6,1,0.05332649078261205
neural_fusion,neural_bidir_seed2_fusion,0.01,36,6,1,0.04402523830810723
neural_fusion,neural_bidir_seed3_fusion,0.01,36,6,1,0.04208542688973452
neural_fusion,neural_bidir_seed4_fusion,0.01,36,6,1,0.045329623551802
summary_ridge_prior,none,0.01,0,6,2,0.04891016875654534
neural_prior,neural_bidir_seed0_prior,0.01,0,6,2,0.06589637209253851
neural_prior,neural_bidir_seed1_prior,0.01,0,6,2,0.06957218926982023
neural_prior,neural_bidir_seed2_prior,0.01,0,6,2,0.05175293982028961
neural_prior,neural_bidir_seed3_prior,0.01,0,6,2,0.04882502950204071
neural_prior,neural_bidir_seed4_prior,0.01,0,6,2,0.053967709303833544
dfe,none,0.01,32,6,2,0.0912198946152076
dfe,none,0.01,92,6,2,0.05459193548565945
summary_ridge_fusion,none,0.01,32,6,2,0.04293002748463888
neural_fusion,neural_bidir_seed0_fusion,0.01,32,6,2,0.05381706438973588
neural_fusion,neural_bidir_seed1_fusion,0.01,32,6,2,0.055500670418705426
neural_fusion,neural_bidir_seed2_fusion,0.01,32,6,2,0.046205922697876316
neural_fusion,neural_bidir_seed3_fusion,0.01,32,6,2,0.0448678846986044
neural_fusion,neural_bidir_seed4_fusion,0.01,32,6,2,0.04833917073823642
summary_ridge_fusion,none,0.01,36,6,2,0.044864894449498524
neural_fusion,neural_bidir_seed0_fusion,0.01,36,6,2,0.05185705292760559
neural_fusion,neural_bidir_seed1_fusion,0.01,36,6,2,0.053670485755730885
neural_fusion,neural_bidir_seed2_fusion,0.01,36,6,2,0.0446501024453573
neural_fusion,neural_bidir_seed3_fusion,0.01,36,6,2,0.042619023163010465
neural_fusion,neural_bidir_seed4_fusion,0.01,36,6,2,0.04611809906110096
summary_ridge_prior,none,0.01,0,6,3,0.048987172254423096
neural_prior,neural_bidir_seed0_prior,0.01,0,6,3,0.0682434991322225
neural_prior,neural_bidir_seed1_prior,0.01,0,6,3,0.07071270191227086
neural_prior,neural_bidir_seed2_prior,0.01,0,6,3,0.0551020106067881
neural_prior,neural_bidir_seed3_prior,0.01,0,6,3,0.051609038695460185
neural_prior,neural_bidir_seed4_prior,0.01,0,6,3,0.05571877727925312
dfe,none,0.01,32,6,3,0.09144550978054586
dfe,none,0.01,92,6,3,0.05475355337841106
summary_ridge_fusion,none,0.01,32,6,3,0.044039140892633034
neural_fusion,neural_bidir_seed0_fusion,0.01,32,6,3,0.05598433027278339
neural_fusion,neural_bidir_seed1_fusion,0.01,32,6,3,0.05711848345289672
neural_fusion,neural_bidir_seed2_fusion,0.01,32,6,3,0.04885294961705837
neural_fusion,neural_bidir_seed3_fusion,0.01,32,6,3,0.04636071378701623
neural_fusion,neural_bidir_seed4_fusion,0.01,32,6,3,0.04890622597364117
summary_ridge_fusion,none,0.01,36,6,3,0.04576073530934556
neural_fusion,neural_bidir_seed0_fusion,0.01,36,6,3,0.05364767859979563
neural_fusion,neural_bidir_seed1_fusion,0.01,36,6,3,0.055030031826569355
neural_fusion,neural_bidir_seed2_fusion,0.01,36,6,3,0.047270435739290476
neural_fusion,neural_bidir_seed3_fusion,0.01,36,6,3,0.04528765437593787
neural_fusion,neural_bidir_seed4_fusion,0.01,36,6,3,0.04764453819666265
summary_ridge_prior,none,0.01,0,6,4,0.04909256964849592
neural_prior,neural_bidir_seed0_prior,0.01,0,6,4,0.06657085914048366
neural_prior,neural_bidir_seed1_prior,0.01,0,6,4,0.06971350534877274
neural_prior,neural_bidir_seed2_prior,0.01,0,6,4,0.052096187180723064
neural_prior,neural_bidir_seed3_prior,0.01,0,6,4,0.048010717626311816
neural_prior,neural_bidir_seed4_prior,0.01,0,6,4,0.053138153089093976
dfe,none,0.01,32,6,4,0.09386613735049429
dfe,none,0.01,92,6,4,0.05351756419248513
summary_ridge_fusion,none,0.01,32,6,4,0.04921322721659535
neural_fusion,neural_bidir_seed0_fusion,0.01,32,6,4,0.05339036926068738
neural_fusion,neural_bidir_seed1_fusion,0.01,32,6,4,0.05501649320047275
neural_fusion,neural_bidir_seed2_fusion,0.01,32,6,4,0.04526294923134523
neural_fusion,neural_bidir_seed3_fusion,0.01,32,6,4,0.042544265602532286
neural_fusion,neural_bidir_seed4_fusion,0.01,32,6,4,0.04626885881964528
summary_ridge_fusion,none,0.01,36,6,4,0.042845395185224726
neural_fusion,neural_bidir_seed0_fusion,0.01,36,6,4,0.05924595415288103
neural_fusion,neural_bidir_seed1_fusion,0.01,36,6,4,0.05925028296516677
neural_fusion,neural_bidir_seed2_fusion,0.01,36,6,4,0.051400187266984365
neural_fusion,neural_bidir_seed3_fusion,0.01,36,6,4,0.047663669155025915
neural_fusion,neural_bidir_seed4_fusion,0.01,36,6,4,0.050751803941599075
summary_ridge_prior,none,0.01,0,7,0,0.050230621977229176
neural_prior,neural_bidir_seed0_prior,0.01,0,7,0,0.06555065368593205
neural_prior,neural_bidir_seed1_prior,0.01,0,7,0,0.06942069060460199
neural_prior,neural_bidir_seed2_prior,0.01,0,7,0,0.05178317552781664
neural_prior,neural_bidir_seed3_prior,0.01,0,7,0,0.04808949975995347
neural_prior,neural_bidir_seed4_prior,0.01,0,7,0,0.05381120213132817
dfe,none,0.01,32,7,0,0.09158934159028337
dfe,none,0.01,92,7,0,0.053526007324026306
summary_ridge_fusion,none,0.01,32,7,0,0.045391191790252805
neural_fusion,neural_bidir_seed0_fusion,0.01,32,7,0,0.05429644196478308
neural_fusion,neural_bidir_seed1_fusion,0.01,32,7,0,0.057738910416410265
neural_fusion,neural_bidir_seed2_fusion,0.01,32,7,0,0.049975091149883334
neural_fusion,neural_bidir_seed3_fusion,0.01,32,7,0,0.046976067668167525
neural_fusion,neural_bidir_seed4_fusion,0.01,32,7,0,0.05381120213132817
summary_ridge_fusion,none,0.01,36,7,0,0.04372819592714572
neural_fusion,neural_bidir_seed0_fusion,0.01,36,7,0,0.050608958035914406
neural_fusion,neural_bidir_seed1_fusion,0.01,36,7,0,0.052519556393130336
neural_fusion,neural_bidir_seed2_fusion,0.01,36,7,0,0.044493405685576526
neural_fusion,neural_bidir_seed3_fusion,0.01,36,7,0,0.04272879996829357
neural_fusion,neural_bidir_seed4_fusion,0.01,36,7,0,0.04767127339539824
summary_ridge_prior,none,0.01,0,7,1,0.046208625592831176
neural_prior,neural_bidir_seed0_prior,0.01,0,7,1,0.06686706644541118
neural_prior,neural_bidir_seed1_prior,0.01,0,7,1,0.07004670791502576
neural_prior,neural_bidir_seed2_prior,0.01,0,7,1,0.053577347585815005
neural_prior,neural_bidir_seed3_prior,0.01,0,7,1,0.049869241993292235
neural_prior,neural_bidir_seed4_prior,0.01,0,7,1,0.054785396947409026
dfe,none,0.01,32,7,1,0.09380781214155845
dfe,none,0.01,92,7,1,0.05266668517043925
summary_ridge_fusion,none,0.01,32,7,1,0.04301533472925764
neural_fusion,neural_bidir_seed0_fusion,0.01,32,7,1,0.055523285268292456
neural_fusion,neural_bidir_seed1_fusion,0.01,32,7,1,0.057609837376736854
neural_fusion,neural_bidir_seed2_fusion,0.01,32,7,1,0.04762346419351411
neural_fusion,neural_bidir_seed3_fusion,0.01,32,7,1,0.044861609190556526
neural_fusion,neural_bidir_seed4_fusion,0.01,32,7,1,0.04868804433166646
summary_ridge_fusion,none,0.01,36,7,1,0.04102093006962083
neural_fusion,neural_bidir_seed0_fusion,0.01,36,7,1,0.05281151491862357
neural_fusion,neural_bidir_seed1_fusion,0.01,36,7,1,0.054712048061797317
neural_fusion,neural_bidir_seed2_fusion,0.01,36,7,1,0.045673215031620605
neural_fusion,neural_bidir_seed3_fusion,0.01,36,7,1,0.04318504090311591
neural_fusion,neural_bidir_seed4_fusion,0.01,36,7,1,0.04667339697827585
summary_ridge_prior,none,0.01,0,7,2,0.05152429742119406
neural_prior,neural_bidir_seed0_prior,0.01,0,7,2,0.06578588976117317
neural_prior,neural_bidir_seed1_prior,0.01,0,7,2,0.07003008175524883
neural_prior,neural_bidir_seed2_prior,0.01,0,7,2,0.05085357897041831
neural_prior,neural_bidir_seed3_prior,0.01,0,7,2,0.04710943294048775
neural_prior,neural_bidir_seed4_prior,0.01,0,7,2,0.05253650671511423
dfe,none,0.01,32,7,2,0.09274734321471191
dfe,none,0.01,92,7,2,0.05416758791879735
summary_ridge_fusion,none,0.01,32,7,2,0.046298828559380834
neural_fusion,neural_bidir_seed0_fusion,0.01,32,7,2,0.053471868091394
neural_fusion,neural_bidir_seed1_fusion,0.01,32,7,2,0.05574365582168721
neural_fusion,neural_bidir_seed2_fusion,0.01,32,7,2,0.045317957955550006
neural_fusion,neural_bidir_seed3_fusion,0.01,32,7,2,0.04243697068070724
neural_fusion,neural_bidir_seed4_fusion,0.01,32,7,2,0.0469612998144761
summary_ridge_fusion,none,0.01,36,7,2,0.05152429742119406
neural_fusion,neural_bidir_seed0_fusion,0.01,36,7,2,0.0564867153857314
neural_fusion,neural_bidir_seed1_fusion,0.01,36,7,2,0.05952284923889008
neural_fusion,neural_bidir_seed2_fusion,0.01,36,7,2,0.05017971172062609
neural_fusion,neural_bidir_seed3_fusion,0.01,36,7,2,0.04710943294048775
neural_fusion,neural_bidir_seed4_fusion,0.01,36,7,2,0.05253650671511423
summary_ridge_prior,none,0.01,0,7,3,0.047432482082189295
neural_prior,neural_bidir_seed0_prior,0.01,0,7,3,0.06921629788121209
neural_prior,neural_bidir_seed1_prior,0.01,0,7,3,0.0719546046020696
neural_prior,neural_bidir_seed2_prior,0.01,0,7,3,0.05500259700056631
neural_prior,neural_bidir_seed3_prior,0.01,0,7,3,0.0517124116740888
neural_prior,neural_bidir_seed4_prior,0.01,0,7,3,0.05529430821479764
dfe,none,0.01,32,7,3,0.09154964204241975
dfe,none,0.01,92,7,3,0.05306304669112425
summary_ridge_fusion,none,0.01,32,7,3,0.04274266783881333
neural_fusion,neural_bidir_seed0_fusion,0.01,32,7,3,0.057934070099565034
neural_fusion,neural_bidir_seed1_fusion,0.01,32,7,3,0.06002305039433527
neural_fusion,neural_bidir_seed2_fusion,0.01,32,7,3,0.04960604721340195
neural_fusion,neural_bidir_seed3_fusion,0.01,32,7,3,0.04677994293388555
neural_fusion,neural_bidir_seed4_fusion,0.01,32,7,3,0.04938136627454522
summary_ridge_fusion,none,0.01,36,7,3,0.04188810843190895
neural_fusion,neural_bidir_seed0_fusion,0.01,36,7,3,0.05310031668861789
neural_fusion,neural_bidir_seed1_fusion,0.01,36,7,3,0.05445849401296459
neural_fusion,neural_bidir_seed2_fusion,0.01,36,7,3,0.04618960056914338
neural_fusion,neural_bidir_seed3_fusion,0.01,36,7,3,0.044186606585456235
neural_fusion,neural_bidir_seed4_fusion,0.01,36,7,3,0.046703645161530034
summary_ridge_prior,none,0.01,0,7,4,0.059959870941201296
neural_prior,neural_bidir_seed0_prior,0.01,0,7,4,0.06646395109419245
neural_prior,neural_bidir_seed1_prior,0.01,0,7,4,0.07042271905811504
neural_prior,neural_bidir_seed2_prior,0.01,0,7,4,0.050914753548568115
neural_prior,neural_bidir_seed3_prior,0.01,0,7,4,0.046899831111659296
neural_prior,neural_bidir_seed4_prior,0.01,0,7,4,0.05202999434550293
dfe,none,0.01,32,7,4,0.0918364784037377
dfe,none,0.01,92,7,4,0.05369899364795924
summary_ridge_fusion,none,0.01,32,7,4,0.058427649280524324
neural_fusion,neural_bidir_seed0_fusion,0.01,32,7,4,0.05283846328950677
neural_fusion,neural_bidir_seed1_fusion,0.01,32,7,4,0.054696822467264074
neural_fusion,neural_bidir_seed2_fusion,0.01,32,7,4,0.04442552151439301
neural_fusion,neural_bidir_seed3_fusion,0.01,32,7,4,0.04200306176089196
neural_fusion,neural_bidir_seed4_fusion,0.01,32,7,4,0.045793826317978556
summary_ridge_fusion,none,0.01,36,7,4,0.05311814984004176
neural_fusion,neural_bidir_seed0_fusion,0.01,36,7,4,0.05078826797900434
neural_fusion,neural_bidir_seed1_fusion,0.01,36,7,4,0.052616573307141354
neural_fusion,neural_bidir_seed2_fusion,0.01,36,7,4,0.04351856234966877
neural_fusion,neural_bidir_seed3_fusion,0.01,36,7,4,0.04134619006868889
neural_fusion,neural_bidir_seed4_fusion,0.01,36,7,4,0.045011763930358425
summary_ridge_prior,none,0.01,0,8,0,0.044535247527684674
neural_prior,neural_bidir_seed0_prior,0.01,0,8,0,0.06719236710341647
neural_prior,neural_bidir_seed1_prior,0.01,0,8,0,0.07091881205269601
neural_prior,neural_bidir_seed2_prior,0.01,0,8,0,0.05269787121505942
neural_prior,neural_bidir_seed3_prior,0.01,0,8,0,0.048840989751624875
neural_prior,neural_bidir_seed4_prior,0.01,0,8,0,0.0537434920843225
dfe,none,0.01,32,8,0,0.09063959551628153
dfe,none,0.01,92,8,0,0.05398038637064528
summary_ridge_fusion,none,0.01,32,8,0,0.05187062335368327
neural_fusion,neural_bidir_seed0_fusion,0.01,32,8,0,0.05661890880421222
neural_fusion,neural_bidir_seed1_fusion,0.01,32,8,0,0.05795319052728362
neural_fusion,neural_bidir_seed2_fusion,0.01,32,8,0,0.050289927702738144
neural_fusion,neural_bidir_seed3_fusion,0.01,32,8,0,0.04908209833085042
neural_fusion,neural_bidir_seed4_fusion,0.01,32,8,0,0.05115836447032583
summary_ridge_fusion,none,0.01,36,8,0,0.04680249720213715
neural_fusion,neural_bidir_seed0_fusion,0.01,36,8,0,0.05308829984050603
neural_fusion,neural_bidir_seed1_fusion,0.01,36,8,0,0.05460017444021893
neural_fusion,neural_bidir_seed2_fusion,0.01,36,8,0,0.04653162644541533
neural_fusion,neural_bidir_seed3_fusion,0.01,36,8,0,0.04498937405142442
neural_fusion,neural_bidir_seed4_fusion,0.01,36,8,0,0.047303078728270345
summary_ridge_prior,none,0.01,0,8,1,0.0539088490454426
neural_prior,neural_bidir_seed0_prior,0.01,0,8,1,0.06635221141914371
neural_prior,neural_bidir_seed1_prior,0.01,0,8,1,0.07015770190628245
neural_prior,neural_bidir_seed2_prior,0.01,0,8,1,0.05168289478751831
neural_prior,neural_bidir_seed3_prior,0.01,0,8,1,0.04767174817970954
neural_prior,neural_bidir_seed4_prior,0.01,0,8,1,0.05272650367987808
dfe,none,0.01,32,8,1,0.08965420388672346
dfe,none,0.01,92,8,1,0.05310538128515872
summary_ridge_fusion,none,0.01,32,8,1,0.05040930246295974
neural_fusion,neural_bidir_seed0_fusion,0.01,32,8,1,0.055483908356197514
neural_fusion,neural_bidir_seed1_fusion,0.01,32,8,1,0.057825401849341
neural_fusion,neural_bidir_seed2_fusion,0.01,32,8,1,0.04894087723502837
neural_fusion,neural_bidir_seed3_fusion,0.01,32,8,1,0.04664673364005274
neural_fusion,neural_bidir_seed4_fusion,0.01,32,8,1,0.0498612038616778
summary_ridge_fusion,none,0.01,36,8,1,0.046401495468493745
neural_fusion,neural_bidir_seed0_fusion,0.01,36,8,1,0.05510915737286694
neural_fusion,neural_bidir_seed1_fusion,0.01,36,8,1,0.05721278162700229
neural_fusion,neural_bidir_seed2_fusion,0.01,36,8,1,0.046488635177863266
neural_fusion,neural_bidir_seed3_fusion,0.01,36,8,1,0.04329499484012128
neural_fusion,neural_bidir_seed4_fusion,0.01,36,8,1,0.046862746567981554
summary_ridge_prior,none,0.01,0,8,2,0.05568150027769067
neural_prior,neural_bidir_seed0_prior,0.01,0,8,2,0.0670251131959958
neural_prior,neural_bidir_seed1_prior,0.01,0,8,2,0.07149505347479135
neural_prior,neural_bidir_seed2_prior,0.01,0,8,2,0.05183749044954311
neural_prior,neural_bidir_seed3_prior,0.01,0,8,2,0.04820809527882375
neural_prior,neural_bidir_seed4_prior,0.01,0,8,2,0.05340719234663993
dfe,none,0.01,32,8,2,0.09177122843996727
dfe,none,0.01,92,8,2,0.053977781098720666
summary_ridge_fusion,none,0.01,32,8,2,0.04822615422931635
neural_fusion,neural_bidir_seed0_fusion,0.01,32,8,2,0.054545005024844925
neural_fusion,neural_bidir_seed1_fusion,0.01,32,8,2,0.056880555821036155
neural_fusion,neural_bidir_seed2_fusion,0.01,32,8,2,0.04539505750497495
neural_fusion,neural_bidir_seed3_fusion,0.01,32,8,2,0.04281428955711738
neural_fusion,neural_bidir_seed4_fusion,0.01,32,8,2,0.046167370045585326
summary_ridge_fusion,none,0.01,36,8,2,0.04824801623391642
neural_fusion,neural_bidir_seed0_fusion,0.01,36,8,2,0.05088616198427827
neural_fusion,neural_bidir_seed1_fusion,0.01,36,8,2,0.052709767406608314
neural_fusion,neural_bidir_seed2_fusion,0.01,36,8,2,0.0436358555929947
neural_fusion,neural_bidir_seed3_fusion,0.01,36,8,2,0.04194833821583137
neural_fusion,neural_bidir_seed4_fusion,0.01,36,8,2,0.04496101448902375
summary_ridge_prior,none,0.01,0,8,3,0.05227678503775388
neural_prior,neural_bidir_seed0_prior,0.01,0,8,3,0.06570381658093538
neural_prior,neural_bidir_seed1_prior,0.01,0,8,3,0.06980144344561268
neural_prior,neural_bidir_seed2_prior,0.01,0,8,3,0.051257376617286354
neural_prior,neural_bidir_seed3_prior,0.01,0,8,3,0.04737746172759216
neural_prior,neural_bidir_seed4_prior,0.01,0,8,3,0.05329582757258322
dfe,none,0.01,32,8,3,0.09327923123045923
dfe,none,0.01,92,8,3,0.05367469352297406
summary_ridge_fusion,none,0.01,32,8,3,0.04606941903880895
neural_fusion,neural_bidir_seed0_fusion,0.01,32,8,3,0.05429258798497669
neural_fusion,neural_bidir_seed1_fusion,0.01,32,8,3,0.05659088380689617
neural_fusion,neural_bidir_seed2_fusion,0.01,32,8,3,0.04543010535807468
neural_fusion,neural_bidir_seed3_fusion,0.01,32,8,3,0.042683142513275374
neural_fusion,neural_bidir_seed4_fusion,0.01,32,8,3,0.04648136699088276
summary_ridge_fusion,none,0.01,36,8,3,0.04511049759246686
neural_fusion,neural_bidir_seed0_fusion,0.01,36,8,3,0.054554910665155325
neural_fusion,neural_bidir_seed1_fusion,0.01,36,8,3,0.056781517269817325
neural_fusion,neural_bidir_seed2_fusion,0.01,36,8,3,0.04472076053720743
neural_fusion,neural_bidir_seed3_fusion,0.01,36,8,3,0.041975471927048286
neural_fusion,neural_bidir_seed4_fusion,0.01,36,8,3,0.0455303095435794
summary_ridge_prior,none,0.01,0,8,4,0.04972248670008962
neural_prior,neural_bidir_seed0_prior,0.01,0,8,4,0.06611643731594086
neural_prior,neural_bidir_seed1_prior,0.01,0,8,4,0.07020307688799221
neural_prior,neural_bidir_seed2_prior,0.01,0,8,4,0.05080245681165252
neural_prior,neural_bidir_seed3_prior,0.01,0,8,4,0.046866768156178296
neural_prior,neural_bidir_seed4_prior,0.01,0,8,4,0.05192090955097228
dfe,none,0.01,32,8,4,0.0916367705884886
dfe,none,0.01,92,8,4,0.05317104175917304
summary_ridge_fusion,none,0.01,32,8,4,0.046870343119603274
neural_fusion,neural_bidir_seed0_fusion,0.01,32,8,4,0.052971717092168934
neural_fusion,neural_bidir_seed1_fusion,0.01,32,8,4,0.05475034025315289
neural_fusion,neural_bidir_seed2_fusion,0.01,32,8,4,0.0460665831943344
neural_fusion,neural_bidir_seed3_fusion,0.01,32,8,4,0.04433588332187931
neural_fusion,neural_bidir_seed4_fusion,0.01,32,8,4,0.047892150515045286
summary_ridge_fusion,none,0.01,36,8,4,0.04376028152397154
neural_fusion,neural_bidir_seed0_fusion,0.01,36,8,4,0.051786930131683624
neural_fusion,neural_bidir_seed1_fusion,0.01,36,8,4,0.05355938778438524
neural_fusion,neural_bidir_seed2_fusion,0.01,36,8,4,0.04407088792313865
neural_fusion,neural_bidir_seed3_fusion,0.01,36,8,4,0.041927385148590006
neural_fusion,neural_bidir_seed4_fusion,0.01,36,8,4,0.04551195708217824
summary_ridge_prior,none,0.01,0,9,0,0.05626749620730677
neural_prior,neural_bidir_seed0_prior,0.01,0,9,0,0.06986158351355698
neural_prior,neural_bidir_seed1_prior,0.01,0,9,0,0.07539232564158738
neural_prior,neural_bidir_seed2_prior,0.01,0,9,0,0.054058311026892625
neural_prior,neural_bidir_seed3_prior,0.01,0,9,0,0.049382173630874604
neural_prior,neural_bidir_seed4_prior,0.01,0,9,0,0.05480470371549018
dfe,none,0.01,32,9,0,0.0910233305466691
dfe,none,0.01,92,9,0,0.055654067994731854
summary_ridge_fusion,none,0.01,32,9,0,0.05097843038653467
neural_fusion,neural_bidir_seed0_fusion,0.01,32,9,0,0.053687105788645016
neural_fusion,neural_bidir_seed1_fusion,0.01,32,9,0,0.055695503190670084
neural_fusion,neural_bidir_seed2_fusion,0.01,32,9,0,0.04641613646919433
neural_fusion,neural_bidir_seed3_fusion,0.01,32,9,0,0.043623865975310865
neural_fusion,neural_bidir_seed4_fusion,0.01,32,9,0,0.047048653978323585
summary_ridge_fusion,none,0.01,36,9,0,0.0477028142332244
neural_fusion,neural_bidir_seed0_fusion,0.01,36,9,0,0.055421907969704004
neural_fusion,neural_bidir_seed1_fusion,0.01,36,9,0,0.05710615076428731
neural_fusion,neural_bidir_seed2_fusion,0.01,36,9,0,0.04910754807631061
neural_fusion,neural_bidir_seed3_fusion,0.01,36,9,0,0.04638551491795227
neural_fusion,neural_bidir_seed4_fusion,0.01,36,9,0,0.04979686058497491
summary_ridge_prior,none,0.01,0,9,1,0.04770721111178752
neural_prior,neural_bidir_seed0_prior,0.01,0,9,1,0.06598965974990278
neural_prior,neural_bidir_seed1_prior,0.01,0,9,1,0.07054958278604317
neural_prior,neural_bidir_seed2_prior,0.01,0,9,1,0.0506309466145467
neural_prior,neural_bidir_seed3_prior,0.01,0,9,1,0.04691943172656465
neural_prior,neural_bidir_seed4_prior,0.01,0,9,1,0.052023918367922306
dfe,none,0.01,32,9,1,0.09078631146723692
dfe,none,0.01,92,9,1,0.0534926646288561
summary_ridge_fusion,none,0.01,32,9,1,0.04373714303953252
neural_fusion,neural_bidir_seed0_fusion,0.01,32,9,1,0.05278485491392695
neural_fusion,neural_bidir_seed1_fusion,0.01,32,9,1,0.054470326822838255
neural_fusion,neural_bidir_seed2_fusion,0.01,32,9,1,0.04402898759287806
neural_fusion,neural_bidir_seed3_fusion,0.01,32,9,1,0.04184043836500299
neural_fusion,neural_bidir_seed4_fusion,0.01,32,9,1,0.04535455445142661
summary_ridge_fusion,none,0.01,36,9,1,0.04189508026795484
neural_fusion,neural_bidir_seed0_fusion,0.01,36,9,1,0.05256335092285995
neural_fusion,neural_bidir_seed1_fusion,0.01,36,9,1,0.05443896887081223
neural_fusion,neural_bidir_seed2_fusion,0.01,36,9,1,0.04527702903136675
neural_fusion,neural_bidir_seed3_fusion,0.01,36,9,1,0.04307567229094819
neural_fusion,neural_bidir_seed4_fusion,0.01,36,9,1,0.046361641713308456
summary_ridge_prior,none,0.01,0,9,2,0.04856406357315417
neural_prior,neural_bidir_seed0_prior,0.01,0,9,2,0.07191964302910492
neural_prior,neural_bidir_seed1_prior,0.01,0,9,2,0.07670689978112932
neural_prior,neural_bidir_seed2_prior,0.01,0,9,2,0.05424931182642467
neural_prior,neural_bidir_seed3_prior,0.01,0,9,2,0.049202695285202935
neural_prior,neural_bidir_seed4_prior,0.01,0,9,2,0.0536403003934538
dfe,none,0.01,32,9,2,0.09174648996752818
dfe,none,0.01,92,9,2,0.05326152204152755
summary_ridge_fusion,none,0.01,32,9,2,0.04856406357315417
neural_fusion,neural_bidir_seed0_fusion,0.01,32,9,2,0.05703039488640396
neural_fusion,neural_bidir_seed1_fusion,0.01,32,9,2,0.05860460311583572
neural_fusion,neural_bidir_seed2_fusion,0.01,32,9,2,0.04763988756114589
neural_fusion,neural_bidir_seed3_fusion,0.01,32,9,2,0.045152273739060174
neural_fusion,neural_bidir_seed4_fusion,0.01,32,9,2,0.04673578277123207
summary_ridge_fusion,none,0.01,36,9,2,0.042264738905898394
neural_fusion,neural_bidir_seed0_fusion,0.01,36,9,2,0.05534175479029584
neural_fusion,neural_bidir_seed1_fusion,0.01,36,9,2,0.05718324763120912
neural_fusion,neural_bidir_seed2_fusion,0.01,36,9,2,0.047459089101548516
neural_fusion,neural_bidir_seed3_fusion,0.01,36,9,2,0.04445515992505287
neural_fusion,neural_bidir_seed4_fusion,0.01,36,9,2,0.04808522393553942
summary_ridge_prior,none,0.01,0,9,3,0.047278212439180775
neural_prior,neural_bidir_seed0_prior,0.01,0,9,3,0.07169133197749034
neural_prior,neural_bidir_seed1_prior,0.01,0,9,3,0.07726922207803
neural_prior,neural_bidir_seed2_prior,0.01,0,9,3,0.05412375372543465
neural_prior,neural_bidir_seed3_prior,0.01,0,9,3,0.0490879466815386
neural_prior,neural_bidir_seed4_prior,0.01,0,9,3,0.05376396041538101
dfe,none,0.01,32,9,3,0.09172328904742835
dfe,none,0.01,92,9,3,0.05440310373101656
summary_ridge_fusion,none,0.01,32,9,3,0.04361738609068352
neural_fusion,neural_bidir_seed0_fusion,0.01,32,9,3,0.056245854210801
neural_fusion,neural_bidir_seed1_fusion,0.01,32,9,3,0.05850066971982392
neural_fusion,neural_bidir_seed2_fusion,0.01,32,9,3,0.04854515666469078
neural_fusion,neural_bidir_seed3_fusion,0.01,32,9,3,0.04547288114484706
neural_fusion,neural_bidir_seed4_fusion,0.01,32,9,3,0.04907740532266938
summary_ridge_fusion,none,0.01,36,9,3,0.04169101447431729
neural_fusion,neural_bidir_seed0_fusion,0.01,36,9,3,0.05551807268301244
neural_fusion,neural_bidir_seed1_fusion,0.01,36,9,3,0.05753422515472788
neural_fusion,neural_bidir_seed2_fusion,0.01,36,9,3,0.04662780982993774
neural_fusion,neural_bidir_seed3_fusion,0.01,36,9,3,0.04337213450536754
neural_fusion,neural_bidir_seed4_fusion,0.01,36,9,3,0.046645307840016234
summary_ridge_prior,none,0.01,0,9,4,0.05504354538570052
neural_prior,neural_bidir_seed0_prior,0.01,0,9,4,0.07119120414427016
neural_prior,neural_bidir_seed1_prior,0.01,0,9,4,0.07504504646931309
neural_prior,neural_bidir_seed2_prior,0.01,0,9,4,0.0539072418177966
neural_prior,neural_bidir_seed3_prior,0.01,0,9,4,0.0493397658719914
neural_prior,neural_bidir_seed4_prior,0.01,0,9,4,0.05436533523607068
dfe,none,0.01,32,9,4,0.09090939137341882
dfe,none,0.01,92,9,4,0.05319155650182322
summary_ridge_fusion,none,0.01,32,9,4,0.0485570249764192
neural_fusion,neural_bidir_seed0_fusion,0.01,32,9,4,0.057412214849913615
neural_fusion,neural_bidir_seed1_fusion,0.01,32,9,4,0.05755274171460584
neural_fusion,neural_bidir_seed2_fusion,0.01,32,9,4,0.04787808002860475
neural_fusion,neural_bidir_seed3_fusion,0.01,32,9,4,0.04540979300132167
neural_fusion,neural_bidir_seed4_fusion,0.01,32,9,4,0.04773622500550104
summary_ridge_fusion,none,0.01,36,9,4,0.04662213436360206
neural_fusion,neural_bidir_seed0_fusion,0.01,36,9,4,0.05440668981143143
neural_fusion,neural_bidir_seed1_fusion,0.01,36,9,4,0.05533350612906882
neural_fusion,neural_bidir_seed2_fusion,0.01,36,9,4,0.04575230723544545
neural_fusion,neural_bidir_seed3_fusion,0.01,36,9,4,0.04280254549081557
neural_fusion,neural_bidir_seed4_fusion,0.01,36,9,4,0.04610762252422932
summary_ridge_prior,none,0.01,0,10,0,0.05150712695101323
neural_prior,neural_bidir_seed0_prior,0.01,0,10,0,0.06608873580989894
neural_prior,neural_bidir_seed1_prior,0.01,0,10,0,0.07074946087959688
neural_prior,neural_bidir_seed2_prior,0.01,0,10,0,0.050763455728883855
neural_prior,neural_bidir_seed3_prior,0.01,0,10,0,0.046791987217147835
neural_prior,neural_bidir_seed4_prior,0.01,0,10,0,0.05205595122242812
dfe,none,0.01,32,10,0,0.09247101088479859
dfe,none,0.01,92,10,0,0.05340623654196402
summary_ridge_fusion,none,0.01,32,10,0,0.04601565779460601
neural_fusion,neural_bidir_seed0_fusion,0.01,32,10,0,0.053595025738059465
neural_fusion,neural_bidir_seed1_fusion,0.01,32,10,0,0.05540717030869209
neural_fusion,neural_bidir_seed2_fusion,0.01,32,10,0,0.04464460282498696
neural_fusion,neural_bidir_seed3_fusion,0.01,32,10,0,0.04244232244053202
neural_fusion,neural_bidir_seed4_fusion,0.01,32,10,0,0.045805084526175335
summary_ridge_fusion,none,0.01,36,10,0,0.04516832107266054
neural_fusion,neural_bidir_seed0_fusion,0.01,36,10,0,0.0518005496904598
neural_fusion,neural_bidir_seed1_fusion,0.01,36,10,0,0.05346583363645143
neural_fusion,neural_bidir_seed2_fusion,0.01,36,10,0,0.043532785131478194
neural_fusion,neural_bidir_seed3_fusion,0.01,36,10,0,0.04116450242157929
neural_fusion,neural_bidir_seed4_fusion,0.01,36,10,0,0.04445081321134045
summary_ridge_prior,none,0.01,0,10,1,0.0561332356374985
neural_prior,neural_bidir_seed0_prior,0.01,0,10,1,0.06780382999568246
neural_prior,neural_bidir_seed1_prior,0.01,0,10,1,0.07267229830904398
neural_prior,neural_bidir_seed2_prior,0.01,0,10,1,0.051953706511994824
neural_prior,neural_bidir_seed3_prior,0.01,0,10,1,0.04852828492585104
neural_prior,neural_bidir_seed4_prior,0.01,0,10,1,0.05391613802930806
dfe,none,0.01,32,10,1,0.09008417178754452
dfe,none,0.01,92,10,1,0.054132257982760376
summary_ridge_fusion,none,0.01,32,10,1,0.049159209969230885
neural_fusion,neural_bidir_seed0_fusion,0.01,32,10,1,0.05476436201204962
neural_fusion,neural_bidir_seed1_fusion,0.01,32,10,1,0.057382579355720435
neural_fusion,neural_bidir_seed2_fusion,0.01,32,10,1,0.04685464742878647
neural_fusion,neural_bidir_seed3_fusion,0.01,32,10,1,0.0444050516770425
neural_fusion,neural_bidir_seed4_fusion,0.01,32,10,1,0.0488714102971618
summary_ridge_fusion,none,0.01,36,10,1,0.04780035485407125
neural_fusion,neural_bidir_seed0_fusion,0.01,36,10,1,0.05332073715405439
neural_fusion,neural_bidir_seed1_fusion,0.01,36,10,1,0.05563634345036375
neural_fusion,neural_bidir_seed2_fusion,0.01,36,10,1,0.04517689018227542
neural_fusion,neural_bidir_seed3_fusion,0.01,36,10,1,0.042840648993609884
neural_fusion,neural_bidir_seed4_fusion,0.01,36,10,1,0.046688513814627214
summary_ridge_prior,none,0.01,0,10,2,0.05141893011083627
neural_prior,neural_bidir_seed0_prior,0.01,0,10,2,0.0672430173290195
neural_prior,neural_bidir_seed1_prior,0.01,0,10,2,0.07129360166436527
neural_prior,neural_bidir_seed2_prior,0.01,0,10,2,0.05209145226399414
neural_prior,neural_bidir_seed3_prior,0.01,0,10,2,0.04840810812311247
neural_prior,neural_bidir_seed4_prior,0.01,0,10,2,0.05333177279680967
dfe,none,0.01,32,10,2,0.09343515427858509
dfe,none,0.01,92,10,2,0.053692665590348465
summary_ridge_fusion,none,0.01,32,10,2,0.044140524462033925
neural_fusion,neural_bidir_seed0_fusion,0.01,32,10,2,0.053710883752848916
neural_fusion,neural_bidir_seed1_fusion,0.01,32,10,2,0.055755087936967554
neural_fusion,neural_bidir_seed2_fusion,0.01,32,10,2,0.044841550685155745
neural_fusion,neural_bidir_seed3_fusion,0.01,32,10,2,0.042444284773206595
neural_fusion,neural_bidir_seed4_fusion,0.01,32,10,2,0.04578293155574088
summary_ridge_fusion,none,0.01,36,10,2,0.04722171072613066
neural_fusion,neural_bidir_seed0_fusion,0.01,36,10,2,0.05340428725016689
neural_fusion,neural_bidir_seed1_fusion,0.01,36,10,2,0.05525939583838187
neural_fusion,neural_bidir_seed2_fusion,0.01,36,10,2,0.04550694954908551
neural_fusion,neural_bidir_seed3_fusion,0.01,36,10,2,0.043219313599533175
neural_fusion,neural_bidir_seed4_fusion,0.01,36,10,2,0.04623504387026509
summary_ridge_prior,none,0.01,0,10,3,0.055466121828935
neural_prior,neural_bidir_seed0_prior,0.01,0,10,3,0.06812678376445547
neural_prior,neural_bidir_seed1_prior,0.01,0,10,3,0.0731838594074361
neural_prior,neural_bidir_seed2_prior,0.01,0,10,3,0.05258269408659544
neural_prior,neural_bidir_seed3_prior,0.01,0,10,3,0.0492042097466765
neural_prior,neural_bidir_seed4_prior,0.01,0,10,3,0.05455977290694136
dfe,none,0.01,32,10,3,0.0900746572839456
dfe,none,0.01,92,10,3,0.052957883693062174
summary_ridge_fusion,none,0.01,32,10,3,0.04764783841372595
neural_fusion,neural_bidir_seed0_fusion,0.01,32,10,3,0.05430517824808534
neural_fusion,neural_bidir_seed1_fusion,0.01,32,10,3,0.05692623906970801
neural_fusion,neural_bidir_seed2_fusion,0.01,32,10,3,0.04581472494941004
neural_fusion,neural_bidir_seed3_fusion,0.01,32,10,3,0.043572818514120315
neural_fusion,neural_bidir_seed4_fusion,0.01,32,10,3,0.04705322294598875
summary_ridge_fusion,none,0.01,36,10,3,0.04669562679048143
neural_fusion,neural_bidir_seed0_fusion,0.01,36,10,3,0.053809294118580195
neural_fusion,neural_bidir_seed1_fusion,0.01,36,10,3,0.055524161307004584
neural_fusion,neural_bidir_seed2_fusion,0.01,36,10,3,0.045860026229623624
neural_fusion,neural_bidir_seed3_fusion,0.01,36,10,3,0.04363283097768997
neural_fusion,neural_bidir_seed4_fusion,0.01,36,10,3,0.04668575694050725
summary_ridge_prior,none,0.01,0,10,4,0.052532107387757376
neural_prior,neural_bidir_seed0_prior,0.01,0,10,4,0.0665022060420597
neural_prior,neural_bidir_seed1_prior,0.01,0,10,4,0.0710724452364957
neural_prior,neural_bidir_seed2_prior,0.01,0,10,4,0.051098489318974316
neural_prior,neural_bidir_seed3_prior,0.01,0,10,4,0.047364933634526096
neural_prior,neural_bidir_seed4_prior,0.01,0,10,4,0.052644153402070515
dfe,none,0.01,32,10,4,0.09218715496039116
dfe,none,0.01,92,10,4,0.05310835235906326
summary_ridge_fusion,none,0.01,32,10,4,0.04987377423778283
neural_fusion,neural_bidir_seed0_fusion,0.01,32,10,4,0.061263826344507735
neural_fusion,neural_bidir_seed1_fusion,0.01,32,10,4,0.0635597558781604
neural_fusion,neural_bidir_seed2_fusion,0.01,32,10,4,0.05088079124309518
neural_fusion,neural_bidir_seed3_fusion,0.01,32,10,4,0.047364933634526096
neural_fusion,neural_bidir_seed4_fusion,0.01,32,10,4,0.05115841827115951
summary_ridge_fusion,none,0.01,36,10,4,0.045395004038693364
neural_fusion,neural_bidir_seed0_fusion,0.01,36,10,4,0.051944665637866275
neural_fusion,neural_bidir_seed1_fusion,0.01,36,10,4,0.05402983360608145
neural_fusion,neural_bidir_seed2_fusion,0.01,36,10,4,0.044392481979500506
neural_fusion,neural_bidir_seed3_fusion,0.01,36,10,4,0.04227614483100803
neural_fusion,neural_bidir_seed4_fusion,0.01,36,10,4,0.045537045072862395
summary_ridge_prior,none,0.01,0,11,0,0.0435304594872792
neural_prior,neural_bidir_seed0_prior,0.01,0,11,0,0.06640365906059742
neural_prior,neural_bidir_seed1_prior,0.01,0,11,0,0.07109803121420555
neural_prior,neural_bidir_seed2_prior,0.01,0,11,0,0.051654620678164065
neural_prior,neural_bidir_seed3_prior,0.01,0,11,0,0.048453299488755874
neural_prior,neural_bidir_seed4_prior,0.01,0,11,0,0.053279400104656816
dfe,none,0.01,32,11,0,0.09147354153050577
dfe,none,0.01,92,11,0,0.054260388273535506
summary_ridge_fusion,none,0.01,32,11,0,0.042069339687302976
neural_fusion,neural_bidir_seed0_fusion,0.01,32,11,0,0.05294938722396551
neural_fusion,neural_bidir_seed1_fusion,0.01,32,11,0,0.05470912003629148
neural_fusion,neural_bidir_seed2_fusion,0.01,32,11,0,0.04463870570407161
neural_fusion,neural_bidir_seed3_fusion,0.01,32,11,0,0.042458812785614336
neural_fusion,neural_bidir_seed4_fusion,0.01,32,11,0,0.046018311004278535
summary_ridge_fusion,none,0.01,36,11,0,0.04080600729468724
neural_fusion,neural_bidir_seed0_fusion,0.01,36,11,0,0.05551555931601146
neural_fusion,neural_bidir_seed1_fusion,0.01,36,11,0,0.05856447782517507
neural_fusion,neural_bidir_seed2_fusion,0.01,36,11,0,0.04866632586925926
neural_fusion,neural_bidir_seed3_fusion,0.01,36,11,0,0.04712836729604493
neural_fusion,neural_bidir_seed4_fusion,0.01,36,11,0,0.051079931997055836
summary_ridge_prior,none,0.01,0,11,1,0.048988305552886593
neural_prior,neural_bidir_seed0_prior,0.01,0,11,1,0.06809412936854642
neural_prior,neural_bidir_seed1_prior,0.01,0,11,1,0.07318299471808132
neural_prior,neural_bidir_seed2_prior,0.01,0,11,1,0.051846502916305326
neural_prior,neural_bidir_seed3_prior,0.01,0,11,1,0.04797897061507683
neural_prior,neural_bidir_seed4_prior,0.01,0,11,1,0.0534075989125995
dfe,none,0.01,32,11,1,0.09195966513431439
dfe,none,0.01,92,11,1,0.05388459901089024
summary_ridge_fusion,none,0.01,32,11,1,0.043368898353658696
neural_fusion,neural_bidir_seed0_fusion,0.01,32,11,1,0.05639848964657207
neural_fusion,neural_bidir_seed1_fusion,0.01,32,11,1,0.05856342756325376
neural_fusion,neural_bidir_seed2_fusion,0.01,32,11,1,0.04635749521459887
neural_fusion,neural_bidir_seed3_fusion,0.01,32,11,1,0.043430526254919125
neural_fusion,neural_bidir_seed4_fusion,0.01,32,11,1,0.04696007616114681
summary_ridge_fusion,none,0.01,36,11,1,0.04513202491855249
neural_fusion,neural_bidir_seed0_fusion,0.01,36,11,1,0.05220427804291089
neural_fusion,neural_bidir_seed1_fusion,0.01,36,11,1,0.054406277096581884
neural_fusion,neural_bidir_seed2_fusion,0.01,36,11,1,0.044709365426748054
neural_fusion,neural_bidir_seed3_fusion,0.01,36,11,1,0.04247715604310392
neural_fusion,neural_bidir_seed4_fusion,0.01,36,11,1,0.045939875549984195
summary_ridge_prior,none,0.01,0,11,2,0.045132283324631844
neural_prior,neural_bidir_seed0_prior,0.01,0,11,2,0.07050376413099002
neural_prior,neural_bidir_seed1_prior,0.01,0,11,2,0.0745993477612501
neural_prior,neural_bidir_seed2_prior,0.01,0,11,2,0.05202092592662666
neural_prior,neural_bidir_seed3_prior,0.01,0,11,2,0.04728420590981841
neural_prior,neural_bidir_seed4_prior,0.01,0,11,2,0.0522439631895395
dfe,none,0.01,32,11,2,0.0924845870310976
dfe,none,0.01,92,11,2,0.05461674608603498
summary_ridge_fusion,none,0.01,32,11,2,0.040815565735336234
neural_fusion,neural_bidir_seed0_fusion,0.01,32,11,2,0.056112438683163235
neural_fusion,neural_bidir_seed1_fusion,0.01,32,11,2,0.05788837013461977
neural_fusion,neural_bidir_seed2_fusion,0.01,32,11,2,0.04562781796953723
neural_fusion,neural_bidir_seed3_fusion,0.01,32,11,2,0.04247729664060883
neural_fusion,neural_bidir_seed4_fusion,0.01,32,11,2,0.04559249037656255
summary_ridge_fusion,none,0.01,36,11,2,0.04074695572687932
neural_fusion,neural_bidir_seed0_fusion,0.01,36,11,2,0.054416633539744616
neural_fusion,neural_bidir_seed1_fusion,0.01,36,11,2,0.0557132626436031
neural_fusion,neural_bidir_seed2_fusion,0.01,36,11,2,0.044793166390304034
neural_fusion,neural_bidir_seed3_fusion,0.01,36,11,2,0.04174415449994055
neural_fusion,neural_bidir_seed4_fusion,0.01,36,11,2,0.04483488668304271
summary_ridge_prior,none,0.01,0,11,3,0.05163295204201509
neural_prior,neural_bidir_seed0_prior,0.01,0,11,3,0.06847768080479
neural_prior,neural_bidir_seed1_prior,0.01,0,11,3,0.07353436891571619
neural_prior,neural_bidir_seed2_prior,0.01,0,11,3,0.05167446957784705
neural_prior,neural_bidir_seed3_prior,0.01,0,11,3,0.04734740739513654
neural_prior,neural_bidir_seed4_prior,0.01,0,11,3,0.052927220094716176
dfe,none,0.01,32,11,3,0.09114608216018556
dfe,none,0.01,92,11,3,0.053823280523629675
summary_ridge_fusion,none,0.01,32,11,3,0.04513917012071734
neural_fusion,neural_bidir_seed0_fusion,0.01,32,11,3,0.05441952712261811
neural_fusion,neural_bidir_seed1_fusion,0.01,32,11,3,0.05662455911574505
neural_fusion,neural_bidir_seed2_fusion,0.01,32,11,3,0.04577311739384614
neural_fusion,neural_bidir_seed3_fusion,0.01,32,11,3,0.0428084592043176
neural_fusion,neural_bidir_seed4_fusion,0.01,32,11,3,0.047057363571939285
summary_ridge_fusion,none,0.01,36,11,3,0.044058350962683374
neural_fusion,neural_bidir_seed0_fusion,0.01,36,11,3,0.05204428990199479
neural_fusion,neural_bidir_seed1_fusion,0.01,36,11,3,0.05414556931528107
neural_fusion,neural_bidir_seed2_fusion,0.01,36,11,3,0.043716567996919975
neural_fusion,neural_bidir_seed3_fusion,0.01,36,11,3,0.041290567385565094
neural_fusion,neural_bidir_seed4_fusion,0.01,36,11,3,0.04465737457895762
summary_ridge_prior,none,0.01,0,11,4,0.05018441713003806
neural_prior,neural_bidir_seed0_prior,0.01,0,11,4,0.06546957237878814
neural_prior,neural_bidir_seed1_prior,0.01,0,11,4,0.06969650971586816
neural_prior,neural_bidir_seed2_prior,0.01,0,11,4,0.05140663807105739
neural_prior,neural_bidir_seed3_prior,0.01,0,11,4,0.047899045574013144
neural_prior,neural_bidir_seed4_prior,0.01,0,11,4,0.05238700668269303
dfe,none,0.01,32,11,4,0.09077061539266285
dfe,none,0.01,92,11,4,0.05406331521679224
summary_ridge_fusion,none,0.01,32,11,4,0.05018441713003806
neural_fusion,neural_bidir_seed0_fusion,0.01,32,11,4,0.0540384590168191
neural_fusion,neural_bidir_seed1_fusion,0.01,32,11,4,0.05576049724342951
neural_fusion,neural_bidir_seed2_fusion,0.01,32,11,4,0.04729948785842549
neural_fusion,neural_bidir_seed3_fusion,0.01,32,11,4,0.046108028144122126
neural_fusion,neural_bidir_seed4_fusion,0.01,32,11,4,0.049185796981008695
summary_ridge_fusion,none,0.01,36,11,4,0.04792270222277419
neural_fusion,neural_bidir_seed0_fusion,0.01,36,11,4,0.054998758572250464
neural_fusion,neural_bidir_seed1_fusion,0.01,36,11,4,0.056703103046471345
neural_fusion,neural_bidir_seed2_fusion,0.01,36,11,4,0.049292180895558785
neural_fusion,neural_bidir_seed3_fusion,0.01,36,11,4,0.046941920158707226
neural_fusion,neural_bidir_seed4_fusion,0.01,36,11,4,0.04924822852213133
summary_ridge_prior,none,0.01,0,12,0,0.050843624783239394
neural_prior,neural_bidir_seed0_prior,0.01,0,12,0,0.0665514067368349
neural_prior,neural_bidir_seed1_prior,0.01,0,12,0,0.07081769517390057
neural_prior,neural_bidir_seed2_prior,0.01,0,12,0,0.05177740017825272
neural_prior,neural_bidir_seed3_prior,0.01,0,12,0,0.04844899040472228
neural_prior,neural_bidir_seed4_prior,0.01,0,12,0,0.05373838616651483
dfe,none,0.01,32,12,0,0.0933321385367593
dfe,none,0.01,92,12,0,0.054807249710892236
summary_ridge_fusion,none,0.01,32,12,0,0.045300505559010426
neural_fusion,neural_bidir_seed0_fusion,0.01,32,12,0,0.05264573121070479
neural_fusion,neural_bidir_seed1_fusion,0.01,32,12,0,0.05478605715236766
neural_fusion,neural_bidir_seed2_fusion,0.01,32,12,0,0.044566348253443425
neural_fusion,neural_bidir_seed3_fusion,0.01,32,12,0,0.04250636146158865
neural_fusion,neural_bidir_seed4_fusion,0.01,32,12,0,0.04590357512251579
summary_ridge_fusion,none,0.01,36,12,0,0.04480290058092631
neural_fusion,neural_bidir_seed0_fusion,0.01,36,12,0,0.053155663352711394
neural_fusion,neural_bidir_seed1_fusion,0.01,36,12,0,0.05490446694909257
neural_fusion,neural_bidir_seed2_fusion,0.01,36,12,0,0.04495081132942638
neural_fusion,neural_bidir_seed3_fusion,0.01,36,12,0,0.0428679033876249
neural_fusion,neural_bidir_seed4_fusion,0.01,36,12,0,0.046297897233953805
summary_ridge_prior,none,0.01,0,12,1,0.05279599406071991
neural_prior,neural_bidir_seed0_prior,0.01,0,12,1,0.06767865185975097
neural_prior,neural_bidir_seed1_prior,0.01,0,12,1,0.07212445168988779
neural_prior,neural_bidir_seed2_prior,0.01,0,12,1,0.05328789268969558
neural_prior,neural_bidir_seed3_prior,0.01,0,12,1,0.050095658836653456
neural_prior,neural_bidir_seed4_prior,0.01,0,12,1,0.05527730150788557
dfe,none,0.01,32,12,1,0.09274752106824684
dfe,none,0.01,92,12,1,0.0543616419160809
summary_ridge_fusion,none,0.01,32,12,1,0.04543031885924227
neural_fusion,neural_bidir_seed0_fusion,0.01,32,12,1,0.05365422616926923
neural_fusion,neural_bidir_seed1_fusion,0.01,32,12,1,0.05567295406072493
neural_fusion,neural_bidir_seed2_fusion,0.01,32,12,1,0.04643077293834007
neural_fusion,neural_bidir_seed3_fusion,0.01,32,12,1,0.04454888628768262
neural_fusion,neural_bidir_seed4_fusion,0.01,32,12,1,0.047749170207994296
summary_ridge_fusion,none,0.01,36,12,1,0.046366589041002534
neural_fusion,neural_bidir_seed0_fusion,0.01,36,12,1,0.052363547679395314
neural_fusion,neural_bidir_seed1_fusion,0.01,36,12,1,0.05407015969866562
neural_fusion,neural_bidir_seed2_fusion,0.01,36,12,1,0.045134245295692904
neural_fusion,neural_bidir_seed3_fusion,0.01,36,12,1,0.04321544687951495
neural_fusion,neural_bidir_seed4_fusion,0.01,36,12,1,0.046550218607145
summary_ridge_prior,none,0.01,0,12,2,0.04889248948795174
neural_prior,neural_bidir_seed0_prior,0.01,0,12,2,0.0658979933214141
neural_prior,neural_bidir_seed1_prior,0.01,0,12,2,0.07003095996333286
neural_prior,neural_bidir_seed2_prior,0.01,0,12,2,0.05100672219123226
neural_prior,neural_bidir_seed3_prior,0.01,0,12,2,0.04750624799635261
neural_prior,neural_bidir_seed4_prior,0.01,0,12,2,0.05263075546827167
dfe,none,0.01,32,12,2,0.09178361869945212
dfe,none,0.01,92,12,2,0.053934113031002553
summary_ridge_fusion,none,0.01,32,12,2,0.04301823625233335
neural_fusion,neural_bidir_seed0_fusion,0.01,32,12,2,0.0528999667088627
neural_fusion,neural_bidir_seed1_fusion,0.01,32,12,2,0.05476903161731695
neural_fusion,neural_bidir_seed2_fusion,0.01,32,12,2,0.0445878559714634
neural_fusion,neural_bidir_seed3_fusion,0.01,32,12,2,0.042405978717789755
neural_fusion,neural_bidir_seed4_fusion,0.01,32,12,2,0.045612295988177926
summary_ridge_fusion,none,0.01,36,12,2,0.0430192054835795
neural_fusion,neural_bidir_seed0_fusion,0.01,36,12,2,0.051334349031705945
neural_fusion,neural_bidir_seed1_fusion,0.01,36,12,2,0.05316764789574928
neural_fusion,neural_bidir_seed2_fusion,0.01,36,12,2,0.04362613963547818
neural_fusion,neural_bidir_seed3_fusion,0.01,36,12,2,0.04153688108100475
neural_fusion,neural_bidir_seed4_fusion,0.01,36,12,2,0.044753234698302044
summary_ridge_prior,none,0.01,0,12,3,0.05318845201303987
neural_prior,neural_bidir_seed0_prior,0.01,0,12,3,0.06597929639974609
neural_prior,neural_bidir_seed1_prior,0.01,0,12,3,0.07003790365706664
neural_prior,neural_bidir_seed2_prior,0.01,0,12,3,0.050906694421428256
neural_prior,neural_bidir_seed3_prior,0.01,0,12,3,0.04748833981284406
neural_prior,neural_bidir_seed4_prior,0.01,0,12,3,0.053045643886434846
dfe,none,0.01,32,12,3,0.09122409004095385
dfe,none,0.01,92,12,3,0.053686596081332055
summary_ridge_fusion,none,0.01,32,12,3,0.04547485342353207
neural_fusion,neural_bidir_seed0_fusion,0.01,32,12,3,0.052206835582401426
neural_fusion,neural_bidir_seed1_fusion,0.01,32,12,3,0.054116626324715984
neural_fusion,neural_bidir_seed2_fusion,0.01,32,12,3,0.04392539806547513
neural_fusion,neural_bidir_seed3_fusion,0.01,32,12,3,0.041988822993134195
neural_fusion,neural_bidir_seed4_fusion,0.01,32,12,3,0.04582565336635437
summary_ridge_fusion,none,0.01,36,12,3,0.04557289785893628
neural_fusion,neural_bidir_seed0_fusion,0.01,36,12,3,0.05063547789800626
neural_fusion,neural_bidir_seed1_fusion,0.01,36,12,3,0.052508921111352025
neural_fusion,neural_bidir_seed2_fusion,0.01,36,12,3,0.04312883527108512
neural_fusion,neural_bidir_seed3_fusion,0.01,36,12,3,0.041171322639960845
neural_fusion,neural_bidir_seed4_fusion,0.01,36,12,3,0.04465606336022021
summary_ridge_prior,none,0.01,0,12,4,0.04925785743189942
neural_prior,neural_bidir_seed0_prior,0.01,0,12,4,0.06625562311091926
neural_prior,neural_bidir_seed1_prior,0.01,0,12,4,0.06979397722170688
neural_prior,neural_bidir_seed2_prior,0.01,0,12,4,0.05249364997143857
neural_prior,neural_bidir_seed3_prior,0.01,0,12,4,0.048756192409200594
neural_prior,neural_bidir_seed4_prior,0.01,0,12,4,0.053029945614980534
dfe,none,0.01,32,12,4,0.09316371905032964
dfe,none,0.01,92,12,4,0.05395601234990413
summary_ridge_fusion,none,0.01,32,12,4,0.04337738851755825
neural_fusion,neural_bidir_seed0_fusion,0.01,32,12,4,0.05475144299715176
neural_fusion,neural_bidir_seed1_fusion,0.01,32,12,4,0.0565853134196322
neural_fusion,neural_bidir_seed2_fusion,0.01,32,12,4,0.045954375251644516
neural_fusion,neural_bidir_seed3_fusion,0.01,32,12,4,0.043345839914339795
neural_fusion,neural_bidir_seed4_fusion,0.01,32,12,4,0.04611532502248075
summary_ridge_fusion,none,0.01,36,12,4,0.04168236786237146
neural_fusion,neural_bidir_seed0_fusion,0.01,36,12,4,0.05129240604310475
neural_fusion,neural_bidir_seed1_fusion,0.01,36,12,4,0.05291244682637682
neural_fusion,neural_bidir_seed2_fusion,0.01,36,12,4,0.04394019451075744
neural_fusion,neural_bidir_seed3_fusion,0.01,36,12,4,0.04191986525848336
neural_fusion,neural_bidir_seed4_fusion,0.01,36,12,4,0.044469970525996626
summary_ridge_prior,none,0.01,0,13,0,0.04882327363472544
neural_prior,neural_bidir_seed0_prior,0.01,0,13,0,0.06589851474564057
neural_prior,neural_bidir_seed1_prior,0.01,0,13,0,0.07021912596246693
neural_prior,neural_bidir_seed2_prior,0.01,0,13,0,0.053132993867620826
neural_prior,neural_bidir_seed3_prior,0.01,0,13,0,0.049629654007731006
neural_prior,neural_bidir_seed4_prior,0.01,0,13,0,0.055094880488468334
dfe,none,0.01,32,13,0,0.09265698311305717
dfe,none,0.01,92,13,0,0.05422660932637093
summary_ridge_fusion,none,0.01,32,13,0,0.04396241825131754
neural_fusion,neural_bidir_seed0_fusion,0.01,32,13,0,0.05349934189826021
neural_fusion,neural_bidir_seed1_fusion,0.01,32,13,0,0.055461452786753865
neural_fusion,neural_bidir_seed2_fusion,0.01,32,13,0,0.04697168891000737
neural_fusion,neural_bidir_seed3_fusion,0.01,32,13,0,0.04466274345273148
neural_fusion,neural_bidir_seed4_fusion,0.01,32,13,0,0.047925060746577965
summary_ridge_fusion,none,0.01,36,13,0,0.04958357596133721
neural_fusion,neural_bidir_seed0_fusion,0.01,36,13,0,0.05349903576656792
neural_fusion,neural_bidir_seed1_fusion,0.01,36,13,0,0.05553268869924073
neural_fusion,neural_bidir_seed2_fusion,0.01,36,13,0,0.04847057738142942
neural_fusion,neural_bidir_seed3_fusion,0.01,36,13,0,0.04620765810441477
neural_fusion,neural_bidir_seed4_fusion,0.01,36,13,0,0.04939514709951191
summary_ridge_prior,none,0.01,0,13,1,0.04678035844916316
neural_prior,neural_bidir_seed0_prior,0.01,0,13,1,0.06900025585491676
neural_prior,neural_bidir_seed1_prior,0.01,0,13,1,0.07418992961174808
neural_prior,neural_bidir_seed2_prior,0.01,0,13,1,0.054482667954289354
neural_prior,neural_bidir_seed3_prior,0.01,0,13,1,0.05032344229402952
neural_prior,neural_bidir_seed4_prior,0.01,0,13,1,0.05568459679489024
dfe,none,0.01,32,13,1,0.09409903050482932
dfe,none,0.01,92,13,1,0.05398001188186172
summary_ridge_fusion,none,0.01,32,13,1,0.04385767853392431
neural_fusion,neural_bidir_seed0_fusion,0.01,32,13,1,0.05803776838459293
neural_fusion,neural_bidir_seed1_fusion,0.01,32,13,1,0.06068151856969527
neural_fusion,neural_bidir_seed2_fusion,0.01,32,13,1,0.049111230738964076
neural_fusion,neural_bidir_seed3_fusion,0.01,32,13,1,0.046353522577487795
neural_fusion,neural_bidir_seed4_fusion,0.01,32,13,1,0.05018980160330651
summary_ridge_fusion,none,0.01,36,13,1,0.04527523488178238
neural_fusion,neural_bidir_seed0_fusion,0.01,36,13,1,0.05399077555599114
neural_fusion,neural_bidir_seed1_fusion,0.01,36,13,1,0.05568933541376094
neural_fusion,neural_bidir_seed2_fusion,0.01,36,13,1,0.04813125839510691
neural_fusion,neural_bidir_seed3_fusion,0.01,36,13,1,0.04614899661767834
neural_fusion,neural_bidir_seed4_fusion,0.01,36,13,1,0.04895740648818253
summary_ridge_prior,none,0.01,0,13,2,0.04446246274454329
neural_prior,neural_bidir_seed0_prior,0.01,0,13,2,0.0676598472346086
neural_prior,neural_bidir_seed1_prior,0.01,0,13,2,0.07298485944920685
neural_prior,neural_bidir_seed2_prior,0.01,0,13,2,0.05236589060223196
neural_prior,neural_bidir_seed3_prior,0.01,0,13,2,0.048323798953788355
neural_prior,neural_bidir_seed4_prior,0.01,0,13,2,0.0536245782423066
dfe,none,0.01,32,13,2,0.09195579720835668
dfe,none,0.01,92,13,2,0.05455065809506807
summary_ridge_fusion,none,0.01,32,13,2,0.04246845092219695
neural_fusion,neural_bidir_seed0_fusion,0.01,32,13,2,0.05432607442590198
neural_fusion,neural_bidir_seed1_fusion,0.01,32,13,2,0.056698496578179894
neural_fusion,neural_bidir_seed2_fusion,0.01,32,13,2,0.046848499900487846
neural_fusion,neural_bidir_seed3_fusion,0.01,32,13,2,0.04422408314326918
neural_fusion,neural_bidir_seed4_fusion,0.01,32,13,2,0.04717721923209417
summary_ridge_fusion,none,0.01,36,13,2,0.040015200008233984
neural_fusion,neural_bidir_seed0_fusion,0.01,36,13,2,0.05195435861968998
neural_fusion,neural_bidir_seed1_fusion,0.01,36,13,2,0.05410587806740092
neural_fusion,neural_bidir_seed2_fusion,0.01,36,13,2,0.04455253034322075
neural_fusion,neural_bidir_seed3_fusion,0.01,36,13,2,0.042181649059881594
neural_fusion,neural_bidir_seed4_fusion,0.01,36,13,2,0.04542337476546404
summary_ridge_prior,none,0.01,0,13,3,0.04320002901939109
neural_prior,neural_bidir_seed0_prior,0.01,0,13,3,0.06553155869187322
neural_prior,neural_bidir_seed1_prior,0.01,0,13,3,0.06987157235562336
neural_prior,neural_bidir_seed2_prior,0.01,0,13,3,0.050734364544041455
neural_prior,neural_bidir_seed3_prior,0.01,0,13,3,0.04686212174419779
neural_prior,neural_bidir_seed4_prior,0.01,0,13,3,0.051909895133576356
dfe,none,0.01,32,13,3,0.09232845859672721
dfe,none,0.01,92,13,3,0.05510144929512015
summary_ridge_fusion,none,0.01,32,13,3,0.0390636977456399
neural_fusion,neural_bidir_seed0_fusion,0.01,32,13,3,0.05306840798638281
neural_fusion,neural_bidir_seed1_fusion,0.01,32,13,3,0.05509521301439474
neural_fusion,neural_bidir_seed2_fusion,0.01,32,13,3,0.04469915411625888
neural_fusion,neural_bidir_seed3_fusion,0.01,32,13,3,0.04232852148092491
neural_fusion,neural_bidir_seed4_fusion,0.01,32,13,3,0.045749808835543734
summary_ridge_fusion,none,0.01,36,13,3,0.038488943638528866
neural_fusion,neural_bidir_seed0_fusion,0.01,36,13,3,0.05189514399551065
neural_fusion,neural_bidir_seed1_fusion,0.01,36,13,3,0.05386325243946307
neural_fusion,neural_bidir_seed2_fusion,0.01,36,13,3,0.044647185828686126
neural_fusion,neural_bidir_seed3_fusion,0.01,36,13,3,0.04238285606332064
neural_fusion,neural_bidir_seed4_fusion,0.01,36,13,3,0.04573700642371386
summary_ridge_prior,none,0.01,0,13,4,0.049210743580589994
neural_prior,neural_bidir_seed0_prior,0.01,0,13,4,0.06755286401312333
neural_prior,neural_bidir_seed1_prior,0.01,0,13,4,0.07216926153341774
neural_prior,neural_bidir_seed2_prior,0.01,0,13,4,0.05315229622647166
neural_prior,neural_bidir_seed3_prior,0.01,0,13,4,0.04891001241048798
neural_prior,neural_bidir_seed4_prior,0.01,0,13,4,0.054169311551959254
dfe,none,0.01,32,13,4,0.09201321225536249
dfe,none,0.01,92,13,4,0.05384943771409932
summary_ridge_fusion,none,0.01,32,13,4,0.04372309620425972
neural_fusion,neural_bidir_seed0_fusion,0.01,32,13,4,0.05377934604941534
neural_fusion,neural_bidir_seed1_fusion,0.01,32,13,4,0.05559838086654149
neural_fusion,neural_bidir_seed2_fusion,0.01,32,13,4,0.046289754668264245
neural_fusion,neural_bidir_seed3_fusion,0.01,32,13,4,0.043816353309015635
neural_fusion,neural_bidir_seed4_fusion,0.01,32,13,4,0.047005637351133014
summary_ridge_fusion,none,0.01,36,13,4,0.04355005665818701
neural_fusion,neural_bidir_seed0_fusion,0.01,36,13,4,0.052485613634162445
neural_fusion,neural_bidir_seed1_fusion,0.01,36,13,4,0.054661537654237716
neural_fusion,neural_bidir_seed2_fusion,0.01,36,13,4,0.04541797296604501
neural_fusion,neural_bidir_seed3_fusion,0.01,36,13,4,0.04315842505628561
neural_fusion,neural_bidir_seed4_fusion,0.01,36,13,4,0.04691676315920412
summary_ridge_prior,none,0.01,0,14,0,0.05387364759217481
neural_prior,neural_bidir_seed0_prior,0.01,0,14,0,0.06907042155216914
neural_prior,neural_bidir_seed1_prior,0.01,0,14,0,0.07450624697958119
neural_prior,neural_bidir_seed2_prior,0.01,0,14,0,0.0554935291147558
neural_prior,neural_bidir_seed3_prior,0.01,0,14,0,0.05253300727054011
neural_prior,neural_bidir_seed4_prior,0.01,0,14,0,0.05921911085897591
dfe,none,0.01,32,14,0,0.09354705094255711
dfe,none,0.01,92,14,0,0.054425141400851904
summary_ridge_fusion,none,0.01,32,14,0,0.05134436981548114
neural_fusion,neural_bidir_seed0_fusion,0.01,32,14,0,0.054647016989134906
neural_fusion,neural_bidir_seed1_fusion,0.01,32,14,0,0.05727086785676387
neural_fusion,neural_bidir_seed2_fusion,0.01,32,14,0,0.04935720358928863
neural_fusion,neural_bidir_seed3_fusion,0.01,32,14,0,0.048663560723713875
neural_fusion,neural_bidir_seed4_fusion,0.01,32,14,0,0.05270822358879572
summary_ridge_fusion,none,0.01,36,14,0,0.049929214329539756
neural_fusion,neural_bidir_seed0_fusion,0.01,36,14,0,0.05337805368908531
neural_fusion,neural_bidir_seed1_fusion,0.01,36,14,0,0.05551939810916522
neural_fusion,neural_bidir_seed2_fusion,0.01,36,14,0,0.048656843038263356
neural_fusion,neural_bidir_seed3_fusion,0.01,36,14,0,0.04808450031108888
neural_fusion,neural_bidir_seed4_fusion,0.01,36,14,0,0.05156647151536718
summary_ridge_prior,none,0.01,0,14,1,0.04491939764811937
neural_prior,neural_bidir_seed0_prior,0.01,0,14,1,0.06837349508714397
neural_prior,neural_bidir_seed1_prior,0.01,0,14,1,0.07414119080931414
neural_prior,neural_bidir_seed2_prior,0.01,0,14,1,0.05328473473491613
neural_prior,neural_bidir_seed3_prior,0.01,0,14,1,0.04964793028193526
neural_prior,neural_bidir_seed4_prior,0.01,0,14,1,0.05454634081979748
dfe,none,0.01,32,14,1,0.09128316363237357
dfe,none,0.01,92,14,1,0.05377306311087687
summary_ridge_fusion,none,0.01,32,14,1,0.04737520816865252
neural_fusion,neural_bidir_seed0_fusion,0.01,32,14,1,0.056603428607428785
neural_fusion,neural_bidir_seed1_fusion,0.01,32,14,1,0.05892970426686277
neural_fusion,neural_bidir_seed2_fusion,0.01,32,14,1,0.05004249628445648
neural_fusion,neural_bidir_seed3_fusion,0.01,32,14,1,0.047652461054748005
neural_fusion,neural_bidir_seed4_fusion,0.01,32,14,1,0.05117977550362362
summary_ridge_fusion,none,0.01,36,14,1,0.045776394724927005
neural_fusion,neural_bidir_seed0_fusion,0.01,36,14,1,0.05452673158026352
neural_fusion,neural_bidir_seed1_fusion,0.01,36,14,1,0.05734927616933831
neural_fusion,neural_bidir_seed2_fusion,0.01,36,14,1,0.04722698744420699
neural_fusion,neural_bidir_seed3_fusion,0.01,36,14,1,0.04476344785783368
neural_fusion,neural_bidir_seed4_fusion,0.01,36,14,1,0.04815693153014684
summary_ridge_prior,none,0.01,0,14,2,0.0440320103831314
neural_prior,neural_bidir_seed0_prior,0.01,0,14,2,0.0685842076636618
neural_prior,neural_bidir_seed1_prior,0.01,0,14,2,0.07376670648227446
neural_prior,neural_bidir_seed2_prior,0.01,0,14,2,0.05194275450776331
neural_prior,neural_bidir_seed3_prior,0.01,0,14,2,0.04763193870894611
neural_prior,neural_bidir_seed4_prior,0.01,0,14,2,0.05352742172544822
dfe,none,0.01,32,14,2,0.09260767325321567
dfe,none,0.01,92,14,2,0.054216624753869055
summary_ridge_fusion,none,0.01,32,14,2,0.04098596997954964
neural_fusion,neural_bidir_seed0_fusion,0.01,32,14,2,0.053537900269286606
neural_fusion,neural_bidir_seed1_fusion,0.01,32,14,2,0.05567153355434756
neural_fusion,neural_bidir_seed2_fusion,0.01,32,14,2,0.04537407154701861
neural_fusion,neural_bidir_seed3_fusion,0.01,32,14,2,0.04319829179603299
neural_fusion,neural_bidir_seed4_fusion,0.01,32,14,2,0.04689420887419271
summary_ridge_fusion,none,0.01,36,14,2,0.04156855517378629
neural_fusion,neural_bidir_seed0_fusion,0.01,36,14,2,0.05432057098002531
neural_fusion,neural_bidir_seed1_fusion,0.01,36,14,2,0.05653220016114547
neural_fusion,neural_bidir_seed2_fusion,0.01,36,14,2,0.04630277129673948
neural_fusion,neural_bidir_seed3_fusion,0.01,36,14,2,0.044108690285643806
neural_fusion,neural_bidir_seed4_fusion,0.01,36,14,2,0.048078976080470744
summary_ridge_prior,none,0.01,0,14,3,0.04959846960724813
neural_prior,neural_bidir_seed0_prior,0.01,0,14,3,0.0671047478535911
neural_prior,neural_bidir_seed1_prior,0.01,0,14,3,0.07216724523459561
neural_prior,neural_bidir_seed2_prior,0.01,0,14,3,0.0518846068152925
neural_prior,neural_bidir_seed3_prior,0.01,0,14,3,0.048286769932019524
neural_prior,neural_bidir_seed4_prior,0.01,0,14,3,0.05428994508110918
dfe,none,0.01,32,14,3,0.09112474264656731
dfe,none,0.01,92,14,3,0.053314796856385765
summary_ridge_fusion,none,0.01,32,14,3,0.04324455036070726
neural_fusion,neural_bidir_seed0_fusion,0.01,32,14,3,0.05298035407652817
neural_fusion,neural_bidir_seed1_fusion,0.01,32,14,3,0.055297200078908794
neural_fusion,neural_bidir_seed2_fusion,0.01,32,14,3,0.045264989931533016
neural_fusion,neural_bidir_seed3_fusion,0.01,32,14,3,0.04325143529747745
neural_fusion,neural_bidir_seed4_fusion,0.01,32,14,3,0.047518243962126894
summary_ridge_fusion,none,0.01,36,14,3,0.04354001328545122
neural_fusion,neural_bidir_seed0_fusion,0.01,36,14,3,0.052737887798780234
neural_fusion,neural_bidir_seed1_fusion,0.01,36,14,3,0.05494193795135982
neural_fusion,neural_bidir_seed2_fusion,0.01,36,14,3,0.04537141866855314
neural_fusion,neural_bidir_seed3_fusion,0.01,36,14,3,0.04334027139392256
neural_fusion,neural_bidir_seed4_fusion,0.01,36,14,3,0.04716771677167443
summary_ridge_prior,none,0.01,0,14,4,0.045934823426910756
neural_prior,neural_bidir_seed0_prior,0.01,0,14,4,0.07066510849108454
neural_prior,neural_bidir_seed1_prior,0.01,0,14,4,0.07718150674190838
neural_prior,neural_bidir_seed2_prior,0.01,0,14,4,0.055110182089265436
neural_prior,neural_bidir_seed3_prior,0.01,0,14,4,0.050318595007411204
neural_prior,neural_bidir_seed4_prior,0.01,0,14,4,0.056356722430791706
dfe,none,0.01,32,14,4,0.09131899651462655
dfe,none,0.01,92,14,4,0.05559248096532598
summary_ridge_fusion,none,0.01,32,14,4,0.04350448167343042
neural_fusion,neural_bidir_seed0_fusion,0.01,32,14,4,0.054989969390515245
neural_fusion,neural_bidir_seed1_fusion,0.01,32,14,4,0.05783206956097352
neural_fusion,neural_bidir_seed2_fusion,0.01,32,14,4,0.04782186560803406
neural_fusion,neural_bidir_seed3_fusion,0.01,32,14,4,0.0451043191658915
neural_fusion,neural_bidir_seed4_fusion,0.01,32,14,4,0.048739991828964005
summary_ridge_fusion,none,0.01,36,14,4,0.041988002038430984
neural_fusion,neural_bidir_seed0_fusion,0.01,36,14,4,0.05389782368979518
neural_fusion,neural_bidir_seed1_fusion,0.01,36,14,4,0.056521411933609905
neural_fusion,neural_bidir_seed2_fusion,0.01,36,14,4,0.04663307402134127
neural_fusion,neural_bidir_seed3_fusion,0.01,36,14,4,0.044005241075130375
neural_fusion,neural_bidir_seed4_fusion,0.01,36,14,4,0.04747634597021644
summary_ridge_prior,none,0.01,0,15,0,0.051848863964256295
neural_prior,neural_bidir_seed0_prior,0.01,0,15,0,0.07289491535630077
neural_prior,neural_bidir_seed1_prior,0.01,0,15,0,0.07802179796271957
neural_prior,neural_bidir_seed2_prior,0.01,0,15,0,0.05562330411339644
neural_prior,neural_bidir_seed3_prior,0.01,0,15,0,0.050494455921580084
neural_prior,neural_bidir_seed4_prior,0.01,0,15,0,0.056170450945501216
dfe,none,0.01,32,15,0,0.09133635804782611
dfe,none,0.01,92,15,0,0.05452326674329752
summary_ridge_fusion,none,0.01,32,15,0,0.04543448179445232
neural_fusion,neural_bidir_seed0_fusion,0.01,32,15,0,0.05755818422376021
neural_fusion,neural_bidir_seed1_fusion,0.01,32,15,0,0.05940093983933856
neural_fusion,neural_bidir_seed2_fusion,0.01,32,15,0,0.04925194262844034
neural_fusion,neural_bidir_seed3_fusion,0.01,32,15,0,0.04559453512556459
neural_fusion,neural_bidir_seed4_fusion,0.01,32,15,0,0.04922963638661497
summary_ridge_fusion,none,0.01,36,15,0,0.04403392993375961
neural_fusion,neural_bidir_seed0_fusion,0.01,36,15,0,0.05475449042713171
neural_fusion,neural_bidir_seed1_fusion,0.01,36,15,0,0.056231698339964734
neural_fusion,neural_bidir_seed2_fusion,0.01,36,15,0,0.04649832965347094
neural_fusion,neural_bidir_seed3_fusion,0.01,36,15,0,0.04350028876180426
neural_fusion,neural_bidir_seed4_fusion,0.01,36,15,0,0.04655061869525231
summary_ridge_prior,none,0.01,0,15,1,0.04825560860121188
neural_prior,neural_bidir_seed0_prior,0.01,0,15,1,0.06696839327923954
neural_prior,neural_bidir_seed1_prior,0.01,0,15,1,0.07167923232191242
neural_prior,neural_bidir_seed2_prior,0.01,0,15,1,0.05092904878256377
neural_prior,neural_bidir_seed3_prior,0.01,0,15,1,0.046945680762291886
neural_prior,neural_bidir_seed4_prior,0.01,0,15,1,0.05230531551933382
dfe,none,0.01,32,15,1,0.09186685721099236
dfe,none,0.01,92,15,1,0.05377319768829816
summary_ridge_fusion,none,0.01,32,15,1,0.04258427441828802
neural_fusion,neural_bidir_seed0_fusion,0.01,32,15,1,0.05246469661174582
neural_fusion,neural_bidir_seed1_fusion,0.01,32,15,1,0.05447088743773118
neural_fusion,neural_bidir_seed2_fusion,0.01,32,15,1,0.04406265317515977
neural_fusion,neural_bidir_seed3_fusion,0.01,32,15,1,0.041692758383667705
neural_fusion,neural_bidir_seed4_fusion,0.01,32,15,1,0.045390502410314164
summary_ridge_fusion,none,0.01,36,15,1,0.042514032558378004
neural_fusion,neural_bidir_seed0_fusion,0.01,36,15,1,0.0557958442629394
neural_fusion,neural_bidir_seed1_fusion,0.01,36,15,1,0.05793192837021934
neural_fusion,neural_bidir_seed2_fusion,0.01,36,15,1,0.045444820886215806
neural_fusion,neural_bidir_seed3_fusion,0.01,36,15,1,0.042214535874386866
neural_fusion,neural_bidir_seed4_fusion,0.01,36,15,1,0.045794037519183026
summary_ridge_prior,none,0.01,0,15,2,0.048884952974494286
neural_prior,neural_bidir_seed0_prior,0.01,0,15,2,0.07191750209312886
neural_prior,neural_bidir_seed1_prior,0.01,0,15,2,0.0769220646325266
neural_prior,neural_bidir_seed2_prior,0.01,0,15,2,0.053885320769040845
neural_prior,neural_bidir_seed3_prior,0.01,0,15,2,0.048955827704048716
neural_prior,neural_bidir_seed4_prior,0.01,0,15,2,0.054368335026083514
dfe,none,0.01,32,15,2,0.09196643697181917
dfe,none,0.01,92,15,2,0.05317391827308468
summary_ridge_fusion,none,0.01,32,15,2,0.04446316284723491
neural_fusion,neural_bidir_seed0_fusion,0.01,32,15,2,0.058703940475034896
neural_fusion,neural_bidir_seed1_fusion,0.01,32,15,2,0.06067233268925826
neural_fusion,neural_bidir_seed2_fusion,0.01,32,15,2,0.04786077603760834
neural_fusion,neural_bidir_seed3_fusion,0.01,32,15,2,0.04443862464573026
neural_fusion,neural_bidir_seed4_fusion,0.01,32,15,2,0.047740357365172285
summary_ridge_fusion,none,0.01,36,15,2,0.04322683485767404
neural_fusion,neural_bidir_seed0_fusion,0.01,36,15,2,0.05495486103824085
neural_fusion,neural_bidir_seed1_fusion,0.01,36,15,2,0.05652090855868143
neural_fusion,neural_bidir_seed2_fusion,0.01,36,15,2,0.04637717464374153
neural_fusion,neural_bidir_seed3_fusion,0.01,36,15,2,0.043281411784997045
neural_fusion,neural_bidir_seed4_fusion,0.01,36,15,2,0.04632550573455814
summary_ridge_prior,none,0.01,0,15,3,0.05145029416599917
neural_prior,neural_bidir_seed0_prior,0.01,0,15,3,0.06641297542955726
neural_prior,neural_bidir_seed1_prior,0.01,0,15,3,0.07077590994595084
neural_prior,neural_bidir_seed2_prior,0.01,0,15,3,0.05065518141782377
neural_prior,neural_bidir_seed3_prior,0.01,0,15,3,0.047010385678731836
neural_prior,neural_bidir_seed4_prior,0.01,0,15,3,0.051968037310871296
dfe,none,0.01,32,15,3,0.08984407128190906
dfe,none,0.01,92,15,3,0.05301594178059336
summary_ridge_fusion,none,0.01,32,15,3,0.04592994075600579
neural_fusion,neural_bidir_seed0_fusion,0.01,32,15,3,0.054520897870913604
neural_fusion,neural_bidir_seed1_fusion,0.01,32,15,3,0.05636406146380675
neural_fusion,neural_bidir_seed2_fusion,0.01,32,15,3,0.04490646871017104
neural_fusion,neural_bidir_seed3_fusion,0.01,32,15,3,0.04258398334358893
neural_fusion,neural_bidir_seed4_fusion,0.01,32,15,3,0.045524860431575206
summary_ridge_fusion,none,0.01,36,15,3,0.043670360068552475
neural_fusion,neural_bidir_seed0_fusion,0.01,36,15,3,0.05371061941266238
neural_fusion,neural_bidir_seed1_fusion,0.01,36,15,3,0.05553435660401266
neural_fusion,neural_bidir_seed2_fusion,0.01,36,15,3,0.04420488297097905
neural_fusion,neural_bidir_seed3_fusion,0.01,36,15,3,0.04181053935603518
neural_fusion,neural_bidir_seed4_fusion,0.01,36,15,3,0.04514426426180981
summary_ridge_prior,none,0.01,0,15,4,0.05271674024327072
neural_prior,neural_bidir_seed0_prior,0.01,0,15,4,0.06806014526227955
neural_prior,neural_bidir_seed1_prior,0.01,0,15,4,0.07233388374152128
neural_prior,neural_bidir_seed2_prior,0.01,0,15,4,0.05118888722790871
neural_prior,neural_bidir_seed3_prior,0.01,0,15,4,0.047025582258356735
neural_prior,neural_bidir_seed4_prior,0.01,0,15,4,0.05207503424026072
dfe,none,0.01,32,15,4,0.09091564606506822
dfe,none,0.01,92,15,4,0.054594229344452266
summary_ridge_fusion,none,0.01,32,15,4,0.05271674024327072
neural_fusion,neural_bidir_seed0_fusion,0.01,32,15,4,0.054918869035237815
neural_fusion,neural_bidir_seed1_fusion,0.01,32,15,4,0.056464725653344046
neural_fusion,neural_bidir_seed2_fusion,0.01,32,15,4,0.04520907655561861
neural_fusion,neural_bidir_seed3_fusion,0.01,32,15,4,0.04261096237766387
neural_fusion,neural_bidir_seed4_fusion,0.01,32,15,4,0.04589728418258085
summary_ridge_fusion,none,0.01,36,15,4,0.04463619246057496
neural_fusion,neural_bidir_seed0_fusion,0.01,36,15,4,0.05351382367873376
neural_fusion,neural_bidir_seed1_fusion,0.01,36,15,4,0.05539840954125251
neural_fusion,neural_bidir_seed2_fusion,0.01,36,15,4,0.04506585537131569
neural_fusion,neural_bidir_seed3_fusion,0.01,36,15,4,0.042428281252837055
neural_fusion,neural_bidir_seed4_fusion,0.01,36,15,4,0.04584720389081063
summary_ridge_prior,none,0.01,0,16,0,0.043070052518372676
neural_prior,neural_bidir_seed0_prior,0.01,0,16,0,0.06584577095054556
neural_prior,neural_bidir_seed1_prior,0.01,0,16,0,0.07059689558809623
neural_prior,neural_bidir_seed2_prior,0.01,0,16,0,0.051687122555449605
neural_prior,neural_bidir_seed3_prior,0.01,0,16,0,0.047522337205009535
neural_prior,neural_bidir_seed4_prior,0.01,0,16,0,0.053472300758585334
dfe,none,0.01,32,16,0,0.09326749314969374
dfe,none,0.01,92,16,0,0.053641511781355455
summary_ridge_fusion,none,0.01,32,16,0,0.04107597847825697
neural_fusion,neural_bidir_seed0_fusion,0.01,32,16,0,0.0526862269351661
neural_fusion,neural_bidir_seed1_fusion,0.01,32,16,0,0.055159845439631455
neural_fusion,neural_bidir_seed2_fusion,0.01,32,16,0,0.04493283423304205
neural_fusion,neural_bidir_seed3_fusion,0.01,32,16,0,0.04229186595084433
neural_fusion,neural_bidir_seed4_fusion,0.01,32,16,0,0.04657128324171332
summary_ridge_fusion,none,0.01,36,16,0,0.042021191343768735
neural_fusion,neural_bidir_seed0_fusion,0.01,36,16,0,0.05180250384889365
neural_fusion,neural_bidir_seed1_fusion,0.01,36,16,0,0.05419647005989353
neural_fusion,neural_bidir_seed2_fusion,0.01,36,16,0,0.045460460761671706
neural_fusion,neural_bidir_seed3_fusion,0.01,36,16,0,0.04324577504582444
neural_fusion,neural_bidir_seed4_fusion,0.01,36,16,0,0.047191423103589016
summary_ridge_prior,none,0.01,0,16,1,0.049172538094470586
neural_prior,neural_bidir_seed0_prior,0.01,0,16,1,0.06751822486694437
neural_prior,neural_bidir_seed1_prior,0.01,0,16,1,0.07235295193095226
neural_prior,neural_bidir_seed2_prior,0.01,0,16,1,0.053771928272908553
neural_prior,neural_bidir_seed3_prior,0.01,0,16,1,0.04980649895151146
neural_prior,neural_bidir_seed4_prior,0.01,0,16,1,0.05575196607969701
dfe,none,0.01,32,16,1,0.08988685085861413
dfe,none,0.01,92,16,1,0.05383886344590311
summary_ridge_fusion,none,0.01,32,16,1,0.0435338029969765
neural_fusion,neural_bidir_seed0_fusion,0.01,32,16,1,0.05325406607692252
neural_fusion,neural_bidir_seed1_fusion,0.01,32,16,1,0.05568746493924304
neural_fusion,neural_bidir_seed2_fusion,0.01,32,16,1,0.04561830933478025
neural_fusion,neural_bidir_seed3_fusion,0.01,32,16,1,0.04337231250916975
neural_fusion,neural_bidir_seed4_fusion,0.01,32,16,1,0.04707950990258321
summary_ridge_fusion,none,0.01,36,16,1,0.04270986309362642
neural_fusion,neural_bidir_seed0_fusion,0.01,36,16,1,0.0520721695596604
neural_fusion,neural_bidir_seed1_fusion,0.01,36,16,1,0.05401832647364689
neural_fusion,neural_bidir_seed2_fusion,0.01,36,16,1,0.04509435917103981
neural_fusion,neural_bidir_seed3_fusion,0.01,36,16,1,0.04286427337615824
neural_fusion,neural_bidir_seed4_fusion,0.01,36,16,1,0.04634626095603274
summary_ridge_prior,none,0.01,0,16,2,0.044271743550272455
neural_prior,neural_bidir_seed0_prior,0.01,0,16,2,0.06606201322574634
neural_prior,neural_bidir_seed1_prior,0.01,0,16,2,0.07081345327605959
neural_prior,neural_bidir_seed2_prior,0.01,0,16,2,0.05102870952396188
neural_prior,neural_bidir_seed3_prior,0.01,0,16,2,0.047236559461453
neural_prior,neural_bidir_seed4_prior,0.01,0,16,2,0.05258212583430577
dfe,none,0.01,32,16,2,0.09292071870198679
dfe,none,0.01,92,16,2,0.05449055945416237
summary_ridge_fusion,none,0.01,32,16,2,0.04157029666102656
neural_fusion,neural_bidir_seed0_fusion,0.01,32,16,2,0.054270889431113786
neural_fusion,neural_bidir_seed1_fusion,0.01,32,16,2,0.05621217647327212
neural_fusion,neural_bidir_seed2_fusion,0.01,32,16,2,0.04533189416547849
neural_fusion,neural_bidir_seed3_fusion,0.01,32,16,2,0.04275659396949595
neural_fusion,neural_bidir_seed4_fusion,0.01,32,16,2,0.046219238534195406
summary_ridge_fusion,none,0.01,36,16,2,0.043867799757436994
neural_fusion,neural_bidir_seed0_fusion,0.01,36,16,2,0.052546861510561066
neural_fusion,neural_bidir_seed1_fusion,0.01,36,16,2,0.054643603530854214
neural_fusion,neural_bidir_seed2_fusion,0.01,36,16,2,0.04498962341072269
neural_fusion,neural_bidir_seed3_fusion,0.01,36,16,2,0.04267651993559421
neural_fusion,neural_bidir_seed4_fusion,0.01,36,16,2,0.04637661292202011
summary_ridge_prior,none,0.01,0,16,3,0.04763068245430191
neural_prior,neural_bidir_seed0_prior,0.01,0,16,3,0.0664058324182406
neural_prior,neural_bidir_seed1_prior,0.01,0,16,3,0.07104494300438091
neural_prior,neural_bidir_seed2_prior,0.01,0,16,3,0.05169451772235334
neural_prior,neural_bidir_seed3_prior,0.01,0,16,3,0.04747883672825992
neural_prior,neural_bidir_seed4_prior,0.01,0,16,3,0.05294085123750847
dfe,none,0.01,32,16,3,0.09324983108307842
dfe,none,0.01,92,16,3,0.054738910958978135
summary_ridge_fusion,none,0.01,32,16,3,0.043115825966159704
neural_fusion,neural_bidir_seed0_fusion,0.01,32,16,3,0.05381896047009821
neural_fusion,neural_bidir_seed1_fusion,0.01,32,16,3,0.05610337329259062
neural_fusion,neural_bidir_seed2_fusion,0.01,32,16,3,0.04516680460744753
neural_fusion,neural_bidir_seed3_fusion,0.01,32,16,3,0.042346474228620826
neural_fusion,neural_bidir_seed4_fusion,0.01,32,16,3,0.046082966720608354
summary_ridge_fusion,none,0.01,36,16,3,0.04340532060011436
neural_fusion,neural_bidir_seed0_fusion,0.01,36,16,3,0.05192044666925312
neural_fusion,neural_bidir_seed1_fusion,0.01,36,16,3,0.054008114080143256
neural_fusion,neural_bidir_seed2_fusion,0.01,36,16,3,0.0440956743272626
neural_fusion,neural_bidir_seed3_fusion,0.01,36,16,3,0.041645781707653914
neural_fusion,neural_bidir_seed4_fusion,0.01,36,16,3,0.04515360928334125
summary_ridge_prior,none,0.01,0,16,4,0.044238925816159194
neural_prior,neural_bidir_seed0_prior,0.01,0,16,4,0.06633376583340578
neural_prior,neural_bidir_seed1_prior,0.01,0,16,4,0.0694650571240345
neural_prior,neural_bidir_seed2_prior,0.01,0,16,4,0.05191184542491101
neural_prior,neural_bidir_seed3_prior,0.01,0,16,4,0.04810202677617781
neural_prior,neural_bidir_seed4_prior,0.01,0,16,4,0.052489743698970415
dfe,none,0.01,32,16,4,0.0944451169242693
dfe,none,0.01,92,16,4,0.053807524804630885
summary_ridge_fusion,none,0.01,32,16,4,0.04059577021544958
neural_fusion,neural_bidir_seed0_fusion,0.01,32,16,4,0.05516839703895039
neural_fusion,neural_bidir_seed1_fusion,0.01,32,16,4,0.056681095439147774
neural_fusion,neural_bidir_seed2_fusion,0.01,32,16,4,0.04679946053891472
neural_fusion,neural_bidir_seed3_fusion,0.01,32,16,4,0.044210739482392195
neural_fusion,neural_bidir_seed4_fusion,0.01,32,16,4,0.04676916631960714
summary_ridge_fusion,none,0.01,36,16,4,0.04018722359658651
neural_fusion,neural_bidir_seed0_fusion,0.01,36,16,4,0.05685552827536642
neural_fusion,neural_bidir_seed1_fusion,0.01,36,16,4,0.057322009856396974
neural_fusion,neural_bidir_seed2_fusion,0.01,36,16,4,0.04916647675069288
neural_fusion,neural_bidir_seed3_fusion,0.01,36,16,4,0.04715074596823411
neural_fusion,neural_bidir_seed4_fusion,0.01,36,16,4,0.049074502829476105
summary_ridge_prior,none,0.01,0,17,0,0.04366543466548241
neural_prior,neural_bidir_seed0_prior,0.01,0,17,0,0.06896148166561034
neural_prior,neural_bidir_seed1_prior,0.01,0,17,0,0.07373991911299527
neural_prior,neural_bidir_seed2_prior,0.01,0,17,0,0.05191662715515122
neural_prior,neural_bidir_seed3_prior,0.01,0,17,0,0.04752903402550146
neural_prior,neural_bidir_seed4_prior,0.01,0,17,0,0.05292146602005232
dfe,none,0.01,32,17,0,0.09135471907627238
dfe,none,0.01,92,17,0,0.05415575193284898
summary_ridge_fusion,none,0.01,32,17,0,0.04151485169297339
neural_fusion,neural_bidir_seed0_fusion,0.01,32,17,0,0.05454467189144071
neural_fusion,neural_bidir_seed1_fusion,0.01,32,17,0,0.056396784283387895
neural_fusion,neural_bidir_seed2_fusion,0.01,32,17,0,0.046126764684358
neural_fusion,neural_bidir_seed3_fusion,0.01,32,17,0,0.04376960043236971
neural_fusion,neural_bidir_seed4_fusion,0.01,32,17,0,0.046682390409618635
summary_ridge_fusion,none,0.01,36,17,0,0.04299203855875422
neural_fusion,neural_bidir_seed0_fusion,0.01,36,17,0,0.057287964582174854
neural_fusion,neural_bidir_seed1_fusion,0.01,36,17,0,0.05893807932375658
neural_fusion,neural_bidir_seed2_fusion,0.01,36,17,0,0.049026715952967044
neural_fusion,neural_bidir_seed3_fusion,0.01,36,17,0,0.04604990374689219
neural_fusion,neural_bidir_seed4_fusion,0.01,36,17,0,0.04897996015833511
summary_ridge_prior,none,0.01,0,17,1,0.04495807326214235
neural_prior,neural_bidir_seed0_prior,0.01,0,17,1,0.068774065352045
neural_prior,neural_bidir_seed1_prior,0.01,0,17,1,0.07391093799378723
neural_prior,neural_bidir_seed2_prior,0.01,0,17,1,0.052019270791788585
neural_prior,neural_bidir_seed3_prior,0.01,0,17,1,0.047791840726858936
neural_prior,neural_bidir_seed4_prior,0.01,0,17,1,0.05304377878201194
dfe,none,0.01,32,17,1,0.09123949171802576
dfe,none,0.01,92,17,1,0.05327619085366726
summary_ridge_fusion,none,0.01,32,17,1,0.04075886742348514
neural_fusion,neural_bidir_seed0_fusion,0.01,32,17,1,0.05394871338721489
neural_fusion,neural_bidir_seed1_fusion,0.01,32,17,1,0.056032231097119495
neural_fusion,neural_bidir_seed2_fusion,0.01,32,17,1,0.04494343750660089
neural_fusion,neural_bidir_seed3_fusion,0.01,32,17,1,0.042409819757890994
neural_fusion,neural_bidir_seed4_fusion,0.01,32,17,1,0.04599293400220386
summary_ridge_fusion,none,0.01,36,17,1,0.04161543195138316
neural_fusion,neural_bidir_seed0_fusion,0.01,36,17,1,0.060603243105072396
neural_fusion,neural_bidir_seed1_fusion,0.01,36,17,1,0.06217945871946814
neural_fusion,neural_bidir_seed2_fusion,0.01,36,17,1,0.04956737999384442
neural_fusion,neural_bidir_seed3_fusion,0.01,36,17,1,0.04631389837554907
neural_fusion,neural_bidir_seed4_fusion,0.01,36,17,1,0.04909382022575344
summary_ridge_prior,none,0.01,0,17,2,0.04612407172965606
neural_prior,neural_bidir_seed0_prior,0.01,0,17,2,0.07078317848208826
neural_prior,neural_bidir_seed1_prior,0.01,0,17,2,0.0765089757333044
neural_prior,neural_bidir_seed2_prior,0.01,0,17,2,0.05386077314324211
neural_prior,neural_bidir_seed3_prior,0.01,0,17,2,0.049400947042158805
neural_prior,neural_bidir_seed4_prior,0.01,0,17,2,0.054866957681952044
dfe,none,0.01,32,17,2,0.09105712337813454
dfe,none,0.01,92,17,2,0.05407461668386291
summary_ridge_fusion,none,0.01,32,17,2,0.04531162238750639
neural_fusion,neural_bidir_seed0_fusion,0.01,32,17,2,0.05461877558813756
neural_fusion,neural_bidir_seed1_fusion,0.01,32,17,2,0.05669890380779736
neural_fusion,neural_bidir_seed2_fusion,0.01,32,17,2,0.04584826454887182
neural_fusion,neural_bidir_seed3_fusion,0.01,32,17,2,0.043408511360748026
neural_fusion,neural_bidir_seed4_fusion,0.01,32,17,2,0.04662158724465608
summary_ridge_fusion,none,0.01,36,17,2,0.04096282358733932
neural_fusion,neural_bidir_seed0_fusion,0.01,36,17,2,0.05762798785283162
neural_fusion,neural_bidir_seed1_fusion,0.01,36,17,2,0.06032884256909589
neural_fusion,neural_bidir_seed2_fusion,0.01,36,17,2,0.04881488905199759
neural_fusion,neural_bidir_seed3_fusion,0.01,36,17,2,0.045394338012506474
neural_fusion,neural_bidir_seed4_fusion,0.01,36,17,2,0.05023809650266272
summary_ridge_prior,none,0.01,0,17,3,0.05485199789729897
neural_prior,neural_bidir_seed0_prior,0.01,0,17,3,0.07158096553757787
neural_prior,neural_bidir_seed1_prior,0.01,0,17,3,0.07718733832007274
neural_prior,neural_bidir_seed2_prior,0.01,0,17,3,0.05494388005172368
neural_prior,neural_bidir_seed3_prior,0.01,0,17,3,0.05104019583086483
neural_prior,neural_bidir_seed4_prior,0.01,0,17,3,0.05586288073391188
dfe,none,0.01,32,17,3,0.09190548150037206
dfe,none,0.01,92,17,3,0.05429260002234807
summary_ridge_fusion,none,0.01,32,17,3,0.04687464096133838
neural_fusion,neural_bidir_seed0_fusion,0.01,32,17,3,0.05733755260725361
neural_fusion,neural_bidir_seed1_fusion,0.01,32,17,3,0.060915533372398675
neural_fusion,neural_bidir_seed2_fusion,0.01,32,17,3,0.04802521597074508
neural_fusion,neural_bidir_seed3_fusion,0.01,32,17,3,0.04505464095138812
neural_fusion,neural_bidir_seed4_fusion,0.01,32,17,3,0.04876023259139028
summary_ridge_fusion,none,0.01,36,17,3,0.046731169320306
neural_fusion,neural_bidir_seed0_fusion,0.01,36,17,3,0.05515505813104122
neural_fusion,neural_bidir_seed1_fusion,0.01,36,17,3,0.058324108614822276
neural_fusion,neural_bidir_seed2_fusion,0.01,36,17,3,0.047410085396609535
neural_fusion,neural_bidir_seed3_fusion,0.01,36,17,3,0.04447603160109741
neural_fusion,neural_bidir_seed4_fusion,0.01,36,17,3,0.048199567138799464
summary_ridge_prior,none,0.01,0,17,4,0.04848046195355389
neural_prior,neural_bidir_seed0_prior,0.01,0,17,4,0.07137014498584904
neural_prior,neural_bidir_seed1_prior,0.01,0,17,4,0.0763457358116284
neural_prior,neural_bidir_seed2_prior,0.01,0,17,4,0.05584901859401725
neural_prior,neural_bidir_seed3_prior,0.01,0,17,4,0.0519610439077951
neural_prior,neural_bidir_seed4_prior,0.01,0,17,4,0.05758668099588249
dfe,none,0.01,32,17,4,0.09161833694495942
dfe,none,0.01,92,17,4,0.05431946382490897
summary_ridge_fusion,none,0.01,32,17,4,0.04848046195355389
neural_fusion,neural_bidir_seed0_fusion,0.01,32,17,4,0.06351109749717943
neural_fusion,neural_bidir_seed1_fusion,0.01,32,17,4,0.06585205270278527
neural_fusion,neural_bidir_seed2_fusion,0.01,32,17,4,0.05584901859401725
neural_fusion,neural_bidir_seed3_fusion,0.01,32,17,4,0.0519610439077951
neural_fusion,neural_bidir_seed4_fusion,0.01,32,17,4,0.05658851124036066
summary_ridge_fusion,none,0.01,36,17,4,0.0423355149888592
neural_fusion,neural_bidir_seed0_fusion,0.01,36,17,4,0.05565320854695972
neural_fusion,neural_bidir_seed1_fusion,0.01,36,17,4,0.058093028889291014
neural_fusion,neural_bidir_seed2_fusion,0.01,36,17,4,0.047905744488719794
neural_fusion,neural_bidir_seed3_fusion,0.01,36,17,4,0.04538344292372064
neural_fusion,neural_bidir_seed4_fusion,0.01,36,17,4,0.049045936890564745
summary_ridge_prior,none,0.01,0,18,0,0.05438388032258606
neural_prior,neural_bidir_seed0_prior,0.01,0,18,0,0.06569533149013296
neural_prior,neural_bidir_seed1_prior,0.01,0,18,0,0.07013483086484484
neural_prior,neural_bidir_seed2_prior,0.01,0,18,0,0.051089675282128155
neural_prior,neural_bidir_seed3_prior,0.01,0,18,0,0.04829497687751427
neural_prior,neural_bidir_seed4_prior,0.01,0,18,0,0.05285168101545423
dfe,none,0.01,32,18,0,0.09052309797175989
dfe,none,0.01,92,18,0,0.055256901945145286
summary_ridge_fusion,none,0.01,32,18,0,0.048277873393924586
neural_fusion,neural_bidir_seed0_fusion,0.01,32,18,0,0.05389714698744401
neural_fusion,neural_bidir_seed1_fusion,0.01,32,18,0,0.05555226593032401
neural_fusion,neural_bidir_seed2_fusion,0.01,32,18,0,0.04670144262442081
neural_fusion,neural_bidir_seed3_fusion,0.01,32,18,0,0.04535224342489047
neural_fusion,neural_bidir_seed4_fusion,0.01,32,18,0,0.047691086761908856
summary_ridge_fusion,none,0.01,36,18,0,0.04576264825718577
neural_fusion,neural_bidir_seed0_fusion,0.01,36,18,0,0.05175179252093981
neural_fusion,neural_bidir_seed1_fusion,0.01,36,18,0,0.053948583617109344
neural_fusion,neural_bidir_seed2_fusion,0.01,36,18,0,0.043677943663999866
neural_fusion,neural_bidir_seed3_fusion,0.01,36,18,0,0.041944648248080495
neural_fusion,neural_bidir_seed4_fusion,0.01,36,18,0,0.04502987777850429
summary_ridge_prior,none,0.01,0,18,1,0.05363164737671484
neural_prior,neural_bidir_seed0_prior,0.01,0,18,1,0.06791737952153198
neural_prior,neural_bidir_seed1_prior,0.01,0,18,1,0.07156940603454132
neural_prior,neural_bidir_seed2_prior,0.01,0,18,1,0.053903501757304184
neural_prior,neural_bidir_seed3_prior,0.01,0,18,1,0.050666084280237556
neural_prior,neural_bidir_seed4_prior,0.01,0,18,1,0.05519416330207605
dfe,none,0.01,32,18,1,0.09294783063054174
dfe,none,0.01,92,18,1,0.05542262881040764
summary_ridge_fusion,none,0.01,32,18,1,0.0489198934640795
neural_fusion,neural_bidir_seed0_fusion,0.01,32,18,1,0.06007193590155748
neural_fusion,neural_bidir_seed1_fusion,0.01,32,18,1,0.060861369159796924
neural_fusion,neural_bidir_seed2_fusion,0.01,32,18,1,0.051848360328670594
neural_fusion,neural_bidir_seed3_fusion,0.01,32,18,1,0.04876301721941388
neural_fusion,neural_bidir_seed4_fusion,0.01,32,18,1,0.05147948056235327
summary_ridge_fusion,none,0.01,36,18,1,0.04535663443590281
neural_fusion,neural_bidir_seed0_fusion,0.01,36,18,1,0.05401160108983821
neural_fusion,neural_bidir_seed1_fusion,0.01,36,18,1,0.0552936632603235
neural_fusion,neural_bidir_seed2_fusion,0.01,36,18,1,0.04642634217155647
neural_fusion,neural_bidir_seed3_fusion,0.01,36,18,1,0.044012260995719976
neural_fusion,neural_bidir_seed4_fusion,0.01,36,18,1,0.047233707910499814
summary_ridge_prior,none,0.01,0,18,2,0.06130336232257119
neural_prior,neural_bidir_seed0_prior,0.01,0,18,2,0.06757953816850204
neural_prior,neural_bidir_seed1_prior,0.01,0,18,2,0.07228711701463908
neural_prior,neural_bidir_seed2_prior,0.01,0,18,2,0.056830805478966795
neural_prior,neural_bidir_seed3_prior,0.01,0,18,2,0.055181607240228914
neural_prior,neural_bidir_seed4_prior,0.01,0,18,2,0.05895728160976432
dfe,none,0.01,32,18,2,0.09132030760144866
dfe,none,0.01,92,18,2,0.054554663203876225
summary_ridge_fusion,none,0.01,32,18,2,0.05017810577651978
neural_fusion,neural_bidir_seed0_fusion,0.01,32,18,2,0.05351213322524434
neural_fusion,neural_bidir_seed1_fusion,0.01,32,18,2,0.05564147326270004
neural_fusion,neural_bidir_seed2_fusion,0.01,32,18,2,0.04863766165587256
neural_fusion,neural_bidir_seed3_fusion,0.01,32,18,2,0.04775087546698965
neural_fusion,neural_bidir_seed4_fusion,0.01,32,18,2,0.04968432147751635
summary_ridge_fusion,none,0.01,36,18,2,0.05427844224113008
neural_fusion,neural_bidir_seed0_fusion,0.01,36,18,2,0.055994343269772644
neural_fusion,neural_bidir_seed1_fusion,0.01,36,18,2,0.057866362666428126
neural_fusion,neural_bidir_seed2_fusion,0.01,36,18,2,0.0493916787027198
neural_fusion,neural_bidir_seed3_fusion,0.01,36,18,2,0.04830170681809348
neural_fusion,neural_bidir_seed4_fusion,0.01,36,18,2,0.05081762069020517
summary_ridge_prior,none,0.01,0,18,3,0.049966609292582086
neural_prior,neural_bidir_seed0_prior,0.01,0,18,3,0.06767554172256496
neural_prior,neural_bidir_seed1_prior,0.01,0,18,3,0.07288596159196459
neural_prior,neural_bidir_seed2_prior,0.01,0,18,3,0.05087966316204984
neural_prior,neural_bidir_seed3_prior,0.01,0,18,3,0.04684286963311024
neural_prior,neural_bidir_seed4_prior,0.01,0,18,3,0.05199121028999798
dfe,none,0.01,32,18,3,0.09289610488233348
dfe,none,0.01,92,18,3,0.053352849330475634
summary_ridge_fusion,none,0.01,32,18,3,0.04360114243489304
neural_fusion,neural_bidir_seed0_fusion,0.01,32,18,3,0.05366868261772194
neural_fusion,neural_bidir_seed1_fusion,0.01,32,18,3,0.05567532873663471
neural_fusion,neural_bidir_seed2_fusion,0.01,32,18,3,0.04428958319672664
neural_fusion,neural_bidir_seed3_fusion,0.01,32,18,3,0.04182508550425193
neural_fusion,neural_bidir_seed4_fusion,0.01,32,18,3,0.04533590244294627
summary_ridge_fusion,none,0.01,36,18,3,0.04372575994384338
neural_fusion,neural_bidir_seed0_fusion,0.01,36,18,3,0.05299768105586174
neural_fusion,neural_bidir_seed1_fusion,0.01,36,18,3,0.055115527342528406
neural_fusion,neural_bidir_seed2_fusion,0.01,36,18,3,0.04370194882266207
neural_fusion,neural_bidir_seed3_fusion,0.01,36,18,3,0.04100969525955823
neural_fusion,neural_bidir_seed4_fusion,0.01,36,18,3,0.04445177144193567
summary_ridge_prior,none,0.01,0,18,4,0.04656724547276424
neural_prior,neural_bidir_seed0_prior,0.01,0,18,4,0.06895328550308477
neural_prior,neural_bidir_seed1_prior,0.01,0,18,4,0.07397968195436988
neural_prior,neural_bidir_seed2_prior,0.01,0,18,4,0.054653873507049866
neural_prior,neural_bidir_seed3_prior,0.01,0,18,4,0.051425022844341584
neural_prior,neural_bidir_seed4_prior,0.01,0,18,4,0.05587861682579387
dfe,none,0.01,32,18,4,0.09308618325407485
dfe,none,0.01,92,18,4,0.05320769330831316
summary_ridge_fusion,none,0.01,32,18,4,0.04146893777924583
neural_fusion,neural_bidir_seed0_fusion,0.01,32,18,4,0.05463573251869873
neural_fusion,neural_bidir_seed1_fusion,0.01,32,18,4,0.05694046022573733
neural_fusion,neural_bidir_seed2_fusion,0.01,32,18,4,0.047265187224605265
neural_fusion,neural_bidir_seed3_fusion,0.01,32,18,4,0.04523184300957512
neural_fusion,neural_bidir_seed4_fusion,0.01,32,18,4,0.047821802002832065
summary_ridge_fusion,none,0.01,36,18,4,0.040850451443965353
neural_fusion,neural_bidir_seed0_fusion,0.01,36,18,4,0.05380762768543118
neural_fusion,neural_bidir_seed1_fusion,0.01,36,18,4,0.055937240248113196
neural_fusion,neural_bidir_seed2_fusion,0.01,36,18,4,0.04703396234507777
neural_fusion,neural_bidir_seed3_fusion,0.01,36,18,4,0.045046089734481834
neural_fusion,neural_bidir_seed4_fusion,0.01,36,18,4,0.047384258958376335
summary_ridge_prior,none,0.01,0,19,0,0.04479054304241856
neural_prior,neural_bidir_seed0_prior,0.01,0,19,0,0.06623550395306665
neural_prior,neural_bidir_seed1_prior,0.01,0,19,0,0.06990618551208172
neural_prior,neural_bidir_seed2_prior,0.01,0,19,0,0.052725418587215245
neural_prior,neural_bidir_seed3_prior,0.01,0,19,0,0.04905629620770924
neural_prior,neural_bidir_seed4_prior,0.01,0,19,0,0.05352863762527704
dfe,none,0.01,32,19,0,0.09229334667977292
dfe,none,0.01,92,19,0,0.05354959027853337
summary_ridge_fusion,none,0.01,32,19,0,0.04176048033510275
neural_fusion,neural_bidir_seed0_fusion,0.01,32,19,0,0.0531297406984378
neural_fusion,neural_bidir_seed1_fusion,0.01,32,19,0,0.055022953704454314
neural_fusion,neural_bidir_seed2_fusion,0.01,32,19,0,0.04572768879793625
neural_fusion,neural_bidir_seed3_fusion,0.01,32,19,0,0.04350943875546287
neural_fusion,neural_bidir_seed4_fusion,0.01,32,19,0,0.046757524132658004
summary_ridge_fusion,none,0.01,36,19,0,0.04075082934638247
neural_fusion,neural_bidir_seed0_fusion,0.01,36,19,0,0.05144217006625523
neural_fusion,neural_bidir_seed1_fusion,0.01,36,19,0,0.053290365230704434
neural_fusion,neural_bidir_seed2_fusion,0.01,36,19,0,0.04507751781184645
neural_fusion,neural_bidir_seed3_fusion,0.01,36,19,0,0.04302204657510291
neural_fusion,neural_bidir_seed4_fusion,0.01,36,19,0,0.04553448599250406
summary_ridge_prior,none,0.01,0,19,1,0.04403300152948923
neural_prior,neural_bidir_seed0_prior,0.01,0,19,1,0.06561545333534013
neural_prior,neural_bidir_seed1_prior,0.01,0,19,1,0.06953774543944746
neural_prior,neural_bidir_seed2_prior,0.01,0,19,1,0.0511355987546267
neural_prior,neural_bidir_seed3_prior,0.01,0,19,1,0.04734470268886071
neural_prior,neural_bidir_seed4_prior,0.01,0,19,1,0.05243375225109048
dfe,none,0.01,32,19,1,0.09231845702897047
dfe,none,0.01,92,19,1,0.053559275064395145
summary_ridge_fusion,none,0.01,32,19,1,0.04021960180311907
neural_fusion,neural_bidir_seed0_fusion,0.01,32,19,1,0.05212030901343272
neural_fusion,neural_bidir_seed1_fusion,0.01,32,19,1,0.05419851887521985
neural_fusion,neural_bidir_seed2_fusion,0.01,32,19,1,0.04409425756210182
neural_fusion,neural_bidir_seed3_fusion,0.01,32,19,1,0.04197347133668397
neural_fusion,neural_bidir_seed4_fusion,0.01,32,19,1,0.04520706551512803
summary_ridge_fusion,none,0.01,36,19,1,0.03951676004761666
neural_fusion,neural_bidir_seed0_fusion,0.01,36,19,1,0.05127924629664267
neural_fusion,neural_bidir_seed1_fusion,0.01,36,19,1,0.05316088796169825
neural_fusion,neural_bidir_seed2_fusion,0.01,36,19,1,0.04363056115398743
neural_fusion,neural_bidir_seed3_fusion,0.01,36,19,1,0.04128538292005671
neural_fusion,neural_bidir_seed4_fusion,0.01,36,19,1,0.04466678108988162
summary_ridge_prior,none,0.01,0,19,2,0.04798514133224377
neural_prior,neural_bidir_seed0_prior,0.01,0,19,2,0.06589866607100703
neural_prior,neural_bidir_seed1_prior,0.01,0,19,2,0.07000205338408705
neural_prior,neural_bidir_seed2_prior,0.01,0,19,2,0.05089362601574976
neural_prior,neural_bidir_seed3_prior,0.01,0,19,2,0.04692908517608885
neural_prior,neural_bidir_seed4_prior,0.01,0,19,2,0.05223741724330466
dfe,none,0.01,32,19,2,0.08959697214341726
dfe,none,0.01,92,19,2,0.054521657006698795
summary_ridge_fusion,none,0.01,32,19,2,0.043137206065889125
neural_fusion,neural_bidir_seed0_fusion,0.01,32,19,2,0.05294306862098367
neural_fusion,neural_bidir_seed1_fusion,0.01,32,19,2,0.05470428148224062
neural_fusion,neural_bidir_seed2_fusion,0.01,32,19,2,0.0445881054817696
neural_fusion,neural_bidir_seed3_fusion,0.01,32,19,2,0.04219446553167122
neural_fusion,neural_bidir_seed4_fusion,0.01,32,19,2,0.045632293174879046
summary_ridge_fusion,none,0.01,36,19,2,0.043131457148241646
neural_fusion,neural_bidir_seed0_fusion,0.01,36,19,2,0.05202495006183769
neural_fusion,neural_bidir_seed1_fusion,0.01,36,19,2,0.053686785390969924
neural_fusion,neural_bidir_seed2_fusion,0.01,36,19,2,0.0447022416027061
neural_fusion,neural_bidir_seed3_fusion,0.01,36,19,2,0.04246504196671663
neural_fusion,neural_bidir_seed4_fusion,0.01,36,19,2,0.045787525498372436
summary_ridge_prior,none,0.01,0,19,3,0.045041545958768005
neural_prior,neural_bidir_seed0_prior,0.01,0,19,3,0.06631220087001566
neural_prior,neural_bidir_seed1_prior,0.01,0,19,3,0.07051292374671903
neural_prior,neural_bidir_seed2_prior,0.01,0,19,3,0.05102738659479655
neural_prior,neural_bidir_seed3_prior,0.01,0,19,3,0.046992304633022286
neural_prior,neural_bidir_seed4_prior,0.01,0,19,3,0.052382112087798305
dfe,none,0.01,32,19,3,0.09310496084656436
dfe,none,0.01,92,19,3,0.05381454432200829
summary_ridge_fusion,none,0.01,32,19,3,0.043202834127743714
neural_fusion,neural_bidir_seed0_fusion,0.01,32,19,3,0.05427922171699323
neural_fusion,neural_bidir_seed1_fusion,0.01,32,19,3,0.05591898618555638
neural_fusion,neural_bidir_seed2_fusion,0.01,32,19,3,0.04486286474026975
neural_fusion,neural_bidir_seed3_fusion,0.01,32,19,3,0.04244263701311255
neural_fusion,neural_bidir_seed4_fusion,0.01,32,19,3,0.04586565317344814
summary_ridge_fusion,none,0.01,36,19,3,0.044192781233839046
neural_fusion,neural_bidir_seed0_fusion,0.01,36,19,3,0.054156160878924706
neural_fusion,neural_bidir_seed1_fusion,0.01,36,19,3,0.0555195786734862
neural_fusion,neural_bidir_seed2_fusion,0.01,36,19,3,0.047521991838285704
neural_fusion,neural_bidir_seed3_fusion,0.01,36,19,3,0.045598704525414174
neural_fusion,neural_bidir_seed4_fusion,0.01,36,19,3,0.04847390298526583
summary_ridge_prior,none,0.01,0,19,4,0.045508888053482584
neural_prior,neural_bidir_seed0_prior,0.01,0,19,4,0.0661659113393398
neural_prior,neural_bidir_seed1_prior,0.01,0,19,4,0.06951693666633219
neural_prior,neural_bidir_seed2_prior,0.01,0,19,4,0.05354502530826721
neural_prior,neural_bidir_seed3_prior,0.01,0,19,4,0.05033298322814517
neural_prior,neural_bidir_seed4_prior,0.01,0,19,4,0.05524841754231602
dfe,none,0.01,32,19,4,0.09106470643877375
dfe,none,0.01,92,19,4,0.05439223458041838
summary_ridge_fusion,none,0.01,32,19,4,0.0414330348247771
neural_fusion,neural_bidir_seed0_fusion,0.01,32,19,4,0.053004604595909
neural_fusion,neural_bidir_seed1_fusion,0.01,32,19,4,0.05484607212370156
neural_fusion,neural_bidir_seed2_fusion,0.01,32,19,4,0.04618128114791947
neural_fusion,neural_bidir_seed3_fusion,0.01,32,19,4,0.04423092948319264
neural_fusion,neural_bidir_seed4_fusion,0.01,32,19,4,0.047426386767538714
summary_ridge_fusion,none,0.01,36,19,4,0.044539908730329605
neural_fusion,neural_bidir_seed0_fusion,0.01,36,19,4,0.05156810654368703
neural_fusion,neural_bidir_seed1_fusion,0.01,36,19,4,0.053260682326699754
neural_fusion,neural_bidir_seed2_fusion,0.01,36,19,4,0.04504480633426154
neural_fusion,neural_bidir_seed3_fusion,0.01,36,19,4,0.04324857019009399
neural_fusion,neural_bidir_seed4_fusion,0.01,36,19,4,0.04631404608145501
summary_ridge_prior,none,0.03,0,0,0,0.05232759158871972
neural_prior,neural_bidir_seed0_prior,0.03,0,0,0,0.07541115560161415
neural_prior,neural_bidir_seed1_prior,0.03,0,0,0,0.08133798865310382
neural_prior,neural_bidir_seed2_prior,0.03,0,0,0,0.059408427696325816
neural_prior,neural_bidir_seed3_prior,0.03,0,0,0,0.05344204393622931
neural_prior,neural_bidir_seed4_prior,0.03,0,0,0,0.05737563986622263
dfe,none,0.03,32,0,0,0.09829498737609907
dfe,none,0.03,92,0,0,0.057107110824063216
summary_ridge_fusion,none,0.03,32,0,0,0.046637851081422564
neural_fusion,neural_bidir_seed0_fusion,0.03,32,0,0,0.06241547204796296
neural_fusion,neural_bidir_seed1_fusion,0.03,32,0,0,0.06525373155123387
neural_fusion,neural_bidir_seed2_fusion,0.03,32,0,0,0.053924959248265306
neural_fusion,neural_bidir_seed3_fusion,0.03,32,0,0,0.049161448747392256
neural_fusion,neural_bidir_seed4_fusion,0.03,32,0,0,0.05034919932067987
summary_ridge_fusion,none,0.03,36,0,0,0.045911857251703846
neural_fusion,neural_bidir_seed0_fusion,0.03,36,0,0,0.06712692659516656
neural_fusion,neural_bidir_seed1_fusion,0.03,36,0,0,0.07069642844511392
neural_fusion,neural_bidir_seed2_fusion,0.03,36,0,0,0.05734294568977853
neural_fusion,neural_bidir_seed3_fusion,0.03,36,0,0,0.05209316430618987
neural_fusion,neural_bidir_seed4_fusion,0.03,36,0,0,0.05304455221025592
summary_ridge_prior,none,0.03,0,0,1,0.04649141792210023
neural_prior,neural_bidir_seed0_prior,0.03,0,0,1,0.06548885522352066
neural_prior,neural_bidir_seed1_prior,0.03,0,0,1,0.0697065292915795
neural_prior,neural_bidir_seed2_prior,0.03,0,0,1,0.05071797040000092
neural_prior,neural_bidir_seed3_prior,0.03,0,0,1,0.047107533682719804
neural_prior,neural_bidir_seed4_prior,0.03,0,0,1,0.05221767660987098
dfe,none,0.03,32,0,1,0.09546652718324317
dfe,none,0.03,92,0,1,0.0571483736797114
summary_ridge_fusion,none,0.03,32,0,1,0.0427066126153211
neural_fusion,neural_bidir_seed0_fusion,0.03,32,0,1,0.05321814962788624
neural_fusion,neural_bidir_seed1_fusion,0.03,32,0,1,0.05566065264531458
neural_fusion,neural_bidir_seed2_fusion,0.03,32,0,1,0.04423245953996585
neural_fusion,neural_bidir_seed3_fusion,0.03,32,0,1,0.0419340795462813
neural_fusion,neural_bidir_seed4_fusion,0.03,32,0,1,0.045830911789071845
summary_ridge_fusion,none,0.03,36,0,1,0.042473524984392344
neural_fusion,neural_bidir_seed0_fusion,0.03,36,0,1,0.052070149618717115
neural_fusion,neural_bidir_seed1_fusion,0.03,36,0,1,0.05425403381724572
neural_fusion,neural_bidir_seed2_fusion,0.03,36,0,1,0.04454250343577912
neural_fusion,neural_bidir_seed3_fusion,0.03,36,0,1,0.042520738053919406
neural_fusion,neural_bidir_seed4_fusion,0.03,36,0,1,0.04597774229213159
summary_ridge_prior,none,0.03,0,0,2,0.05292646871597963
neural_prior,neural_bidir_seed0_prior,0.03,0,0,2,0.0712824303918751
neural_prior,neural_bidir_seed1_prior,0.03,0,0,2,0.07750077120726928
neural_prior,neural_bidir_seed2_prior,0.03,0,0,2,0.056846135936211795
neural_prior,neural_bidir_seed3_prior,0.03,0,0,2,0.05138747218006756
neural_prior,neural_bidir_seed4_prior,0.03,0,0,2,0.05498281140171457
dfe,none,0.03,32,0,2,0.09769885925131597
dfe,none,0.03,92,0,2,0.05753729571044214
summary_ridge_fusion,none,0.03,32,0,2,0.047560226287696836
neural_fusion,neural_bidir_seed0_fusion,0.03,32,0,2,0.05648084308715655
neural_fusion,neural_bidir_seed1_fusion,0.03,32,0,2,0.05909320070331598
neural_fusion,neural_bidir_seed2_fusion,0.03,32,0,2,0.04950504118542727
neural_fusion,neural_bidir_seed3_fusion,0.03,32,0,2,0.04680061503830113
neural_fusion,neural_bidir_seed4_fusion,0.03,32,0,2,0.05063204397005168
summary_ridge_fusion,none,0.03,36,0,2,0.0486302892775914
neural_fusion,neural_bidir_seed0_fusion,0.03,36,0,2,0.05570889469710481
neural_fusion,neural_bidir_seed1_fusion,0.03,36,0,2,0.058083437198754896
neural_fusion,neural_bidir_seed2_fusion,0.03,36,0,2,0.04879395796192929
neural_fusion,neural_bidir_seed3_fusion,0.03,36,0,2,0.046331192251003774
neural_fusion,neural_bidir_seed4_fusion,0.03,36,0,2,0.05162317900453513
summary_ridge_prior,none,0.03,0,0,3,0.044800996364155465
neural_prior,neural_bidir_seed0_prior,0.03,0,0,3,0.06571589301165659
neural_prior,neural_bidir_seed1_prior,0.03,0,0,3,0.07037157083686907
neural_prior,neural_bidir_seed2_prior,0.03,0,0,3,0.05062731128418818
neural_prior,neural_bidir_seed3_prior,0.03,0,0,3,0.04677763133076951
neural_prior,neural_bidir_seed4_prior,0.03,0,0,3,0.05204592576774303
dfe,none,0.03,32,0,3,0.09561073513385414
dfe,none,0.03,92,0,3,0.056890746117091044
summary_ridge_fusion,none,0.03,32,0,3,0.042754544369109075
neural_fusion,neural_bidir_seed0_fusion,0.03,32,0,3,0.0529232352219826
neural_fusion,neural_bidir_seed1_fusion,0.03,32,0,3,0.05542879879568989
neural_fusion,neural_bidir_seed2_fusion,0.03,32,0,3,0.04438592491363759
neural_fusion,neural_bidir_seed3_fusion,0.03,32,0,3,0.04185271159758319
neural_fusion,neural_bidir_seed4_fusion,0.03,32,0,3,0.045801486012498255
summary_ridge_fusion,none,0.03,36,0,3,0.04287626954014746
neural_fusion,neural_bidir_seed0_fusion,0.03,36,0,3,0.05219740680570989
neural_fusion,neural_bidir_seed1_fusion,0.03,36,0,3,0.054285766133654406
neural_fusion,neural_bidir_seed2_fusion,0.03,36,0,3,0.0437612856036844
neural_fusion,neural_bidir_seed3_fusion,0.03,36,0,3,0.04131483496806042
neural_fusion,neural_bidir_seed4_fusion,0.03,36,0,3,0.04487256345685182
summary_ridge_prior,none,0.03,0,0,4,0.05350818601252989
neural_prior,neural_bidir_seed0_prior,0.03,0,0,4,0.0729109715030063
neural_prior,neural_bidir_seed1_prior,0.03,0,0,4,0.07972816070832778
neural_prior,neural_bidir_seed2_prior,0.03,0,0,4,0.0569803845428396
neural_prior,neural_bidir_seed3_prior,0.03,0,0,4,0.05182189468177967
neural_prior,neural_bidir_seed4_prior,0.03,0,0,4,0.057014795718714595
dfe,none,0.03,32,0,4,0.09613254269089294
dfe,none,0.03,92,0,4,0.056485459939822916
summary_ridge_fusion,none,0.03,32,0,4,0.049812982514532506
neural_fusion,neural_bidir_seed0_fusion,0.03,32,0,4,0.059114019895121134
neural_fusion,neural_bidir_seed1_fusion,0.03,32,0,4,0.06285895419776066
neural_fusion,neural_bidir_seed2_fusion,0.03,32,0,4,0.04960037324694899
neural_fusion,neural_bidir_seed3_fusion,0.03,32,0,4,0.045937680504500436
neural_fusion,neural_bidir_seed4_fusion,0.03,32,0,4,0.04931449552045833
summary_ridge_fusion,none,0.03,36,0,4,0.04596088053114733
neural_fusion,neural_bidir_seed0_fusion,0.03,36,0,4,0.06307881433613644
neural_fusion,neural_bidir_seed1_fusion,0.03,36,0,4,0.06721806952758305
neural_fusion,neural_bidir_seed2_fusion,0.03,36,0,4,0.05260234688586958
neural_fusion,neural_bidir_seed3_fusion,0.03,36,0,4,0.047915588572108564
neural_fusion,neural_bidir_seed4_fusion,0.03,36,0,4,0.050752592498193985
summary_ridge_prior,none,0.03,0,1,0,0.05284161547848173
neural_prior,neural_bidir_seed0_prior,0.03,0,1,0,0.06647966301534325
neural_prior,neural_bidir_seed1_prior,0.03,0,1,0,0.07029326503106859
neural_prior,neural_bidir_seed2_prior,0.03,0,1,0,0.05173316891887225
neural_prior,neural_bidir_seed3_prior,0.03,0,1,0,0.04832998671918176
neural_prior,neural_bidir_seed4_prior,0.03,0,1,0,0.05396681395359337
dfe,none,0.03,32,1,0,0.09884075418331845
dfe,none,0.03,92,1,0,0.05735681399451832
summary_ridge_fusion,none,0.03,32,1,0,0.0539932189425171
neural_fusion,neural_bidir_seed0_fusion,0.03,32,1,0,0.05431008490602075
neural_fusion,neural_bidir_seed1_fusion,0.03,32,1,0,0.055912539486173474
neural_fusion,neural_bidir_seed2_fusion,0.03,32,1,0,0.04698067573934776
neural_fusion,neural_bidir_seed3_fusion,0.03,32,1,0,0.04577269686637656
neural_fusion,neural_bidir_seed4_fusion,0.03,32,1,0,0.049609064672103645
summary_ridge_fusion,none,0.03,36,1,0,0.051961826837786114
neural_fusion,neural_bidir_seed0_fusion,0.03,36,1,0,0.052999326764785325
neural_fusion,neural_bidir_seed1_fusion,0.03,36,1,0,0.054360220745258564
neural_fusion,neural_bidir_seed2_fusion,0.03,36,1,0,0.04491692278019843
neural_fusion,neural_bidir_seed3_fusion,0.03,36,1,0,0.043603057187056024
neural_fusion,neural_bidir_seed4_fusion,0.03,36,1,0,0.047133691462754715
summary_ridge_prior,none,0.03,0,1,1,0.04562298637116978
neural_prior,neural_bidir_seed0_prior,0.03,0,1,1,0.06711082749825437
neural_prior,neural_bidir_seed1_prior,0.03,0,1,1,0.0706656513211783
neural_prior,neural_bidir_seed2_prior,0.03,0,1,1,0.05070514031103812
neural_prior,neural_bidir_seed3_prior,0.03,0,1,1,0.046763495745835826
neural_prior,neural_bidir_seed4_prior,0.03,0,1,1,0.0521257680375129
dfe,none,0.03,32,1,1,0.09635675810560057
dfe,none,0.03,92,1,1,0.056033314686918086
summary_ridge_fusion,none,0.03,32,1,1,0.04133422950652057
neural_fusion,neural_bidir_seed0_fusion,0.03,32,1,1,0.05647378470188455
neural_fusion,neural_bidir_seed1_fusion,0.03,32,1,1,0.057547049651452395
neural_fusion,neural_bidir_seed2_fusion,0.03,32,1,1,0.045012587780559166
neural_fusion,neural_bidir_seed3_fusion,0.03,32,1,1,0.04219566613647373
neural_fusion,neural_bidir_seed4_fusion,0.03,32,1,1,0.04587160724034893
summary_ridge_fusion,none,0.03,36,1,1,0.04474739858646299
neural_fusion,neural_bidir_seed0_fusion,0.03,36,1,1,0.053586669887872904
neural_fusion,neural_bidir_seed1_fusion,0.03,36,1,1,0.05540521597451817
neural_fusion,neural_bidir_seed2_fusion,0.03,36,1,1,0.04519462079698605
neural_fusion,neural_bidir_seed3_fusion,0.03,36,1,1,0.043055567833011454
neural_fusion,neural_bidir_seed4_fusion,0.03,36,1,1,0.04736679316374872
summary_ridge_prior,none,0.03,0,1,2,0.04608871309758633
neural_prior,neural_bidir_seed0_prior,0.03,0,1,2,0.06766649321070872
neural_prior,neural_bidir_seed1_prior,0.03,0,1,2,0.07131757267052308
neural_prior,neural_bidir_seed2_prior,0.03,0,1,2,0.050774380477378145
neural_prior,neural_bidir_seed3_prior,0.03,0,1,2,0.04683800251223147
neural_prior,neural_bidir_seed4_prior,0.03,0,1,2,0.05196215237083379
dfe,none,0.03,32,1,2,0.09597093536555895
dfe,none,0.03,92,1,2,0.05838412658823098
summary_ridge_fusion,none,0.03,32,1,2,0.04386226988495347
neural_fusion,neural_bidir_seed0_fusion,0.03,32,1,2,0.05547143698745439
neural_fusion,neural_bidir_seed1_fusion,0.03,32,1,2,0.05715827320975139
neural_fusion,neural_bidir_seed2_fusion,0.03,32,1,2,0.045129462713224974
neural_fusion,neural_bidir_seed3_fusion,0.03,32,1,2,0.042361919117850734
neural_fusion,neural_bidir_seed4_fusion,0.03,32,1,2,0.04595823967849888
summary_ridge_fusion,none,0.03,36,1,2,0.045744142813911155
neural_fusion,neural_bidir_seed0_fusion,0.03,36,1,2,0.054013893381181816
neural_fusion,neural_bidir_seed1_fusion,0.03,36,1,2,0.055424931041541364
neural_fusion,neural_bidir_seed2_fusion,0.03,36,1,2,0.04503824521265798
neural_fusion,neural_bidir_seed3_fusion,0.03,36,1,2,0.04266700817893955
neural_fusion,neural_bidir_seed4_fusion,0.03,36,1,2,0.04600070357505258
summary_ridge_prior,none,0.03,0,1,3,0.05536197905379434
neural_prior,neural_bidir_seed0_prior,0.03,0,1,3,0.06616290965757798
neural_prior,neural_bidir_seed1_prior,0.03,0,1,3,0.07030159106943756
neural_prior,neural_bidir_seed2_prior,0.03,0,1,3,0.053543963585980237
neural_prior,neural_bidir_seed3_prior,0.03,0,1,3,0.05076352518517524
neural_prior,neural_bidir_seed4_prior,0.03,0,1,3,0.05561308727192227
dfe,none,0.03,32,1,3,0.09671872358220766
dfe,none,0.03,92,1,3,0.05675693317323864
summary_ridge_fusion,none,0.03,32,1,3,0.06356512430036132
neural_fusion,neural_bidir_seed0_fusion,0.03,32,1,3,0.05494446951333783
neural_fusion,neural_bidir_seed1_fusion,0.03,32,1,3,0.056960662535449756
neural_fusion,neural_bidir_seed2_fusion,0.03,32,1,3,0.05182056076365106
neural_fusion,neural_bidir_seed3_fusion,0.03,32,1,3,0.05162766347203312
neural_fusion,neural_bidir_seed4_fusion,0.03,32,1,3,0.05428817696023628
summary_ridge_fusion,none,0.03,36,1,3,0.05080589567433538
neural_fusion,neural_bidir_seed0_fusion,0.03,36,1,3,0.053914993244753406
neural_fusion,neural_bidir_seed1_fusion,0.03,36,1,3,0.05598788915810443
neural_fusion,neural_bidir_seed2_fusion,0.03,36,1,3,0.04648150057541704
neural_fusion,neural_bidir_seed3_fusion,0.03,36,1,3,0.04510898752956047
neural_fusion,neural_bidir_seed4_fusion,0.03,36,1,3,0.04785583278201692
summary_ridge_prior,none,0.03,0,1,4,0.046652596344237365
neural_prior,neural_bidir_seed0_prior,0.03,0,1,4,0.06694126187358052
neural_prior,neural_bidir_seed1_prior,0.03,0,1,4,0.07133726168831345
neural_prior,neural_bidir_seed2_prior,0.03,0,1,4,0.052103159730904736
neural_prior,neural_bidir_seed3_prior,0.03,0,1,4,0.04832633151090704
neural_prior,neural_bidir_seed4_prior,0.03,0,1,4,0.05365631736640353
dfe,none,0.03,32,1,4,0.0956681970500095
dfe,none,0.03,92,1,4,0.056842334862498484
summary_ridge_fusion,none,0.03,32,1,4,0.04126973642916025
neural_fusion,neural_bidir_seed0_fusion,0.03,32,1,4,0.05617146650746437
neural_fusion,neural_bidir_seed1_fusion,0.03,32,1,4,0.057576200673752666
neural_fusion,neural_bidir_seed2_fusion,0.03,32,1,4,0.04599510010517617
neural_fusion,neural_bidir_seed3_fusion,0.03,32,1,4,0.04334859441649749
neural_fusion,neural_bidir_seed4_fusion,0.03,32,1,4,0.04694254319891976
summary_ridge_fusion,none,0.03,36,1,4,0.0411172957817635
neural_fusion,neural_bidir_seed0_fusion,0.03,36,1,4,0.05439412279203629
neural_fusion,neural_bidir_seed1_fusion,0.03,36,1,4,0.05611871502155194
neural_fusion,neural_bidir_seed2_fusion,0.03,36,1,4,0.045064814404275996
neural_fusion,neural_bidir_seed3_fusion,0.03,36,1,4,0.04254660400392776
neural_fusion,neural_bidir_seed4_fusion,0.03,36,1,4,0.04604705257680533
summary_ridge_prior,none,0.03,0,2,0,0.050124901238883884
neural_prior,neural_bidir_seed0_prior,0.03,0,2,0,0.0675839365721913
neural_prior,neural_bidir_seed1_prior,0.03,0,2,0,0.07226349391567055
neural_prior,neural_bidir_seed2_prior,0.03,0,2,0,0.05171602735936176
neural_prior,neural_bidir_seed3_prior,0.03,0,2,0,0.047585910448106006
neural_prior,neural_bidir_seed4_prior,0.03,0,2,0,0.05307783494936302
dfe,none,0.03,32,2,0,0.09662698871198039
dfe,none,0.03,92,2,0,0.05809667995101217
summary_ridge_fusion,none,0.03,32,2,0,0.04418993045193355
neural_fusion,neural_bidir_seed0_fusion,0.03,32,2,0,0.054215197056993264
neural_fusion,neural_bidir_seed1_fusion,0.03,32,2,0,0.05623371734744973
neural_fusion,neural_bidir_seed2_fusion,0.03,32,2,0,0.04555200174811791
neural_fusion,neural_bidir_seed3_fusion,0.03,32,2,0,0.0427053047932847
neural_fusion,neural_bidir_seed4_fusion,0.03,32,2,0,0.04666537046021866
summary_ridge_fusion,none,0.03,36,2,0,0.044626538910051604
neural_fusion,neural_bidir_seed0_fusion,0.03,36,2,0,0.052519173517961024
neural_fusion,neural_bidir_seed1_fusion,0.03,36,2,0,0.0541910993597231
neural_fusion,neural_bidir_seed2_fusion,0.03,36,2,0,0.044502590147916965
neural_fusion,neural_bidir_seed3_fusion,0.03,36,2,0,0.04212741378497768
neural_fusion,neural_bidir_seed4_fusion,0.03,36,2,0,0.04594952125397324
summary_ridge_prior,none,0.03,0,2,1,0.04638299860467429
neural_prior,neural_bidir_seed0_prior,0.03,0,2,1,0.06599048119096551
neural_prior,neural_bidir_seed1_prior,0.03,0,2,1,0.0703804009972373
neural_prior,neural_bidir_seed2_prior,0.03,0,2,1,0.05101080794702284
neural_prior,neural_bidir_seed3_prior,0.03,0,2,1,0.04729203731403686
neural_prior,neural_bidir_seed4_prior,0.03,0,2,1,0.0526161491725361
dfe,none,0.03,32,2,1,0.09595624845733573
dfe,none,0.03,92,2,1,0.05585246921889
summary_ridge_fusion,none,0.03,32,2,1,0.0417083640759508
neural_fusion,neural_bidir_seed0_fusion,0.03,32,2,1,0.05472732007737658
neural_fusion,neural_bidir_seed1_fusion,0.03,32,2,1,0.05688373148723555
neural_fusion,neural_bidir_seed2_fusion,0.03,32,2,1,0.04615813087572661
neural_fusion,neural_bidir_seed3_fusion,0.03,32,2,1,0.04366033570223537
neural_fusion,neural_bidir_seed4_fusion,0.03,32,2,1,0.047207101942716656
summary_ridge_fusion,none,0.03,36,2,1,0.042093805799292394
neural_fusion,neural_bidir_seed0_fusion,0.03,36,2,1,0.05858839743915398
neural_fusion,neural_bidir_seed1_fusion,0.03,36,2,1,0.060182296023652104
neural_fusion,neural_bidir_seed2_fusion,0.03,36,2,1,0.048528161103211995
neural_fusion,neural_bidir_seed3_fusion,0.03,36,2,1,0.04565321687414632
neural_fusion,neural_bidir_seed4_fusion,0.03,36,2,1,0.04816818975567472
summary_ridge_prior,none,0.03,0,2,2,0.051405680665370546
neural_prior,neural_bidir_seed0_prior,0.03,0,2,2,0.0670564430183731
neural_prior,neural_bidir_seed1_prior,0.03,0,2,2,0.07187449307821225
neural_prior,neural_bidir_seed2_prior,0.03,0,2,2,0.05133889779972378
neural_prior,neural_bidir_seed3_prior,0.03,0,2,2,0.04756187688326463
neural_prior,neural_bidir_seed4_prior,0.03,0,2,2,0.052540682823746465
dfe,none,0.03,32,2,2,0.09666553313482051
dfe,none,0.03,92,2,2,0.05691971052713945
summary_ridge_fusion,none,0.03,32,2,2,0.04608714884044385
neural_fusion,neural_bidir_seed0_fusion,0.03,32,2,2,0.05574818249151851
neural_fusion,neural_bidir_seed1_fusion,0.03,32,2,2,0.05825356212098691
neural_fusion,neural_bidir_seed2_fusion,0.03,32,2,2,0.04707063696888768
neural_fusion,neural_bidir_seed3_fusion,0.03,32,2,2,0.04419891955656338
neural_fusion,neural_bidir_seed4_fusion,0.03,32,2,2,0.04805936237741193
summary_ridge_fusion,none,0.03,36,2,2,0.0474224010351875
neural_fusion,neural_bidir_seed0_fusion,0.03,36,2,2,0.05376027730490119
neural_fusion,neural_bidir_seed1_fusion,0.03,36,2,2,0.056257893978227266
neural_fusion,neural_bidir_seed2_fusion,0.03,36,2,2,0.045277016848856357
neural_fusion,neural_bidir_seed3_fusion,0.03,36,2,2,0.04259225464131727
neural_fusion,neural_bidir_seed4_fusion,0.03,36,2,2,0.04651828009524414
summary_ridge_prior,none,0.03,0,2,3,0.049001261093628276
neural_prior,neural_bidir_seed0_prior,0.03,0,2,3,0.07030248174851295
neural_prior,neural_bidir_seed1_prior,0.03,0,2,3,0.07468752913700882
neural_prior,neural_bidir_seed2_prior,0.03,0,2,3,0.054275391303235665
neural_prior,neural_bidir_seed3_prior,0.03,0,2,3,0.04960228080744855
neural_prior,neural_bidir_seed4_prior,0.03,0,2,3,0.05524588756088633
dfe,none,0.03,32,2,3,0.09642223540952587
dfe,none,0.03,92,2,3,0.05714272323312771
summary_ridge_fusion,none,0.03,32,2,3,0.049001261093628276
neural_fusion,neural_bidir_seed0_fusion,0.03,32,2,3,0.05729372368619361
neural_fusion,neural_bidir_seed1_fusion,0.03,32,2,3,0.05954459506617983
neural_fusion,neural_bidir_seed2_fusion,0.03,32,2,3,0.04862311612472028
neural_fusion,neural_bidir_seed3_fusion,0.03,32,2,3,0.04584833150678787
neural_fusion,neural_bidir_seed4_fusion,0.03,32,2,3,0.049523356597201716
summary_ridge_fusion,none,0.03,36,2,3,0.04444332185407269
neural_fusion,neural_bidir_seed0_fusion,0.03,36,2,3,0.055488405810638866
neural_fusion,neural_bidir_seed1_fusion,0.03,36,2,3,0.05729539288781983
neural_fusion,neural_bidir_seed2_fusion,0.03,36,2,3,0.047267148964831855
neural_fusion,neural_bidir_seed3_fusion,0.03,36,2,3,0.04453213040484026
neural_fusion,neural_bidir_seed4_fusion,0.03,36,2,3,0.04825409258094902
summary_ridge_prior,none,0.03,0,2,4,0.04902119582275589
neural_prior,neural_bidir_seed0_prior,0.03,0,2,4,0.06657633061695378
neural_prior,neural_bidir_seed1_prior,0.03,0,2,4,0.07102258956001606
neural_prior,neural_bidir_seed2_prior,0.03,0,2,4,0.05077462574990932
neural_prior,neural_bidir_seed3_prior,0.03,0,2,4,0.04690357725485228
neural_prior,neural_bidir_seed4_prior,0.03,0,2,4,0.05193960291217081
dfe,none,0.03,32,2,4,0.09584920985618678
dfe,none,0.03,92,2,4,0.05765737081231545
summary_ridge_fusion,none,0.03,32,2,4,0.04564076741556647
neural_fusion,neural_bidir_seed0_fusion,0.03,32,2,4,0.05603718218724719
neural_fusion,neural_bidir_seed1_fusion,0.03,32,2,4,0.05801879313607047
neural_fusion,neural_bidir_seed2_fusion,0.03,32,2,4,0.046304341403351434
neural_fusion,neural_bidir_seed3_fusion,0.03,32,2,4,0.044065507434926335
neural_fusion,neural_bidir_seed4_fusion,0.03,32,2,4,0.04679975925624863
summary_ridge_fusion,none,0.03,36,2,4,0.04470350834680375
neural_fusion,neural_bidir_seed0_fusion,0.03,36,2,4,0.053635263496610186
neural_fusion,neural_bidir_seed1_fusion,0.03,36,2,4,0.05558996383564033
neural_fusion,neural_bidir_seed2_fusion,0.03,36,2,4,0.04480993895352056
neural_fusion,neural_bidir_seed3_fusion,0.03,36,2,4,0.04254920453829175
neural_fusion,neural_bidir_seed4_fusion,0.03,36,2,4,0.0457233820333879
summary_ridge_prior,none,0.03,0,3,0,0.04520594707497795
neural_prior,neural_bidir_seed0_prior,0.03,0,3,0,0.06647074183274526
neural_prior,neural_bidir_seed1_prior,0.03,0,3,0,0.07161423887009732
neural_prior,neural_bidir_seed2_prior,0.03,0,3,0,0.052585033379727975
neural_prior,neural_bidir_seed3_prior,0.03,0,3,0,0.048339827451854944
neural_prior,neural_bidir_seed4_prior,0.03,0,3,0,0.054979634762275964
dfe,none,0.03,32,3,0,0.09680684026783537
dfe,none,0.03,92,3,0,0.05844751328407724
summary_ridge_fusion,none,0.03,32,3,0,0.0414405408857259
neural_fusion,neural_bidir_seed0_fusion,0.03,32,3,0,0.054394882114183446
neural_fusion,neural_bidir_seed1_fusion,0.03,32,3,0,0.05703268504058326
neural_fusion,neural_bidir_seed2_fusion,0.03,32,3,0,0.04699510190765164
neural_fusion,neural_bidir_seed3_fusion,0.03,32,3,0,0.044446222182558545
neural_fusion,neural_bidir_seed4_fusion,0.03,32,3,0,0.04874790451130914
summary_ridge_fusion,none,0.03,36,3,0,0.04547033201907825
neural_fusion,neural_bidir_seed0_fusion,0.03,36,3,0,0.054743341117472255
neural_fusion,neural_bidir_seed1_fusion,0.03,36,3,0,0.057080925992096285
neural_fusion,neural_bidir_seed2_fusion,0.03,36,3,0,0.04928661345393351
neural_fusion,neural_bidir_seed3_fusion,0.03,36,3,0,0.047347295647102994
neural_fusion,neural_bidir_seed4_fusion,0.03,36,3,0,0.05133265168096408
summary_ridge_prior,none,0.03,0,3,1,0.05724398707455288
neural_prior,neural_bidir_seed0_prior,0.03,0,3,1,0.06689336398267187
neural_prior,neural_bidir_seed1_prior,0.03,0,3,1,0.07158848045219202
neural_prior,neural_bidir_seed2_prior,0.03,0,3,1,0.05111476169258822
neural_prior,neural_bidir_seed3_prior,0.03,0,3,1,0.0472192378656473
neural_prior,neural_bidir_seed4_prior,0.03,0,3,1,0.05275217523740139
dfe,none,0.03,32,3,1,0.09848912830383592
dfe,none,0.03,92,3,1,0.05679265853982224
summary_ridge_fusion,none,0.03,32,3,1,0.049678579529486386
neural_fusion,neural_bidir_seed0_fusion,0.03,32,3,1,0.05383604056387882
neural_fusion,neural_bidir_seed1_fusion,0.03,32,3,1,0.05636588474032354
neural_fusion,neural_bidir_seed2_fusion,0.03,32,3,1,0.04530980356525196
neural_fusion,neural_bidir_seed3_fusion,0.03,32,3,1,0.042743891784723154
neural_fusion,neural_bidir_seed4_fusion,0.03,32,3,1,0.04680865982040858
summary_ridge_fusion,none,0.03,36,3,1,0.05039483530631747
neural_fusion,neural_bidir_seed0_fusion,0.03,36,3,1,0.05478760476152411
neural_fusion,neural_bidir_seed1_fusion,0.03,36,3,1,0.05717792774515012
neural_fusion,neural_bidir_seed2_fusion,0.03,36,3,1,0.045742519097983825
neural_fusion,neural_bidir_seed3_fusion,0.03,36,3,1,0.04328738987048192
neural_fusion,neural_bidir_seed4_fusion,0.03,36,3,1,0.04712474365557364
summary_ridge_prior,none,0.03,0,3,2,0.061434063641949754
neural_prior,neural_bidir_seed0_prior,0.03,0,3,2,0.06893278528878
neural_prior,neural_bidir_seed1_prior,0.03,0,3,2,0.07362576000741683
neural_prior,neural_bidir_seed2_prior,0.03,0,3,2,0.05253018760413397
neural_prior,neural_bidir_seed3_prior,0.03,0,3,2,0.048509854343137704
neural_prior,neural_bidir_seed4_prior,0.03,0,3,2,0.054263587822788395
dfe,none,0.03,32,3,2,0.09613087113324746
dfe,none,0.03,92,3,2,0.05649735411143804
summary_ridge_fusion,none,0.03,32,3,2,0.057172564815112535
neural_fusion,neural_bidir_seed0_fusion,0.03,32,3,2,0.054880591367558615
neural_fusion,neural_bidir_seed1_fusion,0.03,32,3,2,0.05681935100820718
neural_fusion,neural_bidir_seed2_fusion,0.03,32,3,2,0.04591901444977162
neural_fusion,neural_bidir_seed3_fusion,0.03,32,3,2,0.04347008766567234
neural_fusion,neural_bidir_seed4_fusion,0.03,32,3,2,0.04716378980014645
summary_ridge_fusion,none,0.03,36,3,2,0.05429779602176471
neural_fusion,neural_bidir_seed0_fusion,0.03,36,3,2,0.05473270553120406
neural_fusion,neural_bidir_seed1_fusion,0.03,36,3,2,0.05707953030002827
neural_fusion,neural_bidir_seed2_fusion,0.03,36,3,2,0.045698111159033286
neural_fusion,neural_bidir_seed3_fusion,0.03,36,3,2,0.042985683596485566
neural_fusion,neural_bidir_seed4_fusion,0.03,36,3,2,0.04694407717715113
summary_ridge_prior,none,0.03,0,3,3,0.054184067234932715
neural_prior,neural_bidir_seed0_prior,0.03,0,3,3,0.06914655544096604
neural_prior,neural_bidir_seed1_prior,0.03,0,3,3,0.07385662857268471
neural_prior,neural_bidir_seed2_prior,0.03,0,3,3,0.05333671742118895
neural_prior,neural_bidir_seed3_prior,0.03,0,3,3,0.048995162011124194
neural_prior,neural_bidir_seed4_prior,0.03,0,3,3,0.05482266990293283
dfe,none,0.03,32,3,3,0.09681032321729285
dfe,none,0.03,92,3,3,0.05638129724812079
summary_ridge_fusion,none,0.03,32,3,3,0.0492834073061776
neural_fusion,neural_bidir_seed0_fusion,0.03,32,3,3,0.05735801899757819
neural_fusion,neural_bidir_seed1_fusion,0.03,32,3,3,0.059412772606546066
neural_fusion,neural_bidir_seed2_fusion,0.03,32,3,3,0.049720614646417416
neural_fusion,neural_bidir_seed3_fusion,0.03,32,3,3,0.04753273037593317
neural_fusion,neural_bidir_seed4_fusion,0.03,32,3,3,0.050814985127314874
summary_ridge_fusion,none,0.03,36,3,3,0.049201118570435506
neural_fusion,neural_bidir_seed0_fusion,0.03,36,3,3,0.056927128354925194
neural_fusion,neural_bidir_seed1_fusion,0.03,36,3,3,0.059170334571113085
neural_fusion,neural_bidir_seed2_fusion,0.03,36,3,3,0.04715250323639286
neural_fusion,neural_bidir_seed3_fusion,0.03,36,3,3,0.0444006281049088
neural_fusion,neural_bidir_seed4_fusion,0.03,36,3,3,0.048238113995640736
summary_ridge_prior,none,0.03,0,3,4,0.050803036138339974
neural_prior,neural_bidir_seed0_prior,0.03,0,3,4,0.0654401231004158
neural_prior,neural_bidir_seed1_prior,0.03,0,3,4,0.06936338535160758
neural_prior,neural_bidir_seed2_prior,0.03,0,3,4,0.051214683378930204
neural_prior,neural_bidir_seed3_prior,0.03,0,3,4,0.047464272152865306
neural_prior,neural_bidir_seed4_prior,0.03,0,3,4,0.05225786477967631
dfe,none,0.03,32,3,4,0.0976287591886899
dfe,none,0.03,92,3,4,0.05708641935212551
summary_ridge_fusion,none,0.03,32,3,4,0.045709026580011775
neural_fusion,neural_bidir_seed0_fusion,0.03,32,3,4,0.05332747753857923
neural_fusion,neural_bidir_seed1_fusion,0.03,32,3,4,0.05545692718558599
neural_fusion,neural_bidir_seed2_fusion,0.03,32,3,4,0.04504049658993998
neural_fusion,neural_bidir_seed3_fusion,0.03,32,3,4,0.04253247116121866
neural_fusion,neural_bidir_seed4_fusion,0.03,32,3,4,0.046134176789047215
summary_ridge_fusion,none,0.03,36,3,4,0.045207289785951295
neural_fusion,neural_bidir_seed0_fusion,0.03,36,3,4,0.051770530880058264
neural_fusion,neural_bidir_seed1_fusion,0.03,36,3,4,0.053447877635567666
neural_fusion,neural_bidir_seed2_fusion,0.03,36,3,4,0.044571951530203185
neural_fusion,neural_bidir_seed3_fusion,0.03,36,3,4,0.0425123385535311
neural_fusion,neural_bidir_seed4_fusion,0.03,36,3,4,0.04550739205354048
summary_ridge_prior,none,0.03,0,4,0,0.05117995334546846
neural_prior,neural_bidir_seed0_prior,0.03,0,4,0,0.06731120083713904
neural_prior,neural_bidir_seed1_prior,0.03,0,4,0,0.07203806990582962
neural_prior,neural_bidir_seed2_prior,0.03,0,4,0,0.050970220007002354
neural_prior,neural_bidir_seed3_prior,0.03,0,4,0,0.04709520128380973
neural_prior,neural_bidir_seed4_prior,0.03,0,4,0,0.052067775672185235
dfe,none,0.03,32,4,0,0.09578659215880554
dfe,none,0.03,92,4,0,0.05658064760617154
summary_ridge_fusion,none,0.03,32,4,0,0.0474225688267945
neural_fusion,neural_bidir_seed0_fusion,0.03,32,4,0,0.053401240744647284
neural_fusion,neural_bidir_seed1_fusion,0.03,32,4,0,0.05545355730737256
neural_fusion,neural_bidir_seed2_fusion,0.03,32,4,0,0.04525942388681918
neural_fusion,neural_bidir_seed3_fusion,0.03,32,4,0,0.04321596184944872
neural_fusion,neural_bidir_seed4_fusion,0.03,32,4,0,0.04664066320954348
summary_ridge_fusion,none,0.03,36,4,0,0.04594077043261278
neural_fusion,neural_bidir_seed0_fusion,0.03,36,4,0,0.05454839838590282
neural_fusion,neural_bidir_seed1_fusion,0.03,36,4,0,0.056711871522901816
neural_fusion,neural_bidir_seed2_fusion,0.03,36,4,0,0.045502818716776125
neural_fusion,neural_bidir_seed3_fusion,0.03,36,4,0,0.04329256884724397
neural_fusion,neural_bidir_seed4_fusion,0.03,36,4,0,0.045707758715479066
summary_ridge_prior,none,0.03,0,4,1,0.049288004129421914
neural_prior,neural_bidir_seed0_prior,0.03,0,4,1,0.07116571189544629
neural_prior,neural_bidir_seed1_prior,0.03,0,4,1,0.07673714219708927
neural_prior,neural_bidir_seed2_prior,0.03,0,4,1,0.0545966372883413
neural_prior,neural_bidir_seed3_prior,0.03,0,4,1,0.04906281728472095
neural_prior,neural_bidir_seed4_prior,0.03,0,4,1,0.05611550078901928
dfe,none,0.03,32,4,1,0.09735362542990408
dfe,none,0.03,92,4,1,0.05623315906348446
summary_ridge_fusion,none,0.03,32,4,1,0.047827644191635946
neural_fusion,neural_bidir_seed0_fusion,0.03,32,4,1,0.056791997951556636
neural_fusion,neural_bidir_seed1_fusion,0.03,32,4,1,0.05943836651037976
neural_fusion,neural_bidir_seed2_fusion,0.03,32,4,1,0.04721351969471041
neural_fusion,neural_bidir_seed3_fusion,0.03,32,4,1,0.04393436647218082
neural_fusion,neural_bidir_seed4_fusion,0.03,32,4,1,0.04811147044021548
summary_ridge_fusion,none,0.03,36,4,1,0.0448263404226804
neural_fusion,neural_bidir_seed0_fusion,0.03,36,4,1,0.056404754953619324
neural_fusion,neural_bidir_seed1_fusion,0.03,36,4,1,0.058845361736474144
neural_fusion,neural_bidir_seed2_fusion,0.03,36,4,1,0.047393037047520056
neural_fusion,neural_bidir_seed3_fusion,0.03,36,4,1,0.044381567502022726
neural_fusion,neural_bidir_seed4_fusion,0.03,36,4,1,0.04836465553149178
summary_ridge_prior,none,0.03,0,4,2,0.04992982831870514
neural_prior,neural_bidir_seed0_prior,0.03,0,4,2,0.06579198349209037
neural_prior,neural_bidir_seed1_prior,0.03,0,4,2,0.0700548075401457
neural_prior,neural_bidir_seed2_prior,0.03,0,4,2,0.05089025512279477
neural_prior,neural_bidir_seed3_prior,0.03,0,4,2,0.047255713609047234
neural_prior,neural_bidir_seed4_prior,0.03,0,4,2,0.05202902104065288
dfe,none,0.03,32,4,2,0.09732535864404747
dfe,none,0.03,92,4,2,0.057978300850112824
summary_ridge_fusion,none,0.03,32,4,2,0.04992982831870514
neural_fusion,neural_bidir_seed0_fusion,0.03,32,4,2,0.05820631227503099
neural_fusion,neural_bidir_seed1_fusion,0.03,32,4,2,0.06050050153115051
neural_fusion,neural_bidir_seed2_fusion,0.03,32,4,2,0.049705405280137414
neural_fusion,neural_bidir_seed3_fusion,0.03,32,4,2,0.047255713609047234
neural_fusion,neural_bidir_seed4_fusion,0.03,32,4,2,0.05026343026543713
summary_ridge_fusion,none,0.03,36,4,2,0.04430932071955227
neural_fusion,neural_bidir_seed0_fusion,0.03,36,4,2,0.05260545794340098
neural_fusion,neural_bidir_seed1_fusion,0.03,36,4,2,0.054489506051401564
neural_fusion,neural_bidir_seed2_fusion,0.03,36,4,2,0.043995061019345374
neural_fusion,neural_bidir_seed3_fusion,0.03,36,4,2,0.04171670078624978
neural_fusion,neural_bidir_seed4_fusion,0.03,36,4,2,0.04479071337013645
summary_ridge_prior,none,0.03,0,4,3,0.05243771343717678
neural_prior,neural_bidir_seed0_prior,0.03,0,4,3,0.06733187653298955
neural_prior,neural_bidir_seed1_prior,0.03,0,4,3,0.07209634478203952
neural_prior,neural_bidir_seed2_prior,0.03,0,4,3,0.05115908969310112
neural_prior,neural_bidir_seed3_prior,0.03,0,4,3,0.047451240752707236
neural_prior,neural_bidir_seed4_prior,0.03,0,4,3,0.052074123072088696
dfe,none,0.03,32,4,3,0.09663062152592715
dfe,none,0.03,92,4,3,0.05726731592505499
summary_ridge_fusion,none,0.03,32,4,3,0.048272730659307816
neural_fusion,neural_bidir_seed0_fusion,0.03,32,4,3,0.054722113678265766
neural_fusion,neural_bidir_seed1_fusion,0.03,32,4,3,0.057046777650731684
neural_fusion,neural_bidir_seed2_fusion,0.03,32,4,3,0.046793645233719136
neural_fusion,neural_bidir_seed3_fusion,0.03,32,4,3,0.044899364940332136
neural_fusion,neural_bidir_seed4_fusion,0.03,32,4,3,0.04838267428395458
summary_ridge_fusion,none,0.03,36,4,3,0.046623855783375835
neural_fusion,neural_bidir_seed0_fusion,0.03,36,4,3,0.05287994177358594
neural_fusion,neural_bidir_seed1_fusion,0.03,36,4,3,0.05460796578106391
neural_fusion,neural_bidir_seed2_fusion,0.03,36,4,3,0.04479654023189599
neural_fusion,neural_bidir_seed3_fusion,0.03,36,4,3,0.04295517385216455
neural_fusion,neural_bidir_seed4_fusion,0.03,36,4,3,0.045198306609027294
summary_ridge_prior,none,0.03,0,4,4,0.053601754354923654
neural_prior,neural_bidir_seed0_prior,0.03,0,4,4,0.06681314313027542
neural_prior,neural_bidir_seed1_prior,0.03,0,4,4,0.07183208568312693
neural_prior,neural_bidir_seed2_prior,0.03,0,4,4,0.05191606171138119
neural_prior,neural_bidir_seed3_prior,0.03,0,4,4,0.04781590623315424
neural_prior,neural_bidir_seed4_prior,0.03,0,4,4,0.05398158129537478
dfe,none,0.03,32,4,4,0.09409164778233081
dfe,none,0.03,92,4,4,0.05748431769802681
summary_ridge_fusion,none,0.03,32,4,4,0.046762400656280116
neural_fusion,neural_bidir_seed0_fusion,0.03,32,4,4,0.053973491727494854
neural_fusion,neural_bidir_seed1_fusion,0.03,32,4,4,0.05647390610327316
neural_fusion,neural_bidir_seed2_fusion,0.03,32,4,4,0.04533601378662304
neural_fusion,neural_bidir_seed3_fusion,0.03,32,4,4,0.04270332787366036
neural_fusion,neural_bidir_seed4_fusion,0.03,32,4,4,0.046632551155242404
summary_ridge_fusion,none,0.03,36,4,4,0.050191262216359736
neural_fusion,neural_bidir_seed0_fusion,0.03,36,4,4,0.05637229404080726
neural_fusion,neural_bidir_seed1_fusion,0.03,36,4,4,0.059152958415729366
neural_fusion,neural_bidir_seed2_fusion,0.03,36,4,4,0.047447021979586876
neural_fusion,neural_bidir_seed3_fusion,0.03,36,4,4,0.04500965039321715
neural_fusion,neural_bidir_seed4_fusion,0.03,36,4,4,0.04902396334150218
summary_ridge_prior,none,0.03,0,5,0,0.04464979161978213
neural_prior,neural_bidir_seed0_prior,0.03,0,5,0,0.06614632697892375
neural_prior,neural_bidir_seed1_prior,0.03,0,5,0,0.07091205666074529
neural_prior,neural_bidir_seed2_prior,0.03,0,5,0,0.051338657227461226
neural_prior,neural_bidir_seed3_prior,0.03,0,5,0,0.047454161947825924
neural_prior,neural_bidir_seed4_prior,0.03,0,5,0,0.0532178998546442
dfe,none,0.03,32,5,0,0.09856843124844074
dfe,none,0.03,92,5,0,0.05731487670291964
summary_ridge_fusion,none,0.03,32,5,0,0.04090331913099078
neural_fusion,neural_bidir_seed0_fusion,0.03,32,5,0,0.05423195542225738
neural_fusion,neural_bidir_seed1_fusion,0.03,32,5,0,0.05645743836226927
neural_fusion,neural_bidir_seed2_fusion,0.03,32,5,0,0.045849704188660315
neural_fusion,neural_bidir_seed3_fusion,0.03,32,5,0,0.04349347604766121
neural_fusion,neural_bidir_seed4_fusion,0.03,32,5,0,0.04760605865846109
summary_ridge_fusion,none,0.03,36,5,0,0.04043266047363718
neural_fusion,neural_bidir_seed0_fusion,0.03,36,5,0,0.05283444252309454
neural_fusion,neural_bidir_seed1_fusion,0.03,36,5,0,0.05493493502725948
neural_fusion,neural_bidir_seed2_fusion,0.03,36,5,0,0.04485492496751893
neural_fusion,neural_bidir_seed3_fusion,0.03,36,5,0,0.04256901958444531
neural_fusion,neural_bidir_seed4_fusion,0.03,36,5,0,0.04636167180004243
summary_ridge_prior,none,0.03,0,5,1,0.048643798425705154
neural_prior,neural_bidir_seed0_prior,0.03,0,5,1,0.06628851575078443
neural_prior,neural_bidir_seed1_prior,0.03,0,5,1,0.07118546024139505
neural_prior,neural_bidir_seed2_prior,0.03,0,5,1,0.0508324412512593
neural_prior,neural_bidir_seed3_prior,0.03,0,5,1,0.04684965436172206
neural_prior,neural_bidir_seed4_prior,0.03,0,5,1,0.05240790356765501
dfe,none,0.03,32,5,1,0.09797794797598039
dfe,none,0.03,92,5,1,0.057198107908962736
summary_ridge_fusion,none,0.03,32,5,1,0.04775464348400503
neural_fusion,neural_bidir_seed0_fusion,0.03,32,5,1,0.053951572636983997
neural_fusion,neural_bidir_seed1_fusion,0.03,32,5,1,0.05617502201263968
neural_fusion,neural_bidir_seed2_fusion,0.03,32,5,1,0.04505723416350592
neural_fusion,neural_bidir_seed3_fusion,0.03,32,5,1,0.042491178120407404
neural_fusion,neural_bidir_seed4_fusion,0.03,32,5,1,0.04620616274345034
summary_ridge_fusion,none,0.03,36,5,1,0.05695379098448298
neural_fusion,neural_bidir_seed0_fusion,0.03,36,5,1,0.05484347078384785
neural_fusion,neural_bidir_seed1_fusion,0.03,36,5,1,0.05703427297789619
neural_fusion,neural_bidir_seed2_fusion,0.03,36,5,1,0.0480281501513899
neural_fusion,neural_bidir_seed3_fusion,0.03,36,5,1,0.045547450757196434
neural_fusion,neural_bidir_seed4_fusion,0.03,36,5,1,0.0500721145193233
summary_ridge_prior,none,0.03,0,5,2,0.05223859187586542
neural_prior,neural_bidir_seed0_prior,0.03,0,5,2,0.06776952247309964
neural_prior,neural_bidir_seed1_prior,0.03,0,5,2,0.07250782242044806
neural_prior,neural_bidir_seed2_prior,0.03,0,5,2,0.0537290453503374
neural_prior,neural_bidir_seed3_prior,0.03,0,5,2,0.04996945589664392
neural_prior,neural_bidir_seed4_prior,0.03,0,5,2,0.05524059738672804
dfe,none,0.03,32,5,2,0.09765351551040091
dfe,none,0.03,92,5,2,0.057787576357153585
summary_ridge_fusion,none,0.03,32,5,2,0.04719081582735468
neural_fusion,neural_bidir_seed0_fusion,0.03,32,5,2,0.055545585028641084
neural_fusion,neural_bidir_seed1_fusion,0.03,32,5,2,0.058047545432852066
neural_fusion,neural_bidir_seed2_fusion,0.03,32,5,2,0.04687229382982243
neural_fusion,neural_bidir_seed3_fusion,0.03,32,5,2,0.044494954950964435
neural_fusion,neural_bidir_seed4_fusion,0.03,32,5,2,0.048061212567412664
summary_ridge_fusion,none,0.03,36,5,2,0.04872810177518118
neural_fusion,neural_bidir_seed0_fusion,0.03,36,5,2,0.05513243540760774
neural_fusion,neural_bidir_seed1_fusion,0.03,36,5,2,0.05730141447857623
neural_fusion,neural_bidir_seed2_fusion,0.03,36,5,2,0.0469360792496193
neural_fusion,neural_bidir_seed3_fusion,0.03,36,5,2,0.04445460497105383
neural_fusion,neural_bidir_seed4_fusion,0.03,36,5,2,0.047929021879369274
summary_ridge_prior,none,0.03,0,5,3,0.05093089542640563
neural_prior,neural_bidir_seed0_prior,0.03,0,5,3,0.06700014001398813
neural_prior,neural_bidir_seed1_prior,0.03,0,5,3,0.07212258952495176
neural_prior,neural_bidir_seed2_prior,0.03,0,5,3,0.05159416813694406
neural_prior,neural_bidir_seed3_prior,0.03,0,5,3,0.048031550613814034
neural_prior,neural_bidir_seed4_prior,0.03,0,5,3,0.053096836141776294
dfe,none,0.03,32,5,3,0.09519898398018017
dfe,none,0.03,92,5,3,0.057210842938859335
summary_ridge_fusion,none,0.03,32,5,3,0.04530654197432242
neural_fusion,neural_bidir_seed0_fusion,0.03,32,5,3,0.05371049626873642
neural_fusion,neural_bidir_seed1_fusion,0.03,32,5,3,0.05569820328088522
neural_fusion,neural_bidir_seed2_fusion,0.03,32,5,3,0.045152740858427784
neural_fusion,neural_bidir_seed3_fusion,0.03,32,5,3,0.042834747219737235
neural_fusion,neural_bidir_seed4_fusion,0.03,32,5,3,0.046061339587864875
summary_ridge_fusion,none,0.03,36,5,3,0.04453484837659827
neural_fusion,neural_bidir_seed0_fusion,0.03,36,5,3,0.05320574911132313
neural_fusion,neural_bidir_seed1_fusion,0.03,36,5,3,0.05550564707014445
neural_fusion,neural_bidir_seed2_fusion,0.03,36,5,3,0.045102403800265006
neural_fusion,neural_bidir_seed3_fusion,0.03,36,5,3,0.042850371460118074
neural_fusion,neural_bidir_seed4_fusion,0.03,36,5,3,0.04629942605128111
summary_ridge_prior,none,0.03,0,5,4,0.04540457183319267
neural_prior,neural_bidir_seed0_prior,0.03,0,5,4,0.06745378514460754
neural_prior,neural_bidir_seed1_prior,0.03,0,5,4,0.07279883547744248
neural_prior,neural_bidir_seed2_prior,0.03,0,5,4,0.051622628190671094
neural_prior,neural_bidir_seed3_prior,0.03,0,5,4,0.04765660005796235
neural_prior,neural_bidir_seed4_prior,0.03,0,5,4,0.053536724983132444
dfe,none,0.03,32,5,4,0.09402224544623874
dfe,none,0.03,92,5,4,0.0577769174520222
summary_ridge_fusion,none,0.03,32,5,4,0.04190652255221518
neural_fusion,neural_bidir_seed0_fusion,0.03,32,5,4,0.05375546458720351
neural_fusion,neural_bidir_seed1_fusion,0.03,32,5,4,0.05615070091182434
neural_fusion,neural_bidir_seed2_fusion,0.03,32,5,4,0.04518051684044497
neural_fusion,neural_bidir_seed3_fusion,0.03,32,5,4,0.04258466298127025
neural_fusion,neural_bidir_seed4_fusion,0.03,32,5,4,0.04682163979999576
summary_ridge_fusion,none,0.03,36,5,4,0.04432759367790022
neural_fusion,neural_bidir_seed0_fusion,0.03,36,5,4,0.05337424679134783
neural_fusion,neural_bidir_seed1_fusion,0.03,36,5,4,0.05583330916948024
neural_fusion,neural_bidir_seed2_fusion,0.03,36,5,4,0.04589732387938699
neural_fusion,neural_bidir_seed3_fusion,0.03,36,5,4,0.04344332953996498
neural_fusion,neural_bidir_seed4_fusion,0.03,36,5,4,0.04784538927482728
summary_ridge_prior,none,0.03,0,6,0,0.05676573397379156
neural_prior,neural_bidir_seed0_prior,0.03,0,6,0,0.06641980624408461
neural_prior,neural_bidir_seed1_prior,0.03,0,6,0,0.06992388590879273
neural_prior,neural_bidir_seed2_prior,0.03,0,6,0,0.05366695101838559
neural_prior,neural_bidir_seed3_prior,0.03,0,6,0,0.05120944952068385
neural_prior,neural_bidir_seed4_prior,0.03,0,6,0,0.05613960535265505
dfe,none,0.03,32,6,0,0.09468680111014369
dfe,none,0.03,92,6,0,0.05792833067663731
summary_ridge_fusion,none,0.03,32,6,0,0.049293976691204916
neural_fusion,neural_bidir_seed0_fusion,0.03,32,6,0,0.05428621135424415
neural_fusion,neural_bidir_seed1_fusion,0.03,32,6,0,0.05593446384460228
neural_fusion,neural_bidir_seed2_fusion,0.03,32,6,0,0.04737936994231046
neural_fusion,neural_bidir_seed3_fusion,0.03,32,6,0,0.046158438679159516
neural_fusion,neural_bidir_seed4_fusion,0.03,32,6,0,0.04969448204700776
summary_ridge_fusion,none,0.03,36,6,0,0.04955125215532495
neural_fusion,neural_bidir_seed0_fusion,0.03,36,6,0,0.0531282401342858
neural_fusion,neural_bidir_seed1_fusion,0.03,36,6,0,0.05479130940581921
neural_fusion,neural_bidir_seed2_fusion,0.03,36,6,0,0.04643407436172914
neural_fusion,neural_bidir_seed3_fusion,0.03,36,6,0,0.04492138755016839
neural_fusion,neural_bidir_seed4_fusion,0.03,36,6,0,0.048213204478147614
summary_ridge_prior,none,0.03,0,6,1,0.05396444074828034
neural_prior,neural_bidir_seed0_prior,0.03,0,6,1,0.06621066716616042
neural_prior,neural_bidir_seed1_prior,0.03,0,6,1,0.07015377304924186
neural_prior,neural_bidir_seed2_prior,0.03,0,6,1,0.050944116432219744
neural_prior,neural_bidir_seed3_prior,0.03,0,6,1,0.04720824088144582
neural_prior,neural_bidir_seed4_prior,0.03,0,6,1,0.05247151281218976
dfe,none,0.03,32,6,1,0.09918893401472059
dfe,none,0.03,92,6,1,0.057065105659555374
summary_ridge_fusion,none,0.03,32,6,1,0.05150115413352846
neural_fusion,neural_bidir_seed0_fusion,0.03,32,6,1,0.05487745660327763
neural_fusion,neural_bidir_seed1_fusion,0.03,32,6,1,0.0568295139278625
neural_fusion,neural_bidir_seed2_fusion,0.03,32,6,1,0.045013292778597905
neural_fusion,neural_bidir_seed3_fusion,0.03,32,6,1,0.042376612694440555
neural_fusion,neural_bidir_seed4_fusion,0.03,32,6,1,0.04616346908111944
summary_ridge_fusion,none,0.03,36,6,1,0.05077952844695438
neural_fusion,neural_bidir_seed0_fusion,0.03,36,6,1,0.053453764005085176
neural_fusion,neural_bidir_seed1_fusion,0.03,36,6,1,0.055200944606601965
neural_fusion,neural_bidir_seed2_fusion,0.03,36,6,1,0.04485769188751536
neural_fusion,neural_bidir_seed3_fusion,0.03,36,6,1,0.04254482775565937
neural_fusion,neural_bidir_seed4_fusion,0.03,36,6,1,0.04614390935823737
summary_ridge_prior,none,0.03,0,6,2,0.04766916934815356
neural_prior,neural_bidir_seed0_prior,0.03,0,6,2,0.06565215416776482
neural_prior,neural_bidir_seed1_prior,0.03,0,6,2,0.06999096590152476
neural_prior,neural_bidir_seed2_prior,0.03,0,6,2,0.051468296980601735
neural_prior,neural_bidir_seed3_prior,0.03,0,6,2,0.047425196462427266
neural_prior,neural_bidir_seed4_prior,0.03,0,6,2,0.05248601316998247
dfe,none,0.03,32,6,2,0.09629438032026966
dfe,none,0.03,92,6,2,0.05628070826564179
summary_ridge_fusion,none,0.03,32,6,2,0.0423653831639093
neural_fusion,neural_bidir_seed0_fusion,0.03,32,6,2,0.05617782357217834
neural_fusion,neural_bidir_seed1_fusion,0.03,32,6,2,0.058066850433888956
neural_fusion,neural_bidir_seed2_fusion,0.03,32,6,2,0.046971817791712486
neural_fusion,neural_bidir_seed3_fusion,0.03,32,6,2,0.04450281308056453
neural_fusion,neural_bidir_seed4_fusion,0.03,32,6,2,0.047461814081496884
summary_ridge_fusion,none,0.03,36,6,2,0.04565662487099578
neural_fusion,neural_bidir_seed0_fusion,0.03,36,6,2,0.05259599002562764
neural_fusion,neural_bidir_seed1_fusion,0.03,36,6,2,0.05464475753091125
neural_fusion,neural_bidir_seed2_fusion,0.03,36,6,2,0.04438141800555103
neural_fusion,neural_bidir_seed3_fusion,0.03,36,6,2,0.04197335230558375
neural_fusion,neural_bidir_seed4_fusion,0.03,36,6,2,0.04520440706154221
summary_ridge_prior,none,0.03,0,6,3,0.04993818479116642
neural_prior,neural_bidir_seed0_prior,0.03,0,6,3,0.06684119057899807
neural_prior,neural_bidir_seed1_prior,0.03,0,6,3,0.07053280599939171
neural_prior,neural_bidir_seed2_prior,0.03,0,6,3,0.052215840230928734
neural_prior,neural_bidir_seed3_prior,0.03,0,6,3,0.048310897720512
neural_prior,neural_bidir_seed4_prior,0.03,0,6,3,0.053076545300427824
dfe,none,0.03,32,6,3,0.09718970898512935
dfe,none,0.03,92,6,3,0.0569106083305846
summary_ridge_fusion,none,0.03,32,6,3,0.04451508289051829
neural_fusion,neural_bidir_seed0_fusion,0.03,32,6,3,0.05464094822039299
neural_fusion,neural_bidir_seed1_fusion,0.03,32,6,3,0.05644340304707857
neural_fusion,neural_bidir_seed2_fusion,0.03,32,6,3,0.04616066989545055
neural_fusion,neural_bidir_seed3_fusion,0.03,32,6,3,0.04362517805028206
neural_fusion,neural_bidir_seed4_fusion,0.03,32,6,3,0.04696768970738133
summary_ridge_fusion,none,0.03,36,6,3,0.04434892630382058
neural_fusion,neural_bidir_seed0_fusion,0.03,36,6,3,0.05478404844257903
neural_fusion,neural_bidir_seed1_fusion,0.03,36,6,3,0.05673892982665073
neural_fusion,neural_bidir_seed2_fusion,0.03,36,6,3,0.04687198488179113
neural_fusion,neural_bidir_seed3_fusion,0.03,36,6,3,0.04447430597559102
neural_fusion,neural_bidir_seed4_fusion,0.03,36,6,3,0.04705287434561161
summary_ridge_prior,none,0.03,0,6,4,0.055529222236921284
neural_prior,neural_bidir_seed0_prior,0.03,0,6,4,0.06736411974998191
neural_prior,neural_bidir_seed1_prior,0.03,0,6,4,0.07229624997125939
neural_prior,neural_bidir_seed2_prior,0.03,0,6,4,0.05306672662845813
neural_prior,neural_bidir_seed3_prior,0.03,0,6,4,0.04991160267672967
neural_prior,neural_bidir_seed4_prior,0.03,0,6,4,0.05537537738564424
dfe,none,0.03,32,6,4,0.09745592997862906
dfe,none,0.03,92,6,4,0.05739562590468948
summary_ridge_fusion,none,0.03,32,6,4,0.048584453761781714
neural_fusion,neural_bidir_seed0_fusion,0.03,32,6,4,0.05656414311513166
neural_fusion,neural_bidir_seed1_fusion,0.03,32,6,4,0.05883904810153692
neural_fusion,neural_bidir_seed2_fusion,0.03,32,6,4,0.0478635228546542
neural_fusion,neural_bidir_seed3_fusion,0.03,32,6,4,0.045462821826788256
neural_fusion,neural_bidir_seed4_fusion,0.03,32,6,4,0.04906997597088171
summary_ridge_fusion,none,0.03,36,6,4,0.05083619654006137
neural_fusion,neural_bidir_seed0_fusion,0.03,36,6,4,0.05355181908593551
neural_fusion,neural_bidir_seed1_fusion,0.03,36,6,4,0.05582963488959178
neural_fusion,neural_bidir_seed2_fusion,0.03,36,6,4,0.04681107895995198
neural_fusion,neural_bidir_seed3_fusion,0.03,36,6,4,0.04501670151294656
neural_fusion,neural_bidir_seed4_fusion,0.03,36,6,4,0.0483443159416523
summary_ridge_prior,none,0.03,0,7,0,0.050513286036922865
neural_prior,neural_bidir_seed0_prior,0.03,0,7,0,0.06734644806419965
neural_prior,neural_bidir_seed1_prior,0.03,0,7,0,0.07097627814800944
neural_prior,neural_bidir_seed2_prior,0.03,0,7,0,0.05398510994564276
neural_prior,neural_bidir_seed3_prior,0.03,0,7,0,0.04989560144895222
neural_prior,neural_bidir_seed4_prior,0.03,0,7,0,0.055081617436371744
dfe,none,0.03,32,7,0,0.09809785172072708
dfe,none,0.03,92,7,0,0.05775451977202234
summary_ridge_fusion,none,0.03,32,7,0,0.045285071401218534
neural_fusion,neural_bidir_seed0_fusion,0.03,32,7,0,0.0588025806809051
neural_fusion,neural_bidir_seed1_fusion,0.03,32,7,0,0.06101344060081705
neural_fusion,neural_bidir_seed2_fusion,0.03,32,7,0,0.05211988365449723
neural_fusion,neural_bidir_seed3_fusion,0.03,32,7,0,0.04834667584059141
neural_fusion,neural_bidir_seed4_fusion,0.03,32,7,0,0.05238486732404272
summary_ridge_fusion,none,0.03,36,7,0,0.046025891508890415
neural_fusion,neural_bidir_seed0_fusion,0.03,36,7,0,0.053987729911620236
neural_fusion,neural_bidir_seed1_fusion,0.03,36,7,0,0.055714606097226976
neural_fusion,neural_bidir_seed2_fusion,0.03,36,7,0,0.047091461886810904
neural_fusion,neural_bidir_seed3_fusion,0.03,36,7,0,0.044861381020703646
neural_fusion,neural_bidir_seed4_fusion,0.03,36,7,0,0.04815603765352468
summary_ridge_prior,none,0.03,0,7,1,0.04799944176262767
neural_prior,neural_bidir_seed0_prior,0.03,0,7,1,0.06799148926802445
neural_prior,neural_bidir_seed1_prior,0.03,0,7,1,0.07140593911753967
neural_prior,neural_bidir_seed2_prior,0.03,0,7,1,0.05538506760785822
neural_prior,neural_bidir_seed3_prior,0.03,0,7,1,0.05130130557517987
neural_prior,neural_bidir_seed4_prior,0.03,0,7,1,0.057292505574878305
dfe,none,0.03,32,7,1,0.09874114142780371
dfe,none,0.03,92,7,1,0.05790656540570793
summary_ridge_fusion,none,0.03,32,7,1,0.04395925389418238
neural_fusion,neural_bidir_seed0_fusion,0.03,32,7,1,0.054988122323883275
neural_fusion,neural_bidir_seed1_fusion,0.03,32,7,1,0.05712059228660411
neural_fusion,neural_bidir_seed2_fusion,0.03,32,7,1,0.04813894263366638
neural_fusion,neural_bidir_seed3_fusion,0.03,32,7,1,0.04548893993834076
neural_fusion,neural_bidir_seed4_fusion,0.03,32,7,1,0.04970208383759173
summary_ridge_fusion,none,0.03,36,7,1,0.04250562895041586
neural_fusion,neural_bidir_seed0_fusion,0.03,36,7,1,0.055012264597993556
neural_fusion,neural_bidir_seed1_fusion,0.03,36,7,1,0.056919501390178234
neural_fusion,neural_bidir_seed2_fusion,0.03,36,7,1,0.04923440103024529
neural_fusion,neural_bidir_seed3_fusion,0.03,36,7,1,0.04633915482830322
neural_fusion,neural_bidir_seed4_fusion,0.03,36,7,1,0.0512649747512873
summary_ridge_prior,none,0.03,0,7,2,0.05139699734547526
neural_prior,neural_bidir_seed0_prior,0.03,0,7,2,0.06593996066658292
neural_prior,neural_bidir_seed1_prior,0.03,0,7,2,0.06966390501474962
neural_prior,neural_bidir_seed2_prior,0.03,0,7,2,0.05281007270968985
neural_prior,neural_bidir_seed3_prior,0.03,0,7,2,0.04958009929396212
neural_prior,neural_bidir_seed4_prior,0.03,0,7,2,0.0547038850345416
dfe,none,0.03,32,7,2,0.09697434058514465
dfe,none,0.03,92,7,2,0.0563334609300742
summary_ridge_fusion,none,0.03,32,7,2,0.045497954447696595
neural_fusion,neural_bidir_seed0_fusion,0.03,32,7,2,0.05421816392596657
neural_fusion,neural_bidir_seed1_fusion,0.03,32,7,2,0.05632765667499223
neural_fusion,neural_bidir_seed2_fusion,0.03,32,7,2,0.04654699360331299
neural_fusion,neural_bidir_seed3_fusion,0.03,32,7,2,0.044456783182945776
neural_fusion,neural_bidir_seed4_fusion,0.03,32,7,2,0.04781156911886987
summary_ridge_fusion,none,0.03,36,7,2,0.04518284561088116
neural_fusion,neural_bidir_seed0_fusion,0.03,36,7,2,0.053634355675531015
neural_fusion,neural_bidir_seed1_fusion,0.03,36,7,2,0.05547696680021624
neural_fusion,neural_bidir_seed2_fusion,0.03,36,7,2,0.045870790534980985
neural_fusion,neural_bidir_seed3_fusion,0.03,36,7,2,0.04360044695771034
neural_fusion,neural_bidir_seed4_fusion,0.03,36,7,2,0.04673611575281135
summary_ridge_prior,none,0.03,0,7,3,0.051069057770831566
neural_prior,neural_bidir_seed0_prior,0.03,0,7,3,0.06699368594854604
neural_prior,neural_bidir_seed1_prior,0.03,0,7,3,0.0700290053646313
neural_prior,neural_bidir_seed2_prior,0.03,0,7,3,0.05380561157653574
neural_prior,neural_bidir_seed3_prior,0.03,0,7,3,0.0510159937402932
neural_prior,neural_bidir_seed4_prior,0.03,0,7,3,0.05453695927280933
dfe,none,0.03,32,7,3,0.09697982449488934
dfe,none,0.03,92,7,3,0.05645813011881641
summary_ridge_fusion,none,0.03,32,7,3,0.046294120370911164
neural_fusion,neural_bidir_seed0_fusion,0.03,32,7,3,0.05850249712956139
neural_fusion,neural_bidir_seed1_fusion,0.03,32,7,3,0.06122791471844459
neural_fusion,neural_bidir_seed2_fusion,0.03,32,7,3,0.05082753028639643
neural_fusion,neural_bidir_seed3_fusion,0.03,32,7,3,0.04844078576199621
neural_fusion,neural_bidir_seed4_fusion,0.03,32,7,3,0.05177918788171748
summary_ridge_fusion,none,0.03,36,7,3,0.04502378851821409
neural_fusion,neural_bidir_seed0_fusion,0.03,36,7,3,0.0561842722497803
neural_fusion,neural_bidir_seed1_fusion,0.03,36,7,3,0.058143434485622945
neural_fusion,neural_bidir_seed2_fusion,0.03,36,7,3,0.04885336440862488
neural_fusion,neural_bidir_seed3_fusion,0.03,36,7,3,0.04663856118816816
neural_fusion,neural_bidir_seed4_fusion,0.03,36,7,3,0.04994698066623139
summary_ridge_prior,none,0.03,0,7,4,0.04669151146270336
neural_prior,neural_bidir_seed0_prior,0.03,0,7,4,0.06566485097573604
neural_prior,neural_bidir_seed1_prior,0.03,0,7,4,0.06951383083651308
neural_prior,neural_bidir_seed2_prior,0.03,0,7,4,0.05126858744188212
neural_prior,neural_bidir_seed3_prior,0.03,0,7,4,0.047184328170260414
neural_prior,neural_bidir_seed4_prior,0.03,0,7,4,0.05274979743990116
dfe,none,0.03,32,7,4,0.0977225926225308
dfe,none,0.03,92,7,4,0.055491047158351764
summary_ridge_fusion,none,0.03,32,7,4,0.04212388367513336
neural_fusion,neural_bidir_seed0_fusion,0.03,32,7,4,0.05500175711062014
neural_fusion,neural_bidir_seed1_fusion,0.03,32,7,4,0.05767602002624207
neural_fusion,neural_bidir_seed2_fusion,0.03,32,7,4,0.04644988595823041
neural_fusion,neural_bidir_seed3_fusion,0.03,32,7,4,0.04316387903930895
neural_fusion,neural_bidir_seed4_fusion,0.03,32,7,4,0.04804961498953431
summary_ridge_fusion,none,0.03,36,7,4,0.041925612344196325
neural_fusion,neural_bidir_seed0_fusion,0.03,36,7,4,0.0527137352784208
neural_fusion,neural_bidir_seed1_fusion,0.03,36,7,4,0.05495108630206606
neural_fusion,neural_bidir_seed2_fusion,0.03,36,7,4,0.04494265711591307
neural_fusion,neural_bidir_seed3_fusion,0.03,36,7,4,0.042277812545856566
neural_fusion,neural_bidir_seed4_fusion,0.03,36,7,4,0.04686094497110613
summary_ridge_prior,none,0.03,0,8,0,0.05434669491826451
neural_prior,neural_bidir_seed0_prior,0.03,0,8,0,0.0669867477263324
neural_prior,neural_bidir_seed1_prior,0.03,0,8,0,0.0710129610815784
neural_prior,neural_bidir_seed2_prior,0.03,0,8,0,0.05125239727203734
neural_prior,neural_bidir_seed3_prior,0.03,0,8,0,0.04705524005112238
neural_prior,neural_bidir_seed4_prior,0.03,0,8,0,0.05219219844730105
dfe,none,0.03,32,8,0,0.09702808390741577
dfe,none,0.03,92,8,0,0.05661358211056182
summary_ridge_fusion,none,0.03,32,8,0,0.048521234941926505
neural_fusion,neural_bidir_seed0_fusion,0.03,32,8,0,0.061645778550924096
neural_fusion,neural_bidir_seed1_fusion,0.03,32,8,0,0.06501690056719284
neural_fusion,neural_bidir_seed2_fusion,0.03,32,8,0,0.04954789486135284
neural_fusion,neural_bidir_seed3_fusion,0.03,32,8,0,0.045283862457014865
neural_fusion,neural_bidir_seed4_fusion,0.03,32,8,0,0.04908803783215565
summary_ridge_fusion,none,0.03,36,8,0,0.049056121108594544
neural_fusion,neural_bidir_seed0_fusion,0.03,36,8,0,0.05919352581441471
neural_fusion,neural_bidir_seed1_fusion,0.03,36,8,0,0.06240283519746015
neural_fusion,neural_bidir_seed2_fusion,0.03,36,8,0,0.04783510536387172
neural_fusion,neural_bidir_seed3_fusion,0.03,36,8,0,0.04387361863306519
neural_fusion,neural_bidir_seed4_fusion,0.03,36,8,0,0.0480753319094545
summary_ridge_prior,none,0.03,0,8,1,0.05503270468602538
neural_prior,neural_bidir_seed0_prior,0.03,0,8,1,0.07335102556680795
neural_prior,neural_bidir_seed1_prior,0.03,0,8,1,0.07630420870555099
neural_prior,neural_bidir_seed2_prior,0.03,0,8,1,0.058822534352657385
neural_prior,neural_bidir_seed3_prior,0.03,0,8,1,0.05512246969738044
neural_prior,neural_bidir_seed4_prior,0.03,0,8,1,0.0590926837612642
dfe,none,0.03,32,8,1,0.09728139947516763
dfe,none,0.03,92,8,1,0.057852002987247804
summary_ridge_fusion,none,0.03,32,8,1,0.054552862249689554
neural_fusion,neural_bidir_seed0_fusion,0.03,32,8,1,0.05907275127451479
neural_fusion,neural_bidir_seed1_fusion,0.03,32,8,1,0.06103934372578025
neural_fusion,neural_bidir_seed2_fusion,0.03,32,8,1,0.052556059872834904
neural_fusion,neural_bidir_seed3_fusion,0.03,32,8,1,0.050389780354475444
neural_fusion,neural_bidir_seed4_fusion,0.03,32,8,1,0.0535865065186284
summary_ridge_fusion,none,0.03,36,8,1,0.04970762749520144
neural_fusion,neural_bidir_seed0_fusion,0.03,36,8,1,0.05563454710539835
neural_fusion,neural_bidir_seed1_fusion,0.03,36,8,1,0.05704323161991891
neural_fusion,neural_bidir_seed2_fusion,0.03,36,8,1,0.048861736264252414
neural_fusion,neural_bidir_seed3_fusion,0.03,36,8,1,0.04673092559681797
neural_fusion,neural_bidir_seed4_fusion,0.03,36,8,1,0.04922982851158961
summary_ridge_prior,none,0.03,0,8,2,0.05228341977919786
neural_prior,neural_bidir_seed0_prior,0.03,0,8,2,0.06671032145095523
neural_prior,neural_bidir_seed1_prior,0.03,0,8,2,0.07098486307950225
neural_prior,neural_bidir_seed2_prior,0.03,0,8,2,0.05125750254956074
neural_prior,neural_bidir_seed3_prior,0.03,0,8,2,0.04743512497225311
neural_prior,neural_bidir_seed4_prior,0.03,0,8,2,0.05242026498308405
dfe,none,0.03,32,8,2,0.09808059646440082
dfe,none,0.03,92,8,2,0.0561729789968862
summary_ridge_fusion,none,0.03,32,8,2,0.05394647251242259
neural_fusion,neural_bidir_seed0_fusion,0.03,32,8,2,0.054969808436441316
neural_fusion,neural_bidir_seed1_fusion,0.03,32,8,2,0.05710385125688717
neural_fusion,neural_bidir_seed2_fusion,0.03,32,8,2,0.04601645149242764
neural_fusion,neural_bidir_seed3_fusion,0.03,32,8,2,0.043811950573188464
neural_fusion,neural_bidir_seed4_fusion,0.03,32,8,2,0.048399466534202185
summary_ridge_fusion,none,0.03,36,8,2,0.0469001300084549
neural_fusion,neural_bidir_seed0_fusion,0.03,36,8,2,0.05527794990122816
neural_fusion,neural_bidir_seed1_fusion,0.03,36,8,2,0.05749758913181731
neural_fusion,neural_bidir_seed2_fusion,0.03,36,8,2,0.046137793904386354
neural_fusion,neural_bidir_seed3_fusion,0.03,36,8,2,0.04302847648294847
neural_fusion,neural_bidir_seed4_fusion,0.03,36,8,2,0.04603610840009428
summary_ridge_prior,none,0.03,0,8,3,0.04401821839714953
neural_prior,neural_bidir_seed0_prior,0.03,0,8,3,0.06630753610807005
neural_prior,neural_bidir_seed1_prior,0.03,0,8,3,0.07027636338898446
neural_prior,neural_bidir_seed2_prior,0.03,0,8,3,0.051234336890047416
neural_prior,neural_bidir_seed3_prior,0.03,0,8,3,0.04725724254967645
neural_prior,neural_bidir_seed4_prior,0.03,0,8,3,0.05205129970272537
dfe,none,0.03,32,8,3,0.09765993634236475
dfe,none,0.03,92,8,3,0.05763628970597271
summary_ridge_fusion,none,0.03,32,8,3,0.03991847817009196
neural_fusion,neural_bidir_seed0_fusion,0.03,32,8,3,0.055612726343728616
neural_fusion,neural_bidir_seed1_fusion,0.03,32,8,3,0.05825028317516457
neural_fusion,neural_bidir_seed2_fusion,0.03,32,8,3,0.04636798036773253
neural_fusion,neural_bidir_seed3_fusion,0.03,32,8,3,0.04351922649483457
neural_fusion,neural_bidir_seed4_fusion,0.03,32,8,3,0.04617397951770396
summary_ridge_fusion,none,0.03,36,8,3,0.04118031611497911
neural_fusion,neural_bidir_seed0_fusion,0.03,36,8,3,0.05407487260710766
neural_fusion,neural_bidir_seed1_fusion,0.03,36,8,3,0.056394669727823254
neural_fusion,neural_bidir_seed2_fusion,0.03,36,8,3,0.04495769044374383
neural_fusion,neural_bidir_seed3_fusion,0.03,36,8,3,0.04218921611879664
neural_fusion,neural_bidir_seed4_fusion,0.03,36,8,3,0.04526407283766319
summary_ridge_prior,none,0.03,0,8,4,0.04543569197467828
neural_prior,neural_bidir_seed0_prior,0.03,0,8,4,0.06730681266344618
neural_prior,neural_bidir_seed1_prior,0.03,0,8,4,0.07060899537464138
neural_prior,neural_bidir_seed2_prior,0.03,0,8,4,0.05377992977446411
neural_prior,neural_bidir_seed3_prior,0.03,0,8,4,0.05046924103226047
neural_prior,neural_bidir_seed4_prior,0.03,0,8,4,0.05530782829737291
dfe,none,0.03,32,8,4,0.09625383465567391
dfe,none,0.03,92,8,4,0.057626655582307465
summary_ridge_fusion,none,0.03,32,8,4,0.04355935658494578
neural_fusion,neural_bidir_seed0_fusion,0.03,32,8,4,0.056482601613406465
neural_fusion,neural_bidir_seed1_fusion,0.03,32,8,4,0.05832473748106346
neural_fusion,neural_bidir_seed2_fusion,0.03,32,8,4,0.048909484025478
neural_fusion,neural_bidir_seed3_fusion,0.03,32,8,4,0.04647385244238236
neural_fusion,neural_bidir_seed4_fusion,0.03,32,8,4,0.04911955062310562
summary_ridge_fusion,none,0.03,36,8,4,0.04271993877900569
neural_fusion,neural_bidir_seed0_fusion,0.03,36,8,4,0.0564558191968875
neural_fusion,neural_bidir_seed1_fusion,0.03,36,8,4,0.05827214232086782
neural_fusion,neural_bidir_seed2_fusion,0.03,36,8,4,0.04923866195858942
neural_fusion,neural_bidir_seed3_fusion,0.03,36,8,4,0.04721735339074097
neural_fusion,neural_bidir_seed4_fusion,0.03,36,8,4,0.04995747804162057
summary_ridge_prior,none,0.03,0,9,0,0.05272840775761292
neural_prior,neural_bidir_seed0_prior,0.03,0,9,0,0.06866506436199415
neural_prior,neural_bidir_seed1_prior,0.03,0,9,0,0.07352119672577828
neural_prior,neural_bidir_seed2_prior,0.03,0,9,0,0.05136174631479662
neural_prior,neural_bidir_seed3_prior,0.03,0,9,0,0.046891079502529465
neural_prior,neural_bidir_seed4_prior,0.03,0,9,0,0.05202521930914372
dfe,none,0.03,32,9,0,0.09764312057884464
dfe,none,0.03,92,9,0,0.05871388452935493
summary_ridge_fusion,none,0.03,32,9,0,0.04765780008865693
neural_fusion,neural_bidir_seed0_fusion,0.03,32,9,0,0.055978604655989396
neural_fusion,neural_bidir_seed1_fusion,0.03,32,9,0,0.058152072246576696
neural_fusion,neural_bidir_seed2_fusion,0.03,32,9,0,0.04628912393025078
neural_fusion,neural_bidir_seed3_fusion,0.03,32,9,0,0.04314749682486947
neural_fusion,neural_bidir_seed4_fusion,0.03,32,9,0,0.047162984109467336
summary_ridge_fusion,none,0.03,36,9,0,0.04539979057822225
neural_fusion,neural_bidir_seed0_fusion,0.03,36,9,0,0.054596441240985484
neural_fusion,neural_bidir_seed1_fusion,0.03,36,9,0,0.05616182904581471
neural_fusion,neural_bidir_seed2_fusion,0.03,36,9,0,0.0443941205822635
neural_fusion,neural_bidir_seed3_fusion,0.03,36,9,0,0.04143499286012972
neural_fusion,neural_bidir_seed4_fusion,0.03,36,9,0,0.044959004945073246
summary_ridge_prior,none,0.03,0,9,1,0.045748490703067426
neural_prior,neural_bidir_seed0_prior,0.03,0,9,1,0.0692887873883592
neural_prior,neural_bidir_seed1_prior,0.03,0,9,1,0.07413889798044693
neural_prior,neural_bidir_seed2_prior,0.03,0,9,1,0.0520631481485907
neural_prior,neural_bidir_seed3_prior,0.03,0,9,1,0.04760087096656207
neural_prior,neural_bidir_seed4_prior,0.03,0,9,1,0.05266299871436786
dfe,none,0.03,32,9,1,0.09785396703357366
dfe,none,0.03,92,9,1,0.057113196281362674
summary_ridge_fusion,none,0.03,32,9,1,0.04152528622113901
neural_fusion,neural_bidir_seed0_fusion,0.03,32,9,1,0.05567659583921749
neural_fusion,neural_bidir_seed1_fusion,0.03,32,9,1,0.05770185739498902
neural_fusion,neural_bidir_seed2_fusion,0.03,32,9,1,0.046139480967138546
neural_fusion,neural_bidir_seed3_fusion,0.03,32,9,1,0.04284965789327695
neural_fusion,neural_bidir_seed4_fusion,0.03,32,9,1,0.04672513789716304
summary_ridge_fusion,none,0.03,36,9,1,0.04203101093614775
neural_fusion,neural_bidir_seed0_fusion,0.03,36,9,1,0.05703549703977573
neural_fusion,neural_bidir_seed1_fusion,0.03,36,9,1,0.05834076555164704
neural_fusion,neural_bidir_seed2_fusion,0.03,36,9,1,0.046607591284707026
neural_fusion,neural_bidir_seed3_fusion,0.03,36,9,1,0.043931435914984565
neural_fusion,neural_bidir_seed4_fusion,0.03,36,9,1,0.04658245883724489
summary_ridge_prior,none,0.03,0,9,2,0.04833685590398942
neural_prior,neural_bidir_seed0_prior,0.03,0,9,2,0.07338203256949782
neural_prior,neural_bidir_seed1_prior,0.03,0,9,2,0.0790901240252424
neural_prior,neural_bidir_seed2_prior,0.03,0,9,2,0.056379176035989076
neural_prior,neural_bidir_seed3_prior,0.03,0,9,2,0.05086763086728752
neural_prior,neural_bidir_seed4_prior,0.03,0,9,2,0.05610303314460907
dfe,none,0.03,32,9,2,0.0977251560265573
dfe,none,0.03,92,9,2,0.05808653792200619
summary_ridge_fusion,none,0.03,32,9,2,0.043476475132551026
neural_fusion,neural_bidir_seed0_fusion,0.03,32,9,2,0.05831065618056007
neural_fusion,neural_bidir_seed1_fusion,0.03,32,9,2,0.06030483089936246
neural_fusion,neural_bidir_seed2_fusion,0.03,32,9,2,0.048867722381335035
neural_fusion,neural_bidir_seed3_fusion,0.03,32,9,2,0.04519535031502998
neural_fusion,neural_bidir_seed4_fusion,0.03,32,9,2,0.04849424750154058
summary_ridge_fusion,none,0.03,36,9,2,0.04426168299934597
neural_fusion,neural_bidir_seed0_fusion,0.03,36,9,2,0.05687281037707305
neural_fusion,neural_bidir_seed1_fusion,0.03,36,9,2,0.059413635185133165
neural_fusion,neural_bidir_seed2_fusion,0.03,36,9,2,0.04815911044868263
neural_fusion,neural_bidir_seed3_fusion,0.03,36,9,2,0.044702697339274136
neural_fusion,neural_bidir_seed4_fusion,0.03,36,9,2,0.04806302911781346
summary_ridge_prior,none,0.03,0,9,3,0.048805779648953884
neural_prior,neural_bidir_seed0_prior,0.03,0,9,3,0.07321840091026388
neural_prior,neural_bidir_seed1_prior,0.03,0,9,3,0.07933708951168228
neural_prior,neural_bidir_seed2_prior,0.03,0,9,3,0.05605114909121767
neural_prior,neural_bidir_seed3_prior,0.03,0,9,3,0.05085927204345353
neural_prior,neural_bidir_seed4_prior,0.03,0,9,3,0.05587241746252403
dfe,none,0.03,32,9,3,0.09633322232071292
dfe,none,0.03,92,9,3,0.05819339215518504
summary_ridge_fusion,none,0.03,32,9,3,0.04409627274281516
neural_fusion,neural_bidir_seed0_fusion,0.03,32,9,3,0.06148894021339574
neural_fusion,neural_bidir_seed1_fusion,0.03,32,9,3,0.06374607995696352
neural_fusion,neural_bidir_seed2_fusion,0.03,32,9,3,0.0498849249072606
neural_fusion,neural_bidir_seed3_fusion,0.03,32,9,3,0.046192596386310084
neural_fusion,neural_bidir_seed4_fusion,0.03,32,9,3,0.04896021885638806
summary_ridge_fusion,none,0.03,36,9,3,0.043471167664053956
neural_fusion,neural_bidir_seed0_fusion,0.03,36,9,3,0.05686762415523507
neural_fusion,neural_bidir_seed1_fusion,0.03,36,9,3,0.05907116814190683
neural_fusion,neural_bidir_seed2_fusion,0.03,36,9,3,0.04777370462814737
neural_fusion,neural_bidir_seed3_fusion,0.03,36,9,3,0.04445027517417065
neural_fusion,neural_bidir_seed4_fusion,0.03,36,9,3,0.04772025561291949
summary_ridge_prior,none,0.03,0,9,4,0.04850949935617436
neural_prior,neural_bidir_seed0_prior,0.03,0,9,4,0.07234442335902713
neural_prior,neural_bidir_seed1_prior,0.03,0,9,4,0.07722277218999807
neural_prior,neural_bidir_seed2_prior,0.03,0,9,4,0.054185269473236986
neural_prior,neural_bidir_seed3_prior,0.03,0,9,4,0.04915445274673402
neural_prior,neural_bidir_seed4_prior,0.03,0,9,4,0.053942852580803446
dfe,none,0.03,32,9,4,0.0962264180972986
dfe,none,0.03,92,9,4,0.057012651108907623
summary_ridge_fusion,none,0.03,32,9,4,0.04376419291784242
neural_fusion,neural_bidir_seed0_fusion,0.03,32,9,4,0.05824507702051471
neural_fusion,neural_bidir_seed1_fusion,0.03,32,9,4,0.05901263088619524
neural_fusion,neural_bidir_seed2_fusion,0.03,32,9,4,0.047292922246328556
neural_fusion,neural_bidir_seed3_fusion,0.03,32,9,4,0.04405018727294451
neural_fusion,neural_bidir_seed4_fusion,0.03,32,9,4,0.04696151791150831
summary_ridge_fusion,none,0.03,36,9,4,0.04284904465331217
neural_fusion,neural_bidir_seed0_fusion,0.03,36,9,4,0.057181576890213255
neural_fusion,neural_bidir_seed1_fusion,0.03,36,9,4,0.05835845886510457
neural_fusion,neural_bidir_seed2_fusion,0.03,36,9,4,0.04656445371855958
neural_fusion,neural_bidir_seed3_fusion,0.03,36,9,4,0.04316147916139999
neural_fusion,neural_bidir_seed4_fusion,0.03,36,9,4,0.046196816122165585
summary_ridge_prior,none,0.03,0,10,0,0.051713655166734075
neural_prior,neural_bidir_seed0_prior,0.03,0,10,0,0.06624250448658131
neural_prior,neural_bidir_seed1_prior,0.03,0,10,0,0.07081237585225608
neural_prior,neural_bidir_seed2_prior,0.03,0,10,0,0.05064531086827628
neural_prior,neural_bidir_seed3_prior,0.03,0,10,0,0.04674994571541902
neural_prior,neural_bidir_seed4_prior,0.03,0,10,0,0.05190960243635345
dfe,none,0.03,32,10,0,0.09688913755674354
dfe,none,0.03,92,10,0,0.05683886099310681
summary_ridge_fusion,none,0.03,32,10,0,0.04683296037871449
neural_fusion,neural_bidir_seed0_fusion,0.03,32,10,0,0.05498372695222793
neural_fusion,neural_bidir_seed1_fusion,0.03,32,10,0,0.0571513750768806
neural_fusion,neural_bidir_seed2_fusion,0.03,32,10,0,0.04509971378912436
neural_fusion,neural_bidir_seed3_fusion,0.03,32,10,0,0.042550260922827966
neural_fusion,neural_bidir_seed4_fusion,0.03,32,10,0,0.04622041889763653
summary_ridge_fusion,none,0.03,36,10,0,0.045247403413915546
neural_fusion,neural_bidir_seed0_fusion,0.03,36,10,0,0.056019976519226626
neural_fusion,neural_bidir_seed1_fusion,0.03,36,10,0,0.057816925692179444
neural_fusion,neural_bidir_seed2_fusion,0.03,36,10,0,0.046785813954784705
neural_fusion,neural_bidir_seed3_fusion,0.03,36,10,0,0.043904369194591654
neural_fusion,neural_bidir_seed4_fusion,0.03,36,10,0,0.046806230347959145
summary_ridge_prior,none,0.03,0,10,1,0.05040978329842112
neural_prior,neural_bidir_seed0_prior,0.03,0,10,1,0.06773694623552728
neural_prior,neural_bidir_seed1_prior,0.03,0,10,1,0.07269527882453986
neural_prior,neural_bidir_seed2_prior,0.03,0,10,1,0.051479345027473755
neural_prior,neural_bidir_seed3_prior,0.03,0,10,1,0.04731035874283407
neural_prior,neural_bidir_seed4_prior,0.03,0,10,1,0.052649408593424596
dfe,none,0.03,32,10,1,0.09636299629405577
dfe,none,0.03,92,10,1,0.057479956413596614
summary_ridge_fusion,none,0.03,32,10,1,0.04640334766980671
neural_fusion,neural_bidir_seed0_fusion,0.03,32,10,1,0.05622932080904347
neural_fusion,neural_bidir_seed1_fusion,0.03,32,10,1,0.058697177575317824
neural_fusion,neural_bidir_seed2_fusion,0.03,32,10,1,0.047105584570768376
neural_fusion,neural_bidir_seed3_fusion,0.03,32,10,1,0.044440655868811754
neural_fusion,neural_bidir_seed4_fusion,0.03,32,10,1,0.04842671439925312
summary_ridge_fusion,none,0.03,36,10,1,0.04444225241740188
neural_fusion,neural_bidir_seed0_fusion,0.03,36,10,1,0.054806294601606534
neural_fusion,neural_bidir_seed1_fusion,0.03,36,10,1,0.05703546795287688
neural_fusion,neural_bidir_seed2_fusion,0.03,36,10,1,0.04493948463042075
neural_fusion,neural_bidir_seed3_fusion,0.03,36,10,1,0.042293930189657575
neural_fusion,neural_bidir_seed4_fusion,0.03,36,10,1,0.04590665174561256
summary_ridge_prior,none,0.03,0,10,2,0.05180411868487991
neural_prior,neural_bidir_seed0_prior,0.03,0,10,2,0.06631847350217868
neural_prior,neural_bidir_seed1_prior,0.03,0,10,2,0.0713971281220438
neural_prior,neural_bidir_seed2_prior,0.03,0,10,2,0.05063046916620806
neural_prior,neural_bidir_seed3_prior,0.03,0,10,2,0.046763069709413685
neural_prior,neural_bidir_seed4_prior,0.03,0,10,2,0.05185724994225893
dfe,none,0.03,32,10,2,0.09741587511390899
dfe,none,0.03,92,10,2,0.05754132874163759
summary_ridge_fusion,none,0.03,32,10,2,0.04860557475311703
neural_fusion,neural_bidir_seed0_fusion,0.03,32,10,2,0.06238552753616196
neural_fusion,neural_bidir_seed1_fusion,0.03,32,10,2,0.06296505985807814
neural_fusion,neural_bidir_seed2_fusion,0.03,32,10,2,0.05063046916620806
neural_fusion,neural_bidir_seed3_fusion,0.03,32,10,2,0.046763069709413685
neural_fusion,neural_bidir_seed4_fusion,0.03,32,10,2,0.05185724994225893
summary_ridge_fusion,none,0.03,36,10,2,0.04675418181041465
neural_fusion,neural_bidir_seed0_fusion,0.03,36,10,2,0.053266218604292745
neural_fusion,neural_bidir_seed1_fusion,0.03,36,10,2,0.05577817633689397
neural_fusion,neural_bidir_seed2_fusion,0.03,36,10,2,0.04452834533494292
neural_fusion,neural_bidir_seed3_fusion,0.03,36,10,2,0.04234262285743877
neural_fusion,neural_bidir_seed4_fusion,0.03,36,10,2,0.04536308974771384
summary_ridge_prior,none,0.03,0,10,3,0.057154118923401456
neural_prior,neural_bidir_seed0_prior,0.03,0,10,3,0.0658262134384131
neural_prior,neural_bidir_seed1_prior,0.03,0,10,3,0.07041594844486099
neural_prior,neural_bidir_seed2_prior,0.03,0,10,3,0.05091390706365928
neural_prior,neural_bidir_seed3_prior,0.03,0,10,3,0.04761602568032686
neural_prior,neural_bidir_seed4_prior,0.03,0,10,3,0.052396900035091676
dfe,none,0.03,32,10,3,0.09837591361575443
dfe,none,0.03,92,10,3,0.05808065021115551
summary_ridge_fusion,none,0.03,32,10,3,0.05041490899751348
neural_fusion,neural_bidir_seed0_fusion,0.03,32,10,3,0.054429112223547876
neural_fusion,neural_bidir_seed1_fusion,0.03,32,10,3,0.05662138788066288
neural_fusion,neural_bidir_seed2_fusion,0.03,32,10,3,0.04630974747188557
neural_fusion,neural_bidir_seed3_fusion,0.03,32,10,3,0.04437501823707084
neural_fusion,neural_bidir_seed4_fusion,0.03,32,10,3,0.0475027278251575
summary_ridge_fusion,none,0.03,36,10,3,0.052514442321142066
neural_fusion,neural_bidir_seed0_fusion,0.03,36,10,3,0.05629989979360858
neural_fusion,neural_bidir_seed1_fusion,0.03,36,10,3,0.05815177571432911
neural_fusion,neural_bidir_seed2_fusion,0.03,36,10,3,0.04892680178833002
neural_fusion,neural_bidir_seed3_fusion,0.03,36,10,3,0.047125442880461534
neural_fusion,neural_bidir_seed4_fusion,0.03,36,10,3,0.04950688516253299
summary_ridge_prior,none,0.03,0,10,4,0.05115902070623689
neural_prior,neural_bidir_seed0_prior,0.03,0,10,4,0.06825871007458773
neural_prior,neural_bidir_seed1_prior,0.03,0,10,4,0.0735570586839458
neural_prior,neural_bidir_seed2_prior,0.03,0,10,4,0.05171059117128607
neural_prior,neural_bidir_seed3_prior,0.03,0,10,4,0.04734011094842572
neural_prior,neural_bidir_seed4_prior,0.03,0,10,4,0.05313891729747411
dfe,none,0.03,32,10,4,0.09678628475349434
dfe,none,0.03,92,10,4,0.05676790951070605
summary_ridge_fusion,none,0.03,32,10,4,0.04489897361187589
neural_fusion,neural_bidir_seed0_fusion,0.03,32,10,4,0.0546977932127367
neural_fusion,neural_bidir_seed1_fusion,0.03,32,10,4,0.05698090006725151
neural_fusion,neural_bidir_seed2_fusion,0.03,32,10,4,0.04505765001106382
neural_fusion,neural_bidir_seed3_fusion,0.03,32,10,4,0.04213573148751851
neural_fusion,neural_bidir_seed4_fusion,0.03,32,10,4,0.04595537826018971
summary_ridge_fusion,none,0.03,36,10,4,0.04399831542885002
neural_fusion,neural_bidir_seed0_fusion,0.03,36,10,4,0.05333138351053691
neural_fusion,neural_bidir_seed1_fusion,0.03,36,10,4,0.05565915310150297
neural_fusion,neural_bidir_seed2_fusion,0.03,36,10,4,0.04484085331423747
neural_fusion,neural_bidir_seed3_fusion,0.03,36,10,4,0.04220421932668378
neural_fusion,neural_bidir_seed4_fusion,0.03,36,10,4,0.04598196918486039
summary_ridge_prior,none,0.03,0,11,0,0.043771143259882565
neural_prior,neural_bidir_seed0_prior,0.03,0,11,0,0.06584690204181243
neural_prior,neural_bidir_seed1_prior,0.03,0,11,0,0.06988938087306451
neural_prior,neural_bidir_seed2_prior,0.03,0,11,0,0.052336080247187056
neural_prior,neural_bidir_seed3_prior,0.03,0,11,0,0.04854437703033909
neural_prior,neural_bidir_seed4_prior,0.03,0,11,0,0.0530951653199736
dfe,none,0.03,32,11,0,0.09509176525058328
dfe,none,0.03,92,11,0,0.055944775672018054
summary_ridge_fusion,none,0.03,32,11,0,0.04329227227231927
neural_fusion,neural_bidir_seed0_fusion,0.03,32,11,0,0.05380590057928501
neural_fusion,neural_bidir_seed1_fusion,0.03,32,11,0,0.05578062050089355
neural_fusion,neural_bidir_seed2_fusion,0.03,32,11,0,0.0457422471937665
neural_fusion,neural_bidir_seed3_fusion,0.03,32,11,0,0.04323253592916261
neural_fusion,neural_bidir_seed4_fusion,0.03,32,11,0,0.04635447027472803
summary_ridge_fusion,none,0.03,36,11,0,0.039694705867630166
neural_fusion,neural_bidir_seed0_fusion,0.03,36,11,0,0.05407114217720513
neural_fusion,neural_bidir_seed1_fusion,0.03,36,11,0,0.05606163360213269
neural_fusion,neural_bidir_seed2_fusion,0.03,36,11,0,0.04801014876724221
neural_fusion,neural_bidir_seed3_fusion,0.03,36,11,0,0.04514828396399673
neural_fusion,neural_bidir_seed4_fusion,0.03,36,11,0,0.04735210460692283
summary_ridge_prior,none,0.03,0,11,1,0.049527304416552974
neural_prior,neural_bidir_seed0_prior,0.03,0,11,1,0.06798997518490069
neural_prior,neural_bidir_seed1_prior,0.03,0,11,1,0.07297787030984182
neural_prior,neural_bidir_seed2_prior,0.03,0,11,1,0.05167504973360337
neural_prior,neural_bidir_seed3_prior,0.03,0,11,1,0.0477946254395647
neural_prior,neural_bidir_seed4_prior,0.03,0,11,1,0.053193209154414944
dfe,none,0.03,32,11,1,0.0951575774889891
dfe,none,0.03,92,11,1,0.05840527399355226
summary_ridge_fusion,none,0.03,32,11,1,0.04734582220442339
neural_fusion,neural_bidir_seed0_fusion,0.03,32,11,1,0.054210793516660326
neural_fusion,neural_bidir_seed1_fusion,0.03,32,11,1,0.0563410149849142
neural_fusion,neural_bidir_seed2_fusion,0.03,32,11,1,0.0456363377593196
neural_fusion,neural_bidir_seed3_fusion,0.03,32,11,1,0.04326924711375581
neural_fusion,neural_bidir_seed4_fusion,0.03,32,11,1,0.046902930101063056
summary_ridge_fusion,none,0.03,36,11,1,0.04475366208512883
neural_fusion,neural_bidir_seed0_fusion,0.03,36,11,1,0.058255997605751994
neural_fusion,neural_bidir_seed1_fusion,0.03,36,11,1,0.06098598416756625
neural_fusion,neural_bidir_seed2_fusion,0.03,36,11,1,0.048921564211309214
neural_fusion,neural_bidir_seed3_fusion,0.03,36,11,1,0.04580922759693655
neural_fusion,neural_bidir_seed4_fusion,0.03,36,11,1,0.05084533558434537
summary_ridge_prior,none,0.03,0,11,2,0.05089350286910764
neural_prior,neural_bidir_seed0_prior,0.03,0,11,2,0.06579075318586547
neural_prior,neural_bidir_seed1_prior,0.03,0,11,2,0.07018131669610739
neural_prior,neural_bidir_seed2_prior,0.03,0,11,2,0.05076214805012569
neural_prior,neural_bidir_seed3_prior,0.03,0,11,2,0.04690175446739886
neural_prior,neural_bidir_seed4_prior,0.03,0,11,2,0.051909453119151294
dfe,none,0.03,32,11,2,0.09619425784910642
dfe,none,0.03,92,11,2,0.05694768052936741
summary_ridge_fusion,none,0.03,32,11,2,0.04635212086472865
neural_fusion,neural_bidir_seed0_fusion,0.03,32,11,2,0.05601553105144026
neural_fusion,neural_bidir_seed1_fusion,0.03,32,11,2,0.05878423826902289
neural_fusion,neural_bidir_seed2_fusion,0.03,32,11,2,0.04811853595952527
neural_fusion,neural_bidir_seed3_fusion,0.03,32,11,2,0.04545165876928674
neural_fusion,neural_bidir_seed4_fusion,0.03,32,11,2,0.05004078776073069
summary_ridge_fusion,none,0.03,36,11,2,0.04475358789184061
neural_fusion,neural_bidir_seed0_fusion,0.03,36,11,2,0.05413250945360476
neural_fusion,neural_bidir_seed1_fusion,0.03,36,11,2,0.0564936206498537
neural_fusion,neural_bidir_seed2_fusion,0.03,36,11,2,0.04588752639546588
neural_fusion,neural_bidir_seed3_fusion,0.03,36,11,2,0.04332076168210776
neural_fusion,neural_bidir_seed4_fusion,0.03,36,11,2,0.0466227877339328
summary_ridge_prior,none,0.03,0,11,3,0.05010925075529215
neural_prior,neural_bidir_seed0_prior,0.03,0,11,3,0.0673077331011882
neural_prior,neural_bidir_seed1_prior,0.03,0,11,3,0.07087379066797439
neural_prior,neural_bidir_seed2_prior,0.03,0,11,3,0.055837278385297395
neural_prior,neural_bidir_seed3_prior,0.03,0,11,3,0.05335786375508178
neural_prior,neural_bidir_seed4_prior,0.03,0,11,3,0.05712557284277864
dfe,none,0.03,32,11,3,0.09757683001929485
dfe,none,0.03,92,11,3,0.05737837824520417
summary_ridge_fusion,none,0.03,32,11,3,0.04502810288010421
neural_fusion,neural_bidir_seed0_fusion,0.03,32,11,3,0.05554776556333589
neural_fusion,neural_bidir_seed1_fusion,0.03,32,11,3,0.05746977966501973
neural_fusion,neural_bidir_seed2_fusion,0.03,32,11,3,0.04935663740690044
neural_fusion,neural_bidir_seed3_fusion,0.03,32,11,3,0.047946459477658174
neural_fusion,neural_bidir_seed4_fusion,0.03,32,11,3,0.05001184284768176
summary_ridge_fusion,none,0.03,36,11,3,0.04522212428727278
neural_fusion,neural_bidir_seed0_fusion,0.03,36,11,3,0.05387932035415597
neural_fusion,neural_bidir_seed1_fusion,0.03,36,11,3,0.05566647830642496
neural_fusion,neural_bidir_seed2_fusion,0.03,36,11,3,0.04765828851637896
neural_fusion,neural_bidir_seed3_fusion,0.03,36,11,3,0.04606616562807732
neural_fusion,neural_bidir_seed4_fusion,0.03,36,11,3,0.048555185480090746
summary_ridge_prior,none,0.03,0,11,4,0.047577288860093006
neural_prior,neural_bidir_seed0_prior,0.03,0,11,4,0.06656674975238275
neural_prior,neural_bidir_seed1_prior,0.03,0,11,4,0.07074209606798831
neural_prior,neural_bidir_seed2_prior,0.03,0,11,4,0.05068480041518342
neural_prior,neural_bidir_seed3_prior,0.03,0,11,4,0.04692375849117525
neural_prior,neural_bidir_seed4_prior,0.03,0,11,4,0.051884361426346004
dfe,none,0.03,32,11,4,0.09757817474038952
dfe,none,0.03,92,11,4,0.05710910678725464
summary_ridge_fusion,none,0.03,32,11,4,0.04336787439651649
neural_fusion,neural_bidir_seed0_fusion,0.03,32,11,4,0.05699617429466855
neural_fusion,neural_bidir_seed1_fusion,0.03,32,11,4,0.058319392884135776
neural_fusion,neural_bidir_seed2_fusion,0.03,32,11,4,0.04654475944362016
neural_fusion,neural_bidir_seed3_fusion,0.03,32,11,4,0.043805089716052535
neural_fusion,neural_bidir_seed4_fusion,0.03,32,11,4,0.04681451727055348
summary_ridge_fusion,none,0.03,36,11,4,0.04251501052041702
neural_fusion,neural_bidir_seed0_fusion,0.03,36,11,4,0.052600672273369994
neural_fusion,neural_bidir_seed1_fusion,0.03,36,11,4,0.05446560623349564
neural_fusion,neural_bidir_seed2_fusion,0.03,36,11,4,0.04465127353802037
neural_fusion,neural_bidir_seed3_fusion,0.03,36,11,4,0.04262536500368612
neural_fusion,neural_bidir_seed4_fusion,0.03,36,11,4,0.046346455767445775
summary_ridge_prior,none,0.03,0,12,0,0.057476943618943524
neural_prior,neural_bidir_seed0_prior,0.03,0,12,0,0.06761187834490556
neural_prior,neural_bidir_seed1_prior,0.03,0,12,0,0.07153451508202124
neural_prior,neural_bidir_seed2_prior,0.03,0,12,0,0.05293748449184932
neural_prior,neural_bidir_seed3_prior,0.03,0,12,0,0.04930950322886929
neural_prior,neural_bidir_seed4_prior,0.03,0,12,0,0.053962562276865356
dfe,none,0.03,32,12,0,0.09493764842042679
dfe,none,0.03,92,12,0,0.05665773916227579
summary_ridge_fusion,none,0.03,32,12,0,0.0530976833353109
neural_fusion,neural_bidir_seed0_fusion,0.03,32,12,0,0.05627071011044396
neural_fusion,neural_bidir_seed1_fusion,0.03,32,12,0,0.059046722792254716
neural_fusion,neural_bidir_seed2_fusion,0.03,32,12,0,0.047694050819417605
neural_fusion,neural_bidir_seed3_fusion,0.03,32,12,0,0.04493240474034385
neural_fusion,neural_bidir_seed4_fusion,0.03,32,12,0,0.04891277434176347
summary_ridge_fusion,none,0.03,36,12,0,0.04865520682239041
neural_fusion,neural_bidir_seed0_fusion,0.03,36,12,0,0.05380340809778033
neural_fusion,neural_bidir_seed1_fusion,0.03,36,12,0,0.0553092499528242
neural_fusion,neural_bidir_seed2_fusion,0.03,36,12,0,0.0465268708626374
neural_fusion,neural_bidir_seed3_fusion,0.03,36,12,0,0.044800886703378895
neural_fusion,neural_bidir_seed4_fusion,0.03,36,12,0,0.04691482997935431
summary_ridge_prior,none,0.03,0,12,1,0.0476808688458069
neural_prior,neural_bidir_seed0_prior,0.03,0,12,1,0.0654576766100945
neural_prior,neural_bidir_seed1_prior,0.03,0,12,1,0.06918070615211036
neural_prior,neural_bidir_seed2_prior,0.03,0,12,1,0.050774997973348945
neural_prior,neural_bidir_seed3_prior,0.03,0,12,1,0.04674652111134492
neural_prior,neural_bidir_seed4_prior,0.03,0,12,1,0.051830303156748414
dfe,none,0.03,32,12,1,0.09662081394302349
dfe,none,0.03,92,12,1,0.05623061538276659
summary_ridge_fusion,none,0.03,32,12,1,0.05048590381482913
neural_fusion,neural_bidir_seed0_fusion,0.03,32,12,1,0.0535698932210743
neural_fusion,neural_bidir_seed1_fusion,0.03,32,12,1,0.05557027207876479
neural_fusion,neural_bidir_seed2_fusion,0.03,32,12,1,0.045221289113062245
neural_fusion,neural_bidir_seed3_fusion,0.03,32,12,1,0.04271842376085746
neural_fusion,neural_bidir_seed4_fusion,0.03,32,12,1,0.045739511371663
summary_ridge_fusion,none,0.03,36,12,1,0.04439713542894022
neural_fusion,neural_bidir_seed0_fusion,0.03,36,12,1,0.05303949275450293
neural_fusion,neural_bidir_seed1_fusion,0.03,36,12,1,0.0551286010123674
neural_fusion,neural_bidir_seed2_fusion,0.03,36,12,1,0.04433231878810245
neural_fusion,neural_bidir_seed3_fusion,0.03,36,12,1,0.04174604515596875
neural_fusion,neural_bidir_seed4_fusion,0.03,36,12,1,0.04533268078866643
summary_ridge_prior,none,0.03,0,12,2,0.050615641952658066
neural_prior,neural_bidir_seed0_prior,0.03,0,12,2,0.06572436010173988
neural_prior,neural_bidir_seed1_prior,0.03,0,12,2,0.06981332857685629
neural_prior,neural_bidir_seed2_prior,0.03,0,12,2,0.05102614710631315
neural_prior,neural_bidir_seed3_prior,0.03,0,12,2,0.04708675996516831
neural_prior,neural_bidir_seed4_prior,0.03,0,12,2,0.05237951654999051
dfe,none,0.03,32,12,2,0.09664840501823985
dfe,none,0.03,92,12,2,0.05816868038187491
summary_ridge_fusion,none,0.03,32,12,2,0.045150585676044165
neural_fusion,neural_bidir_seed0_fusion,0.03,32,12,2,0.05368700603734243
neural_fusion,neural_bidir_seed1_fusion,0.03,32,12,2,0.05552179020006773
neural_fusion,neural_bidir_seed2_fusion,0.03,32,12,2,0.04510465791135079
neural_fusion,neural_bidir_seed3_fusion,0.03,32,12,2,0.042892992547471614
neural_fusion,neural_bidir_seed4_fusion,0.03,32,12,2,0.046505674569576154
summary_ridge_fusion,none,0.03,36,12,2,0.04515525261735622
neural_fusion,neural_bidir_seed0_fusion,0.03,36,12,2,0.05341569735247875
neural_fusion,neural_bidir_seed1_fusion,0.03,36,12,2,0.055472717453884955
neural_fusion,neural_bidir_seed2_fusion,0.03,36,12,2,0.04680907665645126
neural_fusion,neural_bidir_seed3_fusion,0.03,36,12,2,0.0446968574469307
neural_fusion,neural_bidir_seed4_fusion,0.03,36,12,2,0.04847255136029044
summary_ridge_prior,none,0.03,0,12,3,0.04698530701939575
neural_prior,neural_bidir_seed0_prior,0.03,0,12,3,0.06609845494676847
neural_prior,neural_bidir_seed1_prior,0.03,0,12,3,0.06982204032829031
neural_prior,neural_bidir_seed2_prior,0.03,0,12,3,0.05193813373625744
neural_prior,neural_bidir_seed3_prior,0.03,0,12,3,0.04790924198459834
neural_prior,neural_bidir_seed4_prior,0.03,0,12,3,0.05289318106952123
dfe,none,0.03,32,12,3,0.09674882774301055
dfe,none,0.03,92,12,3,0.05863494868619977
summary_ridge_fusion,none,0.03,32,12,3,0.04482623159815703
neural_fusion,neural_bidir_seed0_fusion,0.03,32,12,3,0.056454414376204215
neural_fusion,neural_bidir_seed1_fusion,0.03,32,12,3,0.05868200664547726
neural_fusion,neural_bidir_seed2_fusion,0.03,32,12,3,0.04953535802404399
neural_fusion,neural_bidir_seed3_fusion,0.03,32,12,3,0.047370770058450015
neural_fusion,neural_bidir_seed4_fusion,0.03,32,12,3,0.051194563132778245
summary_ridge_fusion,none,0.03,36,12,3,0.04268160951895826
neural_fusion,neural_bidir_seed0_fusion,0.03,36,12,3,0.05340716841632373
neural_fusion,neural_bidir_seed1_fusion,0.03,36,12,3,0.055319243189006856
neural_fusion,neural_bidir_seed2_fusion,0.03,36,12,3,0.04648819362935335
neural_fusion,neural_bidir_seed3_fusion,0.03,36,12,3,0.04428631785186665
neural_fusion,neural_bidir_seed4_fusion,0.03,36,12,3,0.047822580774832764
summary_ridge_prior,none,0.03,0,12,4,0.04348004555084052
neural_prior,neural_bidir_seed0_prior,0.03,0,12,4,0.067224330312456
neural_prior,neural_bidir_seed1_prior,0.03,0,12,4,0.07129260229703505
neural_prior,neural_bidir_seed2_prior,0.03,0,12,4,0.05210275316494517
neural_prior,neural_bidir_seed3_prior,0.03,0,12,4,0.047660089447163045
neural_prior,neural_bidir_seed4_prior,0.03,0,12,4,0.052697178689413704
dfe,none,0.03,32,12,4,0.09723225016250142
dfe,none,0.03,92,12,4,0.05726148589394798
summary_ridge_fusion,none,0.03,32,12,4,0.04041977412303424
neural_fusion,neural_bidir_seed0_fusion,0.03,32,12,4,0.05530493225984663
neural_fusion,neural_bidir_seed1_fusion,0.03,32,12,4,0.05762766220895284
neural_fusion,neural_bidir_seed2_fusion,0.03,32,12,4,0.045967582256296824
neural_fusion,neural_bidir_seed3_fusion,0.03,32,12,4,0.04301652927343031
neural_fusion,neural_bidir_seed4_fusion,0.03,32,12,4,0.046554337961389594
summary_ridge_fusion,none,0.03,36,12,4,0.03972880232668763
neural_fusion,neural_bidir_seed0_fusion,0.03,36,12,4,0.05318571985080257
neural_fusion,neural_bidir_seed1_fusion,0.03,36,12,4,0.055253852244087534
neural_fusion,neural_bidir_seed2_fusion,0.03,36,12,4,0.04482674965678332
neural_fusion,neural_bidir_seed3_fusion,0.03,36,12,4,0.04211290740667407
neural_fusion,neural_bidir_seed4_fusion,0.03,36,12,4,0.04549436165676414
summary_ridge_prior,none,0.03,0,13,0,0.04904083772795004
neural_prior,neural_bidir_seed0_prior,0.03,0,13,0,0.06763486057752743
neural_prior,neural_bidir_seed1_prior,0.03,0,13,0,0.07290596076927613
neural_prior,neural_bidir_seed2_prior,0.03,0,13,0,0.0518085420189891
neural_prior,neural_bidir_seed3_prior,0.03,0,13,0,0.047984205462853424
neural_prior,neural_bidir_seed4_prior,0.03,0,13,0,0.05321880921837874
dfe,none,0.03,32,13,0,0.09723460978539133
dfe,none,0.03,92,13,0,0.058462523328849846
summary_ridge_fusion,none,0.03,32,13,0,0.04475374033116226
neural_fusion,neural_bidir_seed0_fusion,0.03,32,13,0,0.05571372347154009
neural_fusion,neural_bidir_seed1_fusion,0.03,32,13,0,0.05856807336902512
neural_fusion,neural_bidir_seed2_fusion,0.03,32,13,0,0.0471683927886786
neural_fusion,neural_bidir_seed3_fusion,0.03,32,13,0,0.04431280412546661
neural_fusion,neural_bidir_seed4_fusion,0.03,32,13,0,0.04843283174045933
summary_ridge_fusion,none,0.03,36,13,0,0.047729444804321355
neural_fusion,neural_bidir_seed0_fusion,0.03,36,13,0,0.053776354651689305
neural_fusion,neural_bidir_seed1_fusion,0.03,36,13,0,0.055822264471372215
neural_fusion,neural_bidir_seed2_fusion,0.03,36,13,0,0.046200326674414455
neural_fusion,neural_bidir_seed3_fusion,0.03,36,13,0,0.04386845062083777
neural_fusion,neural_bidir_seed4_fusion,0.03,36,13,0,0.046845042049253584
summary_ridge_prior,none,0.03,0,13,1,0.05178857668228047
neural_prior,neural_bidir_seed0_prior,0.03,0,13,1,0.06683074329339433
neural_prior,neural_bidir_seed1_prior,0.03,0,13,1,0.07102000432496425
neural_prior,neural_bidir_seed2_prior,0.03,0,13,1,0.05247318954207003
neural_prior,neural_bidir_seed3_prior,0.03,0,13,1,0.04853832288063131
neural_prior,neural_bidir_seed4_prior,0.03,0,13,1,0.05381131172180176
dfe,none,0.03,32,13,1,0.09685585579089664
dfe,none,0.03,92,13,1,0.0573257028667193
summary_ridge_fusion,none,0.03,32,13,1,0.046632505953196096
neural_fusion,neural_bidir_seed0_fusion,0.03,32,13,1,0.05462672503520785
neural_fusion,neural_bidir_seed1_fusion,0.03,32,13,1,0.05645035957010916
neural_fusion,neural_bidir_seed2_fusion,0.03,32,13,1,0.04667836648539815
neural_fusion,neural_bidir_seed3_fusion,0.03,32,13,1,0.04419626338882596
neural_fusion,neural_bidir_seed4_fusion,0.03,32,13,1,0.047583764255256754
summary_ridge_fusion,none,0.03,36,13,1,0.04647020974438725
neural_fusion,neural_bidir_seed0_fusion,0.03,36,13,1,0.05557683414562459
neural_fusion,neural_bidir_seed1_fusion,0.03,36,13,1,0.057802251271879435
neural_fusion,neural_bidir_seed2_fusion,0.03,36,13,1,0.04725292018186071
neural_fusion,neural_bidir_seed3_fusion,0.03,36,13,1,0.04481526293547249
neural_fusion,neural_bidir_seed4_fusion,0.03,36,13,1,0.04906996453952504
summary_ridge_prior,none,0.03,0,13,2,0.050787326645671683
neural_prior,neural_bidir_seed0_prior,0.03,0,13,2,0.06798418673861306
neural_prior,neural_bidir_seed1_prior,0.03,0,13,2,0.07327154019731097
neural_prior,neural_bidir_seed2_prior,0.03,0,13,2,0.053210690995911136
neural_prior,neural_bidir_seed3_prior,0.03,0,13,2,0.04916304798098281
neural_prior,neural_bidir_seed4_prior,0.03,0,13,2,0.05422751323203556
dfe,none,0.03,32,13,2,0.09747647423400974
dfe,none,0.03,92,13,2,0.05794252546976513
summary_ridge_fusion,none,0.03,32,13,2,0.04674099613400351
neural_fusion,neural_bidir_seed0_fusion,0.03,32,13,2,0.05470018187504648
neural_fusion,neural_bidir_seed1_fusion,0.03,32,13,2,0.05722322121107252
neural_fusion,neural_bidir_seed2_fusion,0.03,32,13,2,0.04671553396822725
neural_fusion,neural_bidir_seed3_fusion,0.03,32,13,2,0.04406415499541157
neural_fusion,neural_bidir_seed4_fusion,0.03,32,13,2,0.04748480912050376
summary_ridge_fusion,none,0.03,36,13,2,0.04600736523101355
neural_fusion,neural_bidir_seed0_fusion,0.03,36,13,2,0.053334362599471205
neural_fusion,neural_bidir_seed1_fusion,0.03,36,13,2,0.05558632884397169
neural_fusion,neural_bidir_seed2_fusion,0.03,36,13,2,0.045813472508083396
neural_fusion,neural_bidir_seed3_fusion,0.03,36,13,2,0.04345771688708156
neural_fusion,neural_bidir_seed4_fusion,0.03,36,13,2,0.04657884979950023
summary_ridge_prior,none,0.03,0,13,3,0.05849199227131231
neural_prior,neural_bidir_seed0_prior,0.03,0,13,3,0.0740046072169207
neural_prior,neural_bidir_seed1_prior,0.03,0,13,3,0.07804727897746488
neural_prior,neural_bidir_seed2_prior,0.03,0,13,3,0.06042791898653377
neural_prior,neural_bidir_seed3_prior,0.03,0,13,3,0.056567206265754066
neural_prior,neural_bidir_seed4_prior,0.03,0,13,3,0.06102469174948055
dfe,none,0.03,32,13,3,0.09471838265253577
dfe,none,0.03,92,13,3,0.057767285856964466
summary_ridge_fusion,none,0.03,32,13,3,0.056245245901029604
neural_fusion,neural_bidir_seed0_fusion,0.03,32,13,3,0.06354643218963248
neural_fusion,neural_bidir_seed1_fusion,0.03,32,13,3,0.0656979837204654
neural_fusion,neural_bidir_seed2_fusion,0.03,32,13,3,0.05638362639275166
neural_fusion,neural_bidir_seed3_fusion,0.03,32,13,3,0.054237892431216836
neural_fusion,neural_bidir_seed4_fusion,0.03,32,13,3,0.05774357076815151
summary_ridge_fusion,none,0.03,36,13,3,0.055578049602364045
neural_fusion,neural_bidir_seed0_fusion,0.03,36,13,3,0.06107590922074613
neural_fusion,neural_bidir_seed1_fusion,0.03,36,13,3,0.06298898651029726
neural_fusion,neural_bidir_seed2_fusion,0.03,36,13,3,0.05398962426314893
neural_fusion,neural_bidir_seed3_fusion,0.03,36,13,3,0.0521112427727828
neural_fusion,neural_bidir_seed4_fusion,0.03,36,13,3,0.054679583408418414
summary_ridge_prior,none,0.03,0,13,4,0.05514734280906852
neural_prior,neural_bidir_seed0_prior,0.03,0,13,4,0.07086915969557595
neural_prior,neural_bidir_seed1_prior,0.03,0,13,4,0.07502940225822385
neural_prior,neural_bidir_seed2_prior,0.03,0,13,4,0.05698005297745112
neural_prior,neural_bidir_seed3_prior,0.03,0,13,4,0.05309258024499286
neural_prior,neural_bidir_seed4_prior,0.03,0,13,4,0.05763229067088105
dfe,none,0.03,32,13,4,0.09928513087406107
dfe,none,0.03,92,13,4,0.058568028618210435
summary_ridge_fusion,none,0.03,32,13,4,0.04900730281071213
neural_fusion,neural_bidir_seed0_fusion,0.03,32,13,4,0.057784102590748745
neural_fusion,neural_bidir_seed1_fusion,0.03,32,13,4,0.060050571240849324
neural_fusion,neural_bidir_seed2_fusion,0.03,32,13,4,0.05023018031703563
neural_fusion,neural_bidir_seed3_fusion,0.03,32,13,4,0.04785644256322526
neural_fusion,neural_bidir_seed4_fusion,0.03,32,13,4,0.05117321512604542
summary_ridge_fusion,none,0.03,36,13,4,0.048197431938006303
neural_fusion,neural_bidir_seed0_fusion,0.03,36,13,4,0.05737260813668961
neural_fusion,neural_bidir_seed1_fusion,0.03,36,13,4,0.059469211546752734
neural_fusion,neural_bidir_seed2_fusion,0.03,36,13,4,0.05001756344929761
neural_fusion,neural_bidir_seed3_fusion,0.03,36,13,4,0.04768702342265078
neural_fusion,neural_bidir_seed4_fusion,0.03,36,13,4,0.05078658314669467
summary_ridge_prior,none,0.03,0,14,0,0.052609356016046833
neural_prior,neural_bidir_seed0_prior,0.03,0,14,0,0.06756018090527505
neural_prior,neural_bidir_seed1_prior,0.03,0,14,0,0.07257165595365223
neural_prior,neural_bidir_seed2_prior,0.03,0,14,0,0.051676442119060084
neural_prior,neural_bidir_seed3_prior,0.03,0,14,0,0.04786323936423287
neural_prior,neural_bidir_seed4_prior,0.03,0,14,0,0.05305314468569122
dfe,none,0.03,32,14,0,0.09562554189792792
dfe,none,0.03,92,14,0,0.05701635128196119
summary_ridge_fusion,none,0.03,32,14,0,0.046898640967535384
neural_fusion,neural_bidir_seed0_fusion,0.03,32,14,0,0.05387660624450694
neural_fusion,neural_bidir_seed1_fusion,0.03,32,14,0,0.056223110773667664
neural_fusion,neural_bidir_seed2_fusion,0.03,32,14,0,0.046005520551207435
neural_fusion,neural_bidir_seed3_fusion,0.03,32,14,0,0.04391961148751411
neural_fusion,neural_bidir_seed4_fusion,0.03,32,14,0,0.046905756894313484
summary_ridge_fusion,none,0.03,36,14,0,0.0454476517673347
neural_fusion,neural_bidir_seed0_fusion,0.03,36,14,0,0.05381966156826476
neural_fusion,neural_bidir_seed1_fusion,0.03,36,14,0,0.056287944143169594
neural_fusion,neural_bidir_seed2_fusion,0.03,36,14,0,0.04450025336519912
neural_fusion,neural_bidir_seed3_fusion,0.03,36,14,0,0.04216770338715599
neural_fusion,neural_bidir_seed4_fusion,0.03,36,14,0,0.045680473567249885
summary_ridge_prior,none,0.03,0,14,1,0.04953692989492452
neural_prior,neural_bidir_seed0_prior,0.03,0,14,1,0.07031725876731798
neural_prior,neural_bidir_seed1_prior,0.03,0,14,1,0.0763620741199702
neural_prior,neural_bidir_seed2_prior,0.03,0,14,1,0.05425411174655892
neural_prior,neural_bidir_seed3_prior,0.03,0,14,1,0.05009918435825966
neural_prior,neural_bidir_seed4_prior,0.03,0,14,1,0.05660948598233517
dfe,none,0.03,32,14,1,0.09925095718530189
dfe,none,0.03,92,14,1,0.05735642788721655
summary_ridge_fusion,none,0.03,32,14,1,0.04802768058628197
neural_fusion,neural_bidir_seed0_fusion,0.03,32,14,1,0.055904861081928166
neural_fusion,neural_bidir_seed1_fusion,0.03,32,14,1,0.05840454906345509
neural_fusion,neural_bidir_seed2_fusion,0.03,32,14,1,0.04757300827455749
neural_fusion,neural_bidir_seed3_fusion,0.03,32,14,1,0.04534738311422269
neural_fusion,neural_bidir_seed4_fusion,0.03,32,14,1,0.04981899270550473
summary_ridge_fusion,none,0.03,36,14,1,0.0486637669207511
neural_fusion,neural_bidir_seed0_fusion,0.03,36,14,1,0.05436498166127367
neural_fusion,neural_bidir_seed1_fusion,0.03,36,14,1,0.05657480264588686
neural_fusion,neural_bidir_seed2_fusion,0.03,36,14,1,0.04755493692471767
neural_fusion,neural_bidir_seed3_fusion,0.03,36,14,1,0.04599766209799383
neural_fusion,neural_bidir_seed4_fusion,0.03,36,14,1,0.05025349536366091
summary_ridge_prior,none,0.03,0,14,2,0.0478898749660199
neural_prior,neural_bidir_seed0_prior,0.03,0,14,2,0.06748658626747783
neural_prior,neural_bidir_seed1_prior,0.03,0,14,2,0.07185580885561649
neural_prior,neural_bidir_seed2_prior,0.03,0,14,2,0.05196920290472917
neural_prior,neural_bidir_seed3_prior,0.03,0,14,2,0.04920352282351814
neural_prior,neural_bidir_seed4_prior,0.03,0,14,2,0.05371901791659184
dfe,none,0.03,32,14,2,0.09702882690076417
dfe,none,0.03,92,14,2,0.05635249274512706
summary_ridge_fusion,none,0.03,32,14,2,0.04355349007952841
neural_fusion,neural_bidir_seed0_fusion,0.03,32,14,2,0.05640524794357174
neural_fusion,neural_bidir_seed1_fusion,0.03,32,14,2,0.058328605287461005
neural_fusion,neural_bidir_seed2_fusion,0.03,32,14,2,0.04870610982751111
neural_fusion,neural_bidir_seed3_fusion,0.03,32,14,2,0.047765921654632185
neural_fusion,neural_bidir_seed4_fusion,0.03,32,14,2,0.05001825906052515
summary_ridge_fusion,none,0.03,36,14,2,0.04261937865207861
neural_fusion,neural_bidir_seed0_fusion,0.03,36,14,2,0.055183461985423565
neural_fusion,neural_bidir_seed1_fusion,0.03,36,14,2,0.057057345854511
neural_fusion,neural_bidir_seed2_fusion,0.03,36,14,2,0.047341715732913014
neural_fusion,neural_bidir_seed3_fusion,0.03,36,14,2,0.04646284906877613
neural_fusion,neural_bidir_seed4_fusion,0.03,36,14,2,0.04878799230280575
summary_ridge_prior,none,0.03,0,14,3,0.0448533530678736
neural_prior,neural_bidir_seed0_prior,0.03,0,14,3,0.0679650404927088
neural_prior,neural_bidir_seed1_prior,0.03,0,14,3,0.07253658199624624
neural_prior,neural_bidir_seed2_prior,0.03,0,14,3,0.051517512765713036
neural_prior,neural_bidir_seed3_prior,0.03,0,14,3,0.047431702783796936
neural_prior,neural_bidir_seed4_prior,0.03,0,14,3,0.0530406351754209
dfe,none,0.03,32,14,3,0.0937570559494596
dfe,none,0.03,92,14,3,0.05693744153069966
summary_ridge_fusion,none,0.03,32,14,3,0.0411455127307438
neural_fusion,neural_bidir_seed0_fusion,0.03,32,14,3,0.054205534314334336
neural_fusion,neural_bidir_seed1_fusion,0.03,32,14,3,0.056420651507917474
neural_fusion,neural_bidir_seed2_fusion,0.03,32,14,3,0.045007995868434375
neural_fusion,neural_bidir_seed3_fusion,0.03,32,14,3,0.042660105231390896
neural_fusion,neural_bidir_seed4_fusion,0.03,32,14,3,0.04624545840969769
summary_ridge_fusion,none,0.03,36,14,3,0.04063935763205264
neural_fusion,neural_bidir_seed0_fusion,0.03,36,14,3,0.05340716644661404
neural_fusion,neural_bidir_seed1_fusion,0.03,36,14,3,0.0554359862006941
neural_fusion,neural_bidir_seed2_fusion,0.03,36,14,3,0.04485975980188209
neural_fusion,neural_bidir_seed3_fusion,0.03,36,14,3,0.042644709755095
neural_fusion,neural_bidir_seed4_fusion,0.03,36,14,3,0.04619683186494487
summary_ridge_prior,none,0.03,0,14,4,0.052449863497265846
neural_prior,neural_bidir_seed0_prior,0.03,0,14,4,0.06628060092043597
neural_prior,neural_bidir_seed1_prior,0.03,0,14,4,0.06960881016857456
neural_prior,neural_bidir_seed2_prior,0.03,0,14,4,0.05303673553862609
neural_prior,neural_bidir_seed3_prior,0.03,0,14,4,0.05099199614778627
neural_prior,neural_bidir_seed4_prior,0.03,0,14,4,0.05420595593750477
dfe,none,0.03,32,14,4,0.09665446594033014
dfe,none,0.03,92,14,4,0.055639935172418054
summary_ridge_fusion,none,0.03,32,14,4,0.04591826449693437
neural_fusion,neural_bidir_seed0_fusion,0.03,32,14,4,0.05466083279359865
neural_fusion,neural_bidir_seed1_fusion,0.03,32,14,4,0.056398048942122386
neural_fusion,neural_bidir_seed2_fusion,0.03,32,14,4,0.046616095228089786
neural_fusion,neural_bidir_seed3_fusion,0.03,32,14,4,0.045096562722701544
neural_fusion,neural_bidir_seed4_fusion,0.03,32,14,4,0.047484625907168274
summary_ridge_fusion,none,0.03,36,14,4,0.04640251394872759
neural_fusion,neural_bidir_seed0_fusion,0.03,36,14,4,0.05342482546291239
neural_fusion,neural_bidir_seed1_fusion,0.03,36,14,4,0.05492426485556126
neural_fusion,neural_bidir_seed2_fusion,0.03,36,14,4,0.04645675504854896
neural_fusion,neural_bidir_seed3_fusion,0.03,36,14,4,0.04542531529873921
neural_fusion,neural_bidir_seed4_fusion,0.03,36,14,4,0.04735681143679136
summary_ridge_prior,none,0.03,0,15,0,0.04393954426944513
neural_prior,neural_bidir_seed0_prior,0.03,0,15,0,0.07068975213041995
neural_prior,neural_bidir_seed1_prior,0.03,0,15,0,0.07560586283216253
neural_prior,neural_bidir_seed2_prior,0.03,0,15,0,0.0534456704481272
neural_prior,neural_bidir_seed3_prior,0.03,0,15,0,0.04867643905163277
neural_prior,neural_bidir_seed4_prior,0.03,0,15,0,0.05410322501847986
dfe,none,0.03,32,15,0,0.09534387886112694
dfe,none,0.03,92,15,0,0.05811452498633311
summary_ridge_fusion,none,0.03,32,15,0,0.05040119130038798
neural_fusion,neural_bidir_seed0_fusion,0.03,32,15,0,0.06648808085810032
neural_fusion,neural_bidir_seed1_fusion,0.03,32,15,0,0.06772674860183384
neural_fusion,neural_bidir_seed2_fusion,0.03,32,15,0,0.05853310965685017
neural_fusion,neural_bidir_seed3_fusion,0.03,32,15,0,0.056393281622713134
neural_fusion,neural_bidir_seed4_fusion,0.03,32,15,0,0.059220540497970174
summary_ridge_fusion,none,0.03,36,15,0,0.040844240063729116
neural_fusion,neural_bidir_seed0_fusion,0.03,36,15,0,0.055815670805337045
neural_fusion,neural_bidir_seed1_fusion,0.03,36,15,0,0.05754524077651796
neural_fusion,neural_bidir_seed2_fusion,0.03,36,15,0,0.047130852928717555
neural_fusion,neural_bidir_seed3_fusion,0.03,36,15,0,0.04447624759240071
neural_fusion,neural_bidir_seed4_fusion,0.03,36,15,0,0.04759018529289142
summary_ridge_prior,none,0.03,0,15,1,0.04366752423254873
neural_prior,neural_bidir_seed0_prior,0.03,0,15,1,0.06884505444031674
neural_prior,neural_bidir_seed1_prior,0.03,0,15,1,0.0732882209122181
neural_prior,neural_bidir_seed2_prior,0.03,0,15,1,0.05158446931454819
neural_prior,neural_bidir_seed3_prior,0.03,0,15,1,0.0471856740914518
neural_prior,neural_bidir_seed4_prior,0.03,0,15,1,0.05233175426837988
dfe,none,0.03,32,15,1,0.0969158863138245
dfe,none,0.03,92,15,1,0.056769937253559145
summary_ridge_fusion,none,0.03,32,15,1,0.04028228786825443
neural_fusion,neural_bidir_seed0_fusion,0.03,32,15,1,0.05562673438448417
neural_fusion,neural_bidir_seed1_fusion,0.03,32,15,1,0.057303212321771546
neural_fusion,neural_bidir_seed2_fusion,0.03,32,15,1,0.04599685851617835
neural_fusion,neural_bidir_seed3_fusion,0.03,32,15,1,0.043018666322096215
neural_fusion,neural_bidir_seed4_fusion,0.03,32,15,1,0.046370200429550125
summary_ridge_fusion,none,0.03,36,15,1,0.03970641889779943
neural_fusion,neural_bidir_seed0_fusion,0.03,36,15,1,0.05424012396005784
neural_fusion,neural_bidir_seed1_fusion,0.03,36,15,1,0.05597825344779796
neural_fusion,neural_bidir_seed2_fusion,0.03,36,15,1,0.04502141298157005
neural_fusion,neural_bidir_seed3_fusion,0.03,36,15,1,0.04205605709155269
neural_fusion,neural_bidir_seed4_fusion,0.03,36,15,1,0.04570947039956192
summary_ridge_prior,none,0.03,0,15,2,0.04697514569943359
neural_prior,neural_bidir_seed0_prior,0.03,0,15,2,0.0706366790109314
neural_prior,neural_bidir_seed1_prior,0.03,0,15,2,0.07497731631156057
neural_prior,neural_bidir_seed2_prior,0.03,0,15,2,0.05327064600714948
neural_prior,neural_bidir_seed3_prior,0.03,0,15,2,0.0488604826387018
neural_prior,neural_bidir_seed4_prior,0.03,0,15,2,0.05364324811671395
dfe,none,0.03,32,15,2,0.09771776701505742
dfe,none,0.03,92,15,2,0.05669480574358986
summary_ridge_fusion,none,0.03,32,15,2,0.04295885580909768
neural_fusion,neural_bidir_seed0_fusion,0.03,32,15,2,0.05593979264202472
neural_fusion,neural_bidir_seed1_fusion,0.03,32,15,2,0.0575487308621761
neural_fusion,neural_bidir_seed2_fusion,0.03,32,15,2,0.047110371994067084
neural_fusion,neural_bidir_seed3_fusion,0.03,32,15,2,0.04476302082482732
neural_fusion,neural_bidir_seed4_fusion,0.03,32,15,2,0.046986514236422056
summary_ridge_fusion,none,0.03,36,15,2,0.046086465650681765
neural_fusion,neural_bidir_seed0_fusion,0.03,36,15,2,0.05642883708389518
neural_fusion,neural_bidir_seed1_fusion,0.03,36,15,2,0.05831237358641371
neural_fusion,neural_bidir_seed2_fusion,0.03,36,15,2,0.047881125423406945
neural_fusion,neural_bidir_seed3_fusion,0.03,36,15,2,0.04487990796500958
neural_fusion,neural_bidir_seed4_fusion,0.03,36,15,2,0.04846673603686677
summary_ridge_prior,none,0.03,0,15,3,0.048546636681361485
neural_prior,neural_bidir_seed0_prior,0.03,0,15,3,0.06883773687877692
neural_prior,neural_bidir_seed1_prior,0.03,0,15,3,0.07367843038809951
neural_prior,neural_bidir_seed2_prior,0.03,0,15,3,0.05215799332654569
neural_prior,neural_bidir_seed3_prior,0.03,0,15,3,0.048016429907875136
neural_prior,neural_bidir_seed4_prior,0.03,0,15,3,0.053204765426926315
dfe,none,0.03,32,15,3,0.097820888669641
dfe,none,0.03,92,15,3,0.05608848459408247
summary_ridge_fusion,none,0.03,32,15,3,0.044528785367896465
neural_fusion,neural_bidir_seed0_fusion,0.03,32,15,3,0.05643594233871055
neural_fusion,neural_bidir_seed1_fusion,0.03,32,15,3,0.058628224262169334
neural_fusion,neural_bidir_seed2_fusion,0.03,32,15,3,0.04605716060138122
neural_fusion,neural_bidir_seed3_fusion,0.03,32,15,3,0.04317286148443007
neural_fusion,neural_bidir_seed4_fusion,0.03,32,15,3,0.04678590926390383
summary_ridge_fusion,none,0.03,36,15,3,0.043559415776455
neural_fusion,neural_bidir_seed0_fusion,0.03,36,15,3,0.05483361222192218
neural_fusion,neural_bidir_seed1_fusion,0.03,36,15,3,0.05662667915005273
neural_fusion,neural_bidir_seed2_fusion,0.03,36,15,3,0.045126150586282665
neural_fusion,neural_bidir_seed3_fusion,0.03,36,15,3,0.04229794890287254
neural_fusion,neural_bidir_seed4_fusion,0.03,36,15,3,0.04578742497804037
summary_ridge_prior,none,0.03,0,15,4,0.0518003262478931
neural_prior,neural_bidir_seed0_prior,0.03,0,15,4,0.07537889106606599
neural_prior,neural_bidir_seed1_prior,0.03,0,15,4,0.07954663109558169
neural_prior,neural_bidir_seed2_prior,0.03,0,15,4,0.05491886267554946
neural_prior,neural_bidir_seed3_prior,0.03,0,15,4,0.049486166099086404
neural_prior,neural_bidir_seed4_prior,0.03,0,15,4,0.05412552192865405
dfe,none,0.03,32,15,4,0.09765096629325326
dfe,none,0.03,92,15,4,0.05787065942929524
summary_ridge_fusion,none,0.03,32,15,4,0.048851255709568255
neural_fusion,neural_bidir_seed0_fusion,0.03,32,15,4,0.06242273229539101
neural_fusion,neural_bidir_seed1_fusion,0.03,32,15,4,0.06419768008417139
neural_fusion,neural_bidir_seed2_fusion,0.03,32,15,4,0.04880601145993216
neural_fusion,neural_bidir_seed3_fusion,0.03,32,15,4,0.04452805755946717
neural_fusion,neural_bidir_seed4_fusion,0.03,32,15,4,0.047422274560483674
summary_ridge_fusion,none,0.03,36,15,4,0.046424248552303995
neural_fusion,neural_bidir_seed0_fusion,0.03,36,15,4,0.058571490168959336
neural_fusion,neural_bidir_seed1_fusion,0.03,36,15,4,0.06003410850104584
neural_fusion,neural_bidir_seed2_fusion,0.03,36,15,4,0.047531534544603404
neural_fusion,neural_bidir_seed3_fusion,0.03,36,15,4,0.044607423674556335
neural_fusion,neural_bidir_seed4_fusion,0.03,36,15,4,0.04807571376305467
summary_ridge_prior,none,0.03,0,16,0,0.04803787303294968
neural_prior,neural_bidir_seed0_prior,0.03,0,16,0,0.06657522181922104
neural_prior,neural_bidir_seed1_prior,0.03,0,16,0,0.07007761344721075
neural_prior,neural_bidir_seed2_prior,0.03,0,16,0,0.0508755772607401
neural_prior,neural_bidir_seed3_prior,0.03,0,16,0,0.046923909976612777
neural_prior,neural_bidir_seed4_prior,0.03,0,16,0,0.051857365178875625
dfe,none,0.03,32,16,0,0.0986582005912248
dfe,none,0.03,92,16,0,0.056829193733262416
summary_ridge_fusion,none,0.03,32,16,0,0.0429306274150386
neural_fusion,neural_bidir_seed0_fusion,0.03,32,16,0,0.0604489090220406
neural_fusion,neural_bidir_seed1_fusion,0.03,32,16,0,0.061649486736024606
neural_fusion,neural_bidir_seed2_fusion,0.03,32,16,0,0.050393488935780315
neural_fusion,neural_bidir_seed3_fusion,0.03,32,16,0,0.046923909976612777
neural_fusion,neural_bidir_seed4_fusion,0.03,32,16,0,0.04946359513216902
summary_ridge_fusion,none,0.03,36,16,0,0.05029030690727178
neural_fusion,neural_bidir_seed0_fusion,0.03,36,16,0,0.05328835663232337
neural_fusion,neural_bidir_seed1_fusion,0.03,36,16,0,0.054833359685636754
neural_fusion,neural_bidir_seed2_fusion,0.03,36,16,0,0.044664244187366454
neural_fusion,neural_bidir_seed3_fusion,0.03,36,16,0,0.04276935445584157
neural_fusion,neural_bidir_seed4_fusion,0.03,36,16,0,0.046400444788585515
summary_ridge_prior,none,0.03,0,16,1,0.04951727586425072
neural_prior,neural_bidir_seed0_prior,0.03,0,16,1,0.06853674998274073
neural_prior,neural_bidir_seed1_prior,0.03,0,16,1,0.07387750613270327
neural_prior,neural_bidir_seed2_prior,0.03,0,16,1,0.05396309382922482
neural_prior,neural_bidir_seed3_prior,0.03,0,16,1,0.050542691446025856
neural_prior,neural_bidir_seed4_prior,0.03,0,16,1,0.05596842880186159
dfe,none,0.03,32,16,1,0.09534094934926501
dfe,none,0.03,92,16,1,0.05717654687779908
summary_ridge_fusion,none,0.03,32,16,1,0.04458723723275555
neural_fusion,neural_bidir_seed0_fusion,0.03,32,16,1,0.05395144606708557
neural_fusion,neural_bidir_seed1_fusion,0.03,32,16,1,0.05626049220559486
neural_fusion,neural_bidir_seed2_fusion,0.03,32,16,1,0.0464360214622674
neural_fusion,neural_bidir_seed3_fusion,0.03,32,16,1,0.04430599503070329
neural_fusion,neural_bidir_seed4_fusion,0.03,32,16,1,0.04774446966267838
summary_ridge_fusion,none,0.03,36,16,1,0.0427792175604748
neural_fusion,neural_bidir_seed0_fusion,0.03,36,16,1,0.053975998914934674
neural_fusion,neural_bidir_seed1_fusion,0.03,36,16,1,0.055878784070493445
neural_fusion,neural_bidir_seed2_fusion,0.03,36,16,1,0.046536804357049384
neural_fusion,neural_bidir_seed3_fusion,0.03,36,16,1,0.04461139530868644
neural_fusion,neural_bidir_seed4_fusion,0.03,36,16,1,0.04764240245274569
summary_ridge_prior,none,0.03,0,16,2,0.05493152492924713
neural_prior,neural_bidir_seed0_prior,0.03,0,16,2,0.06623369712906424
neural_prior,neural_bidir_seed1_prior,0.03,0,16,2,0.07082303780771326
neural_prior,neural_bidir_seed2_prior,0.03,0,16,2,0.05109247566724662
neural_prior,neural_bidir_seed3_prior,0.03,0,16,2,0.04730024212040007
neural_prior,neural_bidir_seed4_prior,0.03,0,16,2,0.052580132032744586
dfe,none,0.03,32,16,2,0.0989952894981286
dfe,none,0.03,92,16,2,0.057770540381855556
summary_ridge_fusion,none,0.03,32,16,2,0.04868708768881636
neural_fusion,neural_bidir_seed0_fusion,0.03,32,16,2,0.05348182668139642
neural_fusion,neural_bidir_seed1_fusion,0.03,32,16,2,0.0559145066632996
neural_fusion,neural_bidir_seed2_fusion,0.03,32,16,2,0.044858578432908885
neural_fusion,neural_bidir_seed3_fusion,0.03,32,16,2,0.042533323687197123
neural_fusion,neural_bidir_seed4_fusion,0.03,32,16,2,0.0461361281103796
summary_ridge_fusion,none,0.03,36,16,2,0.0484406785211447
neural_fusion,neural_bidir_seed0_fusion,0.03,36,16,2,0.05245296010506785
neural_fusion,neural_bidir_seed1_fusion,0.03,36,16,2,0.05463522891057555
neural_fusion,neural_bidir_seed2_fusion,0.03,36,16,2,0.044405464985523294
neural_fusion,neural_bidir_seed3_fusion,0.03,36,16,2,0.04198316305647125
neural_fusion,neural_bidir_seed4_fusion,0.03,36,16,2,0.04577743425643979
summary_ridge_prior,none,0.03,0,16,3,0.04914317091965613
neural_prior,neural_bidir_seed0_prior,0.03,0,16,3,0.06811193430621643
neural_prior,neural_bidir_seed1_prior,0.03,0,16,3,0.07333872282470111
neural_prior,neural_bidir_seed2_prior,0.03,0,16,3,0.054561039578402415
neural_prior,neural_bidir_seed3_prior,0.03,0,16,3,0.050487044180044904
neural_prior,neural_bidir_seed4_prior,0.03,0,16,3,0.05657541417167522
dfe,none,0.03,32,16,3,0.09874145555009006
dfe,none,0.03,92,16,3,0.05685133484731629
summary_ridge_fusion,none,0.03,32,16,3,0.045458574123559595
neural_fusion,neural_bidir_seed0_fusion,0.03,32,16,3,0.055338285737058276
neural_fusion,neural_bidir_seed1_fusion,0.03,32,16,3,0.057989023643572085
neural_fusion,neural_bidir_seed2_fusion,0.03,32,16,3,0.048414117308712645
neural_fusion,neural_bidir_seed3_fusion,0.03,32,16,3,0.04634325610631867
neural_fusion,neural_bidir_seed4_fusion,0.03,32,16,3,0.05037792907787431
summary_ridge_fusion,none,0.03,36,16,3,0.04304982125672867
neural_fusion,neural_bidir_seed0_fusion,0.03,36,16,3,0.05362691561735977
neural_fusion,neural_bidir_seed1_fusion,0.03,36,16,3,0.05594230373807549
neural_fusion,neural_bidir_seed2_fusion,0.03,36,16,3,0.046432261402307815
neural_fusion,neural_bidir_seed3_fusion,0.03,36,16,3,0.04410966970247163
neural_fusion,neural_bidir_seed4_fusion,0.03,36,16,3,0.04804486107938584
summary_ridge_prior,none,0.03,0,16,4,0.048324837028825625
neural_prior,neural_bidir_seed0_prior,0.03,0,16,4,0.06675391022872645
neural_prior,neural_bidir_seed1_prior,0.03,0,16,4,0.07216064479143824
neural_prior,neural_bidir_seed2_prior,0.03,0,16,4,0.05130581128469203
neural_prior,neural_bidir_seed3_prior,0.03,0,16,4,0.04686992760980502
neural_prior,neural_bidir_seed4_prior,0.03,0,16,4,0.05285056280263234
dfe,none,0.03,32,16,4,0.09770053700177243
dfe,none,0.03,92,16,4,0.056820119527667745
summary_ridge_fusion,none,0.03,32,16,4,0.04459172830227239
neural_fusion,neural_bidir_seed0_fusion,0.03,32,16,4,0.05868206477077058
neural_fusion,neural_bidir_seed1_fusion,0.03,32,16,4,0.061273364341015504
neural_fusion,neural_bidir_seed2_fusion,0.03,32,16,4,0.05175577070235096
neural_fusion,neural_bidir_seed3_fusion,0.03,32,16,4,0.04891766991724954
neural_fusion,neural_bidir_seed4_fusion,0.03,32,16,4,0.05315431172572526
summary_ridge_fusion,none,0.03,36,16,4,0.046261059055087664
neural_fusion,neural_bidir_seed0_fusion,0.03,36,16,4,0.060313224575424054
neural_fusion,neural_bidir_seed1_fusion,0.03,36,16,4,0.06255130732081729
neural_fusion,neural_bidir_seed2_fusion,0.03,36,16,4,0.055044848936303445
neural_fusion,neural_bidir_seed3_fusion,0.03,36,16,4,0.05275214424712092
neural_fusion,neural_bidir_seed4_fusion,0.03,36,16,4,0.05593307558285751
summary_ridge_prior,none,0.03,0,17,0,0.049549533112443554
neural_prior,neural_bidir_seed0_prior,0.03,0,17,0,0.07294503186130896
neural_prior,neural_bidir_seed1_prior,0.03,0,17,0,0.07880236524215434
neural_prior,neural_bidir_seed2_prior,0.03,0,17,0,0.05634728947188705
neural_prior,neural_bidir_seed3_prior,0.03,0,17,0,0.052038991954759695
neural_prior,neural_bidir_seed4_prior,0.03,0,17,0,0.057150371256284416
dfe,none,0.03,32,17,0,0.0972570234251468
dfe,none,0.03,92,17,0,0.0575832229944272
summary_ridge_fusion,none,0.03,32,17,0,0.04421656757582982
neural_fusion,neural_bidir_seed0_fusion,0.03,32,17,0,0.058983746113963884
neural_fusion,neural_bidir_seed1_fusion,0.03,32,17,0,0.06142788019013096
neural_fusion,neural_bidir_seed2_fusion,0.03,32,17,0,0.04944574664421311
neural_fusion,neural_bidir_seed3_fusion,0.03,32,17,0,0.04659323882321739
neural_fusion,neural_bidir_seed4_fusion,0.03,32,17,0,0.04986333682822274
summary_ridge_fusion,none,0.03,36,17,0,0.04306529422745409
neural_fusion,neural_bidir_seed0_fusion,0.03,36,17,0,0.0574167462379394
neural_fusion,neural_bidir_seed1_fusion,0.03,36,17,0,0.059041902072223984
neural_fusion,neural_bidir_seed2_fusion,0.03,36,17,0,0.04936304718931792
neural_fusion,neural_bidir_seed3_fusion,0.03,36,17,0,0.04625302682201911
neural_fusion,neural_bidir_seed4_fusion,0.03,36,17,0,0.04922047393338887
summary_ridge_prior,none,0.03,0,17,1,0.05187296746883991
neural_prior,neural_bidir_seed0_prior,0.03,0,17,1,0.06658751484064851
neural_prior,neural_bidir_seed1_prior,0.03,0,17,1,0.07146577051025815
neural_prior,neural_bidir_seed2_prior,0.03,0,17,1,0.05071710725314915
neural_prior,neural_bidir_seed3_prior,0.03,0,17,1,0.04675990523537621
neural_prior,neural_bidir_seed4_prior,0.03,0,17,1,0.05213925438874867
dfe,none,0.03,32,17,1,0.0962985731347539
dfe,none,0.03,92,17,1,0.05797188696961651
summary_ridge_fusion,none,0.03,32,17,1,0.045851090767936954
neural_fusion,neural_bidir_seed0_fusion,0.03,32,17,1,0.054713379482011895
neural_fusion,neural_bidir_seed1_fusion,0.03,32,17,1,0.05698539368993192
neural_fusion,neural_bidir_seed2_fusion,0.03,32,17,1,0.04515782345997349
neural_fusion,neural_bidir_seed3_fusion,0.03,32,17,1,0.042391195593314675
neural_fusion,neural_bidir_seed4_fusion,0.03,32,17,1,0.045923718196276955
summary_ridge_fusion,none,0.03,36,17,1,0.0456758944609422
neural_fusion,neural_bidir_seed0_fusion,0.03,36,17,1,0.05483201385829777
neural_fusion,neural_bidir_seed1_fusion,0.03,36,17,1,0.056751305152049285
neural_fusion,neural_bidir_seed2_fusion,0.03,36,17,1,0.046143263926389
neural_fusion,neural_bidir_seed3_fusion,0.03,36,17,1,0.043065517791966504
neural_fusion,neural_bidir_seed4_fusion,0.03,36,17,1,0.04599476968384392
summary_ridge_prior,none,0.03,0,17,2,0.04969369031889847
neural_prior,neural_bidir_seed0_prior,0.03,0,17,2,0.06714450602885336
neural_prior,neural_bidir_seed1_prior,0.03,0,17,2,0.07204759112210013
neural_prior,neural_bidir_seed2_prior,0.03,0,17,2,0.051221435074694455
neural_prior,neural_bidir_seed3_prior,0.03,0,17,2,0.047692458392702974
neural_prior,neural_bidir_seed4_prior,0.03,0,17,2,0.05244747061806265
dfe,none,0.03,32,17,2,0.0974398191039999
dfe,none,0.03,92,17,2,0.05702591569364615
summary_ridge_fusion,none,0.03,32,17,2,0.04475751397498088
neural_fusion,neural_bidir_seed0_fusion,0.03,32,17,2,0.05516928132965717
neural_fusion,neural_bidir_seed1_fusion,0.03,32,17,2,0.058277741826280344
neural_fusion,neural_bidir_seed2_fusion,0.03,32,17,2,0.045275804999690195
neural_fusion,neural_bidir_seed3_fusion,0.03,32,17,2,0.04274347490360228
neural_fusion,neural_bidir_seed4_fusion,0.03,32,17,2,0.04628872368666702
summary_ridge_fusion,none,0.03,36,17,2,0.0432325549591492
neural_fusion,neural_bidir_seed0_fusion,0.03,36,17,2,0.05389271514478548
neural_fusion,neural_bidir_seed1_fusion,0.03,36,17,2,0.05631000675727099
neural_fusion,neural_bidir_seed2_fusion,0.03,36,17,2,0.04493337321701622
neural_fusion,neural_bidir_seed3_fusion,0.03,36,17,2,0.04281115615882884
neural_fusion,neural_bidir_seed4_fusion,0.03,36,17,2,0.04568246903127183
summary_ridge_prior,none,0.03,0,17,3,0.04903064031637407
neural_prior,neural_bidir_seed0_prior,0.03,0,17,3,0.07013042786275037
neural_prior,neural_bidir_seed1_prior,0.03,0,17,3,0.07584176896489225
neural_prior,neural_bidir_seed2_prior,0.03,0,17,3,0.0533352362253936
neural_prior,neural_bidir_seed3_prior,0.03,0,17,3,0.04897196091769729
neural_prior,neural_bidir_seed4_prior,0.03,0,17,3,0.05438292457256466
dfe,none,0.03,32,17,3,0.09663608799414594
dfe,none,0.03,92,17,3,0.056876329993833664
summary_ridge_fusion,none,0.03,32,17,3,0.04417882973838522
neural_fusion,neural_bidir_seed0_fusion,0.03,32,17,3,0.05484836337615911
neural_fusion,neural_bidir_seed1_fusion,0.03,32,17,3,0.05736063110817838
neural_fusion,neural_bidir_seed2_fusion,0.03,32,17,3,0.04641593207782819
neural_fusion,neural_bidir_seed3_fusion,0.03,32,17,3,0.04361529392812151
neural_fusion,neural_bidir_seed4_fusion,0.03,32,17,3,0.04733913830429869
summary_ridge_fusion,none,0.03,36,17,3,0.043606112577199034
neural_fusion,neural_bidir_seed0_fusion,0.03,36,17,3,0.05485527526647549
neural_fusion,neural_bidir_seed1_fusion,0.03,36,17,3,0.05716627426780636
neural_fusion,neural_bidir_seed2_fusion,0.03,36,17,3,0.04629932982885217
neural_fusion,neural_bidir_seed3_fusion,0.03,36,17,3,0.04336816924986586
neural_fusion,neural_bidir_seed4_fusion,0.03,36,17,3,0.0467524302774245
summary_ridge_prior,none,0.03,0,17,4,0.05368720179523803
neural_prior,neural_bidir_seed0_prior,0.03,0,17,4,0.06937450317491312
neural_prior,neural_bidir_seed1_prior,0.03,0,17,4,0.07431755001016427
neural_prior,neural_bidir_seed2_prior,0.03,0,17,4,0.052995831705629826
neural_prior,neural_bidir_seed3_prior,0.03,0,17,4,0.04882024179096334
neural_prior,neural_bidir_seed4_prior,0.03,0,17,4,0.05415560559777077
dfe,none,0.03,32,17,4,0.09620296303379869
dfe,none,0.03,92,17,4,0.05696733920087475
summary_ridge_fusion,none,0.03,32,17,4,0.0475875722448277
neural_fusion,neural_bidir_seed0_fusion,0.03,32,17,4,0.05656138091035525
neural_fusion,neural_bidir_seed1_fusion,0.03,32,17,4,0.05865309497095598
neural_fusion,neural_bidir_seed2_fusion,0.03,32,17,4,0.048366378108660193
neural_fusion,neural_bidir_seed3_fusion,0.03,32,17,4,0.04609368846713905
neural_fusion,neural_bidir_seed4_fusion,0.03,32,17,4,0.04925843586719366
summary_ridge_fusion,none,0.03,36,17,4,0.04836720106074731
neural_fusion,neural_bidir_seed0_fusion,0.03,36,17,4,0.05839721119055229
neural_fusion,neural_bidir_seed1_fusion,0.03,36,17,4,0.06122355938957698
neural_fusion,neural_bidir_seed2_fusion,0.03,36,17,4,0.0500095034675267
neural_fusion,neural_bidir_seed3_fusion,0.03,36,17,4,0.046296904003479564
neural_fusion,neural_bidir_seed4_fusion,0.03,36,17,4,0.050753730520494825
summary_ridge_prior,none,0.03,0,18,0,0.05610042199091586
neural_prior,neural_bidir_seed0_prior,0.03,0,18,0,0.06780975231959019
neural_prior,neural_bidir_seed1_prior,0.03,0,18,0,0.0723990306869382
neural_prior,neural_bidir_seed2_prior,0.03,0,18,0,0.05593636345292907
neural_prior,neural_bidir_seed3_prior,0.03,0,18,0,0.05356323601154145
neural_prior,neural_bidir_seed4_prior,0.03,0,18,0,0.05836540972813964
dfe,none,0.03,32,18,0,0.09823217581047536
dfe,none,0.03,92,18,0,0.05665919808276103
summary_ridge_fusion,none,0.03,32,18,0,0.049375547116151795
neural_fusion,neural_bidir_seed0_fusion,0.03,32,18,0,0.055601211990851857
neural_fusion,neural_bidir_seed1_fusion,0.03,32,18,0,0.058039296139058685
neural_fusion,neural_bidir_seed2_fusion,0.03,32,18,0,0.04863291169119383
neural_fusion,neural_bidir_seed3_fusion,0.03,32,18,0,0.047188044217379044
neural_fusion,neural_bidir_seed4_fusion,0.03,32,18,0,0.05054699811421528
summary_ridge_fusion,none,0.03,36,18,0,0.047531485238394997
neural_fusion,neural_bidir_seed0_fusion,0.03,36,18,0,0.055328657674814055
neural_fusion,neural_bidir_seed1_fusion,0.03,36,18,0,0.05761043097204542
neural_fusion,neural_bidir_seed2_fusion,0.03,36,18,0,0.04857795073052497
neural_fusion,neural_bidir_seed3_fusion,0.03,36,18,0,0.04711038812297905
neural_fusion,neural_bidir_seed4_fusion,0.03,36,18,0,0.050322216183240995
summary_ridge_prior,none,0.03,0,18,1,0.052200676698384206
neural_prior,neural_bidir_seed0_prior,0.03,0,18,1,0.06716693384805694
neural_prior,neural_bidir_seed1_prior,0.03,0,18,1,0.0705547639663564
neural_prior,neural_bidir_seed2_prior,0.03,0,18,1,0.053036947690998204
neural_prior,neural_bidir_seed3_prior,0.03,0,18,1,0.04963274303008802
neural_prior,neural_bidir_seed4_prior,0.03,0,18,1,0.054193104748264886
dfe,none,0.03,32,18,1,0.09888314593548894
dfe,none,0.03,92,18,1,0.05780205728657475
summary_ridge_fusion,none,0.03,32,18,1,0.04646851743789897
neural_fusion,neural_bidir_seed0_fusion,0.03,32,18,1,0.05538648595738539
neural_fusion,neural_bidir_seed1_fusion,0.03,32,18,1,0.05673099144980561
neural_fusion,neural_bidir_seed2_fusion,0.03,32,18,1,0.04702748819058636
neural_fusion,neural_bidir_seed3_fusion,0.03,32,18,1,0.04460281576610233
neural_fusion,neural_bidir_seed4_fusion,0.03,32,18,1,0.04799951838439147
summary_ridge_fusion,none,0.03,36,18,1,0.04686211121447436
neural_fusion,neural_bidir_seed0_fusion,0.03,36,18,1,0.05844199182709904
neural_fusion,neural_bidir_seed1_fusion,0.03,36,18,1,0.05880057517865306
neural_fusion,neural_bidir_seed2_fusion,0.03,36,18,1,0.053036947690998204
neural_fusion,neural_bidir_seed3_fusion,0.03,36,18,1,0.04963274303008802
neural_fusion,neural_bidir_seed4_fusion,0.03,36,18,1,0.05301824557984695
summary_ridge_prior,none,0.03,0,18,2,0.051936143445581236
neural_prior,neural_bidir_seed0_prior,0.03,0,18,2,0.07357407954987139
neural_prior,neural_bidir_seed1_prior,0.03,0,18,2,0.07952821493381634
neural_prior,neural_bidir_seed2_prior,0.03,0,18,2,0.05610965521191247
neural_prior,neural_bidir_seed3_prior,0.03,0,18,2,0.05157892401621211
neural_prior,neural_bidir_seed4_prior,0.03,0,18,2,0.056709250769927166
dfe,none,0.03,32,18,2,0.09787821883973631
dfe,none,0.03,92,18,2,0.055980723998635594
summary_ridge_fusion,none,0.03,32,18,2,0.045935274103383945
neural_fusion,neural_bidir_seed0_fusion,0.03,32,18,2,0.061966527793511035
neural_fusion,neural_bidir_seed1_fusion,0.03,32,18,2,0.06506312559803677
neural_fusion,neural_bidir_seed2_fusion,0.03,32,18,2,0.05081648319847812
neural_fusion,neural_bidir_seed3_fusion,0.03,32,18,2,0.046927165213633715
neural_fusion,neural_bidir_seed4_fusion,0.03,32,18,2,0.05094148346013931
summary_ridge_fusion,none,0.03,36,18,2,0.045793619526683815
neural_fusion,neural_bidir_seed0_fusion,0.03,36,18,2,0.056084481206554335
neural_fusion,neural_bidir_seed1_fusion,0.03,36,18,2,0.058208631947558244
neural_fusion,neural_bidir_seed2_fusion,0.03,36,18,2,0.04778782423383882
neural_fusion,neural_bidir_seed3_fusion,0.03,36,18,2,0.04523294149128001
neural_fusion,neural_bidir_seed4_fusion,0.03,36,18,2,0.0479867049661757
summary_ridge_prior,none,0.03,0,18,3,0.05421574794197823
neural_prior,neural_bidir_seed0_prior,0.03,0,18,3,0.06807009853946511
neural_prior,neural_bidir_seed1_prior,0.03,0,18,3,0.07199116016272455
neural_prior,neural_bidir_seed2_prior,0.03,0,18,3,0.05248993998975493
neural_prior,neural_bidir_seed3_prior,0.03,0,18,3,0.04950543402810581
neural_prior,neural_bidir_seed4_prior,0.03,0,18,3,0.053233800834277645
dfe,none,0.03,32,18,3,0.09718398666308228
dfe,none,0.03,92,18,3,0.05656696908916811
summary_ridge_fusion,none,0.03,32,18,3,0.04781400748873843
neural_fusion,neural_bidir_seed0_fusion,0.03,32,18,3,0.055558723689910314
neural_fusion,neural_bidir_seed1_fusion,0.03,32,18,3,0.057377538579514074
neural_fusion,neural_bidir_seed2_fusion,0.03,32,18,3,0.046267266837242055
neural_fusion,neural_bidir_seed3_fusion,0.03,32,18,3,0.044310665080439834
neural_fusion,neural_bidir_seed4_fusion,0.03,32,18,3,0.04666831892550676
summary_ridge_fusion,none,0.03,36,18,3,0.04760763250877783
neural_fusion,neural_bidir_seed0_fusion,0.03,36,18,3,0.055601520659242426
neural_fusion,neural_bidir_seed1_fusion,0.03,36,18,3,0.0576319055278018
neural_fusion,neural_bidir_seed2_fusion,0.03,36,18,3,0.04643513349983422
neural_fusion,neural_bidir_seed3_fusion,0.03,36,18,3,0.04449858989647775
neural_fusion,neural_bidir_seed4_fusion,0.03,36,18,3,0.047366898290184326
summary_ridge_prior,none,0.03,0,18,4,0.04741589236270481
neural_prior,neural_bidir_seed0_prior,0.03,0,18,4,0.06878711457829922
neural_prior,neural_bidir_seed1_prior,0.03,0,18,4,0.07400064406101592
neural_prior,neural_bidir_seed2_prior,0.03,0,18,4,0.052840125499642454
neural_prior,neural_bidir_seed3_prior,0.03,0,18,4,0.048768416527309455
neural_prior,neural_bidir_seed4_prior,0.03,0,18,4,0.05538461009564344
dfe,none,0.03,32,18,4,0.09595490260814396
dfe,none,0.03,92,18,4,0.05693020530738464
summary_ridge_fusion,none,0.03,32,18,4,0.04239603646403219
neural_fusion,neural_bidir_seed0_fusion,0.03,32,18,4,0.059288415507124534
neural_fusion,neural_bidir_seed1_fusion,0.03,32,18,4,0.06206762603889104
neural_fusion,neural_bidir_seed2_fusion,0.03,32,18,4,0.04813519186539859
neural_fusion,neural_bidir_seed3_fusion,0.03,32,18,4,0.044783446588499795
neural_fusion,neural_bidir_seed4_fusion,0.03,32,18,4,0.04946368424412438
summary_ridge_fusion,none,0.03,36,18,4,0.04201185230352859
neural_fusion,neural_bidir_seed0_fusion,0.03,36,18,4,0.054646804714461296
neural_fusion,neural_bidir_seed1_fusion,0.03,36,18,4,0.05706620628993705
neural_fusion,neural_bidir_seed2_fusion,0.03,36,18,4,0.04541423401058642
neural_fusion,neural_bidir_seed3_fusion,0.03,36,18,4,0.0429404988739478
neural_fusion,neural_bidir_seed4_fusion,0.03,36,18,4,0.047121436726361696
summary_ridge_prior,none,0.03,0,19,0,0.04535927068343726
neural_prior,neural_bidir_seed0_prior,0.03,0,19,0,0.06667354663659353
neural_prior,neural_bidir_seed1_prior,0.03,0,19,0,0.0701593841513386
neural_prior,neural_bidir_seed2_prior,0.03,0,19,0,0.05332705323235132
neural_prior,neural_bidir_seed3_prior,0.03,0,19,0,0.04971634292451199
neural_prior,neural_bidir_seed4_prior,0.03,0,19,0,0.05464595429657493
dfe,none,0.03,32,19,0,0.09538936173090509
dfe,none,0.03,92,19,0,0.05770107000840808
summary_ridge_fusion,none,0.03,32,19,0,0.04257810110348935
neural_fusion,neural_bidir_seed0_fusion,0.03,32,19,0,0.05431538793094363
neural_fusion,neural_bidir_seed1_fusion,0.03,32,19,0,0.05616621992535733
neural_fusion,neural_bidir_seed2_fusion,0.03,32,19,0,0.04662117510514335
neural_fusion,neural_bidir_seed3_fusion,0.03,32,19,0,0.044229323348039334
neural_fusion,neural_bidir_seed4_fusion,0.03,32,19,0,0.04770993802751457
summary_ridge_fusion,none,0.03,36,19,0,0.04225887516140313
neural_fusion,neural_bidir_seed0_fusion,0.03,36,19,0,0.05493808917843502
neural_fusion,neural_bidir_seed1_fusion,0.03,36,19,0,0.0567268029214229
neural_fusion,neural_bidir_seed2_fusion,0.03,36,19,0,0.04715226616063456
neural_fusion,neural_bidir_seed3_fusion,0.03,36,19,0,0.044801522282037355
neural_fusion,neural_bidir_seed4_fusion,0.03,36,19,0,0.0478635608143855
summary_ridge_prior,none,0.03,0,19,1,0.048014688450597046
neural_prior,neural_bidir_seed0_prior,0.03,0,19,1,0.0682088391185971
neural_prior,neural_bidir_seed1_prior,0.03,0,19,1,0.07202230945404153
neural_prior,neural_bidir_seed2_prior,0.03,0,19,1,0.05292987122084014
neural_prior,neural_bidir_seed3_prior,0.03,0,19,1,0.04876672467798926
neural_prior,neural_bidir_seed4_prior,0.03,0,19,1,0.054348297126125544
dfe,none,0.03,32,19,1,0.09799433376941705
dfe,none,0.03,92,19,1,0.056248750126338384
summary_ridge_fusion,none,0.03,32,19,1,0.045486153120387667
neural_fusion,neural_bidir_seed0_fusion,0.03,32,19,1,0.05561995682578573
neural_fusion,neural_bidir_seed1_fusion,0.03,32,19,1,0.05744298549624362
neural_fusion,neural_bidir_seed2_fusion,0.03,32,19,1,0.04683482798061528
neural_fusion,neural_bidir_seed3_fusion,0.03,32,19,1,0.04414075882991555
neural_fusion,neural_bidir_seed4_fusion,0.03,32,19,1,0.048044890301890214
summary_ridge_fusion,none,0.03,36,19,1,0.04573331539086312
neural_fusion,neural_bidir_seed0_fusion,0.03,36,19,1,0.05308213416128811
neural_fusion,neural_bidir_seed1_fusion,0.03,36,19,1,0.05482446434300714
neural_fusion,neural_bidir_seed2_fusion,0.03,36,19,1,0.0457456252046159
neural_fusion,neural_bidir_seed3_fusion,0.03,36,19,1,0.043427118724606396
neural_fusion,neural_bidir_seed4_fusion,0.03,36,19,1,0.04724037997757569
summary_ridge_prior,none,0.03,0,19,2,0.051447563053431476
neural_prior,neural_bidir_seed0_prior,0.03,0,19,2,0.0690201790566789
neural_prior,neural_bidir_seed1_prior,0.03,0,19,2,0.0740587399341166
neural_prior,neural_bidir_seed2_prior,0.03,0,19,2,0.05308412761951331
neural_prior,neural_bidir_seed3_prior,0.03,0,19,2,0.04940037695632782
neural_prior,neural_bidir_seed4_prior,0.03,0,19,2,0.05423618093482219
dfe,none,0.03,32,19,2,0.09834520871223201
dfe,none,0.03,92,19,2,0.05797928700466357
summary_ridge_fusion,none,0.03,32,19,2,0.04660954322865033
neural_fusion,neural_bidir_seed0_fusion,0.03,32,19,2,0.05646180602665879
neural_fusion,neural_bidir_seed1_fusion,0.03,32,19,2,0.05831368838984324
neural_fusion,neural_bidir_seed2_fusion,0.03,32,19,2,0.04717625406917854
neural_fusion,neural_bidir_seed3_fusion,0.03,32,19,2,0.044750759730010026
neural_fusion,neural_bidir_seed4_fusion,0.03,32,19,2,0.04773737464038008
summary_ridge_fusion,none,0.03,36,19,2,0.04623133591003254
neural_fusion,neural_bidir_seed0_fusion,0.03,36,19,2,0.0545586696430346
neural_fusion,neural_bidir_seed1_fusion,0.03,36,19,2,0.05599079955630343
neural_fusion,neural_bidir_seed2_fusion,0.03,36,19,2,0.04568014978030709
neural_fusion,neural_bidir_seed3_fusion,0.03,36,19,2,0.04352158518245715
neural_fusion,neural_bidir_seed4_fusion,0.03,36,19,2,0.04626797652500463
summary_ridge_prior,none,0.03,0,19,3,0.04991436388778832
neural_prior,neural_bidir_seed0_prior,0.03,0,19,3,0.06609402432513889
neural_prior,neural_bidir_seed1_prior,0.03,0,19,3,0.06979540870815981
neural_prior,neural_bidir_seed2_prior,0.03,0,19,3,0.05152544051816221
neural_prior,neural_bidir_seed3_prior,0.03,0,19,3,0.048011280538048595
neural_prior,neural_bidir_seed4_prior,0.03,0,19,3,0.05293791583972052
dfe,none,0.03,32,19,3,0.09790381102348616
dfe,none,0.03,92,19,3,0.055669070926664
summary_ridge_fusion,none,0.03,32,19,3,0.04442528133602831
neural_fusion,neural_bidir_seed0_fusion,0.03,32,19,3,0.05422683860418331
neural_fusion,neural_bidir_seed1_fusion,0.03,32,19,3,0.05584515944889143
neural_fusion,neural_bidir_seed2_fusion,0.03,32,19,3,0.04522977198809664
neural_fusion,neural_bidir_seed3_fusion,0.03,32,19,3,0.04288755460402467
neural_fusion,neural_bidir_seed4_fusion,0.03,32,19,3,0.046159184189629
summary_ridge_fusion,none,0.03,36,19,3,0.04478442869572792
neural_fusion,neural_bidir_seed0_fusion,0.03,36,19,3,0.05277287443439326
neural_fusion,neural_bidir_seed1_fusion,0.03,36,19,3,0.05465364514279325
neural_fusion,neural_bidir_seed2_fusion,0.03,36,19,3,0.044630600636158826
neural_fusion,neural_bidir_seed3_fusion,0.03,36,19,3,0.04238964928678919
neural_fusion,neural_bidir_seed4_fusion,0.03,36,19,3,0.045903545793329704
summary_ridge_prior,none,0.03,0,19,4,0.043098096325855595
neural_prior,neural_bidir_seed0_prior,0.03,0,19,4,0.06566229507734533
neural_prior,neural_bidir_seed1_prior,0.03,0,19,4,0.0693441955227172
neural_prior,neural_bidir_seed2_prior,0.03,0,19,4,0.05125390783359762
neural_prior,neural_bidir_seed3_prior,0.03,0,19,4,0.04759473587910179
neural_prior,neural_bidir_seed4_prior,0.03,0,19,4,0.05255951626168098
dfe,none,0.03,32,19,4,0.09615267644769412
dfe,none,0.03,92,19,4,0.05738503867229494
summary_ridge_fusion,none,0.03,32,19,4,0.044121555697900675
neural_fusion,neural_bidir_seed0_fusion,0.03,32,19,4,0.05456067939016665
neural_fusion,neural_bidir_seed1_fusion,0.03,32,19,4,0.056516045195462244
neural_fusion,neural_bidir_seed2_fusion,0.03,32,19,4,0.046995684089637516
neural_fusion,neural_bidir_seed3_fusion,0.03,32,19,4,0.04445910237781744
neural_fusion,neural_bidir_seed4_fusion,0.03,32,19,4,0.04813698555196327
summary_ridge_fusion,none,0.03,36,19,4,0.04999007946783
neural_fusion,neural_bidir_seed0_fusion,0.03,36,19,4,0.05526279087033795
neural_fusion,neural_bidir_seed1_fusion,0.03,36,19,4,0.0571792335318516
neural_fusion,neural_bidir_seed2_fusion,0.03,36,19,4,0.04913223651846748
neural_fusion,neural_bidir_seed3_fusion,0.03,36,19,4,0.04710896261017676
neural_fusion,neural_bidir_seed4_fusion,0.03,36,19,4,0.05019967864925218
summary_ridge_prior,none,0.05,0,0,0,0.04657154775311029
neural_prior,neural_bidir_seed0_prior,0.05,0,0,0,0.06730842390970793
neural_prior,neural_bidir_seed1_prior,0.05,0,0,0,0.07160998672770802
neural_prior,neural_bidir_seed2_prior,0.05,0,0,0,0.05231140716932714
neural_prior,neural_bidir_seed3_prior,0.05,0,0,0,0.04864921030821279
neural_prior,neural_bidir_seed4_prior,0.05,0,0,0,0.05425067094620317
dfe,none,0.05,32,0,0,0.10182291370078056
dfe,none,0.05,92,0,0,0.0599137204110535
summary_ridge_fusion,none,0.05,32,0,0,0.042759439880115116
neural_fusion,neural_bidir_seed0_fusion,0.05,32,0,0,0.05544668508928973
neural_fusion,neural_bidir_seed1_fusion,0.05,32,0,0,0.05759254696003621
neural_fusion,neural_bidir_seed2_fusion,0.05,32,0,0,0.04644461814066338
neural_fusion,neural_bidir_seed3_fusion,0.05,32,0,0,0.044179492704326764
neural_fusion,neural_bidir_seed4_fusion,0.05,32,0,0,0.04816246239324973
summary_ridge_fusion,none,0.05,36,0,0,0.043670862650619216
neural_fusion,neural_bidir_seed0_fusion,0.05,36,0,0,0.056631295683547675
neural_fusion,neural_bidir_seed1_fusion,0.05,36,0,0,0.05813628951740066
neural_fusion,neural_bidir_seed2_fusion,0.05,36,0,0,0.048923397095784374
neural_fusion,neural_bidir_seed3_fusion,0.05,36,0,0,0.04697517742320075
neural_fusion,neural_bidir_seed4_fusion,0.05,36,0,0,0.05003812861827867
summary_ridge_prior,none,0.05,0,0,1,0.045815401148472976
neural_prior,neural_bidir_seed0_prior,0.05,0,0,1,0.0657111697801156
neural_prior,neural_bidir_seed1_prior,0.05,0,0,1,0.07023369372473098
neural_prior,neural_bidir_seed2_prior,0.05,0,0,1,0.0506415351992473
neural_prior,neural_bidir_seed3_prior,0.05,0,0,1,0.046805649137240835
neural_prior,neural_bidir_seed4_prior,0.05,0,0,1,0.052238958873203956
dfe,none,0.05,32,0,1,0.10210509650465666
dfe,none,0.05,92,0,1,0.06077044235389143
summary_ridge_fusion,none,0.05,32,0,1,0.04453387772934879
neural_fusion,neural_bidir_seed0_fusion,0.05,32,0,1,0.054191330671977955
neural_fusion,neural_bidir_seed1_fusion,0.05,32,0,1,0.05645705875592501
neural_fusion,neural_bidir_seed2_fusion,0.05,32,0,1,0.04613091632228003
neural_fusion,neural_bidir_seed3_fusion,0.05,32,0,1,0.043858977335616486
neural_fusion,neural_bidir_seed4_fusion,0.05,32,0,1,0.048124626495088696
summary_ridge_fusion,none,0.05,36,0,1,0.04165932137407489
neural_fusion,neural_bidir_seed0_fusion,0.05,36,0,1,0.05577710372601457
neural_fusion,neural_bidir_seed1_fusion,0.05,36,0,1,0.05873639566270314
neural_fusion,neural_bidir_seed2_fusion,0.05,36,0,1,0.04603414937139376
neural_fusion,neural_bidir_seed3_fusion,0.05,36,0,1,0.043194673016933874
neural_fusion,neural_bidir_seed4_fusion,0.05,36,0,1,0.04699292164666752
summary_ridge_prior,none,0.05,0,0,2,0.050297829638201785
neural_prior,neural_bidir_seed0_prior,0.05,0,0,2,0.06709741256781854
neural_prior,neural_bidir_seed1_prior,0.05,0,0,2,0.07249957215390168
neural_prior,neural_bidir_seed2_prior,0.05,0,0,2,0.05154920637141913
neural_prior,neural_bidir_seed3_prior,0.05,0,0,2,0.04729166053584777
neural_prior,neural_bidir_seed4_prior,0.05,0,0,2,0.05261928641994018
dfe,none,0.05,32,0,2,0.10382136769461649
dfe,none,0.05,92,0,2,0.0605340810155385
summary_ridge_fusion,none,0.05,32,0,2,0.048232459798049465
neural_fusion,neural_bidir_seed0_fusion,0.05,32,0,2,0.057268513081589506
neural_fusion,neural_bidir_seed1_fusion,0.05,32,0,2,0.06048351729551676
neural_fusion,neural_bidir_seed2_fusion,0.05,32,0,2,0.04753866548363557
neural_fusion,neural_bidir_seed3_fusion,0.05,32,0,2,0.04415437619678582
neural_fusion,neural_bidir_seed4_fusion,0.05,32,0,2,0.04798767345707064
summary_ridge_fusion,none,0.05,36,0,2,0.048397033300686926
neural_fusion,neural_bidir_seed0_fusion,0.05,36,0,2,0.05870181102054998
neural_fusion,neural_bidir_seed1_fusion,0.05,36,0,2,0.062184903586647244
neural_fusion,neural_bidir_seed2_fusion,0.05,36,0,2,0.051030391146108425
neural_fusion,neural_bidir_seed3_fusion,0.05,36,0,2,0.04729166053584777
neural_fusion,neural_bidir_seed4_fusion,0.05,36,0,2,0.051113209654443645
summary_ridge_prior,none,0.05,0,0,3,0.04456365656637376
neural_prior,neural_bidir_seed0_prior,0.05,0,0,3,0.06739254365675151
neural_prior,neural_bidir_seed1_prior,0.05,0,0,3,0.07192170972120948
neural_prior,neural_bidir_seed2_prior,0.05,0,0,3,0.05135712804622017
neural_prior,neural_bidir_seed3_prior,0.05,0,0,3,0.04707472633162979
neural_prior,neural_bidir_seed4_prior,0.05,0,0,3,0.05184033629484475
dfe,none,0.05,32,0,3,0.10134741228962826
dfe,none,0.05,92,0,3,0.06086296739798802
summary_ridge_fusion,none,0.05,32,0,3,0.04272036670213997
neural_fusion,neural_bidir_seed0_fusion,0.05,32,0,3,0.05586674832311496
neural_fusion,neural_bidir_seed1_fusion,0.05,32,0,3,0.05841662142930325
neural_fusion,neural_bidir_seed2_fusion,0.05,32,0,3,0.04668302686887223
neural_fusion,neural_bidir_seed3_fusion,0.05,32,0,3,0.0439616672272906
neural_fusion,neural_bidir_seed4_fusion,0.05,32,0,3,0.047771988355535894
summary_ridge_fusion,none,0.05,36,0,3,0.06274624313331956
neural_fusion,neural_bidir_seed0_fusion,0.05,36,0,3,0.057050042888041955
neural_fusion,neural_bidir_seed1_fusion,0.05,36,0,3,0.059856073112257546
neural_fusion,neural_bidir_seed2_fusion,0.05,36,0,3,0.051893882499075186
neural_fusion,neural_bidir_seed3_fusion,0.05,36,0,3,0.05122494013614724
neural_fusion,neural_bidir_seed4_fusion,0.05,36,0,3,0.056922086101379984
summary_ridge_prior,none,0.05,0,0,4,0.046964591401928296
neural_prior,neural_bidir_seed0_prior,0.05,0,0,4,0.0654223087040009
neural_prior,neural_bidir_seed1_prior,0.05,0,0,4,0.06947398649936076
neural_prior,neural_bidir_seed2_prior,0.05,0,0,4,0.050885433302028105
neural_prior,neural_bidir_seed3_prior,0.05,0,0,4,0.04753381424234249
neural_prior,neural_bidir_seed4_prior,0.05,0,0,4,0.052895032946253195
dfe,none,0.05,32,0,4,0.10185457330983194
dfe,none,0.05,92,0,4,0.06086991788694464
summary_ridge_fusion,none,0.05,32,0,4,0.04280624086749009
neural_fusion,neural_bidir_seed0_fusion,0.05,32,0,4,0.05396318089304502
neural_fusion,neural_bidir_seed1_fusion,0.05,32,0,4,0.056176557089971504
neural_fusion,neural_bidir_seed2_fusion,0.05,32,0,4,0.0450944179110766
neural_fusion,neural_bidir_seed3_fusion,0.05,32,0,4,0.04286615482852
neural_fusion,neural_bidir_seed4_fusion,0.05,32,0,4,0.04686754270820918
summary_ridge_fusion,none,0.05,36,0,4,0.04321940019259973
neural_fusion,neural_bidir_seed0_fusion,0.05,36,0,4,0.05304584063719543
neural_fusion,neural_bidir_seed1_fusion,0.05,36,0,4,0.054996542609709265
neural_fusion,neural_bidir_seed2_fusion,0.05,36,0,4,0.044584314368426185
neural_fusion,neural_bidir_seed3_fusion,0.05,36,0,4,0.04257358110114358
neural_fusion,neural_bidir_seed4_fusion,0.05,36,0,4,0.045918375992339666
summary_ridge_prior,none,0.05,0,1,0,0.05075468251613477
neural_prior,neural_bidir_seed0_prior,0.05,0,1,0,0.06572704816062469
neural_prior,neural_bidir_seed1_prior,0.05,0,1,0,0.06928283171146177
neural_prior,neural_bidir_seed2_prior,0.05,0,1,0,0.051591113850008696
neural_prior,neural_bidir_seed3_prior,0.05,0,1,0,0.0482159222883638
neural_prior,neural_bidir_seed4_prior,0.05,0,1,0,0.05346627195831388
dfe,none,0.05,32,1,0,0.10399594235764886
dfe,none,0.05,92,1,0,0.06145291127367562
summary_ridge_fusion,none,0.05,32,1,0,0.045406593596366986
neural_fusion,neural_bidir_seed0_fusion,0.05,32,1,0,0.06228321603122632
neural_fusion,neural_bidir_seed1_fusion,0.05,32,1,0,0.06209452916530654
neural_fusion,neural_bidir_seed2_fusion,0.05,32,1,0,0.05084525779583747
neural_fusion,neural_bidir_seed3_fusion,0.05,32,1,0,0.048012235576864674
neural_fusion,neural_bidir_seed4_fusion,0.05,32,1,0,0.05078363032780679
summary_ridge_fusion,none,0.05,36,1,0,0.04525086186984599
neural_fusion,neural_bidir_seed0_fusion,0.05,36,1,0,0.05522047561080394
neural_fusion,neural_bidir_seed1_fusion,0.05,36,1,0,0.05639115655120827
neural_fusion,neural_bidir_seed2_fusion,0.05,36,1,0,0.04560483665352051
neural_fusion,neural_bidir_seed3_fusion,0.05,36,1,0,0.043299740135261805
neural_fusion,neural_bidir_seed4_fusion,0.05,36,1,0,0.046989997220419605
summary_ridge_prior,none,0.05,0,1,1,0.04759781285603545
neural_prior,neural_bidir_seed0_prior,0.05,0,1,1,0.06917337868071627
neural_prior,neural_bidir_seed1_prior,0.05,0,1,1,0.07330277121218387
neural_prior,neural_bidir_seed2_prior,0.05,0,1,1,0.0523070643102983
neural_prior,neural_bidir_seed3_prior,0.05,0,1,1,0.04844965317170136
neural_prior,neural_bidir_seed4_prior,0.05,0,1,1,0.05359572569432203
dfe,none,0.05,32,1,1,0.10160196681314082
dfe,none,0.05,92,1,1,0.060639573828753394
summary_ridge_fusion,none,0.05,32,1,1,0.05155455097873382
neural_fusion,neural_bidir_seed0_fusion,0.05,32,1,1,0.0551707198965163
neural_fusion,neural_bidir_seed1_fusion,0.05,32,1,1,0.056890952512806625
neural_fusion,neural_bidir_seed2_fusion,0.05,32,1,1,0.046801063268580405
neural_fusion,neural_bidir_seed3_fusion,0.05,32,1,1,0.04481127274229752
neural_fusion,neural_bidir_seed4_fusion,0.05,32,1,1,0.04779239281199045
summary_ridge_fusion,none,0.05,36,1,1,0.05833911209752123
neural_fusion,neural_bidir_seed0_fusion,0.05,36,1,1,0.05732820387352965
neural_fusion,neural_bidir_seed1_fusion,0.05,36,1,1,0.05923514103625465
neural_fusion,neural_bidir_seed2_fusion,0.05,36,1,1,0.05160296863766396
neural_fusion,neural_bidir_seed3_fusion,0.05,36,1,1,0.050230507770235876
neural_fusion,neural_bidir_seed4_fusion,0.05,36,1,1,0.05257592506814375
summary_ridge_prior,none,0.05,0,1,2,0.05594251044895331
neural_prior,neural_bidir_seed0_prior,0.05,0,1,2,0.06752633307769429
neural_prior,neural_bidir_seed1_prior,0.05,0,1,2,0.0720597638428444
neural_prior,neural_bidir_seed2_prior,0.05,0,1,2,0.056428508964017965
neural_prior,neural_bidir_seed3_prior,0.05,0,1,2,0.05301373788097408
neural_prior,neural_bidir_seed4_prior,0.05,0,1,2,0.05849415794364177
dfe,none,0.05,32,1,2,0.10157261454783066
dfe,none,0.05,92,1,2,0.05952666194719279
summary_ridge_fusion,none,0.05,32,1,2,0.052034322061371624
neural_fusion,neural_bidir_seed0_fusion,0.05,32,1,2,0.05882384833042474
neural_fusion,neural_bidir_seed1_fusion,0.05,32,1,2,0.06110652485567626
neural_fusion,neural_bidir_seed2_fusion,0.05,32,1,2,0.051744869684942324
neural_fusion,neural_bidir_seed3_fusion,0.05,32,1,2,0.04997496276735797
neural_fusion,neural_bidir_seed4_fusion,0.05,32,1,2,0.05307260452192202
summary_ridge_fusion,none,0.05,36,1,2,0.050527513037207025
neural_fusion,neural_bidir_seed0_fusion,0.05,36,1,2,0.061999798196131314
neural_fusion,neural_bidir_seed1_fusion,0.05,36,1,2,0.06448196180835047
neural_fusion,neural_bidir_seed2_fusion,0.05,36,1,2,0.05341076761043451
neural_fusion,neural_bidir_seed3_fusion,0.05,36,1,2,0.0510040998873165
neural_fusion,neural_bidir_seed4_fusion,0.05,36,1,2,0.05452856727418448
summary_ridge_prior,none,0.05,0,1,3,0.04991060189722961
neural_prior,neural_bidir_seed0_prior,0.05,0,1,3,0.06732654929510318
neural_prior,neural_bidir_seed1_prior,0.05,0,1,3,0.0714507806696929
neural_prior,neural_bidir_seed2_prior,0.05,0,1,3,0.051866468173102476
neural_prior,neural_bidir_seed3_prior,0.05,0,1,3,0.04827072728949133
neural_prior,neural_bidir_seed4_prior,0.05,0,1,3,0.05339649687812198
dfe,none,0.05,32,1,3,0.10454730015566144
dfe,none,0.05,92,1,3,0.0594732223279484
summary_ridge_fusion,none,0.05,32,1,3,0.056509406623165406
neural_fusion,neural_bidir_seed0_fusion,0.05,32,1,3,0.055907870415676256
neural_fusion,neural_bidir_seed1_fusion,0.05,32,1,3,0.057890354780980174
neural_fusion,neural_bidir_seed2_fusion,0.05,32,1,3,0.04978136568850429
neural_fusion,neural_bidir_seed3_fusion,0.05,32,1,3,0.048930148734252894
neural_fusion,neural_bidir_seed4_fusion,0.05,32,1,3,0.05156385869453467
summary_ridge_fusion,none,0.05,36,1,3,0.0506624536726783
neural_fusion,neural_bidir_seed0_fusion,0.05,36,1,3,0.05405184809495426
neural_fusion,neural_bidir_seed1_fusion,0.05,36,1,3,0.05587229073592031
neural_fusion,neural_bidir_seed2_fusion,0.05,36,1,3,0.04522114554189142
neural_fusion,neural_bidir_seed3_fusion,0.05,36,1,3,0.04371628508925255
neural_fusion,neural_bidir_seed4_fusion,0.05,36,1,3,0.046695455448092574
summary_ridge_prior,none,0.05,0,1,4,0.05170920790936058
neural_prior,neural_bidir_seed0_prior,0.05,0,1,4,0.06617357717186678
neural_prior,neural_bidir_seed1_prior,0.05,0,1,4,0.07047281505947467
neural_prior,neural_bidir_seed2_prior,0.05,0,1,4,0.05514896936074365
neural_prior,neural_bidir_seed3_prior,0.05,0,1,4,0.052672224046546035
neural_prior,neural_bidir_seed4_prior,0.05,0,1,4,0.05807693945826031
dfe,none,0.05,32,1,4,0.10493910615582307
dfe,none,0.05,92,1,4,0.06044721674619703
summary_ridge_fusion,none,0.05,32,1,4,0.04611847301693365
neural_fusion,neural_bidir_seed0_fusion,0.05,32,1,4,0.05714040339365313
neural_fusion,neural_bidir_seed1_fusion,0.05,32,1,4,0.05918404246472452
neural_fusion,neural_bidir_seed2_fusion,0.05,32,1,4,0.04849032419628676
neural_fusion,neural_bidir_seed3_fusion,0.05,32,1,4,0.046751284231795545
neural_fusion,neural_bidir_seed4_fusion,0.05,32,1,4,0.05015985140016747
summary_ridge_fusion,none,0.05,36,1,4,0.04540881048055101
neural_fusion,neural_bidir_seed0_fusion,0.05,36,1,4,0.054237451811610146
neural_fusion,neural_bidir_seed1_fusion,0.05,36,1,4,0.05663926582795678
neural_fusion,neural_bidir_seed2_fusion,0.05,36,1,4,0.04760175582952002
neural_fusion,neural_bidir_seed3_fusion,0.05,36,1,4,0.0460679122000618
neural_fusion,neural_bidir_seed4_fusion,0.05,36,1,4,0.04946521799536526
summary_ridge_prior,none,0.05,0,2,0,0.05143144679087624
neural_prior,neural_bidir_seed0_prior,0.05,0,2,0,0.06645519280573353
neural_prior,neural_bidir_seed1_prior,0.05,0,2,0,0.07087701579439454
neural_prior,neural_bidir_seed2_prior,0.05,0,2,0,0.05126918919268064
neural_prior,neural_bidir_seed3_prior,0.05,0,2,0,0.04745538429415319
neural_prior,neural_bidir_seed4_prior,0.05,0,2,0,0.05206802298198454
dfe,none,0.05,32,2,0,0.10365731537552561
dfe,none,0.05,92,2,0,0.05936974095789273
summary_ridge_fusion,none,0.05,32,2,0,0.046619589925786034
neural_fusion,neural_bidir_seed0_fusion,0.05,32,2,0,0.05509712458993981
neural_fusion,neural_bidir_seed1_fusion,0.05,32,2,0,0.057245293490167146
neural_fusion,neural_bidir_seed2_fusion,0.05,32,2,0,0.046067703473863096
neural_fusion,neural_bidir_seed3_fusion,0.05,32,2,0,0.043390778584832014
neural_fusion,neural_bidir_seed4_fusion,0.05,32,2,0,0.04688673257397248
summary_ridge_fusion,none,0.05,36,2,0,0.045913885672031945
neural_fusion,neural_bidir_seed0_fusion,0.05,36,2,0,0.05515756534805914
neural_fusion,neural_bidir_seed1_fusion,0.05,36,2,0,0.05719758334219177
neural_fusion,neural_bidir_seed2_fusion,0.05,36,2,0,0.04650785050152511
neural_fusion,neural_bidir_seed3_fusion,0.05,36,2,0,0.04350938241361893
neural_fusion,neural_bidir_seed4_fusion,0.05,36,2,0,0.04653575286884771
summary_ridge_prior,none,0.05,0,2,1,0.057496570545152656
neural_prior,neural_bidir_seed0_prior,0.05,0,2,1,0.06875608906557318
neural_prior,neural_bidir_seed1_prior,0.05,0,2,1,0.07263648226216901
neural_prior,neural_bidir_seed2_prior,0.05,0,2,1,0.054440657171653584
neural_prior,neural_bidir_seed3_prior,0.05,0,2,1,0.05017468682490289
neural_prior,neural_bidir_seed4_prior,0.05,0,2,1,0.05594995754654519
dfe,none,0.05,32,2,1,0.10490844544932257
dfe,none,0.05,92,2,1,0.061232379034788564
summary_ridge_fusion,none,0.05,32,2,1,0.054191074509683024
neural_fusion,neural_bidir_seed0_fusion,0.05,32,2,1,0.06566332081415337
neural_fusion,neural_bidir_seed1_fusion,0.05,32,2,1,0.06698600759664086
neural_fusion,neural_bidir_seed2_fusion,0.05,32,2,1,0.054440657171653584
neural_fusion,neural_bidir_seed3_fusion,0.05,32,2,1,0.05017468682490289
neural_fusion,neural_bidir_seed4_fusion,0.05,32,2,1,0.05421539896856814
summary_ridge_fusion,none,0.05,36,2,1,0.04896683987887179
neural_fusion,neural_bidir_seed0_fusion,0.05,36,2,1,0.05541785944370991
neural_fusion,neural_bidir_seed1_fusion,0.05,36,2,1,0.05730017458475871
neural_fusion,neural_bidir_seed2_fusion,0.05,36,2,1,0.04733458717110505
neural_fusion,neural_bidir_seed3_fusion,0.05,36,2,1,0.04462731486923696
neural_fusion,neural_bidir_seed4_fusion,0.05,36,2,1,0.048423748796926694
summary_ridge_prior,none,0.05,0,2,2,0.04740903549006538
neural_prior,neural_bidir_seed0_prior,0.05,0,2,2,0.06555745894729625
neural_prior,neural_bidir_seed1_prior,0.05,0,2,2,0.06971221168350894
neural_prior,neural_bidir_seed2_prior,0.05,0,2,2,0.05089173217129428
neural_prior,neural_bidir_seed3_prior,0.05,0,2,2,0.04722038753970992
neural_prior,neural_bidir_seed4_prior,0.05,0,2,2,0.053434857924003154
dfe,none,0.05,32,2,2,0.10424697708713027
dfe,none,0.05,92,2,2,0.06124502741822804
summary_ridge_fusion,none,0.05,32,2,2,0.04481654382162449
neural_fusion,neural_bidir_seed0_fusion,0.05,32,2,2,0.055516777240699935
neural_fusion,neural_bidir_seed1_fusion,0.05,32,2,2,0.057972123476091875
neural_fusion,neural_bidir_seed2_fusion,0.05,32,2,2,0.04780116778468867
neural_fusion,neural_bidir_seed3_fusion,0.05,32,2,2,0.0456473815890778
neural_fusion,neural_bidir_seed4_fusion,0.05,32,2,2,0.05078801921667726
summary_ridge_fusion,none,0.05,36,2,2,0.04287034728029771
neural_fusion,neural_bidir_seed0_fusion,0.05,36,2,2,0.05318681413989462
neural_fusion,neural_bidir_seed1_fusion,0.05,36,2,2,0.05530287975191126
neural_fusion,neural_bidir_seed2_fusion,0.05,36,2,2,0.04466643164238429
neural_fusion,neural_bidir_seed3_fusion,0.05,36,2,2,0.04234631457411052
neural_fusion,neural_bidir_seed4_fusion,0.05,36,2,2,0.046945707637225546
summary_ridge_prior,none,0.05,0,2,3,0.04851349273190677
neural_prior,neural_bidir_seed0_prior,0.05,0,2,3,0.06774917802249547
neural_prior,neural_bidir_seed1_prior,0.05,0,2,3,0.07256409205729142
neural_prior,neural_bidir_seed2_prior,0.05,0,2,3,0.052115982136456296
neural_prior,neural_bidir_seed3_prior,0.05,0,2,3,0.04786054533906281
neural_prior,neural_bidir_seed4_prior,0.05,0,2,3,0.053684661324950866
dfe,none,0.05,32,2,3,0.1011388174936086
dfe,none,0.05,92,2,3,0.060811449736595274
summary_ridge_fusion,none,0.05,32,2,3,0.04822955213010005
neural_fusion,neural_bidir_seed0_fusion,0.05,32,2,3,0.0599867401804857
neural_fusion,neural_bidir_seed1_fusion,0.05,32,2,3,0.0624125577724841
neural_fusion,neural_bidir_seed2_fusion,0.05,32,2,3,0.05037534185916856
neural_fusion,neural_bidir_seed3_fusion,0.05,32,2,3,0.04673415847822793
neural_fusion,neural_bidir_seed4_fusion,0.05,32,2,3,0.05120964822194113
summary_ridge_fusion,none,0.05,36,2,3,0.04378039484219605
neural_fusion,neural_bidir_seed0_fusion,0.05,36,2,3,0.05478487038091466
neural_fusion,neural_bidir_seed1_fusion,0.05,36,2,3,0.0571186835863656
neural_fusion,neural_bidir_seed2_fusion,0.05,36,2,3,0.04594164540309931
neural_fusion,neural_bidir_seed3_fusion,0.05,36,2,3,0.04294199727014229
neural_fusion,neural_bidir_seed4_fusion,0.05,36,2,3,0.04716505016550693
summary_ridge_prior,none,0.05,0,2,4,0.05410845199944695
neural_prior,neural_bidir_seed0_prior,0.05,0,2,4,0.06876561741228215
neural_prior,neural_bidir_seed1_prior,0.05,0,2,4,0.07386449027399067
neural_prior,neural_bidir_seed2_prior,0.05,0,2,4,0.052894206761266105
neural_prior,neural_bidir_seed3_prior,0.05,0,2,4,0.0490017293341225
neural_prior,neural_bidir_seed4_prior,0.05,0,2,4,0.05441657084156759
dfe,none,0.05,32,2,4,0.10239962134286856
dfe,none,0.05,92,2,4,0.06029820527958646
summary_ridge_fusion,none,0.05,32,2,4,0.05015934365100701
neural_fusion,neural_bidir_seed0_fusion,0.05,32,2,4,0.057933069246459426
neural_fusion,neural_bidir_seed1_fusion,0.05,32,2,4,0.059689831616971833
neural_fusion,neural_bidir_seed2_fusion,0.05,32,2,4,0.04878818595733994
neural_fusion,neural_bidir_seed3_fusion,0.05,32,2,4,0.04669947508761739
neural_fusion,neural_bidir_seed4_fusion,0.05,32,2,4,0.04839081385773389
summary_ridge_fusion,none,0.05,36,2,4,0.04894102705892768
neural_fusion,neural_bidir_seed0_fusion,0.05,36,2,4,0.0570809248449467
neural_fusion,neural_bidir_seed1_fusion,0.05,36,2,4,0.05919920168172038
neural_fusion,neural_bidir_seed2_fusion,0.05,36,2,4,0.04754241654703238
neural_fusion,neural_bidir_seed3_fusion,0.05,36,2,4,0.04463170952193291
neural_fusion,neural_bidir_seed4_fusion,0.05,36,2,4,0.04808788086595647
summary_ridge_prior,none,0.05,0,3,0,0.058212070928216245
neural_prior,neural_bidir_seed0_prior,0.05,0,3,0,0.06686968395661097
neural_prior,neural_bidir_seed1_prior,0.05,0,3,0,0.07153795045451261
neural_prior,neural_bidir_seed2_prior,0.05,0,3,0,0.05380535592848901
neural_prior,neural_bidir_seed3_prior,0.05,0,3,0,0.0500590254960116
neural_prior,neural_bidir_seed4_prior,0.05,0,3,0,0.05629644138389267
dfe,none,0.05,32,3,0,0.10274710122515293
dfe,none,0.05,92,3,0,0.0609384232505351
summary_ridge_fusion,none,0.05,32,3,0,0.052171968423202084
neural_fusion,neural_bidir_seed0_fusion,0.05,32,3,0,0.05618417184450503
neural_fusion,neural_bidir_seed1_fusion,0.05,32,3,0,0.058314410503796585
neural_fusion,neural_bidir_seed2_fusion,0.05,32,3,0,0.04988986130528772
neural_fusion,neural_bidir_seed3_fusion,0.05,32,3,0,0.04813087545010455
neural_fusion,neural_bidir_seed4_fusion,0.05,32,3,0,0.051928498536249895
summary_ridge_fusion,none,0.05,36,3,0,0.04949969831354442
neural_fusion,neural_bidir_seed0_fusion,0.05,36,3,0,0.05331323475827954
neural_fusion,neural_bidir_seed1_fusion,0.05,36,3,0,0.05549299595083215
neural_fusion,neural_bidir_seed2_fusion,0.05,36,3,0,0.046399492988519093
neural_fusion,neural_bidir_seed3_fusion,0.05,36,3,0,0.044318613960592765
neural_fusion,neural_bidir_seed4_fusion,0.05,36,3,0,0.048405707521022454
summary_ridge_prior,none,0.05,0,3,1,0.05419492894835447
neural_prior,neural_bidir_seed0_prior,0.05,0,3,1,0.06550422676082235
neural_prior,neural_bidir_seed1_prior,0.05,0,3,1,0.06918935159046669
neural_prior,neural_bidir_seed2_prior,0.05,0,3,1,0.052438014245126396
neural_prior,neural_bidir_seed3_prior,0.05,0,3,1,0.0489815666078357
neural_prior,neural_bidir_seed4_prior,0.05,0,3,1,0.05351981685089413
dfe,none,0.05,32,3,1,0.10488939992163326
dfe,none,0.05,92,3,1,0.05959736674436323
summary_ridge_fusion,none,0.05,32,3,1,0.048985146832762255
neural_fusion,neural_bidir_seed0_fusion,0.05,32,3,1,0.05529712297818835
neural_fusion,neural_bidir_seed1_fusion,0.05,32,3,1,0.05717787841182756
neural_fusion,neural_bidir_seed2_fusion,0.05,32,3,1,0.04646209513186732
neural_fusion,neural_bidir_seed3_fusion,0.05,32,3,1,0.044123662251953466
neural_fusion,neural_bidir_seed4_fusion,0.05,32,3,1,0.047274672812805854
summary_ridge_fusion,none,0.05,36,3,1,0.05133471741878079
neural_fusion,neural_bidir_seed0_fusion,0.05,36,3,1,0.05397370082357383
neural_fusion,neural_bidir_seed1_fusion,0.05,36,3,1,0.05599861968946758
neural_fusion,neural_bidir_seed2_fusion,0.05,36,3,1,0.04647472637355016
neural_fusion,neural_bidir_seed3_fusion,0.05,36,3,1,0.04409472527745076
neural_fusion,neural_bidir_seed4_fusion,0.05,36,3,1,0.047362374133882224
summary_ridge_prior,none,0.05,0,3,2,0.047136959753726955
neural_prior,neural_bidir_seed0_prior,0.05,0,3,2,0.06542310549411923
neural_prior,neural_bidir_seed1_prior,0.05,0,3,2,0.06953813297150191
neural_prior,neural_bidir_seed2_prior,0.05,0,3,2,0.051269838731968775
neural_prior,neural_bidir_seed3_prior,0.05,0,3,2,0.047592402348527685
neural_prior,neural_bidir_seed4_prior,0.05,0,3,2,0.05220790728344582
dfe,none,0.05,32,3,2,0.1032572220694897
dfe,none,0.05,92,3,2,0.060028498672390365
summary_ridge_fusion,none,0.05,32,3,2,0.04249712291353182
neural_fusion,neural_bidir_seed0_fusion,0.05,32,3,2,0.054181120583499144
neural_fusion,neural_bidir_seed1_fusion,0.05,32,3,2,0.05637436240131585
neural_fusion,neural_bidir_seed2_fusion,0.05,32,3,2,0.04562266657844492
neural_fusion,neural_bidir_seed3_fusion,0.05,32,3,2,0.042932260809475056
neural_fusion,neural_bidir_seed4_fusion,0.05,32,3,2,0.04619328313107655
summary_ridge_fusion,none,0.05,36,3,2,0.04338779103794172
neural_fusion,neural_bidir_seed0_fusion,0.05,36,3,2,0.053968540445221945
neural_fusion,neural_bidir_seed1_fusion,0.05,36,3,2,0.05571621331876669
neural_fusion,neural_bidir_seed2_fusion,0.05,36,3,2,0.04497201300022623
neural_fusion,neural_bidir_seed3_fusion,0.05,36,3,2,0.04258138025954036
neural_fusion,neural_bidir_seed4_fusion,0.05,36,3,2,0.04571945022341878
summary_ridge_prior,none,0.05,0,3,3,0.04922085046312291
neural_prior,neural_bidir_seed0_prior,0.05,0,3,3,0.06562778055376839
neural_prior,neural_bidir_seed1_prior,0.05,0,3,3,0.06970250411541201
neural_prior,neural_bidir_seed2_prior,0.05,0,3,3,0.05074728168256115
neural_prior,neural_bidir_seed3_prior,0.05,0,3,3,0.04695752597763203
neural_prior,neural_bidir_seed4_prior,0.05,0,3,3,0.05182019395579118
dfe,none,0.05,32,3,3,0.10465377746335104
dfe,none,0.05,92,3,3,0.06054932230316729
summary_ridge_fusion,none,0.05,32,3,3,0.046033356940661366
neural_fusion,neural_bidir_seed0_fusion,0.05,32,3,3,0.05524552612013452
neural_fusion,neural_bidir_seed1_fusion,0.05,32,3,3,0.05741560185453161
neural_fusion,neural_bidir_seed2_fusion,0.05,32,3,3,0.04617139533725485
neural_fusion,neural_bidir_seed3_fusion,0.05,32,3,3,0.04350592819405041
neural_fusion,neural_bidir_seed4_fusion,0.05,32,3,3,0.04721109515325002
summary_ridge_fusion,none,0.05,36,3,3,0.04548390755670833
neural_fusion,neural_bidir_seed0_fusion,0.05,36,3,3,0.0526339308124293
neural_fusion,neural_bidir_seed1_fusion,0.05,36,3,3,0.05473250361885337
neural_fusion,neural_bidir_seed2_fusion,0.05,36,3,3,0.04466365461837218
neural_fusion,neural_bidir_seed3_fusion,0.05,36,3,3,0.042396425001749345
neural_fusion,neural_bidir_seed4_fusion,0.05,36,3,3,0.045698327944341574
summary_ridge_prior,none,0.05,0,3,4,0.05553631420959204
neural_prior,neural_bidir_seed0_prior,0.05,0,3,4,0.06641015513741877
neural_prior,neural_bidir_seed1_prior,0.05,0,3,4,0.06970166326209437
neural_prior,neural_bidir_seed2_prior,0.05,0,3,4,0.053170037499512546
neural_prior,neural_bidir_seed3_prior,0.05,0,3,4,0.049683570774504915
neural_prior,neural_bidir_seed4_prior,0.05,0,3,4,0.053570714881061576
dfe,none,0.05,32,3,4,0.10205610018815008
dfe,none,0.05,92,3,4,0.06075419094524093
summary_ridge_fusion,none,0.05,32,3,4,0.04924642379705624
neural_fusion,neural_bidir_seed0_fusion,0.05,32,3,4,0.055131426184766366
neural_fusion,neural_bidir_seed1_fusion,0.05,32,3,4,0.05737990809663511
neural_fusion,neural_bidir_seed2_fusion,0.05,32,3,4,0.047488866741699026
neural_fusion,neural_bidir_seed3_fusion,0.05,32,3,4,0.04518938374605802
neural_fusion,neural_bidir_seed4_fusion,0.05,32,3,4,0.047889772124609015
summary_ridge_fusion,none,0.05,36,3,4,0.05126088027743246
neural_fusion,neural_bidir_seed0_fusion,0.05,36,3,4,0.06281299378900038
neural_fusion,neural_bidir_seed1_fusion,0.05,36,3,4,0.06451020390665302
neural_fusion,neural_bidir_seed2_fusion,0.05,36,3,4,0.053170037499512546
neural_fusion,neural_bidir_seed3_fusion,0.05,36,3,4,0.049683570774504915
neural_fusion,neural_bidir_seed4_fusion,0.05,36,3,4,0.052403991683839454
summary_ridge_prior,none,0.05,0,4,0,0.05888408749711125
neural_prior,neural_bidir_seed0_prior,0.05,0,4,0,0.06624554326117504
neural_prior,neural_bidir_seed1_prior,0.05,0,4,0,0.07053087711392436
neural_prior,neural_bidir_seed2_prior,0.05,0,4,0,0.050658524269238114
neural_prior,neural_bidir_seed3_prior,0.05,0,4,0,0.046701484418008476
neural_prior,neural_bidir_seed4_prior,0.05,0,4,0,0.051976768794702366
dfe,none,0.05,32,4,0,0.10115451161850203
dfe,none,0.05,92,4,0,0.05908713657164856
summary_ridge_fusion,none,0.05,32,4,0,0.05232953655455956
neural_fusion,neural_bidir_seed0_fusion,0.05,32,4,0,0.05654505944622658
neural_fusion,neural_bidir_seed1_fusion,0.05,32,4,0,0.05930563112953923
neural_fusion,neural_bidir_seed2_fusion,0.05,32,4,0,0.04542584581059979
neural_fusion,neural_bidir_seed3_fusion,0.05,32,4,0,0.042335391779771345
neural_fusion,neural_bidir_seed4_fusion,0.05,32,4,0,0.046282260470439034
summary_ridge_fusion,none,0.05,36,4,0,0.051865169243588485
neural_fusion,neural_bidir_seed0_fusion,0.05,36,4,0,0.05752739344118156
neural_fusion,neural_bidir_seed1_fusion,0.05,36,4,0,0.060909980424099425
neural_fusion,neural_bidir_seed2_fusion,0.05,36,4,0,0.047150059152369764
neural_fusion,neural_bidir_seed3_fusion,0.05,36,4,0,0.04344959154588844
neural_fusion,neural_bidir_seed4_fusion,0.05,36,4,0,0.04774142366896797
summary_ridge_prior,none,0.05,0,4,1,0.05358065813740639
neural_prior,neural_bidir_seed0_prior,0.05,0,4,1,0.06659319561731536
neural_prior,neural_bidir_seed1_prior,0.05,0,4,1,0.07161008034017868
neural_prior,neural_bidir_seed2_prior,0.05,0,4,1,0.05169431769172661
neural_prior,neural_bidir_seed3_prior,0.05,0,4,1,0.04804393091762904
neural_prior,neural_bidir_seed4_prior,0.05,0,4,1,0.05314972685300745
dfe,none,0.05,32,4,1,0.1036502073583313
dfe,none,0.05,92,4,1,0.06193043686327271
summary_ridge_fusion,none,0.05,32,4,1,0.04766733133476732
neural_fusion,neural_bidir_seed0_fusion,0.05,32,4,1,0.05583134818199412
neural_fusion,neural_bidir_seed1_fusion,0.05,32,4,1,0.05854209406520641
neural_fusion,neural_bidir_seed2_fusion,0.05,32,4,1,0.04602071058835007
neural_fusion,neural_bidir_seed3_fusion,0.05,32,4,1,0.04350009787902202
neural_fusion,neural_bidir_seed4_fusion,0.05,32,4,1,0.047020624649509575
summary_ridge_fusion,none,0.05,36,4,1,0.047876504429554954
neural_fusion,neural_bidir_seed0_fusion,0.05,36,4,1,0.05609131969745844
neural_fusion,neural_bidir_seed1_fusion,0.05,36,4,1,0.05893490839403176
neural_fusion,neural_bidir_seed2_fusion,0.05,36,4,1,0.04605656991933874
neural_fusion,neural_bidir_seed3_fusion,0.05,36,4,1,0.04319406450160709
neural_fusion,neural_bidir_seed4_fusion,0.05,36,4,1,0.0470247549851051
summary_ridge_prior,none,0.05,0,4,2,0.04550526470049456
neural_prior,neural_bidir_seed0_prior,0.05,0,4,2,0.06637280371796805
neural_prior,neural_bidir_seed1_prior,0.05,0,4,2,0.07135081793239806
neural_prior,neural_bidir_seed2_prior,0.05,0,4,2,0.05062923929654062
neural_prior,neural_bidir_seed3_prior,0.05,0,4,2,0.04691881321195979
neural_prior,neural_bidir_seed4_prior,0.05,0,4,2,0.051813855025102384
dfe,none,0.05,32,4,2,0.10175289377667754
dfe,none,0.05,92,4,2,0.060603775924500475
summary_ridge_fusion,none,0.05,32,4,2,0.04341482172820694
neural_fusion,neural_bidir_seed0_fusion,0.05,32,4,2,0.05377139823343072
neural_fusion,neural_bidir_seed1_fusion,0.05,32,4,2,0.05640160315337228
neural_fusion,neural_bidir_seed2_fusion,0.05,32,4,2,0.04476357003694047
neural_fusion,neural_bidir_seed3_fusion,0.05,32,4,2,0.042160474641849084
neural_fusion,neural_bidir_seed4_fusion,0.05,32,4,2,0.0457590841252648
summary_ridge_fusion,none,0.05,36,4,2,0.0440544211217103
neural_fusion,neural_bidir_seed0_fusion,0.05,36,4,2,0.05533233153824993
neural_fusion,neural_bidir_seed1_fusion,0.05,36,4,2,0.05772085688655312
neural_fusion,neural_bidir_seed2_fusion,0.05,36,4,2,0.04683173718355349
neural_fusion,neural_bidir_seed3_fusion,0.05,36,4,2,0.04397277753034685
neural_fusion,neural_bidir_seed4_fusion,0.05,36,4,2,0.04733115082308922
summary_ridge_prior,none,0.05,0,4,3,0.053077624901137585
neural_prior,neural_bidir_seed0_prior,0.05,0,4,3,0.07444396671780851
neural_prior,neural_bidir_seed1_prior,0.05,0,4,3,0.0796785296552116
neural_prior,neural_bidir_seed2_prior,0.05,0,4,3,0.056627241836395115
neural_prior,neural_bidir_seed3_prior,0.05,0,4,3,0.0510752505651908
neural_prior,neural_bidir_seed4_prior,0.05,0,4,3,0.057824464136501774
dfe,none,0.05,32,4,3,0.10233840618824652
dfe,none,0.05,92,4,3,0.06101107283314832
summary_ridge_fusion,none,0.05,32,4,3,0.04770385471799953
neural_fusion,neural_bidir_seed0_fusion,0.05,32,4,3,0.06049212316331252
neural_fusion,neural_bidir_seed1_fusion,0.05,32,4,3,0.06321248394525966
neural_fusion,neural_bidir_seed2_fusion,0.05,32,4,3,0.050125449061338784
neural_fusion,neural_bidir_seed3_fusion,0.05,32,4,3,0.046439301917431314
neural_fusion,neural_bidir_seed4_fusion,0.05,32,4,3,0.05113180903116257
summary_ridge_fusion,none,0.05,36,4,3,0.04696695245492484
neural_fusion,neural_bidir_seed0_fusion,0.05,36,4,3,0.05871004986141239
neural_fusion,neural_bidir_seed1_fusion,0.05,36,4,3,0.06077570517682775
neural_fusion,neural_bidir_seed2_fusion,0.05,36,4,3,0.05044240017236432
neural_fusion,neural_bidir_seed3_fusion,0.05,36,4,3,0.047258946515929934
neural_fusion,neural_bidir_seed4_fusion,0.05,36,4,3,0.05101496001353136
summary_ridge_prior,none,0.05,0,4,4,0.05598916156812253
neural_prior,neural_bidir_seed0_prior,0.05,0,4,4,0.06599766573344823
neural_prior,neural_bidir_seed1_prior,0.05,0,4,4,0.07066919640055858
neural_prior,neural_bidir_seed2_prior,0.05,0,4,4,0.05078202215372585
neural_prior,neural_bidir_seed3_prior,0.05,0,4,4,0.047354412512504496
neural_prior,neural_bidir_seed4_prior,0.05,0,4,4,0.05187458927684929
dfe,none,0.05,32,4,4,0.10194233531953127
dfe,none,0.05,92,4,4,0.06037466174086209
summary_ridge_fusion,none,0.05,32,4,4,0.04888066723416126
neural_fusion,neural_bidir_seed0_fusion,0.05,32,4,4,0.05497394877223823
neural_fusion,neural_bidir_seed1_fusion,0.05,32,4,4,0.057480300183450815
neural_fusion,neural_bidir_seed2_fusion,0.05,32,4,4,0.04523524123133903
neural_fusion,neural_bidir_seed3_fusion,0.05,32,4,4,0.0429484403698676
neural_fusion,neural_bidir_seed4_fusion,0.05,32,4,4,0.046140775001234105
summary_ridge_fusion,none,0.05,36,4,4,0.04974209579042283
neural_fusion,neural_bidir_seed0_fusion,0.05,36,4,4,0.05335116129183957
neural_fusion,neural_bidir_seed1_fusion,0.05,36,4,4,0.055607898062155034
neural_fusion,neural_bidir_seed2_fusion,0.05,36,4,4,0.04448471535972512
neural_fusion,neural_bidir_seed3_fusion,0.05,36,4,4,0.04229841045848502
neural_fusion,neural_bidir_seed4_fusion,0.05,36,4,4,0.04571862034981214
summary_ridge_prior,none,0.05,0,5,0,0.05621741381162948
neural_prior,neural_bidir_seed0_prior,0.05,0,5,0,0.06855384676600806
neural_prior,neural_bidir_seed1_prior,0.05,0,5,0,0.07403165138384793
neural_prior,neural_bidir_seed2_prior,0.05,0,5,0,0.053423860954353586
neural_prior,neural_bidir_seed3_prior,0.05,0,5,0,0.049057467622333206
neural_prior,neural_bidir_seed4_prior,0.05,0,5,0,0.05553097820666153
dfe,none,0.05,32,5,0,0.10228209393457605
dfe,none,0.05,92,5,0,0.05998342553681606
summary_ridge_fusion,none,0.05,32,5,0,0.052510144859059166
neural_fusion,neural_bidir_seed0_fusion,0.05,32,5,0,0.05622410957230075
neural_fusion,neural_bidir_seed1_fusion,0.05,32,5,0,0.058848823740079784
neural_fusion,neural_bidir_seed2_fusion,0.05,32,5,0,0.047504964860480454
neural_fusion,neural_bidir_seed3_fusion,0.05,32,5,0,0.044816356821236775
neural_fusion,neural_bidir_seed4_fusion,0.05,32,5,0,0.04896982391496239
summary_ridge_fusion,none,0.05,36,5,0,0.0518305746242338
neural_fusion,neural_bidir_seed0_fusion,0.05,36,5,0,0.05704691757667715
neural_fusion,neural_bidir_seed1_fusion,0.05,36,5,0,0.059060342593650644
neural_fusion,neural_bidir_seed2_fusion,0.05,36,5,0,0.04861135421774047
neural_fusion,neural_bidir_seed3_fusion,0.05,36,5,0,0.04548855630588427
neural_fusion,neural_bidir_seed4_fusion,0.05,36,5,0,0.049886774532367145
summary_ridge_prior,none,0.05,0,5,1,0.04229640325935975
neural_prior,neural_bidir_seed0_prior,0.05,0,5,1,0.06574543642636854
neural_prior,neural_bidir_seed1_prior,0.05,0,5,1,0.07015149282233324
neural_prior,neural_bidir_seed2_prior,0.05,0,5,1,0.05098550469847396
neural_prior,neural_bidir_seed3_prior,0.05,0,5,1,0.04714902429259382
neural_prior,neural_bidir_seed4_prior,0.05,0,5,1,0.05249059152265545
dfe,none,0.05,32,5,1,0.1009257482629354
dfe,none,0.05,92,5,1,0.06072634308250316
summary_ridge_fusion,none,0.05,32,5,1,0.03984754161241931
neural_fusion,neural_bidir_seed0_fusion,0.05,32,5,1,0.055287209875926335
neural_fusion,neural_bidir_seed1_fusion,0.05,32,5,1,0.05738349182854525
neural_fusion,neural_bidir_seed2_fusion,0.05,32,5,1,0.04707464039189398
neural_fusion,neural_bidir_seed3_fusion,0.05,32,5,1,0.04443035164906609
neural_fusion,neural_bidir_seed4_fusion,0.05,32,5,1,0.04804222794177496
summary_ridge_fusion,none,0.05,36,5,1,0.03932806731058681
neural_fusion,neural_bidir_seed0_fusion,0.05,36,5,1,0.05394003045961557
neural_fusion,neural_bidir_seed1_fusion,0.05,36,5,1,0.05581425439031759
neural_fusion,neural_bidir_seed2_fusion,0.05,36,5,1,0.04489919228547467
neural_fusion,neural_bidir_seed3_fusion,0.05,36,5,1,0.04245713314569651
neural_fusion,neural_bidir_seed4_fusion,0.05,36,5,1,0.045825402677914406
summary_ridge_prior,none,0.05,0,5,2,0.04442269443629129
neural_prior,neural_bidir_seed0_prior,0.05,0,5,2,0.06756292119098362
neural_prior,neural_bidir_seed1_prior,0.05,0,5,2,0.07216850119584706
neural_prior,neural_bidir_seed2_prior,0.05,0,5,2,0.052327534242067486
neural_prior,neural_bidir_seed3_prior,0.05,0,5,2,0.048376128848758526
neural_prior,neural_bidir_seed4_prior,0.05,0,5,2,0.053398946052766405
dfe,none,0.05,32,5,2,0.10070172990916293
dfe,none,0.05,92,5,2,0.06013960139467096
summary_ridge_fusion,none,0.05,32,5,2,0.041013379048187804
neural_fusion,neural_bidir_seed0_fusion,0.05,32,5,2,0.05547796599776348
neural_fusion,neural_bidir_seed1_fusion,0.05,32,5,2,0.057544233402334125
neural_fusion,neural_bidir_seed2_fusion,0.05,32,5,2,0.046765250248785056
neural_fusion,neural_bidir_seed3_fusion,0.05,32,5,2,0.04441734607679977
neural_fusion,neural_bidir_seed4_fusion,0.05,32,5,2,0.04731933709970288
summary_ridge_fusion,none,0.05,36,5,2,0.042812913352415646
neural_fusion,neural_bidir_seed0_fusion,0.05,36,5,2,0.05850249664386094
neural_fusion,neural_bidir_seed1_fusion,0.05,36,5,2,0.06002957858965088
neural_fusion,neural_bidir_seed2_fusion,0.05,36,5,2,0.049332805903557445
neural_fusion,neural_bidir_seed3_fusion,0.05,36,5,2,0.04694414996004265
neural_fusion,neural_bidir_seed4_fusion,0.05,36,5,2,0.04938743178215932
summary_ridge_prior,none,0.05,0,5,3,0.04913467242433989
neural_prior,neural_bidir_seed0_prior,0.05,0,5,3,0.06680835822771769
neural_prior,neural_bidir_seed1_prior,0.05,0,5,3,0.07103571853076573
neural_prior,neural_bidir_seed2_prior,0.05,0,5,3,0.05321912186627742
neural_prior,neural_bidir_seed3_prior,0.05,0,5,3,0.049734479311155155
neural_prior,neural_bidir_seed4_prior,0.05,0,5,3,0.05489381682127714
dfe,none,0.05,32,5,3,0.1048728816622499
dfe,none,0.05,92,5,3,0.06007056410362239
summary_ridge_fusion,none,0.05,32,5,3,0.04619826717338213
neural_fusion,neural_bidir_seed0_fusion,0.05,32,5,3,0.05895691288731453
neural_fusion,neural_bidir_seed1_fusion,0.05,32,5,3,0.060993219353123254
neural_fusion,neural_bidir_seed2_fusion,0.05,32,5,3,0.0503172535361054
neural_fusion,neural_bidir_seed3_fusion,0.05,32,5,3,0.04773007208594215
neural_fusion,neural_bidir_seed4_fusion,0.05,32,5,3,0.051038574764591726
summary_ridge_fusion,none,0.05,36,5,3,0.04353400854714498
neural_fusion,neural_bidir_seed0_fusion,0.05,36,5,3,0.05355053764162916
neural_fusion,neural_bidir_seed1_fusion,0.05,36,5,3,0.05557382025611098
neural_fusion,neural_bidir_seed2_fusion,0.05,36,5,3,0.04579022760759757
neural_fusion,neural_bidir_seed3_fusion,0.05,36,5,3,0.043477103066770655
neural_fusion,neural_bidir_seed4_fusion,0.05,36,5,3,0.04689211059946173
summary_ridge_prior,none,0.05,0,5,4,0.04852900518947487
neural_prior,neural_bidir_seed0_prior,0.05,0,5,4,0.06904389111150522
neural_prior,neural_bidir_seed1_prior,0.05,0,5,4,0.07401434183702804
neural_prior,neural_bidir_seed2_prior,0.05,0,5,4,0.05514684614900034
neural_prior,neural_bidir_seed3_prior,0.05,0,5,4,0.05120076911407523
neural_prior,neural_bidir_seed4_prior,0.05,0,5,4,0.0569984160392778
dfe,none,0.05,32,5,4,0.10291225997706983
dfe,none,0.05,92,5,4,0.06139350916309966
summary_ridge_fusion,none,0.05,32,5,4,0.04582217915393193
neural_fusion,neural_bidir_seed0_fusion,0.05,32,5,4,0.05938116093967307
neural_fusion,neural_bidir_seed1_fusion,0.05,32,5,4,0.062440377534707533
neural_fusion,neural_bidir_seed2_fusion,0.05,32,5,4,0.04964202435951189
neural_fusion,neural_bidir_seed3_fusion,0.05,32,5,4,0.04680535498300342
neural_fusion,neural_bidir_seed4_fusion,0.05,32,5,4,0.05097602920578184
summary_ridge_fusion,none,0.05,36,5,4,0.04436525053954405
neural_fusion,neural_bidir_seed0_fusion,0.05,36,5,4,0.05563000735681906
neural_fusion,neural_bidir_seed1_fusion,0.05,36,5,4,0.0578087371722226
neural_fusion,neural_bidir_seed2_fusion,0.05,36,5,4,0.04891272812107146
neural_fusion,neural_bidir_seed3_fusion,0.05,36,5,4,0.04670889019522717
neural_fusion,neural_bidir_seed4_fusion,0.05,36,5,4,0.05038088096474408
summary_ridge_prior,none,0.05,0,6,0,0.04940604370024683
neural_prior,neural_bidir_seed0_prior,0.05,0,6,0,0.06872072946862318
neural_prior,neural_bidir_seed1_prior,0.05,0,6,0,0.07078362583706621
neural_prior,neural_bidir_seed2_prior,0.05,0,6,0,0.05488076609617565
neural_prior,neural_bidir_seed3_prior,0.05,0,6,0,0.05135244148550555
neural_prior,neural_bidir_seed4_prior,0.05,0,6,0,0.055884960282128304
dfe,none,0.05,32,6,0,0.10328693790102586
dfe,none,0.05,92,6,0,0.0599668871311556
summary_ridge_fusion,none,0.05,32,6,0,0.04813683450113303
neural_fusion,neural_bidir_seed0_fusion,0.05,32,6,0,0.058109335539925464
neural_fusion,neural_bidir_seed1_fusion,0.05,32,6,0,0.05944153656703266
neural_fusion,neural_bidir_seed2_fusion,0.05,32,6,0,0.04904649579627675
neural_fusion,neural_bidir_seed3_fusion,0.05,32,6,0,0.046581407766295914
neural_fusion,neural_bidir_seed4_fusion,0.05,32,6,0,0.04971702673941672
summary_ridge_fusion,none,0.05,36,6,0,0.06036811537317975
neural_fusion,neural_bidir_seed0_fusion,0.05,36,6,0,0.058240907512405495
neural_fusion,neural_bidir_seed1_fusion,0.05,36,6,0,0.05972426887550553
neural_fusion,neural_bidir_seed2_fusion,0.05,36,6,0,0.05174067776479243
neural_fusion,neural_bidir_seed3_fusion,0.05,36,6,0,0.04957588722677006
neural_fusion,neural_bidir_seed4_fusion,0.05,36,6,0,0.05223556823734321
summary_ridge_prior,none,0.05,0,6,1,0.05113119293337376
neural_prior,neural_bidir_seed0_prior,0.05,0,6,1,0.06637822497577872
neural_prior,neural_bidir_seed1_prior,0.05,0,6,1,0.06950026474078186
neural_prior,neural_bidir_seed2_prior,0.05,0,6,1,0.05208762516849674
neural_prior,neural_bidir_seed3_prior,0.05,0,6,1,0.048343885893700644
neural_prior,neural_bidir_seed4_prior,0.05,0,6,1,0.05285848675703164
dfe,none,0.05,32,6,1,0.10269874168325903
dfe,none,0.05,92,6,1,0.060327786849263675
summary_ridge_fusion,none,0.05,32,6,1,0.046768475704785026
neural_fusion,neural_bidir_seed0_fusion,0.05,32,6,1,0.05579902509849328
neural_fusion,neural_bidir_seed1_fusion,0.05,32,6,1,0.05707076276915757
neural_fusion,neural_bidir_seed2_fusion,0.05,32,6,1,0.04705855364993455
neural_fusion,neural_bidir_seed3_fusion,0.05,32,6,1,0.04469532169466987
neural_fusion,neural_bidir_seed4_fusion,0.05,32,6,1,0.047555426227998694
summary_ridge_fusion,none,0.05,36,6,1,0.05055486616223232
neural_fusion,neural_bidir_seed0_fusion,0.05,36,6,1,0.05450153181519406
neural_fusion,neural_bidir_seed1_fusion,0.05,36,6,1,0.05655101001603666
neural_fusion,neural_bidir_seed2_fusion,0.05,36,6,1,0.04679253209805702
neural_fusion,neural_bidir_seed3_fusion,0.05,36,6,1,0.044750612307058624
neural_fusion,neural_bidir_seed4_fusion,0.05,36,6,1,0.04812455929626769
summary_ridge_prior,none,0.05,0,6,2,0.04976915118308915
neural_prior,neural_bidir_seed0_prior,0.05,0,6,2,0.06629916548263282
neural_prior,neural_bidir_seed1_prior,0.05,0,6,2,0.07068269846786279
neural_prior,neural_bidir_seed2_prior,0.05,0,6,2,0.05158666866191197
neural_prior,neural_bidir_seed3_prior,0.05,0,6,2,0.04840451308700722
neural_prior,neural_bidir_seed4_prior,0.05,0,6,2,0.05375649545749184
dfe,none,0.05,32,6,2,0.10560053809677637
dfe,none,0.05,92,6,2,0.05982214287336495
summary_ridge_fusion,none,0.05,32,6,2,0.044407255623103
neural_fusion,neural_bidir_seed0_fusion,0.05,32,6,2,0.05883389650208787
neural_fusion,neural_bidir_seed1_fusion,0.05,32,6,2,0.06150145045734065
neural_fusion,neural_bidir_seed2_fusion,0.05,32,6,2,0.04955066135602705
neural_fusion,neural_bidir_seed3_fusion,0.05,32,6,2,0.04759703633275755
neural_fusion,neural_bidir_seed4_fusion,0.05,32,6,2,0.05120943445148001
summary_ridge_fusion,none,0.05,36,6,2,0.0457105476406416
neural_fusion,neural_bidir_seed0_fusion,0.05,36,6,2,0.054161839515742174
neural_fusion,neural_bidir_seed1_fusion,0.05,36,6,2,0.05616235120819078
neural_fusion,neural_bidir_seed2_fusion,0.05,36,6,2,0.04581981299894182
neural_fusion,neural_bidir_seed3_fusion,0.05,36,6,2,0.04375082812274847
neural_fusion,neural_bidir_seed4_fusion,0.05,36,6,2,0.047424717855016583
summary_ridge_prior,none,0.05,0,6,3,0.05205588036389007
neural_prior,neural_bidir_seed0_prior,0.05,0,6,3,0.0654738238081336
neural_prior,neural_bidir_seed1_prior,0.05,0,6,3,0.06929542268335354
neural_prior,neural_bidir_seed2_prior,0.05,0,6,3,0.051014230368309654
neural_prior,neural_bidir_seed3_prior,0.05,0,6,3,0.0473391416890081
neural_prior,neural_bidir_seed4_prior,0.05,0,6,3,0.05226956355909351
dfe,none,0.05,32,6,3,0.10292936915063154
dfe,none,0.05,92,6,3,0.060185562115048
summary_ridge_fusion,none,0.05,32,6,3,0.049664961146160265
neural_fusion,neural_bidir_seed0_fusion,0.05,32,6,3,0.05873125523176185
neural_fusion,neural_bidir_seed1_fusion,0.05,32,6,3,0.06085246572891558
neural_fusion,neural_bidir_seed2_fusion,0.05,32,6,3,0.04979771359312331
neural_fusion,neural_bidir_seed3_fusion,0.05,32,6,3,0.04711081071366799
neural_fusion,neural_bidir_seed4_fusion,0.05,32,6,3,0.05062924846320773
summary_ridge_fusion,none,0.05,36,6,3,0.04623076603951875
neural_fusion,neural_bidir_seed0_fusion,0.05,36,6,3,0.05295427428221236
neural_fusion,neural_bidir_seed1_fusion,0.05,36,6,3,0.0548589236955488
neural_fusion,neural_bidir_seed2_fusion,0.05,36,6,3,0.04495720545773687
neural_fusion,neural_bidir_seed3_fusion,0.05,36,6,3,0.04262007923364668
neural_fusion,neural_bidir_seed4_fusion,0.05,36,6,3,0.045960030383744695
summary_ridge_prior,none,0.05,0,6,4,0.05380175587880683
neural_prior,neural_bidir_seed0_prior,0.05,0,6,4,0.06800462401588447
neural_prior,neural_bidir_seed1_prior,0.05,0,6,4,0.07029177203366999
neural_prior,neural_bidir_seed2_prior,0.05,0,6,4,0.05595383822219446
neural_prior,neural_bidir_seed3_prior,0.05,0,6,4,0.05335328576620668
neural_prior,neural_bidir_seed4_prior,0.05,0,6,4,0.057482207790599205
dfe,none,0.05,32,6,4,0.10377339146751441
dfe,none,0.05,92,6,4,0.0609873440240257
summary_ridge_fusion,none,0.05,32,6,4,0.04718077520192997
neural_fusion,neural_bidir_seed0_fusion,0.05,32,6,4,0.05611242760317238
neural_fusion,neural_bidir_seed1_fusion,0.05,32,6,4,0.05773278133297754
neural_fusion,neural_bidir_seed2_fusion,0.05,32,6,4,0.05038473214907344
neural_fusion,neural_bidir_seed3_fusion,0.05,32,6,4,0.05034851566948419
neural_fusion,neural_bidir_seed4_fusion,0.05,32,6,4,0.05180888366694529
summary_ridge_fusion,none,0.05,36,6,4,0.04744614161843957
neural_fusion,neural_bidir_seed0_fusion,0.05,36,6,4,0.0551080018755835
neural_fusion,neural_bidir_seed1_fusion,0.05,36,6,4,0.05691056557739098
neural_fusion,neural_bidir_seed2_fusion,0.05,36,6,4,0.04793864876830189
neural_fusion,neural_bidir_seed3_fusion,0.05,36,6,4,0.0463132200361029
neural_fusion,neural_bidir_seed4_fusion,0.05,36,6,4,0.04902782160150446
summary_ridge_prior,none,0.05,0,7,0,0.04613638343238663
neural_prior,neural_bidir_seed0_prior,0.05,0,7,0,0.06547557468002196
neural_prior,neural_bidir_seed1_prior,0.05,0,7,0,0.06932152634544764
neural_prior,neural_bidir_seed2_prior,0.05,0,7,0,0.05073554041155148
neural_prior,neural_bidir_seed3_prior,0.05,0,7,0,0.046795967587968335
neural_prior,neural_bidir_seed4_prior,0.05,0,7,0,0.05210283039195929
dfe,none,0.05,32,7,0,0.10331024124576343
dfe,none,0.05,92,7,0,0.06044056140337506
summary_ridge_fusion,none,0.05,32,7,0,0.041831045728771624
neural_fusion,neural_bidir_seed0_fusion,0.05,32,7,0,0.05561683157436004
neural_fusion,neural_bidir_seed1_fusion,0.05,32,7,0,0.057571431838057845
neural_fusion,neural_bidir_seed2_fusion,0.05,32,7,0,0.04617245455038193
neural_fusion,neural_bidir_seed3_fusion,0.05,32,7,0,0.04330479721322841
neural_fusion,neural_bidir_seed4_fusion,0.05,32,7,0,0.046823201625056016
summary_ridge_fusion,none,0.05,36,7,0,0.04190226308500859
neural_fusion,neural_bidir_seed0_fusion,0.05,36,7,0,0.05521654179098821
neural_fusion,neural_bidir_seed1_fusion,0.05,36,7,0,0.05738830935154937
neural_fusion,neural_bidir_seed2_fusion,0.05,36,7,0,0.04596036791753226
neural_fusion,neural_bidir_seed3_fusion,0.05,36,7,0,0.043071092095268576
neural_fusion,neural_bidir_seed4_fusion,0.05,36,7,0,0.047322519411352175
summary_ridge_prior,none,0.05,0,7,1,0.044555136672698725
neural_prior,neural_bidir_seed0_prior,0.05,0,7,1,0.0709892528684577
neural_prior,neural_bidir_seed1_prior,0.05,0,7,1,0.07375308574410155
neural_prior,neural_bidir_seed2_prior,0.05,0,7,1,0.05854530894430354
neural_prior,neural_bidir_seed3_prior,0.05,0,7,1,0.054554908056161366
neural_prior,neural_bidir_seed4_prior,0.05,0,7,1,0.059212626962107606
dfe,none,0.05,32,7,1,0.10309407763733444
dfe,none,0.05,92,7,1,0.060349740506079726
summary_ridge_fusion,none,0.05,32,7,1,0.04526357922057822
neural_fusion,neural_bidir_seed0_fusion,0.05,32,7,1,0.060422838514932214
neural_fusion,neural_bidir_seed1_fusion,0.05,32,7,1,0.06217048167134588
neural_fusion,neural_bidir_seed2_fusion,0.05,32,7,1,0.053159780671812346
neural_fusion,neural_bidir_seed3_fusion,0.05,32,7,1,0.04985325701235935
neural_fusion,neural_bidir_seed4_fusion,0.05,32,7,1,0.05295902033860704
summary_ridge_fusion,none,0.05,36,7,1,0.04522701722778583
neural_fusion,neural_bidir_seed0_fusion,0.05,36,7,1,0.05882596858430287
neural_fusion,neural_bidir_seed1_fusion,0.05,36,7,1,0.060071284795924315
neural_fusion,neural_bidir_seed2_fusion,0.05,36,7,1,0.05158637361389723
neural_fusion,neural_bidir_seed3_fusion,0.05,36,7,1,0.04824844639096198
neural_fusion,neural_bidir_seed4_fusion,0.05,36,7,1,0.05083970155648307
summary_ridge_prior,none,0.05,0,7,2,0.04970678320435171
neural_prior,neural_bidir_seed0_prior,0.05,0,7,2,0.07177391000732314
neural_prior,neural_bidir_seed1_prior,0.05,0,7,2,0.0739240388647886
neural_prior,neural_bidir_seed2_prior,0.05,0,7,2,0.06077821635699365
neural_prior,neural_bidir_seed3_prior,0.05,0,7,2,0.05777058679086622
neural_prior,neural_bidir_seed4_prior,0.05,0,7,2,0.06148434664646629
dfe,none,0.05,32,7,2,0.10209003521506957
dfe,none,0.05,92,7,2,0.05987610432931392
summary_ridge_fusion,none,0.05,32,7,2,0.04776852080859559
neural_fusion,neural_bidir_seed0_fusion,0.05,32,7,2,0.062497700899743706
neural_fusion,neural_bidir_seed1_fusion,0.05,32,7,2,0.06364597210626369
neural_fusion,neural_bidir_seed2_fusion,0.05,32,7,2,0.056624561930219405
neural_fusion,neural_bidir_seed3_fusion,0.05,32,7,2,0.05474916596093128
neural_fusion,neural_bidir_seed4_fusion,0.05,32,7,2,0.05749033412969655
summary_ridge_fusion,none,0.05,36,7,2,0.044926855347151934
neural_fusion,neural_bidir_seed0_fusion,0.05,36,7,2,0.059210900074521455
neural_fusion,neural_bidir_seed1_fusion,0.05,36,7,2,0.06046235114342045
neural_fusion,neural_bidir_seed2_fusion,0.05,36,7,2,0.053899495956794136
neural_fusion,neural_bidir_seed3_fusion,0.05,36,7,2,0.05215523378948653
neural_fusion,neural_bidir_seed4_fusion,0.05,36,7,2,0.0545687014347611
summary_ridge_prior,none,0.05,0,7,3,0.044897757186635655
neural_prior,neural_bidir_seed0_prior,0.05,0,7,3,0.06630900928576011
neural_prior,neural_bidir_seed1_prior,0.05,0,7,3,0.06958445456984919
neural_prior,neural_bidir_seed2_prior,0.05,0,7,3,0.05230651031888556
neural_prior,neural_bidir_seed3_prior,0.05,0,7,3,0.048595614352962
neural_prior,neural_bidir_seed4_prior,0.05,0,7,3,0.053299610342946835
dfe,none,0.05,32,7,3,0.10407827543171189
dfe,none,0.05,92,7,3,0.06118823503209943
summary_ridge_fusion,none,0.05,32,7,3,0.046997740559558715
neural_fusion,neural_bidir_seed0_fusion,0.05,32,7,3,0.057548979522683154
neural_fusion,neural_bidir_seed1_fusion,0.05,32,7,3,0.05898139207620447
neural_fusion,neural_bidir_seed2_fusion,0.05,32,7,3,0.04868003483457209
neural_fusion,neural_bidir_seed3_fusion,0.05,32,7,3,0.04649020015935461
neural_fusion,neural_bidir_seed4_fusion,0.05,32,7,3,0.04937327368277838
summary_ridge_fusion,none,0.05,36,7,3,0.04504054235445022
neural_fusion,neural_bidir_seed0_fusion,0.05,36,7,3,0.05610204750435778
neural_fusion,neural_bidir_seed1_fusion,0.05,36,7,3,0.057641683147983576
neural_fusion,neural_bidir_seed2_fusion,0.05,36,7,3,0.047005250726000286
neural_fusion,neural_bidir_seed3_fusion,0.05,36,7,3,0.044712734342676114
neural_fusion,neural_bidir_seed4_fusion,0.05,36,7,3,0.04780203654696572
summary_ridge_prior,none,0.05,0,7,4,0.0485076359156194
neural_prior,neural_bidir_seed0_prior,0.05,0,7,4,0.06567630216886755
neural_prior,neural_bidir_seed1_prior,0.05,0,7,4,0.069462043888052
neural_prior,neural_bidir_seed2_prior,0.05,0,7,4,0.05081980719114654
neural_prior,neural_bidir_seed3_prior,0.05,0,7,4,0.046867240613210015
neural_prior,neural_bidir_seed4_prior,0.05,0,7,4,0.05191880963684525
dfe,none,0.05,32,7,4,0.10345931175738723
dfe,none,0.05,92,7,4,0.06047151712019549
summary_ridge_fusion,none,0.05,32,7,4,0.04401965586608798
neural_fusion,neural_bidir_seed0_fusion,0.05,32,7,4,0.05496375477012629
neural_fusion,neural_bidir_seed1_fusion,0.05,32,7,4,0.057268956770629306
neural_fusion,neural_bidir_seed2_fusion,0.05,32,7,4,0.045358817800851325
neural_fusion,neural_bidir_seed3_fusion,0.05,32,7,4,0.04261612840873899
neural_fusion,neural_bidir_seed4_fusion,0.05,32,7,4,0.04637486335928731
summary_ridge_fusion,none,0.05,36,7,4,0.043024726548140664
neural_fusion,neural_bidir_seed0_fusion,0.05,36,7,4,0.05401276637638939
neural_fusion,neural_bidir_seed1_fusion,0.05,36,7,4,0.05581520540191444
neural_fusion,neural_bidir_seed2_fusion,0.05,36,7,4,0.04477702398060353
neural_fusion,neural_bidir_seed3_fusion,0.05,36,7,4,0.04220041793339192
neural_fusion,neural_bidir_seed4_fusion,0.05,36,7,4,0.045669007744576606
summary_ridge_prior,none,0.05,0,8,0,0.04942231474402205
neural_prior,neural_bidir_seed0_prior,0.05,0,8,0,0.06668058381183073
neural_prior,neural_bidir_seed1_prior,0.05,0,8,0,0.07055653180577792
neural_prior,neural_bidir_seed2_prior,0.05,0,8,0,0.05090342229232192
neural_prior,neural_bidir_seed3_prior,0.05,0,8,0,0.046847833873471245
neural_prior,neural_bidir_seed4_prior,0.05,0,8,0,0.051866962065105326
dfe,none,0.05,32,8,0,0.10257237532450653
dfe,none,0.05,92,8,0,0.05968399143178951
summary_ridge_fusion,none,0.05,32,8,0,0.049081427704335406
neural_fusion,neural_bidir_seed0_fusion,0.05,32,8,0,0.05542918852544394
neural_fusion,neural_bidir_seed1_fusion,0.05,32,8,0,0.05748413605241556
neural_fusion,neural_bidir_seed2_fusion,0.05,32,8,0,0.04685016909919433
neural_fusion,neural_bidir_seed3_fusion,0.05,32,8,0,0.045034488686515495
neural_fusion,neural_bidir_seed4_fusion,0.05,32,8,0,0.04800692366534855
summary_ridge_fusion,none,0.05,36,8,0,0.04946104920583981
neural_fusion,neural_bidir_seed0_fusion,0.05,36,8,0,0.05491660275452896
neural_fusion,neural_bidir_seed1_fusion,0.05,36,8,0,0.057080754962561236
neural_fusion,neural_bidir_seed2_fusion,0.05,36,8,0,0.04634809286850075
neural_fusion,neural_bidir_seed3_fusion,0.05,36,8,0,0.04465030388017312
neural_fusion,neural_bidir_seed4_fusion,0.05,36,8,0,0.04809046976960078
summary_ridge_prior,none,0.05,0,8,1,0.0503170978469243
neural_prior,neural_bidir_seed0_prior,0.05,0,8,1,0.06564436508051585
neural_prior,neural_bidir_seed1_prior,0.05,0,8,1,0.06923345115501434
neural_prior,neural_bidir_seed2_prior,0.05,0,8,1,0.051772451610304415
neural_prior,neural_bidir_seed3_prior,0.05,0,8,1,0.04834123348700814
neural_prior,neural_bidir_seed4_prior,0.05,0,8,1,0.053369187691714615
dfe,none,0.05,32,8,1,0.1031537063927225
dfe,none,0.05,92,8,1,0.06173354378541744
summary_ridge_fusion,none,0.05,32,8,1,0.04657972117655072
neural_fusion,neural_bidir_seed0_fusion,0.05,32,8,1,0.05593388860010144
neural_fusion,neural_bidir_seed1_fusion,0.05,32,8,1,0.05831716369416273
neural_fusion,neural_bidir_seed2_fusion,0.05,32,8,1,0.0471391813446096
neural_fusion,neural_bidir_seed3_fusion,0.05,32,8,1,0.04474334699368139
neural_fusion,neural_bidir_seed4_fusion,0.05,32,8,1,0.047996114082946593
summary_ridge_fusion,none,0.05,36,8,1,0.04463681085198301
neural_fusion,neural_bidir_seed0_fusion,0.05,36,8,1,0.054670493132822025
neural_fusion,neural_bidir_seed1_fusion,0.05,36,8,1,0.05665045394687701
neural_fusion,neural_bidir_seed2_fusion,0.05,36,8,1,0.04597586557530238
neural_fusion,neural_bidir_seed3_fusion,0.05,36,8,1,0.043706261610869615
neural_fusion,neural_bidir_seed4_fusion,0.05,36,8,1,0.046868473866304564
summary_ridge_prior,none,0.05,0,8,2,0.058176928341041864
neural_prior,neural_bidir_seed0_prior,0.05,0,8,2,0.06838510926172603
neural_prior,neural_bidir_seed1_prior,0.05,0,8,2,0.07257724073133431
neural_prior,neural_bidir_seed2_prior,0.05,0,8,2,0.052361255104187876
neural_prior,neural_bidir_seed3_prior,0.05,0,8,2,0.04864113900111988
neural_prior,neural_bidir_seed4_prior,0.05,0,8,2,0.053463977747014724
dfe,none,0.05,32,8,2,0.10195529310713579
dfe,none,0.05,92,8,2,0.062184208827196163
summary_ridge_fusion,none,0.05,32,8,2,0.05033399996163074
neural_fusion,neural_bidir_seed0_fusion,0.05,32,8,2,0.057797487720385066
neural_fusion,neural_bidir_seed1_fusion,0.05,32,8,2,0.06002196989007731
neural_fusion,neural_bidir_seed2_fusion,0.05,32,8,2,0.046856264581861456
neural_fusion,neural_bidir_seed3_fusion,0.05,32,8,2,0.04394674545886908
neural_fusion,neural_bidir_seed4_fusion,0.05,32,8,2,0.04740328916015392
summary_ridge_fusion,none,0.05,36,8,2,0.050933533319144256
neural_fusion,neural_bidir_seed0_fusion,0.05,36,8,2,0.055557885604584224
neural_fusion,neural_bidir_seed1_fusion,0.05,36,8,2,0.05779317067230074
neural_fusion,neural_bidir_seed2_fusion,0.05,36,8,2,0.04726011115179847
neural_fusion,neural_bidir_seed3_fusion,0.05,36,8,2,0.04489425602921081
neural_fusion,neural_bidir_seed4_fusion,0.05,36,8,2,0.04890499270056251
summary_ridge_prior,none,0.05,0,8,3,0.04881129059000045
neural_prior,neural_bidir_seed0_prior,0.05,0,8,3,0.06704812134557869
neural_prior,neural_bidir_seed1_prior,0.05,0,8,3,0.07095269292767625
neural_prior,neural_bidir_seed2_prior,0.05,0,8,3,0.05351533212524373
neural_prior,neural_bidir_seed3_prior,0.05,0,8,3,0.04969714302569628
neural_prior,neural_bidir_seed4_prior,0.05,0,8,3,0.05476692739466671
dfe,none,0.05,32,8,3,0.10274915458167658
dfe,none,0.05,92,8,3,0.06133617690547115
summary_ridge_fusion,none,0.05,32,8,3,0.04560310856285234
neural_fusion,neural_bidir_seed0_fusion,0.05,32,8,3,0.055303520480846455
neural_fusion,neural_bidir_seed1_fusion,0.05,32,8,3,0.057930258376646906
neural_fusion,neural_bidir_seed2_fusion,0.05,32,8,3,0.04759801164952509
neural_fusion,neural_bidir_seed3_fusion,0.05,32,8,3,0.044842881262338194
neural_fusion,neural_bidir_seed4_fusion,0.05,32,8,3,0.04861523036700566
summary_ridge_fusion,none,0.05,36,8,3,0.048220941064831574
neural_fusion,neural_bidir_seed0_fusion,0.05,36,8,3,0.05441232017610248
neural_fusion,neural_bidir_seed1_fusion,0.05,36,8,3,0.056596756778097564
neural_fusion,neural_bidir_seed2_fusion,0.05,36,8,3,0.04719141035989714
neural_fusion,neural_bidir_seed3_fusion,0.05,36,8,3,0.045126945056725674
neural_fusion,neural_bidir_seed4_fusion,0.05,36,8,3,0.048467675590348536
summary_ridge_prior,none,0.05,0,8,4,0.046223854273151024
neural_prior,neural_bidir_seed0_prior,0.05,0,8,4,0.06596572115086019
neural_prior,neural_bidir_seed1_prior,0.05,0,8,4,0.07016966938681435
neural_prior,neural_bidir_seed2_prior,0.05,0,8,4,0.05124310172686819
neural_prior,neural_bidir_seed3_prior,0.05,0,8,4,0.047304455598350614
neural_prior,neural_bidir_seed4_prior,0.05,0,8,4,0.052545938262483105
dfe,none,0.05,32,8,4,0.10414051752101813
dfe,none,0.05,92,8,4,0.06044935587465831
summary_ridge_fusion,none,0.05,32,8,4,0.04676010684992603
neural_fusion,neural_bidir_seed0_fusion,0.05,32,8,4,0.05478068699349095
neural_fusion,neural_bidir_seed1_fusion,0.05,32,8,4,0.05671743711705619
neural_fusion,neural_bidir_seed2_fusion,0.05,32,8,4,0.04598571174154677
neural_fusion,neural_bidir_seed3_fusion,0.05,32,8,4,0.04349642926704228
neural_fusion,neural_bidir_seed4_fusion,0.05,32,8,4,0.04691447118164167
summary_ridge_fusion,none,0.05,36,8,4,0.044301836788869425
neural_fusion,neural_bidir_seed0_fusion,0.05,36,8,4,0.05305882346313602
neural_fusion,neural_bidir_seed1_fusion,0.05,36,8,4,0.055484706070875786
neural_fusion,neural_bidir_seed2_fusion,0.05,36,8,4,0.04476861264342657
neural_fusion,neural_bidir_seed3_fusion,0.05,36,8,4,0.04222456778406848
neural_fusion,neural_bidir_seed4_fusion,0.05,36,8,4,0.045743078598592335
summary_ridge_prior,none,0.05,0,9,0,0.05487732043536344
neural_prior,neural_bidir_seed0_prior,0.05,0,9,0,0.07538287500210572
neural_prior,neural_bidir_seed1_prior,0.05,0,9,0,0.08081171271624044
neural_prior,neural_bidir_seed2_prior,0.05,0,9,0,0.05946773779578507
neural_prior,neural_bidir_seed3_prior,0.05,0,9,0,0.054176218385691755
neural_prior,neural_bidir_seed4_prior,0.05,0,9,0,0.05869521580461878
dfe,none,0.05,32,9,0,0.10338363767221731
dfe,none,0.05,92,9,0,0.06021088377283018
summary_ridge_fusion,none,0.05,32,9,0,0.04790951268196299
neural_fusion,neural_bidir_seed0_fusion,0.05,32,9,0,0.06101632759698962
neural_fusion,neural_bidir_seed1_fusion,0.05,32,9,0,0.06280748785147279
neural_fusion,neural_bidir_seed2_fusion,0.05,32,9,0,0.052805349549834055
neural_fusion,neural_bidir_seed3_fusion,0.05,32,9,0,0.04939427611183249
neural_fusion,neural_bidir_seed4_fusion,0.05,32,9,0,0.0526044076741064
summary_ridge_fusion,none,0.05,36,9,0,0.04761970553932359
neural_fusion,neural_bidir_seed0_fusion,0.05,36,9,0,0.05942482599525069
neural_fusion,neural_bidir_seed1_fusion,0.05,36,9,0,0.06143624768920432
neural_fusion,neural_bidir_seed2_fusion,0.05,36,9,0,0.05148724407977391
neural_fusion,neural_bidir_seed3_fusion,0.05,36,9,0,0.0481820508185792
neural_fusion,neural_bidir_seed4_fusion,0.05,36,9,0,0.05147201501061325
summary_ridge_prior,none,0.05,0,9,1,0.049707199968389
neural_prior,neural_bidir_seed0_prior,0.05,0,9,1,0.06811037354054861
neural_prior,neural_bidir_seed1_prior,0.05,0,9,1,0.07347660402592737
neural_prior,neural_bidir_seed2_prior,0.05,0,9,1,0.05208957541617565
neural_prior,neural_bidir_seed3_prior,0.05,0,9,1,0.04765707229671534
neural_prior,neural_bidir_seed4_prior,0.05,0,9,1,0.05294950894312933
dfe,none,0.05,32,9,1,0.10405592278696743
dfe,none,0.05,92,9,1,0.061432724892685586
summary_ridge_fusion,none,0.05,32,9,1,0.04537226317839585
neural_fusion,neural_bidir_seed0_fusion,0.05,32,9,1,0.055846315073273214
neural_fusion,neural_bidir_seed1_fusion,0.05,32,9,1,0.05857316001846208
neural_fusion,neural_bidir_seed2_fusion,0.05,32,9,1,0.04686961212756344
neural_fusion,neural_bidir_seed3_fusion,0.05,32,9,1,0.04408604445242348
neural_fusion,neural_bidir_seed4_fusion,0.05,32,9,1,0.047757819055290605
summary_ridge_fusion,none,0.05,36,9,1,0.04662827903846611
neural_fusion,neural_bidir_seed0_fusion,0.05,36,9,1,0.05451857424386365
neural_fusion,neural_bidir_seed1_fusion,0.05,36,9,1,0.056732167268091126
neural_fusion,neural_bidir_seed2_fusion,0.05,36,9,1,0.047050095655591206
neural_fusion,neural_bidir_seed3_fusion,0.05,36,9,1,0.04474862909540697
neural_fusion,neural_bidir_seed4_fusion,0.05,36,9,1,0.048297732558752006
summary_ridge_prior,none,0.05,0,9,2,0.05007973018615544
neural_prior,neural_bidir_seed0_prior,0.05,0,9,2,0.07722228846978396
neural_prior,neural_bidir_seed1_prior,0.05,0,9,2,0.08217931806575507
neural_prior,neural_bidir_seed2_prior,0.05,0,9,2,0.0596224807377439
neural_prior,neural_bidir_seed3_prior,0.05,0,9,2,0.05379621540487278
neural_prior,neural_bidir_seed4_prior,0.05,0,9,2,0.05784229314303957
dfe,none,0.05,32,9,2,0.10280627785635656
dfe,none,0.05,92,9,2,0.060854390425540944
summary_ridge_fusion,none,0.05,32,9,2,0.0456439418672651
neural_fusion,neural_bidir_seed0_fusion,0.05,32,9,2,0.06259400773562693
neural_fusion,neural_bidir_seed1_fusion,0.05,32,9,2,0.06404992865207891
neural_fusion,neural_bidir_seed2_fusion,0.05,32,9,2,0.052123095136258304
neural_fusion,neural_bidir_seed3_fusion,0.05,32,9,2,0.04802988883151436
neural_fusion,neural_bidir_seed4_fusion,0.05,32,9,2,0.050930541228850504
summary_ridge_fusion,none,0.05,36,9,2,0.04953167031115749
neural_fusion,neural_bidir_seed0_fusion,0.05,36,9,2,0.06109936524925473
neural_fusion,neural_bidir_seed1_fusion,0.05,36,9,2,0.06280595751404099
neural_fusion,neural_bidir_seed2_fusion,0.05,36,9,2,0.05262309499141077
neural_fusion,neural_bidir_seed3_fusion,0.05,36,9,2,0.049595823786242416
neural_fusion,neural_bidir_seed4_fusion,0.05,36,9,2,0.052775450601199536
summary_ridge_prior,none,0.05,0,9,3,0.046064876331731675
neural_prior,neural_bidir_seed0_prior,0.05,0,9,3,0.06827599453390576
neural_prior,neural_bidir_seed1_prior,0.05,0,9,3,0.07344374105741736
neural_prior,neural_bidir_seed2_prior,0.05,0,9,3,0.0527922042820137
neural_prior,neural_bidir_seed3_prior,0.05,0,9,3,0.048300720169208944
neural_prior,neural_bidir_seed4_prior,0.05,0,9,3,0.05365823746251408
dfe,none,0.05,32,9,3,0.10233720838115198
dfe,none,0.05,92,9,3,0.060710504305857185
summary_ridge_fusion,none,0.05,32,9,3,0.04246428587597489
neural_fusion,neural_bidir_seed0_fusion,0.05,32,9,3,0.05634009747201996
neural_fusion,neural_bidir_seed1_fusion,0.05,32,9,3,0.0588879658625562
neural_fusion,neural_bidir_seed2_fusion,0.05,32,9,3,0.04722739303380747
neural_fusion,neural_bidir_seed3_fusion,0.05,32,9,3,0.04421528682498185
neural_fusion,neural_bidir_seed4_fusion,0.05,32,9,3,0.04836018792718821
summary_ridge_fusion,none,0.05,36,9,3,0.0433587646376193
neural_fusion,neural_bidir_seed0_fusion,0.05,36,9,3,0.05489125782278012
neural_fusion,neural_bidir_seed1_fusion,0.05,36,9,3,0.057412494147519824
neural_fusion,neural_bidir_seed2_fusion,0.05,36,9,3,0.0469991255555305
neural_fusion,neural_bidir_seed3_fusion,0.05,36,9,3,0.04402925911597891
neural_fusion,neural_bidir_seed4_fusion,0.05,36,9,3,0.047820991357941274
summary_ridge_prior,none,0.05,0,9,4,0.05192815290122672
neural_prior,neural_bidir_seed0_prior,0.05,0,9,4,0.07103892315353733
neural_prior,neural_bidir_seed1_prior,0.05,0,9,4,0.07684484442870598
neural_prior,neural_bidir_seed2_prior,0.05,0,9,4,0.053886341949691996
neural_prior,neural_bidir_seed3_prior,0.05,0,9,4,0.04925730927789118
neural_prior,neural_bidir_seed4_prior,0.05,0,9,4,0.054527025364222936
dfe,none,0.05,32,9,4,0.10128436043283508
dfe,none,0.05,92,9,4,0.060012409711967904
summary_ridge_fusion,none,0.05,32,9,4,0.04623158494187514
neural_fusion,neural_bidir_seed0_fusion,0.05,32,9,4,0.05809512908459788
neural_fusion,neural_bidir_seed1_fusion,0.05,32,9,4,0.06094053282115468
neural_fusion,neural_bidir_seed2_fusion,0.05,32,9,4,0.04756206066041684
neural_fusion,neural_bidir_seed3_fusion,0.05,32,9,4,0.0443003042181902
neural_fusion,neural_bidir_seed4_fusion,0.05,32,9,4,0.048028426509894404
summary_ridge_fusion,none,0.05,36,9,4,0.046284237856254414
neural_fusion,neural_bidir_seed0_fusion,0.05,36,9,4,0.05689024655388833
neural_fusion,neural_bidir_seed1_fusion,0.05,36,9,4,0.059289616345192725
neural_fusion,neural_bidir_seed2_fusion,0.05,36,9,4,0.04693516632425952
neural_fusion,neural_bidir_seed3_fusion,0.05,36,9,4,0.04392255622178078
neural_fusion,neural_bidir_seed4_fusion,0.05,36,9,4,0.047729893227177675
summary_ridge_prior,none,0.05,0,10,0,0.05625644386410333
neural_prior,neural_bidir_seed0_prior,0.05,0,10,0,0.06966984787140973
neural_prior,neural_bidir_seed1_prior,0.05,0,10,0,0.07498643163125962
neural_prior,neural_bidir_seed2_prior,0.05,0,10,0,0.05430684803286567
neural_prior,neural_bidir_seed3_prior,0.05,0,10,0,0.050994964156416245
neural_prior,neural_bidir_seed4_prior,0.05,0,10,0,0.05632933737069834
dfe,none,0.05,32,10,0,0.10381178619417084
dfe,none,0.05,92,10,0,0.06051926195574618
summary_ridge_fusion,none,0.05,32,10,0,0.05029084585453409
neural_fusion,neural_bidir_seed0_fusion,0.05,32,10,0,0.0567670912264705
neural_fusion,neural_bidir_seed1_fusion,0.05,32,10,0,0.059248805454192394
neural_fusion,neural_bidir_seed2_fusion,0.05,32,10,0,0.04841541467947178
neural_fusion,neural_bidir_seed3_fusion,0.05,32,10,0,0.04612082449950579
neural_fusion,neural_bidir_seed4_fusion,0.05,32,10,0,0.049754172550845084
summary_ridge_fusion,none,0.05,36,10,0,0.04908340428201095
neural_fusion,neural_bidir_seed0_fusion,0.05,36,10,0,0.05860761851158449
neural_fusion,neural_bidir_seed1_fusion,0.05,36,10,0,0.061231499750806634
neural_fusion,neural_bidir_seed2_fusion,0.05,36,10,0,0.04933241892333717
neural_fusion,neural_bidir_seed3_fusion,0.05,36,10,0,0.04687828244518426
neural_fusion,neural_bidir_seed4_fusion,0.05,36,10,0,0.05083517637943566
summary_ridge_prior,none,0.05,0,10,1,0.05094943937151383
neural_prior,neural_bidir_seed0_prior,0.05,0,10,1,0.06834710412658751
neural_prior,neural_bidir_seed1_prior,0.05,0,10,1,0.07340082446171436
neural_prior,neural_bidir_seed2_prior,0.05,0,10,1,0.052819191332673654
neural_prior,neural_bidir_seed3_prior,0.05,0,10,1,0.04902247054269537
neural_prior,neural_bidir_seed4_prior,0.05,0,10,1,0.054590785715845414
dfe,none,0.05,32,10,1,0.10167828822791261
dfe,none,0.05,92,10,1,0.05946979760220847
summary_ridge_fusion,none,0.05,32,10,1,0.04630999812720213
neural_fusion,neural_bidir_seed0_fusion,0.05,32,10,1,0.05981434995465993
neural_fusion,neural_bidir_seed1_fusion,0.05,32,10,1,0.06173248823241203
neural_fusion,neural_bidir_seed2_fusion,0.05,32,10,1,0.05015064836876894
neural_fusion,neural_bidir_seed3_fusion,0.05,32,10,1,0.04713499518016741
neural_fusion,neural_bidir_seed4_fusion,0.05,32,10,1,0.050652649677008825
summary_ridge_fusion,none,0.05,36,10,1,0.04574553231338667
neural_fusion,neural_bidir_seed0_fusion,0.05,36,10,1,0.05558723143462216
neural_fusion,neural_bidir_seed1_fusion,0.05,36,10,1,0.05787633797257648
neural_fusion,neural_bidir_seed2_fusion,0.05,36,10,1,0.04663176520923505
neural_fusion,neural_bidir_seed3_fusion,0.05,36,10,1,0.04407204945612801
neural_fusion,neural_bidir_seed4_fusion,0.05,36,10,1,0.047848050029786676
summary_ridge_prior,none,0.05,0,10,2,0.05448501644150518
neural_prior,neural_bidir_seed0_prior,0.05,0,10,2,0.06708824493398424
neural_prior,neural_bidir_seed1_prior,0.05,0,10,2,0.07174933378701098
neural_prior,neural_bidir_seed2_prior,0.05,0,10,2,0.05145567837462295
neural_prior,neural_bidir_seed3_prior,0.05,0,10,2,0.047843612963333726
neural_prior,neural_bidir_seed4_prior,0.05,0,10,2,0.053188216843409464
dfe,none,0.05,32,10,2,0.10393077325304581
dfe,none,0.05,92,10,2,0.05963504928906349
summary_ridge_fusion,none,0.05,32,10,2,0.050683929684262635
neural_fusion,neural_bidir_seed0_fusion,0.05,32,10,2,0.05535061145759187
neural_fusion,neural_bidir_seed1_fusion,0.05,32,10,2,0.057677235387754336
neural_fusion,neural_bidir_seed2_fusion,0.05,32,10,2,0.045825813123200984
neural_fusion,neural_bidir_seed3_fusion,0.05,32,10,2,0.043667192537430455
neural_fusion,neural_bidir_seed4_fusion,0.05,32,10,2,0.04738148341683237
summary_ridge_fusion,none,0.05,36,10,2,0.052428827446358205
neural_fusion,neural_bidir_seed0_fusion,0.05,36,10,2,0.05432840803755559
neural_fusion,neural_bidir_seed1_fusion,0.05,36,10,2,0.056320900361416765
neural_fusion,neural_bidir_seed2_fusion,0.05,36,10,2,0.045885923973593964
neural_fusion,neural_bidir_seed3_fusion,0.05,36,10,2,0.04429995837890552
neural_fusion,neural_bidir_seed4_fusion,0.05,36,10,2,0.04813548633214557
summary_ridge_prior,none,0.05,0,10,3,0.06362479219605263
neural_prior,neural_bidir_seed0_prior,0.05,0,10,3,0.06565082519955467
neural_prior,neural_bidir_seed1_prior,0.05,0,10,3,0.06944291324180085
neural_prior,neural_bidir_seed2_prior,0.05,0,10,3,0.05278281681239605
neural_prior,neural_bidir_seed3_prior,0.05,0,10,3,0.04909779097943101
neural_prior,neural_bidir_seed4_prior,0.05,0,10,3,0.05459183637867682
dfe,none,0.05,32,10,3,0.1012367269666889
dfe,none,0.05,92,10,3,0.0604157460878632
summary_ridge_fusion,none,0.05,32,10,3,0.059789816056098406
neural_fusion,neural_bidir_seed0_fusion,0.05,32,10,3,0.05690039559945996
neural_fusion,neural_bidir_seed1_fusion,0.05,32,10,3,0.05867827649607704
neural_fusion,neural_bidir_seed2_fusion,0.05,32,10,3,0.04965110617885714
neural_fusion,neural_bidir_seed3_fusion,0.05,32,10,3,0.04701780954360326
neural_fusion,neural_bidir_seed4_fusion,0.05,32,10,3,0.05076865778533961
summary_ridge_fusion,none,0.05,36,10,3,0.05774025127211828
neural_fusion,neural_bidir_seed0_fusion,0.05,36,10,3,0.05368646902381544
neural_fusion,neural_bidir_seed1_fusion,0.05,36,10,3,0.055879313517257855
neural_fusion,neural_bidir_seed2_fusion,0.05,36,10,3,0.046440567821537396
neural_fusion,neural_bidir_seed3_fusion,0.05,36,10,3,0.04401176059009222
neural_fusion,neural_bidir_seed4_fusion,0.05,36,10,3,0.047836916396402
summary_ridge_prior,none,0.05,0,10,4,0.0555149773439944
neural_prior,neural_bidir_seed0_prior,0.05,0,10,4,0.06886227095674258
neural_prior,neural_bidir_seed1_prior,0.05,0,10,4,0.073643505180371
neural_prior,neural_bidir_seed2_prior,0.05,0,10,4,0.05287491592753213
neural_prior,neural_bidir_seed3_prior,0.05,0,10,4,0.04929685099341441
neural_prior,neural_bidir_seed4_prior,0.05,0,10,4,0.05473243365122471
dfe,none,0.05,32,10,4,0.10210815977688521
dfe,none,0.05,92,10,4,0.06054679573196242
summary_ridge_fusion,none,0.05,32,10,4,0.04998781062402623
neural_fusion,neural_bidir_seed0_fusion,0.05,32,10,4,0.05930687433571773
neural_fusion,neural_bidir_seed1_fusion,0.05,32,10,4,0.062179819160153124
neural_fusion,neural_bidir_seed2_fusion,0.05,32,10,4,0.0492097534530491
neural_fusion,neural_bidir_seed3_fusion,0.05,32,10,4,0.0466327839054453
neural_fusion,neural_bidir_seed4_fusion,0.05,32,10,4,0.050479050758417326
summary_ridge_fusion,none,0.05,36,10,4,0.049752001387348026
neural_fusion,neural_bidir_seed0_fusion,0.05,36,10,4,0.060133615392861633
neural_fusion,neural_bidir_seed1_fusion,0.05,36,10,4,0.06323260615298276
neural_fusion,neural_bidir_seed2_fusion,0.05,36,10,4,0.05035766736628783
neural_fusion,neural_bidir_seed3_fusion,0.05,36,10,4,0.04772437675523289
neural_fusion,neural_bidir_seed4_fusion,0.05,36,10,4,0.0516223117879124
summary_ridge_prior,none,0.05,0,11,0,0.05186689312918885
neural_prior,neural_bidir_seed0_prior,0.05,0,11,0,0.06852225727925543
neural_prior,neural_bidir_seed1_prior,0.05,0,11,0,0.07291625697689597
neural_prior,neural_bidir_seed2_prior,0.05,0,11,0,0.05431992693047505
neural_prior,neural_bidir_seed3_prior,0.05,0,11,0,0.0509334100788692
neural_prior,neural_bidir_seed4_prior,0.05,0,11,0,0.05680913387914188
dfe,none,0.05,32,11,0,0.10148906777495274
dfe,none,0.05,92,11,0,0.06048506670390154
summary_ridge_fusion,none,0.05,32,11,0,0.04708612622554441
neural_fusion,neural_bidir_seed0_fusion,0.05,32,11,0,0.05726141058488484
neural_fusion,neural_bidir_seed1_fusion,0.05,32,11,0,0.059489442228177425
neural_fusion,neural_bidir_seed2_fusion,0.05,32,11,0,0.04892715642164833
neural_fusion,neural_bidir_seed3_fusion,0.05,32,11,0,0.04701508468960516
neural_fusion,neural_bidir_seed4_fusion,0.05,32,11,0,0.05045706875072063
summary_ridge_fusion,none,0.05,36,11,0,0.046060637402061816
neural_fusion,neural_bidir_seed0_fusion,0.05,36,11,0,0.05611778722340588
neural_fusion,neural_bidir_seed1_fusion,0.05,36,11,0,0.05833412870947307
neural_fusion,neural_bidir_seed2_fusion,0.05,36,11,0,0.04823059396276596
neural_fusion,neural_bidir_seed3_fusion,0.05,36,11,0,0.04588929249547995
neural_fusion,neural_bidir_seed4_fusion,0.05,36,11,0,0.04957366742475711
summary_ridge_prior,none,0.05,0,11,1,0.048245020325518403
neural_prior,neural_bidir_seed0_prior,0.05,0,11,1,0.0654794955480611
neural_prior,neural_bidir_seed1_prior,0.05,0,11,1,0.06965431103890296
neural_prior,neural_bidir_seed2_prior,0.05,0,11,1,0.052342859882628545
neural_prior,neural_bidir_seed3_prior,0.05,0,11,1,0.049438425834523514
neural_prior,neural_bidir_seed4_prior,0.05,0,11,1,0.053934454583213665
dfe,none,0.05,32,11,1,0.10238610824418368
dfe,none,0.05,92,11,1,0.05926684606023727
summary_ridge_fusion,none,0.05,32,11,1,0.04364701899379358
neural_fusion,neural_bidir_seed0_fusion,0.05,32,11,1,0.05572220796773289
neural_fusion,neural_bidir_seed1_fusion,0.05,32,11,1,0.05807703858037361
neural_fusion,neural_bidir_seed2_fusion,0.05,32,11,1,0.047201744748773915
neural_fusion,neural_bidir_seed3_fusion,0.05,32,11,1,0.04477562489173832
neural_fusion,neural_bidir_seed4_fusion,0.05,32,11,1,0.04805084294545133
summary_ridge_fusion,none,0.05,36,11,1,0.04351594541580845
neural_fusion,neural_bidir_seed0_fusion,0.05,36,11,1,0.05372588705249208
neural_fusion,neural_bidir_seed1_fusion,0.05,36,11,1,0.05625207888569687
neural_fusion,neural_bidir_seed2_fusion,0.05,36,11,1,0.04589678618637994
neural_fusion,neural_bidir_seed3_fusion,0.05,36,11,1,0.0440713921793108
neural_fusion,neural_bidir_seed4_fusion,0.05,36,11,1,0.04737633401264822
summary_ridge_prior,none,0.05,0,11,2,0.05767756161000456
neural_prior,neural_bidir_seed0_prior,0.05,0,11,2,0.0698185658256989
neural_prior,neural_bidir_seed1_prior,0.05,0,11,2,0.07512980698083993
neural_prior,neural_bidir_seed2_prior,0.05,0,11,2,0.05395472528471146
neural_prior,neural_bidir_seed3_prior,0.05,0,11,2,0.04988954709551763
neural_prior,neural_bidir_seed4_prior,0.05,0,11,2,0.05602909464505501
dfe,none,0.05,32,11,2,0.10206473877520014
dfe,none,0.05,92,11,2,0.06062576003141646
summary_ridge_fusion,none,0.05,32,11,2,0.05186260290638432
neural_fusion,neural_bidir_seed0_fusion,0.05,32,11,2,0.05801476813120058
neural_fusion,neural_bidir_seed1_fusion,0.05,32,11,2,0.060748772935526746
neural_fusion,neural_bidir_seed2_fusion,0.05,32,11,2,0.04881714749020025
neural_fusion,neural_bidir_seed3_fusion,0.05,32,11,2,0.046027699549695766
neural_fusion,neural_bidir_seed4_fusion,0.05,32,11,2,0.050010170664827804
summary_ridge_fusion,none,0.05,36,11,2,0.04954565470869181
neural_fusion,neural_bidir_seed0_fusion,0.05,36,11,2,0.056176226965319626
neural_fusion,neural_bidir_seed1_fusion,0.05,36,11,2,0.05870683431657062
neural_fusion,neural_bidir_seed2_fusion,0.05,36,11,2,0.04695499791787767
neural_fusion,neural_bidir_seed3_fusion,0.05,36,11,2,0.044369152859858596
neural_fusion,neural_bidir_seed4_fusion,0.05,36,11,2,0.048416070169446865
summary_ridge_prior,none,0.05,0,11,3,0.048465901634919595
neural_prior,neural_bidir_seed0_prior,0.05,0,11,3,0.06681670156831387
neural_prior,neural_bidir_seed1_prior,0.05,0,11,3,0.07133206006255932
neural_prior,neural_bidir_seed2_prior,0.05,0,11,3,0.05070332840841729
neural_prior,neural_bidir_seed3_prior,0.05,0,11,3,0.04692158858233597
neural_prior,neural_bidir_seed4_prior,0.05,0,11,3,0.05205469783686567
dfe,none,0.05,32,11,3,0.10523804868033482
dfe,none,0.05,92,11,3,0.06156632689200147
summary_ridge_fusion,none,0.05,32,11,3,0.04480703028161899
neural_fusion,neural_bidir_seed0_fusion,0.05,32,11,3,0.05510523956008957
neural_fusion,neural_bidir_seed1_fusion,0.05,32,11,3,0.05749387204018763
neural_fusion,neural_bidir_seed2_fusion,0.05,32,11,3,0.045461901631639975
neural_fusion,neural_bidir_seed3_fusion,0.05,32,11,3,0.04284777872638479
neural_fusion,neural_bidir_seed4_fusion,0.05,32,11,3,0.04671943367485782
summary_ridge_fusion,none,0.05,36,11,3,0.0438565934181774
neural_fusion,neural_bidir_seed0_fusion,0.05,36,11,3,0.05299114321138913
neural_fusion,neural_bidir_seed1_fusion,0.05,36,11,3,0.05515540661160569
neural_fusion,neural_bidir_seed2_fusion,0.05,36,11,3,0.04458982343224835
neural_fusion,neural_bidir_seed3_fusion,0.05,36,11,3,0.04214200982215585
neural_fusion,neural_bidir_seed4_fusion,0.05,36,11,3,0.046189340449439724
summary_ridge_prior,none,0.05,0,11,4,0.04882461263550855
neural_prior,neural_bidir_seed0_prior,0.05,0,11,4,0.06644098303513601
neural_prior,neural_bidir_seed1_prior,0.05,0,11,4,0.0710526186885545
neural_prior,neural_bidir_seed2_prior,0.05,0,11,4,0.05090186189045198
neural_prior,neural_bidir_seed3_prior,0.05,0,11,4,0.046969588176580146
neural_prior,neural_bidir_seed4_prior,0.05,0,11,4,0.05205923096218612
dfe,none,0.05,32,11,4,0.10267265430181828
dfe,none,0.05,92,11,4,0.06037325017272996
summary_ridge_fusion,none,0.05,32,11,4,0.04454376478997626
neural_fusion,neural_bidir_seed0_fusion,0.05,32,11,4,0.055656014559413686
neural_fusion,neural_bidir_seed1_fusion,0.05,32,11,4,0.058348114979079234
neural_fusion,neural_bidir_seed2_fusion,0.05,32,11,4,0.04538493802301873
neural_fusion,neural_bidir_seed3_fusion,0.05,32,11,4,0.04257642857007183
neural_fusion,neural_bidir_seed4_fusion,0.05,32,11,4,0.04615309970697305
summary_ridge_fusion,none,0.05,36,11,4,0.04353860356634283
neural_fusion,neural_bidir_seed0_fusion,0.05,36,11,4,0.05429342167027075
neural_fusion,neural_bidir_seed1_fusion,0.05,36,11,4,0.05677319015185883
neural_fusion,neural_bidir_seed2_fusion,0.05,36,11,4,0.04532489719926978
neural_fusion,neural_bidir_seed3_fusion,0.05,36,11,4,0.042594896206381336
neural_fusion,neural_bidir_seed4_fusion,0.05,36,11,4,0.04647229335792656
summary_ridge_prior,none,0.05,0,12,0,0.04988488745891577
neural_prior,neural_bidir_seed0_prior,0.05,0,12,0,0.06571852197521366
neural_prior,neural_bidir_seed1_prior,0.05,0,12,0,0.0697924452542793
neural_prior,neural_bidir_seed2_prior,0.05,0,12,0,0.05068600283993874
neural_prior,neural_bidir_seed3_prior,0.05,0,12,0,0.04712409319472499
neural_prior,neural_bidir_seed4_prior,0.05,0,12,0,0.05215906574449036
dfe,none,0.05,32,12,0,0.10223014732632278
dfe,none,0.05,92,12,0,0.061517632930433705
summary_ridge_fusion,none,0.05,32,12,0,0.04577013073973817
neural_fusion,neural_bidir_seed0_fusion,0.05,32,12,0,0.05466237681044491
neural_fusion,neural_bidir_seed1_fusion,0.05,32,12,0,0.056882436821449056
neural_fusion,neural_bidir_seed2_fusion,0.05,32,12,0,0.0452378612921752
neural_fusion,neural_bidir_seed3_fusion,0.05,32,12,0,0.042619493123231045
neural_fusion,neural_bidir_seed4_fusion,0.05,32,12,0,0.046032698147900813
summary_ridge_fusion,none,0.05,36,12,0,0.04498556021722717
neural_fusion,neural_bidir_seed0_fusion,0.05,36,12,0,0.05497989566989983
neural_fusion,neural_bidir_seed1_fusion,0.05,36,12,0,0.05752558244700234
neural_fusion,neural_bidir_seed2_fusion,0.05,36,12,0,0.04546889716336652
neural_fusion,neural_bidir_seed3_fusion,0.05,36,12,0,0.04287941517774538
neural_fusion,neural_bidir_seed4_fusion,0.05,36,12,0,0.04707257530534638
summary_ridge_prior,none,0.05,0,12,1,0.0539507940905949
neural_prior,neural_bidir_seed0_prior,0.05,0,12,1,0.06696898445079569
neural_prior,neural_bidir_seed1_prior,0.05,0,12,1,0.07136685714067426
neural_prior,neural_bidir_seed2_prior,0.05,0,12,1,0.05230866969213821
neural_prior,neural_bidir_seed3_prior,0.05,0,12,1,0.048584917982225306
neural_prior,neural_bidir_seed4_prior,0.05,0,12,1,0.05378688470227644
dfe,none,0.05,32,12,1,0.10253393016355772
dfe,none,0.05,92,12,1,0.06019768129668828
summary_ridge_fusion,none,0.05,32,12,1,0.05070936450742978
neural_fusion,neural_bidir_seed0_fusion,0.05,32,12,1,0.05566304842011796
neural_fusion,neural_bidir_seed1_fusion,0.05,32,12,1,0.05781037875512762
neural_fusion,neural_bidir_seed2_fusion,0.05,32,12,1,0.046950230982336576
neural_fusion,neural_bidir_seed3_fusion,0.05,32,12,1,0.0444860503320743
neural_fusion,neural_bidir_seed4_fusion,0.05,32,12,1,0.047978735147643684
summary_ridge_fusion,none,0.05,36,12,1,0.04759519865671667
neural_fusion,neural_bidir_seed0_fusion,0.05,36,12,1,0.05521672749424822
neural_fusion,neural_bidir_seed1_fusion,0.05,36,12,1,0.057423882690270364
neural_fusion,neural_bidir_seed2_fusion,0.05,36,12,1,0.04640828665097854
neural_fusion,neural_bidir_seed3_fusion,0.05,36,12,1,0.04366677683860137
neural_fusion,neural_bidir_seed4_fusion,0.05,36,12,1,0.047523528689855606
summary_ridge_prior,none,0.05,0,12,2,0.05113930672495741
neural_prior,neural_bidir_seed0_prior,0.05,0,12,2,0.06631396843295079
neural_prior,neural_bidir_seed1_prior,0.05,0,12,2,0.07062994707666803
neural_prior,neural_bidir_seed2_prior,0.05,0,12,2,0.05149937259557191
neural_prior,neural_bidir_seed3_prior,0.05,0,12,2,0.04800338587665465
neural_prior,neural_bidir_seed4_prior,0.05,0,12,2,0.053240815657773055
dfe,none,0.05,32,12,2,0.1040712071878417
dfe,none,0.05,92,12,2,0.06167639774497971
summary_ridge_fusion,none,0.05,32,12,2,0.04627075322939132
neural_fusion,neural_bidir_seed0_fusion,0.05,32,12,2,0.05696326609299286
neural_fusion,neural_bidir_seed1_fusion,0.05,32,12,2,0.059210272694007915
neural_fusion,neural_bidir_seed2_fusion,0.05,32,12,2,0.04704749579220564
neural_fusion,neural_bidir_seed3_fusion,0.05,32,12,2,0.04479050625003355
neural_fusion,neural_bidir_seed4_fusion,0.05,32,12,2,0.048168767336026874
summary_ridge_fusion,none,0.05,36,12,2,0.049778725103223405
neural_fusion,neural_bidir_seed0_fusion,0.05,36,12,2,0.05513292114102997
neural_fusion,neural_bidir_seed1_fusion,0.05,36,12,2,0.05761327344855134
neural_fusion,neural_bidir_seed2_fusion,0.05,36,12,2,0.047736513520597906
neural_fusion,neural_bidir_seed3_fusion,0.05,36,12,2,0.0457244965288028
neural_fusion,neural_bidir_seed4_fusion,0.05,36,12,2,0.04979108821266351
summary_ridge_prior,none,0.05,0,12,3,0.05149880463782777
neural_prior,neural_bidir_seed0_prior,0.05,0,12,3,0.06608034486998804
neural_prior,neural_bidir_seed1_prior,0.05,0,12,3,0.0699198476941092
neural_prior,neural_bidir_seed2_prior,0.05,0,12,3,0.05222568064345978
neural_prior,neural_bidir_seed3_prior,0.05,0,12,3,0.04948642072849907
neural_prior,neural_bidir_seed4_prior,0.05,0,12,3,0.05483878272934817
dfe,none,0.05,32,12,3,0.10208228508256273
dfe,none,0.05,92,12,3,0.06102861396132038
summary_ridge_fusion,none,0.05,32,12,3,0.0464383776568915
neural_fusion,neural_bidir_seed0_fusion,0.05,32,12,3,0.05639564704543874
neural_fusion,neural_bidir_seed1_fusion,0.05,32,12,3,0.0583660326210048
neural_fusion,neural_bidir_seed2_fusion,0.05,32,12,3,0.04743016885508989
neural_fusion,neural_bidir_seed3_fusion,0.05,32,12,3,0.04541427342250048
neural_fusion,neural_bidir_seed4_fusion,0.05,32,12,3,0.04877197474535382
summary_ridge_fusion,none,0.05,36,12,3,0.04773062684268045
neural_fusion,neural_bidir_seed0_fusion,0.05,36,12,3,0.05314759360246084
neural_fusion,neural_bidir_seed1_fusion,0.05,36,12,3,0.055241360575338336
neural_fusion,neural_bidir_seed2_fusion,0.05,36,12,3,0.0459329494789045
neural_fusion,neural_bidir_seed3_fusion,0.05,36,12,3,0.04441616277207668
neural_fusion,neural_bidir_seed4_fusion,0.05,36,12,3,0.04827573082951636
summary_ridge_prior,none,0.05,0,12,4,0.05316301537786608
neural_prior,neural_bidir_seed0_prior,0.05,0,12,4,0.06618960290506948
neural_prior,neural_bidir_seed1_prior,0.05,0,12,4,0.0699155740585411
neural_prior,neural_bidir_seed2_prior,0.05,0,12,4,0.05096727343334351
neural_prior,neural_bidir_seed3_prior,0.05,0,12,4,0.046795375892543234
neural_prior,neural_bidir_seed4_prior,0.05,0,12,4,0.05186549040081445
dfe,none,0.05,32,12,4,0.10062870880688254
dfe,none,0.05,92,12,4,0.059839922019356014
summary_ridge_fusion,none,0.05,32,12,4,0.04776732612134543
neural_fusion,neural_bidir_seed0_fusion,0.05,32,12,4,0.05536828165037856
neural_fusion,neural_bidir_seed1_fusion,0.05,32,12,4,0.057291250174351896
neural_fusion,neural_bidir_seed2_fusion,0.05,32,12,4,0.045717508837533866
neural_fusion,neural_bidir_seed3_fusion,0.05,32,12,4,0.04271597629309437
neural_fusion,neural_bidir_seed4_fusion,0.05,32,12,4,0.04642673680086732
summary_ridge_fusion,none,0.05,36,12,4,0.04846901272873244
neural_fusion,neural_bidir_seed0_fusion,0.05,36,12,4,0.053587329138573295
neural_fusion,neural_bidir_seed1_fusion,0.05,36,12,4,0.055548492785533234
neural_fusion,neural_bidir_seed2_fusion,0.05,36,12,4,0.044663463949873944
neural_fusion,neural_bidir_seed3_fusion,0.05,36,12,4,0.04207876836681495
neural_fusion,neural_bidir_seed4_fusion,0.05,36,12,4,0.04580512088533607
summary_ridge_prior,none,0.05,0,13,0,0.04368184325401438
neural_prior,neural_bidir_seed0_prior,0.05,0,13,0,0.06608353888441343
neural_prior,neural_bidir_seed1_prior,0.05,0,13,0,0.07036908277950715
neural_prior,neural_bidir_seed2_prior,0.05,0,13,0,0.05157102616794873
neural_prior,neural_bidir_seed3_prior,0.05,0,13,0,0.047788016658159904
neural_prior,neural_bidir_seed4_prior,0.05,0,13,0,0.05283155440702103
dfe,none,0.05,32,13,0,0.1037620771007502
dfe,none,0.05,92,13,0,0.06150029654610942
summary_ridge_fusion,none,0.05,32,13,0,0.04208999273828666
neural_fusion,neural_bidir_seed0_fusion,0.05,32,13,0,0.05470293060173194
neural_fusion,neural_bidir_seed1_fusion,0.05,32,13,0,0.056989511886557195
neural_fusion,neural_bidir_seed2_fusion,0.05,32,13,0,0.04597479504326894
neural_fusion,neural_bidir_seed3_fusion,0.05,32,13,0,0.043482286255056866
neural_fusion,neural_bidir_seed4_fusion,0.05,32,13,0,0.04713864808186484
summary_ridge_fusion,none,0.05,36,13,0,0.04445147661151917
neural_fusion,neural_bidir_seed0_fusion,0.05,36,13,0,0.05489542852771205
neural_fusion,neural_bidir_seed1_fusion,0.05,36,13,0,0.05693371316581772
neural_fusion,neural_bidir_seed2_fusion,0.05,36,13,0,0.046374829715779955
neural_fusion,neural_bidir_seed3_fusion,0.05,36,13,0,0.04409980356931234
neural_fusion,neural_bidir_seed4_fusion,0.05,36,13,0,0.04744325297924346
summary_ridge_prior,none,0.05,0,13,1,0.04910014970882791
neural_prior,neural_bidir_seed0_prior,0.05,0,13,1,0.0669472195149865
neural_prior,neural_bidir_seed1_prior,0.05,0,13,1,0.0721173170604743
neural_prior,neural_bidir_seed2_prior,0.05,0,13,1,0.05137489479966462
neural_prior,neural_bidir_seed3_prior,0.05,0,13,1,0.047498917338089086
neural_prior,neural_bidir_seed4_prior,0.05,0,13,1,0.05274079818627797
dfe,none,0.05,32,13,1,0.10381952214929055
dfe,none,0.05,92,13,1,0.06013343097717727
summary_ridge_fusion,none,0.05,32,13,1,0.044846107511334304
neural_fusion,neural_bidir_seed0_fusion,0.05,32,13,1,0.05669873337521255
neural_fusion,neural_bidir_seed1_fusion,0.05,32,13,1,0.05979115735294241
neural_fusion,neural_bidir_seed2_fusion,0.05,32,13,1,0.04694928150480909
neural_fusion,neural_bidir_seed3_fusion,0.05,32,13,1,0.04414855951703055
neural_fusion,neural_bidir_seed4_fusion,0.05,32,13,1,0.048122636399547836
summary_ridge_fusion,none,0.05,36,13,1,0.045068930863887045
neural_fusion,neural_bidir_seed0_fusion,0.05,36,13,1,0.05402658606368807
neural_fusion,neural_bidir_seed1_fusion,0.05,36,13,1,0.05590574708923563
neural_fusion,neural_bidir_seed2_fusion,0.05,36,13,1,0.04469631214784209
neural_fusion,neural_bidir_seed3_fusion,0.05,36,13,1,0.042282845041644715
neural_fusion,neural_bidir_seed4_fusion,0.05,36,13,1,0.04569609016151307
summary_ridge_prior,none,0.05,0,13,2,0.0519941190748333
neural_prior,neural_bidir_seed0_prior,0.05,0,13,2,0.06610748697130475
neural_prior,neural_bidir_seed1_prior,0.05,0,13,2,0.07022716636129189
neural_prior,neural_bidir_seed2_prior,0.05,0,13,2,0.052606834477046505
neural_prior,neural_bidir_seed3_prior,0.05,0,13,2,0.04905134270666167
neural_prior,neural_bidir_seed4_prior,0.05,0,13,2,0.05420935250003822
dfe,none,0.05,32,13,2,0.10290061488687038
dfe,none,0.05,92,13,2,0.06135325452696079
summary_ridge_fusion,none,0.05,32,13,2,0.046095012545468154
neural_fusion,neural_bidir_seed0_fusion,0.05,32,13,2,0.05485606480632016
neural_fusion,neural_bidir_seed1_fusion,0.05,32,13,2,0.05695479091131214
neural_fusion,neural_bidir_seed2_fusion,0.05,32,13,2,0.04681906534508301
neural_fusion,neural_bidir_seed3_fusion,0.05,32,13,2,0.04447159913966822
neural_fusion,neural_bidir_seed4_fusion,0.05,32,13,2,0.048047688950093474
summary_ridge_fusion,none,0.05,36,13,2,0.0466015421025695
neural_fusion,neural_bidir_seed0_fusion,0.05,36,13,2,0.05454902273268471
neural_fusion,neural_bidir_seed1_fusion,0.05,36,13,2,0.056605451499538925
neural_fusion,neural_bidir_seed2_fusion,0.05,36,13,2,0.04630372570408488
neural_fusion,neural_bidir_seed3_fusion,0.05,36,13,2,0.043989820378684014
neural_fusion,neural_bidir_seed4_fusion,0.05,36,13,2,0.04749337133301364
summary_ridge_prior,none,0.05,0,13,3,0.04522148639085366
neural_prior,neural_bidir_seed0_prior,0.05,0,13,3,0.06825992222002242
neural_prior,neural_bidir_seed1_prior,0.05,0,13,3,0.07303555331600364
neural_prior,neural_bidir_seed2_prior,0.05,0,13,3,0.05321511349757202
neural_prior,neural_bidir_seed3_prior,0.05,0,13,3,0.048853655374841765
neural_prior,neural_bidir_seed4_prior,0.05,0,13,3,0.05482112844765652
dfe,none,0.05,32,13,3,0.10227596141016371
dfe,none,0.05,92,13,3,0.06147238056031039
summary_ridge_fusion,none,0.05,32,13,3,0.042301439998681675
neural_fusion,neural_bidir_seed0_fusion,0.05,32,13,3,0.05676735648889411
neural_fusion,neural_bidir_seed1_fusion,0.05,32,13,3,0.0589054839228719
neural_fusion,neural_bidir_seed2_fusion,0.05,32,13,3,0.04746296507049695
neural_fusion,neural_bidir_seed3_fusion,0.05,32,13,3,0.044630197783595504
neural_fusion,neural_bidir_seed4_fusion,0.05,32,13,3,0.048980502433574755
summary_ridge_fusion,none,0.05,36,13,3,0.042071213772982854
neural_fusion,neural_bidir_seed0_fusion,0.05,36,13,3,0.05471306632534259
neural_fusion,neural_bidir_seed1_fusion,0.05,36,13,3,0.05648330405374931
neural_fusion,neural_bidir_seed2_fusion,0.05,36,13,3,0.04658290665189399
neural_fusion,neural_bidir_seed3_fusion,0.05,36,13,3,0.04410659653651412
neural_fusion,neural_bidir_seed4_fusion,0.05,36,13,3,0.04792359263063403
summary_ridge_prior,none,0.05,0,13,4,0.04472065901216561
neural_prior,neural_bidir_seed0_prior,0.05,0,13,4,0.06839793064864352
neural_prior,neural_bidir_seed1_prior,0.05,0,13,4,0.07389165961649269
neural_prior,neural_bidir_seed2_prior,0.05,0,13,4,0.0528828941314714
neural_prior,neural_bidir_seed3_prior,0.05,0,13,4,0.04904108944174368
neural_prior,neural_bidir_seed4_prior,0.05,0,13,4,0.054327144564013
dfe,none,0.05,32,13,4,0.10281575035457877
dfe,none,0.05,92,13,4,0.06089020215705153
summary_ridge_fusion,none,0.05,32,13,4,0.0415306533650531
neural_fusion,neural_bidir_seed0_fusion,0.05,32,13,4,0.057300146391518966
neural_fusion,neural_bidir_seed1_fusion,0.05,32,13,4,0.060054990936435425
neural_fusion,neural_bidir_seed2_fusion,0.05,32,13,4,0.04748102905335798
neural_fusion,neural_bidir_seed3_fusion,0.05,32,13,4,0.04491391531145524
neural_fusion,neural_bidir_seed4_fusion,0.05,32,13,4,0.04888264701117243
summary_ridge_fusion,none,0.05,36,13,4,0.04060852076217848
neural_fusion,neural_bidir_seed0_fusion,0.05,36,13,4,0.05510928122562182
neural_fusion,neural_bidir_seed1_fusion,0.05,36,13,4,0.057669096545544585
neural_fusion,neural_bidir_seed2_fusion,0.05,36,13,4,0.0467746778232605
neural_fusion,neural_bidir_seed3_fusion,0.05,36,13,4,0.04463876720933155
neural_fusion,neural_bidir_seed4_fusion,0.05,36,13,4,0.048386011361784255
summary_ridge_prior,none,0.05,0,14,0,0.053729461390270294
neural_prior,neural_bidir_seed0_prior,0.05,0,14,0,0.06669366131245624
neural_prior,neural_bidir_seed1_prior,0.05,0,14,0,0.07179555876064114
neural_prior,neural_bidir_seed2_prior,0.05,0,14,0,0.05106551219068933
neural_prior,neural_bidir_seed3_prior,0.05,0,14,0,0.047222304754541256
neural_prior,neural_bidir_seed4_prior,0.05,0,14,0,0.05264108061965089
dfe,none,0.05,32,14,0,0.10214764767398735
dfe,none,0.05,92,14,0,0.06123161800335058
summary_ridge_fusion,none,0.05,32,14,0,0.04955505962352881
neural_fusion,neural_bidir_seed0_fusion,0.05,32,14,0,0.05484728095621963
neural_fusion,neural_bidir_seed1_fusion,0.05,32,14,0,0.057406685003947536
neural_fusion,neural_bidir_seed2_fusion,0.05,32,14,0,0.04611753113976987
neural_fusion,neural_bidir_seed3_fusion,0.05,32,14,0,0.043943215973993345
neural_fusion,neural_bidir_seed4_fusion,0.05,32,14,0,0.047632593137594006
summary_ridge_fusion,none,0.05,36,14,0,0.04808871626985864
neural_fusion,neural_bidir_seed0_fusion,0.05,36,14,0,0.05368504052933135
neural_fusion,neural_bidir_seed1_fusion,0.05,36,14,0,0.056036375414305
neural_fusion,neural_bidir_seed2_fusion,0.05,36,14,0,0.0443228336162234
neural_fusion,neural_bidir_seed3_fusion,0.05,36,14,0,0.04214128176981821
neural_fusion,neural_bidir_seed4_fusion,0.05,36,14,0,0.045616459563835934
summary_ridge_prior,none,0.05,0,14,1,0.0667735993281539
neural_prior,neural_bidir_seed0_prior,0.05,0,14,1,0.06932454119669273
neural_prior,neural_bidir_seed1_prior,0.05,0,14,1,0.07183538530080114
neural_prior,neural_bidir_seed2_prior,0.05,0,14,1,0.059814887106767856
neural_prior,neural_bidir_seed3_prior,0.05,0,14,1,0.05972958178608678
neural_prior,neural_bidir_seed4_prior,0.05,0,14,1,0.06286813640326727
dfe,none,0.05,32,14,1,0.10261154585359783
dfe,none,0.05,92,14,1,0.06037256046229742
summary_ridge_fusion,none,0.05,32,14,1,0.05443317523995958
neural_fusion,neural_bidir_seed0_fusion,0.05,32,14,1,0.05699044606513755
neural_fusion,neural_bidir_seed1_fusion,0.05,32,14,1,0.058329527758441885
neural_fusion,neural_bidir_seed2_fusion,0.05,32,14,1,0.05113689966990028
neural_fusion,neural_bidir_seed3_fusion,0.05,32,14,1,0.051011296528448144
neural_fusion,neural_bidir_seed4_fusion,0.05,32,14,1,0.05297736087960758
summary_ridge_fusion,none,0.05,36,14,1,0.05379050160173415
neural_fusion,neural_bidir_seed0_fusion,0.05,36,14,1,0.05537534989675311
neural_fusion,neural_bidir_seed1_fusion,0.05,36,14,1,0.05669454845586775
neural_fusion,neural_bidir_seed2_fusion,0.05,36,14,1,0.04980534186919681
neural_fusion,neural_bidir_seed3_fusion,0.05,36,14,1,0.04966707962617541
neural_fusion,neural_bidir_seed4_fusion,0.05,36,14,1,0.05137037428490897
summary_ridge_prior,none,0.05,0,14,2,0.047837551140411355
neural_prior,neural_bidir_seed0_prior,0.05,0,14,2,0.06751301320036873
neural_prior,neural_bidir_seed1_prior,0.05,0,14,2,0.07306771514413413
neural_prior,neural_bidir_seed2_prior,0.05,0,14,2,0.05151473126898054
neural_prior,neural_bidir_seed3_prior,0.05,0,14,2,0.04746588626585435
neural_prior,neural_bidir_seed4_prior,0.05,0,14,2,0.05317611445207149
dfe,none,0.05,32,14,2,0.10223050303157476
dfe,none,0.05,92,14,2,0.05997338402095438
summary_ridge_fusion,none,0.05,32,14,2,0.043038433700631776
neural_fusion,neural_bidir_seed0_fusion,0.05,32,14,2,0.05805208762511981
neural_fusion,neural_bidir_seed1_fusion,0.05,32,14,2,0.061142654784605385
neural_fusion,neural_bidir_seed2_fusion,0.05,32,14,2,0.04629831192114436
neural_fusion,neural_bidir_seed3_fusion,0.05,32,14,2,0.0429590105509252
neural_fusion,neural_bidir_seed4_fusion,0.05,32,14,2,0.047212496805848686
summary_ridge_fusion,none,0.05,36,14,2,0.049100113187952286
neural_fusion,neural_bidir_seed0_fusion,0.05,36,14,2,0.054275683461708774
neural_fusion,neural_bidir_seed1_fusion,0.05,36,14,2,0.056933152684411334
neural_fusion,neural_bidir_seed2_fusion,0.05,36,14,2,0.0478665287621122
neural_fusion,neural_bidir_seed3_fusion,0.05,36,14,2,0.0467209041608045
neural_fusion,neural_bidir_seed4_fusion,0.05,36,14,2,0.05038531966095888
summary_ridge_prior,none,0.05,0,14,3,0.05516343626107428
neural_prior,neural_bidir_seed0_prior,0.05,0,14,3,0.06702572434733156
neural_prior,neural_bidir_seed1_prior,0.05,0,14,3,0.07160530469263904
neural_prior,neural_bidir_seed2_prior,0.05,0,14,3,0.05311012259335257
neural_prior,neural_bidir_seed3_prior,0.05,0,14,3,0.050853629887569696
neural_prior,neural_bidir_seed4_prior,0.05,0,14,3,0.0550468364963308
dfe,none,0.05,32,14,3,0.10237624191042893
dfe,none,0.05,92,14,3,0.06073131727896466
summary_ridge_fusion,none,0.05,32,14,3,0.05083863597704155
neural_fusion,neural_bidir_seed0_fusion,0.05,32,14,3,0.055039235692818406
neural_fusion,neural_bidir_seed1_fusion,0.05,32,14,3,0.05718542092450919
neural_fusion,neural_bidir_seed2_fusion,0.05,32,14,3,0.04848275247534108
neural_fusion,neural_bidir_seed3_fusion,0.05,32,14,3,0.047821966492014784
neural_fusion,neural_bidir_seed4_fusion,0.05,32,14,3,0.05035837363507704
summary_ridge_fusion,none,0.05,36,14,3,0.05051538184404918
neural_fusion,neural_bidir_seed0_fusion,0.05,36,14,3,0.05488809402222472
neural_fusion,neural_bidir_seed1_fusion,0.05,36,14,3,0.0571266684130516
neural_fusion,neural_bidir_seed2_fusion,0.05,36,14,3,0.04757666340216536
neural_fusion,neural_bidir_seed3_fusion,0.05,36,14,3,0.047064245903008346
neural_fusion,neural_bidir_seed4_fusion,0.05,36,14,3,0.049703086511762896
summary_ridge_prior,none,0.05,0,14,4,0.04476806825257822
neural_prior,neural_bidir_seed0_prior,0.05,0,14,4,0.06734275055350736
neural_prior,neural_bidir_seed1_prior,0.05,0,14,4,0.07303308187692892
neural_prior,neural_bidir_seed2_prior,0.05,0,14,4,0.051917890523327515
neural_prior,neural_bidir_seed3_prior,0.05,0,14,4,0.04751904979639221
neural_prior,neural_bidir_seed4_prior,0.05,0,14,4,0.05360631829535123
dfe,none,0.05,32,14,4,0.1054532630545454
dfe,none,0.05,92,14,4,0.05993461765471933
summary_ridge_fusion,none,0.05,32,14,4,0.0539852667299
neural_fusion,neural_bidir_seed0_fusion,0.05,32,14,4,0.05942096584093777
neural_fusion,neural_bidir_seed1_fusion,0.05,32,14,4,0.06092050825357952
neural_fusion,neural_bidir_seed2_fusion,0.05,32,14,4,0.053587270223754736
neural_fusion,neural_bidir_seed3_fusion,0.05,32,14,4,0.05228976495101915
neural_fusion,neural_bidir_seed4_fusion,0.05,32,14,4,0.0543558760471045
summary_ridge_fusion,none,0.05,36,14,4,0.043369438760691145
neural_fusion,neural_bidir_seed0_fusion,0.05,36,14,4,0.052991156329974365
neural_fusion,neural_bidir_seed1_fusion,0.05,36,14,4,0.05574644119167005
neural_fusion,neural_bidir_seed2_fusion,0.05,36,14,4,0.04519368176071226
neural_fusion,neural_bidir_seed3_fusion,0.05,36,14,4,0.04273190143252547
neural_fusion,neural_bidir_seed4_fusion,0.05,36,14,4,0.04640128118163503
summary_ridge_prior,none,0.05,0,15,0,0.042484201095015356
neural_prior,neural_bidir_seed0_prior,0.05,0,15,0,0.07061688118847087
neural_prior,neural_bidir_seed1_prior,0.05,0,15,0,0.07533180472091772
neural_prior,neural_bidir_seed2_prior,0.05,0,15,0,0.05295154622581322
neural_prior,neural_bidir_seed3_prior,0.05,0,15,0,0.04831156694854144
neural_prior,neural_bidir_seed4_prior,0.05,0,15,0,0.05364811520848889
dfe,none,0.05,32,15,0,0.10436390818424776
dfe,none,0.05,92,15,0,0.06098032215929837
summary_ridge_fusion,none,0.05,32,15,0,0.0396669357038894
neural_fusion,neural_bidir_seed0_fusion,0.05,32,15,0,0.05831517385333419
neural_fusion,neural_bidir_seed1_fusion,0.05,32,15,0,0.060165554379673435
neural_fusion,neural_bidir_seed2_fusion,0.05,32,15,0,0.04722210835711012
neural_fusion,neural_bidir_seed3_fusion,0.05,32,15,0,0.044110080917017874
neural_fusion,neural_bidir_seed4_fusion,0.05,32,15,0,0.04761983354012495
summary_ridge_fusion,none,0.05,36,15,0,0.03927398538278232
neural_fusion,neural_bidir_seed0_fusion,0.05,36,15,0,0.05674226053087073
neural_fusion,neural_bidir_seed1_fusion,0.05,36,15,0,0.058473578509618374
neural_fusion,neural_bidir_seed2_fusion,0.05,36,15,0,0.04707108963799054
neural_fusion,neural_bidir_seed3_fusion,0.05,36,15,0,0.04369250745019148
neural_fusion,neural_bidir_seed4_fusion,0.05,36,15,0,0.047452481265446336
summary_ridge_prior,none,0.05,0,15,1,0.0459605427569254
neural_prior,neural_bidir_seed0_prior,0.05,0,15,1,0.06718510708014946
neural_prior,neural_bidir_seed1_prior,0.05,0,15,1,0.07119409821461886
neural_prior,neural_bidir_seed2_prior,0.05,0,15,1,0.05098856324912049
neural_prior,neural_bidir_seed3_prior,0.05,0,15,1,0.04715536182629876
neural_prior,neural_bidir_seed4_prior,0.05,0,15,1,0.051963555699330755
dfe,none,0.05,32,15,1,0.10261260215419397
dfe,none,0.05,92,15,1,0.06011423896548222
summary_ridge_fusion,none,0.05,32,15,1,0.04683347264951428
neural_fusion,neural_bidir_seed0_fusion,0.05,32,15,1,0.06100779267662654
neural_fusion,neural_bidir_seed1_fusion,0.05,32,15,1,0.06322116168432682
neural_fusion,neural_bidir_seed2_fusion,0.05,32,15,1,0.053145001100589534
neural_fusion,neural_bidir_seed3_fusion,0.05,32,15,1,0.05010570746239727
neural_fusion,neural_bidir_seed4_fusion,0.05,32,15,1,0.054307727896957536
summary_ridge_fusion,none,0.05,36,15,1,0.0419870496558315
neural_fusion,neural_bidir_seed0_fusion,0.05,36,15,1,0.055240923449754654
neural_fusion,neural_bidir_seed1_fusion,0.05,36,15,1,0.05719582369806156
neural_fusion,neural_bidir_seed2_fusion,0.05,36,15,1,0.04549213144771444
neural_fusion,neural_bidir_seed3_fusion,0.05,36,15,1,0.04284333350957609
neural_fusion,neural_bidir_seed4_fusion,0.05,36,15,1,0.04631304659528837
summary_ridge_prior,none,0.05,0,15,2,0.050718443170380795
neural_prior,neural_bidir_seed0_prior,0.05,0,15,2,0.06784600803803187
neural_prior,neural_bidir_seed1_prior,0.05,0,15,2,0.07270465792680625
neural_prior,neural_bidir_seed2_prior,0.05,0,15,2,0.05150000093271956
neural_prior,neural_bidir_seed3_prior,0.05,0,15,2,0.047680329022114165
neural_prior,neural_bidir_seed4_prior,0.05,0,15,2,0.05291982060589362
dfe,none,0.05,32,15,2,0.10134867813295305
dfe,none,0.05,92,15,2,0.06067372111223494
summary_ridge_fusion,none,0.05,32,15,2,0.044796160571403475
neural_fusion,neural_bidir_seed0_fusion,0.05,32,15,2,0.056468583716471635
neural_fusion,neural_bidir_seed1_fusion,0.05,32,15,2,0.059156371293873924
neural_fusion,neural_bidir_seed2_fusion,0.05,32,15,2,0.046135191962300745
neural_fusion,neural_bidir_seed3_fusion,0.05,32,15,2,0.043563630202188064
neural_fusion,neural_bidir_seed4_fusion,0.05,32,15,2,0.04725659075957246
summary_ridge_fusion,none,0.05,36,15,2,0.04421200815672309
neural_fusion,neural_bidir_seed0_fusion,0.05,36,15,2,0.05691604712254314
neural_fusion,neural_bidir_seed1_fusion,0.05,36,15,2,0.05987351075311505
neural_fusion,neural_bidir_seed2_fusion,0.05,36,15,2,0.04609409649069977
neural_fusion,neural_bidir_seed3_fusion,0.05,36,15,2,0.04315955243852326
neural_fusion,neural_bidir_seed4_fusion,0.05,36,15,2,0.04700519690735003
summary_ridge_prior,none,0.05,0,15,3,0.045034802140071606
neural_prior,neural_bidir_seed0_prior,0.05,0,15,3,0.06838423825684004
neural_prior,neural_bidir_seed1_prior,0.05,0,15,3,0.07301855496189091
neural_prior,neural_bidir_seed2_prior,0.05,0,15,3,0.05131234884902369
neural_prior,neural_bidir_seed3_prior,0.05,0,15,3,0.04704311986279208
neural_prior,neural_bidir_seed4_prior,0.05,0,15,3,0.052432229364058
dfe,none,0.05,32,15,3,0.10252758925322049
dfe,none,0.05,92,15,3,0.061962643308392414
summary_ridge_fusion,none,0.05,32,15,3,0.04210059921196257
neural_fusion,neural_bidir_seed0_fusion,0.05,32,15,3,0.05557201741299811
neural_fusion,neural_bidir_seed1_fusion,0.05,32,15,3,0.05768283032580916
neural_fusion,neural_bidir_seed2_fusion,0.05,32,15,3,0.04585291560326497
neural_fusion,neural_bidir_seed3_fusion,0.05,32,15,3,0.04305064171288514
neural_fusion,neural_bidir_seed4_fusion,0.05,32,15,3,0.04727506103914619
summary_ridge_fusion,none,0.05,36,15,3,0.04114978512602349
neural_fusion,neural_bidir_seed0_fusion,0.05,36,15,3,0.0557629860119494
neural_fusion,neural_bidir_seed1_fusion,0.05,36,15,3,0.05761664164113407
neural_fusion,neural_bidir_seed2_fusion,0.05,36,15,3,0.04531793327953644
neural_fusion,neural_bidir_seed3_fusion,0.05,36,15,3,0.042406104712101184
neural_fusion,neural_bidir_seed4_fusion,0.05,36,15,3,0.04603856914445782
summary_ridge_prior,none,0.05,0,15,4,0.04679032426674824
neural_prior,neural_bidir_seed0_prior,0.05,0,15,4,0.0659821549343178
neural_prior,neural_bidir_seed1_prior,0.05,0,15,4,0.07031513018591795
neural_prior,neural_bidir_seed2_prior,0.05,0,15,4,0.0509625702543417
neural_prior,neural_bidir_seed3_prior,0.05,0,15,4,0.04759679279231932
neural_prior,neural_bidir_seed4_prior,0.05,0,15,4,0.05250293969584163
dfe,none,0.05,32,15,4,0.10262331554699676
dfe,none,0.05,92,15,4,0.06063999126539352
summary_ridge_fusion,none,0.05,32,15,4,0.042717624472375725
neural_fusion,neural_bidir_seed0_fusion,0.05,32,15,4,0.053924722326640084
neural_fusion,neural_bidir_seed1_fusion,0.05,32,15,4,0.055827497181259525
neural_fusion,neural_bidir_seed2_fusion,0.05,32,15,4,0.04544113042905179
neural_fusion,neural_bidir_seed3_fusion,0.05,32,15,4,0.04351475153212504
neural_fusion,neural_bidir_seed4_fusion,0.05,32,15,4,0.04679124173542466
summary_ridge_fusion,none,0.05,36,15,4,0.04644089467168353
neural_fusion,neural_bidir_seed0_fusion,0.05,36,15,4,0.05492558760871595
neural_fusion,neural_bidir_seed1_fusion,0.05,36,15,4,0.05742853329722735
neural_fusion,neural_bidir_seed2_fusion,0.05,36,15,4,0.047201550895168365
neural_fusion,neural_bidir_seed3_fusion,0.05,36,15,4,0.04500105461067379
neural_fusion,neural_bidir_seed4_fusion,0.05,36,15,4,0.04851574635120662
summary_ridge_prior,none,0.05,0,16,0,0.04649628156294789
neural_prior,neural_bidir_seed0_prior,0.05,0,16,0,0.06771900090097915
neural_prior,neural_bidir_seed1_prior,0.05,0,16,0,0.07283807855856139
neural_prior,neural_bidir_seed2_prior,0.05,0,16,0,0.05277430602291133
neural_prior,neural_bidir_seed3_prior,0.05,0,16,0,0.04899078838934656
neural_prior,neural_bidir_seed4_prior,0.05,0,16,0,0.05448357832210604
dfe,none,0.05,32,16,0,0.10411590734138648
dfe,none,0.05,92,16,0,0.060272717812327216
summary_ridge_fusion,none,0.05,32,16,0,0.043885981650220805
neural_fusion,neural_bidir_seed0_fusion,0.05,32,16,0,0.055944941196550774
neural_fusion,neural_bidir_seed1_fusion,0.05,32,16,0,0.05850808629609181
neural_fusion,neural_bidir_seed2_fusion,0.05,32,16,0,0.047112613587727406
neural_fusion,neural_bidir_seed3_fusion,0.05,32,16,0,0.0446321369221709
neural_fusion,neural_bidir_seed4_fusion,0.05,32,16,0,0.04856770147587321
summary_ridge_fusion,none,0.05,36,16,0,0.041524276554071024
neural_fusion,neural_bidir_seed0_fusion,0.05,36,16,0,0.05643166039833028
neural_fusion,neural_bidir_seed1_fusion,0.05,36,16,0,0.05873674364921041
neural_fusion,neural_bidir_seed2_fusion,0.05,36,16,0,0.047692160432805705
neural_fusion,neural_bidir_seed3_fusion,0.05,36,16,0,0.04509709840536441
neural_fusion,neural_bidir_seed4_fusion,0.05,36,16,0,0.04873237069573866
summary_ridge_prior,none,0.05,0,16,1,0.04953161033432291
neural_prior,neural_bidir_seed0_prior,0.05,0,16,1,0.06616581283742562
neural_prior,neural_bidir_seed1_prior,0.05,0,16,1,0.06923591543454677
neural_prior,neural_bidir_seed2_prior,0.05,0,16,1,0.052030033577466384
neural_prior,neural_bidir_seed3_prior,0.05,0,16,1,0.048438928453833796
neural_prior,neural_bidir_seed4_prior,0.05,0,16,1,0.052779484205530025
dfe,none,0.05,32,16,1,0.10423904675899211
dfe,none,0.05,92,16,1,0.060726126941550176
summary_ridge_fusion,none,0.05,32,16,1,0.04540639470317205
neural_fusion,neural_bidir_seed0_fusion,0.05,32,16,1,0.055062291743914124
neural_fusion,neural_bidir_seed1_fusion,0.05,32,16,1,0.056897117834756636
neural_fusion,neural_bidir_seed2_fusion,0.05,32,16,1,0.0459488623491554
neural_fusion,neural_bidir_seed3_fusion,0.05,32,16,1,0.043632144837015226
neural_fusion,neural_bidir_seed4_fusion,0.05,32,16,1,0.04679380540877397
summary_ridge_fusion,none,0.05,36,16,1,0.04539590368655507
neural_fusion,neural_bidir_seed0_fusion,0.05,36,16,1,0.0552415149783233
neural_fusion,neural_bidir_seed1_fusion,0.05,36,16,1,0.056465533035104945
neural_fusion,neural_bidir_seed2_fusion,0.05,36,16,1,0.04600704517823811
neural_fusion,neural_bidir_seed3_fusion,0.05,36,16,1,0.04358554472429746
neural_fusion,neural_bidir_seed4_fusion,0.05,36,16,1,0.04666859042335199
summary_ridge_prior,none,0.05,0,16,2,0.04934775889017662
neural_prior,neural_bidir_seed0_prior,0.05,0,16,2,0.06621994271699805
neural_prior,neural_bidir_seed1_prior,0.05,0,16,2,0.07075141911627725
neural_prior,neural_bidir_seed2_prior,0.05,0,16,2,0.05137089850904886
neural_prior,neural_bidir_seed3_prior,0.05,0,16,2,0.047215395301464014
neural_prior,neural_bidir_seed4_prior,0.05,0,16,2,0.05319731583585963
dfe,none,0.05,32,16,2,0.10154420733563554
dfe,none,0.05,92,16,2,0.06074302546399575
summary_ridge_fusion,none,0.05,32,16,2,0.052161398441119375
neural_fusion,neural_bidir_seed0_fusion,0.05,32,16,2,0.05850445924189772
neural_fusion,neural_bidir_seed1_fusion,0.05,32,16,2,0.06072694077976249
neural_fusion,neural_bidir_seed2_fusion,0.05,32,16,2,0.05170922895272057
neural_fusion,neural_bidir_seed3_fusion,0.05,32,16,2,0.04931257853539782
neural_fusion,neural_bidir_seed4_fusion,0.05,32,16,2,0.05353082591055111
summary_ridge_fusion,none,0.05,36,16,2,0.04676323438971689
neural_fusion,neural_bidir_seed0_fusion,0.05,36,16,2,0.053480325675498264
neural_fusion,neural_bidir_seed1_fusion,0.05,36,16,2,0.055774273080161446
neural_fusion,neural_bidir_seed2_fusion,0.05,36,16,2,0.0452313884042953
neural_fusion,neural_bidir_seed3_fusion,0.05,36,16,2,0.04264634841877367
neural_fusion,neural_bidir_seed4_fusion,0.05,36,16,2,0.04704740918944081
summary_ridge_prior,none,0.05,0,16,3,0.05009010240469772
neural_prior,neural_bidir_seed0_prior,0.05,0,16,3,0.06673883559415117
neural_prior,neural_bidir_seed1_prior,0.05,0,16,3,0.06984225341875572
neural_prior,neural_bidir_seed2_prior,0.05,0,16,3,0.05365045212965924
neural_prior,neural_bidir_seed3_prior,0.05,0,16,3,0.05109798681223765
neural_prior,neural_bidir_seed4_prior,0.05,0,16,3,0.05479665467282757
dfe,none,0.05,32,16,3,0.10268334945842549
dfe,none,0.05,92,16,3,0.060648128512151886
summary_ridge_fusion,none,0.05,32,16,3,0.05073794906907944
neural_fusion,neural_bidir_seed0_fusion,0.05,32,16,3,0.05865403103104107
neural_fusion,neural_bidir_seed1_fusion,0.05,32,16,3,0.060867630250611336
neural_fusion,neural_bidir_seed2_fusion,0.05,32,16,3,0.050510492859401866
neural_fusion,neural_bidir_seed3_fusion,0.05,32,16,3,0.04846387646878538
neural_fusion,neural_bidir_seed4_fusion,0.05,32,16,3,0.051934953589322944
summary_ridge_fusion,none,0.05,36,16,3,0.04687861282930266
neural_fusion,neural_bidir_seed0_fusion,0.05,36,16,3,0.053683992700432975
neural_fusion,neural_bidir_seed1_fusion,0.05,36,16,3,0.055701223932846794
neural_fusion,neural_bidir_seed2_fusion,0.05,36,16,3,0.04672649064217507
neural_fusion,neural_bidir_seed3_fusion,0.05,36,16,3,0.04515509620475867
neural_fusion,neural_bidir_seed4_fusion,0.05,36,16,3,0.048058792086629096
summary_ridge_prior,none,0.05,0,16,4,0.04900793203233529
neural_prior,neural_bidir_seed0_prior,0.05,0,16,4,0.06595355940226
neural_prior,neural_bidir_seed1_prior,0.05,0,16,4,0.06945352563343477
neural_prior,neural_bidir_seed2_prior,0.05,0,16,4,0.050934783183038235
neural_prior,neural_bidir_seed3_prior,0.05,0,16,4,0.0471813900367124
neural_prior,neural_bidir_seed4_prior,0.05,0,16,4,0.05193507732474245
dfe,none,0.05,32,16,4,0.10213776963314329
dfe,none,0.05,92,16,4,0.06012932655020153
summary_ridge_fusion,none,0.05,32,16,4,0.04445626058235097
neural_fusion,neural_bidir_seed0_fusion,0.05,32,16,4,0.0578516266454898
neural_fusion,neural_bidir_seed1_fusion,0.05,32,16,4,0.059448171306590594
neural_fusion,neural_bidir_seed2_fusion,0.05,32,16,4,0.046734426900212234
neural_fusion,neural_bidir_seed3_fusion,0.05,32,16,4,0.044082984034161735
neural_fusion,neural_bidir_seed4_fusion,0.05,32,16,4,0.04736023502086406
summary_ridge_fusion,none,0.05,36,16,4,0.045215831620962446
neural_fusion,neural_bidir_seed0_fusion,0.05,36,16,4,0.05783194154365913
neural_fusion,neural_bidir_seed1_fusion,0.05,36,16,4,0.058588503094488695
neural_fusion,neural_bidir_seed2_fusion,0.05,36,16,4,0.04869193304462896
neural_fusion,neural_bidir_seed3_fusion,0.05,36,16,4,0.04690656982247675
neural_fusion,neural_bidir_seed4_fusion,0.05,36,16,4,0.04874108638042392
summary_ridge_prior,none,0.05,0,17,0,0.04727522359891839
neural_prior,neural_bidir_seed0_prior,0.05,0,17,0,0.07129902388260234
neural_prior,neural_bidir_seed1_prior,0.05,0,17,0,0.07594468789466191
neural_prior,neural_bidir_seed2_prior,0.05,0,17,0,0.05506827797216829
neural_prior,neural_bidir_seed3_prior,0.05,0,17,0,0.050853809458203614
neural_prior,neural_bidir_seed4_prior,0.05,0,17,0,0.056162321372539736
dfe,none,0.05,32,17,0,0.10309567535398975
dfe,none,0.05,92,17,0,0.06132224155250915
summary_ridge_fusion,none,0.05,32,17,0,0.04448373269081998
neural_fusion,neural_bidir_seed0_fusion,0.05,32,17,0,0.058758486645083464
neural_fusion,neural_bidir_seed1_fusion,0.05,32,17,0,0.061224449433922246
neural_fusion,neural_bidir_seed2_fusion,0.05,32,17,0,0.04980540143632116
neural_fusion,neural_bidir_seed3_fusion,0.05,32,17,0,0.04685946310608775
neural_fusion,neural_bidir_seed4_fusion,0.05,32,17,0,0.05050534437337903
summary_ridge_fusion,none,0.05,36,17,0,0.04265360005930016
neural_fusion,neural_bidir_seed0_fusion,0.05,36,17,0,0.05965521760902085
neural_fusion,neural_bidir_seed1_fusion,0.05,36,17,0,0.062311422430297435
neural_fusion,neural_bidir_seed2_fusion,0.05,36,17,0,0.050451353133984606
neural_fusion,neural_bidir_seed3_fusion,0.05,36,17,0,0.04752483808749858
neural_fusion,neural_bidir_seed4_fusion,0.05,36,17,0,0.05044737449477004
summary_ridge_prior,none,0.05,0,17,1,0.047365728797578506
neural_prior,neural_bidir_seed0_prior,0.05,0,17,1,0.06910531697212718
neural_prior,neural_bidir_seed1_prior,0.05,0,17,1,0.074417964060558
neural_prior,neural_bidir_seed2_prior,0.05,0,17,1,0.0527721555554308
neural_prior,neural_bidir_seed3_prior,0.05,0,17,1,0.048792359288199805
neural_prior,neural_bidir_seed4_prior,0.05,0,17,1,0.05440453879418783
dfe,none,0.05,32,17,1,0.10261019708111299
dfe,none,0.05,92,17,1,0.06043392249437693
summary_ridge_fusion,none,0.05,32,17,1,0.045384345551508234
neural_fusion,neural_bidir_seed0_fusion,0.05,32,17,1,0.056926776405977694
neural_fusion,neural_bidir_seed1_fusion,0.05,32,17,1,0.05950873137473377
neural_fusion,neural_bidir_seed2_fusion,0.05,32,17,1,0.04717097970773839
neural_fusion,neural_bidir_seed3_fusion,0.05,32,17,1,0.04402619273735038
neural_fusion,neural_bidir_seed4_fusion,0.05,32,17,1,0.04802634474598906
summary_ridge_fusion,none,0.05,36,17,1,0.043583333075452355
neural_fusion,neural_bidir_seed0_fusion,0.05,36,17,1,0.0586682757689098
neural_fusion,neural_bidir_seed1_fusion,0.05,36,17,1,0.06141992364424588
neural_fusion,neural_bidir_seed2_fusion,0.05,36,17,1,0.04880097051104541
neural_fusion,neural_bidir_seed3_fusion,0.05,36,17,1,0.04584500450199855
neural_fusion,neural_bidir_seed4_fusion,0.05,36,17,1,0.0497589045825263
summary_ridge_prior,none,0.05,0,17,2,0.04765154216332497
neural_prior,neural_bidir_seed0_prior,0.05,0,17,2,0.06589971615176182
neural_prior,neural_bidir_seed1_prior,0.05,0,17,2,0.07044925534864888
neural_prior,neural_bidir_seed2_prior,0.05,0,17,2,0.050826769962441176
neural_prior,neural_bidir_seed3_prior,0.05,0,17,2,0.047080577787710354
neural_prior,neural_bidir_seed4_prior,0.05,0,17,2,0.051906745982705615
dfe,none,0.05,32,17,2,0.10223243364783807
dfe,none,0.05,92,17,2,0.060569284618721596
summary_ridge_fusion,none,0.05,32,17,2,0.04325172832805689
neural_fusion,neural_bidir_seed0_fusion,0.05,32,17,2,0.05469665000555095
neural_fusion,neural_bidir_seed1_fusion,0.05,32,17,2,0.05722503749000773
neural_fusion,neural_bidir_seed2_fusion,0.05,32,17,2,0.045461347405543584
neural_fusion,neural_bidir_seed3_fusion,0.05,32,17,2,0.04287085521819819
neural_fusion,neural_bidir_seed4_fusion,0.05,32,17,2,0.046585934577757865
summary_ridge_fusion,none,0.05,36,17,2,0.043758233789555595
neural_fusion,neural_bidir_seed0_fusion,0.05,36,17,2,0.0534624547422539
neural_fusion,neural_bidir_seed1_fusion,0.05,36,17,2,0.0554434888929036
neural_fusion,neural_bidir_seed2_fusion,0.05,36,17,2,0.044807110348950345
neural_fusion,neural_bidir_seed3_fusion,0.05,36,17,2,0.04258265426316428
neural_fusion,neural_bidir_seed4_fusion,0.05,36,17,2,0.04603457480507266
summary_ridge_prior,none,0.05,0,17,3,0.048494392704163905
neural_prior,neural_bidir_seed0_prior,0.05,0,17,3,0.06856420268013608
neural_prior,neural_bidir_seed1_prior,0.05,0,17,3,0.07402124334475957
neural_prior,neural_bidir_seed2_prior,0.05,0,17,3,0.05285071175603662
neural_prior,neural_bidir_seed3_prior,0.05,0,17,3,0.048534513989579864
neural_prior,neural_bidir_seed4_prior,0.05,0,17,3,0.053994715242879465
dfe,none,0.05,32,17,3,0.10333376319657404
dfe,none,0.05,92,17,3,0.060363809488062255
summary_ridge_fusion,none,0.05,32,17,3,0.045776132782332314
neural_fusion,neural_bidir_seed0_fusion,0.05,32,17,3,0.05666086863571744
neural_fusion,neural_bidir_seed1_fusion,0.05,32,17,3,0.0593328217281464
neural_fusion,neural_bidir_seed2_fusion,0.05,32,17,3,0.04775849755404858
neural_fusion,neural_bidir_seed3_fusion,0.05,32,17,3,0.04477479161080114
neural_fusion,neural_bidir_seed4_fusion,0.05,32,17,3,0.0485313626202056
summary_ridge_fusion,none,0.05,36,17,3,0.04348660665883618
neural_fusion,neural_bidir_seed0_fusion,0.05,36,17,3,0.0549618251325195
neural_fusion,neural_bidir_seed1_fusion,0.05,36,17,3,0.05735542756572809
neural_fusion,neural_bidir_seed2_fusion,0.05,36,17,3,0.04641512909948103
neural_fusion,neural_bidir_seed3_fusion,0.05,36,17,3,0.04375170239340087
neural_fusion,neural_bidir_seed4_fusion,0.05,36,17,3,0.04727724176812052
summary_ridge_prior,none,0.05,0,17,4,0.045941505694267346
neural_prior,neural_bidir_seed0_prior,0.05,0,17,4,0.06852666058694012
neural_prior,neural_bidir_seed1_prior,0.05,0,17,4,0.07369025790831074
neural_prior,neural_bidir_seed2_prior,0.05,0,17,4,0.052371006458997726
neural_prior,neural_bidir_seed3_prior,0.05,0,17,4,0.048615729640005156
neural_prior,neural_bidir_seed4_prior,0.05,0,17,4,0.05346877747797407
dfe,none,0.05,32,17,4,0.10473173531904144
dfe,none,0.05,92,17,4,0.06062602075771651
summary_ridge_fusion,none,0.05,32,17,4,0.04278953644585341
neural_fusion,neural_bidir_seed0_fusion,0.05,32,17,4,0.05780209084959437
neural_fusion,neural_bidir_seed1_fusion,0.05,32,17,4,0.06049213114170713
neural_fusion,neural_bidir_seed2_fusion,0.05,32,17,4,0.04721518723801482
neural_fusion,neural_bidir_seed3_fusion,0.05,32,17,4,0.044410730642995985
neural_fusion,neural_bidir_seed4_fusion,0.05,32,17,4,0.047832823688153225
summary_ridge_fusion,none,0.05,36,17,4,0.043230813733787225
neural_fusion,neural_bidir_seed0_fusion,0.05,36,17,4,0.05879052432136021
neural_fusion,neural_bidir_seed1_fusion,0.05,36,17,4,0.06139536826879586
neural_fusion,neural_bidir_seed2_fusion,0.05,36,17,4,0.04919610744771749
neural_fusion,neural_bidir_seed3_fusion,0.05,36,17,4,0.046287540715834366
neural_fusion,neural_bidir_seed4_fusion,0.05,36,17,4,0.049531413689469124
summary_ridge_prior,none,0.05,0,18,0,0.050453537322279876
neural_prior,neural_bidir_seed0_prior,0.05,0,18,0,0.0675024752272293
neural_prior,neural_bidir_seed1_prior,0.05,0,18,0,0.07240662300318945
neural_prior,neural_bidir_seed2_prior,0.05,0,18,0,0.052089683260419406
neural_prior,neural_bidir_seed3_prior,0.05,0,18,0,0.04900754598202184
neural_prior,neural_bidir_seed4_prior,0.05,0,18,0,0.05413180441246368
dfe,none,0.05,32,18,0,0.10290280323210432
dfe,none,0.05,92,18,0,0.06144907510668465
summary_ridge_fusion,none,0.05,32,18,0,0.045508292159016445
neural_fusion,neural_bidir_seed0_fusion,0.05,32,18,0,0.05550587899024759
neural_fusion,neural_bidir_seed1_fusion,0.05,32,18,0,0.05798166455759461
neural_fusion,neural_bidir_seed2_fusion,0.05,32,18,0,0.04643753786893319
neural_fusion,neural_bidir_seed3_fusion,0.05,32,18,0,0.044551321836227134
neural_fusion,neural_bidir_seed4_fusion,0.05,32,18,0,0.04808945162679819
summary_ridge_fusion,none,0.05,36,18,0,0.05031935548345566
neural_fusion,neural_bidir_seed0_fusion,0.05,36,18,0,0.05936347936339818
neural_fusion,neural_bidir_seed1_fusion,0.05,36,18,0,0.06139412137636378
neural_fusion,neural_bidir_seed2_fusion,0.05,36,18,0,0.04984346272797223
neural_fusion,neural_bidir_seed3_fusion,0.05,36,18,0,0.047670823875617586
neural_fusion,neural_bidir_seed4_fusion,0.05,36,18,0,0.050865236009672146
summary_ridge_prior,none,0.05,0,18,1,0.04824267928773847
neural_prior,neural_bidir_seed0_prior,0.05,0,18,1,0.0684528973797569
neural_prior,neural_bidir_seed1_prior,0.05,0,18,1,0.0734701255132677
neural_prior,neural_bidir_seed2_prior,0.05,0,18,1,0.0517991742817685
neural_prior,neural_bidir_seed3_prior,0.05,0,18,1,0.0473530020826729
neural_prior,neural_bidir_seed4_prior,0.05,0,18,1,0.05301966948900372
dfe,none,0.05,32,18,1,0.10253530043201413
dfe,none,0.05,92,18,1,0.061080409572726105
summary_ridge_fusion,none,0.05,32,18,1,0.04416200023170166
neural_fusion,neural_bidir_seed0_fusion,0.05,32,18,1,0.055677622619794156
neural_fusion,neural_bidir_seed1_fusion,0.05,32,18,1,0.05768360839218649
neural_fusion,neural_bidir_seed2_fusion,0.05,32,18,1,0.04673179507147273
neural_fusion,neural_bidir_seed3_fusion,0.05,32,18,1,0.043438895786597834
neural_fusion,neural_bidir_seed4_fusion,0.05,32,18,1,0.048538499751086706
summary_ridge_fusion,none,0.05,36,18,1,0.04287385339946353
neural_fusion,neural_bidir_seed0_fusion,0.05,36,18,1,0.05590815092136031
neural_fusion,neural_bidir_seed1_fusion,0.05,36,18,1,0.058572510156156526
neural_fusion,neural_bidir_seed2_fusion,0.05,36,18,1,0.0460092976455803
neural_fusion,neural_bidir_seed3_fusion,0.05,36,18,1,0.04274337451202521
neural_fusion,neural_bidir_seed4_fusion,0.05,36,18,1,0.04695971360431941
summary_ridge_prior,none,0.05,0,18,2,0.04964618948675783
neural_prior,neural_bidir_seed0_prior,0.05,0,18,2,0.06682456025737338
neural_prior,neural_bidir_seed1_prior,0.05,0,18,2,0.071777375851525
neural_prior,neural_bidir_seed2_prior,0.05,0,18,2,0.0506353814562317
neural_prior,neural_bidir_seed3_prior,0.05,0,18,2,0.04677166847977787
neural_prior,neural_bidir_seed4_prior,0.05,0,18,2,0.05182173284993041
dfe,none,0.05,32,18,2,0.10424594878985763
dfe,none,0.05,92,18,2,0.06165032428796745
summary_ridge_fusion,none,0.05,32,18,2,0.044929928614284645
neural_fusion,neural_bidir_seed0_fusion,0.05,32,18,2,0.05581546631858475
neural_fusion,neural_bidir_seed1_fusion,0.05,32,18,2,0.05830946194799687
neural_fusion,neural_bidir_seed2_fusion,0.05,32,18,2,0.04541833350858105
neural_fusion,neural_bidir_seed3_fusion,0.05,32,18,2,0.04293085353767848
neural_fusion,neural_bidir_seed4_fusion,0.05,32,18,2,0.046841356969024125
summary_ridge_fusion,none,0.05,36,18,2,0.04789668496730432
neural_fusion,neural_bidir_seed0_fusion,0.05,36,18,2,0.053813484038405884
neural_fusion,neural_bidir_seed1_fusion,0.05,36,18,2,0.056032523035382156
neural_fusion,neural_bidir_seed2_fusion,0.05,36,18,2,0.044746140598894424
neural_fusion,neural_bidir_seed3_fusion,0.05,36,18,2,0.0422520195963452
neural_fusion,neural_bidir_seed4_fusion,0.05,36,18,2,0.045583247311851906
summary_ridge_prior,none,0.05,0,18,3,0.048417306648637186
neural_prior,neural_bidir_seed0_prior,0.05,0,18,3,0.06867642923316453
neural_prior,neural_bidir_seed1_prior,0.05,0,18,3,0.07413711190747563
neural_prior,neural_bidir_seed2_prior,0.05,0,18,3,0.05235698327305727
neural_prior,neural_bidir_seed3_prior,0.05,0,18,3,0.048425231827422976
neural_prior,neural_bidir_seed4_prior,0.05,0,18,3,0.053846557668293826
dfe,none,0.05,32,18,3,0.10286979430229896
dfe,none,0.05,92,18,3,0.06102448983651056
summary_ridge_fusion,none,0.05,32,18,3,0.04424739976397782
neural_fusion,neural_bidir_seed0_fusion,0.05,32,18,3,0.05663908834026437
neural_fusion,neural_bidir_seed1_fusion,0.05,32,18,3,0.05900895703893845
neural_fusion,neural_bidir_seed2_fusion,0.05,32,18,3,0.0462616414383135
neural_fusion,neural_bidir_seed3_fusion,0.05,32,18,3,0.043588811209032914
neural_fusion,neural_bidir_seed4_fusion,0.05,32,18,3,0.04716049280697181
summary_ridge_fusion,none,0.05,36,18,3,0.043155207285649255
neural_fusion,neural_bidir_seed0_fusion,0.05,36,18,3,0.055455478997564076
neural_fusion,neural_bidir_seed1_fusion,0.05,36,18,3,0.05756295657482259
neural_fusion,neural_bidir_seed2_fusion,0.05,36,18,3,0.04545710050593457
neural_fusion,neural_bidir_seed3_fusion,0.05,36,18,3,0.04285283738781839
neural_fusion,neural_bidir_seed4_fusion,0.05,36,18,3,0.04644708429486571
summary_ridge_prior,none,0.05,0,18,4,0.047118616542380004
neural_prior,neural_bidir_seed0_prior,0.05,0,18,4,0.06765555164020043
neural_prior,neural_bidir_seed1_prior,0.05,0,18,4,0.07265400170581415
neural_prior,neural_bidir_seed2_prior,0.05,0,18,4,0.05157924341619946
neural_prior,neural_bidir_seed3_prior,0.05,0,18,4,0.04756494011962786
neural_prior,neural_bidir_seed4_prior,0.05,0,18,4,0.052670112694613636
dfe,none,0.05,32,18,4,0.1037594631216971
dfe,none,0.05,92,18,4,0.06040532774335884
summary_ridge_fusion,none,0.05,32,18,4,0.04273428606878976
neural_fusion,neural_bidir_seed0_fusion,0.05,32,18,4,0.055789721753993354
neural_fusion,neural_bidir_seed1_fusion,0.05,32,18,4,0.05832446418283002
neural_fusion,neural_bidir_seed2_fusion,0.05,32,18,4,0.046213435561771314
neural_fusion,neural_bidir_seed3_fusion,0.05,32,18,4,0.04344518835450803
neural_fusion,neural_bidir_seed4_fusion,0.05,32,18,4,0.047277321038380095
summary_ridge_fusion,none,0.05,36,18,4,0.043603522607209746
neural_fusion,neural_bidir_seed0_fusion,0.05,36,18,4,0.054970871840215096
neural_fusion,neural_bidir_seed1_fusion,0.05,36,18,4,0.05725867348472108
neural_fusion,neural_bidir_seed2_fusion,0.05,36,18,4,0.046407081797029584
neural_fusion,neural_bidir_seed3_fusion,0.05,36,18,4,0.04409954289782898
neural_fusion,neural_bidir_seed4_fusion,0.05,36,18,4,0.047151474728993836
summary_ridge_prior,none,0.05,0,19,0,0.04526970083996694
neural_prior,neural_bidir_seed0_prior,0.05,0,19,0,0.06734971640980802
neural_prior,neural_bidir_seed1_prior,0.05,0,19,0,0.07162896748923231
neural_prior,neural_bidir_seed2_prior,0.05,0,19,0,0.05225242693268228
neural_prior,neural_bidir_seed3_prior,0.05,0,19,0,0.048394935205578804
neural_prior,neural_bidir_seed4_prior,0.05,0,19,0,0.05393838403688278
dfe,none,0.05,32,19,0,0.09968288025552421
dfe,none,0.05,92,19,0,0.05991785035468221
summary_ridge_fusion,none,0.05,32,19,0,0.04226115856908359
neural_fusion,neural_bidir_seed0_fusion,0.05,32,19,0,0.05418248981819484
neural_fusion,neural_bidir_seed1_fusion,0.05,32,19,0,0.05600113336513058
neural_fusion,neural_bidir_seed2_fusion,0.05,32,19,0,0.04584376411343993
neural_fusion,neural_bidir_seed3_fusion,0.05,32,19,0,0.04367829551869054
neural_fusion,neural_bidir_seed4_fusion,0.05,32,19,0,0.047359294736374846
summary_ridge_fusion,none,0.05,36,19,0,0.04184138220846838
neural_fusion,neural_bidir_seed0_fusion,0.05,36,19,0,0.05503747106376295
neural_fusion,neural_bidir_seed1_fusion,0.05,36,19,0,0.05673747633810286
neural_fusion,neural_bidir_seed2_fusion,0.05,36,19,0,0.0462840052949125
neural_fusion,neural_bidir_seed3_fusion,0.05,36,19,0,0.04419352472740405
neural_fusion,neural_bidir_seed4_fusion,0.05,36,19,0,0.04756260164270216
summary_ridge_prior,none,0.05,0,19,1,0.04554333753792465
neural_prior,neural_bidir_seed0_prior,0.05,0,19,1,0.06552864475816023
neural_prior,neural_bidir_seed1_prior,0.05,0,19,1,0.0694083744456293
neural_prior,neural_bidir_seed2_prior,0.05,0,19,1,0.0509757928957697
neural_prior,neural_bidir_seed3_prior,0.05,0,19,1,0.04724351780896541
neural_prior,neural_bidir_seed4_prior,0.05,0,19,1,0.05244042786944192
dfe,none,0.05,32,19,1,0.1009625681644221
dfe,none,0.05,92,19,1,0.060190468200340144
summary_ridge_fusion,none,0.05,32,19,1,0.04501222022692025
neural_fusion,neural_bidir_seed0_fusion,0.05,32,19,1,0.0581827217032134
neural_fusion,neural_bidir_seed1_fusion,0.05,32,19,1,0.060040394722873494
neural_fusion,neural_bidir_seed2_fusion,0.05,32,19,1,0.05014039623541219
neural_fusion,neural_bidir_seed3_fusion,0.05,32,19,1,0.0468294401359215
neural_fusion,neural_bidir_seed4_fusion,0.05,32,19,1,0.051889917098116335
summary_ridge_fusion,none,0.05,36,19,1,0.04824206899194012
neural_fusion,neural_bidir_seed0_fusion,0.05,36,19,1,0.057063156531334355
neural_fusion,neural_bidir_seed1_fusion,0.05,36,19,1,0.05872681490996978
neural_fusion,neural_bidir_seed2_fusion,0.05,36,19,1,0.04991415127794606
neural_fusion,neural_bidir_seed3_fusion,0.05,36,19,1,0.04760419452643236
neural_fusion,neural_bidir_seed4_fusion,0.05,36,19,1,0.051576238128326526
summary_ridge_prior,none,0.05,0,19,2,0.04836490257742214
neural_prior,neural_bidir_seed0_prior,0.05,0,19,2,0.06801062118029222
neural_prior,neural_bidir_seed1_prior,0.05,0,19,2,0.07283708981412929
neural_prior,neural_bidir_seed2_prior,0.05,0,19,2,0.05206437791639473
neural_prior,neural_bidir_seed3_prior,0.05,0,19,2,0.04833377966133412
neural_prior,neural_bidir_seed4_prior,0.05,0,19,2,0.05322800177964382
dfe,none,0.05,32,19,2,0.10117717199862436
dfe,none,0.05,92,19,2,0.06071858245756598
summary_ridge_fusion,none,0.05,32,19,2,0.04441915204005385
neural_fusion,neural_bidir_seed0_fusion,0.05,32,19,2,0.055287028691800535
neural_fusion,neural_bidir_seed1_fusion,0.05,32,19,2,0.05757893106479128
neural_fusion,neural_bidir_seed2_fusion,0.05,32,19,2,0.04655014048659103
neural_fusion,neural_bidir_seed3_fusion,0.05,32,19,2,0.04396266421661114
neural_fusion,neural_bidir_seed4_fusion,0.05,32,19,2,0.04735498160625482
summary_ridge_fusion,none,0.05,36,19,2,0.04591413028608243
neural_fusion,neural_bidir_seed0_fusion,0.05,36,19,2,0.057906939833330416
neural_fusion,neural_bidir_seed1_fusion,0.05,36,19,2,0.05942355824713679
neural_fusion,neural_bidir_seed2_fusion,0.05,36,19,2,0.04887330203041822
neural_fusion,neural_bidir_seed3_fusion,0.05,36,19,2,0.04665346713609454
neural_fusion,neural_bidir_seed4_fusion,0.05,36,19,2,0.04983406339104519
summary_ridge_prior,none,0.05,0,19,3,0.04853559953524145
neural_prior,neural_bidir_seed0_prior,0.05,0,19,3,0.06616324475908186
neural_prior,neural_bidir_seed1_prior,0.05,0,19,3,0.07039696323045064
neural_prior,neural_bidir_seed2_prior,0.05,0,19,3,0.05142264693859033
neural_prior,neural_bidir_seed3_prior,0.05,0,19,3,0.04747282643802464
neural_prior,neural_bidir_seed4_prior,0.05,0,19,3,0.05280790188407991
dfe,none,0.05,32,19,3,0.10300822815557384
dfe,none,0.05,92,19,3,0.06161272515827028
summary_ridge_fusion,none,0.05,32,19,3,0.04781543388233668
neural_fusion,neural_bidir_seed0_fusion,0.05,32,19,3,0.05529254486149307
neural_fusion,neural_bidir_seed1_fusion,0.05,32,19,3,0.05716969291966659
neural_fusion,neural_bidir_seed2_fusion,0.05,32,19,3,0.04716217407225569
neural_fusion,neural_bidir_seed3_fusion,0.05,32,19,3,0.04475231112373615
neural_fusion,neural_bidir_seed4_fusion,0.05,32,19,3,0.04767411671092033
summary_ridge_fusion,none,0.05,36,19,3,0.043232036670886764
neural_fusion,neural_bidir_seed0_fusion,0.05,36,19,3,0.05317209013275606
neural_fusion,neural_bidir_seed1_fusion,0.05,36,19,3,0.05525772142123154
neural_fusion,neural_bidir_seed2_fusion,0.05,36,19,3,0.04566405563965357
neural_fusion,neural_bidir_seed3_fusion,0.05,36,19,3,0.043335892109531926
neural_fusion,neural_bidir_seed4_fusion,0.05,36,19,3,0.04748843362264048
summary_ridge_prior,none,0.05,0,19,4,0.041186006120886146
neural_prior,neural_bidir_seed0_prior,0.05,0,19,4,0.06600053174770437
neural_prior,neural_bidir_seed1_prior,0.05,0,19,4,0.07019313094497193
neural_prior,neural_bidir_seed2_prior,0.05,0,19,4,0.05123603329411708
neural_prior,neural_bidir_seed3_prior,0.05,0,19,4,0.047600345613318495
neural_prior,neural_bidir_seed4_prior,0.05,0,19,4,0.052056238826480694
dfe,none,0.05,32,19,4,0.10153219728325519
dfe,none,0.05,92,19,4,0.06113829947600189
summary_ridge_fusion,none,0.05,32,19,4,0.03846511714272885
neural_fusion,neural_bidir_seed0_fusion,0.05,32,19,4,0.057448606603772434
neural_fusion,neural_bidir_seed1_fusion,0.05,32,19,4,0.0596668804798654
neural_fusion,neural_bidir_seed2_fusion,0.05,32,19,4,0.04924461633172972
neural_fusion,neural_bidir_seed3_fusion,0.05,32,19,4,0.046390471663074
neural_fusion,neural_bidir_seed4_fusion,0.05,32,19,4,0.0484184066142357
summary_ridge_fusion,none,0.05,36,19,4,0.0406880957315457
neural_fusion,neural_bidir_seed0_fusion,0.05,36,19,4,0.05411035132373172
neural_fusion,neural_bidir_seed1_fusion,0.05,36,19,4,0.056091883409955294
neural_fusion,neural_bidir_seed2_fusion,0.05,36,19,4,0.04562348868818031
neural_fusion,neural_bidir_seed3_fusion,0.05,36,19,4,0.04334955772099637
neural_fusion,neural_bidir_seed4_fusion,0.05,36,19,4,0.04700150872665326
