method,prior,checkpoint,calibration,repeat,n_calib,n_test,per_query_shots,offline_quantum_shots,fusion_weight,mean_oracle_dfe_sigma,mae_F_e,rmse_F_e,bias_F_e,pearson
stratified_dfe,none,none,none,0,0,4032,4,0,1.0,0.3207695375009817,0.2723357099078832,0.3179678795625798,-0.0004249825733639891,0.5295795526170309
stratified_dfe,none,none,none,0,0,4032,8,0,1.0,0.2268183151650167,0.18497322970587346,0.2267099188929601,-0.00048698654161795737,0.6631161886259259
stratified_dfe,none,none,none,0,0,4032,16,0,1.0,0.16038476875049085,0.12814032339623996,0.1605537337737059,-0.0007040004305068463,0.7710476176492504
stratified_dfe,none,none,none,0,0,4032,32,0,1.0,0.11340915758250834,0.0888871550781741,0.11140670322002842,0.0008926017520328363,0.8734990073820218
stratified_dfe,none,none,none,0,0,4032,48,0,1.0,0.09259818941201176,0.0762730107110526,0.0960288599117368,0.0003914030086465893,0.9002419947944309
stratified_dfe,none,none,none,0,0,4032,64,0,1.0,0.08019238437524542,0.0633343900165831,0.07979765702475702,-0.000649746958284624,0.9269461926548374
stratified_dfe,none,none,none,0,0,4032,96,0,1.0,0.06547680765882988,0.05306568715065994,0.06666735710950705,-0.00013046372415763958,0.9475965086982666
stratified_dfe,none,none,none,0,0,4032,128,0,1.0,0.05670457879125417,0.044916562031998876,0.05655580379423502,3.229669250902676e-05,0.9618479319619243
marginal_only_prior,exact_marginal_affine,none,exact_labels,0,64,4032,0,0,0.0,,0.11013336908409539,0.13503190492487138,0.008519630542162662,0.7378089223588842
measurement_conditioned_hybrid,exact_marginal_affine,none,exact_labels,0,64,4032,4,256,0.11732416523740012,,0.10081992614192799,0.12423907038267638,0.007470211275012009,0.7854735542292682
measurement_conditioned_hybrid,exact_marginal_affine,none,exact_labels,0,64,4032,8,512,0.2501115959079305,,0.09282817287205324,0.11501135659656243,0.006266971169606635,0.8173761285203996
measurement_conditioned_hybrid,exact_marginal_affine,none,exact_labels,0,64,4032,16,1024,0.3797883368829745,,0.08428610511111416,0.10418313446598661,0.005016603075030244,0.8534944040667092
measurement_conditioned_hybrid,exact_marginal_affine,none,exact_labels,0,64,4032,32,2048,0.49201603513539477,,0.07100880033415993,0.08812859653530379,0.004767010076979453,0.8989901640984737
measurement_conditioned_hybrid,exact_marginal_affine,none,exact_labels,0,64,4032,48,3072,0.6837135795749225,,0.0622905057792045,0.07825661090945568,0.0029622509996229513,0.9187779806582136
measurement_conditioned_hybrid,exact_marginal_affine,none,exact_labels,0,64,4032,64,4096,0.7330740856422762,,0.05557235419057228,0.06961800869043343,0.0017977975151134092,0.9364467274618851
measurement_conditioned_hybrid,exact_marginal_affine,none,exact_labels,0,64,4032,96,6144,0.7828704863820732,,0.04841919149592338,0.06028929673792966,0.0017477270366377034,0.9528595207980398
measurement_conditioned_hybrid,exact_marginal_affine,none,exact_labels,0,64,4032,128,8192,0.8162524503793372,,0.04209267677895905,0.052712113304542715,0.0015918234901953895,0.964234971228968
marginal_only_prior,summary_ridge,none,exact_labels,0,64,4032,0,0,0.0,,0.09769151327861954,0.11983189065095251,-0.002485776957797858,0.8002379944025372
measurement_conditioned_hybrid,summary_ridge,none,exact_labels,0,64,4032,4,256,0.10222673813267633,,0.09103335305827552,0.1120247139447314,-0.0022751086699150584,0.8286085972152211
measurement_conditioned_hybrid,summary_ridge,none,exact_labels,0,64,4032,8,512,0.21348026679236218,,0.08457672361135694,0.10475090544325756,-0.002059074646489773,0.8511405525459644
measurement_conditioned_hybrid,summary_ridge,none,exact_labels,0,64,4032,16,1024,0.3313045308569747,,0.0781690724149582,0.09670883602979838,-0.0018954663213317144,0.8749707886812974
measurement_conditioned_hybrid,summary_ridge,none,exact_labels,0,64,4032,32,2048,0.438551500123804,,0.06745631620677309,0.08360737306453435,-0.0010041839066153165,0.9089215262251326
measurement_conditioned_hybrid,summary_ridge,none,exact_labels,0,64,4032,48,3072,0.6316606743292302,,0.05992634675125821,0.07514098998482241,-0.000668375520027005,0.9253116889792987
measurement_conditioned_hybrid,summary_ridge,none,exact_labels,0,64,4032,64,4096,0.6828343786987129,,0.05396775721187714,0.06732272149196115,-0.001232072553808039,0.9407794664220037
measurement_conditioned_hybrid,summary_ridge,none,exact_labels,0,64,4032,96,6144,0.7431045528615761,,0.04717535315960509,0.058521637333979706,-0.0007355329704646895,0.955663850518313
measurement_conditioned_hybrid,summary_ridge,none,exact_labels,0,64,4032,128,8192,0.7885666150201676,,0.041156329358622415,0.05139236360971525,-0.0005001081430038813,0.9659622953607533
marginal_only_prior,bidir_affine,bidir_seed0,exact_labels,0,64,4032,0,0,0.0,,0.08901567348549776,0.1166481543547977,0.01846162564269483,0.8161332729456378
measurement_conditioned_hybrid,bidir_affine,bidir_seed0,exact_labels,0,64,4032,4,256,0.0804644774627179,,0.08408171441532433,0.10985171819846766,0.016941924581546582,0.8395988942174785
measurement_conditioned_hybrid,bidir_affine,bidir_seed0,exact_labels,0,64,4032,8,512,0.16314155766901942,,0.08010767060314056,0.10405725617088057,0.015370319535279888,0.8568899418260315
measurement_conditioned_hybrid,bidir_affine,bidir_seed0,exact_labels,0,64,4032,16,1024,0.28023951094695804,,0.07471305971574992,0.09575788416805264,0.013090659964948553,0.8804012990557465
measurement_conditioned_hybrid,bidir_affine,bidir_seed0,exact_labels,0,64,4032,32,2048,0.3925636219807083,,0.06500138196906949,0.0834733446509317,0.011564665989510989,0.9112710400031864
measurement_conditioned_hybrid,bidir_affine,bidir_seed0,exact_labels,0,64,4032,48,3072,0.5933862263229337,,0.05885727358139349,0.07412589292993682,0.00773900442506168,0.9283418958111781
measurement_conditioned_hybrid,bidir_affine,bidir_seed0,exact_labels,0,64,4032,64,4096,0.6173234774068859,,0.0531448358746062,0.06696722570933164,0.006663726650639511,0.9426427372287359
measurement_conditioned_hybrid,bidir_affine,bidir_seed0,exact_labels,0,64,4032,96,6144,0.6791091234024632,,0.04734179102923987,0.059450488524486256,0.005835568130551393,0.9551545825347881
measurement_conditioned_hybrid,bidir_affine,bidir_seed0,exact_labels,0,64,4032,128,8192,0.7335049738457743,,0.04161959305104285,0.05244449125881431,0.00494362119309362,0.9651964913093866
marginal_only_prior,bidir_affine,bidir_seed1,exact_labels,0,64,4032,0,0,0.0,,0.09152094860546377,0.1196573242376137,0.020654055763288597,0.8063439617604998
measurement_conditioned_hybrid,bidir_affine,bidir_seed1,exact_labels,0,64,4032,4,256,0.08301072662455233,,0.08615634452471863,0.11244592654792436,0.018904269474416268,0.8319990915866965
measurement_conditioned_hybrid,bidir_affine,bidir_seed1,exact_labels,0,64,4032,8,512,0.1691404081302479,,0.08189579675567787,0.10627619740941703,0.017078251239537864,0.8508002782725603
measurement_conditioned_hybrid,bidir_affine,bidir_seed1,exact_labels,0,64,4032,16,1024,0.2851861163069886,,0.07613869739123705,0.0975745044396751,0.014563034665513622,0.8760739769008
measurement_conditioned_hybrid,bidir_affine,bidir_seed1,exact_labels,0,64,4032,32,2048,0.3988624542848433,,0.06593641552768395,0.08468956306892805,0.012771953716122036,0.9090740333794585
measurement_conditioned_hybrid,bidir_affine,bidir_seed1,exact_labels,0,64,4032,48,3072,0.6041142967095107,,0.05942326044763732,0.07484558340012588,0.008413097544949013,0.9270084198784815
measurement_conditioned_hybrid,bidir_affine,bidir_seed1,exact_labels,0,64,4032,64,4096,0.6247540528999124,,0.053611745080755675,0.06753700405868081,0.007344418670805542,0.9418060106059974
measurement_conditioned_hybrid,bidir_affine,bidir_seed1,exact_labels,0,64,4032,96,6144,0.6877340649775789,,0.047674363452978104,0.05985511402998105,0.006359833687581494,0.954619281100143
measurement_conditioned_hybrid,bidir_affine,bidir_seed1,exact_labels,0,64,4032,128,8192,0.7400654525633941,,0.041833359917828127,0.052741764127201766,0.005392604303918837,0.964876659463689
marginal_only_prior,bidir_affine,bidir_seed2,exact_labels,0,64,4032,0,0,0.0,,0.08860800414968968,0.11635029177196006,0.018629886885497025,0.8170118334643706
measurement_conditioned_hybrid,bidir_affine,bidir_seed2,exact_labels,0,64,4032,4,256,0.07899696050818164,,0.08378197936781422,0.1096472014111449,0.017124610115366833,0.8400900928579875
measurement_conditioned_hybrid,bidir_affine,bidir_seed2,exact_labels,0,64,4032,8,512,0.15999814466038426,,0.07992474344178165,0.10391989328686306,0.015571222605451249,0.8572319982062524
measurement_conditioned_hybrid,bidir_affine,bidir_seed2,exact_labels,0,64,4032,16,1024,0.2783584811399581,,0.0745314219904291,0.09563492168040179,0.013248135377683086,0.8806118660636405
measurement_conditioned_hybrid,bidir_affine,bidir_seed2,exact_labels,0,64,4032,32,2048,0.3891676291544403,,0.06490021486295011,0.08344968999379325,0.01172710968247044,0.9112611231880419
measurement_conditioned_hybrid,bidir_affine,bidir_seed2,exact_labels,0,64,4032,48,3072,0.5904725272677336,,0.05877262885561826,0.07403081373019718,0.007860563217201336,0.9285537802422137
measurement_conditioned_hybrid,bidir_affine,bidir_seed2,exact_labels,0,64,4032,64,4096,0.613609651607681,,0.05312909362524694,0.06693217499177855,0.006799717479490511,0.9427216999931095
measurement_conditioned_hybrid,bidir_affine,bidir_seed2,exact_labels,0,64,4032,96,6144,0.6788163971561658,,0.04730165472836298,0.059395789713113566,0.0058950532752647675,0.9551965667920613
measurement_conditioned_hybrid,bidir_affine,bidir_seed2,exact_labels,0,64,4032,128,8192,0.7315039415754594,,0.0416206872870236,0.052459469431071805,0.005025676355521195,0.9651691122947536
marginal_only_prior,bidir_affine,bidir_seed3,exact_labels,0,64,4032,0,0,0.0,,0.08936944771914437,0.11684975007036921,0.017903013193700117,0.8153198809872293
measurement_conditioned_hybrid,bidir_affine,bidir_seed3,exact_labels,0,64,4032,4,256,0.08136310305341478,,0.08441252940985186,0.10997273282288068,0.016411790585341934,0.8391698791462383
measurement_conditioned_hybrid,bidir_affine,bidir_seed3,exact_labels,0,64,4032,8,512,0.16713934849593218,,0.08035264469387567,0.10404185607244452,0.014829320619098708,0.85681339764161
measurement_conditioned_hybrid,bidir_affine,bidir_seed3,exact_labels,0,64,4032,16,1024,0.28917716725003684,,0.07483212393832936,0.09568974117079883,0.012522289702869104,0.8803061658739052
measurement_conditioned_hybrid,bidir_affine,bidir_seed3,exact_labels,0,64,4032,32,2048,0.39930681692964065,,0.06502898194551983,0.08332610221388534,0.011110639946264416,0.911458759013966
measurement_conditioned_hybrid,bidir_affine,bidir_seed3,exact_labels,0,64,4032,48,3072,0.6002480493050343,,0.058908378476265434,0.07414875019285797,0.007391703339931567,0.9281915273265885
measurement_conditioned_hybrid,bidir_affine,bidir_seed3,exact_labels,0,64,4032,64,4096,0.6262632645375418,,0.053165286416634594,0.06690270867121277,0.006284101054736133,0.9425944673372431
measurement_conditioned_hybrid,bidir_affine,bidir_seed3,exact_labels,0,64,4032,96,6144,0.6888675464873589,,0.04728334835294246,0.0592748804243241,0.005480336194659024,0.9552791548319782
measurement_conditioned_hybrid,bidir_affine,bidir_seed3,exact_labels,0,64,4032,128,8192,0.7407958123782978,,0.0415102022251724,0.0522538353041589,0.004664461245418011,0.9653701178544467
marginal_only_prior,bidir_affine,bidir_seed4,exact_labels,0,64,4032,0,0,0.0,,0.08865658698570027,0.11616123805236911,0.018454154655091044,0.8179940679468163
measurement_conditioned_hybrid,bidir_affine,bidir_seed4,exact_labels,0,64,4032,4,256,0.08198760953624142,,0.08369285109240564,0.1093566905343346,0.01690629932362336,0.8412564925799009
measurement_conditioned_hybrid,bidir_affine,bidir_seed4,exact_labels,0,64,4032,8,512,0.16160554318225603,,0.0798181309868821,0.10371058310485848,0.015393161243505064,0.8580524630764336
measurement_conditioned_hybrid,bidir_affine,bidir_seed4,exact_labels,0,64,4032,16,1024,0.2793814510761025,,0.07457415767036783,0.09554659633369837,0.013101721487335665,0.8809821491918992
measurement_conditioned_hybrid,bidir_affine,bidir_seed4,exact_labels,0,64,4032,32,2048,0.39114963107564754,,0.0647937252207024,0.08324564883052527,0.01158495971594438,0.9118394491355041
measurement_conditioned_hybrid,bidir_affine,bidir_seed4,exact_labels,0,64,4032,48,3072,0.5925010574101317,,0.05872345150230379,0.07397939358205641,0.007751955204836109,0.9286450093893642
measurement_conditioned_hybrid,bidir_affine,bidir_seed4,exact_labels,0,64,4032,64,4096,0.6168876917190667,,0.053048493197572204,0.06681752005775596,0.006669192885987575,0.942910621649507
measurement_conditioned_hybrid,bidir_affine,bidir_seed4,exact_labels,0,64,4032,96,6144,0.6792424060072804,,0.04728935329997358,0.059365238866653604,0.005830693752443045,0.9552692957767978
measurement_conditioned_hybrid,bidir_affine,bidir_seed4,exact_labels,0,64,4032,128,8192,0.7338685156559974,,0.04154296114483863,0.05234842136854116,0.004934933096465362,0.9653128565730211
marginal_only_prior,exact_marginal_affine,none,finite_64shot_labels,0,64,4032,0,4096,0.0,,0.1065944692875971,0.13432621290302904,0.013003154372280482,0.7378152315308399
measurement_conditioned_hybrid,exact_marginal_affine,none,finite_64shot_labels,0,64,4032,4,4352,0.09672379447906997,,0.09880839919550477,0.124552178060697,0.011704334014113157,0.779998357489765
measurement_conditioned_hybrid,exact_marginal_affine,none,finite_64shot_labels,0,64,4032,8,4608,0.30955251166014175,,0.09146150666704336,0.11509047309775014,0.00882724736973398,0.8157587511138211
measurement_conditioned_hybrid,exact_marginal_affine,none,finite_64shot_labels,0,64,4032,16,5120,0.44630662917794667,,0.08303574443395709,0.10373137455556068,0.006885560316628141,0.8527627344020587
measurement_conditioned_hybrid,exact_marginal_affine,none,finite_64shot_labels,0,64,4032,32,6144,0.5213356435867701,,0.06971303304745854,0.08717265665077917,0.006689491627812229,0.8988087930377131
measurement_conditioned_hybrid,exact_marginal_affine,none,finite_64shot_labels,0,64,4032,48,7168,0.729319894694225,,0.0625059163743014,0.07887883508666059,0.0038051531958452683,0.9183321766146142
measurement_conditioned_hybrid,exact_marginal_affine,none,finite_64shot_labels,0,64,4032,64,8192,0.7852753115828125,,0.05543447088809587,0.06980393159190369,0.0022818680259115705,0.9362265104984959
measurement_conditioned_hybrid,exact_marginal_affine,none,finite_64shot_labels,0,64,4032,96,10240,0.7866604745844461,,0.04821847520336487,0.06021836568253818,0.0026714561275256025,0.9527682483898914
measurement_conditioned_hybrid,exact_marginal_affine,none,finite_64shot_labels,0,64,4032,128,12288,0.8358845621418229,,0.041850756966575926,0.052535194225178425,0.002161014680020817,0.9642406579000427
marginal_only_prior,summary_ridge,none,finite_64shot_labels,0,64,4032,0,4096,0.0,,0.10026855691112288,0.12362326027126917,-0.003925267540482559,0.7825455915998848
measurement_conditioned_hybrid,summary_ridge,none,finite_64shot_labels,0,64,4032,4,4352,0.08405266915346536,,0.09429825379663855,0.11602475766863748,-0.0036310592461984894,0.8108962183275171
measurement_conditioned_hybrid,summary_ridge,none,finite_64shot_labels,0,64,4032,8,4608,0.2676669259999677,,0.08633790014427496,0.10743321183825796,-0.0030049534347924,0.8412621945163785
measurement_conditioned_hybrid,summary_ridge,none,finite_64shot_labels,0,64,4032,16,5120,0.3923947941568126,,0.07915813342430275,0.09834499123895506,-0.002661259095939555,0.8684762635913164
measurement_conditioned_hybrid,summary_ridge,none,finite_64shot_labels,0,64,4032,32,6144,0.45925813695480355,,0.06837082741460987,0.08482674898908278,-0.001712621865110186,0.9036987993319098
measurement_conditioned_hybrid,summary_ridge,none,finite_64shot_labels,0,64,4032,48,7168,0.6599341205029959,,0.06053794154732179,0.07603843955725725,-0.0010765493581418224,0.9238419396595245
measurement_conditioned_hybrid,summary_ridge,none,finite_64shot_labels,0,64,4032,64,8192,0.7153650358374005,,0.05433860577231315,0.06798810718844835,-0.0015820746418123872,0.9393669541703057
measurement_conditioned_hybrid,summary_ridge,none,finite_64shot_labels,0,64,4032,96,10240,0.7118160447742993,,0.0478254276357134,0.059448800595301006,-0.001224065297251741,0.9540217325847017
measurement_conditioned_hybrid,summary_ridge,none,finite_64shot_labels,0,64,4032,128,12288,0.7710831044363272,,0.04175451681034154,0.05217559196989574,-0.0008736566257012356,0.964735234601682
marginal_only_prior,bidir_affine,bidir_seed0,finite_64shot_labels,0,64,4032,0,4096,0.0,,0.08469781877023094,0.11707997144790179,0.024153624977913853,0.8161332729456378
measurement_conditioned_hybrid,bidir_affine,bidir_seed0,finite_64shot_labels,0,64,4032,4,4352,0.05763063106851848,,0.08138102079788377,0.11150829838633321,0.022737144313948236,0.8344504325372061
measurement_conditioned_hybrid,bidir_affine,bidir_seed0,finite_64shot_labels,0,64,4032,8,4608,0.2220464448823383,,0.079605127585972,0.1037027344915914,0.01868226479027503,0.8576267031009838
measurement_conditioned_hybrid,bidir_affine,bidir_seed0,finite_64shot_labels,0,64,4032,16,5120,0.35102071397675594,,0.07427879105532943,0.0950244943577726,0.015428083559283264,0.8809834519647611
measurement_conditioned_hybrid,bidir_affine,bidir_seed0,finite_64shot_labels,0,64,4032,32,6144,0.41839094826652456,,0.06400821143193053,0.08289475750099427,0.014421423412787843,0.9111601358765851
measurement_conditioned_hybrid,bidir_affine,bidir_seed0,finite_64shot_labels,0,64,4032,48,7168,0.6460962552675517,,0.05927466868568907,0.07463392715936977,0.008800942346733929,0.9279034040637406
measurement_conditioned_hybrid,bidir_affine,bidir_seed0,finite_64shot_labels,0,64,4032,64,8192,0.6615811883006385,,0.05271044757918629,0.06644870325299232,0.007744180698500956,0.9428524241011508
measurement_conditioned_hybrid,bidir_affine,bidir_seed0,finite_64shot_labels,0,64,4032,96,10240,0.6645337610176046,,0.047381523242359155,0.05997954719834413,0.008016028179841164,0.954053368417947
measurement_conditioned_hybrid,bidir_affine,bidir_seed0,finite_64shot_labels,0,64,4032,128,12288,0.7382650621316911,,0.04151913032896125,0.05253034800153514,0.006345691052590539,0.9647722668209359
marginal_only_prior,bidir_affine,bidir_seed1,finite_64shot_labels,0,64,4032,0,4096,0.0,,0.08705319477516729,0.12023315957765253,0.02663290766956633,0.8063439617605002
measurement_conditioned_hybrid,bidir_affine,bidir_seed1,finite_64shot_labels,0,64,4032,4,4352,0.060185278023027,,0.08340483332523017,0.11427510890013023,0.02500442102257902,0.8265049106849369
measurement_conditioned_hybrid,bidir_affine,bidir_seed1,finite_64shot_labels,0,64,4032,8,4608,0.2276986510030046,,0.081326419886747,0.10595361280379867,0.020457744342335483,0.8516108049575015
measurement_conditioned_hybrid,bidir_affine,bidir_seed1,finite_64shot_labels,0,64,4032,16,5120,0.35573322860535894,,0.07554706965175831,0.09673119835821015,0.01690826109103931,0.8768942130057668
measurement_conditioned_hybrid,bidir_affine,bidir_seed1,finite_64shot_labels,0,64,4032,32,6144,0.4243515969487402,,0.06489701512659354,0.08411552660410954,0.01570996774751191,0.9088945286407645
measurement_conditioned_hybrid,bidir_affine,bidir_seed1,finite_64shot_labels,0,64,4032,48,7168,0.6567562511918674,,0.05984960200705699,0.07535720554222654,0.009398635442826767,0.926570989792644
measurement_conditioned_hybrid,bidir_affine,bidir_seed1,finite_64shot_labels,0,64,4032,64,8192,0.6674003911593617,,0.05315129555350492,0.06699209247712663,0.008424453299072834,0.9420181846167969
measurement_conditioned_hybrid,bidir_affine,bidir_seed1,finite_64shot_labels,0,64,4032,96,10240,0.6730386574156061,,0.04775081291038529,0.06043310508210323,0.00862012411881911,0.9534903173938233
measurement_conditioned_hybrid,bidir_affine,bidir_seed1,finite_64shot_labels,0,64,4032,128,12288,0.7444861838525922,,0.04175814327330654,0.052849202202371444,0.006829120315109564,0.9644310264338579
marginal_only_prior,bidir_affine,bidir_seed2,finite_64shot_labels,0,64,4032,0,4096,0.0,,0.08449434845252736,0.1169036168180178,0.024325102300307454,0.8170118334643706
measurement_conditioned_hybrid,bidir_affine,bidir_seed2,finite_64shot_labels,0,64,4032,4,4352,0.05628790131205058,,0.08124856234121591,0.11143521552320453,0.022931971965473384,0.8348813490568859
measurement_conditioned_hybrid,bidir_affine,bidir_seed2,finite_64shot_labels,0,64,4032,8,4608,0.2196356881621578,,0.07948573726695089,0.10356656740773008,0.018875482092770554,0.8582065481566454
measurement_conditioned_hybrid,bidir_affine,bidir_seed2,finite_64shot_labels,0,64,4032,16,5120,0.34999314914500523,,0.07421364667007779,0.09495409806495533,0.015565087815275906,0.8812777607571511
measurement_conditioned_hybrid,bidir_affine,bidir_seed2,finite_64shot_labels,0,64,4032,32,6144,0.4162644793343295,,0.0639509890463869,0.08287034936766967,0.014570984660078497,0.9112621757245363
measurement_conditioned_hybrid,bidir_affine,bidir_seed2,finite_64shot_labels,0,64,4032,48,7168,0.6452373081496896,,0.05921234074465557,0.0745647961501502,0.008882186595292066,0.9280949745055798
measurement_conditioned_hybrid,bidir_affine,bidir_seed2,finite_64shot_labels,0,64,4032,64,8192,0.6595661238542825,,0.052705250449972166,0.06639326395604672,0.007852537780972875,0.942976201533939
measurement_conditioned_hybrid,bidir_affine,bidir_seed2,finite_64shot_labels,0,64,4032,96,10240,0.6662258682189243,,0.047340900842309505,0.059890773281015754,0.00803217159287297,0.954169529691684
measurement_conditioned_hybrid,bidir_affine,bidir_seed2,finite_64shot_labels,0,64,4032,128,12288,0.7383921769938272,,0.04150540448761214,0.0525096224481749,0.006387484682277316,0.9647971201257066
marginal_only_prior,bidir_affine,bidir_seed3,finite_64shot_labels,0,64,4032,0,4096,0.0,,0.08499366689077355,0.11714018368791757,0.02351799359138167,0.8153198809872296
measurement_conditioned_hybrid,bidir_affine,bidir_seed3,finite_64shot_labels,0,64,4032,4,4352,0.05882681107757729,,0.08160421570977851,0.111466308982005,0.022109504655903257,0.8341208212161194
measurement_conditioned_hybrid,bidir_affine,bidir_seed3,finite_64shot_labels,0,64,4032,8,4608,0.227135748505947,,0.07978895656479708,0.10370321017385542,0.01806560446100243,0.8572393895371611
measurement_conditioned_hybrid,bidir_affine,bidir_seed3,finite_64shot_labels,0,64,4032,16,5120,0.36035505432918746,,0.07452254234930702,0.09512136423630155,0.014789475619662778,0.8804516051632697
measurement_conditioned_hybrid,bidir_affine,bidir_seed3,finite_64shot_labels,0,64,4032,32,6144,0.42687901708586634,,0.06402677290852325,0.08266931972962015,0.013859688561817888,0.9114661867638681
measurement_conditioned_hybrid,bidir_affine,bidir_seed3,finite_64shot_labels,0,64,4032,48,7168,0.654350172298661,,0.05936358560503603,0.07474641778446538,0.008385105058888374,0.9276310168871288
measurement_conditioned_hybrid,bidir_affine,bidir_seed3,finite_64shot_labels,0,64,4032,64,8192,0.6738634056660199,,0.05276842104595635,0.06644834417287707,0.007232237637330774,0.9427585809129493
measurement_conditioned_hybrid,bidir_affine,bidir_seed3,finite_64shot_labels,0,64,4032,96,10240,0.6788802765418464,,0.04723709557192436,0.05961609284866749,0.007463522349220297,0.9544822887491382
measurement_conditioned_hybrid,bidir_affine,bidir_seed3,finite_64shot_labels,0,64,4032,128,12288,0.7499978627322234,,0.04132498644967019,0.05221905313594936,0.005903771112450384,0.965112744681554
marginal_only_prior,bidir_affine,bidir_seed4,finite_64shot_labels,0,64,4032,0,4096,0.0,,0.08433147595790935,0.11655171017964223,0.024137365828645146,0.8179940679468163
measurement_conditioned_hybrid,bidir_affine,bidir_seed4,finite_64shot_labels,0,64,4032,4,4352,0.059604247893307594,,0.08096670244083266,0.11088938616545227,0.022673345525649986,0.8364889531107519
measurement_conditioned_hybrid,bidir_affine,bidir_seed4,finite_64shot_labels,0,64,4032,8,4608,0.22089302965389315,,0.07930707494611243,0.10331843514164113,0.018698018030312718,0.8587768916599152
measurement_conditioned_hybrid,bidir_affine,bidir_seed4,finite_64shot_labels,0,64,4032,16,5120,0.3506484184619855,,0.07412941555659183,0.09484525126220468,0.015426780037438546,0.8814771410245235
measurement_conditioned_hybrid,bidir_affine,bidir_seed4,finite_64shot_labels,0,64,4032,32,6144,0.4176337583473045,,0.06380301791465026,0.08262788898903291,0.01442956764543317,0.9117858218987556
measurement_conditioned_hybrid,bidir_affine,bidir_seed4,finite_64shot_labels,0,64,4032,48,7168,0.6462775511692506,,0.05917045797640789,0.07451153711625051,0.008790883127180401,0.928157948998941
measurement_conditioned_hybrid,bidir_affine,bidir_seed4,finite_64shot_labels,0,64,4032,64,8192,0.6624850171173373,,0.05263061474938094,0.06630044962327164,0.007716274989706612,0.9431135102394994
measurement_conditioned_hybrid,bidir_affine,bidir_seed4,finite_64shot_labels,0,64,4032,96,10240,0.6657152834160672,,0.04731827878180501,0.059848730995217765,0.007981900800008226,0.9542450870190509
measurement_conditioned_hybrid,bidir_affine,bidir_seed4,finite_64shot_labels,0,64,4032,128,12288,0.7398369579994214,,0.04142666872869868,0.05239949539981237,0.00630354480660046,0.9649400905910615
stratified_dfe,none,none,none,1,0,4032,4,0,1.0,0.3207695375009817,0.2787801984379748,0.3239209858502921,0.0024271999663185505,0.523801930071461
stratified_dfe,none,none,none,1,0,4032,8,0,1.0,0.2268183151650167,0.18419905446122387,0.22527193018428568,-0.0020370857479671636,0.6665397577071155
stratified_dfe,none,none,none,1,0,4032,16,0,1.0,0.16038476875049085,0.13180922765085207,0.16367947888569723,0.0010941146488582332,0.7700534434048645
stratified_dfe,none,none,none,1,0,4032,32,0,1.0,0.11340915758250834,0.09170587819498328,0.11493110793490262,-0.0024246105495544655,0.8661343175111844
stratified_dfe,none,none,none,1,0,4032,48,0,1.0,0.09259818941201176,0.07297160220332444,0.0916149472687055,-0.0003526446104010307,0.9077149549197774
stratified_dfe,none,none,none,1,0,4032,64,0,1.0,0.08019238437524542,0.06423328503123707,0.08072222232191774,0.0006910888552074394,0.9249932261420831
stratified_dfe,none,none,none,1,0,4032,96,0,1.0,0.06547680765882988,0.05277249955500737,0.06691233354218681,-0.0001821336977026141,0.9464075441738972
stratified_dfe,none,none,none,1,0,4032,128,0,1.0,0.05670457879125417,0.04599644877718732,0.058043464827653435,0.0006755878631439474,0.959632285015511
marginal_only_prior,exact_marginal_affine,none,exact_labels,1,64,4032,0,0,0.0,,0.11013336908409539,0.13503190492487138,0.008519630542162662,0.7378089223588842
measurement_conditioned_hybrid,exact_marginal_affine,none,exact_labels,1,64,4032,4,256,0.06695054726774835,,0.10400653997112312,0.12758676759475424,0.008111738980919155,0.7731876536634451
measurement_conditioned_hybrid,exact_marginal_affine,none,exact_labels,1,64,4032,8,512,0.20823022539638036,,0.0938762803006596,0.11632389633161612,0.00632140312962329,0.8146498881261802
measurement_conditioned_hybrid,exact_marginal_affine,none,exact_labels,1,64,4032,16,1024,0.356717392937648,,0.08432360230497701,0.10491307621768464,0.005870819871486062,0.8516045739260448
measurement_conditioned_hybrid,exact_marginal_affine,none,exact_labels,1,64,4032,32,2048,0.6368865032856235,,0.07044238109351245,0.08786203929817962,0.0015493911021441063,0.8963417628125983
measurement_conditioned_hybrid,exact_marginal_affine,none,exact_labels,1,64,4032,48,3072,0.6284230124941719,,0.06133399560137953,0.0762401259872174,0.0029440886631113944,0.9244590338628691
measurement_conditioned_hybrid,exact_marginal_affine,none,exact_labels,1,64,4032,64,4096,0.7056129219634654,,0.05645106941302125,0.07040667693508372,0.002995710367717391,0.9354929025553731
measurement_conditioned_hybrid,exact_marginal_affine,none,exact_labels,1,64,4032,96,6144,0.7933179230919758,,0.04841374292357822,0.060359878393741385,0.001616365008156716,0.9527794349569559
measurement_conditioned_hybrid,exact_marginal_affine,none,exact_labels,1,64,4032,128,8192,0.8380432525681797,,0.04248819206950845,0.053549927905438395,0.0019459835021542018,0.962876110661766
marginal_only_prior,summary_ridge,none,exact_labels,1,64,4032,0,0,0.0,,0.09769151327861954,0.11983189065095251,-0.002485776957797858,0.8002379944025372
measurement_conditioned_hybrid,summary_ridge,none,exact_labels,1,64,4032,4,256,0.03954077802397496,,0.09414002358863044,0.1155984381214259,-0.0022915140278044564,0.8170829823270436
measurement_conditioned_hybrid,summary_ridge,none,exact_labels,1,64,4032,8,512,0.18142287930416365,,0.08622714951316804,0.1062087729569628,-0.002404374106591912,0.8472156524484514
measurement_conditioned_hybrid,summary_ridge,none,exact_labels,1,64,4032,16,1024,0.29324316218216534,,0.07893100595274835,0.09768582834790275,-0.0014359982227926595,0.8727855627359808
measurement_conditioned_hybrid,summary_ridge,none,exact_labels,1,64,4032,32,2048,0.5817613649438146,,0.06702768158648896,0.0834874886300937,-0.002450192704649471,0.906906352822688
measurement_conditioned_hybrid,summary_ridge,none,exact_labels,1,64,4032,48,3072,0.5813853080084905,,0.05883775488602517,0.07307472851988704,-0.0012456051509836807,0.9306008847176558
measurement_conditioned_hybrid,summary_ridge,none,exact_labels,1,64,4032,64,4096,0.671527477669634,,0.054263440080229666,0.06777192802934395,-0.00035242427149551785,0.9401138706390337
measurement_conditioned_hybrid,summary_ridge,none,exact_labels,1,64,4032,96,6144,0.7650863747126477,,0.047347107398685744,0.05888994954807671,-0.0007232908873003632,0.9549961568005022
measurement_conditioned_hybrid,summary_ridge,none,exact_labels,1,64,4032,128,8192,0.8153392678117545,,0.04171579577752522,0.05237722876881274,9.180792059467133e-05,0.9644372133950746
marginal_only_prior,bidir_affine,bidir_seed0,exact_labels,1,64,4032,0,0,0.0,,0.08901567348549776,0.1166481543547977,0.01846162564269483,0.8161332729456378
measurement_conditioned_hybrid,bidir_affine,bidir_seed0,exact_labels,1,64,4032,4,256,0.0656411376062802,,0.08508121899324397,0.11093156917541361,0.01740910770043414,0.8362323860448548
measurement_conditioned_hybrid,bidir_affine,bidir_seed0,exact_labels,1,64,4032,8,512,0.12935843017243767,,0.08088207938884968,0.10545402230558201,0.015809944516640945,0.853452719899501
measurement_conditioned_hybrid,bidir_affine,bidir_seed0,exact_labels,1,64,4032,16,1024,0.2559470267565545,,0.07459920828258679,0.09663645381562008,0.014016462841660606,0.8784474213010948
measurement_conditioned_hybrid,bidir_affine,bidir_seed0,exact_labels,1,64,4032,32,2048,0.5183376542025301,,0.06530500638259398,0.08173747554017573,0.007635502969684345,0.911835747236509
measurement_conditioned_hybrid,bidir_affine,bidir_seed0,exact_labels,1,64,4032,48,3072,0.5354793622776874,,0.057836190532102996,0.07296111980748901,0.008386972205846993,0.9320767226356768
measurement_conditioned_hybrid,bidir_affine,bidir_seed0,exact_labels,1,64,4032,64,4096,0.6281598610207745,,0.05374194078377444,0.06777536406647325,0.007298887724002193,0.9410703115867599
measurement_conditioned_hybrid,bidir_affine,bidir_seed0,exact_labels,1,64,4032,96,6144,0.7012893559512581,,0.04710173963704833,0.05903771239435941,0.005386955662357256,0.9556845146749278
measurement_conditioned_hybrid,bidir_affine,bidir_seed0,exact_labels,1,64,4032,128,8192,0.7701222100614683,,0.04177088383425898,0.05250452004217977,0.004764202919670334,0.9647408424023084
marginal_only_prior,bidir_affine,bidir_seed1,exact_labels,1,64,4032,0,0,0.0,,0.09152094860546377,0.1196573242376137,0.020654055763288597,0.8063439617604998
measurement_conditioned_hybrid,bidir_affine,bidir_seed1,exact_labels,1,64,4032,4,256,0.06947491721355231,,0.08717125083010824,0.1134877767613989,0.019387746465730767,0.8286656384874098
measurement_conditioned_hybrid,bidir_affine,bidir_seed1,exact_labels,1,64,4032,8,512,0.13406128190038172,,0.08274629652753931,0.1077080222829852,0.01761205224450669,0.8473253965659218
measurement_conditioned_hybrid,bidir_affine,bidir_seed1,exact_labels,1,64,4032,16,1024,0.26371371810138244,,0.0760007258169064,0.09835899247024955,0.015495830966158067,0.874341464472725
measurement_conditioned_hybrid,bidir_affine,bidir_seed1,exact_labels,1,64,4032,32,2048,0.5264971639446836,,0.06607249176852693,0.08272294068067773,0.008503203401951015,0.9097730213027773
measurement_conditioned_hybrid,bidir_affine,bidir_seed1,exact_labels,1,64,4032,48,3072,0.5432688459197591,,0.05850074715003672,0.07381243517527133,0.00924176989469206,0.9306671475648489
measurement_conditioned_hybrid,bidir_affine,bidir_seed1,exact_labels,1,64,4032,64,4096,0.6345548118633094,,0.054261795002248904,0.06841800462256147,0.007986459052697688,0.9400891080693148
measurement_conditioned_hybrid,bidir_affine,bidir_seed1,exact_labels,1,64,4032,96,6144,0.7086221148101628,,0.04736602318370636,0.05944961691589808,0.005889071122855776,0.9551412295540916
measurement_conditioned_hybrid,bidir_affine,bidir_seed1,exact_labels,1,64,4032,128,8192,0.774604902866288,,0.04201641958392404,0.052817107122906146,0.005178636576079796,0.9643853228769491
marginal_only_prior,bidir_affine,bidir_seed2,exact_labels,1,64,4032,0,0,0.0,,0.08860800414968968,0.11635029177196006,0.018629886885497025,0.8170118334643706
measurement_conditioned_hybrid,bidir_affine,bidir_seed2,exact_labels,1,64,4032,4,256,0.06242313538564343,,0.08481853247822704,0.11085307007680276,0.017618464366329946,0.8363182375361692
measurement_conditioned_hybrid,bidir_affine,bidir_seed2,exact_labels,1,64,4032,8,512,0.12763935966312792,,0.08062103442414936,0.10530951469817201,0.015991967732386286,0.8537087825998175
measurement_conditioned_hybrid,bidir_affine,bidir_seed2,exact_labels,1,64,4032,16,1024,0.25439009022717807,,0.0744029879637501,0.0965023726611208,0.014168960204015237,0.8786743511118615
measurement_conditioned_hybrid,bidir_affine,bidir_seed2,exact_labels,1,64,4032,32,2048,0.515893001587153,,0.06520818044120642,0.08164465581403238,0.007768019006819295,0.9120598339670163
measurement_conditioned_hybrid,bidir_affine,bidir_seed2,exact_labels,1,64,4032,48,3072,0.5331177219683838,,0.05782596382846267,0.07294718075417014,0.008509962937210755,0.932059772458638
measurement_conditioned_hybrid,bidir_affine,bidir_seed2,exact_labels,1,64,4032,64,4096,0.6253484956293357,,0.053675373995313726,0.06772274619425649,0.007411886523856942,0.9411704695796747
measurement_conditioned_hybrid,bidir_affine,bidir_seed2,exact_labels,1,64,4032,96,6144,0.698642543193694,,0.04707679301379741,0.058994612574113495,0.005487008982638309,0.9557568353383338
measurement_conditioned_hybrid,bidir_affine,bidir_seed2,exact_labels,1,64,4032,128,8192,0.7673136149040248,,0.04177327145682874,0.05249604808495161,0.004853308799587486,0.9647655363882776
marginal_only_prior,bidir_affine,bidir_seed3,exact_labels,1,64,4032,0,0,0.0,,0.08936944771914437,0.11684975007036921,0.017903013193700117,0.8153198809872293
measurement_conditioned_hybrid,bidir_affine,bidir_seed3,exact_labels,1,64,4032,4,256,0.06269192706673757,,0.0855726782201797,0.11128712033658,0.016932804639550672,0.8350679424838982
measurement_conditioned_hybrid,bidir_affine,bidir_seed3,exact_labels,1,64,4032,8,512,0.13374512937967736,,0.08102544031056019,0.10543086143088005,0.015236122080903242,0.8533936470410006
measurement_conditioned_hybrid,bidir_affine,bidir_seed3,exact_labels,1,64,4032,16,1024,0.2628925512702561,,0.0747370379807304,0.09656068405268686,0.013484078971203737,0.8784501685752514
measurement_conditioned_hybrid,bidir_affine,bidir_seed3,exact_labels,1,64,4032,32,2048,0.5276316858113814,,0.0654710913666425,0.08186578472425493,0.0071775148095072384,0.9113979156698652
measurement_conditioned_hybrid,bidir_affine,bidir_seed3,exact_labels,1,64,4032,48,3072,0.5429866620174278,,0.0579064273357336,0.0728541153330273,0.007990434499718826,0.9321344730797073
measurement_conditioned_hybrid,bidir_affine,bidir_seed3,exact_labels,1,64,4032,64,4096,0.6332967174180633,,0.053742700685703554,0.06770856582765535,0.007002758009684631,0.9411138667314219
measurement_conditioned_hybrid,bidir_affine,bidir_seed3,exact_labels,1,64,4032,96,6144,0.7081195179913582,,0.047069965606848625,0.058916578264748255,0.005096567694157104,0.9557802903715191
measurement_conditioned_hybrid,bidir_affine,bidir_seed3,exact_labels,1,64,4032,128,8192,0.7765432748134535,,0.04171913928076525,0.052449103679658333,0.004525171910905785,0.9647535274620042
marginal_only_prior,bidir_affine,bidir_seed4,exact_labels,1,64,4032,0,0,0.0,,0.08865658698570027,0.11616123805236911,0.018454154655091044,0.8179940679468163
measurement_conditioned_hybrid,bidir_affine,bidir_seed4,exact_labels,1,64,4032,4,256,0.06672918596066682,,0.08469240936870434,0.11046581965795087,0.01738468901528077,0.8378217332417539
measurement_conditioned_hybrid,bidir_affine,bidir_seed4,exact_labels,1,64,4032,8,512,0.12777185963109783,,0.08064160092271376,0.10513627313298934,0.015835950762644407,0.8545376360107488
measurement_conditioned_hybrid,bidir_affine,bidir_seed4,exact_labels,1,64,4032,16,1024,0.2554261213621816,,0.07433890565331398,0.09634517747070939,0.014019946969606718,0.8792783699876888
measurement_conditioned_hybrid,bidir_affine,bidir_seed4,exact_labels,1,64,4032,32,2048,0.5175709797648651,,0.06515399237226945,0.08158880191690325,0.007647911691842091,0.9121774389431456
measurement_conditioned_hybrid,bidir_affine,bidir_seed4,exact_labels,1,64,4032,48,3072,0.5348199994771481,,0.05771537515131542,0.07280547884710682,0.008395902281753739,0.9323836336476367
measurement_conditioned_hybrid,bidir_affine,bidir_seed4,exact_labels,1,64,4032,64,4096,0.6272343870095973,,0.05361488727242642,0.06764087242929091,0.007312548966689908,0.941323647414372
measurement_conditioned_hybrid,bidir_affine,bidir_seed4,exact_labels,1,64,4032,96,6144,0.7004857544521274,,0.04704566647886119,0.05897560438774747,0.005399700148096984,0.9557799785138718
measurement_conditioned_hybrid,bidir_affine,bidir_seed4,exact_labels,1,64,4032,128,8192,0.7709123610775148,,0.041742351832754515,0.052462619164396235,0.004748437752936811,0.9647823942971133
marginal_only_prior,exact_marginal_affine,none,finite_64shot_labels,1,64,4032,0,4096,0.0,,0.1086030426689218,0.13370978621660387,-0.0001712781587321031,0.737822912562431
measurement_conditioned_hybrid,exact_marginal_affine,none,finite_64shot_labels,1,64,4032,4,4352,0.06434261552270037,,0.10264915833789023,0.1265530997926751,-4.085279787821341e-06,0.7700553576057317
measurement_conditioned_hybrid,exact_marginal_affine,none,finite_64shot_labels,1,64,4032,8,4608,0.2609175416118334,,0.09187384182360049,0.11457317615746952,-0.0006581000880360419,0.8157172321380172
measurement_conditioned_hybrid,exact_marginal_affine,none,finite_64shot_labels,1,64,4032,16,5120,0.4096862933216697,,0.08307947972460775,0.1038155713723675,0.00034713593020547953,0.8516152253094514
measurement_conditioned_hybrid,exact_marginal_affine,none,finite_64shot_labels,1,64,4032,32,6144,0.6685046104921438,,0.07078768807454296,0.08856324440213055,-0.0016776412509681379,0.8960089287093632
measurement_conditioned_hybrid,exact_marginal_affine,none,finite_64shot_labels,1,64,4032,48,7168,0.6247845952207466,,0.061034092278673534,0.07599034189142653,-0.00028459312382469066,0.9239517261811087
measurement_conditioned_hybrid,exact_marginal_affine,none,finite_64shot_labels,1,64,4032,64,8192,0.7253652891368673,,0.055907442170655935,0.07001096261620773,0.00045425293967624744,0.9354868768535174
measurement_conditioned_hybrid,exact_marginal_affine,none,finite_64shot_labels,1,64,4032,96,10240,0.771208888749451,,0.048438187329762857,0.06032294788433384,-0.00017965004687832547,0.9527743153947579
measurement_conditioned_hybrid,exact_marginal_affine,none,finite_64shot_labels,1,64,4032,128,12288,0.845876205959673,,0.04241468504611677,0.05346184720937565,0.0005450656588085792,0.9628839962256831
marginal_only_prior,summary_ridge,none,finite_64shot_labels,1,64,4032,0,4096,0.0,,0.09578215288179669,0.11931468362913836,-0.009861328952984784,0.8013144277244272
measurement_conditioned_hybrid,summary_ridge,none,finite_64shot_labels,1,64,4032,4,4352,0.02931476753162503,,0.09317071957366166,0.1160138059036033,-0.009501093584409748,0.8128165949857196
measurement_conditioned_hybrid,summary_ridge,none,finite_64shot_labels,1,64,4032,8,4608,0.2225381058668706,,0.08403530238336356,0.10548157043631623,-0.008120136690298447,0.848490556083538
measurement_conditioned_hybrid,summary_ridge,none,finite_64shot_labels,1,64,4032,16,5120,0.31296121440094943,,0.07756289179746738,0.09675713292902322,-0.006432700019050905,0.8734003948952797
measurement_conditioned_hybrid,summary_ridge,none,finite_64shot_labels,1,64,4032,32,6144,0.5496311009699858,,0.066565971267503,0.08312771839512029,-0.005773877229303624,0.908887667315802
measurement_conditioned_hybrid,summary_ridge,none,finite_64shot_labels,1,64,4032,48,7168,0.5277305846947397,,0.059464251241757506,0.07423164734157658,-0.004843305405195346,0.9274884356007356
measurement_conditioned_hybrid,summary_ridge,none,finite_64shot_labels,1,64,4032,64,8192,0.6298842865207653,,0.05403311631729545,0.06800780265662604,-0.0032145267908026093,0.9393534363446174
measurement_conditioned_hybrid,summary_ridge,none,finite_64shot_labels,1,64,4032,96,10240,0.6471819625347505,,0.048998812538535504,0.0609182720098537,-0.0035971283719142245,0.9520646612758625
measurement_conditioned_hybrid,summary_ridge,none,finite_64shot_labels,1,64,4032,128,12288,0.7260287740072079,,0.04280577480595911,0.05358673627926285,-0.002211224155154907,0.9628805233469376
marginal_only_prior,bidir_affine,bidir_seed0,finite_64shot_labels,1,64,4032,0,4096,0.0,,0.08649340193428186,0.11495731658632298,0.010721228293438677,0.8161332729456374
measurement_conditioned_hybrid,bidir_affine,bidir_seed0,finite_64shot_labels,1,64,4032,4,4352,0.06527445909493533,,0.08281306126117847,0.10938664061066783,0.010179840080667829,0.8352477449651391
measurement_conditioned_hybrid,bidir_affine,bidir_seed0,finite_64shot_labels,1,64,4032,8,4608,0.18246279898962592,,0.07856379180363551,0.1023939614286355,0.00839331060305512,0.857038042695719
measurement_conditioned_hybrid,bidir_affine,bidir_seed0,finite_64shot_labels,1,64,4032,16,5120,0.310832698631009,,0.07317680558470856,0.09444015140282887,0.007728806579266302,0.8798611426039445
measurement_conditioned_hybrid,bidir_affine,bidir_seed0,finite_64shot_labels,1,64,4032,32,6144,0.5400395323678127,,0.06511848225778537,0.08150234790710294,0.0036219556320860316,0.9118555881725049
measurement_conditioned_hybrid,bidir_affine,bidir_seed0,finite_64shot_labels,1,64,4032,48,7168,0.5223563139953467,,0.057400377827746485,0.07271002473073165,0.004936720861736018,0.9308425432607488
measurement_conditioned_hybrid,bidir_affine,bidir_seed0,finite_64shot_labels,1,64,4032,64,8192,0.6444667475316868,,0.053120241356639654,0.0671675455891909,0.004257136952392493,0.9410192473368819
measurement_conditioned_hybrid,bidir_affine,bidir_seed0,finite_64shot_labels,1,64,4032,96,10240,0.6516040481194534,,0.04752501377852498,0.05975277887410912,0.0036165534818992273,0.9541637505027983
measurement_conditioned_hybrid,bidir_affine,bidir_seed0,finite_64shot_labels,1,64,4032,128,12288,0.7600132635839799,,0.04166573211929499,0.0524329766014883,0.0030864083252192037,0.9644946866824189
marginal_only_prior,bidir_affine,bidir_seed1,finite_64shot_labels,1,64,4032,0,4096,0.0,,0.08886043637442388,0.11787613636652017,0.013120727935691358,0.8063439617604997
measurement_conditioned_hybrid,bidir_affine,bidir_seed1,finite_64shot_labels,1,64,4032,4,4352,0.0694807793905006,,0.08474458616441559,0.11185023114436465,0.012377733277945223,0.8276722661676686
measurement_conditioned_hybrid,bidir_affine,bidir_seed1,finite_64shot_labels,1,64,4032,8,4608,0.1874993324675329,,0.08017018093064751,0.10446945104716687,0.010278647988338142,0.8511609099012382
measurement_conditioned_hybrid,bidir_affine,bidir_seed1,finite_64shot_labels,1,64,4032,16,5120,0.31878920251257703,,0.07444799662968361,0.09603319189985568,0.009286773477054663,0.8758482593165436
measurement_conditioned_hybrid,bidir_affine,bidir_seed1,finite_64shot_labels,1,64,4032,32,6144,0.5495185090685045,,0.0658749807044485,0.08245376037010341,0.004578276708313828,0.9097637929509257
measurement_conditioned_hybrid,bidir_affine,bidir_seed1,finite_64shot_labels,1,64,4032,48,7168,0.5317196799930084,,0.05804577883053824,0.07352314061731648,0.005956670597056527,0.9294372890068495
measurement_conditioned_hybrid,bidir_affine,bidir_seed1,finite_64shot_labels,1,64,4032,64,8192,0.6522872866907958,,0.05357474556970064,0.06775807368506537,0.005013032385336627,0.9400511895190915
measurement_conditioned_hybrid,bidir_affine,bidir_seed1,finite_64shot_labels,1,64,4032,96,10240,0.6626922130257039,,0.04775448362768157,0.060115635125163804,0.0043050251202827764,0.9537081705451452
measurement_conditioned_hybrid,bidir_affine,bidir_seed1,finite_64shot_labels,1,64,4032,128,12288,0.7674914645491919,,0.04189899199122681,0.05271457914760891,0.003569189154892108,0.964155346308218
marginal_only_prior,bidir_affine,bidir_seed2,finite_64shot_labels,1,64,4032,0,4096,0.0,,0.08612367680798745,0.11474707186174646,0.010918650867686043,0.8170118334643705
measurement_conditioned_hybrid,bidir_affine,bidir_seed2,finite_64shot_labels,1,64,4032,4,4352,0.06155921916440448,,0.082566346165536,0.10941174546035086,0.010395923780624993,0.8352129075181304
measurement_conditioned_hybrid,bidir_affine,bidir_seed2,finite_64shot_labels,1,64,4032,8,4608,0.18016741969039016,,0.07839386669499089,0.10229944303049547,0.008584449231455484,0.8573812981617254
measurement_conditioned_hybrid,bidir_affine,bidir_seed2,finite_64shot_labels,1,64,4032,16,5120,0.3083214692467365,,0.07305640362045798,0.09435575098996793,0.007889535426029302,0.8801273484993386
measurement_conditioned_hybrid,bidir_affine,bidir_seed2,finite_64shot_labels,1,64,4032,32,6144,0.5358212810753676,,0.06500894389963144,0.08140337507670085,0.0037690474413767053,0.9121179977070544
measurement_conditioned_hybrid,bidir_affine,bidir_seed2,finite_64shot_labels,1,64,4032,48,7168,0.518094372418934,,0.057457380971344764,0.07278140424050784,0.005079056110618152,0.9306723463775548
measurement_conditioned_hybrid,bidir_affine,bidir_seed2,finite_64shot_labels,1,64,4032,64,8192,0.6393719310021535,,0.05306829219446539,0.06714127728820396,0.004379434794323324,0.9410781554255125
measurement_conditioned_hybrid,bidir_affine,bidir_seed2,finite_64shot_labels,1,64,4032,96,10240,0.645593253229097,,0.047591899760194,0.05983858409858123,0.0037520592467214274,0.9540250688162383
measurement_conditioned_hybrid,bidir_affine,bidir_seed2,finite_64shot_labels,1,64,4032,128,12288,0.7538175341791946,,0.041721673293028436,0.0524842735557167,0.003197250371159986,0.9644380277812513
marginal_only_prior,bidir_affine,bidir_seed3,finite_64shot_labels,1,64,4032,0,4096,0.0,,0.086801724546986,0.11513076857883077,0.01014582606951433,0.8153198809872295
measurement_conditioned_hybrid,bidir_affine,bidir_seed3,finite_64shot_labels,1,64,4032,4,4352,0.061460160294440756,,0.08323831713259205,0.10975929991722212,0.00967143807195905,0.8338498543065889
measurement_conditioned_hybrid,bidir_affine,bidir_seed3,finite_64shot_labels,1,64,4032,8,4608,0.18570624309515985,,0.07881317351506334,0.10252073931342433,0.007883383285930233,0.8565280992706974
measurement_conditioned_hybrid,bidir_affine,bidir_seed3,finite_64shot_labels,1,64,4032,16,5120,0.3158660990173694,,0.07338659129414545,0.09452067026966612,0.007286697293640721,0.879542765829601
measurement_conditioned_hybrid,bidir_affine,bidir_seed3,finite_64shot_labels,1,64,4032,32,6144,0.5466744549003915,,0.06528507853305307,0.08166580927106884,0.003273889482924979,0.9115091155695888
measurement_conditioned_hybrid,bidir_affine,bidir_seed3,finite_64shot_labels,1,64,4032,48,7168,0.5274062608151826,,0.05745966627021805,0.07264650073896445,0.004608866903942343,0.9309032058447116
measurement_conditioned_hybrid,bidir_affine,bidir_seed3,finite_64shot_labels,1,64,4032,64,8192,0.645729495359666,,0.05312913057592873,0.06715210814383234,0.004040623379361692,0.94102449589743
measurement_conditioned_hybrid,bidir_affine,bidir_seed3,finite_64shot_labels,1,64,4032,96,10240,0.6557271765332339,,0.047522784076374676,0.059615470865295006,0.0033735021720083308,0.9543441915585464
measurement_conditioned_hybrid,bidir_affine,bidir_seed3,finite_64shot_labels,1,64,4032,128,12288,0.7624908686988816,,0.04164613927408453,0.052411583703179006,0.0029248559127536414,0.9645072662464497
marginal_only_prior,bidir_affine,bidir_seed4,finite_64shot_labels,1,64,4032,0,4096,0.0,,0.08608309789522885,0.114434926278447,0.010715313536097898,0.8179940679468166
measurement_conditioned_hybrid,bidir_affine,bidir_seed4,finite_64shot_labels,1,64,4032,4,4352,0.06641979903717063,,0.08238042376612495,0.10889173754126265,0.010164818698395901,0.8368920109506669
measurement_conditioned_hybrid,bidir_affine,bidir_seed4,finite_64shot_labels,1,64,4032,8,4608,0.18083375598779394,,0.07825789446328697,0.10204144347621205,0.00840924927570436,0.8581137195617782
measurement_conditioned_hybrid,bidir_affine,bidir_seed4,finite_64shot_labels,1,64,4032,16,5120,0.3101210116524244,,0.0729657568203948,0.09416488439378735,0.007731577603877928,0.8806135348861295
measurement_conditioned_hybrid,bidir_affine,bidir_seed4,finite_64shot_labels,1,64,4032,32,6144,0.5389613771420922,,0.06496643592122743,0.08134925818352179,0.0036334019553521525,0.9122061900086784
measurement_conditioned_hybrid,bidir_affine,bidir_seed4,finite_64shot_labels,1,64,4032,48,7168,0.5212625529734698,,0.0572566989745654,0.0725458062882384,0.004946001416450353,0.9311666599285061
measurement_conditioned_hybrid,bidir_affine,bidir_seed4,finite_64shot_labels,1,64,4032,64,8192,0.6430551868499711,,0.05298154871247102,0.06703099406573142,0.004269183860901793,0.9412698721849172
measurement_conditioned_hybrid,bidir_affine,bidir_seed4,finite_64shot_labels,1,64,4032,96,10240,0.6500510066551374,,0.047474142826639115,0.05968732336650167,0.0036314169917946327,0.9542656670541145
measurement_conditioned_hybrid,bidir_affine,bidir_seed4,finite_64shot_labels,1,64,4032,128,12288,0.760144513253045,,0.04164324767297566,0.05239235405163173,0.003083671151236218,0.9645458044449844
stratified_dfe,none,none,none,2,0,4032,4,0,1.0,0.3207695375009817,0.2772252647878809,0.3232652866771291,-0.0017890698749512908,0.5172444849426883
stratified_dfe,none,none,none,2,0,4032,8,0,1.0,0.2268183151650167,0.18865171172988734,0.23109375692208578,0.003915295204413789,0.6500888334378438
stratified_dfe,none,none,none,2,0,4032,16,0,1.0,0.16038476875049085,0.13079079129688798,0.1620058382239106,-0.0017890698749512908,0.7696622734459659
stratified_dfe,none,none,none,2,0,4032,32,0,1.0,0.11340915758250834,0.0917502074938504,0.11505503027230135,-0.0012000321765385923,0.8608483749720468
stratified_dfe,none,none,none,2,0,4032,48,0,1.0,0.09259818941201176,0.07499547204108681,0.09395754216140513,2.971319383177481e-05,0.9032713324417068
stratified_dfe,none,none,none,2,0,4032,64,0,1.0,0.08019238437524542,0.06471766445541843,0.08130910777816668,0.0017296553234614077,0.9260832487606371
stratified_dfe,none,none,none,2,0,4032,96,0,1.0,0.06547680765882988,0.052215810106308366,0.06532281767110183,-0.00024413766595658064,0.9494798313783321
stratified_dfe,none,none,none,2,0,4032,128,0,1.0,0.05670457879125417,0.04546913857911787,0.05719709387912263,-0.0007660043987608145,0.9604699947166582
marginal_only_prior,exact_marginal_affine,none,exact_labels,2,64,4032,0,0,0.0,,0.11013336908409539,0.13503190492487138,0.008519630542162662,0.7378089223588842
measurement_conditioned_hybrid,exact_marginal_affine,none,exact_labels,2,64,4032,4,256,0.08533931121791175,,0.10350120887004413,0.1270615609856261,0.007639893149014363,0.7741511299771023
measurement_conditioned_hybrid,exact_marginal_affine,none,exact_labels,2,64,4032,8,512,0.33728219751406696,,0.09537309203706199,0.11785358132457589,0.006966670201355049,0.8045236813489185
measurement_conditioned_hybrid,exact_marginal_affine,none,exact_labels,2,64,4032,16,1024,0.3641355885591642,,0.08453381884084635,0.10467221283948905,0.0047658658484967965,0.8523411110923679
measurement_conditioned_hybrid,exact_marginal_affine,none,exact_labels,2,64,4032,32,2048,0.5408283373683042,,0.0711081387496455,0.08823757882935478,0.0032629615142267697,0.8973813464113224
measurement_conditioned_hybrid,exact_marginal_affine,none,exact_labels,2,64,4032,48,3072,0.6339448561123618,,0.061723367632353754,0.07686012855927053,0.0031374911103691956,0.9229169559659818
measurement_conditioned_hybrid,exact_marginal_affine,none,exact_labels,2,64,4032,64,4096,0.703922247572081,,0.055967546305098585,0.06957843082180534,0.0037400159252557437,0.9368707957854244
measurement_conditioned_hybrid,exact_marginal_affine,none,exact_labels,2,64,4032,96,6144,0.8231122101378764,,0.04748249168237179,0.05908206149611128,0.001306065923241578,0.9545045939192369
measurement_conditioned_hybrid,exact_marginal_affine,none,exact_labels,2,64,4032,128,8192,0.7980325993824035,,0.042723262249099815,0.053324271221668496,0.0011093911533414274,0.9638475981125024
marginal_only_prior,summary_ridge,none,exact_labels,2,64,4032,0,0,0.0,,0.09769151327861954,0.11983189065095251,-0.002485776957797858,0.8002379944025372
measurement_conditioned_hybrid,summary_ridge,none,exact_labels,2,64,4032,4,256,0.042668559400837566,,0.09435318706220788,0.11572517877869318,-0.002456049470248436,0.8164336669954894
measurement_conditioned_hybrid,summary_ridge,none,exact_labels,2,64,4032,8,512,0.2829442734025875,,0.08628921099772993,0.10679955607801475,-0.0006746302458633801,0.8423114522797462
measurement_conditioned_hybrid,summary_ridge,none,exact_labels,2,64,4032,16,1024,0.2947952273976486,,0.07845718082421946,0.09731436896202862,-0.002280391034880577,0.8744193733097726
measurement_conditioned_hybrid,summary_ridge,none,exact_labels,2,64,4032,32,2048,0.4849860624582864,,0.06769406358488196,0.08359971721751913,-0.00186220865900866,0.9083813365716388
measurement_conditioned_hybrid,summary_ridge,none,exact_labels,2,64,4032,48,3072,0.5778696989072207,,0.05919491115214046,0.07366792102985524,-0.0010321514212715652,0.9294290124915552
measurement_conditioned_hybrid,summary_ridge,none,exact_labels,2,64,4032,64,4096,0.6501886588739093,,0.05432626988273684,0.06732248259140954,0.00025504930372788716,0.9409515508218282
measurement_conditioned_hybrid,summary_ridge,none,exact_labels,2,64,4032,96,6144,0.7978209981648555,,0.04645992664185938,0.05769398602190408,-0.0006973500604554874,0.9566415301576445
measurement_conditioned_hybrid,summary_ridge,none,exact_labels,2,64,4032,128,8192,0.7648126177570811,,0.041829599856789926,0.05218207641997926,-0.0011704732049739421,0.9653394826355335
marginal_only_prior,bidir_affine,bidir_seed0,exact_labels,2,64,4032,0,0,0.0,,0.08901567348549776,0.1166481543547977,0.01846162564269483,0.8161332729456378
measurement_conditioned_hybrid,bidir_affine,bidir_seed0,exact_labels,2,64,4032,4,256,0.053378882730838656,,0.08595622486142457,0.11216984676760137,0.017380666141440466,0.8318815169176256
measurement_conditioned_hybrid,bidir_affine,bidir_seed0,exact_labels,2,64,4032,8,512,0.24571571946771895,,0.08152053577689866,0.10421629423349814,0.014887363593437408,0.8540674084476592
measurement_conditioned_hybrid,bidir_affine,bidir_seed0,exact_labels,2,64,4032,16,1024,0.2474769615054493,,0.07547253547414572,0.09697062478798682,0.013450045047615745,0.8777413252865159
measurement_conditioned_hybrid,bidir_affine,bidir_seed0,exact_labels,2,64,4032,32,2048,0.43223616809296156,,0.06557395792284447,0.0832646149573743,0.009963146008554333,0.9109003167211184
measurement_conditioned_hybrid,bidir_affine,bidir_seed0,exact_labels,2,64,4032,48,3072,0.5117045289389813,,0.058231452606898416,0.07372573827719686,0.009029932565604812,0.9312671286704812
measurement_conditioned_hybrid,bidir_affine,bidir_seed0,exact_labels,2,64,4032,64,4096,0.61207758872687,,0.05326058467147227,0.0670308047802121,0.008220361595048879,0.9426042253424414
measurement_conditioned_hybrid,bidir_affine,bidir_seed0,exact_labels,2,64,4032,96,6144,0.7533940178626505,,0.04583425088333779,0.05724874101119444,0.004368815466402198,0.9576835199532249
measurement_conditioned_hybrid,bidir_affine,bidir_seed0,exact_labels,2,64,4032,128,8192,0.7279927880808165,,0.041833505877328495,0.052477390671107994,0.004464049640629074,0.965417157220887
marginal_only_prior,bidir_affine,bidir_seed1,exact_labels,2,64,4032,0,0,0.0,,0.09152094860546377,0.1196573242376137,0.020654055763288597,0.8063439617604998
measurement_conditioned_hybrid,bidir_affine,bidir_seed1,exact_labels,2,64,4032,4,256,0.057658287363986274,,0.08804421055595328,0.1147267674945326,0.01936002357589292,0.8241617927488077
measurement_conditioned_hybrid,bidir_affine,bidir_seed1,exact_labels,2,64,4032,8,512,0.25275478787580496,,0.08312360133232972,0.10637303279604564,0.016423253888926303,0.8479390127982629
measurement_conditioned_hybrid,bidir_affine,bidir_seed1,exact_labels,2,64,4032,16,1024,0.2561689803819167,,0.07688604946121341,0.09870591133269274,0.014904823151957429,0.8735262110265632
measurement_conditioned_hybrid,bidir_affine,bidir_seed1,exact_labels,2,64,4032,32,2048,0.4404628402784909,,0.06646983483128376,0.08446860790944094,0.0110281421176164,0.9084971565082485
measurement_conditioned_hybrid,bidir_affine,bidir_seed1,exact_labels,2,64,4032,48,3072,0.5201450291647671,,0.0589449054692791,0.07461497839999481,0.009926406495994328,0.9298080891567331
measurement_conditioned_hybrid,bidir_affine,bidir_seed1,exact_labels,2,64,4032,64,4096,0.6212243888591709,,0.05372424509285896,0.06762074048114451,0.008897756665530727,0.9417135973512376
measurement_conditioned_hybrid,bidir_affine,bidir_seed1,exact_labels,2,64,4032,96,6144,0.7589620626564123,,0.04610113251802965,0.057580512203307746,0.00479311977243599,0.9572410715356109
measurement_conditioned_hybrid,bidir_affine,bidir_seed1,exact_labels,2,64,4032,128,8192,0.7334022082457438,,0.04210722650795874,0.05284449352237168,0.004944536339684874,0.9650275024113728
marginal_only_prior,bidir_affine,bidir_seed2,exact_labels,2,64,4032,0,0,0.0,,0.08860800414968968,0.11635029177196006,0.018629886885497025,0.8170118334643706
measurement_conditioned_hybrid,bidir_affine,bidir_seed2,exact_labels,2,64,4032,4,256,0.05435047431323656,,0.08553221675404672,0.11184267178379871,0.017520106900585187,0.8327492099258471
measurement_conditioned_hybrid,bidir_affine,bidir_seed2,exact_labels,2,64,4032,8,512,0.24397068106500763,,0.0813200186419302,0.1040225338593008,0.015039957931469651,0.8546784192112264
measurement_conditioned_hybrid,bidir_affine,bidir_seed2,exact_labels,2,64,4032,16,1024,0.24442111342066566,,0.07534133803249965,0.09688259815587526,0.013639062739219833,0.877864003100462
measurement_conditioned_hybrid,bidir_affine,bidir_seed2,exact_labels,2,64,4032,32,2048,0.4293762974243223,,0.0654237088732984,0.08318712815838568,0.010115389660416207,0.9110241398029821
measurement_conditioned_hybrid,bidir_affine,bidir_seed2,exact_labels,2,64,4032,48,3072,0.5090119891125263,,0.05818933052106444,0.0736895279928894,0.009162175476864015,0.931292467882022
measurement_conditioned_hybrid,bidir_affine,bidir_seed2,exact_labels,2,64,4032,64,4096,0.6089481473896117,,0.053219987026340024,0.06700189505172842,0.008338522185339994,0.9426653420986665
measurement_conditioned_hybrid,bidir_affine,bidir_seed2,exact_labels,2,64,4032,96,6144,0.7498134486966823,,0.04580164004005047,0.057214944902607735,0.0044778894457857465,0.9577539675994623
measurement_conditioned_hybrid,bidir_affine,bidir_seed2,exact_labels,2,64,4032,128,8192,0.724378572439269,,0.04184701235999547,0.052511690223610775,0.004579918845819075,0.9653866190991423
marginal_only_prior,bidir_affine,bidir_seed3,exact_labels,2,64,4032,0,0,0.0,,0.08936944771914437,0.11684975007036921,0.017903013193700117,0.8153198809872293
measurement_conditioned_hybrid,bidir_affine,bidir_seed3,exact_labels,2,64,4032,4,256,0.055700527665683834,,0.08627910427257655,0.11223075460722276,0.016806153775939768,0.8315948402595656
measurement_conditioned_hybrid,bidir_affine,bidir_seed3,exact_labels,2,64,4032,8,512,0.2540735249686943,,0.08215860197144918,0.10457915896719722,0.014349104377894124,0.8526033528780471
measurement_conditioned_hybrid,bidir_affine,bidir_seed3,exact_labels,2,64,4032,16,1024,0.2563662700344522,,0.07560913008613626,0.09676442734034492,0.012854627308181363,0.8780937833421802
measurement_conditioned_hybrid,bidir_affine,bidir_seed3,exact_labels,2,64,4032,32,2048,0.4402330557113435,,0.0656281798066625,0.08316406693548936,0.009493221156967492,0.91094427681377
measurement_conditioned_hybrid,bidir_affine,bidir_seed3,exact_labels,2,64,4032,48,3072,0.5207595880588958,,0.058239205809464796,0.07357289470074983,0.008595320848515619,0.9313611181249528
measurement_conditioned_hybrid,bidir_affine,bidir_seed3,exact_labels,2,64,4032,64,4096,0.6179703593846327,,0.05330704331241502,0.06696675020766762,0.007908357418172427,0.9426156987990807
measurement_conditioned_hybrid,bidir_affine,bidir_seed3,exact_labels,2,64,4032,96,6144,0.7579641354089053,,0.045852305351764155,0.05724975842160302,0.004148123682225454,0.9576419803580022
measurement_conditioned_hybrid,bidir_affine,bidir_seed3,exact_labels,2,64,4032,128,8192,0.7313574877331429,,0.041818902247053556,0.05243470076929305,0.004249287388832039,0.9654398644531392
marginal_only_prior,bidir_affine,bidir_seed4,exact_labels,2,64,4032,0,0,0.0,,0.08865658698570027,0.11616123805236911,0.018454154655091044,0.8179940679468163
measurement_conditioned_hybrid,bidir_affine,bidir_seed4,exact_labels,2,64,4032,4,256,0.055653899348893934,,0.08547615886550776,0.11158116567300935,0.017327540274599,0.8339293375951657
measurement_conditioned_hybrid,bidir_affine,bidir_seed4,exact_labels,2,64,4032,8,512,0.24668397661088165,,0.08132435189723627,0.10398967131736961,0.014867650990411251,0.8547381648723922
measurement_conditioned_hybrid,bidir_affine,bidir_seed4,exact_labels,2,64,4032,16,1024,0.24772958146696253,,0.07530622100076624,0.09667398925992748,0.013439309114721892,0.87855282107456
measurement_conditioned_hybrid,bidir_affine,bidir_seed4,exact_labels,2,64,4032,32,2048,0.4316492168292584,,0.06535348267836863,0.0830459745515331,0.009970440301802188,0.9114122161065898
measurement_conditioned_hybrid,bidir_affine,bidir_seed4,exact_labels,2,64,4032,48,3072,0.5108827272411851,,0.05813954908831475,0.07362126198540996,0.009041425753467341,0.9314607876525117
measurement_conditioned_hybrid,bidir_affine,bidir_seed4,exact_labels,2,64,4032,64,4096,0.6110536249760289,,0.05317382505753665,0.06692263543951225,0.00823458871258958,0.9428041017594724
measurement_conditioned_hybrid,bidir_affine,bidir_seed4,exact_labels,2,64,4032,96,6144,0.75396912615745,,0.045786922504074686,0.057183777401978976,0.004356219533154208,0.9577725526587364
measurement_conditioned_hybrid,bidir_affine,bidir_seed4,exact_labels,2,64,4032,128,8192,0.7255302130322958,,0.04184351628972794,0.05247343328030909,0.004509348562235296,0.965449201266178
marginal_only_prior,exact_marginal_affine,none,finite_64shot_labels,2,64,4032,0,4096,0.0,,0.11321771596984946,0.13755381116155468,0.00868434747628318,0.7378089223588842
measurement_conditioned_hybrid,exact_marginal_affine,none,finite_64shot_labels,2,64,4032,4,4352,0.06283019245696425,,0.10772416081959385,0.13085912514370618,0.008026300648422987,0.770579378437041
measurement_conditioned_hybrid,exact_marginal_affine,none,finite_64shot_labels,2,64,4032,8,4608,0.24399736287377527,,0.09646073758343476,0.11771053937893783,0.007520711298539863,0.8134493520345993
measurement_conditioned_hybrid,exact_marginal_affine,none,finite_64shot_labels,2,64,4032,16,5120,0.2590375609109529,,0.09065961529902593,0.11067324505226361,0.005971338991216924,0.847423909452746
measurement_conditioned_hybrid,exact_marginal_affine,none,finite_64shot_labels,2,64,4032,32,6144,0.477014866270645,,0.07403232900132792,0.09103351572942416,0.0039693514380240835,0.8971178915931803
measurement_conditioned_hybrid,exact_marginal_affine,none,finite_64shot_labels,2,64,4032,48,7168,0.5974707577624337,,0.06335088264350756,0.07837563570359338,0.0035134565733902067,0.9229019612788872
measurement_conditioned_hybrid,exact_marginal_affine,none,finite_64shot_labels,2,64,4032,64,8192,0.6090412860483708,,0.05913229787205085,0.07277868722960741,0.004448652823458096,0.935821948692962
measurement_conditioned_hybrid,exact_marginal_affine,none,finite_64shot_labels,2,64,4032,96,10240,0.682636337856207,,0.05097525023916033,0.06274327358363553,0.0025894390761810712,0.9534890151263398
measurement_conditioned_hybrid,exact_marginal_affine,none,finite_64shot_labels,2,64,4032,128,12288,0.7081509754553142,,0.04646364121388401,0.05724645635973829,0.001992071577574818,0.9625607048828337
marginal_only_prior,summary_ridge,none,finite_64shot_labels,2,64,4032,0,4096,0.0,,0.10599692748206489,0.1275359735355387,-0.013701452231632863,0.77567489559046
measurement_conditioned_hybrid,summary_ridge,none,finite_64shot_labels,2,64,4032,4,4352,0.027669289897702527,,0.10335708841178308,0.12442983044739299,-0.013371845070833575,0.7896125224201318
measurement_conditioned_hybrid,summary_ridge,none,finite_64shot_labels,2,64,4032,8,4608,0.19016899776964913,,0.09166880741069683,0.1114876847361152,-0.010351293027758834,0.8347327851114849
measurement_conditioned_hybrid,summary_ridge,none,finite_64shot_labels,2,64,4032,16,5120,0.18220562383359348,,0.08945485358856926,0.10875240190614693,-0.011530949172989418,0.8491342326619558
measurement_conditioned_hybrid,summary_ridge,none,finite_64shot_labels,2,64,4032,32,6144,0.41281789125104096,,0.07293164001094148,0.08915867006711307,-0.008540642366845376,0.9011539646787814
measurement_conditioned_hybrid,summary_ridge,none,finite_64shot_labels,2,64,4032,48,7168,0.5294145828355133,,0.06300253895463817,0.07751893128002302,-0.006431973016065076,0.9251888511909858
measurement_conditioned_hybrid,summary_ridge,none,finite_64shot_labels,2,64,4032,64,8192,0.5390465120972071,,0.05985943643382303,0.0731663601607397,-0.005383367526262436,0.9348648835269473
measurement_conditioned_hybrid,summary_ridge,none,finite_64shot_labels,2,64,4032,96,10240,0.6063515296012013,,0.05224154108442531,0.06421946453673248,-0.005541588960410522,0.9518494841635762
measurement_conditioned_hybrid,summary_ridge,none,finite_64shot_labels,2,64,4032,128,12288,0.6459244848939559,,0.04760437821378655,0.05858259072482389,-0.005346129753312347,0.9608730867920363
marginal_only_prior,bidir_affine,bidir_seed0,finite_64shot_labels,2,64,4032,0,4096,0.0,,0.0957394201861675,0.12030365599338154,0.017306212752959724,0.8161332729456374
measurement_conditioned_hybrid,bidir_affine,bidir_seed0,finite_64shot_labels,2,64,4032,4,4352,0.0382720045083291,,0.09287787131811874,0.11662834764932249,0.016575398010136487,0.82999296403988
measurement_conditioned_hybrid,bidir_affine,bidir_seed0,finite_64shot_labels,2,64,4032,8,4608,0.1627319678063712,,0.08533851890282151,0.10722579926819044,0.015127082389551964,0.8573402681652211
measurement_conditioned_hybrid,bidir_affine,bidir_seed0,finite_64shot_labels,2,64,4032,16,5120,0.1633377908660786,,0.08314079106354486,0.10444354474641206,0.014187231472553345,0.8704601192731654
measurement_conditioned_hybrid,bidir_affine,bidir_seed0,finite_64shot_labels,2,64,4032,32,6144,0.3983408697203148,,0.06900010518738733,0.0862886542098993,0.0099344190524862,0.9109227444516671
measurement_conditioned_hybrid,bidir_affine,bidir_seed0,finite_64shot_labels,2,64,4032,48,7168,0.5210431062903598,,0.059894412883961023,0.07494036223273515,0.008304411756847666,0.9320838729148898
measurement_conditioned_hybrid,bidir_affine,bidir_seed0,finite_64shot_labels,2,64,4032,64,8192,0.5412400241969217,,0.05610730525894729,0.07026149470915949,0.008875556432913316,0.9418348151402489
measurement_conditioned_hybrid,bidir_affine,bidir_seed0,finite_64shot_labels,2,64,4032,96,10240,0.6248556192485898,,0.04892518803559594,0.061144022592280314,0.006339777673918027,0.9565745500169135
measurement_conditioned_hybrid,bidir_affine,bidir_seed0,finite_64shot_labels,2,64,4032,128,12288,0.6684004186929636,,0.04446873146521703,0.05544628813090262,0.0052267352420395565,0.9647843076109324
marginal_only_prior,bidir_affine,bidir_seed1,finite_64shot_labels,2,64,4032,0,4096,0.0,,0.0982766558123699,0.12319647180740144,0.019175084802179942,0.8063439617604998
measurement_conditioned_hybrid,bidir_affine,bidir_seed1,finite_64shot_labels,2,64,4032,4,4352,0.04246423052338426,,0.09503350533807425,0.11905808496084154,0.018284858105242364,0.8223916444652497
measurement_conditioned_hybrid,bidir_affine,bidir_seed1,finite_64shot_labels,2,64,4032,8,4608,0.17064128373157586,,0.08698758901816757,0.10926964841594232,0.016571134715743386,0.8512955222031916
measurement_conditioned_hybrid,bidir_affine,bidir_seed1,finite_64shot_labels,2,64,4032,16,5120,0.17307714902754395,,0.0845675387849389,0.10606343452281795,0.015546668678889592,0.8664724176652823
measurement_conditioned_hybrid,bidir_affine,bidir_seed1,finite_64shot_labels,2,64,4032,32,6144,0.4071334444274575,,0.06991433945839542,0.08743622040209778,0.010879693246021924,0.9085614518224417
measurement_conditioned_hybrid,bidir_affine,bidir_seed1,finite_64shot_labels,2,64,4032,48,7168,0.529578831978878,,0.06056235169153181,0.0757390595773804,0.009036101268029346,0.9306848940781745
measurement_conditioned_hybrid,bidir_affine,bidir_seed1,finite_64shot_labels,2,64,4032,64,8192,0.5509928789720927,,0.05656270806935783,0.07084525354009553,0.0095627773887962,0.9409580345210823
measurement_conditioned_hybrid,bidir_affine,bidir_seed1,finite_64shot_labels,2,64,4032,96,10240,0.6341395627559708,,0.04922054312828072,0.061488914674492294,0.006860587557174917,0.9561450657173388
measurement_conditioned_hybrid,bidir_affine,bidir_seed1,finite_64shot_labels,2,64,4032,128,12288,0.6752922648692128,,0.044752412567726906,0.055814849853087656,0.005709021511717657,0.9644123937174749
marginal_only_prior,bidir_affine,bidir_seed2,finite_64shot_labels,2,64,4032,0,4096,0.0,,0.09524618927426758,0.11987563346196481,0.017462282027725793,0.8170118334643705
measurement_conditioned_hybrid,bidir_affine,bidir_seed2,finite_64shot_labels,2,64,4032,4,4352,0.038979934966906916,,0.09235893124117661,0.11616882909980207,0.01671186558253441,0.8308744319473096
measurement_conditioned_hybrid,bidir_affine,bidir_seed2,finite_64shot_labels,2,64,4032,8,4608,0.16064210635654813,,0.08503112403923299,0.10698389803446172,0.015286065529644533,0.8577226710589031
measurement_conditioned_hybrid,bidir_affine,bidir_seed2,finite_64shot_labels,2,64,4032,16,5120,0.15972869050153013,,0.08296516127460066,0.10436203957034652,0.014387288797927028,0.8701852323238033
measurement_conditioned_hybrid,bidir_affine,bidir_seed2,finite_64shot_labels,2,64,4032,32,6144,0.39503066147822796,,0.06883026839032874,0.0861916711099887,0.010090095702900705,0.9110258997422135
measurement_conditioned_hybrid,bidir_affine,bidir_seed2,finite_64shot_labels,2,64,4032,48,7168,0.5180545934711454,,0.05982646195922978,0.07487294063939541,0.00843125966732507,0.9321748556762194
measurement_conditioned_hybrid,bidir_affine,bidir_seed2,finite_64shot_labels,2,64,4032,64,8192,0.5378371704985969,,0.056061053932767224,0.07024868203991298,0.009000690596593572,0.9418290359976834
measurement_conditioned_hybrid,bidir_affine,bidir_seed2,finite_64shot_labels,2,64,4032,96,10240,0.6208104228882244,,0.04894926523440825,0.06120045455016007,0.006469952129854456,0.9565071400591356
measurement_conditioned_hybrid,bidir_affine,bidir_seed2,finite_64shot_labels,2,64,4032,128,12288,0.6647697101218352,,0.04449455088596611,0.055507158636667185,0.0053446693439725065,0.9647132358800198
marginal_only_prior,bidir_affine,bidir_seed3,finite_64shot_labels,2,64,4032,0,4096,0.0,,0.09603615071735859,0.12055249664275915,0.016829195506885587,0.8153198809872293
measurement_conditioned_hybrid,bidir_affine,bidir_seed3,finite_64shot_labels,2,64,4032,4,4352,0.04016007867259565,,0.09304316492887732,0.11672241436928722,0.016081484504403762,0.8297446042473587
measurement_conditioned_hybrid,bidir_affine,bidir_seed3,finite_64shot_labels,2,64,4032,8,4608,0.1705491347461882,,0.08543321955380027,0.10717437159732478,0.014626740984100457,0.8568407859360788
measurement_conditioned_hybrid,bidir_affine,bidir_seed3,finite_64shot_labels,2,64,4032,16,5120,0.17101733429086918,,0.08299217220718923,0.10407540336261542,0.013645149392163871,0.8714207018205777
measurement_conditioned_hybrid,bidir_affine,bidir_seed3,finite_64shot_labels,2,64,4032,32,6144,0.4041752952985738,,0.0690248030208365,0.08617973227655026,0.009542227083932419,0.9109166200878597
measurement_conditioned_hybrid,bidir_affine,bidir_seed3,finite_64shot_labels,2,64,4032,48,7168,0.5270608871902542,,0.05991113120963015,0.07486670748995625,0.00797484545463046,0.9319590826831813
measurement_conditioned_hybrid,bidir_affine,bidir_seed3,finite_64shot_labels,2,64,4032,64,8192,0.5466107309418964,,0.05607194063234906,0.0701087299229733,0.008575624810337561,0.9419149626585837
measurement_conditioned_hybrid,bidir_affine,bidir_seed3,finite_64shot_labels,2,64,4032,96,10240,0.6296494646666093,,0.04884687521325816,0.0609839662444821,0.0060789804145308535,0.9566826445337586
measurement_conditioned_hybrid,bidir_affine,bidir_seed3,finite_64shot_labels,2,64,4032,128,12288,0.6704532429652309,,0.04447791256905754,0.05541604889922505,0.005032436669523432,0.9647984081730869
marginal_only_prior,bidir_affine,bidir_seed4,finite_64shot_labels,2,64,4032,0,4096,0.0,,0.09537521172700109,0.1198204557637332,0.01731327057992129,0.8179940679468164
measurement_conditioned_hybrid,bidir_affine,bidir_seed4,finite_64shot_labels,2,64,4032,4,4352,0.040075317489135676,,0.0923903600748319,0.11602446864851343,0.01654773822140669,0.8321079988760293
measurement_conditioned_hybrid,bidir_affine,bidir_seed4,finite_64shot_labels,2,64,4032,8,4608,0.16326560784470406,,0.0849846860879569,0.10686312643140207,0.015125841986350657,0.8583244130766517
measurement_conditioned_hybrid,bidir_affine,bidir_seed4,finite_64shot_labels,2,64,4032,16,5120,0.16286701583793353,,0.08288868666073872,0.10411361370691065,0.014202129394515968,0.8713553275904466
measurement_conditioned_hybrid,bidir_affine,bidir_seed4,finite_64shot_labels,2,64,4032,32,6144,0.39688701028270873,,0.06877635181880656,0.08608900753763359,0.009965581198451322,0.9114023758860961
measurement_conditioned_hybrid,bidir_affine,bidir_seed4,finite_64shot_labels,2,64,4032,48,7168,0.5191321233463644,,0.05982438046178913,0.07486735398045452,0.008340820735101898,0.932234270760027
measurement_conditioned_hybrid,bidir_affine,bidir_seed4,finite_64shot_labels,2,64,4032,64,8192,0.5390179876493206,,0.05603786679838171,0.0701852570778479,0.008913421644083033,0.9420126261537594
measurement_conditioned_hybrid,bidir_affine,bidir_seed4,finite_64shot_labels,2,64,4032,96,10240,0.6228535222094778,,0.04889123135976641,0.06109736627561436,0.0063775770131065295,0.9566732872159772
measurement_conditioned_hybrid,bidir_affine,bidir_seed4,finite_64shot_labels,2,64,4032,128,12288,0.6652444086298577,,0.04451638580634266,0.055492293213428266,0.005286133988271327,0.964786841709481
stratified_dfe,none,none,none,3,0,4032,4,0,1.0,0.3207695375009817,0.2726281957242579,0.31836308316321565,-0.0021610936844751,0.5300108150706976
stratified_dfe,none,none,none,3,0,4032,8,0,1.0,0.2268183151650167,0.18673452736425494,0.22905721379074692,-0.0020370857479671636,0.6555729103746267
stratified_dfe,none,none,none,3,0,4032,16,0,1.0,0.16038476875049085,0.12903231624809522,0.16109125110822065,-0.0012000321765385923,0.7779514013309076
stratified_dfe,none,none,none,3,0,4032,32,0,1.0,0.11340915758250834,0.09159701421583397,0.11508974156297049,0.003062740640921725,0.8631277381601979
stratified_dfe,none,none,none,3,0,4032,48,0,1.0,0.09259818941201176,0.07382297899115771,0.0923384367957208,-9.429474267616146e-05,0.9064809849098037
stratified_dfe,none,none,none,3,0,4032,64,0,1.0,0.08019238437524542,0.06428819819582655,0.08104275352476885,0.00018730661314394738,0.9247899726156024
stratified_dfe,none,none,none,3,0,4032,96,0,1.0,0.06547680765882988,0.052043042193097924,0.06577297172023223,-0.0022696006289195454,0.9487345456657472
stratified_dfe,none,none,none,3,0,4032,128,0,1.0,0.05670457879125417,0.045278799195315626,0.056784895173581894,-0.0002273449245544653,0.9614210420676907
marginal_only_prior,exact_marginal_affine,none,exact_labels,3,64,4032,0,0,0.0,,0.11013336908409539,0.13503190492487138,0.008519630542162662,0.7378089223588842
measurement_conditioned_hybrid,exact_marginal_affine,none,exact_labels,3,64,4032,4,256,0.155650597081967,,0.10056903043274161,0.12419052627068229,0.0068571694390186415,0.7823009608847326
measurement_conditioned_hybrid,exact_marginal_affine,none,exact_labels,3,64,4032,8,512,0.32826590030221137,,0.09476341560780317,0.11791925439608224,0.005054220564948175,0.8038897061761695
measurement_conditioned_hybrid,exact_marginal_affine,none,exact_labels,3,64,4032,16,1024,0.42219934021270156,,0.0830924029004972,0.10331241602473497,0.004415995355236999,0.8540133746353101
measurement_conditioned_hybrid,exact_marginal_affine,none,exact_labels,3,64,4032,32,2048,0.5184625923642181,,0.0710528448330829,0.0884130567461297,0.005690437257719162,0.8977460660823374
measurement_conditioned_hybrid,exact_marginal_affine,none,exact_labels,3,64,4032,48,3072,0.6056809088825689,,0.06213794717502179,0.0771318130086348,0.0033023404465949415,0.9232249912524219
measurement_conditioned_hybrid,exact_marginal_affine,none,exact_labels,3,64,4032,64,4096,0.7387663742002121,,0.055787172113433994,0.07006270109496347,0.002363989804459839,0.9355509928519781
measurement_conditioned_hybrid,exact_marginal_affine,none,exact_labels,3,64,4032,96,6144,0.7960610283058639,,0.04719161837188831,0.05929633536489144,-6.925591851872172e-05,0.9543531998194369
measurement_conditioned_hybrid,exact_marginal_affine,none,exact_labels,3,64,4032,128,8192,0.8874980060375006,,0.041831148009182834,0.05241892862819422,0.000756707256592273,0.9644458845920031
marginal_only_prior,summary_ridge,none,exact_labels,3,64,4032,0,0,0.0,,0.09769151327861954,0.11983189065095251,-0.002485776957797858,0.8002379944025372
measurement_conditioned_hybrid,summary_ridge,none,exact_labels,3,64,4032,4,256,0.13315053394740725,,0.09103553817573083,0.1123745435107842,-0.0024425452065911456,0.8255704756213744
measurement_conditioned_hybrid,summary_ridge,none,exact_labels,3,64,4032,8,512,0.2955418805015173,,0.08676173304136958,0.10814764937528099,-0.0023531699138799943,0.8378419735491515
measurement_conditioned_hybrid,summary_ridge,none,exact_labels,3,64,4032,16,1024,0.37661829448225825,,0.07723247487750368,0.09571131982487624,-0.0020015419511405295,0.8761553958077765
measurement_conditioned_hybrid,summary_ridge,none,exact_labels,3,64,4032,32,2048,0.4581583534918953,,0.06747453765143485,0.08384873409993097,5.632272955227784e-05,0.9081584617078269
measurement_conditioned_hybrid,summary_ridge,none,exact_labels,3,64,4032,48,3072,0.553199319467246,,0.059472825317060114,0.07389195211235441,-0.001162810623874512,0.9295398186463811
measurement_conditioned_hybrid,summary_ridge,none,exact_labels,3,64,4032,64,4096,0.6995119749045756,,0.054316589972708,0.06792268798829272,-0.0006159229900033797,0.9394720361663065
measurement_conditioned_hybrid,summary_ridge,none,exact_labels,3,64,4032,96,6144,0.7593628482708472,,0.04608369330240808,0.05777667990580956,-0.002321620684972086,0.9568096911845552
measurement_conditioned_hybrid,summary_ridge,none,exact_labels,3,64,4032,128,8192,0.8242509127868459,,0.0411067296012198,0.05119219037964565,-0.0006242622929299374,0.9660432659756703
marginal_only_prior,bidir_affine,bidir_seed0,exact_labels,3,64,4032,0,0,0.0,,0.08901567348549776,0.1166481543547977,0.01846162564269483,0.8161332729456378
measurement_conditioned_hybrid,bidir_affine,bidir_seed0,exact_labels,3,64,4032,4,256,0.09203572091459261,,0.0841783499372576,0.10975429022573355,0.016563598802199465,0.8392049396399925
measurement_conditioned_hybrid,bidir_affine,bidir_seed0,exact_labels,3,64,4032,8,512,0.24014558074515402,,0.08117085489866038,0.10470217526691439,0.013538950691257002,0.8518805186338547
measurement_conditioned_hybrid,bidir_affine,bidir_seed0,exact_labels,3,64,4032,16,1024,0.3145159468744086,,0.07407453572932518,0.09498671105448449,0.012277720716558038,0.880792912943067
measurement_conditioned_hybrid,bidir_affine,bidir_seed0,exact_labels,3,64,4032,32,2048,0.39971335306504713,,0.06570158537304133,0.08428314053786443,0.012306485685173013,0.9096939368870874
measurement_conditioned_hybrid,bidir_affine,bidir_seed0,exact_labels,3,64,4032,48,3072,0.4961351830111705,,0.05872228198694146,0.07445148293113212,0.009255380686358108,0.9300479732108912
measurement_conditioned_hybrid,bidir_affine,bidir_seed0,exact_labels,3,64,4032,64,4096,0.6369582526855542,,0.05332583558047521,0.06709156233446743,0.006821647324613728,0.9421061471208756
measurement_conditioned_hybrid,bidir_affine,bidir_seed0,exact_labels,3,64,4032,96,6144,0.7308481172498491,,0.04545277014559803,0.05721647506158,0.003310247953804858,0.9578501531059193
measurement_conditioned_hybrid,bidir_affine,bidir_seed0,exact_labels,3,64,4032,128,8192,0.8182188279263509,,0.0403306222128368,0.05048289471936213,0.0031699580500100404,0.9671111900992779
marginal_only_prior,bidir_affine,bidir_seed1,exact_labels,3,64,4032,0,0,0.0,,0.09152094860546377,0.1196573242376137,0.020654055763288597,0.8063439617604998
measurement_conditioned_hybrid,bidir_affine,bidir_seed1,exact_labels,3,64,4032,4,256,0.09385399395103187,,0.08630785279935348,0.11230976087877649,0.018512762865026292,0.8317274180640344
measurement_conditioned_hybrid,bidir_affine,bidir_seed1,exact_labels,3,64,4032,8,512,0.24491724503995052,,0.08279856477999274,0.10673668659609034,0.015096603897540193,0.846098736997489
measurement_conditioned_hybrid,bidir_affine,bidir_seed1,exact_labels,3,64,4032,16,1024,0.32034571705758147,,0.07540943742178992,0.09667899228328103,0.013653192291565239,0.8766789909535527
measurement_conditioned_hybrid,bidir_affine,bidir_seed1,exact_labels,3,64,4032,32,2048,0.40797691881533016,,0.06673408520133552,0.08555758634384289,0.013477205221755838,0.9072332607701361
measurement_conditioned_hybrid,bidir_affine,bidir_seed1,exact_labels,3,64,4032,48,3072,0.5038862210180123,,0.059401031963312576,0.07535660380526747,0.010199247834480849,0.9286017760563731
measurement_conditioned_hybrid,bidir_affine,bidir_seed1,exact_labels,3,64,4032,64,4096,0.64412946856479,,0.053786596975457124,0.06765365278565534,0.007470819509957057,0.9412544738794886
measurement_conditioned_hybrid,bidir_affine,bidir_seed1,exact_labels,3,64,4032,96,6144,0.7383700318288176,,0.045723734887791474,0.05754755500969825,0.0037279148633409926,0.9573929376800728
measurement_conditioned_hybrid,bidir_affine,bidir_seed1,exact_labels,3,64,4032,128,8192,0.8268992241305172,,0.040540972310349914,0.05074587228415388,0.00338724173575272,0.9667741053949522
marginal_only_prior,bidir_affine,bidir_seed2,exact_labels,3,64,4032,0,0,0.0,,0.08860800414968968,0.11635029177196006,0.018629886885497025,0.8170118334643706
measurement_conditioned_hybrid,bidir_affine,bidir_seed2,exact_labels,3,64,4032,4,256,0.09047234060119165,,0.0838981874220626,0.10952503722875577,0.016748878209937736,0.8398307640829984
measurement_conditioned_hybrid,bidir_affine,bidir_seed2,exact_labels,3,64,4032,8,512,0.23738599367984056,,0.08086889161876668,0.1043932812269734,0.013723837050548042,0.8529012602565758
measurement_conditioned_hybrid,bidir_affine,bidir_seed2,exact_labels,3,64,4032,16,1024,0.31072380997119026,,0.07382160970359537,0.09486358507310481,0.012468258883121012,0.8811400960681508
measurement_conditioned_hybrid,bidir_affine,bidir_seed2,exact_labels,3,64,4032,32,2048,0.3972288494916696,,0.065621747471475,0.0842255148268211,0.012446167292895813,0.9097358546902101
measurement_conditioned_hybrid,bidir_affine,bidir_seed2,exact_labels,3,64,4032,48,3072,0.49369286143985636,,0.058676808783760845,0.07441658219127961,0.009385892079364615,0.9300534616035623
measurement_conditioned_hybrid,bidir_affine,bidir_seed2,exact_labels,3,64,4032,64,4096,0.635671647545189,,0.053298038684377436,0.06706173831125051,0.006906461498785946,0.9421344612516207
measurement_conditioned_hybrid,bidir_affine,bidir_seed2,exact_labels,3,64,4032,96,6144,0.7302913891861965,,0.04538283013681069,0.05718211391659582,0.0033671711153141818,0.9578813377483557
measurement_conditioned_hybrid,bidir_affine,bidir_seed2,exact_labels,3,64,4032,128,8192,0.8170512812513514,,0.0402996940502313,0.05045868139735705,0.0032225614742407154,0.9671465004634912
marginal_only_prior,bidir_affine,bidir_seed3,exact_labels,3,64,4032,0,0,0.0,,0.08936944771914437,0.11684975007036921,0.017903013193700117,0.8153198809872293
measurement_conditioned_hybrid,bidir_affine,bidir_seed3,exact_labels,3,64,4032,4,256,0.09928518096438782,,0.08445653084311142,0.10973204088235247,0.015910944711411693,0.8389634814076565
measurement_conditioned_hybrid,bidir_affine,bidir_seed3,exact_labels,3,64,4032,8,512,0.2441708308344102,,0.08159626575177813,0.10492779945111429,0.013034222668192898,0.8509608898361396
measurement_conditioned_hybrid,bidir_affine,bidir_seed3,exact_labels,3,64,4032,16,1024,0.32211885450211813,,0.07424724146779715,0.09504025989266457,0.011749562101536859,0.880394431374526
measurement_conditioned_hybrid,bidir_affine,bidir_seed3,exact_labels,3,64,4032,32,2048,0.40855606075927703,,0.06573240186716657,0.08407686729479989,0.011839929898942928,0.9099624871039229
measurement_conditioned_hybrid,bidir_affine,bidir_seed3,exact_labels,3,64,4032,48,3072,0.5042047726610793,,0.05876478817555856,0.07426414595518764,0.008828684637128078,0.9302544606235736
measurement_conditioned_hybrid,bidir_affine,bidir_seed3,exact_labels,3,64,4032,64,4096,0.6467721999682077,,0.05337678746435659,0.06709032655044929,0.006444986674602548,0.9419408816128686
measurement_conditioned_hybrid,bidir_affine,bidir_seed3,exact_labels,3,64,4032,96,6144,0.7374775267885547,,0.045450422555857926,0.057237530629509085,0.0030261638429339563,0.9577463723126705
measurement_conditioned_hybrid,bidir_affine,bidir_seed3,exact_labels,3,64,4032,128,8192,0.8269143680831561,,0.04037649267641404,0.050579983010814226,0.002910759567222309,0.9669526319876429
marginal_only_prior,bidir_affine,bidir_seed4,exact_labels,3,64,4032,0,0,0.0,,0.08865658698570027,0.11616123805236911,0.018454154655091044,0.8179940679468163
measurement_conditioned_hybrid,bidir_affine,bidir_seed4,exact_labels,3,64,4032,4,256,0.09141502628918337,,0.08385954784203384,0.10934024202580855,0.01656961118617154,0.8406633200562091
measurement_conditioned_hybrid,bidir_affine,bidir_seed4,exact_labels,3,64,4032,8,512,0.23747015198663873,,0.08083263963775227,0.10431264428817108,0.013588096682182084,0.8531735985176848
measurement_conditioned_hybrid,bidir_affine,bidir_seed4,exact_labels,3,64,4032,16,1024,0.31316998706087645,,0.07384901970187341,0.094798246948123,0.012299053219337564,0.8813243496511723
measurement_conditioned_hybrid,bidir_affine,bidir_seed4,exact_labels,3,64,4032,32,2048,0.39984466920416073,,0.06549100117528549,0.08404878285305845,0.012299979810011224,0.9102199515645697
measurement_conditioned_hybrid,bidir_affine,bidir_seed4,exact_labels,3,64,4032,48,3072,0.49534058107718704,,0.05859257762586441,0.07426709128007368,0.009266354952320238,0.9304273620075715
measurement_conditioned_hybrid,bidir_affine,bidir_seed4,exact_labels,3,64,4032,64,4096,0.6363101920241844,,0.05322293904357651,0.06695406866232392,0.006830773069843087,0.9423574371737558
measurement_conditioned_hybrid,bidir_affine,bidir_seed4,exact_labels,3,64,4032,96,6144,0.7313381935625634,,0.045384876821019125,0.057133892751608004,0.0032980809018501108,0.9579609623105111
measurement_conditioned_hybrid,bidir_affine,bidir_seed4,exact_labels,3,64,4032,128,8192,0.8194791478584466,,0.04026972697767207,0.05044105829079694,0.003145055298845214,0.9671617621955335
marginal_only_prior,exact_marginal_affine,none,finite_64shot_labels,3,64,4032,0,4096,0.0,,0.10933433105881613,0.13566380884355533,0.01694875728505568,0.7378089223588842
measurement_conditioned_hybrid,exact_marginal_affine,none,finite_64shot_labels,3,64,4032,4,4352,0.15331378829593711,,0.10014907088073086,0.12466219136766571,0.014018953639146129,0.782563264177737
measurement_conditioned_hybrid,exact_marginal_affine,none,finite_64shot_labels,3,64,4032,8,4608,0.27171053973088216,,0.09380595935351166,0.11683661169593935,0.01179010362730726,0.8105069334506223
measurement_conditioned_hybrid,exact_marginal_affine,none,finite_64shot_labels,3,64,4032,16,5120,0.45375877142209536,,0.08324452310454325,0.10387712411112449,0.008713584876164365,0.8525733386000875
measurement_conditioned_hybrid,exact_marginal_affine,none,finite_64shot_labels,3,64,4032,32,6144,0.5423510469464755,,0.0706870863351874,0.08826451361231151,0.00941766162019344,0.897885332830988
measurement_conditioned_hybrid,exact_marginal_affine,none,finite_64shot_labels,3,64,4032,48,7168,0.5654711409639894,,0.06341349229044316,0.07865766232134024,0.007311403209425519,0.9218703340150898
measurement_conditioned_hybrid,exact_marginal_affine,none,finite_64shot_labels,3,64,4032,64,8192,0.8028293726357648,,0.05610448324770763,0.07081469787870766,0.003492172357659459,0.9343385480823301
measurement_conditioned_hybrid,exact_marginal_affine,none,finite_64shot_labels,3,64,4032,96,10240,0.7932415439710556,,0.04724226781628074,0.059318709209229104,0.0017039573807856154,0.954366695948918
measurement_conditioned_hybrid,exact_marginal_affine,none,finite_64shot_labels,3,64,4032,128,12288,0.9061790386547899,,0.0421047306459187,0.052820696550788235,0.001384133496914745,0.9641300239953479
marginal_only_prior,summary_ridge,none,finite_64shot_labels,3,64,4032,0,4096,0.0,,0.09632618553277006,0.12028271962839063,0.007123628687134221,0.7982276371210987
measurement_conditioned_hybrid,summary_ridge,none,finite_64shot_labels,3,64,4032,4,4352,0.12986943485096764,,0.08998984051740563,0.11275169419010458,0.005917827039985161,0.8242686254452378
measurement_conditioned_hybrid,summary_ridge,none,finite_64shot_labels,3,64,4032,8,4608,0.2372292169765072,,0.08510346759098415,0.10658886217212467,0.004950439574749717,0.8439443839184328
measurement_conditioned_hybrid,summary_ridge,none,finite_64shot_labels,3,64,4032,16,5120,0.4083247116125175,,0.07747799419419302,0.09647346127453257,0.003724872265414623,0.8735894448574674
measurement_conditioned_hybrid,summary_ridge,none,finite_64shot_labels,3,64,4032,32,6144,0.48423461341830865,,0.06705516413244365,0.08376484950333814,0.005157206133941483,0.9077661314135541
measurement_conditioned_hybrid,summary_ridge,none,finite_64shot_labels,3,64,4032,48,7168,0.5062051919674814,,0.06055413303304219,0.07556285221683422,0.003469878371740473,0.9272200306192063
measurement_conditioned_hybrid,summary_ridge,none,finite_64shot_labels,3,64,4032,64,8192,0.7725427688851831,,0.05483297339445681,0.06903331641107323,0.0017650232262143599,0.9376152754215151
measurement_conditioned_hybrid,summary_ridge,none,finite_64shot_labels,3,64,4032,96,10240,0.7585470501066903,,0.04613721509040748,0.0577438044543911,-1.5777015340447714e-06,0.9567642521078201
measurement_conditioned_hybrid,summary_ridge,none,finite_64shot_labels,3,64,4032,128,12288,0.852606975228594,,0.04120809385546777,0.051464411763345964,0.0008561373110871225,0.9656917893158997
marginal_only_prior,bidir_affine,bidir_seed0,finite_64shot_labels,3,64,4032,0,4096,0.0,,0.08698548950691072,0.11788880296879703,0.027243538362139403,0.8161332729456376
measurement_conditioned_hybrid,bidir_affine,bidir_seed0,finite_64shot_labels,3,64,4032,4,4352,0.08339011962860088,,0.08292556440122989,0.11113635309399154,0.02479148257813723,0.8382923484891851
measurement_conditioned_hybrid,bidir_affine,bidir_seed0,finite_64shot_labels,3,64,4032,8,4608,0.1619897844619588,,0.07957050495635047,0.10580997700964243,0.022500376373631618,0.8538785787625478
measurement_conditioned_hybrid,bidir_affine,bidir_seed0,finite_64shot_labels,3,64,4032,16,5120,0.334775327458565,,0.0740614152285284,0.09552327126048459,0.017721332720962685,0.8807541610810516
measurement_conditioned_hybrid,bidir_affine,bidir_seed0,finite_64shot_labels,3,64,4032,32,6144,0.4030764173525234,,0.06558873654862167,0.08484467482588536,0.01749682904794492,0.9094263560034272
measurement_conditioned_hybrid,bidir_affine,bidir_seed0,finite_64shot_labels,3,64,4032,48,7168,0.4222459278246699,,0.060509297966520284,0.07841648430475022,0.01570024965808055,0.924371279057211
measurement_conditioned_hybrid,bidir_affine,bidir_seed0,finite_64shot_labels,3,64,4032,64,8192,0.6820727009352473,,0.0533774025959519,0.06707863248591225,0.008789221295972082,0.9419764721264308
measurement_conditioned_hybrid,bidir_affine,bidir_seed0,finite_64shot_labels,3,64,4032,96,10240,0.6836818718742919,,0.04609194059021776,0.05810731616594009,0.0070659402518460715,0.9573409323289912
measurement_conditioned_hybrid,bidir_affine,bidir_seed0,finite_64shot_labels,3,64,4032,128,12288,0.789663103898339,,0.04041419401957063,0.05056321685634931,0.00555079539913972,0.9673345239773865
marginal_only_prior,bidir_affine,bidir_seed1,finite_64shot_labels,3,64,4032,0,4096,0.0,,0.08938634788648527,0.12101990893417326,0.029567196270800438,0.8063439617604998
measurement_conditioned_hybrid,bidir_affine,bidir_seed1,finite_64shot_labels,3,64,4032,4,4352,0.0843029580449861,,0.08507873631072367,0.11386644453393842,0.02689240757386169,0.8305341937602841
measurement_conditioned_hybrid,bidir_affine,bidir_seed1,finite_64shot_labels,3,64,4032,8,4608,0.16537975986130996,,0.08138801461951517,0.10815815350770694,0.024340487699947556,0.8476242076013406
measurement_conditioned_hybrid,bidir_affine,bidir_seed1,finite_64shot_labels,3,64,4032,16,5120,0.3379936680626011,,0.07533385077472314,0.09725502810677443,0.019168067871764307,0.8767036330393028
measurement_conditioned_hybrid,bidir_affine,bidir_seed1,finite_64shot_labels,3,64,4032,32,6144,0.4078630413338695,,0.06667115289776417,0.08629086985504955,0.01875700838869951,0.9066903369854593
measurement_conditioned_hybrid,bidir_affine,bidir_seed1,finite_64shot_labels,3,64,4032,48,7168,0.427511284857467,,0.061428606762400244,0.07967584897697419,0.016886574136840877,0.9223441616021879
measurement_conditioned_hybrid,bidir_affine,bidir_seed1,finite_64shot_labels,3,64,4032,64,8192,0.6829609656759088,,0.05379133855027721,0.06760550557565159,0.009501878458755723,0.9412180516139641
measurement_conditioned_hybrid,bidir_affine,bidir_seed1,finite_64shot_labels,3,64,4032,96,10240,0.6863493361137489,,0.04648496556782917,0.05862608574769781,0.007716031854689368,0.9567511877252405
measurement_conditioned_hybrid,bidir_affine,bidir_seed1,finite_64shot_labels,3,64,4032,128,12288,0.7913383640777175,,0.04066612741212251,0.05086196565683457,0.0059896327828221265,0.9670228367915742
marginal_only_prior,bidir_affine,bidir_seed2,finite_64shot_labels,3,64,4032,0,4096,0.0,,0.08660413604835883,0.11764302762850845,0.027415504376424052,0.8170118334643706
measurement_conditioned_hybrid,bidir_affine,bidir_seed2,finite_64shot_labels,3,64,4032,4,4352,0.0818091768513708,,0.08270787126117217,0.11096824741714012,0.02499586723499805,0.8388516374394236
measurement_conditioned_hybrid,bidir_affine,bidir_seed2,finite_64shot_labels,3,64,4032,8,4608,0.15873690911964833,,0.07932178298459855,0.10566974489989073,0.02274029125451031,0.8543865189383105
measurement_conditioned_hybrid,bidir_affine,bidir_seed2,finite_64shot_labels,3,64,4032,16,5120,0.3312119986470276,,0.07382379947423298,0.09541238007634001,0.01793769532236019,0.88114815536448
measurement_conditioned_hybrid,bidir_affine,bidir_seed2,finite_64shot_labels,3,64,4032,32,6144,0.4006924937601845,,0.06555246283509827,0.08481272416171878,0.017657534745293007,0.9094682990202411
measurement_conditioned_hybrid,bidir_affine,bidir_seed2,finite_64shot_labels,3,64,4032,48,7168,0.41938664600383974,,0.06050904613005422,0.07845248658718607,0.015878261991625203,0.9242183277079202
measurement_conditioned_hybrid,bidir_affine,bidir_seed2,finite_64shot_labels,3,64,4032,64,8192,0.6816426111480849,,0.053351513339329235,0.06705774999694497,0.008855604556205349,0.9420207302425223
measurement_conditioned_hybrid,bidir_affine,bidir_seed2,finite_64shot_labels,3,64,4032,96,10240,0.6826067009512794,,0.04602916418883121,0.05808926566902604,0.007152252781334143,0.9573441448123772
measurement_conditioned_hybrid,bidir_affine,bidir_seed2,finite_64shot_labels,3,64,4032,128,12288,0.7883289733164677,,0.040388132840690136,0.05055091559060694,0.005623845367441816,0.9673565196097567
marginal_only_prior,bidir_affine,bidir_seed3,finite_64shot_labels,3,64,4032,0,4096,0.0,,0.08743867763785945,0.11804820298091785,0.026631842349365133,0.8153198809872295
measurement_conditioned_hybrid,bidir_affine,bidir_seed3,finite_64shot_labels,3,64,4032,4,4352,0.09175998101455961,,0.0832826794917306,0.11096341282879946,0.023989803085546515,0.838450961175805
measurement_conditioned_hybrid,bidir_affine,bidir_seed3,finite_64shot_labels,3,64,4032,8,4608,0.16786285227481046,,0.07993424083907931,0.10577618375881448,0.021819394307285477,0.8536767595841255
measurement_conditioned_hybrid,bidir_affine,bidir_seed3,finite_64shot_labels,3,64,4032,16,5120,0.344920724270714,,0.07433097552551593,0.09558920398532036,0.017032052030078813,0.8802064369690968
measurement_conditioned_hybrid,bidir_affine,bidir_seed3,finite_64shot_labels,3,64,4032,32,6144,0.41550977933717,,0.06560896692591447,0.08449893965074734,0.016838650099314463,0.9099262045430585
measurement_conditioned_hybrid,bidir_affine,bidir_seed3,finite_64shot_labels,3,64,4032,48,7168,0.4351806408877604,,0.06041209781093098,0.07779291162359964,0.015001144881196485,0.925467793199704
measurement_conditioned_hybrid,bidir_affine,bidir_seed3,finite_64shot_labels,3,64,4032,64,8192,0.697309940754051,,0.05349615586673676,0.06719968367208097,0.008191804701872354,0.9415933199659383
measurement_conditioned_hybrid,bidir_affine,bidir_seed3,finite_64shot_labels,3,64,4032,96,10240,0.6977762371258327,,0.04592009795683576,0.05787393759021553,0.006465102220470827,0.9574793140805467
measurement_conditioned_hybrid,bidir_affine,bidir_seed3,finite_64shot_labels,3,64,4032,128,12288,0.8074043032902454,,0.040383768139773554,0.05056507544910054,0.004945618961523855,0.9671981038052672
marginal_only_prior,bidir_affine,bidir_seed4,finite_64shot_labels,3,64,4032,0,4096,0.0,,0.08663632059737836,0.1174015523757337,0.027227828542483873,0.8179940679468163
measurement_conditioned_hybrid,bidir_affine,bidir_seed4,finite_64shot_labels,3,64,4032,4,4352,0.08292685437589244,,0.08262472209090169,0.11071565192941121,0.024790697668704426,0.8397883859147837
measurement_conditioned_hybrid,bidir_affine,bidir_seed4,finite_64shot_labels,3,64,4032,8,4608,0.15888915738055118,,0.07926928490373636,0.10550497096480099,0.02257795097006004,0.8549902274615921
measurement_conditioned_hybrid,bidir_affine,bidir_seed4,finite_64shot_labels,3,64,4032,16,5120,0.33402107605623366,,0.07385086235628383,0.0953423246789639,0.01773232391513925,0.8812635030469597
measurement_conditioned_hybrid,bidir_affine,bidir_seed4,finite_64shot_labels,3,64,4032,32,6144,0.403903963891653,,0.06539380879734792,0.0845891885123701,0.01746745375125267,0.9100081831123353
measurement_conditioned_hybrid,bidir_affine,bidir_seed4,finite_64shot_labels,3,64,4032,48,7168,0.42182156512621233,,0.06035001681069003,0.0781780843098073,0.015702767735766364,0.9249067905171774
measurement_conditioned_hybrid,bidir_affine,bidir_seed4,finite_64shot_labels,3,64,4032,64,8192,0.6826636875299957,,0.05327474009326688,0.06696089751784709,0.00876824612946496,0.942182493292573
measurement_conditioned_hybrid,bidir_affine,bidir_seed4,finite_64shot_labels,3,64,4032,96,10240,0.6850632476369999,,0.045986763780540625,0.05796888528531303,0.007020223917379871,0.9575216064002164
measurement_conditioned_hybrid,bidir_affine,bidir_seed4,finite_64shot_labels,3,64,4032,128,12288,0.7923143615810806,,0.04032290423705386,0.05048760192484002,0.005474700304849569,0.9674111695201969
stratified_dfe,none,none,none,4,0,4032,4,0,1.0,0.3207695375009817,0.2764900275949566,0.32448037273362146,-0.00017696670034811612,0.5131144092058348
stratified_dfe,none,none,none,4,0,4032,8,0,1.0,0.2268183151650167,0.1834396210458455,0.22575926205183353,-0.002099089716221132,0.6563651303771327
stratified_dfe,none,none,none,4,0,4032,16,0,1.0,0.16038476875049085,0.1295048118890485,0.161666769000143,-0.001169030192411608,0.7758749345779302
stratified_dfe,none,none,none,4,0,4032,32,0,1.0,0.11340915758250834,0.09076827508027828,0.11389353872348347,0.0009701067123502966,0.8692897058781748
stratified_dfe,none,none,none,4,0,4032,48,0,1.0,0.09259818941201176,0.07348156771770427,0.09255460081154027,-0.0023471055892370094,0.9075188291043731
stratified_dfe,none,none,none,4,0,4032,64,0,1.0,0.08019238437524542,0.06412212520519951,0.08092476853080348,-1.4206283681449436e-05,0.9249255224066867
stratified_dfe,none,none,none,4,0,4032,96,0,1.0,0.06547680765882988,0.05252024347748528,0.06615890236856824,-0.0018614078379142539,0.9491369989668669
stratified_dfe,none,none,none,4,0,4032,128,0,1.0,0.05670457879125417,0.04579731869503915,0.05779470235772749,0.0011677443611598204,0.9599057812390959
marginal_only_prior,exact_marginal_affine,none,exact_labels,4,64,4032,0,0,0.0,,0.11013336908409539,0.13503190492487138,0.008519630542162662,0.7378089223588842
measurement_conditioned_hybrid,exact_marginal_affine,none,exact_labels,4,64,4032,4,256,0.16839137833426313,,0.10097382432537236,0.12477219860254629,0.007055198545678331,0.7793187706735829
measurement_conditioned_hybrid,exact_marginal_affine,none,exact_labels,4,64,4032,8,512,0.2214244812190963,,0.09458566947996477,0.11693473204767385,0.006168385917739322,0.8116078289473517
measurement_conditioned_hybrid,exact_marginal_affine,none,exact_labels,4,64,4032,16,1024,0.41269698688398393,,0.08332859453982495,0.10344780966839465,0.004521149450062698,0.8538962619728353
measurement_conditioned_hybrid,exact_marginal_affine,none,exact_labels,4,64,4032,32,2048,0.5599799099442372,,0.0700935920585038,0.0872283779356303,0.0042920488678224655,0.898660422271028
measurement_conditioned_hybrid,exact_marginal_affine,none,exact_labels,4,64,4032,48,3072,0.7057417047911854,,0.06092485826237029,0.07596646721760379,0.0008505216592726933,0.9235268345087524
measurement_conditioned_hybrid,exact_marginal_affine,none,exact_labels,4,64,4032,64,4096,0.7736887569476388,,0.055528406606898464,0.0698212262640991,0.0019170969363813553,0.9358528099669237
measurement_conditioned_hybrid,exact_marginal_affine,none,exact_labels,4,64,4032,96,6144,0.8550414424178939,,0.04734685870275267,0.059348285315982234,-0.00035658748813382276,0.9542709251979368
measurement_conditioned_hybrid,exact_marginal_affine,none,exact_labels,4,64,4032,128,8192,0.8860204840849628,,0.04229836615884066,0.053518740821940435,0.002005708789132977,0.9629429716324949
marginal_only_prior,summary_ridge,none,exact_labels,4,64,4032,0,0,0.0,,0.09769151327861954,0.11983189065095251,-0.002485776957797858,0.8002379944025372
measurement_conditioned_hybrid,summary_ridge,none,exact_labels,4,64,4032,4,256,0.1470686255164763,,0.09084466502571356,0.1124889454375648,-0.002146223406656372,0.8248791755036848
measurement_conditioned_hybrid,summary_ridge,none,exact_labels,4,64,4032,8,512,0.17126889209661023,,0.08666831350545363,0.10709067614837772,-0.00241954946234512,0.8449137445796858
measurement_conditioned_hybrid,summary_ridge,none,exact_labels,4,64,4032,16,1024,0.36532594032398985,,0.07808188353464095,0.0965479112082867,-0.00200473520756458,0.8739086430801971
measurement_conditioned_hybrid,summary_ridge,none,exact_labels,4,64,4032,32,2048,0.4822837099281791,,0.06667330723904914,0.0826250277033416,-0.0008190605602786279,0.9099938085886863
measurement_conditioned_hybrid,summary_ridge,none,exact_labels,4,64,4032,48,3072,0.6583446452067098,,0.05858498092223023,0.07296544864502788,-0.002394483404862342,0.9297486295597477
measurement_conditioned_hybrid,summary_ridge,none,exact_labels,4,64,4032,64,4096,0.7303059470341777,,0.05367643880772582,0.06727947504403528,-0.0006807741959753755,0.940546612760968
measurement_conditioned_hybrid,summary_ridge,none,exact_labels,4,64,4032,96,6144,0.7910268535614513,,0.0461371097820639,0.05752270920152954,-0.001991884217435398,0.9569478407820562
measurement_conditioned_hybrid,summary_ridge,none,exact_labels,4,64,4032,128,8192,0.8776299048877797,,0.041825592673311665,0.052749533771776956,0.0007206626098644507,0.9640669834387704
marginal_only_prior,bidir_affine,bidir_seed0,exact_labels,4,64,4032,0,0,0.0,,0.08901567348549776,0.1166481543547977,0.01846162564269483,0.8161332729456378
measurement_conditioned_hybrid,bidir_affine,bidir_seed0,exact_labels,4,64,4032,4,256,0.12287353700212081,,0.0845909339134017,0.10976210851865428,0.016171435876764503,0.8380677607224631
measurement_conditioned_hybrid,bidir_affine,bidir_seed0,exact_labels,4,64,4032,8,512,0.17033032223859318,,0.08020184046431642,0.10433107880490866,0.014959512370154658,0.8557746050243543
measurement_conditioned_hybrid,bidir_affine,bidir_seed0,exact_labels,4,64,4032,16,1024,0.3118705811404242,,0.073746368356386,0.09453113235763909,0.012339401599232525,0.8823471605109635
measurement_conditioned_hybrid,bidir_affine,bidir_seed0,exact_labels,4,64,4032,32,2048,0.41885781229629504,,0.06465575235200079,0.08266063230432433,0.011135166289791486,0.9123096555158229
measurement_conditioned_hybrid,bidir_affine,bidir_seed0,exact_labels,4,64,4032,48,3072,0.6116682664292113,,0.05735132938510582,0.07196806718059588,0.005733585083467691,0.9322109491754136
measurement_conditioned_hybrid,bidir_affine,bidir_seed0,exact_labels,4,64,4032,64,4096,0.6879143310719064,,0.053163433141584546,0.06674232335967782,0.0057518360820647185,0.9420495617022375
measurement_conditioned_hybrid,bidir_affine,bidir_seed0,exact_labels,4,64,4032,96,6144,0.7848260276820154,,0.04565439816281482,0.05709379392488353,0.002511580005659799,0.9576451656412869
measurement_conditioned_hybrid,bidir_affine,bidir_seed0,exact_labels,4,64,4032,128,8192,0.8258545067281292,,0.041210301360397085,0.05207603787992188,0.004179395847517907,0.9650444149282111
marginal_only_prior,bidir_affine,bidir_seed1,exact_labels,4,64,4032,0,0,0.0,,0.09152094860546377,0.1196573242376137,0.020654055763288597,0.8063439617604998
measurement_conditioned_hybrid,bidir_affine,bidir_seed1,exact_labels,4,64,4032,4,256,0.12454038214035681,,0.08661787428407208,0.11229827449627909,0.01805975226529293,0.8305168240276608
measurement_conditioned_hybrid,bidir_affine,bidir_seed1,exact_labels,4,64,4032,8,512,0.175797007304932,,0.08184492689931361,0.1064693392640345,0.01665412088121705,0.8499486927395707
measurement_conditioned_hybrid,bidir_affine,bidir_seed1,exact_labels,4,64,4032,16,1024,0.3172252860939316,,0.07505150360043185,0.09618790519775691,0.013731221077539166,0.8784180404526025
measurement_conditioned_hybrid,bidir_affine,bidir_seed1,exact_labels,4,64,4032,32,2048,0.42945426543650494,,0.06548391184210188,0.08370194166556037,0.01220069988272827,0.910316371439149
measurement_conditioned_hybrid,bidir_affine,bidir_seed1,exact_labels,4,64,4032,48,3072,0.619532422616792,,0.057842296968385956,0.07262217142418537,0.0064040905475586775,0.9310396863120972
measurement_conditioned_hybrid,bidir_affine,bidir_seed1,exact_labels,4,64,4032,64,4096,0.6959019571537971,,0.05357409683353991,0.06730426266227725,0.006270971753834596,0.9411135935178369
measurement_conditioned_hybrid,bidir_affine,bidir_seed1,exact_labels,4,64,4032,96,6144,0.7934725001270678,,0.04592572859482396,0.057468815993803046,0.002788654568122175,0.9570999791472531
measurement_conditioned_hybrid,bidir_affine,bidir_seed1,exact_labels,4,64,4032,128,8192,0.8303068106031878,,0.04142174461113849,0.05233963243963363,0.004474438692566524,0.9647144474939232
marginal_only_prior,bidir_affine,bidir_seed2,exact_labels,4,64,4032,0,0,0.0,,0.08860800414968968,0.11635029177196006,0.018629886885497025,0.8170118334643706
measurement_conditioned_hybrid,bidir_affine,bidir_seed2,exact_labels,4,64,4032,4,256,0.12178387942346622,,0.08432758795290052,0.10952678941564127,0.016339515296063672,0.8387521648938527
measurement_conditioned_hybrid,bidir_affine,bidir_seed2,exact_labels,4,64,4032,8,512,0.16841004905231957,,0.0799391935627526,0.10415696463774933,0.015138918919197268,0.8561913865009564
measurement_conditioned_hybrid,bidir_affine,bidir_seed2,exact_labels,4,64,4032,16,1024,0.31116917313506737,,0.07362675267655114,0.09437322920991523,0.012469074229394405,0.8826822009755158
measurement_conditioned_hybrid,bidir_affine,bidir_seed2,exact_labels,4,64,4032,32,2048,0.4154353142169888,,0.06458724828112711,0.08265825990104762,0.011293390560262833,0.9122707793184545
measurement_conditioned_hybrid,bidir_affine,bidir_seed2,exact_labels,4,64,4032,48,3072,0.6098739993453455,,0.05726995950754845,0.07189357985007529,0.005836564590693763,0.932360712690444
measurement_conditioned_hybrid,bidir_affine,bidir_seed2,exact_labels,4,64,4032,64,4096,0.6850450348711247,,0.053137182826187485,0.06669801928079261,0.005857843430276659,0.9421437512681363
measurement_conditioned_hybrid,bidir_affine,bidir_seed2,exact_labels,4,64,4032,96,6144,0.781397700412357,,0.04562614118090312,0.05706378416840691,0.002618036310151588,0.9576957961035516
measurement_conditioned_hybrid,bidir_affine,bidir_seed2,exact_labels,4,64,4032,128,8192,0.8214801403044882,,0.04120943068570928,0.05204848897353891,0.004285083594587528,0.9650941503735921
marginal_only_prior,bidir_affine,bidir_seed3,exact_labels,4,64,4032,0,0,0.0,,0.08936944771914437,0.11684975007036921,0.017903013193700117,0.8153198809872293
measurement_conditioned_hybrid,bidir_affine,bidir_seed3,exact_labels,4,64,4032,4,256,0.1258321833371145,,0.0850535054803313,0.10997500741938213,0.01562796984894087,0.8371393835002748
measurement_conditioned_hybrid,bidir_affine,bidir_seed3,exact_labels,4,64,4032,8,512,0.1722647772226396,,0.08057524790816493,0.1045144316793363,0.014457355391938246,0.8550875216523456
measurement_conditioned_hybrid,bidir_affine,bidir_seed3,exact_labels,4,64,4032,16,1024,0.3217501831114787,,0.07401545613711875,0.09453163066265076,0.01176657974190863,0.8820258070144009
measurement_conditioned_hybrid,bidir_affine,bidir_seed3,exact_labels,4,64,4032,32,2048,0.4285987666110144,,0.06479766099011203,0.08254899809202032,0.01064559036065391,0.9122946030813172
measurement_conditioned_hybrid,bidir_affine,bidir_seed3,exact_labels,4,64,4032,48,3072,0.6198815406237594,,0.0574450936259575,0.07201376052979752,0.005350338364718923,0.9320284973002279
measurement_conditioned_hybrid,bidir_affine,bidir_seed3,exact_labels,4,64,4032,64,4096,0.6956989569505193,,0.05323436175498008,0.0668153602826794,0.005438022291832229,0.9418397124628037
measurement_conditioned_hybrid,bidir_affine,bidir_seed3,exact_labels,4,64,4032,96,6144,0.7921433048291602,,0.045719733684326504,0.057193174707614855,0.0022467593996821473,0.9574931216248621
measurement_conditioned_hybrid,bidir_affine,bidir_seed3,exact_labels,4,64,4032,128,8192,0.8288550852699682,,0.041236955615546106,0.0521074850793142,0.0040319005184890865,0.9649857017206246
marginal_only_prior,bidir_affine,bidir_seed4,exact_labels,4,64,4032,0,0,0.0,,0.08865658698570027,0.11616123805236911,0.018454154655091044,0.8179940679468163
measurement_conditioned_hybrid,bidir_affine,bidir_seed4,exact_labels,4,64,4032,4,256,0.1223439651382162,,0.08428765976050023,0.10936198440662204,0.01617474939349531,0.8394590625252311
measurement_conditioned_hybrid,bidir_affine,bidir_seed4,exact_labels,4,64,4032,8,512,0.17008382545183598,,0.07995072816663704,0.10402121809037908,0.014958380226971851,0.8567420889846503
measurement_conditioned_hybrid,bidir_affine,bidir_seed4,exact_labels,4,64,4032,16,1024,0.31155447442992423,,0.0734880156141115,0.09423529340482986,0.012340463613286102,0.8831663058434172
measurement_conditioned_hybrid,bidir_affine,bidir_seed4,exact_labels,4,64,4032,32,2048,0.4182210707912545,,0.06450395612002044,0.08244008977762533,0.011141957402712375,0.9128225930515059
measurement_conditioned_hybrid,bidir_affine,bidir_seed4,exact_labels,4,64,4032,48,3072,0.6120443745364831,,0.05719918811140878,0.07183573021156638,0.005722860339280664,0.9324621560138393
measurement_conditioned_hybrid,bidir_affine,bidir_seed4,exact_labels,4,64,4032,64,4096,0.6868050566771768,,0.05309813258326658,0.06664745144071499,0.005769990973802843,0.9422257745603176
measurement_conditioned_hybrid,bidir_affine,bidir_seed4,exact_labels,4,64,4032,96,6144,0.7851308600310296,,0.045625748826530955,0.057062940810771505,0.0025037796029436657,0.9576939507515477
measurement_conditioned_hybrid,bidir_affine,bidir_seed4,exact_labels,4,64,4032,128,8192,0.8241237103634366,,0.041194982034776735,0.0520449101725639,0.004208014064791741,0.9650902781494465
marginal_only_prior,exact_marginal_affine,none,finite_64shot_labels,4,64,4032,0,4096,0.0,,0.11005173803575355,0.13535578276307278,0.011582545103276125,0.7378089223588838
measurement_conditioned_hybrid,exact_marginal_affine,none,finite_64shot_labels,4,64,4032,4,4352,0.15907183090994767,,0.10102090692584599,0.12488157519179356,0.009711938030066468,0.7804564554665406
measurement_conditioned_hybrid,exact_marginal_affine,none,finite_64shot_labels,4,64,4032,8,4608,0.3053478717966342,,0.09402436144409498,0.1172180843420606,0.007404887028443885,0.8071789927115167
measurement_conditioned_hybrid,exact_marginal_affine,none,finite_64shot_labels,4,64,4032,16,5120,0.43248516955221544,,0.08339868086314174,0.10367074280740905,0.0060676778994628,0.8530035128664083
measurement_conditioned_hybrid,exact_marginal_affine,none,finite_64shot_labels,4,64,4032,32,6144,0.6150561876452412,,0.06997749087488911,0.08736443870991939,0.005055299204933293,0.897816848308186
measurement_conditioned_hybrid,exact_marginal_affine,none,finite_64shot_labels,4,64,4032,48,7168,0.7202090067878965,,0.06101326410957461,0.07617017360518487,0.0015502852131189092,0.9231669298394171
measurement_conditioned_hybrid,exact_marginal_affine,none,finite_64shot_labels,4,64,4032,64,8192,0.8736631046161304,,0.0576278741410455,0.07283225626928228,0.001450891283085355,0.9321788466496447
measurement_conditioned_hybrid,exact_marginal_affine,none,finite_64shot_labels,4,64,4032,96,10240,0.9514605363641023,,0.05002601258695367,0.06310565821949732,-0.0012088455730026235,0.9512493442189066
measurement_conditioned_hybrid,exact_marginal_affine,none,finite_64shot_labels,4,64,4032,128,12288,1.0,,0.04579731869503915,0.05779470235772749,0.0011677443611598204,0.9599057812390959
marginal_only_prior,summary_ridge,none,finite_64shot_labels,4,64,4032,0,4096,0.0,,0.09944882343716294,0.12159894178047292,-0.0030855816738110937,0.7920940017154812
measurement_conditioned_hybrid,summary_ridge,none,finite_64shot_labels,4,64,4032,4,4352,0.13827351529667353,,0.09223803445736196,0.11366200763255636,-0.0026833972567858262,0.8205747602696922
measurement_conditioned_hybrid,summary_ridge,none,finite_64shot_labels,4,64,4032,8,4608,0.25763165227997875,,0.08690180940970454,0.1080704056863711,-0.0028314301208162813,0.838455064191075
measurement_conditioned_hybrid,summary_ridge,none,finite_64shot_labels,4,64,4032,16,5120,0.37496761435627096,,0.07904123675631698,0.0974961894307311,-0.0023669369370397765,0.8708829554492193
measurement_conditioned_hybrid,summary_ridge,none,finite_64shot_labels,4,64,4032,32,6144,0.5236744321831505,,0.06667935547802063,0.08268979888092301,-0.000961721361076227,0.9090151318344352
measurement_conditioned_hybrid,summary_ridge,none,finite_64shot_labels,4,64,4032,48,7168,0.6512592621107485,,0.05874507237773794,0.07316949540194775,-0.0026046422838849415,0.9293669017070957
measurement_conditioned_hybrid,summary_ridge,none,finite_64shot_labels,4,64,4032,64,8192,0.8175156683823985,,0.05527565098680995,0.06970147467662993,-0.0005746841688960075,0.9369993767412661
measurement_conditioned_hybrid,summary_ridge,none,finite_64shot_labels,4,64,4032,96,10240,0.863674129580598,,0.047141074209340904,0.05920345418165994,-0.0020282944016375456,0.9550615316885749
measurement_conditioned_hybrid,summary_ridge,none,finite_64shot_labels,4,64,4032,128,12288,1.0,,0.04579731869503915,0.05779470235772749,0.0011677443611598204,0.9599057812390959
marginal_only_prior,bidir_affine,bidir_seed0,finite_64shot_labels,4,64,4032,0,4096,0.0,,0.08668784033396174,0.11666806171490428,0.022018930982416612,0.8161332729456376
measurement_conditioned_hybrid,bidir_affine,bidir_seed0,finite_64shot_labels,4,64,4032,4,4352,0.10624522022381513,,0.08286546824803895,0.10974388899107289,0.019660722945046012,0.838821825325623
measurement_conditioned_hybrid,bidir_affine,bidir_seed0,finite_64shot_labels,4,64,4032,8,4608,0.23904565464638997,,0.08037171623853824,0.10411612785546802,0.016253622935735578,0.8546339490589702
measurement_conditioned_hybrid,bidir_affine,bidir_seed0,finite_64shot_labels,4,64,4032,16,5120,0.3050962083353769,,0.07316507742052746,0.09463984355103858,0.014944371948948593,0.8821036048441917
measurement_conditioned_hybrid,bidir_affine,bidir_seed0,finite_64shot_labels,4,64,4032,32,6144,0.4195562479931781,,0.0643145168264358,0.08271053485583087,0.013187765246999876,0.9117881967540035
measurement_conditioned_hybrid,bidir_affine,bidir_seed0,finite_64shot_labels,4,64,4032,48,7168,0.56282970021879,,0.057297314382208586,0.07236513024372898,0.008305001923272737,0.9320266517277118
measurement_conditioned_hybrid,bidir_affine,bidir_seed0,finite_64shot_labels,4,64,4032,64,8192,0.7446905950325295,,0.05353675769684582,0.0673980316728669,0.005611060881292648,0.9409689728511211
measurement_conditioned_hybrid,bidir_affine,bidir_seed0,finite_64shot_labels,4,64,4032,96,10240,0.8241609139284036,,0.04607843029071205,0.05776138668393992,0.00233768911533279,0.9570115694522552
measurement_conditioned_hybrid,bidir_affine,bidir_seed0,finite_64shot_labels,4,64,4032,128,12288,0.9461572197163484,,0.0435483677962619,0.05511487957947627,0.0022904302210615636,0.9622127507540396
marginal_only_prior,bidir_affine,bidir_seed1,finite_64shot_labels,4,64,4032,0,4096,0.0,,0.0890973514350033,0.11975253627248131,0.024357214172876843,0.8063439617604998
measurement_conditioned_hybrid,bidir_affine,bidir_seed1,finite_64shot_labels,4,64,4032,4,4352,0.10769890490218643,,0.0849114421654931,0.11240405403240777,0.021714909760158333,0.8310972666327379
measurement_conditioned_hybrid,bidir_affine,bidir_seed1,finite_64shot_labels,4,64,4032,8,4608,0.24337164717485993,,0.08183837146420231,0.1061415392350456,0.017918499917228412,0.8491145298766261
measurement_conditioned_hybrid,bidir_affine,bidir_seed1,finite_64shot_labels,4,64,4032,16,5120,0.3093028507844528,,0.07447084997497011,0.09638015637226213,0.016461874020872524,0.8780384516103545
measurement_conditioned_hybrid,bidir_affine,bidir_seed1,finite_64shot_labels,4,64,4032,32,6144,0.42794580430594475,,0.06517860209826395,0.08385481540432356,0.014348799660292249,0.9096359958523733
measurement_conditioned_hybrid,bidir_affine,bidir_seed1,finite_64shot_labels,4,64,4032,48,7168,0.5690431401733886,,0.05786912800835334,0.07313668418170154,0.009161304199249296,0.9307369294094683
measurement_conditioned_hybrid,bidir_affine,bidir_seed1,finite_64shot_labels,4,64,4032,64,8192,0.7484163246202901,,0.0538823192990667,0.06784744237086603,0.006117245249003736,0.9402042000879358
measurement_conditioned_hybrid,bidir_affine,bidir_seed1,finite_64shot_labels,4,64,4032,96,10240,0.828008058529488,,0.046289485999981096,0.05804405666735507,0.002647983864403205,0.9565864336399127
measurement_conditioned_hybrid,bidir_affine,bidir_seed1,finite_64shot_labels,4,64,4032,128,12288,0.9432076409319935,,0.043473858117275055,0.05502472903057054,0.0024847290573035484,0.9622409730510296
marginal_only_prior,bidir_affine,bidir_seed2,finite_64shot_labels,4,64,4032,0,4096,0.0,,0.0864521717115715,0.1164431548174064,0.022156052848372382,0.8170118334643705
measurement_conditioned_hybrid,bidir_affine,bidir_seed2,finite_64shot_labels,4,64,4032,4,4352,0.10555527498442305,,0.08273303775298774,0.10957890605128794,0.019798684828674692,0.8394215475108936
measurement_conditioned_hybrid,bidir_affine,bidir_seed2,finite_64shot_labels,4,64,4032,8,4608,0.2385303879065398,,0.080253124241613,0.10397369119161314,0.01637046428371147,0.8551296178589616
measurement_conditioned_hybrid,bidir_affine,bidir_seed2,finite_64shot_labels,4,64,4032,16,5120,0.3066939618935197,,0.07314728179309864,0.09448813113035352,0.015002390719098995,0.882492692097439
measurement_conditioned_hybrid,bidir_affine,bidir_seed2,finite_64shot_labels,4,64,4032,32,6144,0.4202740453760657,,0.06425179310533281,0.08261651496629269,0.013252149560666957,0.911975372079732
measurement_conditioned_hybrid,bidir_affine,bidir_seed2,finite_64shot_labels,4,64,4032,48,7168,0.5653859278759092,,0.05721417929687206,0.07225355175197759,0.008302311879234183,0.9322110354421266
measurement_conditioned_hybrid,bidir_affine,bidir_seed2,finite_64shot_labels,4,64,4032,64,8192,0.7482237313974696,,0.05360412676091823,0.06746346706318236,0.005567738834538239,0.9408906679184653
measurement_conditioned_hybrid,bidir_affine,bidir_seed2,finite_64shot_labels,4,64,4032,96,10240,0.8289036640690152,,0.046172673165617725,0.05789059258760324,0.002247891683875862,0.9568824700613942
measurement_conditioned_hybrid,bidir_affine,bidir_seed2,finite_64shot_labels,4,64,4032,128,12288,0.94924333209975,,0.043660346328019545,0.055253123294762035,0.0022330409648332675,0.962095911172386
marginal_only_prior,bidir_affine,bidir_seed3,finite_64shot_labels,4,64,4032,0,4096,0.0,,0.08738493754573774,0.11687814479710018,0.02134138066904851,0.8153198809872294
measurement_conditioned_hybrid,bidir_affine,bidir_seed3,finite_64shot_labels,4,64,4032,4,4352,0.11058757326247783,,0.08357798685174356,0.10991402438423112,0.018961718852847923,0.8381252483405145
measurement_conditioned_hybrid,bidir_affine,bidir_seed3,finite_64shot_labels,4,64,4032,8,4608,0.24439607433050023,,0.08095399630099039,0.1044597134680787,0.015612621726428251,0.8532845356339233
measurement_conditioned_hybrid,bidir_affine,bidir_seed3,finite_64shot_labels,4,64,4032,16,5120,0.32128222123351624,,0.07358305248879195,0.09454825291887027,0.014109185866599533,0.8820309528731453
measurement_conditioned_hybrid,bidir_affine,bidir_seed3,finite_64shot_labels,4,64,4032,32,6144,0.44025657896883197,,0.06442997309019455,0.08232052051399547,0.012372793287635693,0.9123516949356661
measurement_conditioned_hybrid,bidir_affine,bidir_seed3,finite_64shot_labels,4,64,4032,48,7168,0.5849368325363976,,0.05732039112769207,0.07214107652896604,0.007485112549544996,0.932215814104377
measurement_conditioned_hybrid,bidir_affine,bidir_seed3,finite_64shot_labels,4,64,4032,64,8192,0.7674981695204306,,0.0539574648754754,0.06796475740787687,0.004951006773793879,0.9400409004191228
measurement_conditioned_hybrid,bidir_affine,bidir_seed3,finite_64shot_labels,4,64,4032,96,10240,0.8516097542293621,,0.04662135751672012,0.05851720973194512,0.001581659651198082,0.9561690949399412
measurement_conditioned_hybrid,bidir_affine,bidir_seed3,finite_64shot_labels,4,64,4032,128,12288,0.9647231762957283,,0.04424340341634196,0.055954920922544935,0.0018794061726673033,0.9614570862175407
marginal_only_prior,bidir_affine,bidir_seed4,finite_64shot_labels,4,64,4032,0,4096,0.0,,0.0864251094094214,0.11618478699992563,0.021976810551152394,0.8179940679468166
measurement_conditioned_hybrid,bidir_affine,bidir_seed4,finite_64shot_labels,4,64,4032,4,4352,0.10609653624102071,,0.08263506824791962,0.10934019738213739,0.019626371520113078,0.8402514174616932
measurement_conditioned_hybrid,bidir_affine,bidir_seed4,finite_64shot_labels,4,64,4032,8,4608,0.2398861297040095,,0.08024789044074901,0.10389999243416168,0.016201336016872448,0.855284184041983
measurement_conditioned_hybrid,bidir_affine,bidir_seed4,finite_64shot_labels,4,64,4032,16,5120,0.3068213649830003,,0.07294743548158732,0.09430997832488938,0.014875172100532942,0.8830120031609093
measurement_conditioned_hybrid,bidir_affine,bidir_seed4,finite_64shot_labels,4,64,4032,32,6144,0.42261569691200657,,0.06414923457297976,0.08238192689472987,0.013099047768492949,0.9125261184044455
measurement_conditioned_hybrid,bidir_affine,bidir_seed4,finite_64shot_labels,4,64,4032,48,7168,0.5670816215987765,,0.05710932580300427,0.07213933902192897,0.008183164742627718,0.9324281540313286
measurement_conditioned_hybrid,bidir_affine,bidir_seed4,finite_64shot_labels,4,64,4032,64,8192,0.7491603526561555,,0.05358356735566531,0.06743394221464351,0.005502012623900819,0.9409258176666256
measurement_conditioned_hybrid,bidir_affine,bidir_seed4,finite_64shot_labels,4,64,4032,96,10240,0.8320974739232176,,0.04620793361340041,0.0579375656895958,0.0021410892467800414,0.9568320532035078
measurement_conditioned_hybrid,bidir_affine,bidir_seed4,finite_64shot_labels,4,64,4032,128,12288,0.9511073638434172,,0.04372297705570173,0.05533168401322857,0.0021851544631453753,0.9620210393924564
