family,base,length,grid_n,empirical_span,worst_case_lower_bound,uniform_discrete_bayes_mae,span_increase_from_previous
exchange,0,24,15,0.18282240418483892,0.09141120209241946,0.04278092545029607,0.0
exchange,1,8,15,0.04636316757135006,0.02318158378567503,0.01233252733013864,0.0
exchange,2,16,15,0.07432704386201416,0.03716352193100708,0.020549031424756968,0.0
exchange,3,16,15,0.11766088699745603,0.05883044349872801,0.03142253241629906,0.0
exchange,4,24,15,0.06435183111602849,0.032175915558014245,0.01229394645621924,0.0
exchange,5,16,15,0.11312526415971846,0.05656263207985923,0.030405679284509747,0.0
exchange,6,8,15,0.07046220422184757,0.035231102110923784,0.018749955935461863,0.0
exchange,7,16,15,0.0812196381915824,0.0406098190957912,0.022041203956955493,0.0
exchange,8,8,15,0.058459385616958626,0.029229692808479313,0.015538908913742508,0.0
exchange,9,16,15,0.09800680025139469,0.049003400125697344,0.02652825893889357,0.0
exchange,10,24,15,0.19105709950429622,0.09552854975214811,0.045264768485759874,0.0
exchange,11,8,15,0.06326747470341354,0.03163373735170677,0.01683789933806812,0.0
exchange,12,8,15,0.08200971514551969,0.041004857572759845,0.02181312196082438,0.0
exchange,13,16,15,0.13324083317586377,0.06662041658793189,0.03557697635497815,0.0
exchange,14,16,15,0.08996465419776323,0.044982327098881614,0.02439504850211728,0.0
exchange,15,16,15,0.083697257176916,0.041848628588458,0.02281751900744514,0.0
exchange,16,24,15,0.1572738438503336,0.0786369219251668,0.03471038535393448,0.0
exchange,17,8,15,0.06577414280086735,0.032887071400433676,0.017514202332830225,0.0
exchange,18,24,15,0.20896963124217371,0.10448481562108686,0.051084963348125505,0.0
exchange,19,16,15,0.10044576457814902,0.05022288228907451,0.02713544215918012,0.0
exchange,20,8,15,0.062115058377019916,0.031057529188509958,0.01653363523739088,0.0
exchange,21,24,15,0.170400894290747,0.0852004471453735,0.03995375178193582,0.0
exchange,22,8,15,0.052038072814193925,0.026019036407096963,0.013849758401589212,0.0
exchange,23,16,15,0.10522965538030449,0.052614827690152244,0.028322826429251644,0.0
exchange,24,24,15,0.08957165614057105,0.04478582807028553,0.017440443538791973,0.0
exchange,25,24,15,0.0594462627576563,0.02972313137882815,0.012104314863574358,0.0
exchange,26,8,15,0.041430716728375616,0.020715358364187808,0.011023728107440041,0.0
exchange,27,8,15,0.04356813000304882,0.02178406500152441,0.011583346318907888,0.0
exchange,28,24,15,0.17895835755129796,0.08947917877564898,0.0420443619638333,0.0
exchange,29,24,15,0.17471610455163022,0.08735805227581511,0.03965253446895692,0.0
exchange,30,8,15,0.046031757942943896,0.023015878971471948,0.012252439625098425,0.0
exchange,31,16,15,0.0698849167718969,0.03494245838594845,0.019366703407987917,0.0
exchange,32,24,15,0.2346081450131261,0.11730407250656305,0.05629798857278625,0.0
exchange,33,16,15,0.109142597451514,0.054571298725757,0.02928952746238367,0.0
exchange,34,8,15,0.05056460908828897,0.025282304544144485,0.013453532958041881,0.0
exchange,35,16,15,0.06368407413475485,0.03184203706737743,0.01752184843555602,0.0
exchange,36,16,15,0.057758664910291024,0.028879332455145512,0.01623596711895554,0.0
exchange,37,8,15,0.08294355445381685,0.041471777226908424,0.022059951351466368,0.0
exchange,38,16,15,0.10403330543370154,0.05201665271685077,0.028037179585581017,0.0
exchange,39,16,15,0.07399189478741042,0.03699594739370521,0.020277337238994386,0.0
exchange,40,8,15,0.08258061225612001,0.041290306128060006,0.021969383626965617,0.0
exchange,41,24,15,0.12704011452633035,0.06352005726316517,0.028213381633239727,0.0
exchange,42,24,15,0.20089317472192814,0.10044658736096407,0.04811789996812024,0.0
exchange,43,24,15,0.1956271957472367,0.09781359787361835,0.04560960457393093,0.0
exchange,44,16,15,0.07309987383218508,0.03654993691609254,0.020126264400574235,0.0
exchange,45,24,15,0.22040124850226117,0.11020062425113059,0.05160604001347584,0.0
exchange,46,24,15,0.10724910422059186,0.05362455211029593,0.02150648591218066,0.0
exchange,47,16,15,0.10216245562873288,0.05108122781436644,0.02765931748332205,0.0
exchange,48,16,15,0.06398645785203327,0.03199322892601664,0.017618146604503417,0.0
exchange,49,16,15,0.11704848096661191,0.058524240483305956,0.03130468908969782,0.0
exchange,50,8,15,0.0570203023169058,0.0285101511584529,0.015177861654923875,0.0
exchange,51,24,15,0.1168080016037274,0.0584040008018637,0.024083849072668178,0.0
exchange,52,8,15,0.06448933822651459,0.032244669113257296,0.01714822728456383,0.0
exchange,53,24,15,0.13695673063501834,0.06847836531750917,0.03065340065159568,0.0
exchange,54,8,15,0.04759936648416052,0.02379968324208026,0.01265782184014339,0.0
exchange,55,8,15,0.09171221102639748,0.04585610551319874,0.024395705213170936,0.0
exchange,56,8,15,0.07261249266023806,0.03630624633011903,0.01931073948257369,0.0
exchange,57,16,15,0.14418242675776083,0.07209121337888041,0.03847649876572244,0.0
exchange,58,24,15,0.20909054549150552,0.10454527274575276,0.05017991477842465,0.0
exchange,59,16,15,0.10673900027932459,0.053369500139662296,0.028532528269808958,0.0
exchange,60,8,15,0.05856199014547314,0.02928099507273657,0.015574416613675639,0.0
exchange,61,8,15,0.08693019532950885,0.043465097664754426,0.02312900236304911,0.0
exchange,62,8,15,0.07387411946351152,0.03693705973175576,0.019647665677704484,0.0
exchange,63,16,15,0.08873902960239288,0.04436951480119644,0.02396541109075063,0.0
exchange,64,16,15,0.12527571555965156,0.06263785777982578,0.033613191981531294,0.0
exchange,65,8,15,0.06499432634423719,0.03249716317211859,0.017293238680039492,0.0
exchange,66,8,15,0.06548130543756403,0.032740652718782015,0.017401781155966408,0.0
exchange,67,8,15,0.06719319539116153,0.033596597695580765,0.01786228266958035,0.0
exchange,68,8,15,0.04859427862673016,0.02429713931336508,0.012937844487834327,0.0
exchange,69,24,15,0.12806128059307753,0.06403064029653877,0.02636980123008091,0.0
exchange,70,24,15,0.04636082889518145,0.023180414447590725,0.011684027777145892,0.0
exchange,71,24,15,0.14535113493222473,0.07267556746611237,0.03256064606018864,0.0
exchange,72,8,15,0.06403169537024977,0.03201584768512489,0.01703258708993752,0.0
exchange,73,8,15,0.08428116358952498,0.04214058179476249,0.022433063231517718,0.0
exchange,74,16,15,0.02696223625842631,0.013481118129213154,0.006578312495870516,0.0
exchange,75,24,15,0.11246863590513945,0.05623431795256972,0.022183889413742528,0.0
exchange,76,24,15,0.1076249055398415,0.05381245276992075,0.0217734814042119,0.0
exchange,77,8,15,0.05027299743795366,0.02513649871897683,0.013376387436475705,0.0
exchange,78,24,15,0.0968231051267383,0.04841155256336915,0.01841995952040741,0.0
exchange,79,8,15,0.06192374394885369,0.030961871974426847,0.01647998943958072,0.0
exchange,80,24,15,0.04193522731593835,0.020967613657969175,0.010695625826239544,0.0
exchange,81,8,15,0.07425349982806528,0.03712674991403264,0.019746995797425417,0.0
exchange,82,24,15,0.2313376215461091,0.11566881077305455,0.05582706053848419,0.0
exchange,83,24,15,0.19182383092840238,0.09591191546420119,0.046373464832960634,0.0
exchange,84,24,15,0.060795742826529775,0.030397871413264888,0.011787983990091755,0.0
exchange,85,24,15,0.23534023501566048,0.11767011750783024,0.056799523079392095,0.0
exchange,86,16,15,0.0876279388933946,0.0438139694466973,0.023834185216234836,0.0
exchange,87,16,15,0.130773952458193,0.0653869762290965,0.03505756649325054,0.0
exchange,88,16,15,0.02911698663286344,0.01455849331643172,0.007307070984665172,0.0
exchange,89,8,15,0.05680150110554316,0.02840075055277158,0.015092081023414779,0.0
exchange,90,16,15,0.04863447884270333,0.024317239421351666,0.013752141866412418,0.0
exchange,91,16,15,0.11358449403977511,0.056792247019887554,0.030657916957350866,0.0
exchange,92,16,15,0.1368556862331065,0.06842784311655326,0.03620033544865272,0.0
exchange,93,8,15,0.07794899798622046,0.03897449899311023,0.02074301939408724,0.0
exchange,94,24,15,0.12086453821585419,0.060432269107927095,0.026671403213612988,0.0
exchange,95,8,15,0.06349582489849936,0.03174791244924968,0.016879377436961485,0.0
exchange,96,8,15,0.0619419440462714,0.0309709720231357,0.016450099859535997,0.0
exchange,97,8,15,0.06988404956376981,0.034942024781884906,0.01858511208965327,0.0
exchange,98,16,15,0.11196109392685027,0.05598054696342514,0.030135153128774638,0.0
exchange,99,8,15,0.0635195939425851,0.03175979697129255,0.016902090898892275,0.0
exchange,100,8,15,0.06599145786903216,0.03299572893451608,0.017554885219160918,0.0
exchange,101,24,15,0.14148270278417224,0.07074135139208612,0.03103446361786751,0.0
exchange,102,8,15,0.06876373196569774,0.03438186598284887,0.01829923838120059,0.0
exchange,103,8,15,0.04123569356131718,0.02061784678065859,0.010970058602656001,0.0
exchange,104,8,15,0.06213188476096143,0.031065942380480716,0.016530854468424536,0.0
exchange,105,24,15,0.22421970327466978,0.11210985163733489,0.05431929695197504,0.0
exchange,106,16,15,0.13433722712794505,0.06716861356397252,0.035856439107827966,0.0
exchange,107,8,15,0.04975254827985098,0.02487627413992549,0.013231490264543162,0.0
exchange,108,24,15,0.07509912743652003,0.037549563718260015,0.014281675418740947,0.0
exchange,109,8,15,0.09895833764232775,0.04947916882116388,0.026331431463283782,0.0
exchange,110,16,15,0.15360869712840863,0.07680434856420432,0.040795978437518345,0.0
exchange,111,24,15,0.12966740153964706,0.06483370076982353,0.028229730904692066,0.0
exchange,112,8,15,0.05117835098978274,0.02558917549489137,0.013611086324667513,0.0
exchange,113,24,15,0.08878668274720858,0.04439334137360429,0.017144431588487916,0.0
exchange,114,8,15,0.046859194044312935,0.023429597022156468,0.012476219329125963,0.0
exchange,115,16,15,0.10290884227946584,0.05145442113973292,0.02761596676681916,0.0
exchange,116,16,15,0.09646690458687324,0.04823345229343662,0.025983374486222042,0.0
exchange,117,16,15,0.12808767800222387,0.06404383900111194,0.03414862451354136,0.0
exchange,118,16,15,0.1595027341562879,0.07975136707814395,0.042369893247030985,0.0
exchange,119,16,15,0.083322580893461,0.0416612904467305,0.022748282017989434,0.0
exchange,120,8,15,0.06589742637314411,0.032948713186572054,0.01754432741981681,0.0
exchange,121,8,15,0.0862543091921778,0.0431271545960889,0.022957132511882663,0.0
exchange,122,16,15,0.1157121920908778,0.0578560960454389,0.030942281577867485,0.0
exchange,123,16,15,0.14357785108563598,0.07178892554281799,0.03830282532366295,0.0
exchange,124,8,15,0.04675518307711035,0.023377591538555176,0.012428548426465487,0.0
exchange,125,8,15,0.07658575764710374,0.03829287882355187,0.020360430652668113,0.0
exchange,126,24,15,0.15034209223806866,0.07517104611903433,0.03454908721572611,0.0
exchange,127,16,15,0.10952719762999819,0.05476359881499909,0.029314333707834924,0.0
exchange,128,16,15,0.10678749613834837,0.053393748069174185,0.02880109344445454,0.0
exchange,129,16,15,0.07598703333311374,0.03799351666655687,0.020755888632533023,0.0
exchange,130,24,15,0.08586741499884087,0.04293370749942044,0.016275123786341925,0.0
exchange,131,16,15,0.030169869981354847,0.015084934990677423,0.0076206911427482375,0.0
exchange,132,16,15,0.07253680207336466,0.03626840103668233,0.020145636215872065,0.0
exchange,133,16,15,0.11958368195339619,0.059791840976698096,0.03188567646593242,0.0
exchange,134,8,15,0.05057219498010679,0.025286097490053394,0.013450880487441674,0.0
exchange,135,24,15,0.2342915617717526,0.1171457808858763,0.056482527970032864,0.0
exchange,136,8,15,0.08323170901909671,0.041615854509548356,0.022138050225694195,0.0
exchange,137,24,15,0.09230752383335139,0.046153761916675695,0.017698582142053696,0.0
exchange,138,24,15,0.209941227909635,0.1049706139548175,0.05019775643611857,0.0
exchange,139,8,15,0.05339650056225509,0.026698250281127545,0.014186785316094585,0.0
exchange,140,16,15,0.02021371676569872,0.01010685838284936,0.005688411592434606,0.0
exchange,141,24,15,0.20168420883915084,0.10084210441957542,0.047861590296767606,0.0
exchange,142,8,15,0.0641778135971045,0.03208890679855225,0.01708062222855445,0.0
exchange,143,8,15,0.048876367780140595,0.024438183890070297,0.012993824927828367,0.0
exchange,144,16,15,0.10460546788720071,0.052302733943600355,0.028263192394935594,0.0
exchange,145,24,15,0.13307061847004964,0.06653530923502482,0.02753403636610039,0.0
exchange,146,24,15,0.05285943561608919,0.026429717808044595,0.013621497521729564,0.0
exchange,147,16,15,0.1204594347231216,0.0602297173615608,0.032094861337109065,0.0
exchange,148,24,15,0.10411226011696029,0.05205613005848014,0.021153947638064073,0.0
exchange,149,24,15,0.1279269842981905,0.06396349214909525,0.025663319022918258,0.0
exchange,150,16,15,0.03207221110569869,0.016036105552849345,0.008188030798891322,0.0
exchange,151,16,15,0.11311018744159568,0.05655509372079784,0.030529265734689517,0.0
exchange,152,8,15,0.04732232414322801,0.023661162071614006,0.01259573483156653,0.0
exchange,153,16,15,0.04995303331907541,0.024976516659537706,0.014117582919207143,0.0
exchange,154,8,15,0.055658770169080274,0.027829385084540137,0.014805656241728611,0.0
exchange,155,16,15,0.07054170275520588,0.03527085137760294,0.01947530081218655,0.0
exchange,156,8,15,0.0871281569977459,0.04356407849887295,0.023176492157590826,0.0
exchange,157,8,15,0.07204439369548865,0.036022196847744326,0.01916834316781998,0.0
exchange,158,16,15,0.09383366749743233,0.046916833748716164,0.025415589371398574,0.0
exchange,159,8,15,0.0681307888860857,0.03406539444304285,0.018129509332993746,0.0
exchange,160,16,15,0.09198204229848395,0.04599102114924197,0.02508454293267382,0.0
exchange,161,24,15,0.19125046781346566,0.09562523390673283,0.04444435993255817,0.0
exchange,162,24,15,0.10336790302521648,0.05168395151260824,0.02007556633388179,0.0
exchange,163,8,15,0.054063978864034024,0.027031989432017012,0.014379712021673948,0.0
exchange,164,16,15,0.11055911272154623,0.05527955636077311,0.029766201895669853,0.0
exchange,165,16,15,0.11103509934565686,0.05551754967282843,0.029838838738473386,0.0
exchange,166,16,15,0.05638846854450996,0.02819423427225498,0.015680619180543007,0.0
exchange,167,24,15,0.05283906246766701,0.026419531233833504,0.013612476730325713,0.0
exchange,168,16,15,0.08283157723669243,0.041415788618346216,0.022307122590746097,0.0
exchange,169,8,15,0.07221899822387401,0.036109499111937005,0.019219069258933123,0.0
exchange,170,16,15,0.07444332876368037,0.037221664381840186,0.02054429409027586,0.0
exchange,171,24,15,0.15507710913675027,0.07753855456837513,0.03462029732392433,0.0
exchange,172,24,15,0.16310344360957962,0.08155172180478981,0.03783340824601492,0.0
exchange,173,16,15,0.07938148654766986,0.03969074327383493,0.02159104535402257,0.0
exchange,174,16,15,0.12211688056243519,0.061058440281217596,0.032617110600525225,0.0
exchange,175,16,15,0.05233331124157492,0.02616665562078746,0.014630199555766861,0.0
exchange,176,24,15,0.10840976600347696,0.05420488300173848,0.022846242804835205,0.0
exchange,177,8,15,0.049243254614481424,0.024621627307240712,0.013107467481330277,0.0
exchange,178,16,15,0.10265237760735857,0.051326188803679285,0.027719915643512668,0.0
exchange,179,24,15,0.05312158895188279,0.026560794475941396,0.010750126976704195,0.0
exchange,180,8,15,0.048369362154008444,0.024184681077004222,0.012852226686140692,0.0
exchange,181,8,15,0.06484158912888072,0.03242079456444036,0.01724669211314282,0.0
exchange,182,8,15,0.061614693064144244,0.030807346532072122,0.016392179206893967,0.0
exchange,183,16,15,0.09878336610803506,0.04939168305401753,0.0266630419367102,0.0
exchange,184,24,15,0.14544552640736852,0.07272276320368426,0.033095911606083,0.0
exchange,185,8,15,0.056674445042088406,0.028337222521044203,0.01507952664254039,0.0
exchange,186,24,15,0.07079602714898814,0.03539801357449407,0.013547387225828756,0.0
exchange,187,8,15,0.0771226791740065,0.03856133958700325,0.020518258270590454,0.0
exchange,188,16,15,0.12893939556326328,0.06446969778163164,0.034497384564074286,0.0
exchange,189,8,15,0.09418118157251698,0.04709059078625849,0.02504885388674949,0.0
exchange,190,8,15,0.06995167625498389,0.03497583812749194,0.018624262653919508,0.0
exchange,191,16,15,0.14187609231593512,0.07093804615796756,0.03756177297591593,0.0
exchange,192,24,15,0.13457396128432464,0.06728698064216232,0.027952665643903352,0.0
exchange,193,8,15,0.05130035835419311,0.025650179177096555,0.013640706615195038,0.0
exchange,194,24,15,0.0801623660541364,0.0400811830270682,0.015437146341788055,0.0
exchange,195,16,15,0.10651407852104855,0.053257039260524275,0.028794183875901134,0.0
exchange,196,16,15,0.09894251414253202,0.04947125707126601,0.026755248994333514,0.0
exchange,197,16,15,0.0894270826943041,0.04471354134715205,0.024451282801557093,0.0
exchange,198,24,15,0.22526505717494805,0.11263252858747402,0.05300724959377102,0.0
exchange,199,24,15,0.18507959881394953,0.09253979940697477,0.041363574509173634,0.0
exchange,200,24,15,0.12356395215633587,0.06178197607816793,0.024227661106930008,0.0
exchange,201,16,15,0.09032655961691233,0.045163279808456164,0.024747457434848314,0.0
exchange,202,16,15,0.11014666711280419,0.05507333355640209,0.029511955082683103,0.0
exchange,203,24,15,0.032025845172481526,0.016012922586240763,0.008481930087388274,0.0
exchange,204,16,15,0.08654783574945113,0.043273917874725565,0.023623856926305403,0.0
exchange,205,16,15,0.10298262769944744,0.05149131384972372,0.027752577543300887,0.0
exchange,206,8,15,0.08571692490216942,0.04285846245108471,0.02280255977630234,0.0
exchange,207,16,15,0.13167154358544508,0.06583577179272254,0.035240512892453155,0.0
exchange,208,16,15,0.12882967558110686,0.06441483779055343,0.034525305528349454,0.0
exchange,209,24,15,0.15085846395673697,0.07542923197836848,0.034547730971884946,0.0
exchange,210,24,15,0.20261379000284024,0.10130689500142012,0.04742659430332871,0.0
exchange,211,16,15,0.1290960560445351,0.06454802802226756,0.034262946622575216,0.0
exchange,212,16,15,0.1281764598451225,0.06408822992256125,0.03450518357405741,0.0
exchange,213,16,15,0.08577000497884879,0.042885002489424395,0.023257917032499263,0.0
exchange,214,16,15,0.08458975184521955,0.042294875922609776,0.02300481328580625,0.0
exchange,215,8,15,0.07833908059186045,0.03916954029593023,0.020821482498422514,0.0
exchange,216,16,15,0.09896276356906925,0.04948138178453462,0.02676226846019056,0.0
exchange,217,16,15,0.06538741263266501,0.032693706316332505,0.018161781699158372,0.0
exchange,218,16,15,0.11508303237551398,0.05754151618775699,0.030924083764959788,0.0
exchange,219,16,15,0.14767381341517738,0.07383690670758869,0.0394267410464288,0.0
exchange,220,24,15,0.11007681739281772,0.05503840869640886,0.022328295226249417,0.0
exchange,221,8,15,0.04731090258874593,0.023655451294372964,0.01258668840632864,0.0
exchange,222,8,15,0.1001761468093475,0.05008807340467375,0.026651383498130055,0.0
exchange,223,16,15,0.07261944974824774,0.03630972487412387,0.02010277022728668,0.0
exchange,224,24,15,0.11871027743321383,0.059355138716606914,0.025182745369324702,0.0
exchange,225,8,15,0.0886039301980075,0.04430196509900375,0.023562711244526958,0.0
exchange,226,16,15,0.08824830249515936,0.04412415124757968,0.02400517719071933,0.0
exchange,227,16,15,0.022275102057649432,0.011137551028824716,0.005859801181273587,0.0
exchange,228,16,15,0.032530339216672366,0.016265169608336183,0.00840865426037111,0.0
exchange,229,16,15,0.1233164513457563,0.06165822567287815,0.03283829804018254,0.0
exchange,230,16,15,0.09336893323298845,0.046684466616494225,0.025180072767040217,0.0
exchange,231,24,15,0.08994597649310343,0.044972988246551715,0.0172450432732063,0.0
exchange,232,24,15,0.09327330666958467,0.04663665333479233,0.01764650282912558,0.0
exchange,233,24,15,0.10699281475569955,0.053496407377849775,0.021179457805386274,0.0
exchange,234,16,15,0.14038120523406294,0.07019060261703147,0.0375420934640909,0.0
exchange,235,8,15,0.05174053539961243,0.025870267699806215,0.013762392581501559,0.0
exchange,236,24,15,0.12468352898132495,0.06234176449066248,0.025863743639265243,0.0
exchange,237,24,15,0.11719547529315388,0.05859773764657694,0.02435920894764473,0.0
exchange,238,24,15,0.03601359761264811,0.018006798806324054,0.009494167505239414,0.0
exchange,239,16,15,0.14679505556826555,0.07339752778413278,0.038963911325877405,0.0
exchange,240,8,15,0.06728179080898422,0.03364089540449211,0.01790133500184839,0.0
exchange,241,16,15,0.12327439103161664,0.06163719551580832,0.03281791269220826,0.0
exchange,242,8,15,0.09236864626921537,0.046184323134607685,0.02456397990430858,0.0
exchange,243,24,15,0.159803658070496,0.079901829035248,0.036343814377606254,0.0
exchange,244,8,15,0.07773963106484139,0.03886981553242069,0.02068465018285245,0.0
exchange,245,8,15,0.03165414280402312,0.01582707140201156,0.008417241386453627,0.0
exchange,246,8,15,0.057917569346122355,0.028958784673061178,0.015415366368089564,0.0
exchange,247,24,15,0.10582455556273118,0.05291227778136559,0.02101091467831319,0.0
exchange,248,24,15,0.08516338086254438,0.04258169043127219,0.016650982690756287,0.0
exchange,249,24,15,0.19922128123998417,0.09961064061999209,0.0468436712638015,0.0
exchange,250,8,15,0.08925820219011715,0.044629101095058576,0.023752365411649275,0.0
exchange,251,16,15,0.07601765640676683,0.038008828203383416,0.020693105067940813,0.0
exchange,252,8,15,0.05033305454378978,0.02516652727189489,0.013401357619538335,0.0
exchange,253,8,15,0.05436112803125992,0.02718056401562996,0.014463991231500455,0.0
exchange,254,16,15,0.15306980666001435,0.07653490333000718,0.04054392317920143,0.0
exchange,255,16,15,0.1096297495642441,0.05481487478212205,0.029449883435762804,0.0
exchange,256,16,15,0.15839312307495557,0.07919656153747778,0.04217558835200343,0.0
exchange,257,16,15,0.0788714055003763,0.03943570275018815,0.021627622409924767,0.0
exchange,258,16,15,0.11510122671264444,0.05755061335632222,0.030935396476331464,0.0
exchange,259,8,15,0.0602838873856707,0.03014194369283535,0.016044137418200575,0.0
exchange,260,24,15,0.24454143970289466,0.12227071985144733,0.059790438242880904,0.0
exchange,261,8,15,0.04710363215744939,0.023551816078724697,0.01252781567506315,0.0
exchange,262,16,15,0.11964542692311153,0.059822713461555765,0.032023341542109646,0.0
exchange,263,8,15,0.06379493930797986,0.03189746965398993,0.016976276973071653,0.0
exchange,264,16,15,0.0583344655729785,0.02916723278648925,0.01641927581881565,0.0
exchange,265,24,15,0.2152851439249981,0.10764257196249905,0.05070213866580038,0.0
exchange,266,16,15,0.07915479887100946,0.03957739943550473,0.021717477551540274,0.0
exchange,267,8,15,0.07054284027309454,0.03527142013654727,0.01875616628540115,0.0
exchange,268,8,15,0.0660792030554862,0.0330396015277431,0.017580682315017897,0.0
exchange,269,8,15,0.041560636690764485,0.020780318345382243,0.011048712844627035,0.0
exchange,270,8,15,0.08087204283345906,0.04043602141672953,0.02151712580830396,0.0
exchange,271,16,15,0.06095984864703741,0.030479924323518703,0.016859979091072168,0.0
exchange,272,16,15,0.09189522180694232,0.04594761090347116,0.024864288825852187,0.0
exchange,273,16,15,0.10619606465105375,0.05309803232552687,0.02860350200816267,0.0
exchange,274,16,15,0.1207421049517583,0.06037105247587915,0.03213545432297129,0.0
exchange,275,16,15,0.1022622524583418,0.0511311262291709,0.027777310396331818,0.0
exchange,276,16,15,0.10627610233556489,0.053138051167782446,0.02869128305682921,0.0
exchange,277,8,15,0.05604992668063602,0.02802496334031801,0.014909386558246014,0.0
exchange,278,24,15,0.0827519953296525,0.04137599766482625,0.016003751956740413,0.0
exchange,279,24,15,0.09734369086270511,0.048671845431352556,0.01897541853374821,0.0
exchange,280,16,15,0.11114879047755755,0.05557439523877877,0.029644428446567308,0.0
exchange,281,8,15,0.05031325561103117,0.025156627805515586,0.013390679771597002,0.0
exchange,282,24,15,0.141741975093155,0.0708709875465775,0.03169034161643289,0.0
exchange,283,8,15,0.06738948056289684,0.03369474028144842,0.017944324816474247,0.0
exchange,284,8,15,0.05328202687487482,0.02664101343743741,0.014175327038421429,0.0
exchange,285,8,15,0.05650980537767658,0.02825490268883829,0.015038788882885842,0.0
exchange,286,24,15,0.08910896645355215,0.044554483226776076,0.017233385831246454,0.0
exchange,287,8,15,0.04740953899482925,0.023704769497414624,0.012617075619827242,0.0
exchange,288,16,15,0.06526972155510469,0.032634860777552344,0.01800576064061184,0.0
exchange,289,16,15,0.12893379802309202,0.06446689901154601,0.03438729515124212,0.0
exchange,290,16,15,0.0955971133504182,0.0477985566752091,0.02608887786071661,0.0
exchange,291,8,15,0.07512207624070533,0.03756103812035266,0.01998833987497368,0.0
exchange,292,8,15,0.04582513739642757,0.022912568698213787,0.012185895506273617,0.0
exchange,293,16,15,0.10637501431454477,0.053187507157272385,0.02857000339166358,0.0
exchange,294,16,15,0.11249630030574254,0.05624815015287127,0.030125529883145822,0.0
exchange,295,24,15,0.14817001614187886,0.07408500807093943,0.033579057154911496,0.0
exchange,296,24,15,0.07386034407403186,0.03693017203701593,0.014130847215542298,0.0
exchange,297,8,15,0.07276495217988121,0.03638247608994061,0.01935752795829575,0.0
exchange,298,16,15,0.10721175673984973,0.053605878369924864,0.029028635813659397,0.0
exchange,299,16,15,0.12528967897434673,0.06264483948717336,0.03340253741142211,0.0
exchange,300,16,15,0.13725959461439974,0.06862979730719987,0.03676944486921669,0.0
exchange,301,16,15,0.0485057797927706,0.0242528898963853,0.013714846198604155,0.0
exchange,302,16,15,0.10728361893470062,0.05364180946735031,0.02840674454278723,0.0
exchange,303,24,15,0.13628879236525282,0.06814439618262641,0.030993406905911222,0.0
exchange,304,24,15,0.14283807133392568,0.07141903566696284,0.03194103489390316,0.0
exchange,305,8,15,0.07081467415767684,0.03540733707883842,0.018842178118310356,0.0
exchange,306,8,15,0.0668086731786014,0.0334043365893007,0.017780247108773507,0.0
exchange,307,24,15,0.058326710011228355,0.029163355005614178,0.011666800987231355,0.0
exchange,308,16,15,0.09554391892373293,0.047771959461866464,0.025865551716527987,0.0
exchange,309,8,15,0.06208565071817862,0.03104282535908931,0.0165195242188631,0.0
exchange,310,8,15,0.06712630227522776,0.03356315113761388,0.017866654183073753,0.0
exchange,311,16,15,0.07338869779090507,0.03669434889545253,0.020178917240406945,0.0
exchange,312,8,15,0.07718875440174144,0.03859437720087072,0.020540468681308686,0.0
exchange,313,8,15,0.07131268016463832,0.03565634008231916,0.018955965933380663,0.0
exchange,314,24,15,0.11950633214500883,0.059753166072504416,0.023734778950844467,0.0
exchange,315,8,15,0.06135529424968611,0.030677647124843055,0.016321441747839026,0.0
exchange,316,16,15,0.14319314014976292,0.07159657007488146,0.03812461965023373,0.0
exchange,317,8,15,0.09107989161892693,0.04553994580946347,0.024238521665604938,0.0
exchange,318,8,15,0.06460496589226672,0.03230248294613336,0.01718773689315068,0.0
exchange,319,24,15,0.18269808268152582,0.09134904134076291,0.04164638530886282,0.0
exchange,320,24,15,0.09399868283619528,0.04699934141809764,0.01816229282892777,0.0
exchange,321,24,15,0.11639812975611208,0.05819906487805604,0.0232273938413443,0.0
exchange,322,8,15,0.04043734020856593,0.020218670104282965,0.010763311421251243,0.0
exchange,323,24,15,0.09077359402698115,0.045386797013490576,0.01733910362917653,0.0
exchange,324,24,15,0.08887082962880377,0.044435414814401886,0.01690810144402697,0.0
exchange,325,16,15,0.10181785515502961,0.050908927577514806,0.02761495213228771,0.0
exchange,326,24,15,0.20837084677594997,0.10418542338797498,0.04878280892550619,0.0
exchange,327,16,15,0.09056486455165913,0.045282432275829565,0.024503510342251452,0.0
exchange,328,8,15,0.0727697736154247,0.03638488680771235,0.019370434152545944,0.0
exchange,329,8,15,0.04577799172993435,0.022888995864967177,0.012181964927744326,0.0
exchange,330,24,15,0.2494325185711791,0.12471625928558955,0.059978175716334556,0.0
exchange,331,16,15,0.058738867567347475,0.029369433783673737,0.016412623963740703,0.0
exchange,332,8,15,0.08009943211523196,0.04004971605761598,0.021302321184891577,0.0
exchange,333,24,15,0.12123076190080873,0.06061538095040436,0.02590210281052619,0.0
exchange,334,24,15,0.10797826521553855,0.053989132607769275,0.02094608811351418,0.0
exchange,335,8,15,0.05156584421446253,0.025782922107231265,0.01371224782366193,0.0
exchange,336,8,15,0.05367568284867197,0.026837841424335984,0.014277063185210359,0.0
exchange,337,8,15,0.04274003523314329,0.021370017616571646,0.011375342297872923,0.0
exchange,338,24,15,0.0675340192346775,0.03376700961733875,0.012967118915550099,0.0
exchange,339,24,15,0.07730421084311556,0.03865210542155778,0.014681025209550539,0.0
exchange,340,24,15,0.1882806449837563,0.09414032249187815,0.04384223642145993,0.0
exchange,341,8,15,0.06854232824749085,0.03427116412374542,0.01822682060329089,0.0
exchange,342,8,15,0.07379248129070237,0.036896240645351186,0.019632157739865107,0.0
exchange,343,24,15,0.06305061349435959,0.03152530674717979,0.012669036572413254,0.0
exchange,344,8,15,0.056918593096934034,0.028459296548467017,0.015135747428500435,0.0
exchange,345,24,15,0.0861061895835275,0.04305309479176375,0.01691716384150321,0.0
exchange,346,8,15,0.06110765047195832,0.03055382523597916,0.016255025990733748,0.0
exchange,347,24,15,0.2133492632326804,0.1066746316163402,0.05095464305916752,0.0
exchange,348,16,15,0.025351699443127762,0.012675849721563881,0.0063692392005969874,0.0
exchange,349,8,15,0.07189405634773838,0.03594702817386919,0.019129994442547156,0.0
exchange,350,8,15,0.06094805664118774,0.03047402832059387,0.016207151906922648,0.0
exchange,351,24,15,0.1243224997967245,0.06216124989836225,0.026173120033770383,0.0
exchange,352,8,15,0.04585152875949605,0.022925764379748026,0.012182642409191742,0.0
exchange,353,8,15,0.07385654069671932,0.03692827034835966,0.01964824725797482,0.0
exchange,354,8,15,0.07468168618377047,0.037340843091885234,0.01988122019693439,0.0
exchange,355,24,15,0.048703603457304234,0.024351801728652117,0.010960627101499532,0.0
exchange,356,8,15,0.04678189512833042,0.02339094756416521,0.01245295875318735,0.0
exchange,357,8,15,0.06595039704577577,0.03297519852288788,0.017553128701329117,0.0
exchange,358,16,15,0.06861275003224543,0.034306375016122714,0.01895159753242137,0.0
exchange,359,24,15,0.1458017341471503,0.07290086707357515,0.031735789740008645,0.0
exchange,360,24,15,0.08024094337124821,0.040120471685624104,0.015253052906890097,0.0
exchange,361,16,15,0.10975100501174218,0.05487550250587109,0.029505622224629328,0.0
exchange,362,24,15,0.16461440377874914,0.08230720188937457,0.03719141651478997,0.0
exchange,363,8,15,0.049409052251364605,0.024704526125682302,0.013142246107823012,0.0
exchange,364,24,15,0.10843137402833636,0.05421568701416818,0.021450694419792207,0.0
exchange,365,8,15,0.040508763217755206,0.020254381608877603,0.01077568504092928,0.0
exchange,366,8,15,0.07121463484818247,0.035607317424091234,0.018946089023619318,0.0
exchange,367,16,15,0.14358364012828445,0.07179182006414223,0.03821269658377983,0.0
exchange,368,24,15,0.05789097599391413,0.028945487996957064,0.012213654445410753,0.0
exchange,369,24,15,0.07427419393769097,0.037137096968845484,0.014180460382117614,0.0
exchange,370,24,15,0.11313282526934648,0.05656641263467324,0.024352879142061863,0.0
exchange,371,8,15,0.035379222619790984,0.017689611309895492,0.009410156400786188,0.0
exchange,372,24,15,0.10755225226717191,0.053776126133585955,0.02158286861354264,0.0
exchange,373,8,15,0.06344051786428917,0.031720258932144585,0.01687159906132658,0.0
exchange,374,24,15,0.07336220437206276,0.03668110218603138,0.013992839193483613,0.0
exchange,375,8,15,0.07230136186361202,0.03615068093180601,0.019232218007900224,0.0
exchange,376,24,15,0.15191820565759961,0.07595910282879981,0.03451767132555524,0.0
exchange,377,8,15,0.07508631993488613,0.03754315996744306,0.019950966646669104,0.0
exchange,378,16,15,0.06084172294031853,0.030420861470159266,0.016889283108472455,0.0
exchange,379,24,15,0.13227623978164704,0.06613811989082352,0.026961714593066326,0.0
exchange,380,8,15,0.052336739655967524,0.026168369827983762,0.013923365126545063,0.0
exchange,381,8,15,0.05029410899851805,0.025147054499259025,0.013381977622926958,0.0
exchange,382,16,15,0.029611690734628382,0.014805845367314191,0.007224173302327304,0.0
exchange,383,24,15,0.17293765701921637,0.08646882850960819,0.0410638986777626,0.0
exchange,384,16,15,0.1177742475291827,0.05888712376459135,0.03156731331490958,0.0
exchange,385,24,15,0.2401035611257067,0.12005178056285334,0.05794759653087895,0.0
exchange,386,24,15,0.10437433800931795,0.05218716900465897,0.020896426182226528,0.0
exchange,387,8,15,0.06065806555569142,0.03032903277784571,0.01615158580963399,0.0
exchange,388,24,15,0.1089551018651635,0.05447755093258175,0.02135187020727067,0.0
exchange,389,16,15,0.11953909160501341,0.05976954580250671,0.03190321300274256,0.0
exchange,390,24,15,0.22634206305744276,0.11317103152872138,0.05434589970595814,0.0
exchange,391,8,15,0.06454068939693469,0.032270344698467346,0.01715545783256896,0.0
exchange,392,16,15,0.075914682727936,0.037957341363968,0.020916400367249868,0.0
exchange,393,16,15,0.09233357534224607,0.04616678767112303,0.02491593071575491,0.0
exchange,394,24,15,0.15599561595271605,0.07799780797635802,0.03571562057361214,0.0
exchange,395,8,15,0.059945457215838216,0.029972728607919108,0.01593041100103357,0.0
exchange,396,24,15,0.21324667368611294,0.10662333684305647,0.05197526932218044,0.0
exchange,397,24,15,0.05994130444032075,0.029970652220160376,0.012341039729906215,0.0
exchange,398,8,15,0.058028095173385474,0.029014047586692737,0.015429972566572303,0.0
exchange,399,16,15,0.06535893838514939,0.032679469192574695,0.01797423792349936,0.0
exchange,400,8,15,0.06733726625017233,0.03366863312508617,0.01790904656282127,0.0
exchange,401,16,15,0.13355653705329829,0.06677826852664914,0.03543661498982334,0.0
exchange,402,24,15,0.13414320911021604,0.06707160455510802,0.028959845642074884,0.0
exchange,403,16,15,0.06605365222028248,0.03302682611014124,0.018272358234651762,0.0
exchange,404,16,15,0.07141112399450833,0.035705561997254165,0.019657154949287374,0.0
exchange,405,8,15,0.037843508625568956,0.018921754312784478,0.01006674307506897,0.0
exchange,406,24,15,0.1069082056885085,0.05345410284425425,0.0216746807392053,0.0
exchange,407,8,15,0.05573966066525615,0.027869830332628076,0.014803373108564492,0.0
exchange,408,16,15,0.11014786530187287,0.055073932650936436,0.02967380739584695,0.0
exchange,409,8,15,0.061475533529749105,0.030737766764874552,0.016354986501181234,0.0
exchange,410,8,15,0.06544330682758359,0.032721653413791796,0.017406819131584293,0.0
exchange,411,8,15,0.10332040269428266,0.05166020134714133,0.027478018458901927,0.0
exchange,412,8,15,0.047163873753601426,0.023581936876800713,0.012556672971288345,0.0
exchange,413,8,15,0.059547377627118925,0.029773688813559462,0.01582973881990335,0.0
exchange,414,8,15,0.08341999702087177,0.041709998510435886,0.022192757190228195,0.0
exchange,415,8,15,0.06616611004970552,0.03308305502485276,0.017579046323541205,0.0
exchange,416,16,15,0.11990759108674742,0.05995379554337371,0.03208078771529586,0.0
exchange,417,16,15,0.11498425012661467,0.05749212506330734,0.030977370924434134,0.0
exchange,418,16,15,0.10912146664346012,0.05456073332173006,0.02924904341759201,0.0
exchange,419,16,15,0.06695063749361219,0.03347531874680609,0.018564404428448162,0.0
exchange,420,24,15,0.16971622174437706,0.08485811087218853,0.03902130991007894,0.0
exchange,421,24,15,0.12581303263211896,0.06290651631605948,0.028318485219730963,0.0
exchange,422,8,15,0.06207762404534167,0.031038812022670836,0.016505133342350858,0.0
exchange,423,8,15,0.06623693378429407,0.033118466892147036,0.017629405644292065,0.0
exchange,424,16,15,0.15043732373826646,0.07521866186913323,0.04008940533060661,0.0
exchange,425,8,15,0.0643647858005213,0.03218239290026065,0.017127880389865496,0.0
exchange,426,8,15,0.06291429736751974,0.03145714868375987,0.016752491624485815,0.0
exchange,427,24,15,0.25181687224518495,0.12590843612259248,0.0618962755391268,0.0
exchange,428,8,15,0.06925074341868798,0.03462537170934399,0.01841344893918752,0.0
exchange,429,8,15,0.06986080849432552,0.03493040424716276,0.01858776260696969,0.0
exchange,430,8,15,0.09989887505935224,0.04994943752967612,0.02659018537326352,0.0
exchange,431,24,15,0.18382950319781122,0.09191475159890561,0.04283235030677331,0.0
exchange,432,16,15,0.06167619117454315,0.030838095587271575,0.017204493880544333,0.0
exchange,433,24,15,0.1662415058277163,0.08312075291385815,0.03785503144199085,0.0
exchange,434,8,15,0.036709321511266046,0.018354660755633023,0.00975342198231779,0.0
exchange,435,16,15,0.07899117876189621,0.039495589380948104,0.02160562172211093,0.0
exchange,436,8,15,0.051286758704876645,0.025643379352438322,0.013645854964698716,0.0
exchange,437,8,15,0.0599862065985014,0.0299931032992507,0.015950466385636117,0.0
exchange,438,24,15,0.1781164456633706,0.0890582228316853,0.04041728476066594,0.0
exchange,439,8,15,0.04704022275747333,0.023520111378736663,0.012516228976735995,0.0
exchange,440,8,15,0.045229209041035556,0.022614604520517778,0.012027735953157122,0.0
exchange,441,24,15,0.14863775921175693,0.07431887960587846,0.03445487051602056,0.0
exchange,442,24,15,0.2528285013120317,0.12641425065601586,0.06091547834035613,0.0
exchange,443,24,15,0.20926265125808963,0.10463132562904481,0.049535964691424156,0.0
exchange,444,24,15,0.10445502353460018,0.05222751176730009,0.020419325782718736,0.0
exchange,445,16,15,0.1296197255099346,0.0648098627549673,0.03445591774495909,0.0
exchange,446,24,15,0.1917314631395619,0.09586573156978095,0.045843868467799836,0.0
exchange,447,8,15,0.0681517408592418,0.0340758704296209,0.018138853158162074,0.0
exchange,448,8,15,0.044068347937070484,0.022034173968535242,0.011723123520451344,0.0
exchange,449,16,15,0.11468385862675756,0.05734192931337878,0.030579499930343857,0.0
exchange,450,8,15,0.0683210391518837,0.03416051957594185,0.018162588866777612,0.0
exchange,451,16,15,0.12630321985233683,0.06315160992616842,0.033729563570251656,0.0
exchange,452,24,15,0.11543615179326067,0.05771807589663033,0.02334784072895634,0.0
exchange,453,24,15,0.12326548986703134,0.06163274493351567,0.024429174405063554,0.0
exchange,454,16,15,0.10245955198653034,0.05122977599326517,0.027575403549677358,0.0
exchange,455,8,15,0.04062247558048615,0.020311237790243075,0.010788893895966437,0.0
exchange,456,16,15,0.06313827688911267,0.03156913844455633,0.017461417989088943,0.0
exchange,457,8,15,0.05133477058966218,0.02566738529483109,0.013667853131801374,0.0
exchange,458,8,15,0.054171774833252306,0.027085887416626153,0.014418051189293735,0.0
exchange,459,8,15,0.05091980811481445,0.025459904057407223,0.013549033506500052,0.0
exchange,460,8,15,0.06686422986161444,0.03343211493080722,0.01778878196539492,0.0
exchange,461,8,15,0.06887522374723942,0.03443761187361971,0.01832096467261476,0.0
exchange,462,16,15,0.09615536871929897,0.048077684359649486,0.02617379380462871,0.0
exchange,463,8,15,0.06375613894131504,0.03187806947065752,0.01695481419179666,0.0
exchange,464,16,15,0.057089874069425006,0.028544937034712503,0.01604060215708587,0.0
exchange,465,16,15,0.043761087250355324,0.021880543625177662,0.00893874319271158,0.0
exchange,466,8,15,0.058369216720036476,0.029184608360018238,0.015536674669624318,0.0
exchange,467,8,15,0.061193377646957425,0.030596688823478713,0.01628600613818667,0.0
exchange,468,8,15,0.060565386259237464,0.030282693129618732,0.016102823896002757,0.0
exchange,469,8,15,0.05230216965628132,0.02615108482814066,0.013917505667035038,0.0
exchange,470,24,15,0.12928950943400697,0.06464475471700348,0.026781797062096817,0.0
exchange,471,8,15,0.05177310279286018,0.02588655139643009,0.013767108681023495,0.0
exchange,472,8,15,0.06856148802910345,0.03428074401455172,0.018244369611649183,0.0
exchange,473,16,15,0.07346486812721575,0.03673243406360788,0.020046561129518192,0.0
exchange,474,16,15,0.1293934295451853,0.06469671477259265,0.03455875355091741,0.0
exchange,475,8,15,0.056281014886902514,0.028140507443451257,0.014978194505942347,0.0
exchange,476,24,15,0.13246539507086758,0.06623269753543379,0.02787626990851976,0.0
exchange,477,16,15,0.14021987958688198,0.07010993979344099,0.03750633039139607,0.0
exchange,478,24,15,0.09428740707073857,0.047143703535369286,0.019052150448516804,0.0
exchange,479,16,15,0.0812259745197047,0.04061298725985235,0.022160572351964246,0.0
exchange,480,16,15,0.052584534903632685,0.026292267451816342,0.014745801512491118,0.0
exchange,481,16,15,0.1258256835454733,0.06291284177273665,0.033696318594383955,0.0
exchange,482,16,15,0.043365624024805594,0.021682812012402797,0.012100706567433388,0.0
exchange,483,16,15,0.0658048566979137,0.03290242834895685,0.018181617380964184,0.0
exchange,484,24,15,0.0985849535656127,0.04929247678280635,0.018679157904193625,0.0
exchange,485,8,15,0.04426995344841189,0.022134976724205946,0.011771858269024346,0.0
exchange,486,24,15,0.0928403268624432,0.0464201634312216,0.018006013337610465,0.0
exchange,487,24,15,0.14963892904455622,0.07481946452227811,0.03331477230658551,0.0
exchange,488,24,15,0.1650306785968091,0.08251533929840454,0.03779793425419521,0.0
exchange,489,24,15,0.10206151051421708,0.05103075525710854,0.020461567221917942,0.0
exchange,490,16,15,0.09199754621774175,0.04599877310887088,0.025109688823549546,0.0
exchange,491,8,15,0.051382135503837745,0.025691067751918872,0.013665439148484237,0.0
exchange,492,8,15,0.057091931693284526,0.028545965846642263,0.015198657242020734,0.0
exchange,493,24,15,0.059138721541547645,0.029569360770773823,0.016432291590661025,0.0
exchange,494,24,15,0.12403218638631375,0.062016093193156874,0.028664562535120477,0.0
exchange,495,24,15,0.16654087910062404,0.08327043955031202,0.03622694678826641,0.0
exchange,496,8,15,0.06118184722384079,0.030590923611920395,0.016256861618579813,0.0
exchange,497,24,15,0.1656753975002102,0.0828376987501051,0.038109544668464924,0.0
exchange,498,16,15,0.04182604272338131,0.020913021361690654,0.011749917843712814,0.0
exchange,499,24,15,0.22902050965633314,0.11451025482816657,0.05566587834848847,0.0
exchange,500,24,15,0.23542127618883718,0.11771063809441859,0.05569414085499765,0.0
exchange,501,8,15,0.06079504625375498,0.03039752312687749,0.01615723840934172,0.0
exchange,502,24,15,0.10056600654146491,0.05028300327073246,0.01939820566805088,0.0
exchange,503,24,15,0.2351755603329036,0.1175877801664518,0.056757550875064594,0.0
exchange,504,16,15,0.0994146861118223,0.04970734305591115,0.026961567423323382,0.0
exchange,505,16,15,0.07225728669963427,0.036128643349817136,0.01998769350072569,0.0
exchange,506,8,15,0.08759809029753485,0.043799045148767424,0.02331308849131072,0.0
exchange,507,16,15,0.08387419402221236,0.04193709701110618,0.022985341127220622,0.0
exchange,508,24,15,0.10758763428304452,0.05379381714152226,0.020851765818084032,0.0
exchange,509,24,15,0.060031231832343546,0.030015615916171773,0.012454320042093226,0.0
exchange,510,8,15,0.03721595706105618,0.01860797853052809,0.009893144733852307,0.0
exchange,511,16,15,0.12112409450220862,0.06056204725110431,0.032438350264092954,0.0
exchange,512,16,15,0.11720050760719924,0.05860025380359962,0.03147621737411637,0.0
exchange,513,24,15,0.14420482873217666,0.07210241436608833,0.03201247502207997,0.0
exchange,514,24,15,0.23099017287246681,0.11549508643623341,0.055995223914741626,0.0
exchange,515,24,15,0.18603517911351392,0.09301758955675696,0.042832750380686443,0.0
exchange,516,16,15,0.0892894619386117,0.04464473096930585,0.02435701214336368,0.0
exchange,517,16,15,0.0952098961578064,0.0476049480789032,0.025574556173190696,0.0
exchange,518,16,15,0.11837972397979313,0.059189861989896564,0.031771178085006,0.0
exchange,519,16,15,0.10613846215705958,0.05306923107852979,0.028534531168350925,0.0
exchange,520,24,15,0.14961832677245823,0.07480916338622912,0.03418651286797587,0.0
exchange,521,24,15,0.195921462630277,0.0979607313151385,0.04527984710312138,0.0
exchange,522,16,15,0.12998504991051563,0.06499252495525781,0.034703219204747775,0.0
exchange,523,24,15,0.18705453880509149,0.09352726940254574,0.04436577747799178,0.0
exchange,524,16,15,0.10657217984889333,0.05328608992444667,0.02884732058422965,0.0
exchange,525,16,15,0.09897882773132216,0.04948941386566108,0.02674447031010314,0.0
exchange,526,16,15,0.11667424292065487,0.058337121460327435,0.03137178852127206,0.0
exchange,527,8,15,0.041314350875932826,0.020657175437966413,0.010974536030151371,0.0
exchange,528,16,15,0.1118064891153715,0.05590324455768575,0.030095006929666247,0.0
exchange,529,16,15,0.12482191011848609,0.062410955059243045,0.033236573928100796,0.0
exchange,530,8,15,0.07477701813824422,0.03738850906912211,0.019885769939688113,0.0
exchange,531,8,15,0.061258496089636516,0.030629248044818258,0.01630338380753434,0.0
exchange,532,24,15,0.05157728142648077,0.025788640713240385,0.011061544266207283,0.0
exchange,533,24,15,0.09960572734486617,0.049802863672433084,0.01981732044368627,0.0
exchange,534,8,15,0.046789347961053274,0.023394673980526637,0.012447558678136916,0.0
exchange,535,24,15,0.08485460645722254,0.04242730322861127,0.016263312432849335,0.0
exchange,536,8,15,0.05606974849950441,0.028034874249752206,0.014908403025146866,0.0
exchange,537,16,15,0.03916862977036106,0.01958431488518053,0.010988920801421834,0.0
exchange,538,8,15,0.055808284389233465,0.027904142194616732,0.014848076914256218,0.0
exchange,539,8,15,0.04295375146378555,0.021476875731892775,0.011427459098617917,0.0
exchange,540,24,15,0.2167987254455816,0.1083993627227908,0.052011767298717114,0.0
exchange,541,24,15,0.14305064197268613,0.07152532098634307,0.031896011360239056,0.0
exchange,542,16,15,0.0814750547901244,0.0407375273950622,0.022256837811749617,0.0
exchange,543,16,15,0.11107595601311493,0.055537978006557465,0.02975476909119014,0.0
exchange,544,8,15,0.05811703432382154,0.02905851716191077,0.015435330762970937,0.0
exchange,545,24,15,0.16103755319280844,0.08051877659640422,0.03610324611500733,0.0
exchange,546,8,15,0.07484641530519975,0.03742320765259988,0.019910317699844905,0.0
exchange,547,8,15,0.07217499453872955,0.03608749726936478,0.01919535165682649,0.0
exchange,548,16,15,0.1338660840610072,0.0669330420305036,0.03584069044620501,0.0
exchange,549,24,15,0.21263139239299284,0.10631569619649642,0.04972276022823511,0.0
exchange,550,24,15,0.20459387106669902,0.10229693553334951,0.04814973081216985,0.0
exchange,551,16,15,0.1366249491726267,0.06831247458631334,0.0363725099236353,0.0
exchange,552,16,15,0.11348441443250146,0.05674220721625073,0.030427496260577783,0.0
exchange,553,16,15,0.04913746608097447,0.024568733040487234,0.013837375221706234,0.0
exchange,554,16,15,0.09684470680777624,0.04842235340388812,0.026440747954189627,0.0
exchange,555,8,15,0.0744737133727792,0.0372368566863896,0.01982327643057828,0.0
exchange,556,8,15,0.050089840300807875,0.025044920150403938,0.013318662958325792,0.0
exchange,557,8,15,0.06977801581899024,0.03488900790949512,0.018569515803572748,0.0
exchange,558,8,15,0.06039171977770752,0.03019585988885376,0.016066819000803024,0.0
exchange,559,8,15,0.04292517515717165,0.021462587578585823,0.011419864097990059,0.0
exchange,560,8,15,0.0578203336586407,0.02891016682932035,0.015373651150937095,0.0
exchange,561,8,15,0.07988483078684905,0.039942415393424524,0.021263203196247207,0.0
exchange,562,8,15,0.0463959177262806,0.0231979588631403,0.012350791729566301,0.0
exchange,563,16,15,0.12433405895372529,0.062167029476862645,0.03312671541266897,0.0
exchange,564,24,15,0.16339433539153947,0.08169716769576973,0.036335205555655274,0.0
exchange,565,8,15,0.05458740018072561,0.027293700090362805,0.014535269331409088,0.0
exchange,566,8,15,0.06376123531327793,0.031880617656638965,0.016973678088704047,0.0
exchange,567,16,15,0.061714794545259855,0.030857397272629927,0.017131049148189238,0.0
exchange,568,8,15,0.07712688657396327,0.038563443286981636,0.020505290434220395,0.0
exchange,569,24,15,0.03427335617866156,0.01713667808933078,0.00977180341983405,0.0
exchange,570,8,15,0.051159581242716023,0.025579790621358012,0.013614148657951927,0.0
exchange,571,24,15,0.10607933407429826,0.05303966703714913,0.02129142870330116,0.0
exchange,572,24,15,0.05519282379432788,0.02759641189716394,0.011644999705844776,0.0
exchange,573,8,15,0.04298727364130983,0.021493636820654916,0.01143492436331995,0.0
exchange,574,8,15,0.0662174682360338,0.0331087341180169,0.01760728876164952,0.0
exchange,575,24,15,0.03441345212680208,0.01720672606340104,0.009930515704877508,0.0
exchange,576,24,15,0.21760707491269415,0.10880353745634708,0.05223858978958196,0.0
exchange,577,24,15,0.056326984240970046,0.028163492120485023,0.011771898587965894,0.0
exchange,578,24,15,0.1680515589648277,0.08402577948241385,0.03959279421164439,0.0
exchange,579,24,15,0.04511973492881438,0.02255986746440719,0.010711230108162492,0.0
exchange,580,16,15,0.12040453885290514,0.06020226942645257,0.0323071972474592,0.0
exchange,581,24,15,0.13501251681795978,0.06750625840897989,0.030204985595536846,0.0
exchange,582,8,15,0.07543645567918045,0.037718227839590224,0.020087555046611142,0.0
exchange,583,24,15,0.15879976481040275,0.07939988240520138,0.03618061919341761,0.0
exchange,584,8,15,0.03620138777922799,0.018100693889613995,0.00962342476058362,0.0
exchange,585,8,15,0.056881774508885985,0.028440887254442992,0.01512564970365935,0.0
exchange,586,24,15,0.15455328264595225,0.07727664132297613,0.03584844162482907,0.0
exchange,587,8,15,0.08441777949035056,0.04220888974517528,0.022461700265501747,0.0
exchange,588,24,15,0.2108567958114973,0.10542839790574865,0.05028771466418337,0.0
exchange,589,24,15,0.16498548101186472,0.08249274050593236,0.03811091577064117,0.0
exchange,590,16,15,0.10101718864957598,0.05050859432478799,0.02735403875340612,0.0
exchange,591,24,15,0.13090418939708925,0.06545209469854463,0.02854841577149838,0.0
exchange,592,16,15,0.07709493776679643,0.03854746888339822,0.02101310113393057,0.0
exchange,593,24,15,0.09765238256389547,0.048826191281947734,0.018579315619117555,0.0
exchange,594,8,15,0.05935111736703258,0.02967555868351629,0.01579736091188463,0.0
exchange,595,16,15,0.1284993975479315,0.06424969877396575,0.034145840301182624,0.0
exchange,596,8,15,0.07450200777034022,0.03725100388517011,0.019804854045566554,0.0
exchange,597,24,15,0.2005450139838455,0.10027250699192275,0.04719420394296127,0.0
exchange,598,24,15,0.047303619256116036,0.023651809628058018,0.011170188068798237,0.0
exchange,599,8,15,0.05569069206748711,0.027845346033743557,0.014805671634847013,0.0
exchange,600,16,15,0.11789392494872186,0.05894696247436093,0.0316039372722724,0.0
exchange,601,24,15,0.14029457097819187,0.07014728548909593,0.031034708855644026,0.0
exchange,602,24,15,0.0843013187521966,0.0421506593760983,0.016069043470478453,0.0
exchange,603,24,15,0.21826977813078174,0.10913488906539087,0.051883109601378714,0.0
exchange,604,8,15,0.06521858220392662,0.03260929110196331,0.017354028033169967,0.0
exchange,605,8,15,0.07672811421091519,0.038364057105457594,0.020428107817724566,0.0
exchange,606,16,15,0.06342241314033636,0.03171120657016818,0.017407429667462528,0.0
exchange,607,16,15,0.09574288691127442,0.04787144345563721,0.02561154206495775,0.0
exchange,608,24,15,0.11453605667834255,0.05726802833917127,0.023924794884425376,0.0
exchange,609,16,15,0.10857958046719562,0.05428979023359781,0.029055044324127696,0.0
exchange,610,16,15,0.10595311718339995,0.052976558591699974,0.028614808554601752,0.0
exchange,611,16,15,0.11002954763947848,0.05501477381973924,0.0298089281979499,0.0
exchange,612,8,15,0.052863424523149516,0.026431712261574758,0.01406961817102507,0.0
exchange,613,16,15,0.13245038584832602,0.06622519292416301,0.035641903301104984,0.0
exchange,614,16,15,0.03980232000304462,0.01990116000152231,0.011212091817428438,0.0
exchange,615,16,15,0.11959684780032198,0.05979842390016099,0.03202795267276664,0.0
exchange,616,24,15,0.09229663862575921,0.046148319312879604,0.01778832903835977,0.0
exchange,617,24,15,0.09357693014645618,0.04678846507322809,0.018127270452681567,0.0
exchange,618,24,15,0.09853623896409819,0.049268119482049094,0.019386112836702454,0.0
exchange,619,16,15,0.04221326767444977,0.021106633837224886,0.011768745374283318,0.0
exchange,620,8,15,0.05931903171153152,0.02965951585576576,0.015780867268934337,0.0
exchange,621,24,15,0.2244642304262786,0.1122321152131393,0.05362214150282805,0.0
exchange,622,8,15,0.05562966184048779,0.027814830920243894,0.014805976856327363,0.0
exchange,623,24,15,0.24174184910588536,0.12087092455294268,0.05886898697708016,0.0
exchange,624,8,15,0.052270507762161134,0.026135253881080567,0.013858330428972629,0.0
exchange,625,16,15,0.0899043369261292,0.0449521684630646,0.024740981859674285,0.0
exchange,626,8,15,0.06442770261575526,0.03221385130787763,0.017130298691396113,0.0
exchange,627,8,15,0.063942842580617,0.0319714212903085,0.01701727729936485,0.0
exchange,628,8,15,0.06255077760801597,0.031275388804007986,0.016648772683605612,0.0
exchange,629,24,15,0.09172545424923251,0.045862727124616254,0.017391971205280545,0.0
exchange,630,24,15,0.21125104638698933,0.10562552319349466,0.05018773734120487,0.0
exchange,631,8,15,0.06149982636015938,0.03074991318007969,0.01634370193263907,0.0
exchange,632,24,15,0.15711510625081382,0.07855755312540691,0.03505126595050269,0.0
exchange,633,24,15,0.1412035789525578,0.0706017894762789,0.03185893403661659,0.0
exchange,634,16,15,0.0937386993276843,0.04686934966384215,0.025451773170051338,0.0
exchange,635,16,15,0.0730972959297691,0.03654864796488455,0.02015994911707916,0.0
exchange,636,24,15,0.07405317657108473,0.03702658828554237,0.014136905023836932,0.0
exchange,637,16,15,0.080069243234839,0.0400346216174195,0.0220570550713735,0.0
exchange,638,24,15,0.12245301722042345,0.06122650861021173,0.027315412318106955,0.0
exchange,639,24,15,0.06843987790308825,0.03421993895154413,0.013210838565700926,0.0
exchange,640,8,15,0.06141093996564184,0.03070546998282092,0.016341089967907316,0.0
exchange,641,24,15,0.216462062319273,0.1082310311596365,0.05207015005525306,0.0
exchange,642,24,15,0.18024319360054297,0.09012159680027149,0.04249600112162634,0.0
exchange,643,16,15,0.12465192407679959,0.062325962038399796,0.03327962557768572,0.0
exchange,644,16,15,0.11646488114091536,0.05823244057045768,0.03127595979644478,0.0
exchange,645,16,15,0.10370472082350984,0.05185236041175492,0.028099415537210445,0.0
exchange,646,24,15,0.20770057474492187,0.10385028737246094,0.049132492646578214,0.0
exchange,647,24,15,0.11291614026072949,0.056458070130364746,0.023680695980000423,0.0
exchange,648,24,15,0.16345659059667833,0.08172829529833917,0.0378731787936515,0.0
exchange,649,24,15,0.09534593954061449,0.047672969770307244,0.018663386374982036,0.0
exchange,650,24,15,0.1419743148901348,0.0709871574450674,0.032816030526471654,0.0
exchange,651,24,15,0.1753036072676375,0.08765180363381875,0.04087076937939541,0.0
exchange,652,24,15,0.09835426333990627,0.049177131669953134,0.019170313706178024,0.0
exchange,653,24,15,0.14777058913569652,0.07388529456784826,0.03317667188252156,0.0
exchange,654,16,15,0.09728722731904949,0.04864361365952474,0.02631313421823583,0.0
exchange,655,24,15,0.11525639977151614,0.05762819988575807,0.023771306215143718,0.0
exchange,656,8,15,0.058247449921014605,0.029123724960507302,0.015484569164165593,0.0
exchange,657,24,15,0.14596522110931065,0.07298261055465532,0.033512285122123266,0.0
exchange,658,24,15,0.0778987528726488,0.0389493764363244,0.014955740012247682,0.0
exchange,659,8,15,0.05667929414730266,0.02833964707365133,0.0150826388987636,0.0
exchange,660,16,15,0.11304667841153215,0.05652333920576608,0.03028362274079923,0.0
exchange,661,16,15,0.1193849452083392,0.0596924726041696,0.03207920156983997,0.0
exchange,662,16,15,0.11690683151165382,0.05845341575582691,0.031239551841997545,0.0
exchange,663,16,15,0.024989858998187287,0.012494929499093643,0.006105028880812391,0.0
exchange,664,24,15,0.15227452711195544,0.07613726355597772,0.03246473831263933,0.0
exchange,665,16,15,0.07723603951017688,0.03861801975508844,0.021221793029519927,0.0
exchange,666,16,15,0.10830648181235636,0.05415324090617818,0.029227137127607678,0.0
exchange,667,8,15,0.06877665691048673,0.03438832845524337,0.018276137737472862,0.0
exchange,668,24,15,0.128066961794568,0.064033480897284,0.0288485774902838,0.0
exchange,669,16,15,0.09048745271624647,0.04524372635812324,0.02422150314030936,0.0
exchange,670,8,15,0.06705869544112175,0.033529347720560876,0.01783984412599143,0.0
exchange,671,24,15,0.20061930312462706,0.10030965156231353,0.046996603153190576,0.0
exchange,672,24,15,0.1266332828692769,0.06331664143463844,0.027386558971729744,0.0
exchange,673,24,15,0.13309697570001472,0.06654848785000736,0.028519193393184,0.0
exchange,674,24,15,0.128413800888744,0.064206900444372,0.02718974489536473,0.0
exchange,675,8,15,0.044239928468610024,0.022119964234305012,0.011767257345694164,0.0
exchange,676,8,15,0.02945190807392284,0.01472595403696142,0.007833541832954682,0.0
exchange,677,24,15,0.22014595567114237,0.11007297783557118,0.052780415941126146,0.0
exchange,678,16,15,0.10694925759584872,0.05347462879792436,0.028759619368727278,0.0
exchange,679,24,15,0.08211523691010791,0.04105761845505396,0.015628881117030556,0.0
exchange,680,16,15,0.09684029391559834,0.04842014695779917,0.02625256459469934,0.0
exchange,681,24,15,0.05231439048026826,0.02615719524013413,0.01107428766123093,0.0
exchange,682,24,15,0.120756433925713,0.0603782169628565,0.023938824041890176,0.0
exchange,683,24,15,0.12073278889242661,0.060366394446213306,0.02553135556284997,0.0
exchange,684,24,15,0.1112701689469015,0.05563508447345075,0.023312022919813026,0.0
exchange,685,8,15,0.06585275515204292,0.03292637757602146,0.017522911879279658,0.0
exchange,686,16,15,0.11243963454375949,0.056219817271879746,0.030338382346014263,0.0
exchange,687,8,15,0.05764064084181464,0.02882032042090732,0.01533006686961996,0.0
exchange,688,24,15,0.07372730315558768,0.03686365157779384,0.014114458324514308,0.0
exchange,689,24,15,0.16117789445777103,0.08058894722888552,0.03637645148161092,0.0
exchange,690,8,15,0.0501883090652131,0.02509415453260655,0.013357231052841322,0.0
exchange,691,8,15,0.07125312968384756,0.03562656484192378,0.018945534466064194,0.0
exchange,692,8,15,0.07559005864547852,0.03779502932273926,0.02012645894221562,0.0
exchange,693,16,15,0.12469674308134471,0.062348371540672354,0.03351737877279316,0.0
exchange,694,16,15,0.054945768370154746,0.027472884185077373,0.015425024923982759,0.0
exchange,695,24,15,0.04068713582865291,0.020343567914326455,0.011025158152938253,0.0
exchange,696,24,15,0.19768569054051238,0.09884284527025619,0.045325975771497086,0.0
exchange,697,24,15,0.1648042369959306,0.0824021184979653,0.03768768521676469,0.0
exchange,698,16,15,0.12311099958214244,0.06155549979107122,0.03286338652156755,0.0
exchange,699,24,15,0.0854961181668511,0.04274805908342555,0.01616074799617425,0.0
exchange,700,24,15,0.10861117533479092,0.05430558766739546,0.02182072586951878,0.0
exchange,701,24,15,0.229195077336928,0.114597538668464,0.05709634396325787,0.0
exchange,702,24,15,0.08978804087270875,0.044894020436354376,0.017378894557354398,0.0
exchange,703,16,15,0.06490248733820114,0.03245124366910057,0.018024852359231385,0.0
exchange,704,8,15,0.06324584140090705,0.03162292070045353,0.016822340213376186,0.0
exchange,705,8,15,0.055832120185000944,0.027916060092500472,0.014868308525008925,0.0
exchange,706,8,15,0.04385034688686795,0.021925173443433976,0.011666504080808892,0.0
exchange,707,8,15,0.06461072675992718,0.03230536337996359,0.01719235376945738,0.0
exchange,708,16,15,0.11820638544597956,0.05910319272298978,0.031764911507619925,0.0
exchange,709,8,15,0.040697118343320016,0.020348559171660008,0.010825488536538435,0.0
exchange,710,8,15,0.05016426538602092,0.02508213269301046,0.013320637775536241,0.0
exchange,711,8,15,0.04704784465037937,0.023523922325189683,0.012519918645985124,0.0
exchange,712,8,15,0.053501887654530456,0.026750943827265228,0.014237396272446468,0.0
exchange,713,16,15,0.14371982105353848,0.07185991052676924,0.03832789625724493,0.0
exchange,714,16,15,0.08912772719307682,0.04456386359653841,0.024299767756670296,0.0
exchange,715,8,15,0.06123263281613911,0.030616316408069555,0.01628194098112546,0.0
exchange,716,8,15,0.05072060183015947,0.025360300915079736,0.0134881751154908,0.0
exchange,717,24,15,0.22029001209087418,0.11014500604543709,0.05312155314313487,0.0
exchange,718,24,15,0.1746367939323063,0.08731839696615315,0.039967104461964366,0.0
exchange,719,8,15,0.06709413396086095,0.03354706698043047,0.01786368611400945,0.0
exchange,720,16,15,0.09807826954262533,0.049039134771312665,0.026554077205011645,0.0
exchange,721,24,15,0.12451608173051909,0.062258040865259545,0.025436172639448074,0.0
exchange,722,16,15,0.13087376088800573,0.06543688044400287,0.034985283182837966,0.0
exchange,723,16,15,0.12607000176562355,0.06303500088281178,0.03373317430343145,0.0
exchange,724,8,15,0.057438277626487344,0.028719138813243672,0.01528287076148042,0.0
exchange,725,8,15,0.05459623884419296,0.02729811942209648,0.014528867661867976,0.0
exchange,726,24,15,0.11438486983326379,0.057192434916631896,0.023402850942168332,0.0
exchange,727,24,15,0.23196734081464027,0.11598367040732013,0.055329721032569085,0.0
exchange,728,24,15,0.12785674981408435,0.06392837490704217,0.025756607289066702,0.0
exchange,729,8,15,0.059320715734145546,0.029660357867072773,0.0157884013355389,0.0
exchange,730,16,15,0.04488312738115652,0.02244156369057826,0.01268325199701453,0.0
exchange,731,24,15,0.17684419209864777,0.08842209604932388,0.041788036433274466,0.0
exchange,732,8,15,0.06308307003080316,0.03154153501540158,0.01678539888776931,0.0
exchange,733,8,15,0.08485753961229148,0.04242876980614574,0.022585335956413634,0.0
exchange,734,8,15,0.05326824581858691,0.026634122909293456,0.014166893438222979,0.0
exchange,735,8,15,0.048785673212067504,0.024392836606033752,0.012965146422192967,0.0
exchange,736,16,15,0.09927517052053081,0.049637585260265404,0.02659786707401542,0.0
exchange,737,8,15,0.08634161662220519,0.04317080831110259,0.02294950594428063,0.0
exchange,738,16,15,0.06335863758443638,0.03167931879221819,0.01764121306782133,0.0
exchange,739,8,15,0.07640117449578421,0.038200587247892104,0.020329964473005523,0.0
exchange,740,16,15,0.13938462702889287,0.06969231351444644,0.03710218690259565,0.0
exchange,741,24,15,0.1586378785071043,0.07931893925355216,0.03686124000074334,0.0
exchange,742,24,15,0.16788352684078212,0.08394176342039106,0.03852886053908244,0.0
exchange,743,24,15,0.2301057282591319,0.11505286412956595,0.05566247926665167,0.0
exchange,744,24,15,0.21573063936166526,0.10786531968083263,0.05170284963586664,0.0
exchange,745,8,15,0.07606689510461517,0.03803344755230759,0.020227150115816817,0.0
exchange,746,24,15,0.11382907606989012,0.05691453803494506,0.02247861333495346,0.0
exchange,747,16,15,0.106091737079902,0.053045868539951,0.02856128736222613,0.0
exchange,748,8,15,0.0452372592427307,0.02261862962136535,0.012029282617781644,0.0
exchange,749,24,15,0.21481102087655307,0.10740551043827654,0.05124169808869198,0.0
exchange,750,8,15,0.03447421449682153,0.017237107248410766,0.009168489872566733,0.0
exchange,751,24,15,0.10563110675336984,0.05281555337668492,0.0206883934042679,0.0
exchange,752,8,15,0.05964463033220102,0.02982231516610051,0.015872670616490146,0.0
exchange,753,16,15,0.1241309057659109,0.06206545288295545,0.03328639292733745,0.0
exchange,754,24,15,0.21394258678333866,0.10697129339166933,0.05114680403261099,0.0
exchange,755,16,15,0.16130561295883944,0.08065280647941972,0.042937006347330116,0.0
exchange,756,24,15,0.12528132878146458,0.06264066439073229,0.02684787781262105,0.0
exchange,757,16,15,0.025990387887425248,0.012995193943712624,0.006322854961741764,0.0
exchange,758,8,15,0.049232607719942756,0.024616303859971378,0.0130966072963932,0.0
exchange,759,16,15,0.11400590958850909,0.057002954794254546,0.03043976980040446,0.0
exchange,760,16,15,0.1385731794618006,0.0692865897309003,0.03678716100914497,0.0
exchange,761,24,15,0.19296069602483734,0.09648034801241867,0.046553620953719,0.0
exchange,762,16,15,0.09426671497353545,0.047133357486767724,0.025572103762827956,0.0
exchange,763,24,15,0.18056578809214108,0.09028289404607054,0.04249301124923002,0.0
exchange,764,8,15,0.07710501628178212,0.03855250814089106,0.020515332516973996,0.0
exchange,765,8,15,0.06399519529378728,0.03199759764689364,0.01703359252561649,0.0
exchange,766,16,15,0.12930942971888837,0.06465471485944418,0.034401317741495,0.0
exchange,767,16,15,0.0771849200596536,0.0385924600298268,0.021007480954579695,0.0
exchange,768,16,15,0.08983970275092457,0.04491985137546228,0.02435266517089835,0.0
exchange,769,24,15,0.13180818291886676,0.06590409145943338,0.028938051393768646,0.0
exchange,770,16,15,0.04509743754319251,0.022548718771596254,0.012741978996497427,0.0
exchange,771,24,15,0.08043653477182167,0.04021826738591083,0.01524491626928659,0.0
exchange,772,8,15,0.06542829330842648,0.03271414665421324,0.01740514397293365,0.0
exchange,773,24,15,0.06529446286175467,0.03264723143087733,0.01256877918470103,0.0
exchange,774,8,15,0.07884384297137192,0.03942192148568596,0.02095257693244968,0.0
exchange,775,8,15,0.07745311946154176,0.03872655973077088,0.020612495956461464,0.0
exchange,776,24,15,0.07717962046301174,0.03858981023150587,0.01470406561465411,0.0
exchange,777,16,15,0.10153609511404682,0.05076804755702341,0.027377167840575038,0.0
exchange,778,24,15,0.1629622815110462,0.0814811407555231,0.03839806946114558,0.0
exchange,779,8,15,0.06908102422542184,0.03454051211271092,0.018366696320485747,0.0
exchange,780,16,15,0.13190016080461342,0.06595008040230671,0.03521034609984464,0.0
exchange,781,16,15,0.08807587268103079,0.04403793634051539,0.023929286829678178,0.0
exchange,782,8,15,0.050068260637884054,0.025034130318942027,0.013323010462695144,0.0
exchange,783,16,15,0.09954282768231903,0.04977141384115952,0.02695916782522142,0.0
exchange,784,8,15,0.0661678408235814,0.0330839204117907,0.017611572138002553,0.0
exchange,785,24,15,0.08705878359859875,0.04352939179929938,0.016571120649486803,0.0
exchange,786,8,15,0.07261111599892389,0.036305557999461946,0.019326178020217834,0.0
exchange,787,24,15,0.16605339240774475,0.08302669620387237,0.039276910400484435,0.0
exchange,788,8,15,0.062409445343171166,0.031204722671585583,0.01660407074436539,0.0
exchange,789,8,15,0.06837798880060886,0.03418899440030443,0.018198061402655414,0.0
exchange,790,24,15,0.05136099818707629,0.025680499093538145,0.010341438562729576,0.0
exchange,791,24,15,0.23985272014241965,0.11992636007120983,0.0583202504766729,0.0
exchange,792,16,15,0.11466276649783125,0.057331383248915624,0.03078448643756988,0.0
exchange,793,24,15,0.08629185963817154,0.04314592981908577,0.016435005768150726,0.0
exchange,794,8,15,0.06894045407169969,0.03447022703584984,0.018335933730484692,0.0
exchange,795,16,15,0.12680514021341016,0.06340257010670508,0.033901831239653624,0.0
exchange,796,8,15,0.05595120105382512,0.02797560052691256,0.014881849401404171,0.0
exchange,797,24,15,0.10782841091457152,0.05391420545728576,0.022795651536457802,0.0
exchange,798,8,15,0.07947889130753305,0.039739445653766525,0.021126494512224918,0.0
exchange,799,24,15,0.23361250472174655,0.11680625236087328,0.05564919995572337,0.0
exchange,800,16,15,0.1338810132340007,0.06694050661700035,0.03573761712006187,0.0
exchange,801,16,15,0.10357153274283831,0.051785766371419156,0.028058801927400553,0.0
exchange,802,24,15,0.16553355621834986,0.08276677810917493,0.038909407540214526,0.0
exchange,803,8,15,0.043269973558671904,0.021634986779335952,0.011507634235352008,0.0
exchange,804,8,15,0.053916022552615406,0.026958011276307703,0.014349674456349352,0.0
exchange,805,8,15,0.07338600854570099,0.036693004272850493,0.019518073928194237,0.0
exchange,806,24,15,0.10426909700375242,0.05213454850187621,0.02042093826725587,0.0
exchange,807,24,15,0.1830300507697331,0.09151502538486656,0.0415576243237004,0.0
exchange,808,8,15,0.038180206942482586,0.019090103471241293,0.010164958692875386,0.0
exchange,809,24,15,0.16229803592376701,0.08114901796188351,0.037639004682646776,0.0
exchange,810,8,15,0.06325861254788723,0.031629306273943614,0.016829064314918582,0.0
exchange,811,8,15,0.052062613473291,0.0260313067366455,0.013851886088706192,0.0
exchange,812,8,15,0.056683200658135036,0.028341600329067518,0.015062291474797533,0.0
exchange,813,24,15,0.06001821642695793,0.030009108213478963,0.011998767177583998,0.0
exchange,814,16,15,0.08898922599898695,0.04449461299949348,0.02423874010429979,0.0
exchange,815,8,15,0.056010624999941694,0.028005312499970847,0.014900022997547875,0.0
exchange,816,16,15,0.12179863905837901,0.060899319529189505,0.03266034873746636,0.0
exchange,817,24,15,0.10462085988431336,0.05231042994215668,0.021806087818089903,0.0
exchange,818,8,15,0.0962425932394223,0.04812129661971115,0.025633936441363626,0.0
exchange,819,24,15,0.06956704593908358,0.03478352296954179,0.01337751738687764,0.0
exchange,820,24,15,0.13521244870004978,0.06760622435002489,0.029321160124415258,0.0
exchange,821,8,15,0.07887404357297778,0.03943702178648889,0.020978524812801505,0.0
exchange,822,24,15,0.09393683062857139,0.046968415314285694,0.018873196144808743,0.0
exchange,823,16,15,0.09231675566276154,0.04615837783138077,0.025010002180431465,0.0
exchange,824,16,15,0.09816775217473706,0.04908387608736853,0.02667342950504003,0.0
exchange,825,24,15,0.07320811015764583,0.03660405507882292,0.014087804382292124,0.0
exchange,826,24,15,0.17641826793030374,0.08820913396515187,0.0414788762145935,0.0
exchange,827,8,15,0.08987041583064337,0.044935207915321684,0.02390175660772727,0.0
exchange,828,8,15,0.06900100280769272,0.03450050140384636,0.01834019159005538,0.0
exchange,829,8,15,0.06622557380901284,0.03311278690450642,0.017632624532953348,0.0
exchange,830,24,15,0.08731261468998786,0.04365630734499393,0.016977490773251745,0.0
exchange,831,24,15,0.08478310607142125,0.04239155303571063,0.016335186854942833,0.0
exchange,832,8,15,0.05337771326381391,0.026688856631906954,0.014198793247088918,0.0
exchange,833,16,15,0.08635244552057808,0.04317622276028904,0.023508510357425613,0.0
exchange,834,16,15,0.11948772131631802,0.05974386065815901,0.03213774761048306,0.0
exchange,835,8,15,0.04547111501482781,0.022735557507413906,0.012095802914509209,0.0
exchange,836,8,15,0.0633664082688572,0.0316832041344286,0.016847456789320616,0.0
exchange,837,24,15,0.16980849809666998,0.08490424904833499,0.038433668696818794,0.0
exchange,838,24,15,0.09169563779733203,0.045847818898666015,0.017398754819073492,0.0
exchange,839,16,15,0.08000572950958673,0.040002864754793366,0.021857214891168895,0.0
exchange,840,24,15,0.09278568187738095,0.04639284093869048,0.017784264765980932,0.0
exchange,841,24,15,0.03889625056263002,0.01944812528131501,0.010343818755794503,0.0
exchange,842,16,15,0.09920025413806799,0.049600127069033995,0.027031437965062292,0.0
exchange,843,16,15,0.08783970772153799,0.04391985386076899,0.023913503594657142,0.0
exchange,844,8,15,0.05969312864158638,0.02984656432079319,0.01587173656142562,0.0
exchange,845,8,15,0.049269841920164925,0.024634920960082463,0.013105470538023327,0.0
exchange,846,24,15,0.23418107514109554,0.11709053757054777,0.05671306840755795,0.0
exchange,847,16,15,0.1334787214130514,0.0667393607065257,0.03550077346687364,0.0
exchange,848,16,15,0.04368636782557156,0.02184318391278578,0.008769774220881144,0.0
exchange,849,24,15,0.15788770566486715,0.07894385283243358,0.03580423676525159,0.0
exchange,850,8,15,0.0474555727280227,0.02372778636401135,0.0126291944143791,0.0
exchange,851,16,15,0.1250878568713133,0.06254392843565665,0.03353821799718722,0.0
exchange,852,16,15,0.14326181237205848,0.07163090618602924,0.03831283308177002,0.0
exchange,853,16,15,0.09853838582799213,0.04926919291399606,0.02664563439499857,0.0
exchange,854,16,15,0.07853170296540801,0.039265851482704006,0.02142873383148407,0.0
exchange,855,16,15,0.13736300751232916,0.06868150375616458,0.03676042243874565,0.0
exchange,856,8,15,0.05612458952397714,0.02806229476198857,0.014902403323968926,0.0
exchange,857,16,15,0.13188000914498677,0.06594000457249338,0.035098031316137916,0.0
exchange,858,24,15,0.13025586372468495,0.06512793186234248,0.027572034163606766,0.0
exchange,859,24,15,0.05578774279754417,0.027893871398772085,0.010703428754120758,0.0
exchange,860,8,15,0.05387531088222186,0.02693765544111093,0.014329669125305356,0.0
exchange,861,8,15,0.06846077090800928,0.03423038545400464,0.018211120824699216,0.0
exchange,862,16,15,0.09887785812730238,0.04943892906365119,0.026959141903710016,0.0
exchange,863,16,15,0.04714177331095781,0.023570886655478906,0.013306550532783852,0.0
exchange,864,8,15,0.042276243646006684,0.021138121823003342,0.011258484002523843,0.0
exchange,865,24,15,0.16283944320540855,0.08141972160270428,0.037193269173331066,0.0
exchange,866,16,15,0.1458192298551546,0.0729096149275773,0.03888108265880281,0.0
exchange,867,16,15,0.12102324965925498,0.06051162482962749,0.032582768578926946,0.0
exchange,868,24,15,0.10665954335734262,0.05332977167867131,0.020712354339265125,0.0
exchange,869,8,15,0.036397201950898905,0.018198600975449453,0.009679040267874146,0.0
exchange,870,8,15,0.058979293331185456,0.029489646665592728,0.01569110057912458,0.0
exchange,871,24,15,0.16479079355530157,0.08239539677765079,0.03608181376007742,0.0
exchange,872,24,15,0.21592453077123863,0.10796226538561932,0.051538179195847064,0.0
exchange,873,24,15,0.1423387719876842,0.0711693859938421,0.030806547991937532,0.0
exchange,874,24,15,0.10926901467163719,0.054634507335818594,0.022535854868693035,0.0
exchange,875,16,15,0.09811279069402012,0.04905639534701006,0.026619094545799138,0.0
exchange,876,8,15,0.03708564309181106,0.01854282154590553,0.009863820226673174,0.0
exchange,877,16,15,0.12373949534920237,0.06186974767460118,0.03310166099948217,0.0
exchange,878,24,15,0.1283365485891088,0.0641682742945544,0.027071542966143593,0.0
exchange,879,16,15,0.12985388006748955,0.06492694003374477,0.03485101440684503,0.0
exchange,880,24,15,0.08337765011169518,0.04168882505584759,0.016048043698645275,0.0
exchange,881,16,15,0.12162878669375954,0.06081439334687977,0.03270855023805492,0.0
exchange,882,8,15,0.07036241635519591,0.035181208177597956,0.018713414470258347,0.0
exchange,883,8,15,0.059516250822488126,0.029758125411244063,0.015843163918316507,0.0
exchange,884,24,15,0.14724250307983894,0.07362125153991947,0.03304775494826376,0.0
exchange,885,24,15,0.10093164499040752,0.05046582249520376,0.019601313269083764,0.0
exchange,886,8,15,0.04690688198499304,0.02345344099249652,0.012476014022218252,0.0
exchange,887,24,15,0.10554428849982722,0.05277214424991361,0.02225385268846103,0.0
exchange,888,24,15,0.1485470954200765,0.07427354771003825,0.03337457121323078,0.0
exchange,889,24,15,0.11627948232433488,0.05813974116216744,0.023207738915692826,0.0
exchange,890,16,15,0.12599354994610557,0.06299677497305278,0.033589689146855686,0.0
exchange,891,8,15,0.06961545648815026,0.03480772824407513,0.01851497943633708,0.0
exchange,892,24,15,0.1636843459243097,0.08184217296215485,0.03740080389509759,0.0
exchange,893,16,15,0.15912367428677676,0.07956183714338838,0.042328583372779956,0.0
exchange,894,16,15,0.13625960292362216,0.06812980146181108,0.03626346326248423,0.0
exchange,895,24,15,0.20384773511013632,0.10192386755506816,0.048888072899341314,0.0
exchange,896,24,15,0.06375486667293417,0.03187743333646709,0.012436930306699574,0.0
exchange,897,24,15,0.04219597351469562,0.02109798675734781,0.009996764664126415,0.0
exchange,898,16,15,0.07267566144864446,0.03633783072432223,0.020013697638575034,0.0
exchange,899,8,15,0.05429489160529455,0.027147445802647274,0.014437162567691246,0.0
exchange,900,24,15,0.15075412567652197,0.07537706283826098,0.03448963666798028,0.0
exchange,901,24,15,0.07158684613038735,0.035793423065193675,0.013674284643088796,0.0
exchange,902,8,15,0.08392008724688449,0.041960043623442245,0.022315975716086716,0.0
exchange,903,16,15,0.13264234163014588,0.06632117081507294,0.035322664797684394,0.0
exchange,904,24,15,0.08170313256951811,0.040851566284759055,0.015899978597658845,0.0
exchange,905,24,15,0.10494527619612914,0.05247263809806457,0.02119039373846143,0.0
exchange,906,24,15,0.1683017195886225,0.08415085979431125,0.03928962001934016,0.0
exchange,907,16,15,0.12019822866124874,0.06009911433062437,0.03226239538513762,0.0
exchange,908,24,15,0.09212981082369553,0.04606490541184777,0.017670446290322515,0.0
exchange,909,8,15,0.09268123193565858,0.04634061596782929,0.024661837195091147,0.0
exchange,910,8,15,0.0470543904987214,0.0235271952493607,0.012516477973210139,0.0
exchange,911,16,15,0.07268625690123787,0.03634312845061893,0.02004788890785173,0.0
exchange,912,24,15,0.13960971911731984,0.06980485955865992,0.030981001700088082,0.0
exchange,913,8,15,0.07656057670635497,0.03828028835317748,0.020363133829071112,0.0
exchange,914,24,15,0.21771940673193235,0.10885970336596618,0.05234588716199793,0.0
exchange,915,24,15,0.19848579283438927,0.09924289641719464,0.04731389477362654,0.0
exchange,916,8,15,0.07261239956467369,0.036306199782336845,0.019303849520485826,0.0
exchange,917,16,15,0.12088136163692031,0.06044068081846016,0.03239379232152032,0.0
exchange,918,8,15,0.04331655169195292,0.02165827584597646,0.011520873329649416,0.0
exchange,919,24,15,0.1738320079202798,0.0869160039601399,0.039993672807838325,0.0
exchange,920,8,15,0.06396834359138226,0.03198417179569113,0.017004373345536596,0.0
exchange,921,16,15,0.13156518552699592,0.06578259276349796,0.03532832931573679,0.0
exchange,922,8,15,0.06599011237718011,0.032995056188590055,0.017537721937910405,0.0
exchange,923,8,15,0.06586593737322999,0.032932968686614994,0.017519250527893625,0.0
exchange,924,24,15,0.16257934913677768,0.08128967456838884,0.03840007894550586,0.0
exchange,925,24,15,0.22198907502784732,0.11099453751392366,0.053301680928576754,0.0
exchange,926,24,15,0.03811917781121221,0.019059588905606106,0.010809213015763978,0.0
exchange,927,16,15,0.11567234645012325,0.05783617322506163,0.030960058346415322,0.0
exchange,928,16,15,0.0996360246394169,0.04981801231970845,0.027198713532261644,0.0
exchange,929,8,15,0.06678414317113612,0.03339207158556806,0.01776151582693294,0.0
exchange,930,16,15,0.07737123406443158,0.03868561703221579,0.02108671795577163,0.0
exchange,931,24,15,0.22960031757992783,0.11480015878996391,0.056098547645912336,0.0
exchange,932,24,15,0.21937142569984636,0.10968571284992318,0.05264917778461308,0.0
exchange,933,24,15,0.13481720609914183,0.06740860304957091,0.030105188217642475,0.0
exchange,934,8,15,0.0610359084628852,0.0305179542314426,0.01625226503807975,0.0
exchange,935,24,15,0.16448765067060755,0.08224382533530378,0.036714949588873426,0.0
exchange,936,16,15,0.10373869035989691,0.051869345179948456,0.028069190662371804,0.0
exchange,937,16,15,0.0944609875965603,0.04723049379828015,0.025542939668219612,0.0
exchange,938,8,15,0.05549224525693708,0.02774612262846854,0.014752306834399868,0.0
exchange,939,16,15,0.08875376828988013,0.044376884144940065,0.024149781402213112,0.0
exchange,940,24,15,0.21584304915614771,0.10792152457807386,0.05066983681874503,0.0
exchange,941,8,15,0.05231830228785095,0.026159151143925474,0.01392989329983326,0.0
exchange,942,8,15,0.08863694589780835,0.044318472948904175,0.02356710703191779,0.0
exchange,943,16,15,0.11581070249125969,0.057905351245629844,0.031012369334451884,0.0
exchange,944,8,15,0.04502247407192528,0.02251123703596264,0.011965983253670523,0.0
exchange,945,16,15,0.11130943705596585,0.05565471852798293,0.029955063846514682,0.0
exchange,946,24,15,0.1715653785101321,0.08578268925506605,0.03897447458161795,0.0
exchange,947,24,15,0.04470393726153887,0.022351968630769437,0.009542569051821463,0.0
exchange,948,24,15,0.13085458666325306,0.06542729333162653,0.026667367319259623,0.0
exchange,949,24,15,0.1676663608999699,0.08383318044998495,0.038647120358799844,0.0
exchange,950,24,15,0.1545408715709118,0.0772704357854559,0.0348473612147765,0.0
exchange,951,24,15,0.22570995145480943,0.11285497572740472,0.0538451246709633,0.0
exchange,952,8,15,0.06209153406269974,0.03104576703134987,0.01652158761232732,0.0
exchange,953,24,15,0.06293302247338883,0.03146651123669442,0.011940529067952517,0.0
exchange,954,8,15,0.08623156609360538,0.04311578304680269,0.02294326746725744,0.0
exchange,955,8,15,0.05005477726143159,0.025027388630715797,0.013313799976824773,0.0
exchange,956,24,15,0.0538155555092642,0.0269077777546321,0.01079620931307302,0.0
exchange,957,24,15,0.033005152561824125,0.016502576280912062,0.009224406004266756,0.0
exchange,958,16,15,0.15113983257422337,0.07556991628711168,0.04024173819385827,0.0
exchange,959,16,15,0.11000612900159146,0.05500306450079573,0.029368014259690045,0.0
exchange,960,16,15,0.028284908247785512,0.014142454123892756,0.00689859123713703,0.0
exchange,961,8,15,0.05741626763911312,0.02870813381955656,0.015284425954154201,0.0
exchange,962,24,15,0.08779054249709373,0.04389527124854686,0.016794591098068266,0.0
exchange,963,16,15,0.14150010349076647,0.07075005174538324,0.037977626909174354,0.0
exchange,964,24,15,0.12780448812202272,0.06390224406101136,0.0269627968215333,0.0
exchange,965,24,15,0.12050980101080933,0.06025490050540466,0.025374484912875365,0.0
exchange,966,24,15,0.04379297333156873,0.021896486665784365,0.011056455098068541,0.0
exchange,967,8,15,0.05160195899606013,0.025800979498030063,0.013731489252132183,0.0
exchange,968,16,15,0.08227771212534774,0.04113885606267387,0.022446659321696656,0.0
exchange,969,24,15,0.24150293716469712,0.12075146858234856,0.058058737333550055,0.0
exchange,970,24,15,0.04295656463683506,0.02147828231841753,0.00976760617462044,0.0
exchange,971,24,15,0.11213510722213049,0.056067553611065246,0.024618359526541737,0.0
exchange,972,16,15,0.10571731882958152,0.05285865941479076,0.028549385989500707,0.0
exchange,973,16,15,0.12260596538895197,0.06130298269447598,0.032509868582196774,0.0
exchange,974,16,15,0.10480954717148483,0.052404773585742415,0.02807047679836127,0.0
exchange,975,16,15,0.12438604394742103,0.062193021973710516,0.033439800243270514,0.0
exchange,976,8,15,0.04958891697716428,0.02479445848858214,0.013200946614762187,0.0
exchange,977,24,15,0.21074350195728897,0.10537175097864449,0.050055879978454794,0.0
exchange,978,16,15,0.03525040806420632,0.01762520403210316,0.009531547306178912,0.0
exchange,979,8,15,0.06258946972205881,0.031294734861029405,0.016648558210007533,0.0
exchange,980,8,15,0.06908274211744292,0.03454137105872146,0.018388318143419326,0.0
exchange,981,24,15,0.13697654887543514,0.06848827443771757,0.029460245440279812,0.0
exchange,982,24,15,0.09587692252945812,0.04793846126472906,0.018729599407515573,0.0
exchange,983,16,15,0.12886759715105445,0.06443379857552722,0.034505189349545606,0.0
exchange,984,16,15,0.1292678679361331,0.06463393396806655,0.034650320082069426,0.0
exchange,985,8,15,0.07147444558574534,0.03573722279287267,0.019017602132126214,0.0
exchange,986,24,15,0.21778190909453288,0.10889095454726644,0.05269127727111963,0.0
exchange,987,16,15,0.11800608949236957,0.059003044746184785,0.0315535902232301,0.0
exchange,988,8,15,0.06988567537034018,0.03494283768517009,0.01859695530455924,0.0
exchange,989,16,15,0.12331807024408303,0.06165903512204152,0.03295007508596095,0.0
exchange,990,24,15,0.08977798412864257,0.04488899206432129,0.017160060427413738,0.0
exchange,991,16,15,0.11707165346908166,0.05853582673454083,0.03150488617136581,0.0
exchange,992,24,15,0.10761132126123796,0.05380566063061898,0.02289370431751212,0.0
exchange,993,24,15,0.15228170538246139,0.07614085269123069,0.03340075427581278,0.0
exchange,994,24,15,0.18463206356422568,0.09231603178211284,0.04370913268023881,0.0
exchange,995,24,15,0.16588430686424604,0.08294215343212302,0.03882694594894967,0.0
exchange,996,8,15,0.0769600409417599,0.03848002047087995,0.020475740016502163,0.0
exchange,997,24,15,0.23362628358326454,0.11681314179163227,0.05656566333495163,0.0
exchange,998,16,15,0.11212467279853633,0.056062336399268164,0.030008371071028286,0.0
exchange,999,24,15,0.16667378623459356,0.08333689311729678,0.03885501432180417,0.0
exchange,1000,8,15,0.07277791075171491,0.03638895537585746,0.01936903345838916,0.0
exchange,1001,8,15,0.042778090136144975,0.021389045068072488,0.011387683943273504,0.0
exchange,1002,8,15,0.051479234273330676,0.025739617136665338,0.013694803037416636,0.0
exchange,1003,24,15,0.10136775502281614,0.05068387751140807,0.021316158184399248,0.0
exchange,1004,16,15,0.1592981462758304,0.0796490731379152,0.0422510454777075,0.0
exchange,1005,16,15,0.030479668236869872,0.015239834118434936,0.007571757764265307,0.0
exchange,1006,16,15,0.11219793431492442,0.05609896715746221,0.030141123177204854,0.0
exchange,1007,8,15,0.04230108567625146,0.02115054283812573,0.01124937973628161,0.0
exchange,1008,8,15,0.045700934946830585,0.022850467473415292,0.012166257355641289,0.0
exchange,1009,16,15,0.09442475722009269,0.047212378610046346,0.02557725864804167,0.0
exchange,1010,8,15,0.0728235319291256,0.0364117659645628,0.01935980525717087,0.0
exchange,1011,24,15,0.24068081598677232,0.12034040799338616,0.05923215899434978,0.0
exchange,1012,16,15,0.15867315366303802,0.07933657683151901,0.04214777728676229,0.0
exchange,1013,8,15,0.038833701108146434,0.019416850554073217,0.010330705490344316,0.0
exchange,1014,24,15,0.1333193645015951,0.06665968225079755,0.02937607012670766,0.0
exchange,1015,8,15,0.067151846456045,0.0335759232280225,0.017871853564953147,0.0
exchange,1016,16,15,0.12496203623303526,0.06248101811651763,0.03361432653852761,0.0
exchange,1017,24,15,0.1646734025546811,0.08233670127734055,0.03818445688578433,0.0
exchange,1018,8,15,0.05550043425316187,0.027750217126580934,0.014762661092843018,0.0
exchange,1019,16,15,0.13154916775948933,0.06577458387974466,0.0352449852744678,0.0
exchange,1020,16,15,0.11604179751883792,0.05802089875941896,0.031077645195163518,0.0
exchange,1021,8,15,0.08728333485970641,0.043641667429853204,0.02322539524541162,0.0
exchange,1022,8,15,0.05503244930642459,0.027516224653212296,0.014627742203356171,0.0
exchange,1023,24,15,0.13078337029862808,0.06539168514931404,0.028862076580672257,0.0
exchange,0,24,29,0.18295097514492692,0.09147548757246346,0.04102678529328643,0.00012857096008800362
exchange,1,8,29,0.04636316757135006,0.02318158378567503,0.011957920954750862,0.0
exchange,2,16,29,0.07432704386201416,0.03716352193100708,0.019988010011250036,0.0
exchange,3,16,29,0.11766088699745603,0.05883044349872801,0.03047820450842278,0.0
exchange,4,24,29,0.06437567142498624,0.03218783571249312,0.0114923306161898,2.384030895774547e-05
exchange,5,16,29,0.11312526415971846,0.05656263207985923,0.0295076318129834,0.0
exchange,6,8,29,0.07046220422184757,0.035231102110923784,0.01818099429710873,0.0
exchange,7,16,29,0.0812196381915824,0.0406098190957912,0.02140715443481741,0.0
exchange,8,8,29,0.058459385616958626,0.029229692808479313,0.015066000092390338,0.0
exchange,9,16,29,0.09800680025139469,0.049003400125697344,0.025759668006759887,0.0
exchange,10,24,29,0.19105709950429622,0.09552854975214811,0.04345095853308186,0.0
exchange,11,8,29,0.06326747470341354,0.03163373735170677,0.016327157536714015,0.0
exchange,12,8,29,0.08200971514551969,0.041004857572759845,0.021150430189844173,0.0
exchange,13,16,29,0.13324083317586377,0.06662041658793189,0.0345072929312278,0.0
exchange,14,16,29,0.08996465419776323,0.044982327098881614,0.023691734600946104,0.0
exchange,15,16,29,0.083697257176916,0.041848628588458,0.022169397265901572,0.0
exchange,16,24,29,0.1572738438503336,0.0786369219251668,0.03317445741490942,0.0
exchange,17,8,29,0.06577414280086735,0.032887071400433676,0.016983689994492186,0.0
exchange,18,24,29,0.20896963124217371,0.10448481562108686,0.04916757874548919,0.0
exchange,19,16,29,0.10044576457814902,0.05022288228907451,0.026345053509852945,0.0
exchange,20,8,29,0.062115058377019916,0.031057529188509958,0.016032320106970716,0.0
exchange,21,24,29,0.17050977302161408,0.08525488651080704,0.03832251294543328,0.00010887873086706801
exchange,22,8,29,0.052038072814193925,0.026019036407096963,0.013429690555933283,0.0
exchange,23,16,29,0.10522965538030449,0.052614827690152244,0.027489447605757715,0.0
exchange,24,24,29,0.08957165614057105,0.04478582807028553,0.016439523851844655,0.0
exchange,25,24,29,0.0594462627576563,0.02972313137882815,0.011274334483493124,0.0
exchange,26,8,29,0.041430716728375616,0.020715358364187808,0.010689138404396134,0.0
exchange,27,8,29,0.04356813000304882,0.02178406500152441,0.01123103426196093,0.0
exchange,28,24,29,0.17898584920860638,0.08949292460430319,0.04033144136248233,2.7491657308420514e-05
exchange,29,24,29,0.17482714359444285,0.08741357179722142,0.03795964074362892,0.00011103904281262178
exchange,30,8,29,0.046031757942943896,0.023015878971471948,0.011880919590380883,0.0
exchange,31,16,29,0.0698849167718969,0.03494245838594845,0.018841539612114034,0.0
exchange,32,24,29,0.2346081450131261,0.11730407250656305,0.05409127602037957,0.0
exchange,33,16,29,0.109142597451514,0.054571298725757,0.028420781449643853,0.0
exchange,34,8,29,0.05056460908828897,0.025282304544144485,0.01304515332787392,0.0
exchange,35,16,29,0.06368407413475485,0.03184203706737743,0.01703684247820922,0.0
exchange,36,16,29,0.057758664910291024,0.028879332455145512,0.015813582680331777,0.0
exchange,37,8,29,0.08294355445381685,0.041471777226908424,0.02138963481637158,0.0
exchange,38,16,29,0.10403330543370154,0.05201665271685077,0.027215114223643085,0.0
exchange,39,16,29,0.07399189478741042,0.03699594739370521,0.019709759614569406,0.0
exchange,40,8,29,0.08258061225612001,0.041290306128060006,0.021302302216557496,0.0
exchange,41,24,29,0.12704011452633035,0.06352005726316517,0.02699787544263559,0.0
exchange,42,24,29,0.20089317472192814,0.10044658736096407,0.04622383209471725,0.0
exchange,43,24,29,0.1957597313595093,0.09787986567975465,0.043724270970024216,0.00013253561227261068
exchange,44,16,29,0.07309987383218508,0.03654993691609254,0.019570260696292998,0.0
exchange,45,24,29,0.22040124850226117,0.11020062425113059,0.0494807296999675,0.0
exchange,46,24,29,0.10739937016379797,0.053699685081898985,0.020428645269256283,0.0001502659432061071
exchange,47,16,29,0.10216245562873288,0.05108122781436644,0.026858467668672534,0.0
exchange,48,16,29,0.06398645785203327,0.03199322892601664,0.0171315051733264,0.0
exchange,49,16,29,0.11704848096661191,0.058524240483305956,0.030367595365928483,0.0
exchange,50,8,29,0.0570203023169058,0.0285101511584529,0.014717682029708455,0.0
exchange,51,24,29,0.1168080016037274,0.0584040008018637,0.022899688454244418,0.0
exchange,52,8,29,0.06448933822651459,0.032244669113257296,0.016626869044117743,0.0
exchange,53,24,29,0.13695673063501834,0.06847836531750917,0.02933735914125363,0.0
exchange,54,8,29,0.04759936648416052,0.02379968324208026,0.012273048178835221,0.0
exchange,55,8,29,0.09171221102639748,0.04585610551319874,0.02365470694452643,0.0
exchange,56,8,29,0.07261249266023806,0.03630624633011903,0.018723837042949266,0.0
exchange,57,16,29,0.14418242675776083,0.07209121337888041,0.03731784994124521,0.0
exchange,58,24,29,0.20909054549150552,0.10454527274575276,0.04821360355334334,0.0
exchange,59,16,29,0.10673900027932459,0.053369500139662296,0.027677215458626656,0.0
exchange,60,8,29,0.05856199014547314,0.02928099507273657,0.015101094898571798,0.0
exchange,61,8,29,0.08693019532950885,0.043465097664754426,0.02242691063715216,0.0
exchange,62,8,29,0.07387411946351152,0.03693705973175576,0.01905063720871759,0.0
exchange,63,16,29,0.08873902960239288,0.04436951480119644,0.023266746438966122,0.0
exchange,64,16,29,0.12527571555965156,0.06263785777982578,0.032615729988774295,0.0
exchange,65,8,29,0.06499432634423719,0.03249716317211859,0.016768341511266258,0.0
exchange,66,8,29,0.06548130543756403,0.032740652718782015,0.016871885836612067,0.0
exchange,67,8,29,0.06719319539116153,0.033596597695580765,0.01731881606041317,0.0
exchange,68,8,29,0.04859427862673016,0.02429713931336508,0.012545811112189373,0.0
exchange,69,24,29,0.12806128059307753,0.06403064029653877,0.02506488247863868,0.0
exchange,70,24,29,0.04636082889518145,0.023180414447590725,0.01131468157002213,0.0
exchange,71,24,29,0.14535113493222473,0.07267556746611237,0.03116203198742897,0.0
exchange,72,8,29,0.06403169537024977,0.03201584768512489,0.016515235190296348,0.0
exchange,73,8,29,0.08428116358952498,0.04214058179476249,0.02175281592138091,0.0
exchange,74,16,29,0.02696223625842631,0.013481118129213154,0.006362879855828726,0.0
exchange,75,24,29,0.11246863590513945,0.05623431795256972,0.021005007719217067,0.0
exchange,76,24,29,0.10772002249037016,0.05386001124518508,0.020683634286544524,9.511695052866198e-05
exchange,77,8,29,0.05027299743795366,0.02513649871897683,0.012970385388496064,0.0
exchange,78,24,29,0.0969825472898167,0.04849127364490835,0.017361951904348662,0.00015944216307839376
exchange,79,8,29,0.06192374394885369,0.030961871974426847,0.01598008044895553,0.0
exchange,80,24,29,0.042131958987730256,0.021065979493865128,0.010339363427866325,0.00019673167179190543
exchange,81,8,29,0.07425349982806528,0.03712674991403264,0.019146821748611827,0.0
exchange,82,24,29,0.2313376215461091,0.11566881077305455,0.053667268097335345,0.0
exchange,83,24,29,0.19182383092840238,0.09591191546420119,0.044586793734262706,0.0
exchange,84,24,29,0.06085618311300611,0.030428091556503056,0.01102655643780175,6.044028647633759e-05
exchange,85,24,29,0.23534023501566048,0.11767011750783024,0.054602619541936674,0.0
exchange,86,16,29,0.0876279388933946,0.0438139694466973,0.023152846103695782,0.0
exchange,87,16,29,0.130773952458193,0.0653869762290965,0.03401476390374907,0.0
exchange,88,16,29,0.029216439626044033,0.014608219813022016,0.007126662774350168,9.94529931805932e-05
exchange,89,8,29,0.05680150110554316,0.02840075055277158,0.014632272152198143,0.0
exchange,90,16,29,0.048646613680786044,0.024323306840393022,0.013400597669773728,1.2134838082711319e-05
exchange,91,16,29,0.11358449403977511,0.056792247019887554,0.029762782607598574,0.0
exchange,92,16,29,0.1368556862331065,0.06842784311655326,0.035084273151931834,0.0
exchange,93,8,29,0.07794899798622046,0.03897449899311023,0.020113646241348853,0.0
exchange,94,24,29,0.12086802647964523,0.060434013239822615,0.025522876280225322,3.4882637910405023e-06
exchange,95,8,29,0.06349582489849936,0.03174791244924968,0.016365814809983007,0.0
exchange,96,8,29,0.0619419440462714,0.0309709720231357,0.015948284312840847,0.0
exchange,97,8,29,0.06988404956376981,0.034942024781884906,0.018020261776169,0.0
exchange,98,16,29,0.11196109392685027,0.05598054696342514,0.029248507484182364,0.0
exchange,99,8,29,0.0635195939425851,0.03175979697129255,0.016389166550844644,0.0
exchange,100,8,29,0.06599145786903216,0.03299572893451608,0.017021749630168177,0.0
exchange,101,24,29,0.14151216940732292,0.07075608470366146,0.029680503700442586,2.946662315067572e-05
exchange,102,8,29,0.06876373196569774,0.03438186598284887,0.017744054460711207,0.0
exchange,103,8,29,0.04123569356131718,0.02061784678065859,0.010636953785830199,0.0
exchange,104,8,29,0.06213188476096143,0.031065942380480716,0.016029035774881573,0.0
exchange,105,24,29,0.22421970327466978,0.11210985163733489,0.05223665906242308,0.0
exchange,106,16,29,0.13433722712794505,0.06716861356397252,0.034777278953417416,0.0
exchange,107,8,29,0.04975254827985098,0.02487627413992549,0.012829366139778621,0.0
exchange,108,24,29,0.07513439997712956,0.03756719998856478,0.013344418318504093,3.527254060953222e-05
exchange,109,8,29,0.09895833764232775,0.04947916882116388,0.02553230454590742,0.0
exchange,110,16,29,0.15360869712840863,0.07680434856420432,0.039551635262088256,0.0
exchange,111,24,29,0.12969928434966493,0.06484964217483247,0.02697198266080922,3.188281001786919e-05
exchange,112,8,29,0.05117835098978274,0.02558917549489137,0.013197458989853469,0.0
exchange,113,24,29,0.08879426360400589,0.04439713180200294,0.016142507835517936,7.580856797306801e-06
exchange,114,8,29,0.046859194044312935,0.023429597022156468,0.012098200315016234,0.0
exchange,115,16,29,0.10290884227946584,0.05145442113973292,0.026796790069311703,0.0
exchange,116,16,29,0.09646690458687324,0.04823345229343662,0.02522036401594283,0.0
exchange,117,16,29,0.12808767800222387,0.06404383900111194,0.03311766005899686,0.0
exchange,118,16,29,0.1595027341562879,0.07975136707814395,0.04107823807809801,0.0
exchange,119,16,29,0.083322580893461,0.0416612904467305,0.022104753285897477,0.0
exchange,120,8,29,0.06589742637314411,0.032948713186572054,0.017012683814603736,0.0
exchange,121,8,29,0.0862543091921778,0.0431271545960889,0.022260902855370104,0.0
exchange,122,16,29,0.1157121920908778,0.0578560960454389,0.030015644664973737,0.0
exchange,123,16,29,0.14357785108563598,0.07178892554281799,0.037148412889821125,0.0
exchange,124,8,29,0.04675518307711035,0.023377591538555176,0.012050356407588857,0.0
exchange,125,8,29,0.07658575764710374,0.03829287882355187,0.019741060614268165,0.0
exchange,126,24,29,0.15034209223806866,0.07517104611903433,0.03310502388236657,0.0
exchange,127,16,29,0.10952719762999819,0.05476359881499909,0.028438540953842097,0.0
exchange,128,16,29,0.10678749613834837,0.053393748069174185,0.02795837398219579,0.0
exchange,129,16,29,0.07598703333311374,0.03799351666655687,0.02016953114876269,0.0
exchange,130,24,29,0.08586741499884087,0.04293370749942044,0.015279221219821167,0.0
exchange,131,16,29,0.030263456644962772,0.015131728322481386,0.007439236473273526,9.358666360792522e-05
exchange,132,16,29,0.07253680207336466,0.03626840103668233,0.01960278917543697,0.0
exchange,133,16,29,0.11958368195339619,0.059791840976698096,0.0309233637189819,0.0
exchange,134,8,29,0.05057219498010679,0.025286097490053394,0.013042202955222794,0.0
exchange,135,24,29,0.2342915617717526,0.1171457808858763,0.054292193702722195,0.0
exchange,136,8,29,0.08323170901909671,0.041615854509548356,0.02146547886348675,0.0
exchange,137,24,29,0.09239566340996419,0.046197831704982095,0.016660682019826026,8.813957661280014e-05
exchange,138,24,29,0.209941227909635,0.1049706139548175,0.04821398317211607,0.0
exchange,139,8,29,0.05339650056225509,0.026698250281127545,0.013754509932798304,0.0
exchange,140,16,29,0.02021371676569872,0.01010685838284936,0.005353443352887432,0.0
exchange,141,24,29,0.20168420883915084,0.10084210441957542,0.04594257489038872,0.0
exchange,142,8,29,0.0641778135971045,0.03208890679855225,0.016562554132294734,0.0
exchange,143,8,29,0.048876367780140595,0.024438183890070297,0.012598547054062336,0.0
exchange,144,16,29,0.10460546788720071,0.052302733943600355,0.02744026004736897,0.0
exchange,145,24,29,0.13307061847004964,0.06653530923502482,0.026195399240989778,0.0
exchange,146,24,29,0.05305602120460895,0.026528010602304475,0.013378445094834377,0.00019658558851975982
exchange,147,16,29,0.1204594347231216,0.0602297173615608,0.03112426880160908,0.0
exchange,148,24,29,0.1042288579114049,0.05211442895570245,0.020135799506883913,0.00011659779444461726
exchange,149,24,29,0.12803340994209722,0.06401670497104861,0.02433311803072409,0.00010642564390672682
exchange,150,16,29,0.03207221110569869,0.016036105552849345,0.00801235609822112,0.0
exchange,151,16,29,0.11311018744159568,0.05655509372079784,0.02963782876048642,0.0
exchange,152,8,29,0.04732232414322801,0.023661162071614006,0.012213787553818377,0.0
exchange,153,16,29,0.04995303331907541,0.024976516659537706,0.013766319179366368,0.0
exchange,154,8,29,0.055658770169080274,0.027829385084540137,0.014355969020845755,0.0
exchange,155,16,29,0.07054170275520588,0.03527085137760294,0.018941464103609928,0.0
exchange,156,8,29,0.0871281569977459,0.04356407849887295,0.02247253925265206,0.0
exchange,157,8,29,0.07204439369548865,0.036022196847744326,0.018586472547111342,0.0
exchange,158,16,29,0.09383366749743233,0.046916833748716164,0.02468058378584253,0.0
exchange,159,8,29,0.0681307888860857,0.03406539444304285,0.017579370248701275,0.0
exchange,160,16,29,0.09198204229848395,0.04599102114924197,0.0243727010251395,0.0
exchange,161,24,29,0.19134532997123388,0.09567266498561694,0.04259659926145664,9.486215776821627e-05
exchange,162,24,29,0.10336790302521648,0.05168395151260824,0.018925989021688586,0.0
exchange,163,8,29,0.054063978864034024,0.027031989432017012,0.013942822608539511,0.0
exchange,164,16,29,0.11055911272154623,0.05527955636077311,0.0288910704694801,0.0
exchange,165,16,29,0.11103509934565686,0.05551754967282843,0.028957116830992488,0.0
exchange,166,16,29,0.05638846854450996,0.02819423427225498,0.015259604822895192,0.0
exchange,167,24,29,0.05306167908725179,0.026530839543625895,0.01335284270583331,0.00022261661958478118
exchange,168,16,29,0.08283157723669243,0.041415788618346216,0.0216517768765102,0.0
exchange,169,8,29,0.07221899822387401,0.036109499111937005,0.018636004708670145,0.0
exchange,170,16,29,0.07444332876368037,0.037221664381840186,0.019980518116850712,0.0
exchange,171,24,29,0.15507710913675027,0.07753855456837513,0.03312358688334755,0.0
exchange,172,24,29,0.16310344360957962,0.08155172180478981,0.036262454810427266,0.0
exchange,173,16,29,0.07938148654766986,0.03969074327383493,0.020973818320401013,0.0
exchange,174,16,29,0.12211688056243519,0.061058440281217596,0.031637252205358464,0.0
exchange,175,16,29,0.05233331124157492,0.02616665562078746,0.014243394204197141,0.0
exchange,176,24,29,0.10840976600347696,0.05420488300173848,0.021796395828519912,0.0
exchange,177,8,29,0.049243254614481424,0.024621627307240712,0.012710038328673238,0.0
exchange,178,16,29,0.10265237760735857,0.051326188803679285,0.026911574362250508,0.0
exchange,179,24,29,0.05312158895188279,0.026560794475941396,0.010061916310230444,0.0
exchange,180,8,29,0.048369362154008444,0.024184681077004222,0.012460704113777402,0.0
exchange,181,8,29,0.06484158912888072,0.03242079456444036,0.01672272928153432,0.0
exchange,182,8,29,0.061614693064144244,0.030807346532072122,0.015894483469943953,0.0
exchange,183,16,29,0.09878336610803506,0.04939168305401753,0.025884553352979355,0.0
exchange,184,24,29,0.14553744674064728,0.07276872337032364,0.03170470670826804,9.192033327876103e-05
exchange,185,8,29,0.056674445042088406,0.028337222521044203,0.01462182040572015,0.0
exchange,186,24,29,0.07092045690368864,0.03546022845184432,0.012688007931039467,0.00012442975470050577
exchange,187,8,29,0.0771226791740065,0.03856133958700325,0.019895310308729694,0.0
exchange,188,16,29,0.12893939556326328,0.06446969778163164,0.03346572695130767,0.0
exchange,189,8,29,0.09418118157251698,0.04709059078625849,0.024287724634446416,0.0
exchange,190,8,29,0.06995167625498389,0.03497583812749194,0.01805993797355447,0.0
exchange,191,16,29,0.14187609231593512,0.07093804615796756,0.03640647027565626,0.0
exchange,192,24,29,0.13457396128432464,0.06728698064216232,0.026631530693065036,0.0
exchange,193,8,29,0.05130035835419311,0.025650179177096555,0.013225949907952228,0.0
exchange,194,24,29,0.08023796482641732,0.04011898241320866,0.014543512080165171,7.559877228091594e-05
exchange,195,16,29,0.10651407852104855,0.053257039260524275,0.02795701616614303,0.0
exchange,196,16,29,0.09894251414253202,0.04947125707126601,0.02597798623228649,0.0
exchange,197,16,29,0.0894270826943041,0.04471354134715205,0.02376245826670626,0.0
exchange,198,24,29,0.22531108665116617,0.11265554332558309,0.05083825889389295,4.602947621812348e-05
exchange,199,24,29,0.1852159191107312,0.0926079595553656,0.03953832324495808,0.0001363202967816779
exchange,200,24,29,0.12356395215633587,0.06178197607816793,0.02291917642758738,0.0
exchange,201,16,29,0.09032655961691233,0.045163279808456164,0.024054243051934612,0.0
exchange,202,16,29,0.11014666711280419,0.05507333355640209,0.02863281477454798,0.0
exchange,203,24,29,0.032025845172481526,0.016012922586240763,0.00796085619043812,0.0
exchange,204,16,29,0.08654783574945113,0.043273917874725565,0.022955148548314683,0.0
exchange,205,16,29,0.10298262769944744,0.05149131384972372,0.02693874772164328,0.0
exchange,206,8,29,0.08571692490216942,0.04285846245108471,0.022110082891910812,0.0
exchange,207,16,29,0.13167154358544508,0.06583577179272254,0.034187615294499756,0.0
exchange,208,16,29,0.12882967558110686,0.06441483779055343,0.03349742943523642,0.0
exchange,209,24,29,0.15087443753947405,0.07543721876973702,0.03309610927225555,1.597358273708327e-05
exchange,210,24,29,0.20266138728536887,0.10133069364268443,0.045478636183332415,4.759728252862194e-05
exchange,211,16,29,0.1290960560445351,0.06454802802226756,0.033216011068211225,0.0
exchange,212,16,29,0.1281764598451225,0.06408822992256125,0.03349040784199278,0.0
exchange,213,16,29,0.08577000497884879,0.042885002489424395,0.022587428475624123,0.0
exchange,214,16,29,0.08458975184521955,0.042294875922609776,0.02234693746583855,0.0
exchange,215,8,29,0.07833908059186045,0.03916954029593023,0.02018767593249509,0.0
exchange,216,16,29,0.09896276356906925,0.04948138178453462,0.02598491981595309,0.0
exchange,217,16,29,0.06538741263266501,0.032693706316332505,0.017672513544864463,0.0
exchange,218,16,29,0.11508303237551398,0.05754151618775699,0.03001010319689727,0.0
exchange,219,16,29,0.14767381341517738,0.07383690670758869,0.03824097959451183,0.0
exchange,220,24,29,0.11013846224520707,0.055069231122603535,0.021195218479421365,6.164485238935313e-05
exchange,221,8,29,0.04731090258874593,0.023655451294372964,0.012204529067400645,0.0
exchange,222,8,29,0.1001761468093475,0.05008807340467375,0.025842215105558092,0.0
exchange,223,16,29,0.07261944974824774,0.03630972487412387,0.019555940297804154,0.0
exchange,224,24,29,0.11871027743321383,0.059355138716606914,0.02405541987159628,0.0
exchange,225,8,29,0.0886039301980075,0.04430196509900375,0.022846513442544177,0.0
exchange,226,16,29,0.08824830249515936,0.04412415124757968,0.023319131880720097,0.0
exchange,227,16,29,0.022294209822256494,0.011147104911128247,0.005523869271615398,1.910776460706254e-05
exchange,228,16,29,0.032530339216672366,0.016265169608336183,0.008231458593520296,0.0
exchange,229,16,29,0.1233164513457563,0.06165822567287815,0.03184378228035949,0.0
exchange,230,16,29,0.09336893323298845,0.046684466616494225,0.024443158287497605,0.0
exchange,231,24,29,0.0900520229522277,0.04502601147611385,0.0162474728110888,0.00010604645912426491
exchange,232,24,29,0.09332379852396894,0.04666189926198447,0.016579667225121844,5.0491854384271395e-05
exchange,233,24,29,0.10702874987072952,0.05351437493536476,0.020053918030987404,3.5935115029972486e-05
exchange,234,16,29,0.14038120523406294,0.07019060261703147,0.036418056373396686,0.0
exchange,235,8,29,0.05174053539961243,0.025870267699806215,0.013344312343949076,0.0
exchange,236,24,29,0.12468352898132495,0.06234176449066248,0.024618095022187404,0.0
exchange,237,24,29,0.11719547529315388,0.05859773764657694,0.023184794965665004,0.0
exchange,238,24,29,0.03601359761264811,0.018006798806324054,0.008912206150016085,0.0
exchange,239,16,29,0.14679505556826555,0.07339752778413278,0.03777361956195052,0.0
exchange,240,8,29,0.06728179080898422,0.03364089540449211,0.017357937101081168,0.0
exchange,241,16,29,0.12327439103161664,0.06163719551580832,0.031823270896303574,0.0
exchange,242,8,29,0.09236864626921537,0.046184323134607685,0.023817356698832372,0.0
exchange,243,24,29,0.15990538664970388,0.07995269332485194,0.03479999354207888,0.00010172857920787148
exchange,244,8,29,0.07773963106484139,0.03886981553242069,0.02005683306610037,0.0
exchange,245,8,29,0.03165414280402312,0.01582707140201156,0.008161344108096937,0.0
exchange,246,8,29,0.057917569346122355,0.028958784673061178,0.014947877888135471,0.0
exchange,247,24,29,0.10587827199390754,0.05293913599695377,0.019902199835469998,5.371643117635383e-05
exchange,248,24,29,0.08516338086254438,0.04258169043127219,0.01569409958233199,0.0
exchange,249,24,29,0.19922128123998417,0.09961064061999209,0.04492831075161577,0.0
exchange,250,8,29,0.08925820219011715,0.044629101095058576,0.02303167233424239,0.0
exchange,251,16,29,0.07601765640676683,0.038008828203383416,0.02010288120986965,0.0
exchange,252,8,29,0.05033305454378978,0.02516652727189489,0.012995325987275907,0.0
exchange,253,8,29,0.05436112803125992,0.02718056401562996,0.014024966259536259,0.0
exchange,254,16,29,0.15306980666001435,0.07653490333000718,0.03929841051292948,0.0
exchange,255,16,29,0.1096297495642441,0.05481487478212205,0.02857875184009456,0.0
exchange,256,16,29,0.15839312307495557,0.07919656153747778,0.04089801313903525,0.0
exchange,257,16,29,0.0788714055003763,0.03943570275018815,0.021023252115527902,0.0
exchange,258,16,29,0.11510122671264444,0.05755061335632222,0.030021592577711496,0.0
exchange,259,8,29,0.0602838873856707,0.03014194369283535,0.015557495758932803,0.0
exchange,260,24,29,0.24454143970289466,0.12227071985144733,0.0575470604231122,0.0
exchange,261,8,29,0.04710363215744939,0.023551816078724697,0.01214714163620615,0.0
exchange,262,16,29,0.11964542692311153,0.059822713461555765,0.03106669042744154,0.0
exchange,263,8,29,0.06379493930797986,0.03189746965398993,0.016461175718971877,0.0
exchange,264,16,29,0.0583344655729785,0.02916723278648925,0.015993772940268793,0.0
exchange,265,24,29,0.2152851439249981,0.10764257196249905,0.0486348863540455,0.0
exchange,266,16,29,0.07915479887100946,0.03957739943550473,0.021111561563058677,0.0
exchange,267,8,29,0.07054284027309454,0.03527142013654727,0.01818578120971532,0.0
exchange,268,8,29,0.0660792030554862,0.0330396015277431,0.01704696221927139,0.0
exchange,269,8,29,0.041560636690764485,0.020780318345382243,0.010712588423119361,0.0
exchange,270,8,29,0.08087204283345906,0.04043602141672953,0.02086396182052054,0.0
exchange,271,16,29,0.06095984864703741,0.030479924323518703,0.016400182098331755,0.0
exchange,272,16,29,0.09189522180694232,0.04594761090347116,0.024143140980302548,0.0
exchange,273,16,29,0.10619606465105375,0.05309803232552687,0.027763509274113345,0.0
exchange,274,16,29,0.1207421049517583,0.06037105247587915,0.03116081759168824,0.0
exchange,275,16,29,0.1022622524583418,0.0511311262291709,0.02698030169191739,0.0
exchange,276,16,29,0.10627610233556489,0.053138051167782446,0.02785402672503776,0.0
exchange,277,8,29,0.05604992668063602,0.02802496334031801,0.014456522764107112,0.0
exchange,278,24,29,0.08279896511302809,0.041399482556514045,0.015078798897426823,4.696978337559443e-05
exchange,279,24,29,0.09734369086270511,0.048671845431352556,0.01792590427435425,0.0
exchange,280,16,29,0.11114879047755755,0.05557439523877877,0.02875038857595525,0.0
exchange,281,8,29,0.05031325561103117,0.025156627805515586,0.012984533977577902,0.0
exchange,282,24,29,0.141741975093155,0.0708709875465775,0.030321069667261145,0.0
exchange,283,8,29,0.06738948056289684,0.03369474028144842,0.017400783392553576,0.0
exchange,284,8,29,0.05328202687487482,0.02664101343743741,0.013744938666621095,0.0
exchange,285,8,29,0.05650980537767658,0.02825490268883829,0.01458256778463239,0.0
exchange,286,24,29,0.08916779930884772,0.04458389965442386,0.01623884587732395,5.8832855295565256e-05
exchange,287,8,29,0.04740953899482925,0.023704769497414624,0.012234329529524279,0.0
exchange,288,16,29,0.06526972155510469,0.032634860777552344,0.01751109326590865,0.0
exchange,289,16,29,0.12893379802309202,0.06446689901154601,0.03335017395809095,0.0
exchange,290,16,29,0.0955971133504182,0.0477985566752091,0.025350006074986622,0.0
exchange,291,8,29,0.07512207624070533,0.03756103812035266,0.019381669822187385,0.0
exchange,292,8,29,0.04582513739642757,0.022912568698213787,0.011815458110928687,0.0
exchange,293,16,29,0.10637501431454477,0.053187507157272385,0.027724455700230514,0.0
exchange,294,16,29,0.11249630030574254,0.05624815015287127,0.029226828502038133,0.0
exchange,295,24,29,0.1482986316340681,0.07414931581703404,0.03214416975024934,0.0001286154921892324
exchange,296,24,29,0.07386034407403186,0.03693017203701593,0.0132083522120845,0.0
exchange,297,8,29,0.07276495217988121,0.03638247608994061,0.01876970953829483,0.0
exchange,298,16,29,0.10721175673984973,0.053605878369924864,0.028188332434514587,0.0
exchange,299,16,29,0.12528967897434673,0.06264483948717336,0.03239406749482315,0.0
exchange,300,16,29,0.13725959461439974,0.06862979730719987,0.03567355161909326,0.0
exchange,301,16,29,0.0485057797927706,0.0242528898963853,0.01336419243732567,0.0
exchange,302,16,29,0.10728361893470062,0.05364180946735031,0.027533299414894158,0.0
exchange,303,24,29,0.1363043010492982,0.0681521505246491,0.029702309035945035,1.550868404537331e-05
exchange,304,24,29,0.14283807133392568,0.07141903566696284,0.030563028079457655,0.0
exchange,305,8,29,0.07081467415767684,0.03540733707883842,0.01827029090034848,0.0
exchange,306,8,29,0.0668086731786014,0.0334043365893007,0.01724091303347076,0.0
exchange,307,24,29,0.058326710011228355,0.029163355005614178,0.010917365166815353,0.0
exchange,308,16,29,0.09554391892373293,0.047771959461866464,0.025116476412662715,0.0
exchange,309,8,29,0.06208565071817862,0.03104282535908931,0.016018128099078374,0.0
exchange,310,8,29,0.06712630227522776,0.03356315113761388,0.017324850886059527,0.0
exchange,311,16,29,0.07338869779090507,0.03669434889545253,0.01961935412369837,0.0
exchange,312,8,29,0.07718875440174144,0.03859437720087072,0.019917221572565508,0.0
exchange,313,8,29,0.07131268016463832,0.03565634008231916,0.018379108465281818,0.0
exchange,314,24,29,0.11962415215615207,0.05981207607807604,0.022508147173238166,0.0001178200111432437
exchange,315,8,29,0.06135529424968611,0.030677647124843055,0.015825753844280054,0.0
exchange,316,16,29,0.14319314014976292,0.07159657007488146,0.03696945545298607,0.0
exchange,317,8,29,0.09107989161892693,0.04553994580946347,0.023503190207576595,0.0
exchange,318,8,29,0.06460496589226672,0.03230248294613336,0.016665887848948367,0.0
exchange,319,24,29,0.18269808268152582,0.09134904134076291,0.03986945896270547,0.0
exchange,320,24,29,0.09399868283619528,0.04699934141809764,0.01709544746586155,0.0
exchange,321,24,29,0.11654727297695233,0.058273636488476166,0.022046544854927522,0.00014914322084025322
exchange,322,8,29,0.04043734020856593,0.020218670104282965,0.010436941520740699,0.0
exchange,323,24,29,0.09089870340726636,0.04544935170363318,0.01633806933454344,0.00012510938028520435
exchange,324,24,29,0.0889169331713342,0.0444584665856671,0.015890034199932797,4.610354253042903e-05
exchange,325,16,29,0.10181785515502961,0.050908927577514806,0.02681928228149856,0.0
exchange,326,24,29,0.20837084677594997,0.10418542338797498,0.0467755263255333,0.0
exchange,327,16,29,0.09056486455165913,0.045282432275829565,0.02379276307507686,0.0
exchange,328,8,29,0.0727697736154247,0.03638488680771235,0.018783165610059188,0.0
exchange,329,8,29,0.04577799172993435,0.022888995864967177,0.011812344645840536,0.0
exchange,330,24,29,0.2494325185711791,0.12471625928558955,0.057638370105842746,0.0
exchange,331,16,29,0.058738867567347475,0.029369433783673737,0.015978050789900465,0.0
exchange,332,8,29,0.08009943211523196,0.04004971605761598,0.02065492894452505,0.0
exchange,333,24,29,0.12128119509004698,0.06064059754502349,0.02473863331372017,5.0433189238252574e-05
exchange,334,24,29,0.10797826521553855,0.053989132607769275,0.019754042911224144,0.0
exchange,335,8,29,0.05156584421446253,0.025782922107231265,0.01329539277389824,0.0
exchange,336,8,29,0.05367568284867197,0.026837841424335984,0.013843343432357536,0.0
exchange,337,8,29,0.04274003523314329,0.021370017616571646,0.011030342592792479,0.0
exchange,338,24,29,0.06766449721173673,0.033832248605868365,0.012154107594430754,0.00013047797705922903
exchange,339,24,29,0.07730421084311556,0.03865210542155778,0.013799078741771224,0.0
exchange,340,24,29,0.18835915220612515,0.09417957610306257,0.042029568074732335,7.850722236885099e-05
exchange,341,8,29,0.06854232824749085,0.03427116412374542,0.017672740458871652,0.0
exchange,342,8,29,0.07379248129070237,0.036896240645351186,0.019036103368045718,0.0
exchange,343,24,29,0.06305061349435959,0.03152530674717979,0.011825069000962812,0.0
exchange,344,8,29,0.056918593096934034,0.028459296548467017,0.014675626682506292,0.0
exchange,345,24,29,0.0861061895835275,0.04305309479176375,0.01597698030210746,0.0
exchange,346,8,29,0.06110765047195832,0.03055382523597916,0.01576131153503639,0.0
exchange,347,24,29,0.2133492632326804,0.1066746316163402,0.04893564847374021,0.0
exchange,348,16,29,0.025351699443127762,0.012675849721563881,0.006074927714488658,0.0
exchange,349,8,29,0.07189405634773838,0.03594702817386919,0.018549421579138928,0.0
exchange,350,8,29,0.06094805664118774,0.03047402832059387,0.01571445223447435,0.0
exchange,351,24,29,0.1243224997967245,0.06216124989836225,0.024973952007129065,0.0
exchange,352,8,29,0.04585152875949605,0.022925764379748026,0.011811471351944904,0.0
exchange,353,8,29,0.07385654069671932,0.03692827034835966,0.01905162712085496,0.0
exchange,354,8,29,0.07468168618377047,0.037340843091885234,0.019278616172514487,0.0
exchange,355,24,29,0.048703603457304234,0.024351801728652117,0.010281826372246066,0.0
exchange,356,8,29,0.04678189512833042,0.02339094756416521,0.01207542754606258,0.0
exchange,357,8,29,0.06595039704577577,0.03297519852288788,0.01702078915622079,0.0
exchange,358,16,29,0.06861275003224543,0.034306375016122714,0.0184328067841649,0.0
exchange,359,24,29,0.1458783799634168,0.0729391899817084,0.030330644603692534,7.664581626648515e-05
exchange,360,24,29,0.08031621442545,0.040158107212725,0.01434941660988859,7.527105420179758e-05
exchange,361,16,29,0.10975100501174218,0.05487550250587109,0.02863470541691675,0.0
exchange,362,24,29,0.1646892775028317,0.08234463875141584,0.03558237504800731,7.4873724082547e-05
exchange,363,8,29,0.049409052251364605,0.024704526125682302,0.012743005036438732,0.0
exchange,364,24,29,0.10843635022764891,0.05421817511382446,0.020314960018125505,4.976199312556329e-06
exchange,365,8,29,0.040508763217755206,0.020254381608877603,0.010448402477161764,0.0
exchange,366,8,29,0.07121463484818247,0.035607317424091234,0.01837084461723137,0.0
exchange,367,16,29,0.14358364012828445,0.07179182006414223,0.0370535812655431,0.0
exchange,368,24,29,0.05806110815859855,0.029030554079299276,0.011438924007052759,0.00017013216468442227
exchange,369,24,29,0.07427419393769097,0.037137096968845484,0.013335701623498578,0.0
exchange,370,24,29,0.1132188738504919,0.05660943692524595,0.02327252983981815,8.60485811454148e-05
exchange,371,8,29,0.035379222619790984,0.017689611309895492,0.009124264936326147,0.0
exchange,372,24,29,0.10769772011157308,0.05384886005578654,0.020500135256019503,0.00014546784440117033
exchange,373,8,29,0.06344051786428917,0.031720258932144585,0.016358834476520236,0.0
exchange,374,24,29,0.07336220437206276,0.03668110218603138,0.013117127888144224,0.0
exchange,375,8,29,0.07230136186361202,0.03615068093180601,0.018648044190174854,0.0
exchange,376,24,29,0.15202143704468563,0.07601071852234281,0.03304874463601119,0.00010323138708601132
exchange,377,8,29,0.07508631993488613,0.03754315996744306,0.01934317395695296,0.0
exchange,378,16,29,0.06084172294031853,0.030420861470159266,0.01643351908077473,0.0
exchange,379,24,29,0.13227623978164704,0.06613811989082352,0.02557550718721134,0.0
exchange,380,8,29,0.052336739655967524,0.026168369827983762,0.013500588376163586,0.0
exchange,381,8,29,0.05029410899851805,0.025147054499259025,0.012975803707378409,0.0
exchange,382,16,29,0.029611690734628382,0.014805845367314191,0.007017076305692915,0.0
exchange,383,24,29,0.17293765701921637,0.08646882850960819,0.03942978127721215,0.0
exchange,384,16,29,0.1177742475291827,0.05888712376459135,0.030627886796462483,0.0
exchange,385,24,29,0.2401035611257067,0.12005178056285334,0.05570617097123908,0.0
exchange,386,24,29,0.10449060983556846,0.05224530491778423,0.01983372045771712,0.00011627182625051358
exchange,387,8,29,0.06065806555569142,0.03032903277784571,0.01566232194655308,0.0
exchange,388,24,29,0.1089551018651635,0.05447755093258175,0.020208646902554847,0.0
exchange,389,16,29,0.11953909160501341,0.05976954580250671,0.0309427620895548,0.0
exchange,390,24,29,0.22634206305744276,0.11317103152872138,0.05221858780160243,0.0
exchange,391,8,29,0.06454068939693469,0.032270344698467346,0.016633359055699036,0.0
exchange,392,16,29,0.075914682727936,0.037957341363968,0.02033974499969113,0.0
exchange,393,16,29,0.09233357534224607,0.04616678767112303,0.024187947999246767,0.0
exchange,394,24,29,0.15600788641985242,0.07800394320992621,0.034213010475693,1.2270467136366037e-05
exchange,395,8,29,0.059945457215838216,0.029972728607919108,0.015445302866527814,0.0
exchange,396,24,29,0.21324667368611294,0.10662333684305647,0.05001061701656593,0.0
exchange,397,24,29,0.05994130444032075,0.029970652220160376,0.011493458033146615,0.0
exchange,398,8,29,0.058028095173385474,0.029014047586692737,0.014960841642758245,0.0
exchange,399,16,29,0.06535893838514939,0.032679469192574695,0.017476052318241068,0.0
exchange,400,8,29,0.06733726625017233,0.03366863312508617,0.01736484349483984,0.0
exchange,401,16,29,0.13355653705329829,0.06677826852664914,0.034352990261744924,0.0
exchange,402,24,29,0.13424253594983648,0.06712126797491824,0.02765388080058074,9.932683962043942e-05
exchange,403,16,29,0.06605365222028248,0.03302682611014124,0.017774300633958132,0.0
exchange,404,16,29,0.07141112399450833,0.035705561997254165,0.0191137633521677,0.0
exchange,405,8,29,0.037843508625568956,0.018921754312784478,0.009760995862486145,0.0
exchange,406,24,29,0.10700440762110691,0.053502203810553456,0.02060069113186281,9.620193259840537e-05
exchange,407,8,29,0.05573966066525615,0.027869830332628076,0.014351826455884306,0.0
exchange,408,16,29,0.11014786530187287,0.055073932650936436,0.028802863208747954,0.0
exchange,409,8,29,0.061475533529749105,0.030737766764874552,0.015858406196456752,0.0
exchange,410,8,29,0.06544330682758359,0.032721653413791796,0.016877998076625253,0.0
exchange,411,8,29,0.10332040269428266,0.05166020134714133,0.02664295200667184,0.0
exchange,412,8,29,0.047163873753601426,0.023581936876800713,0.01217616226409102,0.0
exchange,413,8,29,0.059547377627118925,0.029773688813559462,0.015348111441034762,0.0
exchange,414,8,29,0.08341999702087177,0.041709998510435886,0.0215188987372928,0.0
exchange,415,8,29,0.06616611004970552,0.03308305502485276,0.01704337012394425,0.0
exchange,416,16,29,0.11990759108674742,0.05995379554337371,0.03112139660440228,0.0
exchange,417,16,29,0.11498425012661467,0.05749212506330734,0.030068231681968826,0.0
exchange,418,16,29,0.10912146664346012,0.05456073332173006,0.028378685929995432,0.0
exchange,419,16,29,0.06695063749361219,0.03347531874680609,0.018061846434753108,0.0
exchange,420,24,29,0.16971622174437706,0.08485811087218853,0.037389226609304695,0.0
exchange,421,24,29,0.12581303263211896,0.06290651631605948,0.02712290871082337,0.0
exchange,422,8,29,0.06207762404534167,0.031038812022670836,0.016003181263421675,0.0
exchange,423,8,29,0.06623693378429407,0.033118466892147036,0.01709475392082071,0.0
exchange,424,16,29,0.15043732373826646,0.07521866186913323,0.03887763449575517,0.0
exchange,425,8,29,0.0643647858005213,0.03218239290026065,0.01660817613437568,0.0
exchange,426,8,29,0.06291429736751974,0.03145714868375987,0.016245035857896037,0.0
exchange,427,24,29,0.25181687224518495,0.12590843612259248,0.059602783438098085,0.0
exchange,428,8,29,0.06925074341868798,0.03462537170934399,0.017853553262750704,0.0
exchange,429,8,29,0.06986080849432552,0.03493040424716276,0.01802354755675618,0.0
exchange,430,8,29,0.09989887505935224,0.04994943752967612,0.025783893307353253,0.0
exchange,431,24,29,0.18394554080864023,0.09197277040432011,0.041057958402524075,0.00011603761082901176
exchange,432,16,29,0.06167619117454315,0.030838095587271575,0.016746720105265855,0.0
exchange,433,24,29,0.1663052052957109,0.08315260264785546,0.03624704824817545,6.369946799461568e-05
exchange,434,8,29,0.036709321511266046,0.018354660755633023,0.009456249681315712,0.0
exchange,435,16,29,0.07899117876189621,0.039495589380948104,0.020997559182574226,0.0
exchange,436,8,29,0.051286758704876645,0.025643379352438322,0.013231652187765433,0.0
exchange,437,8,29,0.0599862065985014,0.0299931032992507,0.01546549602922661,0.0
exchange,438,24,29,0.17816751363380628,0.08908375681690314,0.03868390887241912,5.1067970435692e-05
exchange,439,8,29,0.04704022275747333,0.023520111378736663,0.012136334762281108,0.0
exchange,440,8,29,0.045229209041035556,0.022614604520517778,0.011662131653741687,0.0
exchange,441,24,29,0.14863775921175693,0.07431887960587846,0.03304233268410947,0.0
exchange,442,24,29,0.2528285013120317,0.12641425065601586,0.05854990520724525,0.0
exchange,443,24,29,0.20926265125808963,0.10463132562904481,0.0475407414957708,0.0
exchange,444,24,29,0.10445502353460018,0.05222751176730009,0.019279107423262516,0.0
exchange,445,16,29,0.1296197255099346,0.0648098627549673,0.03340748078481457,0.0
exchange,446,24,29,0.1917692612676153,0.09588463063380764,0.044035726830527165,3.779812805337901e-05
exchange,447,8,29,0.0681517408592418,0.0340758704296209,0.017588735821082113,0.0
exchange,448,8,29,0.044068347937070484,0.022034173968535242,0.011367110221062359,0.0
exchange,449,16,29,0.11468385862675756,0.05734192931337878,0.029656630575395533,0.0
exchange,450,8,29,0.0683210391518837,0.03416051957594185,0.0176100246857248,0.0
exchange,451,16,29,0.12630321985233683,0.06315160992616842,0.032715826513418075,0.0
exchange,452,24,29,0.11552590060517665,0.05776295030258832,0.022170084995816457,8.97488119159795e-05
exchange,453,24,29,0.12334732850637276,0.06167366425318638,0.02314471684179314,8.183863934141389e-05
exchange,454,16,29,0.10245955198653034,0.05122977599326517,0.026763872139435624,0.0
exchange,455,8,29,0.04062247558048615,0.020311237790243075,0.010459829353868374,0.0
exchange,456,16,29,0.06313827688911267,0.03156913844455633,0.01698511960453613,0.0
exchange,457,8,29,0.05133477058966218,0.02566738529483109,0.013253729839419082,0.0
exchange,458,8,29,0.054171774833252306,0.027085887416626153,0.01398078048236432,0.0
exchange,459,8,29,0.05091980811481445,0.025459904057407223,0.013137835482873299,0.0
exchange,460,8,29,0.06686422986161444,0.03343211493080722,0.017248682769811348,0.0
exchange,461,8,29,0.06887522374723942,0.03443761187361971,0.01776447826356978,0.0
exchange,462,16,29,0.09615536871929897,0.048077684359649486,0.02542719222999447,0.0
exchange,463,8,29,0.06375613894131504,0.03187806947065752,0.016439462031202955,0.0
exchange,464,16,29,0.057089874069425006,0.028544937034712503,0.015622744708563492,0.0
exchange,465,16,29,0.043761087250355324,0.021880543625177662,0.008494119316685181,0.0
exchange,466,8,29,0.058369216720036476,0.029184608360018238,0.015065596261010833,0.0
exchange,467,8,29,0.061193377646957425,0.030596688823478713,0.015792013231554432,0.0
exchange,468,8,29,0.060565386259237464,0.030282693129618732,0.015613087527725002,0.0
exchange,469,8,29,0.05230216965628132,0.02615108482814066,0.01349517718946538,0.0
exchange,470,24,29,0.12928950943400697,0.06464475471700348,0.02548571891136558,0.0
exchange,471,8,29,0.05177310279286018,0.02588655139643009,0.013348565366600092,0.0
exchange,472,8,29,0.06856148802910345,0.03428074401455172,0.01769076555160429,0.0
exchange,473,16,29,0.07346486812721575,0.03673243406360788,0.0194786245071154,0.0
exchange,474,16,29,0.1293934295451853,0.06469671477259265,0.03352041651407421,0.0
exchange,475,8,29,0.056281014886902514,0.028140507443451257,0.014523835363612014,0.0
exchange,476,24,29,0.13246539507086758,0.06623269753543379,0.026594435367567115,0.0
exchange,477,16,29,0.14021987958688198,0.07010993979344099,0.036383966103442016,0.0
exchange,478,24,29,0.0944177843162115,0.04720889215810575,0.018105687368308247,0.0001303772454729346
exchange,479,16,29,0.0812259745197047,0.04061298725985235,0.021532437882023154,0.0
exchange,480,16,29,0.052584534903632685,0.026292267451816342,0.014359448721256584,0.0
exchange,481,16,29,0.1258256835454733,0.06291284177273665,0.03269119554431479,0.0
exchange,482,16,29,0.043365624024805594,0.021682812012402797,0.011812904737569248,0.0
exchange,483,16,29,0.0658048566979137,0.03290242834895685,0.01768433661549647,0.0
exchange,484,24,29,0.0987302376613376,0.0493651188306688,0.017595272699506125,0.00014528409572489576
exchange,485,8,29,0.04426995344841189,0.022134976724205946,0.011413968182317493,0.0
exchange,486,24,29,0.09284154126724498,0.04642077063362249,0.01696343849552033,1.2144048017748155e-06
exchange,487,24,29,0.14963892904455622,0.07481946452227811,0.03186074451703442,0.0
exchange,488,24,29,0.16505393433512427,0.08252696716756214,0.03621067999244222,2.325573831518657e-05
exchange,489,24,29,0.10218782057576703,0.051093910287883515,0.01942893905979103,0.00012631006154995017
exchange,490,16,29,0.09199754621774175,0.04599877310887088,0.024398795955511046,0.0
exchange,491,8,29,0.051382135503837745,0.025691067751918872,0.013250172667918537,0.0
exchange,492,8,29,0.057091931693284526,0.028545965846642263,0.014737987125920645,0.0
exchange,493,24,29,0.059353987764592,0.029676993882296,0.01613005056522808,0.0002152662230443525
exchange,494,24,29,0.12403218638631375,0.062016093193156874,0.02748415852162816,0.0
exchange,495,24,29,0.16654087910062404,0.08327043955031202,0.03458689441818522,0.0
exchange,496,8,29,0.06118184722384079,0.030590923611920395,0.01576164089324157,0.0
exchange,497,24,29,0.1656753975002102,0.0828376987501051,0.03650965859916117,0.0
exchange,498,16,29,0.04188629226926177,0.020943146134630886,0.011461218987355108,6.024954588046416e-05
exchange,499,24,29,0.22902050965633314,0.11451025482816657,0.053548061000720994,0.0
exchange,500,24,29,0.23550192752126053,0.11775096376063027,0.05343897340794167,8.065133242335376e-05
exchange,501,8,29,0.06079504625375498,0.03039752312687749,0.015665308232517442,0.0
exchange,502,24,29,0.10056600654146491,0.05028300327073246,0.018254728522021643,0.0
exchange,503,24,29,0.2351755603329036,0.1175877801664518,0.05456215275922805,0.0
exchange,504,16,29,0.0994146861118223,0.04970734305591115,0.026184598518153766,0.0
exchange,505,16,29,0.07225728669963427,0.036128643349817136,0.01944285098797389,0.0
exchange,506,8,29,0.08759809029753485,0.043799045148767424,0.022605925958066722,0.0
exchange,507,16,29,0.08387419402221236,0.04193709701110618,0.022341931572595765,0.0
exchange,508,24,29,0.10758763428304452,0.05379381714152226,0.019664276251880743,0.0
exchange,509,24,29,0.06014216001468403,0.030071080007342016,0.011621455437322768,0.00011092818234048618
exchange,510,8,29,0.03721595706105618,0.01860797853052809,0.009592130110507647,0.0
exchange,511,16,29,0.12112409450220862,0.06056204725110431,0.0314708510130872,0.0
exchange,512,16,29,0.11720050760719924,0.05860025380359962,0.030544552577062786,0.0
exchange,513,24,29,0.14420482873217666,0.07210241436608833,0.030615873154011562,0.0
exchange,514,24,29,0.23099017287246681,0.11549508643623341,0.053851513517452265,0.0
exchange,515,24,29,0.18603517911351392,0.09301758955675696,0.04103072475987474,0.0
exchange,516,16,29,0.0892894619386117,0.04464473096930585,0.02366636613800154,0.0
exchange,517,16,29,0.0952098961578064,0.0476049480789032,0.02481792351233505,0.0
exchange,518,16,29,0.11837972397979313,0.059189861989896564,0.030829051340443808,0.0
exchange,519,16,29,0.10613846215705958,0.05306923107852979,0.027692301850399045,0.0
exchange,520,24,29,0.1496733220214319,0.07483666101071595,0.0327462504369304,5.4995248973677135e-05
exchange,521,24,29,0.19604956621302316,0.09802478310651158,0.04336900040912036,0.00012810358274617517
exchange,522,16,29,0.12998504991051563,0.06499252495525781,0.033659452886859544,0.0
exchange,523,24,29,0.18705453880509149,0.09352726940254574,0.04258842333369155,0.0
exchange,524,16,29,0.10657217984889333,0.05328608992444667,0.02801159741625309,0.0
exchange,525,16,29,0.09897882773132216,0.04948941386566108,0.025965878919446683,0.0
exchange,526,16,29,0.11667424292065487,0.058337121460327435,0.03044619781500656,0.0
exchange,527,8,29,0.041314350875932826,0.020657175437966413,0.01063996258011615,0.0
exchange,528,16,29,0.1118064891153715,0.05590324455768575,0.029209660226753274,0.0
exchange,529,16,29,0.12482191011848609,0.062410955059243045,0.03222979044727857,0.0
exchange,530,8,29,0.07477701813824422,0.03738850906912211,0.019281341518447542,0.0
exchange,531,8,29,0.061258496089636516,0.030629248044818258,0.015808867605243297,0.0
exchange,532,24,29,0.05175205108723324,0.02587602554361662,0.010388954673133556,0.0001747696607524718
exchange,533,24,29,0.09962000353394307,0.049810001766971534,0.018781463890496508,1.4276189076900536e-05
exchange,534,8,29,0.046789347961053274,0.023394673980526637,0.012069593280517332,0.0
exchange,535,24,29,0.08500590339844538,0.04250295169922269,0.015336812800804739,0.00015129694122284487
exchange,536,8,29,0.05606974849950441,0.028034874249752206,0.014455062155761242,0.0
exchange,537,16,29,0.03916862977036106,0.01958431488518053,0.010714407932538883,0.0
exchange,538,8,29,0.055808284389233465,0.027904142194616732,0.014397315891667477,0.0
exchange,539,8,29,0.04295375146378555,0.021476875731892775,0.011080492908972065,0.0
exchange,540,24,29,0.2167987254455816,0.1083993627227908,0.049971966633823556,0.0
exchange,541,24,29,0.14305064197268613,0.07152532098634307,0.03051892670350664,0.0
exchange,542,16,29,0.0814750547901244,0.0407375273950622,0.021628225280699135,0.0
exchange,543,16,29,0.11107595601311493,0.055537978006557465,0.02886790769414555,0.0
exchange,544,8,29,0.05811703432382154,0.02905851716191077,0.014964554154883786,0.0
exchange,545,24,29,0.16107755701544657,0.08053877850772329,0.034536815418254825,4.0003822638134956e-05
exchange,546,8,29,0.07484641530519975,0.03742320765259988,0.01930563696217775,0.0
exchange,547,8,29,0.07217499453872955,0.03608749726936478,0.018612034080439724,0.0
exchange,548,16,29,0.1338660840610072,0.0669330420305036,0.03477090122070542,0.0
exchange,549,24,29,0.21263139239299284,0.10631569619649642,0.047670995245429997,0.0
exchange,550,24,29,0.20459387106669902,0.10229693553334951,0.04618555991335387,0.0
exchange,551,16,29,0.1366249491726267,0.06831247458631334,0.03527017412301591,0.0
exchange,552,16,29,0.11348441443250146,0.05674220721625073,0.029522803414900583,0.0
exchange,553,16,29,0.04913746608097447,0.024568733040487234,0.013479301931083636,0.0
exchange,554,16,29,0.09684470680777624,0.04842235340388812,0.02569280898284146,0.0
exchange,555,8,29,0.0744737133727792,0.0372368566863896,0.019222219898296804,0.0
exchange,556,8,29,0.050089840300807875,0.025044920150403938,0.012913684594746063,0.0
exchange,557,8,29,0.06977801581899024,0.03488900790949512,0.0180061609527001,0.0
exchange,558,8,29,0.06039171977770752,0.03019585988885376,0.0155790020504548,0.0
exchange,559,8,29,0.04292517515717165,0.021462587578585823,0.011073129137331475,0.0
exchange,560,8,29,0.0578203336586407,0.02891016682932035,0.014906145340129167,0.0
exchange,561,8,29,0.07988483078684905,0.039942415393424524,0.020618455056105326,0.0
exchange,562,8,29,0.0463959177262806,0.0231979588631403,0.011976404616717033,0.0
exchange,563,16,29,0.12433405895372529,0.062167029476862645,0.03212488292808836,0.0
exchange,564,24,29,0.16339433539153947,0.08169716769576973,0.03475052930104647,0.0
exchange,565,8,29,0.05458740018072561,0.027293700090362805,0.0140949779228717,0.0
exchange,566,8,29,0.06376123531327793,0.031880617656638965,0.016459171657037325,0.0
exchange,567,16,29,0.061714794545259855,0.030857397272629927,0.016668708546113596,0.0
exchange,568,8,29,0.07712688657396327,0.038563443286981636,0.01988159476197699,0.0
exchange,569,24,29,0.03443628965564083,0.017218144827820414,0.009283497695251696,0.00016293347697926563
exchange,570,8,29,0.051159581242716023,0.025579790621358012,0.013201080993425552,0.0
exchange,571,24,29,0.1062180754410198,0.0531090377205099,0.020220889501027513,0.0001387413667215398
exchange,572,24,29,0.05538728500940282,0.02769364250470141,0.010933176386966949,0.00019446121507493697
exchange,573,8,29,0.04298727364130983,0.021493636820654916,0.011087613794088728,0.0
exchange,574,8,29,0.0662174682360338,0.0331087341180169,0.01707193624623253,0.0
exchange,575,24,29,0.034542572373368,0.017271286186684,0.009407792196524751,0.00012912024656591692
exchange,576,24,29,0.21760707491269415,0.10880353745634708,0.050192869926759455,0.0
exchange,577,24,29,0.056473067408962296,0.028236533704481148,0.011004790698994148,0.0001460831679922503
exchange,578,24,29,0.16813371538282762,0.08406685769141381,0.037993053775755785,8.215641799991236e-05
exchange,579,24,29,0.04511973492881438,0.02255986746440719,0.010060948311946422,0.0
exchange,580,16,29,0.12040453885290514,0.06020226942645257,0.031348566751264725,0.0
exchange,581,24,29,0.13501251681795978,0.06750625840897989,0.028902368871488397,0.0
exchange,582,8,29,0.07543645567918045,0.037718227839590224,0.01947913465383239,0.0
exchange,583,24,29,0.15890025123041535,0.07945012561520767,0.03465051273376174,0.000100486420012591
exchange,584,8,29,0.03620138777922799,0.018100693889613995,0.009330615476996517,0.0
exchange,585,8,29,0.056881774508885985,0.028440887254442992,0.01466581105148321,0.0
exchange,586,24,29,0.15455328264595225,0.07727664132297613,0.0343755713795129,0.0
exchange,587,8,29,0.08441777949035056,0.04220888974517528,0.021779958922162578,0.0
exchange,588,24,29,0.2108615198627234,0.1054307599313617,0.04828860075271115,4.724051226090431e-06
exchange,589,24,29,0.16498548101186472,0.08249274050593236,0.03653693437687589,0.0
exchange,590,16,29,0.10101718864957598,0.05050859432478799,0.026562409388221162,0.0
exchange,591,24,29,0.13098555636647313,0.06549277818323657,0.027294003885423423,8.136696938387811e-05
exchange,592,16,29,0.07709493776679643,0.03854746888339822,0.020415880797165508,0.0
exchange,593,24,29,0.0978198498411681,0.04890992492058405,0.017513348698073822,0.000167467277272626
exchange,594,8,29,0.05935111736703258,0.02967555868351629,0.015318323706212387,0.0
exchange,595,16,29,0.1284993975479315,0.06424969877396575,0.03310583465948297,0.0
exchange,596,8,29,0.07450200777034022,0.03725100388517011,0.01920225434382697,0.0
exchange,597,24,29,0.2005450139838455,0.10027250699192275,0.04527127514568052,0.0
exchange,598,24,29,0.047303619256116036,0.023651809628058018,0.01050197247713116,0.0
exchange,599,8,29,0.05569069206748711,0.027845346033743557,0.014355297089015881,0.0
exchange,600,16,29,0.11789392494872186,0.05894696247436093,0.03066378606672856,0.0
exchange,601,24,29,0.14029457097819187,0.07014728548909593,0.029672947705245686,0.0
exchange,602,24,29,0.08441697160736261,0.042208485803681306,0.015135144228481811,0.0001156528551660152
exchange,603,24,29,0.21838244125264905,0.10919122062632453,0.04980555615155974,0.00011266312186730687
exchange,604,8,29,0.06521858220392662,0.03260929110196331,0.01682737659650306,0.0
exchange,605,8,29,0.07672811421091519,0.038364057105457594,0.01980909775493742,0.0
exchange,606,16,29,0.06342241314033636,0.03171120657016818,0.01692226208214135,0.0
exchange,607,16,29,0.09574288691127442,0.04787144345563721,0.024845282682459332,0.0
exchange,608,24,29,0.11453605667834255,0.05726802833917127,0.022796984318365483,0.0
exchange,609,16,29,0.10857958046719562,0.05428979023359781,0.028186543496855083,0.0
exchange,610,16,29,0.10595311718339995,0.052976558591699974,0.027780658713201886,0.0
exchange,611,16,29,0.11002954763947848,0.05501477381973924,0.02894739385098498,0.0
exchange,612,8,29,0.052863424523149516,0.026431712261574758,0.013642897709339987,0.0
exchange,613,16,29,0.13245038584832602,0.06622519292416301,0.034592575449412015,0.0
exchange,614,16,29,0.03980232000304462,0.01990116000152231,0.010928609435030072,0.0
exchange,615,16,29,0.11959684780032198,0.05979842390016099,0.0310725791558786,0.0
exchange,616,24,29,0.09231568020879322,0.04615784010439661,0.016746064043843864,1.904158303400738e-05
exchange,617,24,29,0.09357693014645618,0.04678846507322809,0.017066173986973496,0.0
exchange,618,24,29,0.09853623896409819,0.049268119482049094,0.01834407886866974,0.0
exchange,619,16,29,0.04221326767444977,0.021106633837224886,0.011495274034974641,0.0
exchange,620,8,29,0.05931903171153152,0.02965951585576576,0.015301686155697295,0.0
exchange,621,24,29,0.2244642304262786,0.1122321152131393,0.05149863069593886,0.0
exchange,622,8,29,0.05562966184048779,0.027814830920243894,0.014356933239072573,0.0
exchange,623,24,29,0.24174184910588536,0.12087092455294268,0.056639181452529795,0.0
exchange,624,8,29,0.052270507762161134,0.026135253881080567,0.013433686428948063,0.0
exchange,625,16,29,0.0899043369261292,0.0449521684630646,0.024056554734068307,0.0
exchange,626,8,29,0.06442770261575526,0.03221385130787763,0.016609360825400012,0.0
exchange,627,8,29,0.063942842580617,0.0319714212903085,0.016501065046745245,0.0
exchange,628,8,29,0.06255077760801597,0.031275388804007986,0.016143898305222178,0.0
exchange,629,24,29,0.09188632104465011,0.045943160522325055,0.01638772163074569,0.0001608667954176024
exchange,630,24,29,0.21133490687603296,0.10566745343801648,0.048175021511365705,8.386048904363008e-05
exchange,631,8,29,0.06149982636015938,0.03074991318007969,0.0158460262652744,0.0
exchange,632,24,29,0.15711510625081382,0.07855755312540691,0.033527592311930324,0.0
exchange,633,24,29,0.14125939367291007,0.07062969683645504,0.030495735280900438,5.58147203522652e-05
exchange,634,16,29,0.0937386993276843,0.04686934966384215,0.024720659809758818,0.0
exchange,635,16,29,0.0730972959297691,0.03654864796488455,0.019605728842122343,0.0
exchange,636,24,29,0.07408555050786902,0.03704277525393451,0.013214358386522856,3.2373936784291235e-05
exchange,637,16,29,0.080069243234839,0.0400346216174195,0.0214486642115868,0.0
exchange,638,24,29,0.12245301722042345,0.06122650861021173,0.026131442449246513,0.0
exchange,639,24,29,0.06843987790308825,0.03421993895154413,0.012357286909697915,0.0
exchange,640,8,29,0.06141093996564184,0.03070546998282092,0.01584519798161482,0.0
exchange,641,24,29,0.216462062319273,0.1082310311596365,0.050040751294750344,0.0
exchange,642,24,29,0.18024319360054297,0.09012159680027149,0.04077507381553964,0.0
exchange,643,16,29,0.12465192407679959,0.062325962038399796,0.032278687530212735,0.0
exchange,644,16,29,0.11646488114091536,0.05823244057045768,0.03035000178453156,0.0
exchange,645,16,29,0.10370472082350984,0.05185236041175492,0.02728762048600698,0.0
exchange,646,24,29,0.2077278224945499,0.10386391124727495,0.04714679129691464,2.7247749628034335e-05
exchange,647,24,29,0.11291614026072949,0.056458070130364746,0.022579805985020695,0.0
exchange,648,24,29,0.16345659059667833,0.08172829529833917,0.03630180483300484,0.0
exchange,649,24,29,0.09534593954061449,0.047672969770307244,0.017609625345618076,0.0
exchange,650,24,29,0.1419743148901348,0.0709871574450674,0.03146118349729439,0.0
exchange,651,24,29,0.17533862088563024,0.08766931044281512,0.03918972876037014,3.501361799274072e-05
exchange,652,24,29,0.09835426333990627,0.049177131669953134,0.018076430555021693,0.0
exchange,653,24,29,0.14777058913569652,0.07388529456784826,0.03175192309553761,0.0
exchange,654,16,29,0.09728722731904949,0.04864361365952474,0.02554915838819728,0.0
exchange,655,24,29,0.11525639977151614,0.05762819988575807,0.022605029690916194,0.0
exchange,656,8,29,0.058247449921014605,0.029123724960507302,0.015013475739675724,0.0
exchange,657,24,29,0.14601370882283693,0.07300685441141846,0.032116679321180924,4.848771352627956e-05
exchange,658,24,29,0.07794768797472196,0.03897384398736098,0.014068316500971012,4.8935102073155434e-05
exchange,659,8,29,0.05667929414730266,0.02833964707365133,0.01462498583096953,0.0
exchange,660,16,29,0.11304667841153215,0.05652333920576608,0.029381079239362003,0.0
exchange,661,16,29,0.1193849452083392,0.0596924726041696,0.03113100092922549,0.0
exchange,662,16,29,0.11690683151165382,0.05845341575582691,0.030302225270917093,0.0
exchange,663,16,29,0.025092589756742223,0.012546294878371111,0.005879483144739605,0.00010273075855493641
exchange,664,24,29,0.15241664103109498,0.07620832051554749,0.03096910638670285,0.00014211391913954152
exchange,665,16,29,0.07723603951017688,0.03861801975508844,0.020632128498813067,0.0
exchange,666,16,29,0.10830648181235636,0.05415324090617818,0.028373286178081405,0.0
exchange,667,8,29,0.06877665691048673,0.03438832845524337,0.01771950509487404,0.0
exchange,668,24,29,0.128066961794568,0.064033480897284,0.027626917969792473,0.0
exchange,669,16,29,0.09048745271624647,0.04524372635812324,0.023498104510504284,0.0
exchange,670,8,29,0.06705869544112175,0.033529347720560876,0.017298139965154877,0.0
exchange,671,24,29,0.20061930312462706,0.10030965156231353,0.04506716596777191,0.0
exchange,672,24,29,0.12677890469641817,0.06338945234820909,0.02617203435631537,0.00014562182714128458
exchange,673,24,29,0.1332073348966325,0.06660366744831625,0.027231581443113523,0.00011035919661778193
exchange,674,24,29,0.128413800888744,0.064206900444372,0.02595276139395759,0.0
exchange,675,8,29,0.044239928468610024,0.022119964234305012,0.011409781439894098,0.0
exchange,676,8,29,0.02945190807392284,0.01472595403696142,0.007595544197175797,0.0
exchange,677,24,29,0.22014595567114237,0.11007297783557118,0.050707431814685476,0.0
exchange,678,16,29,0.10694925759584872,0.05347462879792436,0.02791130866918572,0.0
exchange,679,24,29,0.08211523691010791,0.04105761845505396,0.014694078475100127,0.0
exchange,680,16,29,0.09684029391559834,0.04842014695779917,0.02549516813427333,0.0
exchange,681,24,29,0.05238507961317995,0.026192539806589976,0.010345879662773047,7.068913291169432e-05
exchange,682,24,29,0.12084761240918707,0.06042380620459353,0.022685855541681833,9.117848347406365e-05
exchange,683,24,29,0.12073278889242661,0.060366394446213306,0.0243681293168887,0.0
exchange,684,24,29,0.1112701689469015,0.05563508447345075,0.02221716987446756,0.0
exchange,685,8,29,0.06585275515204292,0.03292637757602146,0.016991146300436473,0.0
exchange,686,16,29,0.11243963454375949,0.056219817271879746,0.02945171898273077,0.0
exchange,687,8,29,0.05764064084181464,0.02882032042090732,0.01486422642505304,0.0
exchange,688,24,29,0.07372730315558768,0.03686365157779384,0.013193566661826936,0.0
exchange,689,24,29,0.1612599868372574,0.0806299934186287,0.034817855286233136,8.209237948636483e-05
exchange,690,8,29,0.0501883090652131,0.02509415453260655,0.01295208403151198,0.0
exchange,691,8,29,0.07125312968384756,0.03562656484192378,0.018369432169559198,0.0
exchange,692,8,29,0.07559005864547852,0.03779502932273926,0.019516698490613705,0.0
exchange,693,16,29,0.12469674308134471,0.062348371540672354,0.032527553280431706,0.0
exchange,694,16,29,0.054945768370154746,0.027472884185077373,0.01502217200234166,0.0
exchange,695,24,29,0.04068713582865291,0.020343567914326455,0.010512125711866369,0.0
exchange,696,24,29,0.19768569054051238,0.09884284527025619,0.04340408723442858,0.0
exchange,697,24,29,0.16483504434227775,0.08241752217113887,0.03609982963916124,3.080734634713922e-05
exchange,698,16,29,0.12311099958214244,0.06155549979107122,0.03187458752507179,0.0
exchange,699,24,29,0.0854961181668511,0.04274805908342555,0.015181756054308486,0.0
exchange,700,24,29,0.10875045835753733,0.054375229178768664,0.020724426970423294,0.00013928302274640592
exchange,701,24,29,0.229195077336928,0.114597538668464,0.05504761107279298,0.0
exchange,702,24,29,0.08980348831341578,0.04490174415670789,0.016370216843845257,1.5447440707028193e-05
exchange,703,16,29,0.06490248733820114,0.03245124366910057,0.01753909141327443,0.0
exchange,704,8,29,0.06324584140090705,0.03162292070045353,0.01631127651700602,0.0
exchange,705,8,29,0.055832120185000944,0.027916060092500472,0.014418058533646737,0.0
exchange,706,8,29,0.04385034688686795,0.021925173443433976,0.011312321510460913,0.0
exchange,707,8,29,0.06461072675992718,0.03230536337996359,0.01667061441814328,0.0
exchange,708,16,29,0.11820638544597956,0.05910319272298978,0.03082619450535519,0.0
exchange,709,8,29,0.040697118343320016,0.020348559171660008,0.010496668955789299,0.0
exchange,710,8,29,0.05016426538602092,0.02508213269301046,0.012914155181606454,0.0
exchange,711,8,29,0.04704784465037937,0.023523922325189683,0.012140047031223587,0.0
exchange,712,8,29,0.053501887654530456,0.026750943827265228,0.013805413213018317,0.0
exchange,713,16,29,0.14371982105353848,0.07185991052676924,0.03717169272220121,0.0
exchange,714,16,29,0.08912772719307682,0.04456386359653841,0.023609697142235254,0.0
exchange,715,8,29,0.06123263281613911,0.030616316408069555,0.015786896009830166,0.0
exchange,716,8,29,0.05072060183015947,0.025360300915079736,0.013078187985181443,0.0
exchange,717,24,29,0.22029001209087418,0.11014500604543709,0.05106294560364524,0.0
exchange,718,24,29,0.1746367939323063,0.08731839696615315,0.03827461512205598,0.0
exchange,719,8,29,0.06709413396086095,0.03354706698043047,0.017322425822080177,0.0
exchange,720,16,29,0.09807826954262533,0.049039134771312665,0.02578526591642871,0.0
exchange,721,24,29,0.1245234490440098,0.0622617245220049,0.02415258024203267,7.367313490713734e-06
exchange,722,16,29,0.13087376088800573,0.06543688044400287,0.03393666124225154,0.0
exchange,723,16,29,0.12607000176562355,0.06303500088281178,0.03272465432752365,0.0
exchange,724,8,29,0.057438277626487344,0.028719138813243672,0.014819001379520807,0.0
exchange,725,8,29,0.05459623884419296,0.02729811942209648,0.014088061454486971,0.0
exchange,726,24,29,0.11438486983326379,0.057192434916631896,0.022221754736126448,0.0
exchange,727,24,29,0.23196734081464027,0.11598367040732013,0.053130811853037724,0.0
exchange,728,24,29,0.12795880975839125,0.06397940487919562,0.02443707718196082,0.00010205994430689813
exchange,729,8,29,0.059320715734145546,0.029660357867072773,0.015309565573714507,0.0
exchange,730,16,29,0.044947151016076825,0.022473575508038413,0.012358404197730787,6.402363492030716e-05
exchange,731,24,29,0.17688276850955242,0.08844138425477621,0.040108912235873304,3.857641090465602e-05
exchange,732,8,29,0.06308307003080316,0.03154153501540158,0.016275972270283448,0.0
exchange,733,8,29,0.08485753961229148,0.04242876980614574,0.021900378841142955,0.0
exchange,734,8,29,0.05326824581858691,0.026634122909293456,0.01373637492722322,0.0
exchange,735,8,29,0.048785673212067504,0.024392836606033752,0.012570370677933797,0.0
exchange,736,16,29,0.09927517052053081,0.049637585260265404,0.025805443585910234,0.0
exchange,737,8,29,0.08634161662220519,0.04317080831110259,0.022251007989470602,0.0
exchange,738,16,29,0.06335863758443638,0.03167931879221819,0.017169294779450756,0.0
exchange,739,8,29,0.07640117449578421,0.038200587247892104,0.01971302981556837,0.0
exchange,740,16,29,0.13938462702889287,0.06969231351444644,0.035977329024476784,0.0
exchange,741,24,29,0.1586378785071043,0.07931893925355216,0.03534512148955554,0.0
exchange,742,24,29,0.16788352684078212,0.08394176342039106,0.03690859241217732,0.0
exchange,743,24,29,0.2301057282591319,0.11505286412956595,0.053520983028705046,0.0
exchange,744,24,29,0.21573063936166526,0.10786531968083263,0.049670492133125826,0.0
exchange,745,8,29,0.07606689510461517,0.03803344755230759,0.019612212395951706,0.0
exchange,746,24,29,0.11386811170387334,0.05693405585193667,0.021276539582787322,3.903563398321985e-05
exchange,747,16,29,0.106091737079902,0.053045868539951,0.02772140212107823,0.0
exchange,748,8,29,0.0452372592427307,0.02261862962136535,0.011663583094360708,0.0
exchange,749,24,29,0.21481102087655307,0.10740551043827654,0.04920560622959933,0.0
exchange,750,8,29,0.03447421449682153,0.017237107248410766,0.008889863344431965,0.0
exchange,751,24,29,0.10563110675336984,0.05281555337668492,0.01957850406373343,0.0
exchange,752,8,29,0.05964463033220102,0.02982231516610051,0.015391121805752658,0.0
exchange,753,16,29,0.1241309057659109,0.06206545288295545,0.03229705243028653,0.0
exchange,754,24,29,0.21406500407126156,0.10703250203563078,0.04912484881075527,0.00012241728792289353
exchange,755,16,29,0.16130561295883944,0.08065280647941972,0.041635222863669046,0.0
exchange,756,24,29,0.12540448905443802,0.06270224452721901,0.025628486195417476,0.00012316027297343268
exchange,757,16,29,0.02604281317458501,0.013021406587292506,0.006094754888242239,5.242528715976302e-05
exchange,758,8,29,0.049232607719942756,0.024616303859971378,0.012698857497620189,0.0
exchange,759,16,29,0.11400590958850909,0.057002954794254546,0.029524439867852713,0.0
exchange,760,16,29,0.1385731794618006,0.0692865897309003,0.03566382049606087,0.0
exchange,761,24,29,0.19296069602483734,0.09648034801241867,0.04475160872624021,0.0
exchange,762,16,29,0.09426671497353545,0.047133357486767724,0.024835716211829843,0.0
exchange,763,24,29,0.18056578809214108,0.09028289404607054,0.04076668072922435,0.0
exchange,764,8,29,0.07710501628178212,0.03855250814089106,0.019892617013031626,0.0
exchange,765,8,29,0.06399519529378728,0.03199759764689364,0.01651707828788613,0.0
exchange,766,16,29,0.12930942971888837,0.06465471485944418,0.03335680052109571,0.0
exchange,767,16,29,0.0771849200596536,0.0385924600298268,0.0204080335507003,0.0
exchange,768,16,29,0.08983970275092457,0.04491985137546228,0.023649912486341115,0.0
exchange,769,24,29,0.13181417907080295,0.06590708953540148,0.027673499255334286,5.996151936193961e-06
exchange,770,16,29,0.045184096141471786,0.022592048070735893,0.012416301087032488,8.665859827927669e-05
exchange,771,24,29,0.08043653477182167,0.04021826738591083,0.014325067868344513,0.0
exchange,772,8,29,0.06542829330842648,0.03271414665421324,0.01687656169771133,0.0
exchange,773,24,29,0.06529446286175467,0.03264723143087733,0.011752927125911465,0.0
exchange,774,8,29,0.07884384297137192,0.03942192148568596,0.020314531272375157,0.0
exchange,775,8,29,0.07745311946154176,0.03872655973077088,0.019987199336579428,0.0
exchange,776,24,29,0.07717962046301174,0.03858981023150587,0.01381569370815392,0.0
exchange,777,16,29,0.10153609511404682,0.05076804755702341,0.02657551221317398,0.0
exchange,778,24,29,0.16305341296356712,0.08152670648178356,0.036852608426535836,9.113145252093169e-05
exchange,779,8,29,0.06908102422542184,0.03454051211271092,0.017808090676757024,0.0
exchange,780,16,29,0.13190016080461342,0.06595008040230671,0.03415098311524278,0.0
exchange,781,16,29,0.08807587268103079,0.04403793634051539,0.02324310134269764,0.0
exchange,782,8,29,0.050068260637884054,0.025034130318942027,0.012918717499640119,0.0
exchange,783,16,29,0.09954282768231903,0.04977141384115952,0.026179296161623036,0.0
exchange,784,8,29,0.0661678408235814,0.0330839204117907,0.017077506323998085,0.0
exchange,785,24,29,0.08718598706891523,0.043592993534457614,0.01561195289368792,0.0001272034703164726
exchange,786,8,29,0.07261111599892389,0.036305557999461946,0.018740087317533457,0.0
exchange,787,24,29,0.16608852117809714,0.08304426058904857,0.03770227727539292,3.512877035238837e-05
exchange,788,8,29,0.062409445343171166,0.031204722671585583,0.0160999782876295,0.0
exchange,789,8,29,0.06837798880060886,0.03418899440030443,0.017646066734784586,0.0
exchange,790,24,29,0.05136099818707629,0.025680499093538145,0.00966600738309177,0.0
exchange,791,24,29,0.23985272014241965,0.11992636007120983,0.05610338337201627,0.0
exchange,792,16,29,0.11466276649783125,0.057331383248915624,0.029872475833776085,0.0
exchange,793,24,29,0.08629185963817154,0.04314592981908577,0.015451594998123869,0.0
exchange,794,8,29,0.06894045407169969,0.03447022703584984,0.017778799502423056,0.0
exchange,795,16,29,0.12680514021341016,0.06340257010670508,0.03288601304872627,0.0
exchange,796,8,29,0.05595120105382512,0.02797560052691256,0.014429718665372878,0.0
exchange,797,24,29,0.10782841091457152,0.05391420545728576,0.0217695926234561,0.0
exchange,798,8,29,0.07947889130753305,0.039739445653766525,0.020483570853752867,0.0
exchange,799,24,29,0.23361250472174655,0.11680625236087328,0.05343100777478999,0.0
exchange,800,16,29,0.1338810132340007,0.06694050661700035,0.03466226730243225,0.0
exchange,801,16,29,0.10357153274283831,0.051785766371419156,0.027247810619198665,0.0
exchange,802,24,29,0.16560175319971915,0.08280087659985957,0.03733661279594565,6.819698136928398e-05
exchange,803,8,29,0.043269973558671904,0.021634986779335952,0.01115791348069148,0.0
exchange,804,8,29,0.053916022552615406,0.026958011276307703,0.013914452568747028,0.0
exchange,805,8,29,0.07338600854570099,0.036693004272850493,0.018925001759820714,0.0
exchange,806,24,29,0.10426909700375242,0.05213454850187621,0.019326939376317104,0.0
exchange,807,24,29,0.1830663106361951,0.09153315531809755,0.039776127995370926,3.625986646199619e-05
exchange,808,8,29,0.038180206942482586,0.019090103471241293,0.009856929438631394,0.0
exchange,809,24,29,0.16229803592376701,0.08114901796188351,0.03608596139317238,0.0
exchange,810,8,29,0.06325861254788723,0.031629306273943614,0.016318066004563585,0.0
exchange,811,8,29,0.052062613473291,0.0260313067366455,0.0134313970536197,0.0
exchange,812,8,29,0.056683200658135036,0.028341600329067518,0.014603523456622934,0.0
exchange,813,24,29,0.06001821642695793,0.030009108213478963,0.011188912900071462,0.0
exchange,814,16,29,0.08898922599898695,0.04449461299949348,0.02354856785673142,0.0
exchange,815,8,29,0.056010624999941694,0.028005312499970847,0.014447532027770172,0.0
exchange,816,16,29,0.12179863905837901,0.060899319529189505,0.0316895520360334,0.0
exchange,817,24,29,0.10462085988431336,0.05231042994215668,0.020767392545373548,0.0
exchange,818,8,29,0.0962425932394223,0.04812129661971115,0.02485801309871411,0.0
exchange,819,24,29,0.06968793736124357,0.034843968680621784,0.012532690155856889,0.0001208914221599855
exchange,820,24,29,0.13528521399440918,0.06764260699720459,0.028009206794540584,7.276529435940038e-05
exchange,821,8,29,0.07887404357297778,0.03943702178648889,0.020341142707712798,0.0
exchange,822,24,29,0.09399103783234636,0.04699551891617318,0.017903731693142636,5.420720377496968e-05
exchange,823,16,29,0.09231675566276154,0.04615837783138077,0.024287152425438448,0.0
exchange,824,16,29,0.09816775217473706,0.04908387608736853,0.025908738058591615,0.0
exchange,825,24,29,0.07339200455692801,0.03669600227846401,0.013220776745034331,0.00018389439928218065
exchange,826,24,29,0.17652379099603738,0.08826189549801869,0.039795828490090786,0.00010552306573363701
exchange,827,8,29,0.08987041583064337,0.044935207915321684,0.023175435274474014,0.0
exchange,828,8,29,0.06900100280769272,0.03450050140384636,0.01778196797737615,0.0
exchange,829,8,29,0.06622557380901284,0.03311278690450642,0.017098380777654073,0.0
exchange,830,24,29,0.08731973898043843,0.043659869490219216,0.01600143986235855,7.124290450577497e-06
exchange,831,24,29,0.08482379584995403,0.042411897924977016,0.015381261671876355,4.0689778532776444e-05
exchange,832,8,29,0.05337771326381391,0.026688856631906954,0.01376753117764701,0.0
exchange,833,16,29,0.08635244552057808,0.04317622276028904,0.022838175816634644,0.0
exchange,834,16,29,0.11948772131631802,0.05974386065815901,0.03119031954992849,0.0
exchange,835,8,29,0.04547111501482781,0.022735557507413906,0.011728432489249466,0.0
exchange,836,8,29,0.0633664082688572,0.0316832041344286,0.016335066591100185,0.0
exchange,837,24,29,0.16990569803889777,0.08495284901944888,0.036780523151984885,9.719994222778805e-05
exchange,838,24,29,0.09173496332285358,0.04586748166142679,0.01634713715834166,3.9325525521549665e-05
exchange,839,16,29,0.08000572950958673,0.040002864754793366,0.021240030063590855,0.0
exchange,840,24,29,0.09294193473048551,0.046470967365242755,0.01678749106076194,0.00015625285310455483
exchange,841,24,29,0.038934718498662146,0.019467359249331073,0.009720924700686138,3.846793603212717e-05
exchange,842,16,29,0.09920025413806799,0.049600127069033995,0.026262640635809305,0.0
exchange,843,16,29,0.08783970772153799,0.04391985386076899,0.02323161944645464,0.0
exchange,844,8,29,0.05969312864158638,0.02984656432079319,0.015389095067638303,0.0
exchange,845,8,29,0.049269841920164925,0.024634920960082463,0.012707367130196214,0.0
exchange,846,24,29,0.23418107514109554,0.11709053757054777,0.054536914722852485,0.0
exchange,847,16,29,0.1334787214130514,0.0667393607065257,0.03442208218439908,0.0
exchange,848,16,29,0.04375035164068286,0.02187517582034143,0.008307477300730658,6.398381511130147e-05
exchange,849,24,29,0.15800797099377156,0.07900398549688578,0.0342818753960826,0.000120265328904412
exchange,850,8,29,0.0474555727280227,0.02372778636401135,0.012246069984223893,0.0
exchange,851,16,29,0.1250878568713133,0.06254392843565665,0.03254099663302305,0.0
exchange,852,16,29,0.14326181237205848,0.07163090618602924,0.03716576480393933,0.0
exchange,853,16,29,0.09853838582799213,0.04926919291399606,0.025871551994551677,0.0
exchange,854,16,29,0.07853170296540801,0.039265851482704006,0.02082160700176338,0.0
exchange,855,16,29,0.13736300751232916,0.06868150375616458,0.03566184859238128,0.0
exchange,856,8,29,0.05612458952397714,0.02806229476198857,0.014447576273258456,0.0
exchange,857,16,29,0.13188000914498677,0.06594000457249338,0.034033398095101836,0.0
exchange,858,24,29,0.13025586372468495,0.06512793186234248,0.02631733519278134,0.0
exchange,859,24,29,0.055891099892836915,0.027945549946418458,0.010030540165605431,0.00010335709529274428
exchange,860,8,29,0.05387531088222186,0.02693765544111093,0.013894311361698018,0.0
exchange,861,8,29,0.06846077090800928,0.03423038545400464,0.017658003337432157,0.0
exchange,862,16,29,0.09887785812730238,0.04943892906365119,0.026193637520722606,0.0
exchange,863,16,29,0.04724452778623056,0.02362226389311528,0.012964586206820394,0.00010275447527274828
exchange,864,8,29,0.042276243646006684,0.021138121823003342,0.010917561396911253,0.0
exchange,865,24,29,0.16289779305685026,0.08144889652842513,0.0356248445455083,5.834985144170801e-05
exchange,866,16,29,0.1458192298551546,0.0729096149275773,0.037707645528273076,0.0
exchange,867,16,29,0.12102324965925498,0.06051162482962749,0.031624777187348456,0.0
exchange,868,24,29,0.10665954335734262,0.05332977167867131,0.019515919694323834,0.0
exchange,869,8,29,0.036397201950898905,0.018198600975449453,0.009384827657892223,0.0
exchange,870,8,29,0.058979293331185456,0.029489646665592728,0.0152146950527759,0.0
exchange,871,24,29,0.16479079355530157,0.08239539677765079,0.03446577608273113,0.0
exchange,872,24,29,0.2159456049360739,0.10797280246803695,0.04949316257240794,2.1074164835266362e-05
exchange,873,24,29,0.14242608472344098,0.07121304236172049,0.02942331576553151,8.731273575679488e-05
exchange,874,24,29,0.10926901467163719,0.054634507335818594,0.021416456433464605,0.0
exchange,875,16,29,0.09811279069402012,0.04905639534701006,0.025852844495882182,0.0
exchange,876,8,29,0.03708564309181106,0.01854282154590553,0.00956412901299352,0.0
exchange,877,16,29,0.12373949534920237,0.06186974767460118,0.03211139604070098,0.0
exchange,878,24,29,0.1283365485891088,0.0641682742945544,0.025835663335075334,0.0
exchange,879,16,29,0.12985388006748955,0.06492694003374477,0.03381756747786355,0.0
exchange,880,24,29,0.08349059573645656,0.04174529786822828,0.015142042863670104,0.0001129456247613847
exchange,881,16,29,0.12162878669375954,0.06081439334687977,0.03174386587737159,0.0
exchange,882,8,29,0.07036241635519591,0.035181208177597956,0.018144752668049963,0.0
exchange,883,8,29,0.059516250822488126,0.029758125411244063,0.01536288759649818,0.0
exchange,884,24,29,0.14724255062191094,0.07362127531095547,0.031625276546934325,4.754207200141636e-08
exchange,885,24,29,0.10093164499040752,0.05046582249520376,0.018501213735046318,0.0
exchange,886,8,29,0.04690688198499304,0.02345344099249652,0.012096956719869146,0.0
exchange,887,24,29,0.10554428849982722,0.05277214424991361,0.021235235240996294,0.0
exchange,888,24,29,0.1485470954200765,0.07427354771003825,0.03194463526537448,0.0
exchange,889,24,29,0.11641192588110577,0.058205962940552886,0.022024022203528316,0.00013244355677088926
exchange,890,16,29,0.12599354994610557,0.06299677497305278,0.032575538138814766,0.0
exchange,891,8,29,0.06961545648815026,0.03480772824407513,0.0179523658048683,0.0
exchange,892,24,29,0.1636843459243097,0.08184217296215485,0.03581270571477486,0.0
exchange,893,16,29,0.15912367428677676,0.07956183714338838,0.04104301515915161,0.0
exchange,894,16,29,0.13625960292362216,0.06812980146181108,0.03516347160052071,0.0
exchange,895,24,29,0.20384773511013632,0.10192386755506816,0.0469693821211076,0.0
exchange,896,24,29,0.0639094070184521,0.03195470350922605,0.0116690585596526,0.0001545403455179284
exchange,897,24,29,0.04219597351469562,0.02109798675734781,0.009399708345076098,0.0
exchange,898,16,29,0.07267566144864446,0.03633783072432223,0.01946112485881597,0.0
exchange,899,8,29,0.05429489160529455,0.027147445802647274,0.01399820626241289,0.0
exchange,900,24,29,0.15084205674943402,0.07542102837471701,0.03304522209900053,8.793107291205082e-05
exchange,901,24,29,0.07158907100405898,0.03579453550202949,0.01278043006842079,2.2248736716301565e-06
exchange,902,8,29,0.08392008724688449,0.041960043623442245,0.02163757990179933,0.0
exchange,903,16,29,0.13264234163014588,0.06632117081507294,0.03425298329547157,0.0
exchange,904,24,29,0.08170313256951811,0.040851566284759055,0.01498624003723448,0.0
exchange,905,24,29,0.10508854221733549,0.052544271108667745,0.020136074099595988,0.00014326602120634524
exchange,906,24,29,0.16835826803997078,0.08417913401998539,0.03767644619035734,5.654845134828168e-05
exchange,907,16,29,0.12019822866124874,0.06009911433062437,0.031305940922378886,0.0
exchange,908,24,29,0.09230643901713376,0.04615321950856688,0.016670875993699756,0.0001766281934382219
exchange,909,8,29,0.09268123193565858,0.04634061596782929,0.023913433486573297,0.0
exchange,910,8,29,0.0470543904987214,0.0235271952493607,0.012136290980809762,0.0
exchange,911,16,29,0.07268625690123787,0.03634312845061893,0.019496825618789248,0.0
exchange,912,24,29,0.13960971911731984,0.06980485955865992,0.029641974638557802,0.0
exchange,913,8,29,0.07656057670635497,0.03828028835317748,0.019744443542699434,0.0
exchange,914,24,29,0.21771940673193235,0.10885970336596618,0.050303296436204036,0.0
exchange,915,24,29,0.19848813904825324,0.09924406952412662,0.04543618606827378,2.3462138639684937e-06
exchange,916,8,29,0.07261239956467369,0.036306199782336845,0.018716600017636174,0.0
exchange,917,16,29,0.12088136163692031,0.06044068081846016,0.03142926350125336,0.0
exchange,918,8,29,0.04331655169195292,0.02165827584597646,0.011170819254274782,0.0
exchange,919,24,29,0.1738320079202798,0.0869160039601399,0.03831762924398296,0.0
exchange,920,8,29,0.06396834359138226,0.03198417179569113,0.016486957700894762,0.0
exchange,921,16,29,0.13156518552699592,0.06578259276349796,0.03428218927817127,0.0
exchange,922,8,29,0.06599011237718011,0.032995056188590055,0.01700374578641461,0.0
exchange,923,8,29,0.06586593737322999,0.032932968686614994,0.01698701536440635,0.0
exchange,924,24,29,0.16269862887294728,0.08134931443647364,0.03685961254170668,0.00011927973616959742
exchange,925,24,29,0.22198907502784732,0.11099453751392366,0.0512154674752329,0.0
exchange,926,24,29,0.03820513605879117,0.019102568029395584,0.01025680861863742,8.595824757895443e-05
exchange,927,16,29,0.11567234645012325,0.05783617322506163,0.030035177123920367,0.0
exchange,928,16,29,0.0996360246394169,0.04981801231970845,0.026429022663822004,0.0
exchange,929,8,29,0.06678414317113612,0.03339207158556806,0.017221761647871068,0.0
exchange,930,16,29,0.07737123406443158,0.03868561703221579,0.020487284884833912,0.0
exchange,931,24,29,0.22960031757992783,0.11480015878996391,0.053990278055831065,0.0
exchange,932,24,29,0.21939178241036794,0.10969589120518397,0.050586333991179594,2.0356710521585164e-05
exchange,933,24,29,0.13481720609914183,0.06740860304957091,0.02881300079277208,0.0
exchange,934,8,29,0.0610359084628852,0.0305179542314426,0.01575995705794801,0.0
exchange,935,24,29,0.16459700423370027,0.08229850211685014,0.0350912605592706,0.00010935356309271782
exchange,936,16,29,0.10373869035989691,0.051869345179948456,0.027255117639577997,0.0
exchange,937,16,29,0.0944609875965603,0.04723049379828015,0.02480086920645632,0.0
exchange,938,8,29,0.05549224525693708,0.02774612262846854,0.014303506409540746,0.0
exchange,939,16,29,0.08875376828988013,0.044376884144940065,0.0234601814799608,0.0
exchange,940,24,29,0.21584304915614771,0.10792152457807386,0.04859057687635314,0.0
exchange,941,8,29,0.05231830228785095,0.026159151143925474,0.013507844644867885,0.0
exchange,942,8,29,0.08863694589780835,0.044318472948904175,0.02285042024524463,0.0
exchange,943,16,29,0.11581070249125969,0.057905351245629844,0.030087156941448617,0.0
exchange,944,8,29,0.04502247407192528,0.02251123703596264,0.011601706791805081,0.0
exchange,945,16,29,0.11130943705596585,0.05565471852798293,0.029073335346297333,0.0
exchange,946,24,29,0.17161227961950853,0.08580613980975427,0.03730715508751258,4.690110937644043e-05
exchange,947,24,29,0.0447306124797644,0.0223653062398822,0.008917478737626452,2.6675218225524766e-05
exchange,948,24,29,0.13085458666325306,0.06542729333162653,0.025295486443578003,0.0
exchange,949,24,29,0.1676663608999699,0.08383318044998495,0.03702916156535602,0.0
exchange,950,24,29,0.15456512264210243,0.07728256132105121,0.033361049322310744,2.4251071190639628e-05
exchange,951,24,29,0.22572443001370246,0.11286221500685123,0.05170599039277173,1.4478558893027405e-05
exchange,952,8,29,0.06209153406269974,0.03104576703134987,0.016020169226509385,0.0
exchange,953,24,29,0.06305212188630727,0.03152606094315363,0.011173364088508667,0.00011909941291843307
exchange,954,8,29,0.08623156609360538,0.04311578304680269,0.022246825628456736,0.0
exchange,955,8,29,0.05005477726143159,0.025027388630715797,0.01290933101716424,0.0
exchange,956,24,29,0.0538155555092642,0.0269077777546321,0.010110521802982093,0.0
exchange,957,24,29,0.03305978278501187,0.016529891392505935,0.008748990932681031,5.463022318774602e-05
exchange,958,16,29,0.15113983257422337,0.07556991628711168,0.03902254745412792,0.0
exchange,959,16,29,0.11000612900159146,0.05500306450079573,0.028484604830625655,0.0
exchange,960,16,29,0.028304023606329387,0.014152011803164694,0.006631756756406208,1.911535854387525e-05
exchange,961,8,29,0.05741626763911312,0.02870813381955656,0.014821109724531082,0.0
exchange,962,24,29,0.08788412143268687,0.043942060716343434,0.015805877505717922,9.357893559314157e-05
exchange,963,16,29,0.14150010349076647,0.07075005174538324,0.03685154671051526,0.0
exchange,964,24,29,0.12780448812202272,0.06390224406101136,0.02572288985641352,0.0
exchange,965,24,29,0.12050980101080933,0.06025490050540466,0.024212039021540854,0.0
exchange,966,24,29,0.043808159716204886,0.021904079858102443,0.010681537781204386,1.5186384636156625e-05
exchange,967,8,29,0.05160195899606013,0.025800979498030063,0.01331483048590076,0.0
exchange,968,16,29,0.08227771212534774,0.04113885606267387,0.02181036186720892,0.0
exchange,969,24,29,0.24150293716469712,0.12075146858234856,0.05579265270414703,0.0
exchange,970,24,29,0.0430181525406067,0.02150907627030335,0.009155137239134583,6.15879037716427e-05
exchange,971,24,29,0.11216554032115267,0.056082770160576334,0.023547944164622144,3.0433099022175725e-05
exchange,972,16,29,0.10571731882958152,0.05285865941479076,0.027716984886266463,0.0
exchange,973,16,29,0.12260596538895197,0.06130298269447598,0.03151401293396794,0.0
exchange,974,16,29,0.10480954717148483,0.052404773585742415,0.027233359288539462,0.0
exchange,975,16,29,0.12438604394742103,0.062193021973710516,0.032452733669590755,0.0
exchange,976,8,29,0.04958891697716428,0.02479445848858214,0.012800802263859138,0.0
exchange,977,24,29,0.21081783082153827,0.10540891541076913,0.04804956101044809,7.432886424929563e-05
exchange,978,16,29,0.03534243307096718,0.01767121653548359,0.009312379396136593,9.202500676086522e-05
exchange,979,8,29,0.06258946972205881,0.031294734861029405,0.01614283897824689,0.0
exchange,980,8,29,0.06908274211744292,0.03454137105872146,0.017830770683509998,0.0
exchange,981,24,29,0.13713140583616346,0.06856570291808173,0.028130545733606932,0.00015485696072831123
exchange,982,24,29,0.09587692252945812,0.04793846126472906,0.01769132485601431,0.0
exchange,983,16,29,0.12886759715105445,0.06443379857552722,0.03347548205405871,0.0
exchange,984,16,29,0.1292678679361331,0.06463393396806655,0.03361934735557438,0.0
exchange,985,8,29,0.07147444558574534,0.03573722279287267,0.018440380346103544,0.0
exchange,986,24,29,0.21778190909453288,0.10889095454726644,0.05066497998813834,0.0
exchange,987,16,29,0.11800608949236957,0.059003044746184785,0.030608467163617942,0.0
exchange,988,8,29,0.06988567537034018,0.03494283768517009,0.018032669921982207,0.0
exchange,989,16,29,0.12331807024408303,0.06165903512204152,0.03196119559989457,0.0
exchange,990,24,29,0.08991344004793111,0.04495672002396556,0.016178553601703373,0.00013545591928854073
exchange,991,16,29,0.11707165346908166,0.05853582673454083,0.03057746024842872,0.0
exchange,992,24,29,0.10761734980230953,0.05380867490115476,0.021865480511109085,6.028541071567695e-06
exchange,993,24,29,0.15228170538246139,0.07614085269123069,0.03192121059949873,0.0
exchange,994,24,29,0.18463206356422568,0.09231603178211284,0.041952590229437786,0.0
exchange,995,24,29,0.1659963803583261,0.08299819017916304,0.0372368925625738,0.00011207349408004497
exchange,996,8,29,0.0769600409417599,0.03848002047087995,0.019854143759540466,0.0
exchange,997,24,29,0.23362628358326454,0.11681314179163227,0.05439399633420231,0.0
exchange,998,16,29,0.11212467279853633,0.056062336399268164,0.02911174210736,0.0
exchange,999,24,29,0.16667378623459356,0.08333689311729678,0.037267561257842446,0.0
exchange,1000,8,29,0.07277791075171491,0.03638895537585746,0.018781518512419382,0.0
exchange,1001,8,29,0.042778090136144975,0.021389045068072488,0.011042489157923325,0.0
exchange,1002,8,29,0.051479234273330676,0.025739617136665338,0.013278931076815314,0.0
exchange,1003,24,29,0.10136775502281614,0.05068387751140807,0.020340296028481922,0.0
exchange,1004,16,29,0.1592981462758304,0.0796490731379152,0.04095777388147366,0.0
exchange,1005,16,29,0.030536865895848142,0.015268432947924071,0.007391284628619843,5.719765897826967e-05
exchange,1006,16,29,0.11219793431492442,0.05609896715746221,0.029249659130307536,0.0
exchange,1007,8,29,0.04230108567625146,0.02115054283812573,0.010907460478418741,0.0
exchange,1008,8,29,0.045700934946830585,0.022850467473415292,0.011797502283660433,0.0
exchange,1009,16,29,0.09442475722009269,0.047212378610046346,0.0248377134337258,0.0
exchange,1010,8,29,0.0728235319291256,0.0364117659645628,0.018770839506976993,0.0
exchange,1011,24,29,0.24068081598677232,0.12034040799338616,0.05704396916590126,0.0
exchange,1012,16,29,0.15867315366303802,0.07933657683151901,0.04086274844037194,0.0
exchange,1013,8,29,0.038833701108146434,0.019416850554073217,0.010016986734595532,0.0
exchange,1014,24,29,0.1333193645015951,0.06665968225079755,0.028089387273308467,0.0
exchange,1015,8,29,0.067151846456045,0.0335759232280225,0.017329763044641372,0.0
exchange,1016,16,29,0.12496203623303526,0.06248101811651763,0.03262369114025325,0.0
exchange,1017,24,29,0.1646734025546811,0.08233670127734055,0.03660430309049333,0.0
exchange,1018,8,29,0.05550043425316187,0.027750217126580934,0.014314208707060771,0.0
exchange,1019,16,29,0.13154916775948933,0.06577458387974466,0.03419495852175927,0.0
exchange,1020,16,29,0.11604179751883792,0.05802089875941896,0.030150753158292198,0.0
exchange,1021,8,29,0.08728333485970641,0.043641667429853204,0.022520574770825353,0.0
exchange,1022,8,29,0.05503244930642459,0.027516224653212296,0.014182542311807921,0.0
exchange,1023,24,29,0.13078337029862808,0.06539168514931404,0.027603764713031366,0.0
exchange,0,24,57,0.18295097514492692,0.09147548757246346,0.040127443981121814,0.0
exchange,1,8,57,0.04636316757135006,0.02318158378567503,0.011760887146133516,0.0
exchange,2,16,57,0.07432704386201416,0.03716352193100708,0.019689710989019008,0.0
exchange,3,16,57,0.11766088699745603,0.05883044349872801,0.02998099343269146,0.0
exchange,4,24,57,0.06440388470598035,0.032201942352990176,0.011095367117816697,2.821328099411602e-05
exchange,5,16,57,0.11312526415971846,0.05656263207985923,0.02903397923475502,0.0
exchange,6,8,57,0.07046220422184757,0.035231102110923784,0.017881705199638408,0.0
exchange,7,16,57,0.0812196381915824,0.0406098190957912,0.021071855180062327,0.0
exchange,8,8,57,0.058459385616958626,0.029229692808479313,0.014817307481927573,0.0
exchange,9,16,57,0.09800680025139469,0.049003400125697344,0.025353515142753434,0.0
exchange,10,24,57,0.19105709950429622,0.09552854975214811,0.04251940989970143,0.0
exchange,11,8,57,0.06326747470341354,0.03163373735170677,0.0160584835546467,0.0
exchange,12,8,57,0.08200971514551969,0.041004857572759845,0.02080187597275326,0.0
exchange,13,16,57,0.13324083317586377,0.06662041658793189,0.03394410339961672,0.0
exchange,14,16,57,0.08996465419776323,0.044982327098881614,0.023319892680296342,0.0
exchange,15,16,57,0.083697257176916,0.041848628588458,0.021826214420683332,0.0
exchange,16,24,57,0.1572738438503336,0.0786369219251668,0.03239130617103642,0.0
exchange,17,8,57,0.06577414280086735,0.032887071400433676,0.01670457813819089,0.0
exchange,18,24,57,0.20896963124217371,0.10448481562108686,0.048177759917759806,0.0
exchange,19,16,57,0.10044576457814902,0.05022288228907451,0.025927602224910817,0.0
exchange,20,8,57,0.062115058377019916,0.031057529188509958,0.015768594992303483,0.0
exchange,21,24,57,0.17050977302161408,0.08525488651080704,0.037485914273357575,0.0
exchange,22,8,57,0.052038072814193925,0.026019036407096963,0.013208713526892856,0.0
exchange,23,16,57,0.10522965538030449,0.052614827690152244,0.027049739555767366,0.0
exchange,24,24,57,0.08961317059242524,0.04480658529621262,0.015941743395084865,4.151445185418545e-05
exchange,25,24,57,0.05946293505430433,0.029731467527152167,0.010875033747492815,1.6672296648034823e-05
exchange,26,8,57,0.041430716728375616,0.020715358364187808,0.01051313918395942,0.0
exchange,27,8,57,0.04356813000304882,0.02178406500152441,0.011045750116279156,0.0
exchange,28,24,57,0.1790029056563457,0.08950145282817284,0.03945280965421967,1.705644773930537e-05
exchange,29,24,57,0.17482714359444285,0.08741357179722142,0.037094263294608056,0.0
exchange,30,8,57,0.046031757942943896,0.023015878971471948,0.011685476077397065,0.0
exchange,31,16,57,0.0698849167718969,0.03494245838594845,0.018562103075336935,0.0
exchange,32,24,57,0.2346081450131261,0.11730407250656305,0.052956054947310455,0.0
exchange,33,16,57,0.109142597451514,0.054571298725757,0.027962773830128906,0.0
exchange,34,8,57,0.05056460908828897,0.025282304544144485,0.012830341571558912,0.0
exchange,35,16,57,0.06368407413475485,0.03184203706737743,0.016779339570537538,0.0
exchange,36,16,57,0.057758664910291024,0.028879332455145512,0.015587817625606541,0.0
exchange,37,8,57,0.08294355445381685,0.041471777226908424,0.021037076582291175,0.0
exchange,38,16,57,0.10403330543370154,0.05201665271685077,0.02678122410151084,0.0
exchange,39,16,57,0.07399189478741042,0.03699594739370521,0.01940876434006174,0.0
exchange,40,8,57,0.08258061225612001,0.041290306128060006,0.02095142110756965,0.0
exchange,41,24,57,0.12704011452633035,0.06352005726316517,0.02637691063062721,0.0
exchange,42,24,57,0.20089317472192814,0.10044658736096407,0.04524974757748514,0.0
exchange,43,24,57,0.1957597313595093,0.09787986567975465,0.04275825831908287,0.0
exchange,44,16,57,0.07309987383218508,0.03654993691609254,0.019274999890872665,0.0
exchange,45,24,57,0.22040124850226117,0.11020062425113059,0.0483914896991604,0.0
exchange,46,24,57,0.10739937016379797,0.053699685081898985,0.019858223941281204,0.0
exchange,47,16,57,0.10216245562873288,0.05108122781436644,0.026435237751308092,0.0
exchange,48,16,57,0.06398645785203327,0.03199322892601664,0.016873076029066493,0.0
exchange,49,16,57,0.11704848096661191,0.058524240483305956,0.029874003778920362,0.0
exchange,50,8,57,0.0570203023169058,0.0285101511584529,0.014475595556273889,0.0
exchange,51,24,57,0.1168080016037274,0.0584040008018637,0.022300852312333273,0.0
exchange,52,8,57,0.06448933822651459,0.032244669113257296,0.016352671259013414,0.0
exchange,53,24,57,0.13695673063501834,0.06847836531750917,0.028664874780593055,0.0
exchange,54,8,57,0.04759936648416052,0.02379968324208026,0.01207068111694526,0.0
exchange,55,8,57,0.09171221102639748,0.04585610551319874,0.023264958288219395,0.0
exchange,56,8,57,0.07261249266023806,0.03630624633011903,0.018415157370175954,0.0
exchange,57,16,57,0.14418242675776083,0.07209121337888041,0.03670791299562999,0.0
exchange,58,24,57,0.20909054549150552,0.10454527274575276,0.047202008333933884,0.0
exchange,59,16,57,0.10673900027932459,0.053369500139662296,0.02722676233267333,0.0
exchange,60,8,57,0.05856199014547314,0.02928099507273657,0.014852151461507238,0.0
exchange,61,8,57,0.08693019532950885,0.043465097664754426,0.022057604154691535,0.0
exchange,62,8,57,0.07387411946351152,0.03693705973175576,0.018736626008866296,0.0
exchange,63,16,57,0.08873902960239288,0.04436951480119644,0.022897775558405987,0.0
exchange,64,16,57,0.12527571555965156,0.06263785777982578,0.032089888256267955,0.0
exchange,65,8,57,0.06499432634423719,0.03249716317211859,0.016492238556156176,0.0
exchange,66,8,57,0.06548130543756403,0.032740652718782015,0.016593239988011696,0.0
exchange,67,8,57,0.06719319539116153,0.033596597695580765,0.01703301097142056,0.0
exchange,68,8,57,0.04859427862673016,0.02429713931336508,0.012339562607582236,0.0
exchange,69,24,57,0.12806128059307753,0.06403064029653877,0.02440922957366285,0.0
exchange,70,24,57,0.046384487858510015,0.023192243929255008,0.011113461812235974,2.365896332856554e-05
exchange,71,24,57,0.1453599552342537,0.07267997761712686,0.03044737762579752,8.820302028977878e-06
exchange,72,8,57,0.06403169537024977,0.03201584768512489,0.016243119667195178,0.0
exchange,73,8,57,0.08428116358952498,0.04214058179476249,0.0213949634187491,0.0
exchange,74,16,57,0.02696223625842631,0.013481118129213154,0.006250366505505217,0.0
exchange,75,24,57,0.11250431731671995,0.056252158658359974,0.020403013312025473,3.568141158050153e-05
exchange,76,24,57,0.10772002249037016,0.05386001124518508,0.020127812153134146,0.0
exchange,77,8,57,0.05027299743795366,0.02513649871897683,0.012756822451067955,0.0
exchange,78,24,57,0.0969825472898167,0.04849127364490835,0.016795585444765112,0.0
exchange,79,8,57,0.06192374394885369,0.030961871974426847,0.01571710622662932,0.0
exchange,80,24,57,0.042131958987730256,0.021065979493865128,0.010116610796342575,0.0
exchange,81,8,57,0.07425349982806528,0.03712674991403264,0.018831162539628566,0.0
exchange,82,24,57,0.2313376215461091,0.11566881077305455,0.05255502090747282,0.0
exchange,83,24,57,0.19182383092840238,0.09591191546420119,0.04366639079854265,0.0
exchange,84,24,57,0.06086987218604445,0.030434936093022225,0.010641154886129425,1.3689073038336552e-05
exchange,85,24,57,0.23534023501566048,0.11767011750783024,0.05347125528089222,0.0
exchange,86,16,57,0.0876279388933946,0.0438139694466973,0.022792308781938452,0.0
exchange,87,16,57,0.130773952458193,0.0653869762290965,0.033465147604935123,0.0
exchange,88,16,57,0.029216439626044033,0.014608219813022016,0.0070316673192722225,0.0
exchange,89,8,57,0.05680150110554316,0.02840075055277158,0.014390493689140256,0.0
exchange,90,16,57,0.0486691358226663,0.02433456791133315,0.01321232658648032,2.2522141880254587e-05
exchange,91,16,57,0.11358449403977511,0.056792247019887554,0.029290120814413425,0.0
exchange,92,16,57,0.1368556862331065,0.06842784311655326,0.03449808505041549,0.0
exchange,93,8,57,0.07794899798622046,0.03897449899311023,0.019782575649448162,0.0
exchange,94,24,57,0.12090100746627808,0.06045050373313904,0.02493609715789748,3.2980986632846765e-05
exchange,95,8,57,0.06349582489849936,0.03174791244924968,0.016095736067310802,0.0
exchange,96,8,57,0.0619419440462714,0.0309709720231357,0.01568444962428198,0.0
exchange,97,8,57,0.06988404956376981,0.034942024781884906,0.017723180437297585,0.0
exchange,98,16,57,0.11196109392685027,0.05598054696342514,0.028780688441521148,0.0
exchange,99,8,57,0.0635195939425851,0.03175979697129255,0.01611935636685253,0.0
exchange,100,8,57,0.06599145786903216,0.03299572893451608,0.01674132816403558,0.0
exchange,101,24,57,0.14153726209391027,0.07076863104695513,0.028989417927347206,2.509268658734687e-05
exchange,102,8,57,0.06876373196569774,0.03438186598284887,0.017452007712616777,0.0
exchange,103,8,57,0.04123569356131718,0.02061784678065859,0.010461742929763295,0.0
exchange,104,8,57,0.06213188476096143,0.031065942380480716,0.015765075533306618,0.0
exchange,105,24,57,0.22421970327466978,0.11210985163733489,0.05116338601056062,0.0
exchange,106,16,57,0.13433722712794505,0.06716861356397252,0.03420915509158506,0.0
exchange,107,8,57,0.04975254827985098,0.02487627413992549,0.012617869368707294,0.0
exchange,108,24,57,0.07516296687312629,0.037581483436563146,0.012880870214218732,2.8566895996728903e-05
exchange,109,8,57,0.09895833764232775,0.04947916882116388,0.02511194777415293,0.0
exchange,110,16,57,0.15360869712840863,0.07680434856420432,0.03889739841175631,0.0
exchange,111,24,57,0.1297181514207283,0.06485907571036414,0.02633095817011855,1.886707106335539e-05
exchange,112,8,57,0.05117835098978274,0.02558917549489137,0.012979910422553708,0.0
exchange,113,24,57,0.08883100756359452,0.04441550378179726,0.015647662903924938,3.674395958863652e-05
exchange,114,8,57,0.046859194044312935,0.023429597022156468,0.011899323409980173,0.0
exchange,115,16,57,0.10290884227946584,0.05145442113973292,0.02636492240648949,0.0
exchange,116,16,57,0.09646690458687324,0.04823345229343662,0.024817702834895893,0.0
exchange,117,16,57,0.12808767800222387,0.06404383900111194,0.0325750715293471,0.0
exchange,118,16,57,0.1595027341562879,0.07975136707814395,0.04039909092277371,0.0
exchange,119,16,57,0.083322580893461,0.0416612904467305,0.021763855514653374,0.0
exchange,120,8,57,0.06589742637314411,0.032948713186572054,0.01673298787070346,0.0
exchange,121,8,57,0.0862543091921778,0.0431271545960889,0.021894647227865417,0.0
exchange,122,16,57,0.1157121920908778,0.0578560960454389,0.029527578560090657,0.0
exchange,123,16,57,0.14357785108563598,0.07178892554281799,0.036540756155037955,0.0
exchange,124,8,57,0.04675518307711035,0.023377591538555176,0.01185147047879584,0.0
exchange,125,8,57,0.07658575764710374,0.03829287882355187,0.01941533324890138,0.0
exchange,126,24,57,0.1503624699322123,0.07518123496610615,0.03236569678228466,2.0377694143647318e-05
exchange,127,16,57,0.10952719762999819,0.05476359881499909,0.02797714780041341,0.0
exchange,128,16,57,0.10678749613834837,0.053393748069174185,0.02751348867767363,0.0
exchange,129,16,57,0.07598703333311374,0.03799351666655687,0.019858876191773237,0.0
exchange,130,24,57,0.08586741499884087,0.04293370749942044,0.014767958664021004,0.0
exchange,131,16,57,0.030263456644962772,0.015131728322481386,0.007344222674237762,0.0
exchange,132,16,57,0.07253680207336466,0.03626840103668233,0.019313745800404642,0.0
exchange,133,16,57,0.11958368195339619,0.059791840976698096,0.030416891375512057,0.0
exchange,134,8,57,0.05057219498010679,0.025286097490053394,0.012827253651349395,0.0
exchange,135,24,57,0.2342915617717526,0.1171457808858763,0.05316443472617409,0.0
exchange,136,8,57,0.08323170901909671,0.041615854509548356,0.021111728716510188,0.0
exchange,137,24,57,0.09239566340996419,0.046197831704982095,0.016144655695982942,0.0
exchange,138,24,57,0.2099702069359205,0.10498510346796025,0.04719406479428281,2.8979026285513854e-05
exchange,139,8,57,0.05339650056225509,0.026698250281127545,0.013527211668585264,0.0
exchange,140,16,57,0.02021371676569872,0.01010685838284936,0.005183292702316533,0.0
exchange,141,24,57,0.2017150577092015,0.10085752885460075,0.04495705523972669,3.0848870050670385e-05
exchange,142,8,57,0.0641778135971045,0.03208890679855225,0.01629002434585707,0.0
exchange,143,8,57,0.048876367780140595,0.024438183890070297,0.012390670096000972,0.0
exchange,144,16,57,0.10460546788720071,0.052302733943600355,0.027005607335786202,0.0
exchange,145,24,57,0.13307061847004964,0.06653530923502482,0.025515452653771788,0.0
exchange,146,24,57,0.05305602120460895,0.026528010602304475,0.013206660199587057,0.0
exchange,147,16,57,0.1204594347231216,0.0602297173615608,0.030613538869433767,0.0
exchange,148,24,57,0.1042288579114049,0.05211442895570245,0.01959663205938559,0.0
exchange,149,24,57,0.12803340994209722,0.06401670497104861,0.023667543802346945,0.0
exchange,150,16,57,0.03208436114572599,0.016042180572862996,0.00791624498194849,1.2150040027303355e-05
exchange,151,16,57,0.11311018744159568,0.05655509372079784,0.029167124121659498,0.0
exchange,152,8,57,0.04732232414322801,0.023661162071614006,0.012012859545685426,0.0
exchange,153,16,57,0.04995303331907541,0.024976516659537706,0.013577616805155518,0.0
exchange,154,8,57,0.055658770169080274,0.027829385084540137,0.014119442417346322,0.0
exchange,155,16,57,0.07054170275520588,0.03527085137760294,0.018657741022278563,0.0
exchange,156,8,57,0.0871281569977459,0.04356407849887295,0.022102274984520352,0.0
exchange,157,8,57,0.07204439369548865,0.036022196847744326,0.018280403748543984,0.0
exchange,158,16,57,0.09383366749743233,0.046916833748716164,0.024292106733782327,0.0
exchange,159,8,57,0.0681307888860857,0.03406539444304285,0.01728998255692891,0.0
exchange,160,16,57,0.09198204229848395,0.04599102114924197,0.023995740234891604,0.0
exchange,161,24,57,0.19134532997123388,0.09567266498561694,0.0416502560813609,0.0
exchange,162,24,57,0.10336790302521648,0.05168395151260824,0.018352871903549388,0.0
exchange,163,8,57,0.054063978864034024,0.027031989432017012,0.013713034456121381,0.0
exchange,164,16,57,0.11055911272154623,0.05527955636077311,0.028429295038702517,0.0
exchange,165,16,57,0.11103509934565686,0.05551754967282843,0.028492098702244215,0.0
exchange,166,16,57,0.05638846854450996,0.02819423427225498,0.015035350328334035,0.0
exchange,167,24,57,0.05306167908725179,0.026530839543625895,0.01318305048956674,0.0
exchange,168,16,57,0.08283157723669243,0.041415788618346216,0.0213059491450819,0.0
exchange,169,8,57,0.07221899822387401,0.036109499111937005,0.018329290401412627,0.0
exchange,170,16,57,0.07444332876368037,0.037221664381840186,0.019680918428754298,0.0
exchange,171,24,57,0.15507710913675027,0.07753855456837513,0.03235916623369545,0.0
exchange,172,24,57,0.16313097413920752,0.08156548706960376,0.03545779108204609,2.753052962789493e-05
exchange,173,16,57,0.07938148654766986,0.03969074327383493,0.020647206941321775,0.0
exchange,174,16,57,0.12211688056243519,0.061058440281217596,0.031121314267818143,0.0
exchange,175,16,57,0.05233331124157492,0.02616665562078746,0.01403701379596183,0.0
exchange,176,24,57,0.10840976600347696,0.05420488300173848,0.021261170904049085,0.0
exchange,177,8,57,0.049243254614481424,0.024621627307240712,0.012500964086232755,0.0
exchange,178,16,57,0.10265237760735857,0.051326188803679285,0.026484690064859227,0.0
exchange,179,24,57,0.05312158895188279,0.026560794475941396,0.009705213721618075,0.0
exchange,180,8,57,0.048369362154008444,0.024184681077004222,0.012254829952816942,0.0
exchange,181,8,57,0.06484158912888072,0.03242079456444036,0.016447141997463235,0.0
exchange,182,8,57,0.061614693064144244,0.030807346532072122,0.01563269631824192,0.0
exchange,183,16,57,0.09878336610803506,0.04939168305401753,0.025473485400464103,0.0
exchange,184,24,57,0.14553744674064728,0.07276872337032364,0.03099271878389552,0.0
exchange,185,8,57,0.056674445042088406,0.028337222521044203,0.014381060849898573,0.0
exchange,186,24,57,0.07092045690368864,0.03546022845184432,0.012245924100470477,0.0
exchange,187,8,57,0.0771226791740065,0.03856133958700325,0.019567639534232587,0.0
exchange,188,16,57,0.12893939556326328,0.06446969778163164,0.032922273622759686,0.0
exchange,189,8,57,0.09418118157251698,0.04709059078625849,0.023887402318746462,0.0
exchange,190,8,57,0.06995167625498389,0.03497583812749194,0.017763046389003435,0.0
exchange,191,16,57,0.14187609231593512,0.07093804615796756,0.035799534676715414,0.0
exchange,192,24,57,0.13457396128432464,0.06728698064216232,0.02596089613003311,0.0
exchange,193,8,57,0.05130035835419311,0.025650179177096555,0.013007818937359295,0.0
exchange,194,24,57,0.08023796482641732,0.04011898241320866,0.014095874818145872,0.0
exchange,195,16,57,0.10651407852104855,0.053257039260524275,0.027514779183247132,0.0
exchange,196,16,57,0.09894251414253202,0.04947125707126601,0.02556736236244459,0.0
exchange,197,16,57,0.0894270826943041,0.04471354134715205,0.023397407765560634,0.0
exchange,198,24,57,0.225320533933839,0.1126602669669195,0.04972609207151952,9.447282672825352e-06
exchange,199,24,57,0.1852159191107312,0.0926079595553656,0.03860752549799604,0.0
exchange,200,24,57,0.12360447293639726,0.06180223646819863,0.022257514289837108,4.05207800613927e-05
exchange,201,16,57,0.09032655961691233,0.045163279808456164,0.02368665174497407,0.0
exchange,202,16,57,0.11014666711280419,0.05507333355640209,0.028169527841994443,0.0
exchange,203,24,57,0.0320559741309564,0.0160279870654782,0.007714820827794834,3.012895847487318e-05
exchange,204,16,57,0.08654783574945113,0.043273917874725565,0.022600938234263696,0.0
exchange,205,16,57,0.10298262769944744,0.05149131384972372,0.026509208843554163,0.0
exchange,206,8,57,0.08571692490216942,0.04285846245108471,0.021745848801495063,0.0
exchange,207,16,57,0.13167154358544508,0.06583577179272254,0.03363292177246435,0.0
exchange,208,16,57,0.12882967558110686,0.06441483779055343,0.03295573057672849,0.0
exchange,209,24,57,0.15089923284684736,0.07544961642342368,0.032353204982125836,2.4795307373315367e-05
exchange,210,24,57,0.20267185059218518,0.10133592529609259,0.044480061505212054,1.0463306816310691e-05
exchange,211,16,57,0.1290960560445351,0.06454802802226756,0.03266565949236852,0.0
exchange,212,16,57,0.1281764598451225,0.06408822992256125,0.03295496004096511,0.0
exchange,213,16,57,0.08577000497884879,0.042885002489424395,0.022232935567327142,0.0
exchange,214,16,57,0.08458975184521955,0.042294875922609776,0.021998830652679435,0.0
exchange,215,8,57,0.07833908059186045,0.03916954029593023,0.019854377145853783,0.0
exchange,216,16,57,0.09896276356906925,0.04948138178453462,0.02557424532861339,0.0
exchange,217,16,57,0.06538741263266501,0.032693706316332505,0.017411994469869733,0.0
exchange,218,16,57,0.11508303237551398,0.05754151618775699,0.029528078663539084,0.0
exchange,219,16,57,0.14767381341517738,0.07383690670758869,0.03761669230721194,0.0
exchange,220,24,57,0.1101459317314718,0.0550729658657359,0.020631253703415387,7.469486264732872e-06
exchange,221,8,57,0.04731090258874593,0.023655451294372964,0.012003514133217354,0.0
exchange,222,8,57,0.1001761468093475,0.05008807340467375,0.02541659308546546,0.0
exchange,223,16,57,0.07261944974824774,0.03630972487412387,0.01926507519697599,0.0
exchange,224,24,57,0.1187319657071656,0.0593659828535828,0.023481026682162877,2.1688273951769865e-05
exchange,225,8,57,0.0886039301980075,0.04430196509900375,0.02246983461844597,0.0
exchange,226,16,57,0.08824830249515936,0.04412415124757968,0.022956093857876655,0.0
exchange,227,16,57,0.022311982605242753,0.011155991302621376,0.005347209508199441,1.7772782986258395e-05
exchange,228,16,57,0.032530339216672366,0.016265169608336183,0.00813428152665149,0.0
exchange,229,16,57,0.1233164513457563,0.06165822567287815,0.031320537499607524,0.0
exchange,230,16,57,0.09336893323298845,0.046684466616494225,0.024054134540515363,0.0
exchange,231,24,57,0.0900520229522277,0.04502601147611385,0.015740483925472507,0.0
exchange,232,24,57,0.09334635827893362,0.04667317913946681,0.016045231178673326,2.2559754964679435e-05
exchange,233,24,57,0.10705230238370189,0.053526151191850946,0.019492862153602967,2.3552512972369044e-05
exchange,234,16,57,0.14038120523406294,0.07019060261703147,0.03582600694259255,0.0
exchange,235,8,57,0.05174053539961243,0.025870267699806215,0.013124414426362137,0.0
exchange,236,24,57,0.12468352898132495,0.06234176449066248,0.023984703962211532,0.0
exchange,237,24,57,0.11719547529315388,0.05859773764657694,0.022592103131800354,0.0
exchange,238,24,57,0.03605624022410536,0.01802812011205268,0.008635435846589233,4.264261145725534e-05
exchange,239,16,57,0.14679505556826555,0.07339752778413278,0.03714789449928415,0.0
exchange,240,8,57,0.06728179080898422,0.03364089540449211,0.017072104684983748,0.0
exchange,241,16,57,0.12327439103161664,0.06163719551580832,0.03129999749854863,0.0
exchange,242,8,57,0.09236864626921537,0.046184323134607685,0.02342467544550406,0.0
exchange,243,24,57,0.15990538664970388,0.07995269332485194,0.03401052266402112,0.0
exchange,244,8,57,0.07773963106484139,0.03886981553242069,0.019726591872222355,0.0
exchange,245,8,57,0.03165414280402312,0.01582707140201156,0.008026759496317771,0.0
exchange,246,8,57,0.057917569346122355,0.028958784673061178,0.014701951912093744,0.0
exchange,247,24,57,0.1058926721755421,0.05294633608777105,0.01934888751822866,1.4400181634566245e-05
exchange,248,24,57,0.085171529419789,0.0425857647098945,0.015235512532956054,8.148557244624932e-06
exchange,249,24,57,0.19922128123998417,0.09961064061999209,0.04394613354303918,0.0
exchange,250,8,57,0.08925820219011715,0.044629101095058576,0.02265256513014445,0.0
exchange,251,16,57,0.07601765640676683,0.038008828203383416,0.0197904896939929,0.0
exchange,252,8,57,0.05033305454378978,0.02516652727189489,0.012781710633804394,0.0
exchange,253,8,57,0.05436112803125992,0.02718056401562996,0.013794033390799675,0.0
exchange,254,16,57,0.15306980666001435,0.07653490333000718,0.03864400809900082,0.0
exchange,255,16,57,0.1096297495642441,0.05481487478212205,0.028119365468478878,0.0
exchange,256,16,57,0.15839312307495557,0.07919656153747778,0.04022585706342791,0.0
exchange,257,16,57,0.0788714055003763,0.03943570275018815,0.020702694970495407,0.0
exchange,258,16,57,0.11510122671264444,0.05755061335632222,0.029539635499772593,0.0
exchange,259,8,57,0.0602838873856707,0.03014194369283535,0.015301498409682323,0.0
exchange,260,24,57,0.24454143970289466,0.12227071985144733,0.05638894011117426,0.0
exchange,261,8,57,0.04710363215744939,0.023551816078724697,0.011946923252614722,0.0
exchange,262,16,57,0.11964542692311153,0.059822713461555765,0.030562694526979916,0.0
exchange,263,8,57,0.06379493930797986,0.03189746965398993,0.016190216669187338,0.0
exchange,264,16,57,0.0583344655729785,0.02916723278648925,0.015766242453494735,0.0
exchange,265,24,57,0.21530174163644322,0.10765087081822161,0.04757459369105448,1.6597711445132113e-05
exchange,266,16,57,0.07915479887100946,0.03957739943550473,0.0207901294024624,0.0
exchange,267,8,57,0.07054284027309454,0.03527142013654727,0.017885805846435586,0.0
exchange,268,8,57,0.0660792030554862,0.0330396015277431,0.016766223251419927,0.0
exchange,269,8,57,0.041560636690764485,0.020780318345382243,0.010535821206386409,0.0
exchange,270,8,57,0.08087204283345906,0.04043602141672953,0.020520391826028054,0.0
exchange,271,16,57,0.06095984864703741,0.030479924323518703,0.016155676838066634,0.0
exchange,272,16,57,0.09189522180694232,0.04594761090347116,0.023762098257923154,0.0
exchange,273,16,57,0.10619606465105375,0.05309803232552687,0.02732022612702298,0.0
exchange,274,16,57,0.1207421049517583,0.06037105247587915,0.030648104179287906,0.0
exchange,275,16,57,0.1022622524583418,0.0511311262291709,0.0265587136859517,0.0
exchange,276,16,57,0.10627610233556489,0.053138051167782446,0.02741190673091144,0.0
exchange,277,8,57,0.05604992668063602,0.02802496334031801,0.014218326671633684,0.0
exchange,278,24,57,0.08281442834436781,0.041407214172183904,0.014618309716626324,1.5463231339718497e-05
exchange,279,24,57,0.09734369086270511,0.048671845431352556,0.017390160876718793,0.0
exchange,280,16,57,0.11114879047755755,0.05557439523877877,0.02827981672117412,0.0
exchange,281,8,57,0.05031325561103117,0.025156627805515586,0.012770880751885075,0.0
exchange,282,24,57,0.14175232267685178,0.07087616133842589,0.029621704526617366,1.0347583696779239e-05
exchange,283,8,57,0.06738948056289684,0.03369474028144842,0.01711481672882974,0.0
exchange,284,8,57,0.05328202687487482,0.02664101343743741,0.013518555104599232,0.0
exchange,285,8,57,0.05650980537767658,0.02825490268883829,0.014342576837777711,0.0
exchange,286,24,57,0.08918050961053503,0.044590254805267515,0.015743331858129792,1.271030168731313e-05
exchange,287,8,57,0.04740953899482925,0.023704769497414624,0.01203298897895629,0.0
exchange,288,16,57,0.06526972155510469,0.032634860777552344,0.01724825339784935,0.0
exchange,289,16,57,0.12893379802309202,0.06446689901154601,0.03280429373094881,0.0
exchange,290,16,57,0.0955971133504182,0.0477985566752091,0.0249586495098593,0.0
exchange,291,8,57,0.07512207624070533,0.03756103812035266,0.019062551663968096,0.0
exchange,292,8,57,0.04582513739642757,0.022912568698213787,0.011620631509225758,0.0
exchange,293,16,57,0.10637501431454477,0.053187507157272385,0.02727858327193683,0.0
exchange,294,16,57,0.11249630030574254,0.05624815015287127,0.02875329916727287,0.0
exchange,295,24,57,0.1482986316340681,0.07414931581703404,0.03141072152894708,0.0
exchange,296,24,57,0.07390092835022943,0.03695046417511472,0.012758983796259537,4.0584276197574987e-05
exchange,297,8,57,0.07276495217988121,0.03638247608994061,0.018460522526799455,0.0
exchange,298,16,57,0.10721175673984973,0.053605878369924864,0.027744239504032864,0.0
exchange,299,16,57,0.12528967897434673,0.06264483948717336,0.03186332310128696,0.0
exchange,300,16,57,0.13725959461439974,0.06862979730719987,0.03509606899178951,0.0
exchange,301,16,57,0.04852421394729467,0.024262106973647335,0.013176400832754717,1.8434154524071822e-05
exchange,302,16,57,0.10728361893470062,0.05364180946735031,0.02707442340722552,0.0
exchange,303,24,57,0.13633186985031104,0.06816593492515552,0.029041111926533785,2.756880101284498e-05
exchange,304,24,57,0.14284547515721147,0.07142273757860573,0.029859130609103616,7.403823285789812e-06
exchange,305,8,57,0.07081467415767684,0.03540733707883842,0.017969469296369656,0.0
exchange,306,8,57,0.0668086731786014,0.0334043365893007,0.016957198595588866,0.0
exchange,307,24,57,0.058326710011228355,0.029163355005614178,0.010529316728508842,0.0
exchange,308,16,57,0.09554391892373293,0.047771959461866464,0.024720619320440874,0.0
exchange,309,8,57,0.06208565071817862,0.03104282535908931,0.01575438616059033,0.0
exchange,310,8,57,0.06712630227522776,0.03356315113761388,0.017039829839931596,0.0
exchange,311,16,57,0.07338869779090507,0.03669434889545253,0.019322320496138343,0.0
exchange,312,8,57,0.07718875440174144,0.03859437720087072,0.019589374475679492,0.0
exchange,313,8,57,0.07131268016463832,0.03565634008231916,0.01807574920233313,0.0
exchange,314,24,57,0.11962415215615207,0.05981207607807604,0.021868332662960607,0.0
exchange,315,8,57,0.06135529424968611,0.030677647124843055,0.015565029892187169,0.0
exchange,316,16,57,0.14319314014976292,0.07159657007488146,0.03636171832612393,0.0
exchange,317,8,57,0.09107989161892693,0.04553994580946347,0.02311637705397659,0.0
exchange,318,8,57,0.06460496589226672,0.03230248294613336,0.01639139603700993,0.0
exchange,319,24,57,0.1827160210961975,0.09135801054809875,0.0389610980648493,1.7938414671681002e-05
exchange,320,24,57,0.09402470050226008,0.04701235025113004,0.01658137442176608,2.6017666064803713e-05
exchange,321,24,57,0.11654727297695233,0.058273636488476166,0.021429738981967688,0.0
exchange,322,8,57,0.04043734020856593,0.020218670104282965,0.010265250067590312,0.0
exchange,323,24,57,0.09089870340726636,0.04544935170363318,0.015821758938565456,0.0
exchange,324,24,57,0.08894054606803248,0.04447027303401624,0.015383344857136903,2.3612896698277375e-05
exchange,325,16,57,0.10181785515502961,0.050908927577514806,0.026398583187330536,0.0
exchange,326,24,57,0.2083846687379194,0.1041923343689597,0.04574669514733231,1.3821961969417984e-05
exchange,327,16,57,0.09056486455165913,0.045282432275829565,0.023417218763262974,0.0
exchange,328,8,57,0.0727697736154247,0.03638488680771235,0.018474220192896296,0.0
exchange,329,8,57,0.04577799172993435,0.022888995864967177,0.011617912542686579,0.0
exchange,330,24,57,0.2494325185711791,0.12471625928558955,0.05643422028990352,0.0
exchange,331,16,57,0.058738867567347475,0.029369433783673737,0.01574622168857348,0.0
exchange,332,8,57,0.08009943211523196,0.04004971605761598,0.020314432851577347,0.0
exchange,333,24,57,0.12129358102148291,0.060646790510741455,0.02414597156182974,1.238593143593203e-05
exchange,334,24,57,0.10797826521553855,0.053989132607769275,0.019152768924161113,0.0
exchange,335,8,57,0.05156584421446253,0.025782922107231265,0.013076154344281936,0.0
exchange,336,8,57,0.05367568284867197,0.026837841424335984,0.013615219829516814,0.0
exchange,337,8,57,0.04274003523314329,0.021370017616571646,0.010848854292423219,0.0
exchange,338,24,57,0.06766449721173673,0.033832248605868365,0.011716604816883863,0.0
exchange,339,24,57,0.07732808979786476,0.03866404489893238,0.013346162236437246,2.387895474920132e-05
exchange,340,24,57,0.18835915220612515,0.09417957610306257,0.04110079974663565,0.0
exchange,341,8,57,0.06854232824749085,0.03427116412374542,0.017381329684974214,0.0
exchange,342,8,57,0.07379248129070237,0.036896240645351186,0.01872257908226377,0.0
exchange,343,24,57,0.06305061349435959,0.03152530674717979,0.01139184683722454,0.0
exchange,344,8,57,0.056918593096934034,0.028459296548467017,0.014433632889192121,0.0
exchange,345,24,57,0.0861061895835275,0.04305309479176375,0.015503803551487954,0.0
exchange,346,8,57,0.06110765047195832,0.03055382523597916,0.015501627784963537,0.0
exchange,347,24,57,0.213369537546664,0.106684768773332,0.047897843659162914,2.0274313983603687e-05
exchange,348,16,57,0.025372036543973464,0.012686018271986732,0.005918549362658504,2.033710084570206e-05
exchange,349,8,57,0.07189405634773838,0.03594702817386919,0.018244028661291038,0.0
exchange,350,8,57,0.06094805664118774,0.03047402832059387,0.015455324458670957,0.0
exchange,351,24,57,0.12434064040915849,0.062170320204579244,0.024363942215604954,1.814061243399223e-05
exchange,352,8,57,0.04585152875949605,0.022925764379748026,0.011616300957549399,0.0
exchange,353,8,57,0.07385654069671932,0.03692827034835966,0.018737809160170163,0.0
exchange,354,8,57,0.07468168618377047,0.037340843091885234,0.018961595578231363,0.0
exchange,355,24,57,0.04872621285806383,0.024363106429031917,0.009927249213745092,2.260940075959894e-05
exchange,356,8,57,0.04678189512833042,0.02339094756416521,0.011876818280243309,0.0
exchange,357,8,57,0.06595039704577577,0.03297519852288788,0.01674074884180254,0.0
exchange,358,16,57,0.06861275003224543,0.034306375016122714,0.01815704156599781,0.0
exchange,359,24,57,0.1458803098191317,0.07294015490956585,0.0296141790286025,1.9298557148994533e-06
exchange,360,24,57,0.08032009464548251,0.040160047322741255,0.013883533687854449,3.880220032503878e-06
exchange,361,16,57,0.10975100501174218,0.05487550250587109,0.02817533459219478,0.0
exchange,362,24,57,0.1646892775028317,0.08234463875141584,0.034760652380587766,0.0
exchange,363,8,57,0.049409052251364605,0.024704526125682302,0.012533015971765106,0.0
exchange,364,24,57,0.10847669829134371,0.054238349145671855,0.019739560903538428,4.0348063694795044e-05
exchange,365,8,57,0.040508763217755206,0.020254381608877603,0.01027625812509209,0.0
exchange,366,8,57,0.07121463484818247,0.035607317424091234,0.018068267378840368,0.0
exchange,367,16,57,0.14358364012828445,0.07179182006414223,0.03644382961657598,0.0
exchange,368,24,57,0.05806110815859855,0.029030554079299276,0.011032387887513154,0.0
exchange,369,24,57,0.07430223639272582,0.03715111819636291,0.012901477271242972,2.8042455034849034e-05
exchange,370,24,57,0.1132188738504919,0.05660943692524595,0.02272173934051082,0.0
exchange,371,8,57,0.035379222619790984,0.017689611309895492,0.00897389572216795,0.0
exchange,372,24,57,0.10769772011157308,0.05384886005578654,0.0199294136154137,0.0
exchange,373,8,57,0.06344051786428917,0.031720258932144585,0.016089147088799632,0.0
exchange,374,24,57,0.07336220437206276,0.03668110218603138,0.012667542831540065,0.0
exchange,375,8,57,0.07230136186361202,0.03615068093180601,0.018340782335254845,0.0
exchange,376,24,57,0.15202143704468563,0.07601071852234281,0.03229767462155864,0.0
exchange,377,8,57,0.07508631993488613,0.03754315996744306,0.019023579508772922,0.0
exchange,378,16,57,0.06084172294031853,0.030420861470159266,0.016190885666607466,0.0
exchange,379,24,57,0.13229832750779336,0.06614916375389668,0.02490571598622708,2.2087726146313713e-05
exchange,380,8,57,0.052336739655967524,0.026168369827983762,0.013278210445648064,0.0
exchange,381,8,57,0.05029410899851805,0.025147054499259025,0.01276215047618835,0.0
exchange,382,16,57,0.029626078790831012,0.014813039395415506,0.00690934708442052,1.438805620262995e-05
exchange,383,24,57,0.172959482595597,0.0864797412977985,0.03859006814430421,2.1825576380640754e-05
exchange,384,16,57,0.1177742475291827,0.05888712376459135,0.030132781425600094,0.0
exchange,385,24,57,0.2401035611257067,0.12005178056285334,0.0545518788419655,0.0
exchange,386,24,57,0.10449060983556846,0.05224530491778423,0.019280806539705937,0.0
exchange,387,8,57,0.06065806555569142,0.03032903277784571,0.015404912939746615,0.0
exchange,388,24,57,0.10896314819692798,0.05448157409846399,0.019625275032181658,8.046331764488546e-06
exchange,389,16,57,0.11953909160501341,0.05976954580250671,0.03043714549810478,0.0
exchange,390,24,57,0.22634206305744276,0.11317103152872138,0.05112408989248187,0.0
exchange,391,8,57,0.06454068939693469,0.032270344698467346,0.016358798097924027,0.0
exchange,392,16,57,0.075914682727936,0.037957341363968,0.02003345372855693,0.0
exchange,393,16,57,0.09233357534224607,0.04616678767112303,0.023803577052497284,0.0
exchange,394,24,57,0.15603522155155836,0.07801761077577918,0.033444061481883836,2.733513170594115e-05
exchange,395,8,57,0.059945457215838216,0.029972728607919108,0.015190209269246547,0.0
exchange,396,24,57,0.21324667368611294,0.10662333684305647,0.048996994515988684,0.0
exchange,397,24,57,0.05996609453956958,0.02998304726978479,0.011096292490764841,2.4790099248828135e-05
exchange,398,8,57,0.058028095173385474,0.029014047586692737,0.014714112398535921,0.0
exchange,399,16,57,0.06535893838514939,0.032679469192574695,0.01721158792701339,0.0
exchange,400,8,57,0.06733726625017233,0.03366863312508617,0.017078616461012313,0.0
exchange,401,16,57,0.13355653705329829,0.06677826852664914,0.03378339362692228,0.0
exchange,402,24,57,0.13424253594983648,0.06712126797491824,0.02698884039047772,0.0
exchange,403,16,57,0.06605365222028248,0.03302682611014124,0.017509439158143177,0.0
exchange,404,16,57,0.07141112399450833,0.035705561997254165,0.018825223835163215,0.0
exchange,405,8,57,0.037843508625568956,0.018921754312784478,0.009600178538563939,0.0
exchange,406,24,57,0.10700440762110691,0.053502203810553456,0.020049466050587685,0.0
exchange,407,8,57,0.05573966066525615,0.027869830332628076,0.014114419404764062,0.0
exchange,408,16,57,0.11014786530187287,0.055073932650936436,0.02834321966969279,0.0
exchange,409,8,57,0.061475533529749105,0.030737766764874552,0.015597206461009186,0.0
exchange,410,8,57,0.06544330682758359,0.032721653413791796,0.016599855206737305,0.0
exchange,411,8,57,0.10332040269428266,0.05166020134714133,0.02620374811898166,0.0
exchange,412,8,57,0.047163873753601426,0.023581936876800713,0.011975977212483706,0.0
exchange,413,8,57,0.059547377627118925,0.029773688813559462,0.01509482723957227,0.0
exchange,414,8,57,0.08341999702087177,0.041709998510435886,0.021164452653638335,0.0
exchange,415,8,57,0.06616611004970552,0.03308305502485276,0.016761703710058407,0.0
exchange,416,16,57,0.11990759108674742,0.05995379554337371,0.03061600969144235,0.0
exchange,417,16,57,0.11498425012661467,0.05749212506330734,0.029588424403252534,0.0
exchange,418,16,57,0.10912146664346012,0.05456073332173006,0.02791997757652159,0.0
exchange,419,16,57,0.06695063749361219,0.03347531874680609,0.017794389029224512,0.0
exchange,420,24,57,0.1697250295195551,0.08486251475977755,0.036553682759472336,8.80777517803244e-06
exchange,421,24,57,0.12581303263211896,0.06290651631605948,0.02651122186687266,0.0
exchange,422,8,57,0.06207762404534167,0.031038812022670836,0.015739197111520744,0.0
exchange,423,8,57,0.06623693378429407,0.033118466892147036,0.016813497212144833,0.0
exchange,424,16,57,0.15043732373826646,0.07521866186913323,0.03823996660448375,0.0
exchange,425,8,57,0.0643647858005213,0.03218239290026065,0.016334795918957732,0.0
exchange,426,8,57,0.06291429736751974,0.03145714868375987,0.01597805527991436,0.0
exchange,427,24,57,0.25181687224518495,0.12590843612259248,0.05841759817392407,0.0
exchange,428,8,57,0.06925074341868798,0.03462537170934399,0.01755909107861175,0.0
exchange,429,8,57,0.06986080849432552,0.03493040424716276,0.017726764150259637,0.0
exchange,430,8,57,0.09989887505935224,0.04994943752967612,0.025359732725344496,0.0
exchange,431,24,57,0.18394554080864023,0.09197277040432011,0.04014893965168552,0.0
exchange,432,16,57,0.06167619117454315,0.030838095587271575,0.016502645289034397,0.0
exchange,433,24,57,0.16630878939109173,0.08315439469554586,0.035424766907530485,3.5840953808152776e-06
exchange,434,8,57,0.036709321511266046,0.018354660755633023,0.009299990205143277,0.0
exchange,435,16,57,0.07899117876189621,0.039495589380948104,0.020675279713009108,0.0
exchange,436,8,57,0.051286758704876645,0.025643379352438322,0.013013776656321531,0.0
exchange,437,8,57,0.0599862065985014,0.0299931032992507,0.015210437098262263,0.0
exchange,438,24,57,0.17817894350765262,0.08908947175382631,0.03779813836642505,1.142987384633587e-05
exchange,439,8,57,0.04704022275747333,0.023520111378736663,0.011936504910238092,0.0
exchange,440,8,57,0.045229209041035556,0.022614604520517778,0.011469845671559713,0.0
exchange,441,24,57,0.14864526497498654,0.07432263248749327,0.03231809555496652,7.505763229609386e-06
exchange,442,24,57,0.2528285013120317,0.12641425065601586,0.0573320754642224,0.0
exchange,443,24,57,0.20926864111888321,0.10463432055944161,0.04651643723975069,5.9898607935870984e-06
exchange,444,24,57,0.10445502353460018,0.05222751176730009,0.018701057932426778,0.0
exchange,445,16,57,0.1296197255099346,0.0648098627549673,0.032856116920938865,0.0
exchange,446,24,57,0.19178140977850272,0.09589070488925136,0.0431059603920272,1.2148510887433073e-05
exchange,447,8,57,0.0681517408592418,0.0340758704296209,0.01729934411210716,0.0
exchange,448,8,57,0.044068347937070484,0.022034173968535242,0.011179851775075765,0.0
exchange,449,16,57,0.11468385862675756,0.05734192931337878,0.029170916816490224,0.0
exchange,450,8,57,0.0683210391518837,0.03416051957594185,0.01731943327700104,0.0
exchange,451,16,57,0.12630321985233683,0.06315160992616842,0.032182073190739915,0.0
exchange,452,24,57,0.11552590060517665,0.05776295030258832,0.021575319931704348,0.0
exchange,453,24,57,0.1233534481723817,0.06167672408619085,0.022489227325647947,6.119666008941316e-06
exchange,454,16,57,0.10245955198653034,0.05122977599326517,0.026335698294483855,0.0
exchange,455,8,57,0.04062247558048615,0.020311237790243075,0.010286817556169402,0.0
exchange,456,16,57,0.06313827688911267,0.03156913844455633,0.016731848327685508,0.0
exchange,457,8,57,0.05133477058966218,0.02566738529483109,0.013035858310582026,0.0
exchange,458,8,57,0.054171774833252306,0.027085887416626153,0.013750752164667583,0.0
exchange,459,8,57,0.05091980811481445,0.025459904057407223,0.012921537154885726,0.0
exchange,460,8,57,0.06686422986161444,0.03343211493080722,0.016964591470215763,0.0
exchange,461,8,57,0.06887522374723942,0.03443761187361971,0.017471778912403008,0.0
exchange,462,16,57,0.09615536871929897,0.048077684359649486,0.025032030097901354,0.0
exchange,463,8,57,0.06375613894131504,0.03187806947065752,0.016168416658979258,0.0
exchange,464,16,57,0.057089874069425006,0.028544937034712503,0.015399430282674617,0.0
exchange,465,16,57,0.043765994520723495,0.021882997260361747,0.008264974381852032,4.907270368170735e-06
exchange,466,8,57,0.058369216720036476,0.029184608360018238,0.014817777274690564,0.0
exchange,467,8,57,0.061193377646957425,0.030596688823478713,0.01553214952205628,0.0
exchange,468,8,57,0.060565386259237464,0.030282693129618732,0.015355528783346036,0.0
exchange,469,8,57,0.05230216965628132,0.02615108482814066,0.013273021381691489,0.0
exchange,470,24,57,0.12928950943400697,0.06464475471700348,0.02482677070315007,0.0
exchange,471,8,57,0.05177310279286018,0.02588655139643009,0.013128440054218019,0.0
exchange,472,8,57,0.06856148802910345,0.03428074401455172,0.01739955414483407,0.0
exchange,473,16,57,0.07346486812721575,0.03673243406360788,0.01917781863346781,0.0
exchange,474,16,57,0.1293934295451853,0.06469671477259265,0.032973693786770085,0.0
exchange,475,8,57,0.056281014886902514,0.028140507443451257,0.014284822675658082,0.0
exchange,476,24,57,0.13248846110514856,0.06624423055257428,0.02594253586194037,2.3066034280982972e-05
exchange,477,16,57,0.14021987958688198,0.07010993979344099,0.03579276545087616,0.0
exchange,478,24,57,0.0944177843162115,0.04720889215810575,0.017611087098998935,0.0
exchange,479,16,57,0.0812259745197047,0.04061298725985235,0.021199766435851898,0.0
exchange,480,16,57,0.052584534903632685,0.026292267451816342,0.014153103631274404,0.0
exchange,481,16,57,0.1258256835454733,0.06291284177273665,0.032161587491425114,0.0
exchange,482,16,57,0.04339292963591451,0.021696464817957256,0.011657470362814738,2.7305611108918715e-05
exchange,483,16,57,0.0658048566979137,0.03290242834895685,0.017419981672770927,0.0
exchange,484,24,57,0.0987302376613376,0.0493651188306688,0.017017590986361922,0.0
exchange,485,8,57,0.04426995344841189,0.022134976724205946,0.011225742644550257,0.0
exchange,486,24,57,0.09288415129835365,0.04644207564917682,0.016447231840859004,4.261003110866968e-05
exchange,487,24,57,0.14964588706024762,0.07482294353012381,0.03111863237387084,6.958015691393982e-06
exchange,488,24,57,0.1650781845656485,0.08253909228282424,0.03539832136126079,2.4250230524214267e-05
exchange,489,24,57,0.10218782057576703,0.051093910287883515,0.018887865622097783,0.0
exchange,490,16,57,0.09199754621774175,0.04599877310887088,0.024022245863590492,0.0
exchange,491,8,57,0.051382135503837745,0.025691067751918872,0.013031761355326238,0.0
exchange,492,8,57,0.057091931693284526,0.028545965846642263,0.01449563552698731,0.0
exchange,493,24,57,0.059353987764592,0.029676993882296,0.01596095856806332,0.0
exchange,494,24,57,0.12405494609730461,0.062027473048652304,0.026879137384261974,2.2759710990860604e-05
exchange,495,24,57,0.16655193164037163,0.08327596582018582,0.03375199701115485,1.105253974759135e-05
exchange,496,8,57,0.06118184722384079,0.030590923611920395,0.0155012382203464,0.0
exchange,497,24,57,0.1656753975002102,0.0828376987501051,0.035690829605442446,0.0
exchange,498,16,57,0.04188629226926177,0.020943146134630886,0.011305902892915722,0.0
exchange,499,24,57,0.22902050965633314,0.11451025482816657,0.05245597799069517,0.0
exchange,500,24,57,0.23550192752126053,0.11775096376063027,0.0522817109878926,0.0
exchange,501,8,57,0.06079504625375498,0.03039752312687749,0.015406622965059943,0.0
exchange,502,24,57,0.10059479606778876,0.05029739803389438,0.017703943499103935,2.8789526323846903e-05
exchange,503,24,57,0.2351755603329036,0.1175877801664518,0.05343155236913675,0.0
exchange,504,16,57,0.0994146861118223,0.04970734305591115,0.025773793540130593,0.0
exchange,505,16,57,0.07225728669963427,0.036128643349817136,0.01915310536630353,0.0
exchange,506,8,57,0.08759809029753485,0.043799045148767424,0.02223392599930709,0.0
exchange,507,16,57,0.08387419402221236,0.04193709701110618,0.022000726324513286,0.0
exchange,508,24,57,0.10758763428304452,0.05379381714152226,0.019064458149408946,0.0
exchange,509,24,57,0.06014216001468403,0.030071080007342016,0.011210259919482102,0.0
exchange,510,8,57,0.03721595706105618,0.01860797853052809,0.009433829345072213,0.0
exchange,511,16,57,0.12112409450220862,0.06056204725110431,0.030961060228666567,0.0
exchange,512,16,57,0.11720050760719924,0.05860025380359962,0.030053275216747253,0.0
exchange,513,24,57,0.14420482873217666,0.07210241436608833,0.029903044279592065,0.0
exchange,514,24,57,0.23099017287246681,0.11549508643623341,0.052746638912477405,0.0
exchange,515,24,57,0.18603517911351392,0.09301758955675696,0.040108606073574644,0.0
exchange,516,16,57,0.0892894619386117,0.04464473096930585,0.02330059692480592,0.0
exchange,517,16,57,0.0952098961578064,0.0476049480789032,0.024418923679419016,0.0
exchange,518,16,57,0.11837972397979313,0.059189861989896564,0.03033234450448724,0.0
exchange,519,16,57,0.10613846215705958,0.05306923107852979,0.027248058219872796,0.0
exchange,520,24,57,0.14967836302643622,0.07483918151321811,0.03200929108013264,5.041005004313703e-06
exchange,521,24,57,0.19604956621302316,0.09802478310651158,0.042391437401676245,0.0
exchange,522,16,57,0.12998504991051563,0.06499252495525781,0.03310992621481265,0.0
exchange,523,24,57,0.18705453880509149,0.09352726940254574,0.041675577576106966,0.0
exchange,524,16,57,0.10657217984889333,0.05328608992444667,0.027569964555896418,0.0
exchange,525,16,57,0.09897882773132216,0.04948941386566108,0.025554639935578438,0.0
exchange,526,16,57,0.11667424292065487,0.058337121460327435,0.029957964421795207,0.0
exchange,527,8,57,0.041314350875932826,0.020657175437966413,0.010464046645363713,0.0
exchange,528,16,57,0.1118064891153715,0.05590324455768575,0.028742520337740173,0.0
exchange,529,16,57,0.12482191011848609,0.062410955059243045,0.03170010049693098,0.0
exchange,530,8,57,0.07477701813824422,0.03738850906912211,0.018963446602413343,0.0
exchange,531,8,57,0.061258496089636516,0.030629248044818258,0.015548728424539814,0.0
exchange,532,24,57,0.05175205108723324,0.02587602554361662,0.01001902773053518,0.0
exchange,533,24,57,0.0996533010693289,0.04982665053466445,0.018255855295287563,3.3297535385834465e-05
exchange,534,8,57,0.046789347961053274,0.023394673980526637,0.011870785888049126,0.0
exchange,535,24,57,0.08500590339844538,0.04250295169922269,0.014842748111241057,0.0
exchange,536,8,57,0.05606974849950441,0.028034874249752206,0.014216640766680038,0.0
exchange,537,16,57,0.03919099121258274,0.01959549560629137,0.010567008739837572,2.2361442221674466e-05
exchange,538,8,57,0.055808284389233465,0.027904142194616732,0.014160213636628389,0.0
exchange,539,8,57,0.04295375146378555,0.021476875731892775,0.010897989675499396,0.0
exchange,540,24,57,0.2167987254455816,0.1083993627227908,0.04892264779273107,0.0
exchange,541,24,57,0.14305064197268613,0.07152532098634307,0.029815520467592446,0.0
exchange,542,16,57,0.0814750547901244,0.0407375273950622,0.02129517588420795,0.0
exchange,543,16,57,0.11107595601311493,0.055537978006557465,0.028400575330859597,0.0
exchange,544,8,57,0.05811703432382154,0.02905851716191077,0.01471703431645189,0.0
exchange,545,24,57,0.1610950546893819,0.08054752734469095,0.03373700125948073,1.7497673935329416e-05
exchange,546,8,57,0.07484641530519975,0.03742320765259988,0.018987584391730292,0.0
exchange,547,8,57,0.07217499453872955,0.03608749726936478,0.01830523591649522,0.0
exchange,548,16,57,0.1338660840610072,0.0669330420305036,0.03420725393677724,0.0
exchange,549,24,57,0.21264162891480864,0.10632081445740432,0.04661958671060865,1.0236521815809585e-05
exchange,550,24,57,0.20459387106669902,0.10229693553334951,0.045178169307430925,0.0
exchange,551,16,57,0.1366249491726267,0.06831247458631334,0.034690241138362936,0.0
exchange,552,16,57,0.11348441443250146,0.05674220721625073,0.029045959868379826,0.0
exchange,553,16,57,0.04913746608097447,0.024568733040487234,0.013287796941499213,0.0
exchange,554,16,57,0.09684470680777624,0.04842235340388812,0.02529660145627454,0.0
exchange,555,8,57,0.0744737133727792,0.0372368566863896,0.018906023995939138,0.0
exchange,556,8,57,0.050089840300807875,0.025044920150403938,0.012700696992746136,0.0
exchange,557,8,57,0.06977801581899024,0.03488900790949512,0.017709814526208786,0.0
exchange,558,8,57,0.06039171977770752,0.03019585988885376,0.015322411116371223,0.0
exchange,559,8,57,0.04292517515717165,0.021462587578585823,0.010890747493884606,0.0
exchange,560,8,57,0.0578203336586407,0.02891016682932035,0.014660275199710094,0.0
exchange,561,8,57,0.07988483078684905,0.039942415393424524,0.0202792760677991,0.0
exchange,562,8,57,0.0463959177262806,0.0231979588631403,0.011779447005396914,0.0
exchange,563,16,57,0.12433405895372529,0.062167029476862645,0.03159771533271542,0.0
exchange,564,24,57,0.16339433539153947,0.08169716769576973,0.03394169801947651,0.0
exchange,565,8,57,0.05458740018072561,0.027293700090362805,0.01386333349767042,0.0
exchange,566,8,57,0.06376123531327793,0.031880617656638965,0.01618849938485109,0.0
exchange,567,16,57,0.061714794545259855,0.030857397272629927,0.016422578233742262,0.0
exchange,568,8,57,0.07712688657396327,0.038563443286981636,0.019553588455007667,0.0
exchange,569,24,57,0.03443628965564083,0.017218144827820414,0.009001755142098413,0.0
exchange,570,8,57,0.051159581242716023,0.025579790621358012,0.012983793803454215,0.0
exchange,571,24,57,0.1062180754410198,0.0531090377205099,0.019658907145514694,0.0
exchange,572,24,57,0.05538728500940282,0.02769364250470141,0.010537357353413922,0.0
exchange,573,8,57,0.04298727364130983,0.021493636820654916,0.010904935371176526,0.0
exchange,574,8,57,0.0662174682360338,0.0331087341180169,0.016790380337991493,0.0
exchange,575,24,57,0.034542572373368,0.017271286186684,0.00912514490310969,0.0
exchange,576,24,57,0.21760707491269415,0.10880353745634708,0.049140385831002574,0.0
exchange,577,24,57,0.056473067408962296,0.028236533704481148,0.010615097476274293,0.0
exchange,578,24,57,0.16813371538282762,0.08406685769141381,0.037171955159953994,0.0
exchange,579,24,57,0.04511973492881438,0.02255986746440719,0.009721109471756167,0.0
exchange,580,16,57,0.12040453885290514,0.06020226942645257,0.030843193143846228,0.0
exchange,581,24,57,0.13502173592641709,0.06751086796320854,0.028236956540127044,9.219108457303449e-06
exchange,582,8,57,0.07543645567918045,0.037718227839590224,0.019159031978147494,0.0
exchange,583,24,57,0.15890025123041535,0.07945012561520767,0.033867802762997494,0.0
exchange,584,8,57,0.03620138777922799,0.018100693889613995,0.009176629888799442,0.0
exchange,585,8,57,0.056881774508885985,0.028440887254442992,0.014423966876416169,0.0
exchange,586,24,57,0.15455328264595225,0.07727664132297613,0.033620526686581914,0.0
exchange,587,8,57,0.08441777949035056,0.04220888974517528,0.021421352156398905,0.0
exchange,588,24,57,0.21088847164388996,0.10544423582194498,0.04726128340767114,2.6951781166573152e-05
exchange,589,24,57,0.1650017806694088,0.0825008903347044,0.0357303753780738,1.6299657544072144e-05
exchange,590,16,57,0.10101718864957598,0.05050859432478799,0.026144031999508533,0.0
exchange,591,24,57,0.13098555636647313,0.06549277818323657,0.026654042463818597,0.0
exchange,592,16,57,0.07709493776679643,0.03854746888339822,0.020099668864636815,0.0
exchange,593,24,57,0.0978198498411681,0.04890992492058405,0.01694165990074348,0.0
exchange,594,8,57,0.05935111736703258,0.02967555868351629,0.015066320625220798,0.0
exchange,595,16,57,0.1284993975479315,0.06424969877396575,0.03255895721773777,0.0
exchange,596,8,57,0.07450200777034022,0.03725100388517011,0.018885353107872243,0.0
exchange,597,24,57,0.2005450139838455,0.10027250699192275,0.04428495202205438,0.0
exchange,598,24,57,0.047303619256116036,0.023651809628058018,0.010152575773895526,0.0
exchange,599,8,57,0.05569069206748711,0.027845346033743557,0.014118443707415995,0.0
exchange,600,16,57,0.11789392494872186,0.05894696247436093,0.03016827999214239,0.0
exchange,601,24,57,0.14029457097819187,0.07014728548909593,0.02897817981724234,0.0
exchange,602,24,57,0.08441697160736261,0.042208485803681306,0.014644047706892767,0.0
exchange,603,24,57,0.21838244125264905,0.10919122062632453,0.04873852159270211,0.0
exchange,604,8,57,0.06521858220392662,0.03260929110196331,0.01655034626554073,0.0
exchange,605,8,57,0.07672811421091519,0.038364057105457594,0.019483437568032676,0.0
exchange,606,16,57,0.06342241314033636,0.03171120657016818,0.016664859156040563,0.0
exchange,607,16,57,0.09574288691127442,0.04787144345563721,0.024441651751386566,0.0
exchange,608,24,57,0.11453605667834255,0.05726802833917127,0.022222945763637782,0.0
exchange,609,16,57,0.10857958046719562,0.05428979023359781,0.02772901498942219,0.0
exchange,610,16,57,0.10595311718339995,0.052976558591699974,0.027340129332152845,0.0
exchange,611,16,57,0.11002954763947848,0.05501477381973924,0.028492013416726403,0.0
exchange,612,8,57,0.052863424523149516,0.026431712261574758,0.0134184202664088,0.0
exchange,613,16,57,0.13245038584832602,0.06622519292416301,0.03403895777033159,0.0
exchange,614,16,57,0.039802383266699604,0.019901191633349802,0.010776603147097781,6.326365498132702e-08
exchange,615,16,57,0.11959684780032198,0.05979842390016099,0.030569184172718,0.0
exchange,616,24,57,0.09234812360215794,0.04617406180107897,0.016229321558558895,3.2443393364722795e-05
exchange,617,24,57,0.09359525212117292,0.04679762606058646,0.01655803052506922,1.8321974716739575e-05
exchange,618,24,57,0.09853623896409819,0.049268119482049094,0.017811412028585365,0.0
exchange,619,16,57,0.04221326767444977,0.021106633837224886,0.011347158397238596,0.0
exchange,620,8,57,0.05931903171153152,0.02965951585576576,0.015049639987121147,0.0
exchange,621,24,57,0.22447767363610394,0.11223883681805197,0.05040705371481417,1.3443209825325653e-05
exchange,622,8,57,0.05562966184048779,0.027814830920243894,0.01412071213126274,0.0
exchange,623,24,57,0.24174184910588536,0.12087092455294268,0.05548894737694426,0.0
exchange,624,8,57,0.052270507762161134,0.026135253881080567,0.013210520744227525,0.0
exchange,625,16,57,0.0899043369261292,0.0449521684630646,0.023693148071981373,0.0
exchange,626,8,57,0.06442770261575526,0.03221385130787763,0.016335390416117573,0.0
exchange,627,8,57,0.063942842580617,0.0319714212903085,0.016229514836978293,0.0
exchange,628,8,57,0.06255077760801597,0.031275388804007986,0.015878304252917332,0.0
exchange,629,24,57,0.09188632104465011,0.045943160522325055,0.015858478890014724,0.0
exchange,630,24,57,0.21133490687603296,0.10566745343801648,0.047141399041611444,0.0
exchange,631,8,57,0.06149982636015938,0.03074991318007969,0.015584323131712789,0.0
exchange,632,24,57,0.1571278330252297,0.07856391651261485,0.03274970563669869,1.2726774415883213e-05
exchange,633,24,57,0.14126532253934354,0.07063266126967177,0.02979899254149892,5.9288664334689045e-06
exchange,634,16,57,0.0937386993276843,0.04686934966384215,0.024333975162299692,0.0
exchange,635,16,57,0.0730972959297691,0.03654864796488455,0.019311259899347986,0.0
exchange,636,24,57,0.07411545815411558,0.03705772907705779,0.012757513816598365,2.9907646246551955e-05
exchange,637,16,57,0.080069243234839,0.0400346216174195,0.02112552726015541,0.0
exchange,638,24,57,0.12245319215224426,0.06122659607612213,0.02552685888431386,1.7493182080663416e-07
exchange,639,24,57,0.06846255656125266,0.03423127828062633,0.011944923555160912,2.267865816441006e-05
exchange,640,8,57,0.06141093996564184,0.03070546998282092,0.015584346826302052,0.0
exchange,641,24,57,0.216462062319273,0.1082310311596365,0.048996250734651414,0.0
exchange,642,24,57,0.18024956285106308,0.09012478142553154,0.03989194607281073,6.369250520110725e-06
exchange,643,16,57,0.12465192407679959,0.062325962038399796,0.03175171033355787,0.0
exchange,644,16,57,0.11646488114091536,0.05823244057045768,0.0298617460315381,0.0
exchange,645,16,57,0.10370472082350984,0.05185236041175492,0.026858510439310132,0.0
exchange,646,24,57,0.20774535606782174,0.10387267803391087,0.046127638918507165,1.7533573271832914e-05
exchange,647,24,57,0.11291614026072949,0.056458070130364746,0.022019246171173405,0.0
exchange,648,24,57,0.1634583439613967,0.08172917198069835,0.035496866886874534,1.753364718359851e-06
exchange,649,24,57,0.09534593954061449,0.047672969770307244,0.017085300605307517,0.0
exchange,650,24,57,0.14198227425352627,0.07099113712676314,0.030766891034538696,7.959363391485397e-06
exchange,651,24,57,0.17535478148161077,0.08767739074080538,0.03832805493143543,1.616059598052999e-05
exchange,652,24,57,0.09835426333990627,0.049177131669953134,0.017533665196633835,0.0
exchange,653,24,57,0.1478004509785391,0.07390022548926956,0.031023909014820508,2.986184284259341e-05
exchange,654,16,57,0.09728722731904949,0.04864361365952474,0.02514552948274137,0.0
exchange,655,24,57,0.11525639977151614,0.05762819988575807,0.022013772361090634,0.0
exchange,656,8,57,0.058247449921014605,0.029123724960507302,0.014765729667516533,0.0
exchange,657,24,57,0.1460221691688336,0.0730110845844168,0.03140196208566479,8.460345996663676e-06
exchange,658,24,57,0.07796553513592863,0.038982767567964316,0.0136244868291127,1.78471612066744e-05
exchange,659,8,57,0.05667929414730266,0.02833964707365133,0.01438424676612717,0.0
exchange,660,16,57,0.11304667841153215,0.05652333920576608,0.028905478020408167,0.0
exchange,661,16,57,0.1193849452083392,0.0596924726041696,0.03063093546546257,0.0
exchange,662,16,57,0.11690683151165382,0.05845341575582691,0.02980862032233409,0.0
exchange,663,16,57,0.025092589756742223,0.012546294878371111,0.005759300473792321,0.0
exchange,664,24,57,0.15241664103109498,0.07620832051554749,0.030208607604782237,0.0
exchange,665,16,57,0.07723603951017688,0.03861801975508844,0.020319183113259337,0.0
exchange,666,16,57,0.10830648181235636,0.05415324090617818,0.027922449035005886,0.0
exchange,667,8,57,0.06877665691048673,0.03438832845524337,0.01742680506947546,0.0
exchange,668,24,57,0.12807722626761842,0.06403861313380921,0.027002034484030147,1.0264473050414225e-05
exchange,669,16,57,0.09048745271624647,0.04524372635812324,0.023116985511356637,0.0
exchange,670,8,57,0.06705869544112175,0.033529347720560876,0.017013207222027274,0.0
exchange,671,24,57,0.2006495512951051,0.10032477564755254,0.044078052093134396,3.0248170478031078e-05
exchange,672,24,57,0.12677890469641817,0.06338945234820909,0.025552824451042167,0.0
exchange,673,24,57,0.1332073348966325,0.06660366744831625,0.02657593957573894,0.0
exchange,674,24,57,0.12845276687933826,0.06422638343966913,0.025323215009753795,3.896599059427519e-05
exchange,675,8,57,0.044239928468610024,0.022119964234305012,0.01122175986034619,0.0
exchange,676,8,57,0.02945190807392284,0.01472595403696142,0.007470365785073439,0.0
exchange,677,24,57,0.22014595567114237,0.11007297783557118,0.04964115123634572,0.0
exchange,678,16,57,0.10694925759584872,0.05347462879792436,0.02746382963101682,0.0
exchange,679,24,57,0.08213803513993856,0.04106901756996928,0.014213823901041357,2.2798229830645056e-05
exchange,680,16,57,0.09684029391559834,0.04842014695779917,0.02509475735069662,0.0
exchange,681,24,57,0.05239668429383959,0.026198342146919795,0.009984344101827983,1.1604680659638156e-05
exchange,682,24,57,0.12084783958402562,0.06042391979201281,0.022040911155733627,2.2717483855183573e-07
exchange,683,24,57,0.12076477283639087,0.06038238641819543,0.02377617688350862,3.19839439642533e-05
exchange,684,24,57,0.1112701689469015,0.05563508447345075,0.02165926267479524,0.0
exchange,685,8,57,0.06585275515204292,0.03292637757602146,0.016711425258606975,0.0
exchange,686,16,57,0.11243963454375949,0.056219817271879746,0.028983578985402055,0.0
exchange,687,8,57,0.05764064084181464,0.02882032042090732,0.014619214955857584,0.0
exchange,688,24,57,0.07374006044899728,0.03687003022449864,0.012753057468408983,1.2757293409604298e-05
exchange,689,24,57,0.1612599868372574,0.0806299934186287,0.034021329258613155,0.0
exchange,690,8,57,0.0501883090652131,0.02509415453260655,0.012738957003358718,0.0
exchange,691,8,57,0.07125312968384756,0.03562656484192378,0.0180664479428712,0.0
exchange,692,8,57,0.07559005864547852,0.03779502932273926,0.019195898977998345,0.0
exchange,693,16,57,0.12469674308134471,0.062348371540672354,0.032005487082018405,0.0
exchange,694,16,57,0.054945768370154746,0.027472884185077373,0.014806941789170283,0.0
exchange,695,24,57,0.04068713582865291,0.020343567914326455,0.010239481379627812,0.0
exchange,696,24,57,0.19768569054051238,0.09884284527025619,0.0424211979483726,0.0
exchange,697,24,57,0.1648552194793832,0.0824276097396916,0.03528735816257892,2.017513710544927e-05
exchange,698,16,57,0.12311099958214244,0.06155549979107122,0.03135401857189037,0.0
exchange,699,24,57,0.0854961181668511,0.04274805908342555,0.014679404018260534,0.0
exchange,700,24,57,0.10875045835753733,0.054375229178768664,0.02015016637012361,0.0
exchange,701,24,57,0.229195077336928,0.114597538668464,0.053986098471366,0.0
exchange,702,24,57,0.08983741134034595,0.044918705670172976,0.015869356143102635,3.3923026930171574e-05
exchange,703,16,57,0.06490248733820114,0.03245124366910057,0.017280451739906878,0.0
exchange,704,8,57,0.06324584140090705,0.03162292070045353,0.01604247340088169,0.0
exchange,705,8,57,0.055832120185000944,0.027916060092500472,0.01418116817089949,0.0
exchange,706,8,57,0.04385034688686795,0.021925173443433976,0.011126020377555586,0.0
exchange,707,8,57,0.06461072675992718,0.03230536337996359,0.01639616766702531,0.0
exchange,708,16,57,0.11820638544597956,0.05910319272298978,0.030331120123798648,0.0
exchange,709,8,57,0.040697118343320016,0.020348559171660008,0.010323717396686758,0.0
exchange,710,8,57,0.05016426538602092,0.02508213269301046,0.01270044943038907,0.0
exchange,711,8,57,0.04704784465037937,0.023523922325189683,0.011940222260854567,0.0
exchange,712,8,57,0.053501887654530456,0.026750943827265228,0.013578176173651965,0.0
exchange,713,16,57,0.14371982105353848,0.07185991052676924,0.03656314617301335,0.0
exchange,714,16,57,0.08912772719307682,0.04456386359653841,0.023244291559429423,0.0
exchange,715,8,57,0.06123263281613911,0.030616316408069555,0.015526538380713453,0.0
exchange,716,8,57,0.05072060183015947,0.025360300915079736,0.012862558801059569,0.0
exchange,717,24,57,0.22029001209087418,0.11014500604543709,0.050002936091238154,0.0
exchange,718,24,57,0.17463729280648743,0.08731864640324372,0.03740895755421888,4.988741811318143e-07
exchange,719,8,57,0.06709413396086095,0.03354706698043047,0.017037667488854005,0.0
exchange,720,16,57,0.09807826954262533,0.049039134771312665,0.025378966206281224,0.0
exchange,721,24,57,0.12456300615413962,0.06228150307706981,0.023515299567483494,3.955711012981755e-05
exchange,722,16,57,0.13087376088800573,0.06543688044400287,0.0333843906315102,0.0
exchange,723,16,57,0.12607000176562355,0.06303500088281178,0.03219337428347761,0.0
exchange,724,8,57,0.057438277626487344,0.028719138813243672,0.014574999458569025,0.0
exchange,725,8,57,0.05459623884419296,0.02729811942209648,0.013856182118632475,0.0
exchange,726,24,57,0.11442066331159573,0.057210331655797864,0.021640041909878033,3.57934783319358e-05
exchange,727,24,57,0.23196734081464027,0.11598367040732013,0.05200080129963475,0.0
exchange,728,24,57,0.12795880975839125,0.06397940487919562,0.023775478898598892,0.0
exchange,729,8,57,0.059320715734145546,0.029660357867072773,0.015057672019071842,0.0
exchange,730,16,57,0.044947151016076825,0.022473575508038413,0.012184469650579658,0.0
exchange,731,24,57,0.17689534189217454,0.08844767094608727,0.03924670893902916,1.257338262211638e-05
exchange,732,8,57,0.06308307003080316,0.03154153501540158,0.016008004187662087,0.0
exchange,733,8,57,0.08485753961229148,0.04242876980614574,0.021540053362689184,0.0
exchange,734,8,57,0.05326824581858691,0.026634122909293456,0.013509942440693493,0.0
exchange,735,8,57,0.048785673212067504,0.024392836606033752,0.01236277648108156,0.0
exchange,736,16,57,0.09927517052053081,0.049637585260265404,0.025387857399209873,0.0
exchange,737,8,57,0.08634161662220519,0.04317080831110259,0.02188368571494519,0.0
exchange,738,16,57,0.06335863758443638,0.03167931879221819,0.01691782535163772,0.0
exchange,739,8,57,0.07640117449578421,0.038200587247892104,0.019388507032435994,0.0
exchange,740,16,57,0.13938462702889287,0.06969231351444644,0.03538556843092484,0.0
exchange,741,24,57,0.1586378785071043,0.07931893925355216,0.03456797237961412,0.0
exchange,742,24,57,0.1678861098913348,0.0839430549456674,0.036079431511809944,2.5830505526736047e-06
exchange,743,24,57,0.2301057282591319,0.11505286412956595,0.05241767088159596,0.0
exchange,744,24,57,0.21574154647183774,0.10787077323591887,0.048625172456642725,1.090711017248669e-05
exchange,745,8,57,0.07606689510461517,0.03803344755230759,0.019288796896240207,0.0
exchange,746,24,57,0.11389208925676775,0.056946044628383874,0.02067936366014345,2.3977552894405285e-05
exchange,747,16,57,0.106091737079902,0.053045868539951,0.027278235463261656,0.0
exchange,748,8,57,0.0452372592427307,0.02261862962136535,0.01147124947696202,0.0
exchange,749,24,57,0.21481102087655307,0.10740551043827654,0.04815925829488507,0.0
exchange,750,8,57,0.03447421449682153,0.017237107248410766,0.008743319135313649,0.0
exchange,751,24,57,0.1056399560832475,0.05281997804162375,0.019012234395304535,8.849329877658185e-06
exchange,752,8,57,0.05964463033220102,0.02982231516610051,0.015137809017963988,0.0
exchange,753,16,57,0.1241309057659109,0.06206545288295545,0.03177557361246595,0.0
exchange,754,24,57,0.21406500407126156,0.10703250203563078,0.04808532272188533,0.0
exchange,755,16,57,0.16130561295883944,0.08065280647941972,0.04095038885267372,0.0
exchange,756,24,57,0.12540448905443802,0.06270224452721901,0.025007833433159436,0.0
exchange,757,16,57,0.026043286387860465,0.013021643193930232,0.005960856810215637,4.7321327545368774e-07
exchange,758,8,57,0.049232607719942756,0.024616303859971378,0.012489647493700634,0.0
exchange,759,16,57,0.11400590958850909,0.057002954794254546,0.029042524086671188,0.0
exchange,760,16,57,0.1385731794618006,0.0692865897309003,0.03507326803704119,0.0
exchange,761,24,57,0.1929632142008083,0.09648160710040415,0.0438236283370987,2.5181759709669294e-06
exchange,762,16,57,0.09426671497353545,0.047133357486767724,0.02444633708355672,0.0
exchange,763,24,57,0.1805919633495393,0.09029598167476965,0.03988098604309156,2.617525739823101e-05
exchange,764,8,57,0.07710501628178212,0.03855250814089106,0.01956506125495601,0.0
exchange,765,8,57,0.06399519529378728,0.03199759764689364,0.016245359458198917,0.0
exchange,766,16,57,0.12930942971888837,0.06465471485944418,0.03280738453844561,0.0
exchange,767,16,57,0.0771849200596536,0.0385924600298268,0.020090772037638427,0.0
exchange,768,16,57,0.08983970275092457,0.04491985137546228,0.023278399500051852,0.0
exchange,769,24,57,0.13184783619719653,0.06592391809859827,0.027028123380000085,3.365712639358254e-05
exchange,770,16,57,0.045184096141471786,0.022592048070735893,0.012241883104673614,0.0
exchange,771,24,57,0.08047188229103353,0.04023594114551676,0.01385497645591582,3.534751921185908e-05
exchange,772,8,57,0.06542829330842648,0.03271414665421324,0.016598534913811247,0.0
exchange,773,24,57,0.06531291296211028,0.03265645648105514,0.011361624343822294,1.8450100355615895e-05
exchange,774,8,57,0.07884384297137192,0.03942192148568596,0.019979015830326186,0.0
exchange,775,8,57,0.07745311946154176,0.03872655973077088,0.019658267239200257,0.0
exchange,776,24,57,0.07717962046301174,0.03858981023150587,0.013359238748416002,0.0
exchange,777,16,57,0.10153609511404682,0.05076804755702341,0.026152335295381465,0.0
exchange,778,24,57,0.16305341296356712,0.08152670648178356,0.03605913507482058,0.0
exchange,779,8,57,0.06908102422542184,0.03454051211271092,0.01751431356345835,0.0
exchange,780,16,57,0.13190016080461342,0.06595008040230671,0.03359326408213326,0.0
exchange,781,16,57,0.08807587268103079,0.04403793634051539,0.02288011570442394,0.0
exchange,782,8,57,0.050068260637884054,0.025034130318942027,0.012706049062795176,0.0
exchange,783,16,57,0.09954282768231903,0.04977141384115952,0.02576711866647799,0.0
exchange,784,8,57,0.0661678408235814,0.0330839204117907,0.016796555546825128,0.0
exchange,785,24,57,0.08718598706891523,0.043592993534457614,0.015103830417459841,0.0
exchange,786,8,57,0.07261111599892389,0.036305557999461946,0.01843176984477794,0.0
exchange,787,24,57,0.16610105483227267,0.08305052741613633,0.03689358671180371,1.253365417552832e-05
exchange,788,8,57,0.062409445343171166,0.031204722671585583,0.01583482461905895,0.0
exchange,789,8,57,0.06837798880060886,0.03418899440030443,0.017355691578654537,0.0
exchange,790,24,57,0.05136099818707629,0.025680499093538145,0.00931625527952166,0.0
exchange,791,24,57,0.23985272014241965,0.11992636007120983,0.05496013990246702,0.0
exchange,792,16,57,0.11466276649783125,0.057331383248915624,0.029391605639748682,0.0
exchange,793,24,57,0.08632446301323349,0.043162231506616744,0.014946329810659312,3.260337506194588e-05
exchange,794,8,57,0.06894045407169969,0.03447022703584984,0.017485769198947697,0.0
exchange,795,16,57,0.12680514021341016,0.06340257010670508,0.03235100357462462,0.0
exchange,796,8,57,0.05595120105382512,0.02797560052691256,0.014191913366451809,0.0
exchange,797,24,57,0.10783799226094215,0.053918996130471075,0.021246942963658796,9.581346370635124e-06
exchange,798,8,57,0.07947889130753305,0.039739445653766525,0.020145469231846087,0.0
exchange,799,24,57,0.2336266354877372,0.1168133177438686,0.05229134038395331,1.4130765990660876e-05
exchange,800,16,57,0.1338810132340007,0.06694050661700035,0.03409613820526579,0.0
exchange,801,16,57,0.10357153274283831,0.051785766371419156,0.02681914698433189,0.0
exchange,802,24,57,0.16560175319971915,0.08280087659985957,0.03652936533723398,0.0
exchange,803,8,57,0.043269973558671904,0.021634986779335952,0.010973977550361717,0.0
exchange,804,8,57,0.053916022552615406,0.026958011276307703,0.013685503310572887,0.0
exchange,805,8,57,0.07338600854570099,0.036693004272850493,0.018613070463942706,0.0
exchange,806,24,57,0.10427378374126561,0.05213689187063281,0.01876871550155018,4.686737513193151e-06
exchange,807,24,57,0.183086052417321,0.0915430262086605,0.03886574183295097,1.9741781125903746e-05
exchange,808,8,57,0.038180206942482586,0.019090103471241293,0.009694876353538497,0.0
exchange,809,24,57,0.16229803592376701,0.08114901796188351,0.03529007901021482,0.0
exchange,810,8,57,0.06325861254788723,0.031629306273943614,0.016049283638751778,0.0
exchange,811,8,57,0.052062613473291,0.0260313067366455,0.013210216519789991,0.0
exchange,812,8,57,0.056683200658135036,0.028341600329067518,0.014362285582392102,0.0
exchange,813,24,57,0.06001821642695793,0.030009108213478963,0.010778419253681983,0.0
exchange,814,16,57,0.08898922599898695,0.04449461299949348,0.02318320678923298,0.0
exchange,815,8,57,0.056010624999941694,0.028005312499970847,0.01420952755683823,0.0
exchange,816,16,57,0.12179863905837901,0.060899319529189505,0.0311778533861536,0.0
exchange,817,24,57,0.10462085988431336,0.05231042994215668,0.02023863200197537,0.0
exchange,818,8,57,0.0962425932394223,0.04812129661971115,0.02444975885479798,0.0
exchange,819,24,57,0.06968793736124357,0.034843968680621784,0.012082500301037635,0.0
exchange,820,24,57,0.13528527011149794,0.06764263505574897,0.0273407517863612,5.6117088753637745e-08
exchange,821,8,57,0.07887404357297778,0.03943702178648889,0.0200059028615303,0.0
exchange,822,24,57,0.09400317331455077,0.047001586657275385,0.017417690703450922,1.213548220441174e-05
exchange,823,16,57,0.09231675566276154,0.04615837783138077,0.023905076272513228,0.0
exchange,824,16,57,0.09816775217473706,0.04908387608736853,0.025504213155944613,0.0
exchange,825,24,57,0.07339200455692801,0.03669600227846401,0.012745801747879721,0.0
exchange,826,24,57,0.17652379099603738,0.08826189549801869,0.03893223713872606,0.0
exchange,827,8,57,0.08987041583064337,0.044935207915321684,0.022793422880582496,0.0
exchange,828,8,57,0.06900100280769272,0.03450050140384636,0.017488413222253193,0.0
exchange,829,8,57,0.06622557380901284,0.03311278690450642,0.016817313068575285,0.0
exchange,830,24,57,0.08735747590153331,0.043678737950766655,0.015516072071987777,3.7736921094877474e-05
exchange,831,24,57,0.08484239329684351,0.042421196648421755,0.014907561104714284,1.8597446889478952e-05
exchange,832,8,57,0.05337771326381391,0.026688856631906954,0.013540696198099517,0.0
exchange,833,16,57,0.08635244552057808,0.04317622276028904,0.02248336848708564,0.0
exchange,834,16,57,0.11948772131631802,0.05974386065815901,0.030690527074464166,0.0
exchange,835,8,57,0.04547111501482781,0.022735557507413906,0.011535202332311312,0.0
exchange,836,8,57,0.0633664082688572,0.0316832041344286,0.01606559427763548,0.0
exchange,837,24,57,0.16990569803889777,0.08495284901944888,0.03593592609247543,0.0
exchange,838,24,57,0.09176302370018996,0.04588151185009498,0.01582325724102346,2.8060377336380782e-05
exchange,839,16,57,0.08000572950958673,0.040002864754793366,0.02091302714923644,0.0
exchange,840,24,57,0.09294193473048551,0.046470967365242755,0.01625440015838715,0.0
exchange,841,24,57,0.03896561910733176,0.01948280955366588,0.009414900151469757,3.090060866961508e-05
exchange,842,16,57,0.09920025413806799,0.049600127069033995,0.025855611200145713,0.0
exchange,843,16,57,0.08783970772153799,0.04391985386076899,0.02287070088647048,0.0
exchange,844,8,57,0.05969312864158638,0.02984656432079319,0.01513526424063637,0.0
exchange,845,8,57,0.049269841920164925,0.024634920960082463,0.012497975409068494,0.0
exchange,846,24,57,0.23418107514109554,0.11709053757054777,0.053415519361828034,0.0
exchange,847,16,57,0.1334787214130514,0.0667393607065257,0.03385473122513917,0.0
exchange,848,16,57,0.04375035164068286,0.02187517582034143,0.008059895783018335,0.0
exchange,849,24,57,0.15800797099377156,0.07900398549688578,0.03350343362328453,0.0
exchange,850,8,57,0.0474555727280227,0.02372778636401135,0.012044530954600525,0.0
exchange,851,16,57,0.1250878568713133,0.06254392843565665,0.03201538655573471,0.0
exchange,852,16,57,0.14326181237205848,0.07163090618602924,0.03656157921581705,0.0
exchange,853,16,57,0.09853838582799213,0.04926919291399606,0.025462604031603053,0.0
exchange,854,16,57,0.07853170296540801,0.039265851482704006,0.02050004553659815,0.0
exchange,855,16,57,0.13736300751232916,0.06868150375616458,0.035083104346832365,0.0
exchange,856,8,57,0.05612458952397714,0.02806229476198857,0.014208457585433463,0.0
exchange,857,16,57,0.13188000914498677,0.06594000457249338,0.03347334901474328,0.0
exchange,858,24,57,0.13029453009077552,0.06514726504538776,0.02567878440999895,3.8666366090567283e-05
exchange,859,24,57,0.055891099892836915,0.027945549946418458,0.009669286384037462,0.0
exchange,860,8,57,0.05387531088222186,0.02693765544111093,0.013665328228984015,0.0
exchange,861,8,57,0.06846077090800928,0.03423038545400464,0.01736707432946588,0.0
exchange,862,16,57,0.09887785812730238,0.04943892906365119,0.025788283408304497,0.0
exchange,863,16,57,0.04724452778623056,0.02362226389311528,0.012781558321176932,0.0
exchange,864,8,57,0.042276243646006684,0.021138121823003342,0.010738190882644171,0.0
exchange,865,24,57,0.16290400793785265,0.08145200396892632,0.03482236882344686,6.214881002386541e-06
exchange,866,16,57,0.1458192298551546,0.0729096149275773,0.037090057206218496,0.0
exchange,867,16,57,0.12102324965925498,0.06051162482962749,0.031119281102244534,0.0
exchange,868,24,57,0.10666380403980408,0.05333190201990204,0.018929254260038456,4.26068246145439e-06
exchange,869,8,57,0.036397201950898905,0.018198600975449453,0.00923008948499262,0.0
exchange,870,8,57,0.058979293331185456,0.029489646665592728,0.014964106302627699,0.0
exchange,871,24,57,0.16479079355530157,0.08239539677765079,0.03364248347805152,0.0
exchange,872,24,57,0.2159654422535866,0.1079827211267933,0.04844210491392309,1.9837317512705344e-05
exchange,873,24,57,0.14242608472344098,0.07121304236172049,0.028718719592809593,0.0
exchange,874,24,57,0.10928862631229608,0.05464431315614804,0.02087002855773423,1.9611640658889762e-05
exchange,875,16,57,0.09811279069402012,0.04905639534701006,0.025447660242902067,0.0
exchange,876,8,57,0.03708564309181106,0.01854282154590553,0.009406502442603125,0.0
exchange,877,16,57,0.12373949534920237,0.06186974767460118,0.03158976207177895,0.0
exchange,878,24,57,0.12836022978633782,0.06418011489316891,0.02520682441095414,2.368119722900852e-05
exchange,879,16,57,0.12985388006748955,0.06492694003374477,0.03327271874565747,0.0
exchange,880,24,57,0.08349059573645656,0.04174529786822828,0.014668869631618618,0.0
exchange,881,16,57,0.12162878669375954,0.06081439334687977,0.031234997193569775,0.0
exchange,882,8,57,0.07036241635519591,0.035181208177597956,0.017845662231564117,0.0
exchange,883,8,57,0.059516250822488126,0.029758125411244063,0.015110225074234842,0.0
exchange,884,24,57,0.14727798416336135,0.07363899208168068,0.030898548644873094,3.5433541450413664e-05
exchange,885,24,57,0.10093164499040752,0.05046582249520376,0.017939859745775714,0.0
exchange,886,8,57,0.04690688198499304,0.02345344099249652,0.011897586514072148,0.0
exchange,887,24,57,0.10556455636177475,0.052782278180887376,0.020717032839571294,2.0267861947531607e-05
exchange,888,24,57,0.14857494190500808,0.07428747095250404,0.031213839806730863,2.784648493159292e-05
exchange,889,24,57,0.11641192588110577,0.058205962940552886,0.02140438293330224,0.0
exchange,890,16,57,0.12599354994610557,0.06299677497305278,0.03204180346503013,0.0
exchange,891,8,57,0.06961545648815026,0.03480772824407513,0.01765645552771134,0.0
exchange,892,24,57,0.16369367360028808,0.08184683680014404,0.03500059503548883,9.327675978387795e-06
exchange,893,16,57,0.15912367428677676,0.07956183714338838,0.040366823452753976,0.0
exchange,894,16,57,0.13625960292362216,0.06812980146181108,0.034584821869208436,0.0
exchange,895,24,57,0.20384773511013632,0.10192386755506816,0.04598239944309089,0.0
exchange,896,24,57,0.0639094070184521,0.03195470350922605,0.011255436437247501,0.0
exchange,897,24,57,0.04219597351469562,0.02109798675734781,0.009087464376422721,0.0
exchange,898,16,57,0.07267566144864446,0.03633783072432223,0.01916767012499,0.0
exchange,899,8,57,0.05429489160529455,0.027147445802647274,0.013767347237371027,0.0
exchange,900,24,57,0.15084205674943402,0.07542102837471701,0.03230582003197118,0.0
exchange,901,24,57,0.0716324621279798,0.0358162310639899,0.012342502875158966,4.3391123920821784e-05
exchange,902,8,57,0.08392008724688449,0.041960043623442245,0.021280787459620944,0.0
exchange,903,16,57,0.13264234163014588,0.06632117081507294,0.03369018836424673,0.0
exchange,904,24,57,0.08174085675083642,0.04087042837541821,0.014532526792730666,3.772418131831046e-05
exchange,905,24,57,0.10508854221733549,0.052544271108667745,0.019585055099848415,0.0
exchange,906,24,57,0.16836242196717421,0.08418121098358711,0.036849463517841144,4.153927203431884e-06
exchange,907,16,57,0.12019822866124874,0.06009911433062437,0.030801670907696196,0.0
exchange,908,24,57,0.09230643901713376,0.04615321950856688,0.016134140235550414,0.0
exchange,909,8,57,0.09268123193565858,0.04634061596782929,0.023519755469487872,0.0
exchange,910,8,57,0.0470543904987214,0.0235271952493607,0.011936321558432722,0.0
exchange,911,16,57,0.07268625690123787,0.03634312845061893,0.019204034843283632,0.0
exchange,912,24,57,0.13960971911731984,0.06980485955865992,0.028958057103081893,0.0
exchange,913,8,57,0.07656057670635497,0.03828028835317748,0.019419035177726317,0.0
exchange,914,24,57,0.21771940673193235,0.10885970336596618,0.04925211236331477,0.0
exchange,915,24,57,0.19851872322041253,0.09925936161020626,0.04447110651137156,3.058417215928699e-05
exchange,916,8,57,0.07261239956467369,0.036306199782336845,0.018407765937499477,0.0
exchange,917,16,57,0.12088136163692031,0.06044068081846016,0.030920954203419605,0.0
exchange,918,8,57,0.04331655169195292,0.02165827584597646,0.010986704526468645,0.0
exchange,919,24,57,0.1738320079202798,0.0869160039601399,0.037459717462928956,0.0
exchange,920,8,57,0.06396834359138226,0.03198417179569113,0.016214855212555775,0.0
exchange,921,16,57,0.13156518552699592,0.06578259276349796,0.03373057022821022,0.0
exchange,922,8,57,0.06599011237718011,0.032995056188590055,0.0167229510909855,0.0
exchange,923,8,57,0.06586593737322999,0.032932968686614994,0.016707076694384208,0.0
exchange,924,24,57,0.16269862887294728,0.08134931443647364,0.03606849957958266,0.0
exchange,925,24,57,0.22198907502784732,0.11099453751392366,0.050142078573397246,0.0
exchange,926,24,57,0.03821728522968554,0.01910864261484277,0.009960119992578922,1.2149170894371064e-05
exchange,927,16,57,0.11567234645012325,0.05783617322506163,0.02954791912480572,0.0
exchange,928,16,57,0.0996360246394169,0.04981801231970845,0.02602130643343004,0.0
exchange,929,8,57,0.06678414317113612,0.03339207158556806,0.01693787624905543,0.0
exchange,930,16,57,0.07737123406443158,0.03868561703221579,0.020169905246632192,0.0
exchange,931,24,57,0.22960031757992783,0.11480015878996391,0.052902044353780334,0.0
exchange,932,24,57,0.2194136515579329,0.10970682577896645,0.04952505720528797,2.186914756496794e-05
exchange,933,24,57,0.13481720609914183,0.06740860304957091,0.028152679610760175,0.0
exchange,934,8,57,0.0610359084628852,0.0305179542314426,0.015500946210286647,0.0
exchange,935,24,57,0.16459700423370027,0.08229850211685014,0.03426336213224062,0.0
exchange,936,16,57,0.10373869035989691,0.051869345179948456,0.02682497395015217,0.0
exchange,937,16,57,0.0944609875965603,0.04723049379828015,0.024408836733159186,0.0
exchange,938,8,57,0.05549224525693708,0.02774612262846854,0.014067483346810664,0.0
exchange,939,16,57,0.08875376828988013,0.044376884144940065,0.02309522843080378,0.0
exchange,940,24,57,0.21584304915614771,0.10792152457807386,0.0475246430708304,0.0
exchange,941,8,57,0.05231830228785095,0.026159151143925474,0.013285802836071454,0.0
exchange,942,8,57,0.08863694589780835,0.044318472948904175,0.022473502205115948,0.0
exchange,943,16,57,0.11581070249125969,0.057905351245629844,0.02959966093692034,0.0
exchange,944,8,57,0.04502247407192528,0.02251123703596264,0.011410146929758823,0.0
exchange,945,16,57,0.11130943705596585,0.05565471852798293,0.028608131804277234,0.0
exchange,946,24,57,0.17162457907278755,0.08581228953639378,0.036454979316601833,1.2299453279018824e-05
exchange,947,24,57,0.04475809094381111,0.022379045471905556,0.008606682080546789,2.7478464046715168e-05
exchange,948,24,57,0.13087755604279294,0.06543877802139647,0.02463348949234448,2.2969379539883317e-05
exchange,949,24,57,0.1676663608999699,0.08383318044998495,0.036200918643396106,0.0
exchange,950,24,57,0.1545907661609856,0.0772953830804928,0.03260120560137004,2.5643518883178285e-05
exchange,951,24,57,0.22574867299185875,0.11287433649592937,0.050606656876828894,2.4242978156285844e-05
exchange,952,8,57,0.06209153406269974,0.03104576703134987,0.01575641352915219,0.0
exchange,953,24,57,0.06305212188630727,0.03152606094315363,0.010780355821312057,0.0
exchange,954,8,57,0.08623156609360538,0.04311578304680269,0.02188049042891338,0.0
exchange,955,8,57,0.05005477726143159,0.025027388630715797,0.012696593064948648,0.0
exchange,956,24,57,0.0538155555092642,0.0269077777546321,0.009755274885829692,0.0
exchange,957,24,57,0.03307895291352536,0.01653947645676268,0.008508933734276289,1.9170128513490425e-05
exchange,958,16,57,0.15113983257422337,0.07556991628711168,0.03838111696959361,0.0
exchange,959,16,57,0.11000612900159146,0.05500306450079573,0.02801951071463431,0.0
exchange,960,16,57,0.028324230782190374,0.014162115391095187,0.006487073559139113,2.0207175860986748e-05
exchange,961,8,57,0.05741626763911312,0.02870813381955656,0.014577368399436885,0.0
exchange,962,24,57,0.08788412143268687,0.043942060716343434,0.015299107809264207,0.0
exchange,963,16,57,0.14150010349076647,0.07075005174538324,0.03625785478105645,0.0
exchange,964,24,57,0.127841793481286,0.063920896740643,0.025092335112634284,3.7305359263273274e-05
exchange,965,24,57,0.12052718150257391,0.060263590751286955,0.023620697021750764,1.7380491764584782e-05
exchange,966,24,57,0.043851659297328704,0.021925829648664352,0.010488145827096803,4.349958112381813e-05
exchange,967,8,57,0.05160195899606013,0.025800979498030063,0.01309565581845144,0.0
exchange,968,16,57,0.08227771212534774,0.04113885606267387,0.021473367384440598,0.0
exchange,969,24,57,0.24150293716469712,0.12075146858234856,0.05462649168853264,0.0
exchange,970,24,57,0.04303279779611424,0.02151639889805712,0.00885056835188985,1.4645255507539368e-05
exchange,971,24,57,0.11218211160791092,0.05609105580395546,0.02300144180665731,1.6571286758249038e-05
exchange,972,16,57,0.10571731882958152,0.05285865941479076,0.027277391262711274,0.0
exchange,973,16,57,0.12260596538895197,0.06130298269447598,0.030990638913808405,0.0
exchange,974,16,57,0.10480954717148483,0.052404773585742415,0.026792263505412514,0.0
exchange,975,16,57,0.12438604394742103,0.062193021973710516,0.03193209986521581,0.0
exchange,976,8,57,0.04958891697716428,0.02479445848858214,0.012590293607566872,0.0
exchange,977,24,57,0.21081783082153827,0.10540891541076913,0.047019178220227366,0.0
exchange,978,16,57,0.03534243307096718,0.01767121653548359,0.009193526854206982,0.0
exchange,979,8,57,0.06258946972205881,0.031294734861029405,0.01587684360097492,0.0
exchange,980,8,57,0.06908274211744292,0.03454137105872146,0.017537463453119167,0.0
exchange,981,24,57,0.13713140583616346,0.06856570291808173,0.027453455903823556,0.0
exchange,982,24,57,0.09587692252945812,0.04793846126472906,0.01716091065596066,0.0
exchange,983,16,57,0.12886759715105445,0.06443379857552722,0.03293294248099736,0.0
exchange,984,16,57,0.1292678679361331,0.06463393396806655,0.0330759812301842,0.0
exchange,985,8,57,0.07147444558574534,0.03573722279287267,0.018136753186882435,0.0
exchange,986,24,57,0.21778190909453288,0.10889095454726644,0.049620982938188465,0.0
exchange,987,16,57,0.11800608949236957,0.059003044746184785,0.030110675480475326,0.0
exchange,988,8,57,0.06988567537034018,0.03494283768517009,0.01773583896253567,0.0
exchange,989,16,57,0.12331807024408303,0.06165903512204152,0.031440456939413074,0.0
exchange,990,24,57,0.08991344004793111,0.04495672002396556,0.015665965940097434,0.0
exchange,991,16,57,0.11707165346908166,0.05853582673454083,0.030088152243576333,0.0
exchange,992,24,57,0.10764830319855245,0.053824151599276226,0.021341708863779358,3.095339624292759e-05
exchange,993,24,57,0.15228990167401918,0.07614495083700959,0.031166859846094224,8.196291557793778e-06
exchange,994,24,57,0.18463206356422568,0.09231603178211284,0.041050644623828875,0.0
exchange,995,24,57,0.1659963803583261,0.08299819017916304,0.03642160274907648,0.0
exchange,996,8,57,0.0769600409417599,0.03848002047087995,0.019527180912228822,0.0
exchange,997,24,57,0.23362628358326454,0.11681314179163227,0.05327496128595039,0.0
exchange,998,16,57,0.11212467279853633,0.056062336399268164,0.028639378545700585,0.0
exchange,999,24,57,0.16667378623459356,0.08333689311729678,0.036453443999688966,0.0
exchange,1000,8,57,0.07277791075171491,0.03638895537585746,0.018472458114356292,0.0
exchange,1001,8,57,0.042778090136144975,0.021389045068072488,0.01086088916202147,0.0
exchange,1002,8,57,0.051479234273330676,0.025739617136665338,0.013060186822252311,0.0
exchange,1003,24,57,0.10136964162433615,0.050684820812168074,0.019843610897958032,1.8866015200069697e-06
exchange,1004,16,57,0.1592981462758304,0.0796490731379152,0.040278041930880255,0.0
exchange,1005,16,57,0.030536865895848142,0.015268432947924071,0.007282090653715418,0.0
exchange,1006,16,57,0.11219793431492442,0.05609896715746221,0.028779543333900003,0.0
exchange,1007,8,57,0.04230108567625146,0.02115054283812573,0.0107276301256202,0.0
exchange,1008,8,57,0.045700934946830585,0.022850467473415292,0.011603505639700532,0.0
exchange,1009,16,57,0.09442475722009269,0.047212378610046346,0.02444682763034593,0.0
exchange,1010,8,57,0.0728235319291256,0.0364117659645628,0.01846110354891865,0.0
exchange,1011,24,57,0.24068081598677232,0.12034040799338616,0.05591289280569583,0.0
exchange,1012,16,57,0.15867315366303802,0.07933657683151901,0.04018709328940821,0.0
exchange,1013,8,57,0.038833701108146434,0.019416850554073217,0.009851974220763811,0.0
exchange,1014,24,57,0.13332303670178036,0.06666151835089018,0.027432831068413398,3.6722001852673714e-06
exchange,1015,8,57,0.067151846456045,0.0335759232280225,0.017044597466503643,0.0
exchange,1016,16,57,0.12496203623303526,0.06248101811651763,0.032101091544487884,0.0
exchange,1017,24,57,0.1646734025546811,0.08233670127734055,0.035794707399942484,0.0
exchange,1018,8,57,0.05550043425316187,0.027750217126580934,0.014078335197294343,0.0
exchange,1019,16,57,0.13154916775948933,0.06577458387974466,0.033641621669897856,0.0
exchange,1020,16,57,0.11604179751883792,0.05802089875941896,0.029662359403631086,0.0
exchange,1021,8,57,0.08728333485970641,0.043641667429853204,0.02214982295446789,0.0
exchange,1022,8,57,0.05503244930642459,0.027516224653212296,0.013948422317717157,0.0
exchange,1023,24,57,0.13078766394663766,0.06539383197331883,0.026961471746816266,4.2936480095789875e-06
exchange,0,24,113,0.18295097514492692,0.09147548757246346,0.03967186413493393,0.0
exchange,1,8,113,0.04636316757135006,0.02318158378567503,0.011659786891484952,0.0
exchange,2,16,113,0.07432704386201416,0.03716352193100708,0.01953583866155829,0.0
exchange,3,16,113,0.11766088699745603,0.05883044349872801,0.029725738163846327,0.0
exchange,4,24,113,0.06440388470598035,0.032201942352990176,0.010897060285436003,0.0
exchange,5,16,113,0.11312526415971846,0.05656263207985923,0.02879061419683531,0.0
exchange,6,8,113,0.07046220422184757,0.035231102110923784,0.01772812925015627,0.0
exchange,7,16,113,0.0812196381915824,0.0406098190957912,0.02089935378059155,0.0
exchange,8,8,113,0.058459385616958626,0.029229692808479313,0.014689712098020901,0.0
exchange,9,16,113,0.09800680025139469,0.049003400125697344,0.02514463573170749,0.0
exchange,10,24,113,0.1910616537355604,0.0955308268677802,0.04204709626758335,4.554231264164432e-06
exchange,11,8,113,0.06326747470341354,0.03163373735170677,0.015920614772480877,0.0
exchange,12,8,113,0.08200971514551969,0.041004857572759845,0.02062303028151083,0.0
exchange,13,16,113,0.13324083317586377,0.06662041658793189,0.03365498258744612,0.0
exchange,14,16,113,0.08996465419776323,0.044982327098881614,0.023128612759971915,0.0
exchange,15,16,113,0.083697257176916,0.041848628588458,0.021649546215869328,0.0
exchange,16,24,113,0.1572738438503336,0.0786369219251668,0.03199570266902468,0.0
exchange,17,8,113,0.06577414280086735,0.032887071400433676,0.01656134370927273,0.0
exchange,18,24,113,0.20896963124217371,0.10448481562108686,0.04767458903650327,0.0
exchange,19,16,113,0.10044576457814902,0.05022288228907451,0.02571296749319471,0.0
exchange,20,8,113,0.062115058377019916,0.031057529188509958,0.015633263174353703,0.0
exchange,21,24,113,0.17050977302161408,0.08525488651080704,0.03706204842604723,0.0
exchange,22,8,113,0.052038072814193925,0.026019036407096963,0.01309531976328322,0.0
exchange,23,16,113,0.10522965538030449,0.052614827690152244,0.02682377428299307,0.0
exchange,24,24,113,0.08961317059242524,0.04480658529621262,0.015693779334257044,0.0
exchange,25,24,113,0.05946696788132899,0.029733483940664496,0.010670976766879288,4.0328270246581255e-06
exchange,26,8,113,0.041430716728375616,0.020715358364187808,0.010422828679643517,0.0
exchange,27,8,113,0.04356813000304882,0.02178406500152441,0.010950684650107649,0.0
exchange,28,24,113,0.1790029056563457,0.08950145282817284,0.039007610907217403,0.0
exchange,29,24,113,0.17482754694438418,0.08741377347219209,0.03665655275663655,4.033499413358399e-07
exchange,30,8,113,0.046031757942943896,0.023015878971471948,0.011585183481581444,0.0
exchange,31,16,113,0.0698849167718969,0.03494245838594845,0.018417909862903207,0.0
exchange,32,24,113,0.2346081450131261,0.11730407250656305,0.05237998871492378,0.0
exchange,33,16,113,0.109142597451514,0.054571298725757,0.027727495231909385,0.0
exchange,34,8,113,0.05056460908828897,0.025282304544144485,0.012720115709385542,0.0
exchange,35,16,113,0.06368407413475485,0.03184203706737743,0.016646605672698534,0.0
exchange,36,16,113,0.057758664910291024,0.028879332455145512,0.015471065945671188,0.0
exchange,37,8,113,0.08294355445381685,0.041471777226908424,0.020856178005968166,0.0
exchange,38,16,113,0.10403330543370154,0.05201665271685077,0.026558210594785078,0.0
exchange,39,16,113,0.07399189478741042,0.03699594739370521,0.019253698401692228,0.0
exchange,40,8,113,0.08258061225612001,0.041290306128060006,0.020771376906831167,0.0
exchange,41,24,113,0.12704228601157835,0.06352114300578918,0.026062923403997407,2.1714852480037017e-06
exchange,42,24,113,0.20089317472192814,0.10044658736096407,0.044755527014354916,0.0
exchange,43,24,113,0.1957597313595093,0.09787986567975465,0.042269058015034236,0.0
exchange,44,16,113,0.07309987383218508,0.03654993691609254,0.019122787250177502,0.0
exchange,45,24,113,0.22040433497695533,0.11020216748847766,0.04783981662117538,3.0864746941583476e-06
exchange,46,24,113,0.10739937016379797,0.053699685081898985,0.019578022181473084,0.0
exchange,47,16,113,0.10216245562873288,0.05108122781436644,0.02621756819481037,0.0
exchange,48,16,113,0.06398645785203327,0.03199322892601664,0.01673985019839032,0.0
exchange,49,16,113,0.11704848096661191,0.058524240483305956,0.029620558881745224,0.0
exchange,50,8,113,0.0570203023169058,0.0285101511584529,0.014351367365689023,0.0
exchange,51,24,113,0.1168080016037274,0.0584040008018637,0.02200493127285904,0.0
exchange,52,8,113,0.06448933822651459,0.032244669113257296,0.01621198334123592,0.0
exchange,53,24,113,0.13696493521832176,0.06848246760916088,0.028324795691393536,8.204583303417223e-06
exchange,54,8,113,0.04759936648416052,0.02379968324208026,0.011966847967680352,0.0
exchange,55,8,113,0.09171221102639748,0.04585610551319874,0.02306497346824301,0.0
exchange,56,8,113,0.07261249266023806,0.03630624633011903,0.01825677458252848,0.0
exchange,57,16,113,0.14418242675776083,0.07209121337888041,0.03639481723818723,0.0
exchange,58,24,113,0.20909054549150552,0.10454527274575276,0.046688663673231365,0.0
exchange,59,16,113,0.10673900027932459,0.053369500139662296,0.02699548349404595,0.0
exchange,60,8,113,0.05856199014547314,0.02928099507273657,0.01472441888192434,0.0
exchange,61,8,113,0.08693019532950885,0.043465097664754426,0.021868102962137183,0.0
exchange,62,8,113,0.07387411946351152,0.03693705973175576,0.018575506171087254,0.0
exchange,63,16,113,0.08873902960239288,0.04436951480119644,0.02270807623595787,0.0
exchange,64,16,113,0.12527571555965156,0.06263785777982578,0.03181976973303918,0.0
exchange,65,8,113,0.06499432634423719,0.03249716317211859,0.016350562025040427,0.0
exchange,66,8,113,0.06548130543756403,0.032740652718782015,0.01645028037746169,0.0
exchange,67,8,113,0.06719319539116153,0.033596597695580765,0.016886372555867012,0.0
exchange,68,8,113,0.04859427862673016,0.02429713931336508,0.012233721943954666,0.0
exchange,69,24,113,0.1280636824457122,0.0640318412228561,0.024082956838118872,2.4018526346702984e-06
exchange,70,24,113,0.04638614862633261,0.023193074313166306,0.011010269297480483,1.6607678225977196e-06
exchange,71,24,113,0.14536466467168518,0.07268233233584259,0.0300859790955692,4.709437431471564e-06
exchange,72,8,113,0.06403169537024977,0.03201584768512489,0.016103493877918693,0.0
exchange,73,8,113,0.08428116358952498,0.04214058179476249,0.02121133039421823,0.0
exchange,74,16,113,0.026962827647020626,0.013481413823510313,0.00619465105440387,5.913885943176211e-07
exchange,75,24,113,0.11250431731671995,0.056252158658359974,0.020102742938726378,0.0
exchange,76,24,113,0.10772491427507025,0.053862457137535125,0.019847123175239942,4.891784700089552e-06
exchange,77,8,113,0.05027299743795366,0.02513649871897683,0.012647236934913722,0.0
exchange,78,24,113,0.0969825472898167,0.04849127364490835,0.016517864192264718,0.0
exchange,79,8,113,0.06192374394885369,0.030961871974426847,0.015582162551163245,0.0
exchange,80,24,113,0.042131958987730256,0.021065979493865128,0.010006469551552166,0.0
exchange,81,8,113,0.07425349982806528,0.03712674991403264,0.018669198727594424,0.0
exchange,82,24,113,0.2313376215461091,0.11566881077305455,0.05199031190352901,0.0
exchange,83,24,113,0.19182383092840238,0.09591191546420119,0.04319900593140615,0.0
exchange,84,24,113,0.060873747411713475,0.030436873705856737,0.010443659961147142,3.875225669025539e-06
exchange,85,24,113,0.23534023501566048,0.11767011750783024,0.05289683888872798,0.0
exchange,86,16,113,0.0876279388933946,0.0438139694466973,0.022606765330297058,0.0
exchange,87,16,113,0.130773952458193,0.0653869762290965,0.03318284862280522,0.0
exchange,88,16,113,0.029216439626044033,0.014608219813022016,0.006983129017317919,0.0
exchange,89,8,113,0.05680150110554316,0.02840075055277158,0.014266452061917118,0.0
exchange,90,16,113,0.0486691358226663,0.02433456791133315,0.01311487248185568,0.0
exchange,91,16,113,0.11358449403977511,0.056792247019887554,0.02904712743433095,0.0
exchange,92,16,113,0.1368556862331065,0.06842784311655326,0.03419751572058196,0.0
exchange,93,8,113,0.07794899798622046,0.03897449899311023,0.019612690615413885,0.0
exchange,94,24,113,0.12090100746627808,0.06045050373313904,0.02463938727877707,0.0
exchange,95,8,113,0.06349582489849936,0.03174791244924968,0.015957166405877486,0.0
exchange,96,8,113,0.0619419440462714,0.0309709720231357,0.01554910035709906,0.0
exchange,97,8,113,0.06988404956376981,0.034942024781884906,0.01757074874691366,0.0
exchange,98,16,113,0.11196109392685027,0.05598054696342514,0.028540275351914533,0.0
exchange,99,8,113,0.0635195939425851,0.03175979697129255,0.015980907555834225,0.0
exchange,100,8,113,0.06599145786903216,0.03299572893451608,0.016597439465686897,0.0
exchange,101,24,113,0.14153726209391027,0.07076863104695513,0.02864013324524039,0.0
exchange,102,8,113,0.06876373196569774,0.03438186598284887,0.017302146784838237,0.0
exchange,103,8,113,0.04123569356131718,0.02061784678065859,0.010371838799169109,0.0
exchange,104,8,113,0.06213188476096143,0.031065942380480716,0.015629630573685008,0.0
exchange,105,24,113,0.22421970327466978,0.11210985163733489,0.05061826918529752,0.0
exchange,106,16,113,0.13433722712794505,0.06716861356397252,0.03391751509121372,0.0
exchange,107,8,113,0.04975254827985098,0.02487627413992549,0.012509350707144287,0.0
exchange,108,24,113,0.07516296687312629,0.037581483436563146,0.012649269520647505,0.0
exchange,109,8,113,0.09895833764232775,0.04947916882116388,0.02489624904038434,0.0
exchange,110,16,113,0.15360869712840863,0.07680434856420432,0.038561767055481984,0.0
exchange,111,24,113,0.1297181514207283,0.06485907571036414,0.026007223421516783,0.0
exchange,112,8,113,0.05117835098978274,0.02558917549489137,0.012868286165956085,0.0
exchange,113,24,113,0.08883100756359452,0.04441550378179726,0.01539925542819322,0.0
exchange,114,8,113,0.046859194044312935,0.023429597022156468,0.011797265294450403,0.0
exchange,115,16,113,0.10290884227946584,0.05145442113973292,0.026143073641567698,0.0
exchange,116,16,113,0.09646690458687324,0.04823345229343662,0.024610755514142116,0.0
exchange,117,16,113,0.12808767800222387,0.06404383900111194,0.032296580822860285,0.0
exchange,118,16,113,0.1595027341562879,0.07975136707814395,0.04005067140897403,0.0
exchange,119,16,113,0.083322580893461,0.0416612904467305,0.021588326757959738,0.0
exchange,120,8,113,0.06589742637314411,0.032948713186572054,0.016589456498705104,0.0
exchange,121,8,113,0.0862543091921778,0.0431271545960889,0.02170670327310468,0.0
exchange,122,16,113,0.1157121920908778,0.0578560960454389,0.029276975247185217,0.0
exchange,123,16,113,0.14357785108563598,0.07178892554281799,0.03622884351005175,0.0
exchange,124,8,113,0.04675518307711035,0.023377591538555176,0.011749428421482123,0.0
exchange,125,8,113,0.07658575764710374,0.03829287882355187,0.019248210537387053,0.0
exchange,126,24,113,0.1503624699322123,0.07518123496610615,0.031991444551409245,0.0
exchange,127,16,113,0.10952719762999819,0.05476359881499909,0.027740213060195803,0.0
exchange,128,16,113,0.10678749613834837,0.053393748069174185,0.027284800169274454,0.0
exchange,129,16,113,0.07598703333311374,0.03799351666655687,0.01969890883618707,0.0
exchange,130,24,113,0.08586778423213526,0.04293389211606763,0.014508795575548256,3.69233294383875e-07
exchange,131,16,113,0.030263456644962772,0.015131728322481386,0.007294969562650505,0.0
exchange,132,16,113,0.07253680207336466,0.03626840103668233,0.0191645459721029,0.0
exchange,133,16,113,0.11958368195339619,0.059791840976698096,0.030156934101360288,0.0
exchange,134,8,113,0.05057219498010679,0.025286097490053394,0.012716962043026908,0.0
exchange,135,24,113,0.2342915617717526,0.1171457808858763,0.05259190605198634,0.0
exchange,136,8,113,0.08323170901909671,0.041615854509548356,0.020930217060102844,0.0
exchange,137,24,113,0.09240556780819598,0.04620278390409799,0.015883538967853123,9.904398231785905e-06
exchange,138,24,113,0.2099702069359205,0.10498510346796025,0.04667666690305521,0.0
exchange,139,8,113,0.05339650056225509,0.026698250281127545,0.013410599553669201,0.0
exchange,140,16,113,0.02021371676569872,0.01010685838284936,0.005097735920441685,0.0
exchange,141,24,113,0.2017150577092015,0.10085752885460075,0.04445739321731591,0.0
exchange,142,8,113,0.0641778135971045,0.03208890679855225,0.016150176513651044,0.0
exchange,143,8,113,0.048876367780140595,0.024438183890070297,0.012284013558908574,0.0
exchange,144,16,113,0.10460546788720071,0.052302733943600355,0.026782125125704177,0.0
exchange,145,24,113,0.13307061847004964,0.06653530923502482,0.025180841994904467,0.0
exchange,146,24,113,0.05305602120460895,0.026528010602304475,0.01312404367723381,0.0
exchange,147,16,113,0.1204594347231216,0.0602297173615608,0.030351421555215433,0.0
exchange,148,24,113,0.10422886376303153,0.052114431881515766,0.01932583367966714,5.851626627695339e-09
exchange,149,24,113,0.12803901051410416,0.06401950525705208,0.023331813183669885,5.600572006936311e-06
exchange,150,16,113,0.03208471090389742,0.01604235545194871,0.00786599263819265,3.4975817142512966e-07
exchange,151,16,113,0.11311018744159568,0.05655509372079784,0.028925138135022465,0.0
exchange,152,8,113,0.04732232414322801,0.023661162071614006,0.01190975278901617,0.0
exchange,153,16,113,0.04995303331907541,0.024976516659537706,0.01347979528426678,0.0
exchange,154,8,113,0.055658770169080274,0.027829385084540137,0.013998077436444753,0.0
exchange,155,16,113,0.07054170275520588,0.03527085137760294,0.018511417827969515,0.0
exchange,156,8,113,0.0871281569977459,0.04356407849887295,0.021912287678823125,0.0
exchange,157,8,113,0.07204439369548865,0.036022196847744326,0.018123351609471178,0.0
exchange,158,16,113,0.09383366749743233,0.046916833748716164,0.02409229969026715,0.0
exchange,159,8,113,0.0681307888860857,0.03406539444304285,0.017141487432918837,0.0
exchange,160,16,113,0.09198204229848395,0.04599102114924197,0.023801673859493052,0.0
exchange,161,24,113,0.19134796276184723,0.09567398138092362,0.041171125137328866,2.632790613354974e-06
exchange,162,24,113,0.10337562882779638,0.05168781441389819,0.01806740830259597,7.725802579905405e-06
exchange,163,8,113,0.054063978864034024,0.027031989432017012,0.013595128846227957,0.0
exchange,164,16,113,0.11055911272154623,0.05527955636077311,0.028191979850160375,0.0
exchange,165,16,113,0.11103509934565686,0.05551754967282843,0.028253176138023247,0.0
exchange,166,16,113,0.05638846854450996,0.02819423427225498,0.014919573166153863,0.0
exchange,167,24,113,0.05306167908725179,0.026530839543625895,0.01309583468055586,0.0
exchange,168,16,113,0.08283157723669243,0.041415788618346216,0.021128215316885433,0.0
exchange,169,8,113,0.07221899822387401,0.036109499111937005,0.01817190262023571,0.0
exchange,170,16,113,0.07444332876368037,0.037221664381840186,0.01952641612683737,0.0
exchange,171,24,113,0.1550863473867471,0.07754317369337355,0.031972694295902396,9.238249996823544e-06
exchange,172,24,113,0.16313097413920752,0.08156548706960376,0.0350503687280754,0.0
exchange,173,16,113,0.07938148654766986,0.03969074327383493,0.020479122908247112,0.0
exchange,174,16,113,0.12211688056243519,0.061058440281217596,0.03085644026556596,0.0
exchange,175,16,113,0.05233331124157492,0.02616665562078746,0.013930377961567,0.0
exchange,176,24,113,0.10841105576254595,0.054205527881272975,0.020992629199354004,1.2897590689897598e-06
exchange,177,8,113,0.049243254614481424,0.024621627307240712,0.012393676611486958,0.0
exchange,178,16,113,0.10265237760735857,0.051326188803679285,0.02626521757541516,0.0
exchange,179,24,113,0.05312246862262815,0.026561234311314075,0.009523847954330283,8.796707453573305e-07
exchange,180,8,113,0.048369362154008444,0.024184681077004222,0.012149208039158449,0.0
exchange,181,8,113,0.06484158912888072,0.03242079456444036,0.01630573617860384,0.0
exchange,182,8,113,0.061614693064144244,0.030807346532072122,0.015498367534932294,0.0
exchange,183,16,113,0.09878336610803506,0.04939168305401753,0.02526215737471118,0.0
exchange,184,24,113,0.14554125654976868,0.07277062827488434,0.030632377468561414,3.8098091214022745e-06
exchange,185,8,113,0.056674445042088406,0.028337222521044203,0.014257520071461579,0.0
exchange,186,24,113,0.07092324250894166,0.03546162125447083,0.012021439769346796,2.7856052530195186e-06
exchange,187,8,113,0.0771226791740065,0.03856133958700325,0.019399504113907708,0.0
exchange,188,16,113,0.12893939556326328,0.06446969778163164,0.032643212938050246,0.0
exchange,189,8,113,0.09418118157251698,0.04709059078625849,0.023681995757632628,0.0
exchange,190,8,113,0.06995167625498389,0.03497583812749194,0.017610690178155253,0.0
exchange,191,16,113,0.14187609231593512,0.07093804615796756,0.03548829230329353,0.0
exchange,192,24,113,0.13458230439163588,0.06729115219581794,0.025622910568063293,8.343107311237219e-06
exchange,193,8,113,0.05130035835419311,0.025650179177096555,0.012895898775614728,0.0
exchange,194,24,113,0.08024740983850975,0.04012370491925488,0.013869253371021342,9.445012092434979e-06
exchange,195,16,113,0.10651407852104855,0.053257039260524275,0.027287380951865014,0.0
exchange,196,16,113,0.09894251414253202,0.04947125707126601,0.025356211587702435,0.0
exchange,197,16,113,0.0894270826943041,0.04471354134715205,0.02320940309787412,0.0
exchange,198,24,113,0.22532374574600522,0.11266187287300261,0.04916266699553759,3.2118121662261245e-06
exchange,199,24,113,0.1852159191107312,0.0926079595553656,0.03813730769309134,0.0
exchange,200,24,113,0.12360447293639726,0.06180223646819863,0.02192228762830218,0.0
exchange,201,16,113,0.09032655961691233,0.045163279808456164,0.023497284857984666,0.0
exchange,202,16,113,0.11014666711280419,0.05507333355640209,0.02793158781726958,0.0
exchange,203,24,113,0.0320559741309564,0.0160279870654782,0.0075850065290933594,0.0
exchange,204,16,113,0.08654783574945113,0.043273917874725565,0.022418561365916398,0.0
exchange,205,16,113,0.10298262769944744,0.05149131384972372,0.02628843293049975,0.0
exchange,206,8,113,0.08571692490216942,0.04285846245108471,0.0215589541514032,0.0
exchange,207,16,113,0.13167154358544508,0.06583577179272254,0.03334807632364941,0.0
exchange,208,16,113,0.12882967558110686,0.06441483779055343,0.03267751093802481,0.0
exchange,209,24,113,0.15089923284684736,0.07544961642342368,0.03197721794406093,0.0
exchange,210,24,113,0.2026753701661364,0.1013376850830682,0.04397424840468115,3.5195739512272617e-06
exchange,211,16,113,0.1290960560445351,0.06454802802226756,0.032383346397517915,0.0
exchange,212,16,113,0.1281764598451225,0.06408822992256125,0.03267978642702963,0.0
exchange,213,16,113,0.08577000497884879,0.042885002489424395,0.02205057870579758,0.0
exchange,214,16,113,0.08458975184521955,0.042294875922609776,0.021819688016006752,0.0
exchange,215,8,113,0.07833908059186045,0.03916954029593023,0.01968337496524646,0.0
exchange,216,16,113,0.09896276356906925,0.04948138178453462,0.0253630672179776,0.0
exchange,217,16,113,0.06538741263266501,0.032693706316332505,0.017277517432974163,0.0
exchange,218,16,113,0.11508303237551398,0.05754151618775699,0.02928042000732483,0.0
exchange,219,16,113,0.14767381341517738,0.07383690670758869,0.03729621056131163,0.0
exchange,220,24,113,0.11015198953275906,0.05507599476637953,0.020346511024039702,6.057801287262521e-06
exchange,221,8,113,0.04731090258874593,0.023655451294372964,0.011900368985622014,0.0
exchange,222,8,113,0.1001761468093475,0.05008807340467375,0.025198196813291267,0.0
exchange,223,16,113,0.07261944974824774,0.03630972487412387,0.01911500963103298,0.0
exchange,224,24,113,0.1187319657071656,0.0593659828535828,0.023190983950618554,0.0
exchange,225,8,113,0.0886039301980075,0.04430196509900375,0.022276562484343475,0.0
exchange,226,16,113,0.08824830249515936,0.04412415124757968,0.022769260861390802,0.0
exchange,227,16,113,0.022311982605242753,0.011155991302621376,0.005256571535446406,0.0
exchange,228,16,113,0.03253250296010812,0.01626625148005406,0.008083415064469327,2.1637434357568708e-06
exchange,229,16,113,0.1233164513457563,0.06165822567287815,0.031052015888727497,0.0
exchange,230,16,113,0.09336893323298845,0.046684466616494225,0.02385416239469599,0.0
exchange,231,24,113,0.09005694690155297,0.045028473450776485,0.015483888324930379,4.923949325275068e-06
exchange,232,24,113,0.0933467419036067,0.04667337095180335,0.015771074856936514,3.836246730837267e-07
exchange,233,24,113,0.10705230238370189,0.053526151191850946,0.019204417812026725,0.0
exchange,234,16,113,0.14038120523406294,0.07019060261703147,0.035522009333394014,0.0
exchange,235,8,113,0.05174053539961243,0.025870267699806215,0.013011582866588689,0.0
exchange,236,24,113,0.12468352898132495,0.06234176449066248,0.02367031475247166,0.0
exchange,237,24,113,0.11719547529315388,0.05859773764657694,0.02229800231889784,0.0
exchange,238,24,113,0.03605624022410536,0.01802812011205268,0.008490619444424408,0.0
exchange,239,16,113,0.14679505556826555,0.07339752778413278,0.03682691358592221,0.0
exchange,240,8,113,0.06728179080898422,0.03364089540449211,0.01692543622982118,0.0
exchange,241,16,113,0.12327439103161664,0.06163719551580832,0.03103147071229802,0.0
exchange,242,8,113,0.09236864626921537,0.046184323134607685,0.023223192434809067,0.0
exchange,243,24,113,0.15990600274662492,0.07995300137331246,0.03361112862857931,6.160969210355915e-07
exchange,244,8,113,0.07773963106484139,0.03886981553242069,0.01955713517787821,0.0
exchange,245,8,113,0.03165414280402312,0.01582707140201156,0.007957705428171038,0.0
exchange,246,8,113,0.057917569346122355,0.028958784673061178,0.014575754835182059,0.0
exchange,247,24,113,0.10589554970612791,0.052947774853063956,0.019065746778665457,2.877530585809751e-06
exchange,248,24,113,0.08517722427482222,0.04258861213741111,0.01499872041187967,5.694855033211432e-06
exchange,249,24,113,0.19922787181721746,0.09961393590860873,0.043448545425341024,6.590577233289707e-06
exchange,250,8,113,0.08925820219011715,0.044629101095058576,0.022458030821181536,0.0
exchange,251,16,113,0.07601765640676683,0.038008828203383416,0.01962970631926278,0.0
exchange,252,8,113,0.05033305454378978,0.02516652727189489,0.01267208892077411,0.0
exchange,253,8,113,0.05436112803125992,0.02718056401562996,0.013675534996876352,0.0
exchange,254,16,113,0.15306980666001435,0.07653490333000718,0.03830840528689184,0.0
exchange,255,16,113,0.1096297495642441,0.05481487478212205,0.027883348141882144,0.0
exchange,256,16,113,0.15839312307495557,0.07919656153747778,0.03988092009290628,0.0
exchange,257,16,113,0.0788714055003763,0.03943570275018815,0.02053753870246822,0.0
exchange,258,16,113,0.11510122671264444,0.05755061335632222,0.02929200503729562,0.0
exchange,259,8,113,0.0602838873856707,0.03014194369283535,0.015170134287768559,0.0
exchange,260,24,113,0.24454143970289466,0.12227071985144733,0.055800210694968766,0.0
exchange,261,8,113,0.04710363215744939,0.023551816078724697,0.011844190690271534,0.0
exchange,262,16,113,0.11964542692311153,0.059822713461555765,0.03030388134917871,0.0
exchange,263,8,113,0.06379493930797986,0.03189746965398993,0.016051177386501567,0.0
exchange,264,16,113,0.0583344655729785,0.02916723278648925,0.015648553295416902,0.0
exchange,265,24,113,0.21530174163644322,0.10765087081822161,0.04703737211176021,0.0
exchange,266,16,113,0.07915479887100946,0.03957739943550473,0.02062450847793076,0.0
exchange,267,8,113,0.07054284027309454,0.03527142013654727,0.0177318935217126,0.0
exchange,268,8,113,0.0660792030554862,0.0330396015277431,0.016622169099070435,0.0
exchange,269,8,113,0.041560636690764485,0.020780318345382243,0.010445126535027946,0.0
exchange,270,8,113,0.08087204283345906,0.04043602141672953,0.020344096740678164,0.0
exchange,271,16,113,0.06095984864703741,0.030479924323518703,0.016029546103387173,0.0
exchange,272,16,113,0.09189522180694232,0.04594761090347116,0.02356614256688098,0.0
exchange,273,16,113,0.10619606465105375,0.05309803232552687,0.02709240212064611,0.0
exchange,274,16,113,0.1207421049517583,0.06037105247587915,0.030385005395042436,0.0
exchange,275,16,113,0.1022622524583418,0.0511311262291709,0.026341791074162627,0.0
exchange,276,16,113,0.10627610233556489,0.053138051167782446,0.027184609829530016,0.0
exchange,277,8,113,0.05604992668063602,0.02802496334031801,0.014096105388227306,0.0
exchange,278,24,113,0.08281665152851758,0.04140832576425879,0.014385114191319971,2.2231841497744043e-06
exchange,279,24,113,0.09734369086270511,0.048671845431352556,0.01712199344374412,0.0
exchange,280,16,113,0.11114879047755755,0.05557439523877877,0.02803827802791039,0.0
exchange,281,8,113,0.05031325561103117,0.025156627805515586,0.01266124520253165,0.0
exchange,282,24,113,0.14175589639864805,0.07087794819932403,0.029268114752024524,3.5737217962683587e-06
exchange,283,8,113,0.06738948056289684,0.03369474028144842,0.016968064560441014,0.0
exchange,284,8,113,0.05328202687487482,0.02664101343743741,0.013402392693323497,0.0
exchange,285,8,113,0.05650980537767658,0.02825490268883829,0.014219427276804981,0.0
exchange,286,24,113,0.08918492025858915,0.044592460129294575,0.015492393499925546,4.410648054120614e-06
exchange,287,8,113,0.04740953899482925,0.023704769497414624,0.011929672463636045,0.0
exchange,288,16,113,0.06526972155510469,0.032634860777552344,0.01711271660912318,0.0
exchange,289,16,113,0.12893379802309202,0.06446689901154601,0.03252410056021773,0.0
exchange,290,16,113,0.0955971133504182,0.0477985566752091,0.02475715136396058,0.0
exchange,291,8,113,0.07512207624070533,0.03756103812035266,0.018898802373470247,0.0
exchange,292,8,113,0.04582513739642757,0.022912568698213787,0.011520667437959953,0.0
exchange,293,16,113,0.10637501431454477,0.053187507157272385,0.027049514592494283,0.0
exchange,294,16,113,0.11249630030574254,0.05624815015287127,0.028510115317553916,0.0
exchange,295,24,113,0.1482986316340681,0.07414931581703404,0.031039751764412038,0.0
exchange,296,24,113,0.07390092835022943,0.03695046417511472,0.01252913609083321,0.0
exchange,297,8,113,0.07276495217988121,0.03638247608994061,0.018301872968172365,0.0
exchange,298,16,113,0.10721175673984973,0.053605878369924864,0.02751583675103214,0.0
exchange,299,16,113,0.12528967897434673,0.06264483948717336,0.03159091296795773,0.0
exchange,300,16,113,0.13725959461439974,0.06862979730719987,0.03479948616993733,0.0
exchange,301,16,113,0.04852421394729467,0.024262106973647335,0.013079195550873206,0.0
exchange,302,16,113,0.10728361893470062,0.05364180946735031,0.026839103961969125,0.0
exchange,303,24,113,0.13633186985031104,0.06816593492515552,0.028706361414182972,0.0
exchange,304,24,113,0.14285065379197825,0.07142532689598913,0.029503230955835524,5.1786347667892585e-06
exchange,305,8,113,0.07081467415767684,0.03540733707883842,0.017815108584731298,0.0
exchange,306,8,113,0.0668086731786014,0.0334043365893007,0.016811611978757805,0.0
exchange,307,24,113,0.058327727512323735,0.029163863756161867,0.010331754393619469,1.0175010953794583e-06
exchange,308,16,113,0.09554391892373293,0.047771959461866464,0.024517030615648167,0.0
exchange,309,8,113,0.06208565071817862,0.03104282535908931,0.015619052215247125,0.0
exchange,310,8,113,0.06712630227522776,0.03356315113761388,0.01689357080459896,0.0
exchange,311,16,113,0.07338869779090507,0.03669434889545253,0.01916922327509768,0.0
exchange,312,8,113,0.07718875440174144,0.03859437720087072,0.019421143792653448,0.0
exchange,313,8,113,0.07131268016463832,0.03565634008231916,0.01792010571485294,0.0
exchange,314,24,113,0.1196282112299003,0.05981410561495015,0.021550181276633214,4.059073748230446e-06
exchange,315,8,113,0.06135529424968611,0.030677647124843055,0.015431248447616569,0.0
exchange,316,16,113,0.14319314014976292,0.07159657007488146,0.03604984397171276,0.0
exchange,317,8,113,0.09107989161892693,0.04553994580946347,0.022917887090767523,0.0
exchange,318,8,113,0.06460496589226672,0.03230248294613336,0.016250548196218923,0.0
exchange,319,24,113,0.1827162063254716,0.0913581031627358,0.03850163937122929,1.8522927408559653e-07
exchange,320,24,113,0.09402470050226008,0.04701235025113004,0.016316232159048417,0.0
exchange,321,24,113,0.11654727297695233,0.058273636488476166,0.021119918037138974,0.0
exchange,322,8,113,0.04043734020856593,0.020218670104282965,0.010177145977648044,0.0
exchange,323,24,113,0.0908988968931489,0.04544944844657445,0.015560507853494674,1.934858825380914e-07
exchange,324,24,113,0.08894054606803248,0.04447027303401624,0.015120993186189136,0.0
exchange,325,16,113,0.10181785515502961,0.050908927577514806,0.02618216333626673,0.0
exchange,326,24,113,0.20838616394502707,0.10419308197251353,0.0452255963748248,1.4952071076823614e-06
exchange,327,16,113,0.09056486455165913,0.045282432275829565,0.023224091421942872,0.0
exchange,328,8,113,0.0727697736154247,0.03638488680771235,0.01831568257864494,0.0
exchange,329,8,113,0.04577799172993435,0.022888995864967177,0.011518141988192666,0.0
exchange,330,24,113,0.2494325185711791,0.12471625928558955,0.055823057209963584,0.0
exchange,331,16,113,0.058738867567347475,0.029369433783673737,0.015626446058535356,0.0
exchange,332,8,113,0.08009943211523196,0.04004971605761598,0.02013972463639592,0.0
exchange,333,24,113,0.12129658727137616,0.06064829363568808,0.02384674258656431,3.006249893244828e-06
exchange,334,24,113,0.10797997989610642,0.05398998994805321,0.018854449071305526,1.7146805678658339e-06
exchange,335,8,113,0.05156584421446253,0.025782922107231265,0.012963664978355202,0.0
exchange,336,8,113,0.05367568284867197,0.026837841424335984,0.013498167658818287,0.0
exchange,337,8,113,0.04274003523314329,0.021370017616571646,0.0107557238289108,0.0
exchange,338,24,113,0.06766738995426524,0.03383369497713262,0.011500359843657883,2.8927425285152353e-06
exchange,339,24,113,0.07732808979786476,0.03866404489893238,0.013118246970093084,0.0
exchange,340,24,113,0.18836586089866159,0.09418293044933079,0.040630463463153785,6.70869253643902e-06
exchange,341,8,113,0.06854232824749085,0.03427116412374542,0.01723180906836724,0.0
exchange,342,8,113,0.07379248129070237,0.036896240645351186,0.018561702665640546,0.0
exchange,343,24,113,0.06305061349435959,0.03152530674717979,0.011180038550450595,0.0
exchange,344,8,113,0.056918593096934034,0.028459296548467017,0.01430946782859256,0.0
exchange,345,24,113,0.0861061895835275,0.04305309479176375,0.01526786620852256,0.0
exchange,346,8,113,0.06110765047195832,0.03055382523597916,0.015368380639068396,0.0
exchange,347,24,113,0.213369537546664,0.106684768773332,0.04737142957387324,0.0
exchange,348,16,113,0.025372036543973464,0.012686018271986732,0.005837911599250664,0.0
exchange,349,8,113,0.07189405634773838,0.03594702817386919,0.018087321631357536,0.0
exchange,350,8,113,0.06094805664118774,0.03047402832059387,0.015322368198134338,0.0
exchange,351,24,113,0.12434135293369941,0.062170676466849706,0.024056172746030956,7.125245409245196e-07
exchange,352,8,113,0.04585152875949605,0.022925764379748026,0.011516171106557711,0.0
exchange,353,8,113,0.07385654069671932,0.03692827034835966,0.018576783041010736,0.0
exchange,354,8,113,0.07468168618377047,0.037340843091885234,0.018798912206575973,0.0
exchange,355,24,113,0.04872783313998996,0.02436391656999498,0.009750355890892619,1.6202819261290635e-06
exchange,356,8,113,0.04678189512833042,0.02339094756416521,0.01177490028594958,0.0
exchange,357,8,113,0.06595039704577577,0.03297519852288788,0.016597046240329906,0.0
exchange,358,16,113,0.06861275003224543,0.034306375016122714,0.01801481276455277,0.0
exchange,359,24,113,0.14588962698127783,0.07294481349063892,0.02925226130207217,9.317162146138536e-06
exchange,360,24,113,0.0803282892390692,0.0401641446195346,0.013650898839380676,8.194593586696719e-06
exchange,361,16,113,0.10975100501174218,0.05487550250587109,0.027939300643813208,0.0
exchange,362,24,113,0.16469590691245328,0.08234795345622664,0.03434522828164363,6.62940962159464e-06
exchange,363,8,113,0.049409052251364605,0.024704526125682302,0.012425268733168904,0.0
exchange,364,24,113,0.10847669829134371,0.054238349145671855,0.019448126908411446,0.0
exchange,365,8,113,0.040508763217755206,0.020254381608877603,0.010187928497148582,0.0
exchange,366,8,113,0.07121463484818247,0.035607317424091234,0.017913008397007664,0.0
exchange,367,16,113,0.14358364012828445,0.07179182006414223,0.0361309376484701,0.0
exchange,368,24,113,0.05806110815859855,0.029030554079299276,0.010825092394608863,0.0
exchange,369,24,113,0.07430223639272582,0.03715111819636291,0.01268311468273657,0.0
exchange,370,24,113,0.11322384527882978,0.05661192263941489,0.02244352831797642,4.971428337885442e-06
exchange,371,8,113,0.035379222619790984,0.017689611309895492,0.008896740279591671,0.0
exchange,372,24,113,0.10769772011157308,0.05384886005578654,0.019647938841699266,0.0
exchange,373,8,113,0.06344051786428917,0.031720258932144585,0.01595077106952448,0.0
exchange,374,24,113,0.07336220437206276,0.03668110218603138,0.012447945075737028,0.0
exchange,375,8,113,0.07230136186361202,0.03615068093180601,0.018183122661779842,0.0
exchange,376,24,113,0.15202143704468563,0.07601071852234281,0.031917734127409454,0.0
exchange,377,8,113,0.07508631993488613,0.03754315996744306,0.01885961464814491,0.0
exchange,378,16,113,0.06084172294031853,0.030420861470159266,0.01606565244946815,0.0
exchange,379,24,113,0.13229832750779336,0.06614916375389668,0.02456304403539937,0.0
exchange,380,8,113,0.052336739655967524,0.026168369827983762,0.013164103899777816,0.0
exchange,381,8,113,0.05029410899851805,0.025147054499259025,0.012652518655638533,0.0
exchange,382,16,113,0.029626078790831012,0.014813039395415506,0.006853311037988998,0.0
exchange,383,24,113,0.172959482595597,0.0864797412977985,0.038164199863684016,0.0
exchange,384,16,113,0.1177742475291827,0.05888712376459135,0.029878487393218665,0.0
exchange,385,24,113,0.2401035611257067,0.12005178056285334,0.053965821492126094,0.0
exchange,386,24,113,0.10449200433824468,0.05224600216912234,0.019005308951452436,1.394502676221876e-06
exchange,387,8,113,0.06065806555569142,0.03032903277784571,0.0152728162926696,0.0
exchange,388,24,113,0.10897011482905788,0.05448505741452894,0.019330470088272267,6.966632129901118e-06
exchange,389,16,113,0.11953909160501341,0.05976954580250671,0.03017759611692108,0.0
exchange,390,24,113,0.22634206305744276,0.11317103152872138,0.05056865652734681,0.0
exchange,391,8,113,0.06454068939693469,0.032270344698467346,0.016217930477653297,0.0
exchange,392,16,113,0.075914682727936,0.037957341363968,0.019875538795813767,0.0
exchange,393,16,113,0.09233357534224607,0.04616678767112303,0.02360598094022021,0.0
exchange,394,24,113,0.15603522155155836,0.07801761077577918,0.033054905819095745,0.0
exchange,395,8,113,0.059945457215838216,0.029972728607919108,0.01505933339305106,0.0
exchange,396,24,113,0.21324667368611294,0.10662333684305647,0.04848187711817642,0.0
exchange,397,24,113,0.059966385124379684,0.029983192562189842,0.010887421008857322,2.9058481010313386e-07
exchange,398,8,113,0.058028095173385474,0.029014047586692737,0.014587518454394663,0.0
exchange,399,16,113,0.06535893838514939,0.032679469192574695,0.017075274606651217,0.0
exchange,400,8,113,0.06733726625017233,0.03366863312508617,0.016931752812121156,0.0
exchange,401,16,113,0.13355653705329829,0.06677826852664914,0.03349121893996627,0.0
exchange,402,24,113,0.1342447986261962,0.0671223993130981,0.02665312253230333,2.2626763597211053e-06
exchange,403,16,113,0.06605365222028248,0.03302682611014124,0.017372804879861453,0.0
exchange,404,16,113,0.07141112399450833,0.035705561997254165,0.018676482131866172,0.0
exchange,405,8,113,0.037843508625568956,0.018921754312784478,0.009517660925404074,0.0
exchange,406,24,113,0.10700928595279002,0.05350464297639501,0.019771011870379152,4.878331683111359e-06
exchange,407,8,113,0.05573966066525615,0.027869830332628076,0.013992627281139468,0.0
exchange,408,16,113,0.11014786530187287,0.055073932650936436,0.02810698057989001,0.0
exchange,409,8,113,0.061475533529749105,0.030737766764874552,0.015463179270849073,0.0
exchange,410,8,113,0.06544330682758359,0.032721653413791796,0.01645713801787349,0.0
exchange,411,8,113,0.10332040269428266,0.05166020134714133,0.02597839290327212,0.0
exchange,412,8,113,0.047163873753601426,0.023581936876800713,0.011873248483880291,0.0
exchange,413,8,113,0.059547377627118925,0.029773688813559462,0.014964874384318589,0.0
exchange,414,8,113,0.08341999702087177,0.041709998510435886,0.02098257911943178,0.0
exchange,415,8,113,0.06616611004970552,0.03308305502485276,0.016617199270425907,0.0
exchange,416,16,113,0.11990759108674742,0.05995379554337371,0.03035649542693148,0.0
exchange,417,16,113,0.11498425012661467,0.05749212506330734,0.029341820342569463,0.0
exchange,418,16,113,0.10912146664346012,0.05456073332173006,0.02768437652439404,0.0
exchange,419,16,113,0.06695063749361219,0.03347531874680609,0.0176563649108614,0.0
exchange,420,24,113,0.1697295623355788,0.0848647811677894,0.03613073673735312,4.532816023694597e-06
exchange,421,24,113,0.12581833984160617,0.06290916992080309,0.02620169086046238,5.307209487215303e-06
exchange,422,8,113,0.06207762404534167,0.031038812022670836,0.015603751555126512,0.0
exchange,423,8,113,0.06623693378429407,0.033118466892147036,0.016669170403306774,0.0
exchange,424,16,113,0.15043732373826646,0.07521866186913323,0.03791269478432316,0.0
exchange,425,8,113,0.0643647858005213,0.03218239290026065,0.016194514284039917,0.0
exchange,426,8,113,0.06291429736751974,0.03145714868375987,0.0158410465766618,0.0
exchange,427,24,113,0.25181687224518495,0.12590843612259248,0.057814803167916415,0.0
exchange,428,8,113,0.06925074341868798,0.03462537170934399,0.01740800662134488,0.0
exchange,429,8,113,0.06986080849432552,0.03493040424716276,0.017574476195871692,0.0
exchange,430,8,113,0.09989887505935224,0.04994943752967612,0.025142073351098842,0.0
exchange,431,24,113,0.18394554080864023,0.09197277040432011,0.03968864047523127,0.0
exchange,432,16,113,0.06167619117454315,0.030838095587271575,0.016376575456391755,0.0
exchange,433,24,113,0.16631605027147506,0.08315802513573753,0.03500877418680978,7.260880383330726e-06
exchange,434,8,113,0.036709321511266046,0.018354660755633023,0.009219823301643717,0.0
exchange,435,16,113,0.07899117876189621,0.039495589380948104,0.020509295142013616,0.0
exchange,436,8,113,0.051286758704876645,0.025643379352438322,0.012901978499092083,0.0
exchange,437,8,113,0.0599862065985014,0.0299931032992507,0.015079569468979623,0.0
exchange,438,24,113,0.17818267734316107,0.08909133867158053,0.03735019126210324,3.7338355084459707e-06
exchange,439,8,113,0.04704022275747333,0.023520111378736663,0.011833966246975528,0.0
exchange,440,8,113,0.045229209041035556,0.022614604520517778,0.011371184849301068,0.0
exchange,441,24,113,0.1486497350338415,0.07432486751692075,0.031951209213753065,4.470058854955106e-06
exchange,442,24,113,0.2528285013120317,0.12641425065601586,0.056713861164414334,0.0
exchange,443,24,113,0.20927393416513906,0.10463696708256953,0.04599720239238419,5.293046255849809e-06
exchange,444,24,113,0.10445502353460018,0.05222751176730009,0.018415314998063176,0.0
exchange,445,16,113,0.1296197255099346,0.0648098627549673,0.03257322821008992,0.0
exchange,446,24,113,0.19178294595505785,0.09589147297752892,0.04263425830937458,1.5361765551280548e-06
exchange,447,8,113,0.0681517408592418,0.0340758704296209,0.0171508430260415,0.0
exchange,448,8,113,0.044068347937070484,0.022034173968535242,0.011083766323417142,0.0
exchange,449,16,113,0.11468385862675756,0.05734192931337878,0.0289216141211175,0.0
exchange,450,8,113,0.0683210391518837,0.03416051957594185,0.01717033863966029,0.0
exchange,451,16,113,0.12630321985233683,0.06315160992616842,0.03190805891016992,0.0
exchange,452,24,113,0.11553400054448437,0.057767000272242186,0.021275022845122983,8.099939307726345e-06
exchange,453,24,113,0.12336187161865514,0.06168093580932757,0.02216098375219457,8.42344627344227e-06
exchange,454,16,113,0.10245955198653034,0.05122977599326517,0.026115662200564313,0.0
exchange,455,8,113,0.04062247558048615,0.020311237790243075,0.010198060456477311,0.0
exchange,456,16,113,0.06313827688911267,0.03156913844455633,0.01660119780303343,0.0
exchange,457,8,113,0.05133477058966218,0.02566738529483109,0.012924052666049452,0.0
exchange,458,8,113,0.054171774833252306,0.027085887416626153,0.013632713325341106,0.0
exchange,459,8,113,0.05091980811481445,0.025459904057407223,0.012810547464889216,0.0
exchange,460,8,113,0.06686422986161444,0.03343211493080722,0.016818817935468817,0.0
exchange,461,8,113,0.06887522374723942,0.03443761187361971,0.017321591322368317,0.0
exchange,462,16,113,0.09615536871929897,0.048077684359649486,0.024828644917002988,0.0
exchange,463,8,113,0.06375613894131504,0.03187806947065752,0.016029344604011633,0.0
exchange,464,16,113,0.057089874069425006,0.028544937034712503,0.01528395358113403,0.0
exchange,465,16,113,0.04376902810807526,0.02188451405403763,0.008149459231304005,3.0335873517639556e-06
exchange,466,8,113,0.058369216720036476,0.029184608360018238,0.014690607662733524,0.0
exchange,467,8,113,0.061193377646957425,0.030596688823478713,0.015398801581950958,0.0
exchange,468,8,113,0.060565386259237464,0.030282693129618732,0.015223380236680632,0.0
exchange,469,8,113,0.05230216965628132,0.02615108482814066,0.01315902536261011,0.0
exchange,470,24,113,0.12928950943400697,0.06464475471700348,0.024501189084472103,0.0
exchange,471,8,113,0.05177310279286018,0.02588655139643009,0.013015495897231315,0.0
exchange,472,8,113,0.06856148802910345,0.03428074401455172,0.0172501229436136,0.0
exchange,473,16,113,0.07346486812721575,0.03673243406360788,0.01902294539775153,0.0
exchange,474,16,113,0.1293934295451853,0.06469671477259265,0.032693017074988596,0.0
exchange,475,8,113,0.056281014886902514,0.028140507443451257,0.01416217479654858,0.0
exchange,476,24,113,0.13248846110514856,0.06624423055257428,0.025613674110284364,0.0
exchange,477,16,113,0.14021987958688198,0.07010993979344099,0.035489195500882184,0.0
exchange,478,24,113,0.0944177843162115,0.04720889215810575,0.017364837297819853,0.0
exchange,479,16,113,0.0812259745197047,0.04061298725985235,0.021028491392158635,0.0
exchange,480,16,113,0.052584534903632685,0.026292267451816342,0.014046434731885148,0.0
exchange,481,16,113,0.1258256835454733,0.06291284177273665,0.03188960289458503,0.0
exchange,482,16,113,0.04339292963591451,0.021696464817957256,0.011576690903048668,0.0
exchange,483,16,113,0.0658048566979137,0.03290242834895685,0.017283631996001466,0.0
exchange,484,24,113,0.09873084008899491,0.049365420044497454,0.01673334455190083,6.024276573146636e-07
exchange,485,8,113,0.04426995344841189,0.022134976724205946,0.011129166028220826,0.0
exchange,486,24,113,0.09288415129835365,0.04644207564917682,0.016188636196645678,0.0
exchange,487,24,113,0.149651452329423,0.0748257261647115,0.030743571592980495,5.5652691753893535e-06
exchange,488,24,113,0.1650781845656485,0.08253909228282424,0.034987172491570184,0.0
exchange,489,24,113,0.10218782057576703,0.051093910287883515,0.018619513111997027,0.0
exchange,490,16,113,0.09199754621774175,0.04599877310887088,0.02382836787250161,0.0
exchange,491,8,113,0.051382135503837745,0.025691067751918872,0.012919694264424643,0.0
exchange,492,8,113,0.057091931693284526,0.028545965846642263,0.014371269495716845,0.0
exchange,493,24,113,0.059353987764592,0.029676993882296,0.01587163948413723,0.0
exchange,494,24,113,0.12405494609730461,0.062027473048652304,0.026572694655175748,0.0
exchange,495,24,113,0.1665566552419599,0.08327832762097995,0.03333060531787754,4.72360158826346e-06
exchange,496,8,113,0.06118184722384079,0.030590923611920395,0.015367640696238456,0.0
exchange,497,24,113,0.1656753975002102,0.0828376987501051,0.03527640470093104,0.0
exchange,498,16,113,0.04189168562144041,0.020945842810720205,0.011225333118354455,5.3933521786397876e-06
exchange,499,24,113,0.22902050965633314,0.11451025482816657,0.051901132039063914,0.0
exchange,500,24,113,0.23550542619608283,0.11775271309804142,0.05169520523117688,3.4986748222998187e-06
exchange,501,8,113,0.06079504625375498,0.03039752312687749,0.015273903293773488,0.0
exchange,502,24,113,0.10059479606778876,0.05029739803389438,0.0174199107890374,0.0
exchange,503,24,113,0.2351755603329036,0.1175877801664518,0.052857520689189245,0.0
exchange,504,16,113,0.0994146861118223,0.04970734305591115,0.025562465076788193,0.0
exchange,505,16,113,0.07225728669963427,0.036128643349817136,0.019003632907544046,0.0
exchange,506,8,113,0.08759809029753485,0.043799045148767424,0.022043036102088766,0.0
exchange,507,16,113,0.08387419402221236,0.04193709701110618,0.02182494637606294,0.0
exchange,508,24,113,0.10758911827748374,0.05379455913874187,0.018767384360247143,1.4839944392219806e-06
exchange,509,24,113,0.0601538435524267,0.03007692177621335,0.01100063612843463,1.1683537742668282e-05
exchange,510,8,113,0.03721595706105618,0.01860797853052809,0.00935260990437257,0.0
exchange,511,16,113,0.12112409450220862,0.06056204725110431,0.03069925116019213,0.0
exchange,512,16,113,0.11720050760719924,0.05860025380359962,0.02980088113609755,0.0
exchange,513,24,113,0.14420482873217666,0.07210241436608833,0.029542776338385937,0.0
exchange,514,24,113,0.23099017287246681,0.11549508643623341,0.052185438571000275,0.0
exchange,515,24,113,0.18604013107386513,0.09302006553693257,0.03964194770553701,4.951960351218254e-06
exchange,516,16,113,0.0892894619386117,0.04464473096930585,0.02311228390899791,0.0
exchange,517,16,113,0.0952098961578064,0.0476049480789032,0.024213932476860885,0.0
exchange,518,16,113,0.11837972397979313,0.059189861989896564,0.03007718295688049,0.0
exchange,519,16,113,0.10613846215705958,0.05306923107852979,0.027019795834618533,0.0
exchange,520,24,113,0.14968415144711145,0.07484207572355572,0.031636346826115304,5.788420675223449e-06
exchange,521,24,113,0.19604956621302316,0.09802478310651158,0.04189678297680745,0.0
exchange,522,16,113,0.12998504991051563,0.06499252495525781,0.032827823811739064,0.0
exchange,523,24,113,0.18705636959852168,0.09352818479926084,0.041212741369217945,1.8307934301908801e-06
exchange,524,16,113,0.10657217984889333,0.05328608992444667,0.027342837006847667,0.0
exchange,525,16,113,0.09897882773132216,0.04948941386566108,0.025343194665973817,0.0
exchange,526,16,113,0.11667424292065487,0.058337121460327435,0.029707094116074206,0.0
exchange,527,8,113,0.041314350875932826,0.020657175437966413,0.010373797738135378,0.0
exchange,528,16,113,0.1118064891153715,0.05590324455768575,0.02850245470489554,0.0
exchange,529,16,113,0.12482191011848609,0.062410955059243045,0.03142827363921019,0.0
exchange,530,8,113,0.07477701813824422,0.03738850906912211,0.01880033612618903,0.0
exchange,531,8,113,0.061258496089636516,0.030629248044818258,0.015415239078908972,0.0
exchange,532,24,113,0.05175205108723324,0.02587602554361662,0.009832014343168358,0.0
exchange,533,24,113,0.0996533010693289,0.04982665053466445,0.017989800389415094,0.0
exchange,534,8,113,0.046789347961053274,0.023394673980526637,0.011768773866501641,0.0
exchange,535,24,113,0.08500590339844538,0.04250295169922269,0.014599418530452468,0.0
exchange,536,8,113,0.05606974849950441,0.028034874249752206,0.014094310350431155,0.0
exchange,537,16,113,0.03919099121258274,0.01959549560629137,0.010490616198212257,0.0
exchange,538,8,113,0.055808284389233465,0.027904142194616732,0.014038550542106334,0.0
exchange,539,8,113,0.04295375146378555,0.021476875731892775,0.010804343332088972,0.0
exchange,540,24,113,0.2167987254455816,0.1083993627227908,0.048390181756218925,0.0
exchange,541,24,113,0.14305064197268613,0.07152532098634307,0.029459874247929313,0.0
exchange,542,16,113,0.0814750547901244,0.0407375273950622,0.021123674952125627,0.0
exchange,543,16,113,0.11107595601311493,0.055537978006557465,0.02816056348619323,0.0
exchange,544,8,113,0.05811703432382154,0.02905851716191077,0.014590053637177724,0.0
exchange,545,24,113,0.1610954716166978,0.0805477358083489,0.033332691303111464,4.169273158938225e-07
exchange,546,8,113,0.07484641530519975,0.03742320765259988,0.018824386726362375,0.0
exchange,547,8,113,0.07217499453872955,0.03608749726936478,0.018147817532035957,0.0
exchange,548,16,113,0.1338660840610072,0.0669330420305036,0.03391779673695417,0.0
exchange,549,24,113,0.21264499418990018,0.10632249709495009,0.04608711016828801,3.365275091538056e-06
exchange,550,24,113,0.20459760376032488,0.10229880188016244,0.044667759895292994,3.732693625857486e-06
exchange,551,16,113,0.1366249491726267,0.06831247458631334,0.03439263784288303,0.0
exchange,552,16,113,0.11348441443250146,0.05674220721625073,0.028801034337685296,0.0
exchange,553,16,113,0.04913746608097447,0.024568733040487234,0.013188734030584815,0.0
exchange,554,16,113,0.09684470680777624,0.04842235340388812,0.025092593573329016,0.0
exchange,555,8,113,0.0744737133727792,0.0372368566863896,0.01874376649575671,0.0
exchange,556,8,113,0.050089840300807875,0.025044920150403938,0.012591416001178565,0.0
exchange,557,8,113,0.06977801581899024,0.03488900790949512,0.01755774688843483,0.0
exchange,558,8,113,0.06039171977770752,0.03019585988885376,0.015190748625369364,0.0
exchange,559,8,113,0.04292517515717165,0.021462587578585823,0.010797163531866423,0.0
exchange,560,8,113,0.0578203336586407,0.02891016682932035,0.01453412316520472,0.0
exchange,561,8,113,0.07988483078684905,0.039942415393424524,0.0201052250914139,0.0
exchange,562,8,113,0.0463959177262806,0.0231979588631403,0.011678375973000315,0.0
exchange,563,16,113,0.12433405895372529,0.062167029476862645,0.03132716209035436,0.0
exchange,564,24,113,0.16340084483650774,0.08170042241825387,0.033532907709807575,6.5094449682723265e-06
exchange,565,8,113,0.05458740018072561,0.027293700090362805,0.013744458527491057,0.0
exchange,566,8,113,0.06376123531327793,0.031880617656638965,0.01604960066773364,0.0
exchange,567,16,113,0.061714794545259855,0.030857397272629927,0.016295541194989514,0.0
exchange,568,8,113,0.07712688657396327,0.038563443286981636,0.01938529544317596,0.0
exchange,569,24,113,0.03443628965564083,0.017218144827820414,0.008865480299923496,0.0
exchange,570,8,113,0.051159581242716023,0.025579790621358012,0.012872295335100828,0.0
exchange,571,24,113,0.1062180754410198,0.0531090377205099,0.01938066452845185,0.0
exchange,572,24,113,0.05538728500940282,0.02769364250470141,0.010338929716800692,0.0
exchange,573,8,113,0.04298727364130983,0.021493636820654916,0.01081120063669888,0.0
exchange,574,8,113,0.0662174682360338,0.0331087341180169,0.016645917521692144,0.0
exchange,575,24,113,0.034545964369720294,0.017272982184860147,0.008979963660214354,3.3919963522976992e-06
exchange,576,24,113,0.21760707491269415,0.10880353745634708,0.04860628253598786,0.0
exchange,577,24,113,0.05647386638377361,0.028236933191886804,0.010416436187808447,7.989748113113038e-07
exchange,578,24,113,0.1681359396424168,0.0840679698212084,0.03675577286232591,2.224259589178601e-06
exchange,579,24,113,0.04511973492881438,0.02255986746440719,0.009547288314841086,0.0
exchange,580,16,113,0.12040453885290514,0.06020226942645257,0.030583588089762675,0.0
exchange,581,24,113,0.1350255004785309,0.06751275023926545,0.02790050895274013,3.764552113816322e-06
exchange,582,8,113,0.07543645567918045,0.037718227839590224,0.018994761398242434,0.0
exchange,583,24,113,0.1589013208029299,0.07945066040146495,0.03347176350951809,1.069572514555972e-06
exchange,584,8,113,0.03620138777922799,0.018100693889613995,0.009097624454582514,0.0
exchange,585,8,113,0.056881774508885985,0.028440887254442992,0.014299878900506494,0.0
exchange,586,24,113,0.15455347725327961,0.07727673862663981,0.03323806647028404,1.9460732736398256e-07
exchange,587,8,113,0.08441777949035056,0.04220888974517528,0.02123734007664314,0.0
exchange,588,24,113,0.21088847164388996,0.10544423582194498,0.04674025844783285,0.0
exchange,589,24,113,0.16500265858048418,0.08250132929024209,0.03532190382396045,8.779110753920349e-07
exchange,590,16,113,0.10101718864957598,0.05050859432478799,0.025928853037462847,0.0
exchange,591,24,113,0.13099306580593617,0.06549653290296809,0.026330678217929167,7.50943946303817e-06
exchange,592,16,113,0.07709493776679643,0.03854746888339822,0.019936889716983947,0.0
exchange,593,24,113,0.0978198498411681,0.04890992492058405,0.01666188883857184,0.0
exchange,594,8,113,0.05935111736703258,0.02967555868351629,0.01493700462182918,0.0
exchange,595,16,113,0.1284993975479315,0.06424969877396575,0.032278383622377296,0.0
exchange,596,8,113,0.07450200777034022,0.03725100388517011,0.01872276053043492,0.0
exchange,597,24,113,0.2005450139838455,0.10027250699192275,0.04378519479465121,0.0
exchange,598,24,113,0.04730930973689462,0.02365465486844731,0.009973818750196876,5.690480778586249e-06
exchange,599,8,113,0.05569069206748711,0.027845346033743557,0.013996919820327651,0.0
exchange,600,16,113,0.11789392494872186,0.05894696247436093,0.02991377542444807,0.0
exchange,601,24,113,0.14029457097819187,0.07014728548909593,0.02862711239268523,0.0
exchange,602,24,113,0.08442053742028621,0.042210268710143106,0.014399624432544824,3.5658129236004754e-06
exchange,603,24,113,0.21838244125264905,0.10919122062632453,0.04819750624035778,0.0
exchange,604,8,113,0.06521858220392662,0.03260929110196331,0.016408192707807218,0.0
exchange,605,8,113,0.07672811421091519,0.038364057105457594,0.019316318495523708,0.0
exchange,606,16,113,0.06342241314033636,0.03171120657016818,0.016532223260827126,0.0
exchange,607,16,113,0.09574288691127442,0.04787144345563721,0.024234393416462382,0.0
exchange,608,24,113,0.11453605667834255,0.05726802833917127,0.02193573909116852,0.0
exchange,609,16,113,0.10857958046719562,0.05428979023359781,0.027494070626761628,0.0
exchange,610,16,113,0.10595311718339995,0.052976558591699974,0.027113637616891,0.0
exchange,611,16,113,0.11002954763947848,0.05501477381973924,0.028257788547345286,0.0
exchange,612,8,113,0.052863424523149516,0.026431712261574758,0.013303230073061022,0.0
exchange,613,16,113,0.13245038584832602,0.06622519292416301,0.033754461948038085,0.0
exchange,614,16,113,0.03980831881092306,0.01990415940546153,0.010697874578000227,5.935544223456546e-06
exchange,615,16,113,0.11959684780032198,0.05979842390016099,0.030310661402899747,0.0
exchange,616,24,113,0.09234812360215794,0.04617406180107897,0.015971759219084673,0.0
exchange,617,24,113,0.09359640249460688,0.04679820124730344,0.01629580200714848,1.1503734339557425e-06
exchange,618,24,113,0.0985384481258843,0.04926922406294215,0.017541988147615668,2.209161786115299e-06
exchange,619,16,113,0.04221997830409652,0.02110998915204826,0.011270079010544108,6.710629646744515e-06
exchange,620,8,113,0.05931903171153152,0.02965951585576576,0.014920310103664835,0.0
exchange,621,24,113,0.22447858423363343,0.11223929211681671,0.04985335173539641,9.105975294909641e-07
exchange,622,8,113,0.05562966184048779,0.027814830920243894,0.013999495569079583,0.0
exchange,623,24,113,0.24174184910588536,0.12087092455294268,0.05490445334786272,0.0
exchange,624,8,113,0.052270507762161134,0.026135253881080567,0.013096059049863369,0.0
exchange,625,16,113,0.0899043369261292,0.0449521684630646,0.023505817991059934,0.0
exchange,626,8,113,0.06442770261575526,0.03221385130787763,0.016194820749504218,0.0
exchange,627,8,113,0.063942842580617,0.0319714212903085,0.01609017050675163,0.0
exchange,628,8,113,0.06255077760801597,0.031275388804007986,0.015742014254692422,0.0
exchange,629,24,113,0.09188632104465011,0.045943160522325055,0.015592059015619676,0.0
exchange,630,24,113,0.21133579548901538,0.10566789774450769,0.046617353242607344,8.886129824192679e-07
exchange,631,8,113,0.06149982636015938,0.03074991318007969,0.015450055999716225,0.0
exchange,632,24,113,0.15713102254186867,0.07856551127093434,0.03235650498407221,3.1895166389683816e-06
exchange,633,24,113,0.14127063651427263,0.07063531825713631,0.029446603935308086,5.313974929088694e-06
exchange,634,16,113,0.0937386993276843,0.04686934966384215,0.024135023485543906,0.0
exchange,635,16,113,0.0730972959297691,0.03654864796488455,0.019159416632720104,0.0
exchange,636,24,113,0.07411545815411558,0.03705772907705779,0.012528830609504516,0.0
exchange,637,16,113,0.080069243234839,0.0400346216174195,0.02095892978804695,0.0
exchange,638,24,113,0.12246065581228527,0.061230327906142634,0.025221225148299175,7.463660041007181e-06
exchange,639,24,113,0.06846255656125266,0.03423127828062633,0.011731857409850745,0.0
exchange,640,8,113,0.06141093996564184,0.03070546998282092,0.015450495099845762,0.0
exchange,641,24,113,0.216462062319273,0.1082310311596365,0.04846609181606217,0.0
exchange,642,24,113,0.18025398115837044,0.09012699057918522,0.03944436855797948,4.418307307352265e-06
exchange,643,16,113,0.12465192407679959,0.062325962038399796,0.03148118410713646,0.0
exchange,644,16,113,0.11646488114091536,0.05823244057045768,0.029610907424018916,0.0
exchange,645,16,113,0.10370472082350984,0.05185236041175492,0.026637792621113217,0.0
exchange,646,24,113,0.20774535606782174,0.10387267803391087,0.04561108386266298,0.0
exchange,647,24,113,0.1129169333526503,0.05645846667632515,0.021736908413234304,7.93091920803235e-07
exchange,648,24,113,0.16346551965235256,0.08173275982617628,0.03508929028993643,7.175690955874003e-06
exchange,649,24,113,0.09535063520400194,0.04767531760200097,0.016823789237055745,4.695663387455085e-06
exchange,650,24,113,0.1419860027668206,0.0709930013834103,0.030415268871960985,3.728513294332103e-06
exchange,651,24,113,0.17535494118602724,0.08767747059301362,0.03789160535110138,1.5970441646917521e-07
exchange,652,24,113,0.09836226427056494,0.04918113213528247,0.017263071745156653,8.000930658669247e-06
exchange,653,24,113,0.1478004509785391,0.07390022548926956,0.03065575313620159,0.0
exchange,654,16,113,0.09728722731904949,0.04864361365952474,0.024937969499008325,0.0
exchange,655,24,113,0.11525639977151614,0.05762819988575807,0.021722388570981948,0.0
exchange,656,8,113,0.058247449921014605,0.029123724960507302,0.01463861786436585,0.0
exchange,657,24,113,0.14602628283561658,0.07301314141780829,0.031040115739841927,4.1136667829899665e-06
exchange,658,24,113,0.07796696035288825,0.038983480176444124,0.013394647213433853,1.4252169596162823e-06
exchange,659,8,113,0.05667929414730266,0.02833964707365133,0.014260714615318217,0.0
exchange,660,16,113,0.11304667841153215,0.05652333920576608,0.028661218159222523,0.0
exchange,661,16,113,0.1193849452083392,0.0596924726041696,0.030374009224164788,0.0
exchange,662,16,113,0.11690683151165382,0.05845341575582691,0.029555196076688998,0.0
exchange,663,16,113,0.025092589756742223,0.012546294878371111,0.0056986876366245855,0.0
exchange,664,24,113,0.15241664103109498,0.07620832051554749,0.029824995765403522,0.0
exchange,665,16,113,0.07723603951017688,0.03861801975508844,0.020157901421446123,0.0
exchange,666,16,113,0.10830648181235636,0.05415324090617818,0.02769068204361063,0.0
exchange,667,8,113,0.06877665691048673,0.03438832845524337,0.01727663637526736,0.0
exchange,668,24,113,0.12808038926011,0.064040194630055,0.02668586417452253,3.162992491589911e-06
exchange,669,16,113,0.09048745271624647,0.04524372635812324,0.022921270285948956,0.0
exchange,670,8,113,0.06705869544112175,0.033529347720560876,0.016867002621952308,0.0
exchange,671,24,113,0.2006495512951051,0.10032477564755254,0.04357702252370109,0.0
exchange,672,24,113,0.12677890469641817,0.06338945234820909,0.02524005049201412,0.0
exchange,673,24,113,0.13320967261639238,0.06660483630819619,0.026244979915798147,2.337719759881729e-06
exchange,674,24,113,0.12845276687933826,0.06422638343966913,0.02500551032328756,0.0
exchange,675,8,113,0.044239928468610024,0.022119964234305012,0.01112528439131856,0.0
exchange,676,8,113,0.02945190807392284,0.01472595403696142,0.007406135979046266,0.0
exchange,677,24,113,0.2201507935795679,0.11007539678978395,0.04910010603850892,4.837908425536774e-06
exchange,678,16,113,0.10694925759584872,0.05347462879792436,0.02723389786316498,0.0
exchange,679,24,113,0.08213803513993856,0.04106901756996928,0.01397099828611606,0.0
exchange,680,16,113,0.09684029391559834,0.04842014695779917,0.02488878739653728,0.0
exchange,681,24,113,0.05240289323053948,0.02620144661526974,0.009799873791728942,6.208936699891865e-06
exchange,682,24,113,0.1208589089425316,0.0604294544712658,0.02171972716513567,1.1069358505977345e-05
exchange,683,24,113,0.12076477283639087,0.06038238641819543,0.02347745887045391,0.0
exchange,684,24,113,0.1112701689469015,0.05563508447345075,0.021384053720647698,0.0
exchange,685,8,113,0.06585275515204292,0.03292637757602146,0.016567890865865895,0.0
exchange,686,16,113,0.11243963454375949,0.056219817271879746,0.02874292255533958,0.0
exchange,687,8,113,0.05764064084181464,0.02882032042090732,0.014493499156309713,0.0
exchange,688,24,113,0.0737448789348365,0.03687243946741825,0.012525796706321908,4.818485839219733e-06
exchange,689,24,113,0.16126801280988096,0.08063400640494048,0.03361849615543677,8.025972623559863e-06
exchange,690,8,113,0.0501883090652131,0.02509415453260655,0.012629591670745005,0.0
exchange,691,8,113,0.07125312968384756,0.03562656484192378,0.017910991296493674,0.0
exchange,692,8,113,0.07559005864547852,0.03779502932273926,0.01903127286258382,0.0
exchange,693,16,113,0.12469674308134471,0.062348371540672354,0.03173724496071648,0.0
exchange,694,16,113,0.054945768370154746,0.027472884185077373,0.014695661754579791,0.0
exchange,695,24,113,0.04069560545578099,0.020347802727890496,0.010098876857295793,8.469627128082635e-06
exchange,696,24,113,0.19768569054051238,0.09884284527025619,0.04192393199370086,0.0
exchange,697,24,113,0.1648552194793832,0.0824276097396916,0.03487620277257754,0.0
exchange,698,16,113,0.12311099958214244,0.06155549979107122,0.031086786369165616,0.0
exchange,699,24,113,0.08550366789504321,0.042751833947521606,0.014424817033023693,7.549728192113303e-06
exchange,700,24,113,0.10875045835753733,0.054375229178768664,0.01986517342383788,0.0
exchange,701,24,113,0.229195077336928,0.114597538668464,0.05344548238114614,0.0
exchange,702,24,113,0.08983741134034595,0.044918705670172976,0.015619131872618484,0.0
exchange,703,16,113,0.06490248733820114,0.03245124366910057,0.017146947820661236,0.0
exchange,704,8,113,0.06324584140090705,0.03162292070045353,0.0159045484979824,0.0
exchange,705,8,113,0.055832120185000944,0.027916060092500472,0.01405959944095424,0.0
exchange,706,8,113,0.04385034688686795,0.021925173443433976,0.011030424719202223,0.0
exchange,707,8,113,0.06461072675992718,0.03230536337996359,0.01625533975864672,0.0
exchange,708,16,113,0.11820638544597956,0.05910319272298978,0.030076755596673308,0.0
exchange,709,8,113,0.040697118343320016,0.020348559171660008,0.010234973891309165,0.0
exchange,710,8,113,0.05016426538602092,0.02508213269301046,0.012590818382283262,0.0
exchange,711,8,113,0.04704784465037937,0.023523922325189683,0.011837684487596194,0.0
exchange,712,8,113,0.053501887654530456,0.026750943827265228,0.013461572120783825,0.0
exchange,713,16,113,0.14371982105353848,0.07185991052676924,0.03625079014624271,0.0
exchange,714,16,113,0.08912772719307682,0.04456386359653841,0.02305618054269107,0.0
exchange,715,8,113,0.06123263281613911,0.030616316408069555,0.01539295200664754,0.0
exchange,716,8,113,0.05072060183015947,0.025360300915079736,0.012751920593927149,0.0
exchange,717,24,113,0.22029001209087418,0.11014500604543709,0.049464782456553086,0.0
exchange,718,24,113,0.174645922688554,0.087322961344277,0.03697097903734928,8.629882066568673e-06
exchange,719,8,113,0.06709413396086095,0.03354706698043047,0.01689153747634234,0.0
exchange,720,16,113,0.09807826954262533,0.049039134771312665,0.025170003610337704,0.0
exchange,721,24,113,0.12456300615413962,0.06228150307706981,0.023197366285321604,0.0
exchange,722,16,113,0.13087376088800573,0.06543688044400287,0.033100832305136885,0.0
exchange,723,16,113,0.12607000176562355,0.06303500088281178,0.031920560714663024,0.0
exchange,724,8,113,0.057438277626487344,0.028719138813243672,0.014449794809091684,0.0
exchange,725,8,113,0.05459623884419296,0.02729811942209648,0.013737195663785895,0.0
exchange,726,24,113,0.11442066331159573,0.057210331655797864,0.02134576863744956,0.0
exchange,727,24,113,0.23196842012651453,0.11598421006325726,0.05142768795931508,1.0793118742635777e-06
exchange,728,24,113,0.12796619005961035,0.06398309502980518,0.023441605359055845,7.380301219106489e-06
exchange,729,8,113,0.059320715734145546,0.029660357867072773,0.014928413116295624,0.0
exchange,730,16,113,0.04495099352030141,0.022475496760150704,0.012094446239576846,3.842504224582655e-06
exchange,731,24,113,0.17689718081285155,0.08844859040642578,0.0388095993038708,1.838920677010858e-06
exchange,732,8,113,0.06308307003080316,0.03154153501540158,0.015870501180412444,0.0
exchange,733,8,113,0.08485753961229148,0.04242876980614574,0.021355152503357993,0.0
exchange,734,8,113,0.05326824581858691,0.026634122909293456,0.013393759853497188,0.0
exchange,735,8,113,0.048785673212067504,0.024392836606033752,0.012256269739641112,0.0
exchange,736,16,113,0.09927517052053081,0.049637585260265404,0.025173389593634864,0.0
exchange,737,8,113,0.08634161662220519,0.04317080831110259,0.021695226358485538,0.0
exchange,738,16,113,0.06335863758443638,0.03167931879221819,0.0167879726391779,0.0
exchange,739,8,113,0.07640117449578421,0.038200587247892104,0.019221983131319426,0.0
exchange,740,16,113,0.13938462702889287,0.06969231351444644,0.035081900918256456,0.0
exchange,741,24,113,0.15863979012835194,0.07931989506417597,0.03417433258040688,1.911621247630002e-06
exchange,742,24,113,0.16789348888695388,0.08394674444347694,0.035659803275771576,7.378995619089501e-06
exchange,743,24,113,0.2301057282591319,0.11505286412956595,0.05185737265199329,0.0
exchange,744,24,113,0.21574363359655818,0.10787181679827909,0.048094779537076096,2.0871247204401477e-06
exchange,745,8,113,0.07606689510461517,0.03803344755230759,0.01912285552603588,0.0
exchange,746,24,113,0.11389208925676775,0.056946044628383874,0.020372353824914823,0.0
exchange,747,16,113,0.106091737079902,0.053045868539951,0.02705048636526693,0.0
exchange,748,8,113,0.0452372592427307,0.02261862962136535,0.011372564831064882,0.0
exchange,749,24,113,0.21481102087655307,0.10740551043827654,0.04762857440997813,0.0
exchange,750,8,113,0.03447421449682153,0.017237107248410766,0.008668127311183592,0.0
exchange,751,24,113,0.1056461244506054,0.0528230622253027,0.018726096024675874,6.168367357894944e-06
exchange,752,8,113,0.05964463033220102,0.02982231516610051,0.01500782385046152,0.0
exchange,753,16,113,0.1241309057659109,0.06206545288295545,0.031507716767612916,0.0
exchange,754,24,113,0.21406500407126156,0.10703250203563078,0.04755798381488415,0.0
exchange,755,16,113,0.16130561295883944,0.08065280647941972,0.040598960583181895,0.0
exchange,756,24,113,0.12540448905443802,0.06270224452721901,0.024694601545863122,0.0
exchange,757,16,113,0.026049828244598228,0.013024914122299114,0.005893880238588828,6.541856737762863e-06
exchange,758,8,113,0.049232607719942756,0.024616303859971378,0.012382298659148569,0.0
exchange,759,16,113,0.11400590958850909,0.057002954794254546,0.028795127873021804,0.0
exchange,760,16,113,0.1385731794618006,0.0692865897309003,0.03477032394952163,0.0
exchange,761,24,113,0.19296896814513498,0.09648448407256749,0.043352479378866646,5.753944326669647e-06
exchange,762,16,113,0.09426671497353545,0.047133357486767724,0.024246022906812385,0.0
exchange,763,24,113,0.1805919633495393,0.09029598167476965,0.03943216077498038,0.0
exchange,764,8,113,0.07710501628178212,0.03855250814089106,0.01939698302099081,0.0
exchange,765,8,113,0.06399519529378728,0.03199759764689364,0.016105926138189057,0.0
exchange,766,16,113,0.12930942971888837,0.06465471485944418,0.03252546659066504,0.0
exchange,767,16,113,0.0771849200596536,0.0385924600298268,0.019927485085267836,0.0
exchange,768,16,113,0.08983970275092457,0.04491985137546228,0.023087296844274418,0.0
exchange,769,24,113,0.13184783619719653,0.06592391809859827,0.026701960549437125,0.0
exchange,770,16,113,0.045184096141471786,0.022592048070735893,0.012151599837386751,0.0
exchange,771,24,113,0.08047188229103353,0.04023594114551676,0.013618633557315454,0.0
exchange,772,8,113,0.06542829330842648,0.03271414665421324,0.0164558748906894,0.0
exchange,773,24,113,0.06531379330559905,0.03265689665279953,0.011158165223036795,8.803434887738604e-07
exchange,774,8,113,0.07884384297137192,0.03942192148568596,0.01980687954120471,0.0
exchange,775,8,113,0.07745311946154176,0.03872655973077088,0.019489478061530424,0.0
exchange,776,24,113,0.07718471344148525,0.03859235672074263,0.01312775573890642,5.092978473508758e-06
exchange,777,16,113,0.10153609511404682,0.05076804755702341,0.02593481330843195,0.0
exchange,778,24,113,0.16305506457132507,0.08152753228566254,0.035656894153509776,1.6516077579464827e-06
exchange,779,8,113,0.06908102422542184,0.03454051211271092,0.017363582275221133,0.0
exchange,780,16,113,0.13190016080461342,0.06595008040230671,0.033306960904660766,0.0
exchange,781,16,113,0.08807587268103079,0.04403793634051539,0.02269334144314184,0.0
exchange,782,8,113,0.050068260637884054,0.025034130318942027,0.012596921405253906,0.0
exchange,783,16,113,0.09954282768231903,0.04977141384115952,0.02555512492422182,0.0
exchange,784,8,113,0.0661678408235814,0.0330839204117907,0.016652385148806438,0.0
exchange,785,24,113,0.08718744112439603,0.04359372056219801,0.014852214155490347,1.4540554807984662e-06
exchange,786,8,113,0.07261111599892389,0.036305557999461946,0.01827355656340199,0.0
exchange,787,24,113,0.16610246280109897,0.08305123140054949,0.03648356963172846,1.4079688263057832e-06
exchange,788,8,113,0.062409445343171166,0.031204722671585583,0.015698767933899682,0.0
exchange,789,8,113,0.06837798880060886,0.03418899440030443,0.017206686880029125,0.0
exchange,790,24,113,0.05136099818707629,0.025680499093538145,0.009142110886161557,0.0
exchange,791,24,113,0.23985272014241965,0.11992636007120983,0.05437927956109174,0.0
exchange,792,16,113,0.11466276649783125,0.057331383248915624,0.02914456915330606,0.0
exchange,793,24,113,0.08632446301323349,0.043162231506616744,0.014692804301438957,0.0
exchange,794,8,113,0.06894045407169969,0.03447022703584984,0.017335414263257052,0.0
exchange,795,16,113,0.12680514021341016,0.06340257010670508,0.0320763039587524,0.0
exchange,796,8,113,0.05595120105382512,0.02797560052691256,0.014069893921696518,0.0
exchange,797,24,113,0.10784206147954678,0.05392103073977339,0.020983066568749712,4.069218604629832e-06
exchange,798,8,113,0.07947889130753305,0.039739445653766525,0.019972000778149555,0.0
exchange,799,24,113,0.233627356614304,0.116813678307152,0.05171339456636521,7.21126566793906e-07
exchange,800,16,113,0.1338810132340007,0.06694050661700035,0.03380551938247299,0.0
exchange,801,16,113,0.10357153274283831,0.051785766371419156,0.026598664218267426,0.0
exchange,802,24,113,0.16560935889439665,0.08280467944719833,0.03612020895601393,7.605694677503827e-06
exchange,803,8,113,0.043269973558671904,0.021634986779335952,0.010879600146808641,0.0
exchange,804,8,113,0.053916022552615406,0.026958011276307703,0.013568018509900942,0.0
exchange,805,8,113,0.07338600854570099,0.036693004272850493,0.018453017592303042,0.0
exchange,806,24,113,0.10428195536899021,0.052140977684495105,0.0184866266458435,8.171627724595787e-06
exchange,807,24,113,0.183086052417321,0.0915430262086605,0.0384053395885036,0.0
exchange,808,8,113,0.038180206942482586,0.019090103471241293,0.009611715707263383,0.0
exchange,809,24,113,0.16229803592376701,0.08114901796188351,0.03488700084076939,0.0
exchange,810,8,113,0.06325861254788723,0.031629306273943614,0.015911365940222605,0.0
exchange,811,8,113,0.052062613473291,0.0260313067366455,0.01309672288618774,0.0
exchange,812,8,113,0.056683200658135036,0.028341600329067518,0.014238519602380411,0.0
exchange,813,24,113,0.060024888481384764,0.030012444240692382,0.010575294350011031,6.6720544268372706e-06
exchange,814,16,113,0.08898922599898695,0.04449461299949348,0.022995143330097417,0.0
exchange,815,8,113,0.056010624999941694,0.028005312499970847,0.014087403467137891,0.0
exchange,816,16,113,0.12179863905837901,0.060899319529189505,0.03091502159398824,0.0
exchange,817,24,113,0.10462085988431336,0.05231042994215668,0.01997800235064969,0.0
exchange,818,8,113,0.0962425932394223,0.04812129661971115,0.0242402443242104,0.0
exchange,819,24,113,0.06969439834017399,0.034847199170086995,0.011858730474145466,6.460978930422634e-06
exchange,820,24,113,0.13529455722902695,0.06764727861451347,0.027003214884971045,9.287117529011013e-06
exchange,821,8,113,0.07887404357297778,0.03943702178648889,0.019833889454305892,0.0
exchange,822,24,113,0.09400671505920583,0.04700335752960291,0.017168207641358384,3.541744655055634e-06
exchange,823,16,113,0.09231675566276154,0.04615837783138077,0.023708555414769922,0.0
exchange,824,16,113,0.09816775217473706,0.04908387608736853,0.02529606226227627,0.0
exchange,825,24,113,0.07339200455692801,0.03669600227846401,0.012513722154786055,0.0
exchange,826,24,113,0.17652379099603738,0.08826189549801869,0.038494585812510064,0.0
exchange,827,8,113,0.08987041583064337,0.044935207915321684,0.022597411801318808,0.0
exchange,828,8,113,0.06900100280769272,0.03450050140384636,0.0173378014345834,0.0
exchange,829,8,113,0.06622557380901284,0.03311278690450642,0.016673076781103406,0.0
exchange,830,24,113,0.08735747590153331,0.043678737950766655,0.015273514565947426,0.0
exchange,831,24,113,0.08484305706414308,0.04242152853207154,0.014668427823974843,6.637672995690735e-07
exchange,832,8,113,0.05337771326381391,0.026688856631906954,0.013424304210206036,0.0
exchange,833,16,113,0.08635244552057808,0.04317622276028904,0.022300750463032152,0.0
exchange,834,16,113,0.11948772131631802,0.05974386065815901,0.03043370719805134,0.0
exchange,835,8,113,0.04547111501482781,0.022735557507413906,0.011436053198276392,0.0
exchange,836,8,113,0.0633664082688572,0.0316832041344286,0.0159273331976869,0.0
exchange,837,24,113,0.1699081521190594,0.0849540760595297,0.035508846492016743,2.454080161640171e-06
exchange,838,24,113,0.09176302370018996,0.04588151185009498,0.015552047762085857,0.0
exchange,839,16,113,0.08000572950958673,0.040002864754793366,0.020744637765489682,0.0
exchange,840,24,113,0.09294193473048551,0.046470967365242755,0.015986867284712374,0.0
exchange,841,24,113,0.03896561910733176,0.01948280955366588,0.009262624963829819,0.0
exchange,842,16,113,0.09920025413806799,0.049600127069033995,0.02564608811693479,0.0
exchange,843,16,113,0.08783970772153799,0.04391985386076899,0.022684937948086827,0.0
exchange,844,8,113,0.05969312864158638,0.02984656432079319,0.015005027567748306,0.0
exchange,845,8,113,0.049269841920164925,0.024634920960082463,0.012390534411748115,0.0
exchange,846,24,113,0.23418107514109554,0.11709053757054777,0.052845979300250416,0.0
exchange,847,16,113,0.1334787214130514,0.0667393607065257,0.03356362067574475,0.0
exchange,848,16,113,0.0437532696524634,0.0218766348262317,0.00793781633219295,2.918011780539409e-06
exchange,849,24,113,0.15800797099377156,0.07900398549688578,0.03310963360151986,0.0
exchange,850,8,113,0.0474555727280227,0.02372778636401135,0.011941112728321115,0.0
exchange,851,16,113,0.1250878568713133,0.06254392843565665,0.03174541344346675,0.0
exchange,852,16,113,0.14326181237205848,0.07163090618602924,0.0362513487423814,0.0
exchange,853,16,113,0.09853838582799213,0.04926919291399606,0.025252313920595324,0.0
exchange,854,16,113,0.07853170296540801,0.039265851482704006,0.020334486396634304,0.0
exchange,855,16,113,0.13736300751232916,0.06868150375616458,0.034785911593158705,0.0
exchange,856,8,113,0.05612458952397714,0.02806229476198857,0.014085790677819909,0.0
exchange,857,16,113,0.13188000914498677,0.06594000457249338,0.033185961841181874,0.0
exchange,858,24,113,0.13029453009077552,0.06514726504538776,0.0253565386424525,0.0
exchange,859,24,113,0.05589454680202044,0.02794727340101022,0.009490358132213765,3.446909183524305e-06
exchange,860,8,113,0.05387531088222186,0.02693765544111093,0.013547835534615615,0.0
exchange,861,8,113,0.06846077090800928,0.03423038545400464,0.01721779471173013,0.0
exchange,862,16,113,0.09887785812730238,0.04943892906365119,0.025579605632210334,0.0
exchange,863,16,113,0.04724452778623056,0.02362226389311528,0.012686846200412874,0.0
exchange,864,8,113,0.042276243646006684,0.021138121823003342,0.010646140348255456,0.0
exchange,865,24,113,0.16290993674713927,0.08145496837356964,0.034416285706674446,5.928809286626091e-06
exchange,866,16,113,0.1458192298551546,0.0729096149275773,0.036773067478010374,0.0
exchange,867,16,113,0.12102324965925498,0.06051162482962749,0.03085949741993638,0.0
exchange,868,24,113,0.10667343004891783,0.053336715024458914,0.018633741785760456,9.626009113750111e-06
exchange,869,8,113,0.036397201950898905,0.018198600975449453,0.009150694239283212,0.0
exchange,870,8,113,0.058979293331185456,0.029489646665592728,0.014835523612867689,0.0
exchange,871,24,113,0.1647935016552845,0.08239675082764225,0.033226786912597034,2.7080999829287578e-06
exchange,872,24,113,0.2159654422535866,0.1079827211267933,0.04790900037336794,0.0
exchange,873,24,113,0.14243315109373045,0.07121657554686522,0.028362979221781458,7.066370289465773e-06
exchange,874,24,113,0.10928862631229608,0.05464431315614804,0.020590872386864932,0.0
exchange,875,16,113,0.09811279069402012,0.04905639534701006,0.025239211500259442,0.0
exchange,876,8,113,0.03708564309181106,0.01854282154590553,0.009325623415186765,0.0
exchange,877,16,113,0.12373949534920237,0.06186974767460118,0.031321909185464986,0.0
exchange,878,24,113,0.12836022978633782,0.06418011489316891,0.02488951475907479,0.0
exchange,879,16,113,0.12985388006748955,0.06492694003374477,0.03299282739770934,0.0
exchange,880,24,113,0.08349234356804502,0.04174617178402251,0.014429246112089913,1.7478315884611462e-06
exchange,881,16,113,0.12162878669375954,0.06081439334687977,0.030973520307414085,0.0
exchange,882,8,113,0.07036241635519591,0.035181208177597956,0.017692198553311205,0.0
exchange,883,8,113,0.059516250822488126,0.029758125411244063,0.014980568761682298,0.0
exchange,884,24,113,0.14727798416336135,0.07363899208168068,0.03053107604048914,0.0
exchange,885,24,113,0.10093164499040752,0.05046582249520376,0.017662636002296735,0.0
exchange,886,8,113,0.04690688198499304,0.02345344099249652,0.01179528860951742,0.0
exchange,887,24,113,0.10556455636177475,0.052782278180887376,0.020455573261484294,0.0
exchange,888,24,113,0.14857494190500808,0.07428747095250404,0.030844243249801895,0.0
exchange,889,24,113,0.11641203671996209,0.05820601835998104,0.021097047473521494,1.1083885631535395e-07
exchange,890,16,113,0.12599354994610557,0.06299677497305278,0.03176785841722425,0.0
exchange,891,8,113,0.06961545648815026,0.03480772824407513,0.01750462336479962,0.0
exchange,892,24,113,0.16369729763431395,0.08184864881715698,0.03458974844442147,3.6240340258730797e-06
exchange,893,16,113,0.15912367428677676,0.07956183714338838,0.04001985827165543,0.0
exchange,894,16,113,0.13625960292362216,0.06812980146181108,0.034287889733303184,0.0
exchange,895,24,113,0.20385035985328204,0.10192517992664102,0.0454815739318271,2.6247431457182557e-06
exchange,896,24,113,0.0639094070184521,0.03195470350922605,0.011051060998658812,0.0
exchange,897,24,113,0.042201874353281155,0.021100937176640577,0.008927701317714044,5.900838585537471e-06
exchange,898,16,113,0.07267566144864446,0.03633783072432223,0.0190163845986183,0.0
exchange,899,8,113,0.05429489160529455,0.027147445802647274,0.013648896254905424,0.0
exchange,900,24,113,0.1508455702186146,0.0754227851093073,0.03193155705061254,3.513469180593809e-06
exchange,901,24,113,0.0716324621279798,0.0358162310639899,0.012120121657584105,0.0
exchange,902,8,113,0.08392008724688449,0.041960043623442245,0.021097720124035,0.0
exchange,903,16,113,0.13264234163014588,0.06632117081507294,0.03340136939451984,0.0
exchange,904,24,113,0.08174085675083642,0.04087042837541821,0.014305992051229071,0.0
exchange,905,24,113,0.10508854221733549,0.052544271108667745,0.01931077071499809,0.0
exchange,906,24,113,0.16836828450449748,0.08418414225224874,0.03643056066804162,5.862537323264583e-06
exchange,907,16,113,0.12019822866124874,0.06009911433062437,0.030542621787909424,0.0
exchange,908,24,113,0.09230643901713376,0.04615321950856688,0.015871433675168883,0.0
exchange,909,8,113,0.09268123193565858,0.04634061596782929,0.02331774579906458,0.0
exchange,910,8,113,0.0470543904987214,0.0235271952493607,0.01183371492036812,0.0
exchange,911,16,113,0.07268625690123787,0.03634312845061893,0.019053057179794466,0.0
exchange,912,24,113,0.13961083443833988,0.06980541721916994,0.028612277221594908,1.1153210200398611e-06
exchange,913,8,113,0.07656057670635497,0.03828028835317748,0.019252066423878722,0.0
exchange,914,24,113,0.21771940673193235,0.10885970336596618,0.04871858858354167,0.0
exchange,915,24,113,0.19851872322041253,0.09925936161020626,0.04398160747466429,0.0
exchange,916,8,113,0.07261239956467369,0.036306199782336845,0.018249311023656803,0.0
exchange,917,16,113,0.12088136163692031,0.06044068081846016,0.030659884897479783,0.0
exchange,918,8,113,0.04331655169195292,0.02165827584597646,0.010892234501924896,0.0
exchange,919,24,113,0.17383212866405873,0.08691606433202936,0.03702548480595721,1.2074377891968524e-07
exchange,920,8,113,0.06396834359138226,0.03198417179569113,0.016075247863279785,0.0
exchange,921,16,113,0.13156518552699592,0.06578259276349796,0.03344718118698151,0.0
exchange,922,8,113,0.06599011237718011,0.032995056188590055,0.01657888827030417,0.0
exchange,923,8,113,0.06586593737322999,0.032932968686614994,0.016563438044503786,0.0
exchange,924,24,113,0.16269862887294728,0.08134931443647364,0.0356674023723433,0.0
exchange,925,24,113,0.22198907502784732,0.11099453751392366,0.049597347940925775,0.0
exchange,926,24,113,0.038224655449667466,0.019112327724833733,0.009811900702857076,7.3702199819281056e-06
exchange,927,16,113,0.11567234645012325,0.05783617322506163,0.029297701357377425,0.0
exchange,928,16,113,0.0996360246394169,0.04981801231970845,0.02581137617207236,0.0
exchange,929,8,113,0.06678414317113612,0.03339207158556806,0.01679221453008529,0.0
exchange,930,16,113,0.07737123406443158,0.03868561703221579,0.020006525931985465,0.0
exchange,931,24,113,0.22960031757992783,0.11480015878996391,0.05234887730339296,0.0
exchange,932,24,113,0.2194136515579329,0.10970682577896645,0.04898649606860684,0.0
exchange,933,24,113,0.13481720609914183,0.06740860304957091,0.027818744578994626,0.0
exchange,934,8,113,0.0610359084628852,0.0305179542314426,0.015368027461647222,0.0
exchange,935,24,113,0.16459700423370027,0.08229850211685014,0.03384515558094601,0.0
exchange,936,16,113,0.10373869035989691,0.051869345179948456,0.026603767310718656,0.0
exchange,937,16,113,0.0944609875965603,0.04723049379828015,0.024207245866104014,0.0
exchange,938,8,113,0.05549224525693708,0.02774612262846854,0.01394638610369863,0.0
exchange,939,16,113,0.08875376828988013,0.044376884144940065,0.022907401324728974,0.0
exchange,940,24,113,0.21584893977011943,0.10792446988505972,0.04698469740876159,5.890613971715197e-06
exchange,941,8,113,0.05231830228785095,0.026159151143925474,0.013171856936846237,0.0
exchange,942,8,113,0.08863694589780835,0.044318472948904175,0.02228011186394291,0.0
exchange,943,16,113,0.11581070249125969,0.057905351245629844,0.029349304937479552,0.0
exchange,944,8,113,0.04502247407192528,0.02251123703596264,0.011311865681411326,0.0
exchange,945,16,113,0.11130943705596585,0.05565471852798293,0.028369068141178542,0.0
exchange,946,24,113,0.17162756747347385,0.08581378373673693,0.03602397969736765,2.9884006862990198e-06
exchange,947,24,113,0.04475809094381111,0.022379045471905556,0.008449062465833712,0.0
exchange,948,24,113,0.13087755604279294,0.06543877802139647,0.024294218974256637,0.0
exchange,949,24,113,0.1676663608999699,0.08383318044998495,0.035781686582177605,0.0
exchange,950,24,113,0.1545907661609856,0.0772953830804928,0.032216856699368975,0.0
exchange,951,24,113,0.22574867299185875,0.11287433649592937,0.05004909143999199,0.0
exchange,952,8,113,0.06209153406269974,0.03104576703134987,0.01562107200718833,0.0
exchange,953,24,113,0.06305212188630727,0.03152606094315363,0.01058091407818583,0.0
exchange,954,8,113,0.08623156609360538,0.04311578304680269,0.021692513728859827,0.0
exchange,955,8,113,0.05005477726143159,0.025027388630715797,0.012587435556926844,0.0
exchange,956,24,113,0.05382228056407512,0.02691114028203756,0.009574359358833185,6.725054810918785e-06
exchange,957,24,113,0.033080713814334195,0.016540356907167097,0.00838207182976111,1.760900808833732e-06
exchange,958,16,113,0.15113983257422337,0.07556991628711168,0.038051949865847944,0.0
exchange,959,16,113,0.11000612900159146,0.05500306450079573,0.0277807540294641,0.0
exchange,960,16,113,0.028324230782190374,0.014162115391095187,0.006412214434172912,0.0
exchange,961,8,113,0.05741626763911312,0.02870813381955656,0.014452289805254535,0.0
exchange,962,24,113,0.08789533983941045,0.04394766991970522,0.015044690650485096,1.1218406723578767e-05
exchange,963,16,113,0.14150010349076647,0.07075005174538324,0.035952871042150704,0.0
exchange,964,24,113,0.127841793481286,0.063920896740643,0.024774246991341443,0.0
exchange,965,24,113,0.12052796430786761,0.060263982153933804,0.023322342681255874,7.828052936975638e-07
exchange,966,24,113,0.043851659297328704,0.021925829648664352,0.010383890735683124,0.0
exchange,967,8,113,0.05160195899606013,0.025800979498030063,0.012983189206049189,0.0
exchange,968,16,113,0.08227771212534774,0.04113885606267387,0.021299866663960516,0.0
exchange,969,24,113,0.24150293716469712,0.12075146858234856,0.05403462248063714,0.0
exchange,970,24,113,0.04303657885753365,0.021518289428766824,0.008690164699865614,3.781061419405596e-06
exchange,971,24,113,0.11218211160791092,0.05609105580395546,0.02272519432594233,0.0
exchange,972,16,113,0.10571731882958152,0.05285865941479076,0.027051383767135857,0.0
exchange,973,16,113,0.12260596538895197,0.06130298269447598,0.030722196272940424,0.0
exchange,974,16,113,0.10480954717148483,0.052404773585742415,0.026565732253369206,0.0
exchange,975,16,113,0.12438604394742103,0.062193021973710516,0.03166458801218668,0.0
exchange,976,8,113,0.04958891697716428,0.02479445848858214,0.01248226853254848,0.0
exchange,977,24,113,0.21082320442136282,0.10541160221068141,0.04649676316880923,5.373599824554098e-06
exchange,978,16,113,0.03534243307096718,0.01767121653548359,0.009131639678487976,0.0
exchange,979,8,113,0.06258946972205881,0.031294734861029405,0.015740358542729333,0.0
exchange,980,8,113,0.06908274211744292,0.03454137105872146,0.017386951386836935,0.0
exchange,981,24,113,0.13713140583616346,0.06856570291808173,0.02711166505650852,0.0
exchange,982,24,113,0.09587692252945812,0.04793846126472906,0.01689902730938904,0.0
exchange,983,16,113,0.12886759715105445,0.06443379857552722,0.032654322355668085,0.0
exchange,984,16,113,0.1292678679361331,0.06463393396806655,0.03279689634414143,0.0
exchange,985,8,113,0.07147444558574534,0.03573722279287267,0.017980952988403288,0.0
exchange,986,24,113,0.21778190909453288,0.10889095454726644,0.049090797553772894,0.0
exchange,987,16,113,0.11800608949236957,0.059003044746184785,0.02985508130038238,0.0
exchange,988,8,113,0.06988567537034018,0.03494283768517009,0.017583523943121602,0.0
exchange,989,16,113,0.12331807024408303,0.06165903512204152,0.031173105530612134,0.0
exchange,990,24,113,0.08991344004793111,0.04495672002396556,0.01540654826339371,0.0
exchange,991,16,113,0.11707165346908166,0.05853582673454083,0.02983670297446535,0.0
exchange,992,24,113,0.10764830319855245,0.053824151599276226,0.021077261060616605,0.0
exchange,993,24,113,0.15229564059624767,0.07614782029812384,0.030785817915539842,5.7389222284931485e-06
exchange,994,24,113,0.18463206356422568,0.09231603178211284,0.04059338969470589,0.0
exchange,995,24,113,0.1659963803583261,0.08299819017916304,0.03600858143384481,0.0
exchange,996,8,113,0.0769600409417599,0.03848002047087995,0.01935940797097046,0.0
exchange,997,24,113,0.23362628358326454,0.11681314179163227,0.05270663244367756,0.0
exchange,998,16,113,0.11212467279853633,0.056062336399268164,0.028396811986926875,0.0
exchange,999,24,113,0.16668092410226565,0.08334046205113282,0.03604097484875426,7.137867672091236e-06
exchange,1000,8,113,0.07277791075171491,0.03638895537585746,0.018313865192381762,0.0
exchange,1001,8,113,0.042778090136144975,0.021389045068072488,0.010767699092658081,0.0
exchange,1002,8,113,0.051479234273330676,0.025739617136665338,0.012947945242177728,0.0
exchange,1003,24,113,0.10137686744372787,0.050688433721863935,0.019592946874820095,7.225819391720734e-06
exchange,1004,16,113,0.1592981462758304,0.0796490731379152,0.03992938934794142,0.0
exchange,1005,16,113,0.03054227492124717,0.015271137460623585,0.007229163366395172,5.409025399027989e-06
exchange,1006,16,113,0.11219793431492442,0.05609896715746221,0.02853801175675779,0.0
exchange,1007,8,113,0.04230108567625146,0.02115054283812573,0.010635359890265112,0.0
exchange,1008,8,113,0.045700934946830585,0.022850467473415292,0.011503953572482946,0.0
exchange,1009,16,113,0.09442475722009269,0.047212378610046346,0.02424577930037994,0.0
exchange,1010,8,113,0.0728235319291256,0.0364117659645628,0.018302186079826022,0.0
exchange,1011,24,113,0.24068081598677232,0.12034040799338616,0.05533753875469518,0.0
exchange,1012,16,113,0.15867315366303802,0.07933657683151901,0.03984046726517754,0.0
exchange,1013,8,113,0.038833701108146434,0.019416850554073217,0.009767303414807358,0.0
exchange,1014,24,113,0.13333000080541535,0.06666500040270767,0.027101047702602257,6.964103634987673e-06
exchange,1015,8,113,0.067151846456045,0.0335759232280225,0.01689826592089354,0.0
exchange,1016,16,113,0.12496203623303526,0.06248101811651763,0.0318325486296661,0.0
exchange,1017,24,113,0.1646794896538768,0.0823397448269384,0.035384730764123296,6.087099195695167e-06
exchange,1018,8,113,0.05550043425316187,0.027750217126580934,0.01395730623485723,0.0
exchange,1019,16,113,0.13154916775948933,0.06577458387974466,0.03335743363333239,0.0
exchange,1020,16,113,0.11604179751883792,0.05802089875941896,0.02941153916119193,0.0
exchange,1021,8,113,0.08728333485970641,0.043641667429853204,0.021959577601170822,0.0
exchange,1022,8,113,0.05503244930642459,0.027516224653212296,0.013828303901688094,0.0
exchange,1023,24,113,0.13079424941657247,0.06539712470828624,0.026636840478868707,6.585469934816679e-06
