method,checkpoint,allocation,shots,cal_draw,repeat,mae,offline_shots
product_affine_raw,none,none,0,-1,-1,0.4345937967300415,0
exact_marginal_affine_raw,none,none,0,-1,-1,0.44255340099334717,0
neural_raw,neural_bidir_seed0_raw,none,0,-1,-1,0.38127297163009644,0
neural_raw,neural_bidir_seed1_raw,none,0,-1,-1,0.38469478487968445,0
neural_raw,neural_bidir_seed2_raw,none,0,-1,-1,0.38069039583206177,0
neural_raw,neural_bidir_seed3_raw,none,0,-1,-1,0.3794372081756592,0
neural_raw,neural_bidir_seed4_raw,none,0,-1,-1,0.3815585970878601,0
constant_mean_prior,none,none,0,0,0,0.1658768653869629,4096
constant_median_prior,none,none,0,0,0,0.1665978580713272,4096
summary_ridge_prior,none,none,0,0,0,0.10698483139276505,4096
product_affine_prior,none,none,0,0,0,0.11916890740394592,4096
exact_marginal_affine_prior,none,none,0,0,0,0.11659254133701324,4096
neural_prior,neural_bidir_seed0_prior,none,0,0,0,0.09860841929912567,4096
neural_prior,neural_bidir_seed1_prior,none,0,0,0,0.10101476311683655,4096
neural_prior,neural_bidir_seed2_prior,none,0,0,0,0.09864214062690735,4096
neural_prior,neural_bidir_seed3_prior,none,0,0,0,0.09884674847126007,4096
neural_prior,neural_bidir_seed4_prior,none,0,0,0,0.09791651368141174,4096
summary_ridge_eb,none,zz_known,12,0,0,0.07866737246513367,4096
neural_eb,neural_bidir_seed0_eb,zz_known,12,0,0,0.07545772194862366,4096
neural_eb,neural_bidir_seed1_eb,zz_known,12,0,0,0.07635881006717682,4096
neural_eb,neural_bidir_seed2_eb,zz_known,12,0,0,0.07542096078395844,4096
neural_eb,neural_bidir_seed3_eb,zz_known,12,0,0,0.07549065351486206,4096
neural_eb,neural_bidir_seed4_eb,zz_known,12,0,0,0.07516507804393768,4096
summary_ridge_eb,none,zz_known,16,0,0,0.06881240010261536,4096
neural_eb,neural_bidir_seed0_eb,zz_known,16,0,0,0.06836586445569992,4096
neural_eb,neural_bidir_seed1_eb,zz_known,16,0,0,0.06912258267402649,4096
neural_eb,neural_bidir_seed2_eb,zz_known,16,0,0,0.06834014505147934,4096
neural_eb,neural_bidir_seed3_eb,zz_known,16,0,0,0.06834657490253448,4096
neural_eb,neural_bidir_seed4_eb,zz_known,16,0,0,0.06818094849586487,4096
constant_mean_eb,none,zz_known,20,0,0,0.0733906626701355,4096
summary_ridge_eb,none,zz_known,20,0,0,0.06356924027204514,4096
neural_eb,neural_bidir_seed0_eb,zz_known,20,0,0,0.06332801282405853,4096
neural_eb,neural_bidir_seed1_eb,zz_known,20,0,0,0.06393194198608398,4096
neural_eb,neural_bidir_seed2_eb,zz_known,20,0,0,0.06329509615898132,4096
neural_eb,neural_bidir_seed3_eb,zz_known,20,0,0,0.06322993338108063,4096
neural_eb,neural_bidir_seed4_eb,zz_known,20,0,0,0.06310221552848816,4096
dfe,none,zz_known,24,0,0,0.07387537509202957,0
constant_mean_eb,none,zz_known,24,0,0,0.0702451765537262,4096
neural_eb,neural_bidir_seed0_eb,zz_known,24,0,0,0.06007327139377594,4096
neural_eb,neural_bidir_seed1_eb,zz_known,24,0,0,0.06053547561168671,4096
neural_eb,neural_bidir_seed2_eb,zz_known,24,0,0,0.06002756953239441,4096
neural_eb,neural_bidir_seed3_eb,zz_known,24,0,0,0.06007232517004013,4096
neural_eb,neural_bidir_seed4_eb,zz_known,24,0,0,0.05988333746790886,4096
dfe,none,zz_known,28,0,0,0.06819574534893036,0
summary_ridge_eb,none,zz_known,28,0,0,0.05743787810206413,4096
dfe,none,zz_known,32,0,0,0.06375443935394287,0
constant_mean_eb,none,zz_known,32,0,0,0.060930341482162476,4096
summary_ridge_eb,none,zz_known,32,0,0,0.05460789054632187,4096
neural_eb,neural_bidir_seed0_eb,zz_known,32,0,0,0.05412032827734947,4096
neural_eb,neural_bidir_seed1_eb,zz_known,32,0,0,0.054457902908325195,4096
neural_eb,neural_bidir_seed2_eb,zz_known,32,0,0,0.05413297191262245,4096
neural_eb,neural_bidir_seed3_eb,zz_known,32,0,0,0.054121606051921844,4096
neural_eb,neural_bidir_seed4_eb,zz_known,32,0,0,0.05406050756573677,4096
constant_mean_eb,none,zz_known,36,0,0,0.058085836470127106,4096
summary_ridge_eb,none,zz_known,36,0,0,0.05241292342543602,4096
neural_eb,neural_bidir_seed0_eb,zz_known,36,0,0,0.052113037556409836,4096
neural_eb,neural_bidir_seed1_eb,zz_known,36,0,0,0.05245368182659149,4096
neural_eb,neural_bidir_seed2_eb,zz_known,36,0,0,0.05208485946059227,4096
neural_eb,neural_bidir_seed3_eb,zz_known,36,0,0,0.0521048977971077,4096
neural_eb,neural_bidir_seed4_eb,zz_known,36,0,0,0.05197163671255112,4096
dfe,none,zz_known,40,0,0,0.05701284855604172,0
neural_eb,neural_bidir_seed0_eb,zz_known,40,0,0,0.0496608167886734,4096
neural_eb,neural_bidir_seed1_eb,zz_known,40,0,0,0.049985043704509735,4096
neural_eb,neural_bidir_seed2_eb,zz_known,40,0,0,0.04961887001991272,4096
neural_eb,neural_bidir_seed3_eb,zz_known,40,0,0,0.0495925098657608,4096
neural_eb,neural_bidir_seed4_eb,zz_known,40,0,0,0.04954785853624344,4096
dfe,none,zz_known,44,0,0,0.05494150146842003,0
constant_mean_eb,none,zz_known,44,0,0,0.05274984985589981,4096
summary_ridge_eb,none,zz_known,44,0,0,0.04805353283882141,4096
dfe,none,zz_known,48,0,0,0.052302248775959015,0
constant_mean_eb,none,zz_known,52,0,0,0.04829392582178116,4096
neural_eb,neural_bidir_seed0_eb,zz_known,52,0,0,0.04413202777504921,4096
neural_eb,neural_bidir_seed1_eb,zz_known,52,0,0,0.04436379671096802,4096
neural_eb,neural_bidir_seed2_eb,zz_known,52,0,0,0.04411405324935913,4096
neural_eb,neural_bidir_seed3_eb,zz_known,52,0,0,0.044099558144807816,4096
neural_eb,neural_bidir_seed4_eb,zz_known,52,0,0,0.044064778834581375,4096
dfe,none,zz_known,56,0,0,0.047706473618745804,0
summary_ridge_eb,none,zz_known,56,0,0,0.043064020574092865,4096
constant_mean_eb,none,zz_known,64,0,0,0.044369347393512726,4096
dfe,none,zz_known,68,0,0,0.04375222325325012,0
summary_ridge_eb,none,zz_known,72,0,0,0.03905648738145828,4096
neural_eb,neural_bidir_seed0_eb,zz_known,72,0,0,0.03889874741435051,4096
neural_eb,neural_bidir_seed1_eb,zz_known,72,0,0,0.03904758766293526,4096
neural_eb,neural_bidir_seed2_eb,zz_known,72,0,0,0.0388924777507782,4096
neural_eb,neural_bidir_seed3_eb,zz_known,72,0,0,0.0388970784842968,4096
neural_eb,neural_bidir_seed4_eb,zz_known,72,0,0,0.03885325416922569,4096
constant_mean_eb,none,zz_known,80,0,0,0.03995341435074806,4096
dfe,none,zz_known,84,0,0,0.03854656219482422,0
summary_ridge_eb,none,zz_known,96,0,0,0.03454263508319855,4096
neural_eb,neural_bidir_seed0_eb,zz_known,96,0,0,0.034515611827373505,4096
neural_eb,neural_bidir_seed1_eb,zz_known,96,0,0,0.034625761210918427,4096
neural_eb,neural_bidir_seed2_eb,zz_known,96,0,0,0.03449989855289459,4096
neural_eb,neural_bidir_seed3_eb,zz_known,96,0,0,0.03448043018579483,4096
neural_eb,neural_bidir_seed4_eb,zz_known,96,0,0,0.034456681460142136,4096
dfe,none,zz_known,128,0,0,0.031665995717048645,0
constant_mean_eb,none,zz_known,128,0,0,0.03136596083641052,4096
dfe,none,zz_known,192,0,0,0.02603120356798172,0
constant_mean_eb,none,zz_known,192,0,0,0.025838248431682587,4096
summary_ridge_eb,none,zz_known,192,0,0,0.025257470086216927,4096
neural_eb,neural_bidir_seed0_eb,zz_known,192,0,0,0.025104038417339325,4096
neural_eb,neural_bidir_seed1_eb,zz_known,192,0,0,0.025126757100224495,4096
neural_eb,neural_bidir_seed2_eb,zz_known,192,0,0,0.025102917104959488,4096
neural_eb,neural_bidir_seed3_eb,zz_known,192,0,0,0.025108831003308296,4096
neural_eb,neural_bidir_seed4_eb,zz_known,192,0,0,0.025090985000133514,4096
constant_mean_prior,none,none,0,0,1,0.16563750803470612,4096
constant_median_prior,none,none,0,0,1,0.1665978580713272,4096
summary_ridge_prior,none,none,0,0,1,0.10638781636953354,4096
product_affine_prior,none,none,0,0,1,0.1190217137336731,4096
exact_marginal_affine_prior,none,none,0,0,1,0.11640368402004242,4096
neural_prior,neural_bidir_seed0_prior,none,0,0,1,0.09913694858551025,4096
neural_prior,neural_bidir_seed1_prior,none,0,0,1,0.10171593725681305,4096
neural_prior,neural_bidir_seed2_prior,none,0,0,1,0.09919396042823792,4096
neural_prior,neural_bidir_seed3_prior,none,0,0,1,0.09913939237594604,4096
neural_prior,neural_bidir_seed4_prior,none,0,0,1,0.09848911315202713,4096
summary_ridge_eb,none,zz_known,12,0,1,0.07905562222003937,4096
neural_eb,neural_bidir_seed0_eb,zz_known,12,0,1,0.07703578472137451,4096
neural_eb,neural_bidir_seed1_eb,zz_known,12,0,1,0.07783211022615433,4096
neural_eb,neural_bidir_seed2_eb,zz_known,12,0,1,0.07697571814060211,4096
neural_eb,neural_bidir_seed3_eb,zz_known,12,0,1,0.07691516727209091,4096
neural_eb,neural_bidir_seed4_eb,zz_known,12,0,1,0.07678909599781036,4096
summary_ridge_eb,none,zz_known,16,0,1,0.0707051008939743,4096
neural_eb,neural_bidir_seed0_eb,zz_known,16,0,1,0.06975869089365005,4096
neural_eb,neural_bidir_seed1_eb,zz_known,16,0,1,0.07041231542825699,4096
neural_eb,neural_bidir_seed2_eb,zz_known,16,0,1,0.06968957930803299,4096
neural_eb,neural_bidir_seed3_eb,zz_known,16,0,1,0.0696728378534317,4096
neural_eb,neural_bidir_seed4_eb,zz_known,16,0,1,0.06949706375598907,4096
constant_mean_eb,none,zz_known,20,0,1,0.0757073163986206,4096
summary_ridge_eb,none,zz_known,20,0,1,0.06537052989006042,4096
neural_eb,neural_bidir_seed0_eb,zz_known,20,0,1,0.06497199088335037,4096
neural_eb,neural_bidir_seed1_eb,zz_known,20,0,1,0.06550534814596176,4096
neural_eb,neural_bidir_seed2_eb,zz_known,20,0,1,0.06494070589542389,4096
neural_eb,neural_bidir_seed3_eb,zz_known,20,0,1,0.06488925963640213,4096
neural_eb,neural_bidir_seed4_eb,zz_known,20,0,1,0.06476546823978424,4096
dfe,none,zz_known,24,0,1,0.07249073684215546,0
constant_mean_eb,none,zz_known,24,0,1,0.06919754296541214,4096
neural_eb,neural_bidir_seed0_eb,zz_known,24,0,1,0.06045577675104141,4096
neural_eb,neural_bidir_seed1_eb,zz_known,24,0,1,0.06086287274956703,4096
neural_eb,neural_bidir_seed2_eb,zz_known,24,0,1,0.06038711592555046,4096
neural_eb,neural_bidir_seed3_eb,zz_known,24,0,1,0.06044387072324753,4096
neural_eb,neural_bidir_seed4_eb,zz_known,24,0,1,0.060286492109298706,4096
dfe,none,zz_known,28,0,1,0.06630232185125351,0
summary_ridge_eb,none,zz_known,28,0,1,0.056787021458148956,4096
dfe,none,zz_known,32,0,1,0.06364889442920685,0
constant_mean_eb,none,zz_known,32,0,1,0.06054805964231491,4096
summary_ridge_eb,none,zz_known,32,0,1,0.05455346405506134,4096
neural_eb,neural_bidir_seed0_eb,zz_known,32,0,1,0.05413701385259628,4096
neural_eb,neural_bidir_seed1_eb,zz_known,32,0,1,0.054390206933021545,4096
neural_eb,neural_bidir_seed2_eb,zz_known,32,0,1,0.05410803109407425,4096
neural_eb,neural_bidir_seed3_eb,zz_known,32,0,1,0.054121993482112885,4096
neural_eb,neural_bidir_seed4_eb,zz_known,32,0,1,0.05400705337524414,4096
constant_mean_eb,none,zz_known,36,0,1,0.057008132338523865,4096
summary_ridge_eb,none,zz_known,36,0,1,0.05159246176481247,4096
neural_eb,neural_bidir_seed0_eb,zz_known,36,0,1,0.0513557568192482,4096
neural_eb,neural_bidir_seed1_eb,zz_known,36,0,1,0.05162132531404495,4096
neural_eb,neural_bidir_seed2_eb,zz_known,36,0,1,0.05131414905190468,4096
neural_eb,neural_bidir_seed3_eb,zz_known,36,0,1,0.05131855979561806,4096
neural_eb,neural_bidir_seed4_eb,zz_known,36,0,1,0.05120168626308441,4096
dfe,none,zz_known,40,0,1,0.05662691593170166,0
neural_eb,neural_bidir_seed0_eb,zz_known,40,0,1,0.04949487745761871,4096
neural_eb,neural_bidir_seed1_eb,zz_known,40,0,1,0.04977184906601906,4096
neural_eb,neural_bidir_seed2_eb,zz_known,40,0,1,0.049481168389320374,4096
neural_eb,neural_bidir_seed3_eb,zz_known,40,0,1,0.049456171691417694,4096
neural_eb,neural_bidir_seed4_eb,zz_known,40,0,1,0.0494234636425972,4096
dfe,none,zz_known,44,0,1,0.05400592088699341,0
constant_mean_eb,none,zz_known,44,0,1,0.051833558827638626,4096
summary_ridge_eb,none,zz_known,44,0,1,0.048130959272384644,4096
dfe,none,zz_known,48,0,1,0.05206784978508949,0
constant_mean_eb,none,zz_known,52,0,1,0.0500529408454895,4096
neural_eb,neural_bidir_seed0_eb,zz_known,52,0,1,0.04582494497299194,4096
neural_eb,neural_bidir_seed1_eb,zz_known,52,0,1,0.04603368788957596,4096
neural_eb,neural_bidir_seed2_eb,zz_known,52,0,1,0.045799653977155685,4096
neural_eb,neural_bidir_seed3_eb,zz_known,52,0,1,0.045808061957359314,4096
neural_eb,neural_bidir_seed4_eb,zz_known,52,0,1,0.04574829339981079,4096
dfe,none,zz_known,56,0,1,0.04836028069257736,0
summary_ridge_eb,none,zz_known,56,0,1,0.0437622107565403,4096
constant_mean_eb,none,zz_known,64,0,1,0.04418986663222313,4096
dfe,none,zz_known,68,0,1,0.04469577223062515,0
summary_ridge_eb,none,zz_known,72,0,1,0.0394955649971962,4096
neural_eb,neural_bidir_seed0_eb,zz_known,72,0,1,0.0395008884370327,4096
neural_eb,neural_bidir_seed1_eb,zz_known,72,0,1,0.039624087512493134,4096
neural_eb,neural_bidir_seed2_eb,zz_known,72,0,1,0.039489518851041794,4096
neural_eb,neural_bidir_seed3_eb,zz_known,72,0,1,0.0394701212644577,4096
neural_eb,neural_bidir_seed4_eb,zz_known,72,0,1,0.039445966482162476,4096
constant_mean_eb,none,zz_known,80,0,1,0.03989877179265022,4096
dfe,none,zz_known,84,0,1,0.03818688541650772,0
summary_ridge_eb,none,zz_known,96,0,1,0.0347449854016304,4096
neural_eb,neural_bidir_seed0_eb,zz_known,96,0,1,0.034619953483343124,4096
neural_eb,neural_bidir_seed1_eb,zz_known,96,0,1,0.03466775268316269,4096
neural_eb,neural_bidir_seed2_eb,zz_known,96,0,1,0.034626737236976624,4096
neural_eb,neural_bidir_seed3_eb,zz_known,96,0,1,0.03465016558766365,4096
neural_eb,neural_bidir_seed4_eb,zz_known,96,0,1,0.03460327163338661,4096
dfe,none,zz_known,128,0,1,0.03170843422412872,0
constant_mean_eb,none,zz_known,128,0,1,0.031241487711668015,4096
dfe,none,zz_known,192,0,1,0.025977937504649162,0
constant_mean_eb,none,zz_known,192,0,1,0.02584679052233696,4096
summary_ridge_eb,none,zz_known,192,0,1,0.025187242776155472,4096
neural_eb,neural_bidir_seed0_eb,zz_known,192,0,1,0.025307612493634224,4096
neural_eb,neural_bidir_seed1_eb,zz_known,192,0,1,0.025336720049381256,4096
neural_eb,neural_bidir_seed2_eb,zz_known,192,0,1,0.02530590072274208,4096
neural_eb,neural_bidir_seed3_eb,zz_known,192,0,1,0.025310389697551727,4096
neural_eb,neural_bidir_seed4_eb,zz_known,192,0,1,0.025307316333055496,4096
constant_mean_prior,none,none,0,0,2,0.16681446135044098,4096
constant_median_prior,none,none,0,0,2,0.1665978580713272,4096
summary_ridge_prior,none,none,0,0,2,0.10137787461280823,4096
product_affine_prior,none,none,0,0,2,0.11365348100662231,4096
exact_marginal_affine_prior,none,none,0,0,2,0.11075013875961304,4096
neural_prior,neural_bidir_seed0_prior,none,0,0,2,0.09087099134922028,4096
neural_prior,neural_bidir_seed1_prior,none,0,0,2,0.09351781755685806,4096
neural_prior,neural_bidir_seed2_prior,none,0,0,2,0.090865358710289,4096
neural_prior,neural_bidir_seed3_prior,none,0,0,2,0.090810127556324,4096
neural_prior,neural_bidir_seed4_prior,none,0,0,2,0.09016425162553787,4096
summary_ridge_eb,none,zz_known,12,0,2,0.07838559150695801,4096
neural_eb,neural_bidir_seed0_eb,zz_known,12,0,2,0.07527624070644379,4096
neural_eb,neural_bidir_seed1_eb,zz_known,12,0,2,0.07625354826450348,4096
neural_eb,neural_bidir_seed2_eb,zz_known,12,0,2,0.07524290680885315,4096
neural_eb,neural_bidir_seed3_eb,zz_known,12,0,2,0.0751589834690094,4096
neural_eb,neural_bidir_seed4_eb,zz_known,12,0,2,0.07498198747634888,4096
summary_ridge_eb,none,zz_known,16,0,2,0.07043944299221039,4096
neural_eb,neural_bidir_seed0_eb,zz_known,16,0,2,0.06886744499206543,4096
neural_eb,neural_bidir_seed1_eb,zz_known,16,0,2,0.06962119787931442,4096
neural_eb,neural_bidir_seed2_eb,zz_known,16,0,2,0.0688568502664566,4096
neural_eb,neural_bidir_seed3_eb,zz_known,16,0,2,0.06883832067251205,4096
neural_eb,neural_bidir_seed4_eb,zz_known,16,0,2,0.06859353184700012,4096
constant_mean_eb,none,zz_known,20,0,2,0.07605262845754623,4096
summary_ridge_eb,none,zz_known,20,0,2,0.06526167690753937,4096
neural_eb,neural_bidir_seed0_eb,zz_known,20,0,2,0.06336258351802826,4096
neural_eb,neural_bidir_seed1_eb,zz_known,20,0,2,0.06392789632081985,4096
neural_eb,neural_bidir_seed2_eb,zz_known,20,0,2,0.0632849782705307,4096
neural_eb,neural_bidir_seed3_eb,zz_known,20,0,2,0.06327930092811584,4096
neural_eb,neural_bidir_seed4_eb,zz_known,20,0,2,0.06316724419593811,4096
dfe,none,zz_known,24,0,2,0.0742180347442627,0
constant_mean_eb,none,zz_known,24,0,2,0.07032859325408936,4096
neural_eb,neural_bidir_seed0_eb,zz_known,24,0,2,0.05948782339692116,4096
neural_eb,neural_bidir_seed1_eb,zz_known,24,0,2,0.06001748889684677,4096
neural_eb,neural_bidir_seed2_eb,zz_known,24,0,2,0.05949624627828598,4096
neural_eb,neural_bidir_seed3_eb,zz_known,24,0,2,0.059506550431251526,4096
neural_eb,neural_bidir_seed4_eb,zz_known,24,0,2,0.05932760238647461,4096
dfe,none,zz_known,28,0,2,0.06646411865949631,0
summary_ridge_eb,none,zz_known,28,0,2,0.05675032362341881,4096
dfe,none,zz_known,32,0,2,0.06509659439325333,0
constant_mean_eb,none,zz_known,32,0,2,0.06155882403254509,4096
summary_ridge_eb,none,zz_known,32,0,2,0.05542074888944626,4096
neural_eb,neural_bidir_seed0_eb,zz_known,32,0,2,0.054177701473236084,4096
neural_eb,neural_bidir_seed1_eb,zz_known,32,0,2,0.05451919138431549,4096
neural_eb,neural_bidir_seed2_eb,zz_known,32,0,2,0.054107487201690674,4096
neural_eb,neural_bidir_seed3_eb,zz_known,32,0,2,0.054209500551223755,4096
neural_eb,neural_bidir_seed4_eb,zz_known,32,0,2,0.05397381633520126,4096
constant_mean_eb,none,zz_known,36,0,2,0.05738980323076248,4096
summary_ridge_eb,none,zz_known,36,0,2,0.05179955065250397,4096
neural_eb,neural_bidir_seed0_eb,zz_known,36,0,2,0.051276154816150665,4096
neural_eb,neural_bidir_seed1_eb,zz_known,36,0,2,0.05160045251250267,4096
neural_eb,neural_bidir_seed2_eb,zz_known,36,0,2,0.05126470699906349,4096
neural_eb,neural_bidir_seed3_eb,zz_known,36,0,2,0.05124448239803314,4096
neural_eb,neural_bidir_seed4_eb,zz_known,36,0,2,0.0511649064719677,4096
dfe,none,zz_known,40,0,2,0.05662862956523895,0
neural_eb,neural_bidir_seed0_eb,zz_known,40,0,2,0.04909338429570198,4096
neural_eb,neural_bidir_seed1_eb,zz_known,40,0,2,0.049414701759815216,4096
neural_eb,neural_bidir_seed2_eb,zz_known,40,0,2,0.04908756911754608,4096
neural_eb,neural_bidir_seed3_eb,zz_known,40,0,2,0.04907506704330444,4096
neural_eb,neural_bidir_seed4_eb,zz_known,40,0,2,0.04903664439916611,4096
dfe,none,zz_known,44,0,2,0.0549112930893898,0
constant_mean_eb,none,zz_known,44,0,2,0.05323232710361481,4096
summary_ridge_eb,none,zz_known,44,0,2,0.04790978878736496,4096
dfe,none,zz_known,48,0,2,0.05157609283924103,0
constant_mean_eb,none,zz_known,52,0,2,0.04763825237751007,4096
neural_eb,neural_bidir_seed0_eb,zz_known,52,0,2,0.04444902390241623,4096
neural_eb,neural_bidir_seed1_eb,zz_known,52,0,2,0.04462682455778122,4096
neural_eb,neural_bidir_seed2_eb,zz_known,52,0,2,0.04441964998841286,4096
neural_eb,neural_bidir_seed3_eb,zz_known,52,0,2,0.04445686936378479,4096
neural_eb,neural_bidir_seed4_eb,zz_known,52,0,2,0.044378891587257385,4096
dfe,none,zz_known,56,0,2,0.047670841217041016,0
summary_ridge_eb,none,zz_known,56,0,2,0.04289078712463379,4096
constant_mean_eb,none,zz_known,64,0,2,0.044199034571647644,4096
dfe,none,zz_known,68,0,2,0.04487073794007301,0
summary_ridge_eb,none,zz_known,72,0,2,0.03945188224315643,4096
neural_eb,neural_bidir_seed0_eb,zz_known,72,0,2,0.03945101797580719,4096
neural_eb,neural_bidir_seed1_eb,zz_known,72,0,2,0.039605915546417236,4096
neural_eb,neural_bidir_seed2_eb,zz_known,72,0,2,0.03945738822221756,4096
neural_eb,neural_bidir_seed3_eb,zz_known,72,0,2,0.03943755850195885,4096
neural_eb,neural_bidir_seed4_eb,zz_known,72,0,2,0.0393725223839283,4096
constant_mean_eb,none,zz_known,80,0,2,0.03932509571313858,4096
dfe,none,zz_known,84,0,2,0.039599448442459106,0
summary_ridge_eb,none,zz_known,96,0,2,0.03504382446408272,4096
neural_eb,neural_bidir_seed0_eb,zz_known,96,0,2,0.0352662056684494,4096
neural_eb,neural_bidir_seed1_eb,zz_known,96,0,2,0.035355087369680405,4096
neural_eb,neural_bidir_seed2_eb,zz_known,96,0,2,0.03525443375110626,4096
neural_eb,neural_bidir_seed3_eb,zz_known,96,0,2,0.03524339199066162,4096
neural_eb,neural_bidir_seed4_eb,zz_known,96,0,2,0.035218045115470886,4096
dfe,none,zz_known,128,0,2,0.031313084065914154,0
constant_mean_eb,none,zz_known,128,0,2,0.03100617229938507,4096
dfe,none,zz_known,192,0,2,0.025389859452843666,0
constant_mean_eb,none,zz_known,192,0,2,0.025313876569271088,4096
summary_ridge_eb,none,zz_known,192,0,2,0.024576593190431595,4096
neural_eb,neural_bidir_seed0_eb,zz_known,192,0,2,0.02486829273402691,4096
neural_eb,neural_bidir_seed1_eb,zz_known,192,0,2,0.02490929886698723,4096
neural_eb,neural_bidir_seed2_eb,zz_known,192,0,2,0.024864405393600464,4096
neural_eb,neural_bidir_seed3_eb,zz_known,192,0,2,0.024839844554662704,4096
neural_eb,neural_bidir_seed4_eb,zz_known,192,0,2,0.02485600672662258,4096
constant_mean_prior,none,none,0,0,3,0.16709981858730316,4096
constant_median_prior,none,none,0,0,3,0.16584572196006775,4096
summary_ridge_prior,none,none,0,0,3,0.10449407249689102,4096
product_affine_prior,none,none,0,0,3,0.11486497521400452,4096
exact_marginal_affine_prior,none,none,0,0,3,0.11210917681455612,4096
neural_prior,neural_bidir_seed0_prior,none,0,0,3,0.09340411424636841,4096
neural_prior,neural_bidir_seed1_prior,none,0,0,3,0.09600523114204407,4096
neural_prior,neural_bidir_seed2_prior,none,0,0,3,0.09345348179340363,4096
neural_prior,neural_bidir_seed3_prior,none,0,0,3,0.09350955486297607,4096
neural_prior,neural_bidir_seed4_prior,none,0,0,3,0.09272906184196472,4096
summary_ridge_eb,none,zz_known,12,0,3,0.0778045505285263,4096
neural_eb,neural_bidir_seed0_eb,zz_known,12,0,3,0.07493568956851959,4096
neural_eb,neural_bidir_seed1_eb,zz_known,12,0,3,0.07599260658025742,4096
neural_eb,neural_bidir_seed2_eb,zz_known,12,0,3,0.07492837309837341,4096
neural_eb,neural_bidir_seed3_eb,zz_known,12,0,3,0.07496550679206848,4096
neural_eb,neural_bidir_seed4_eb,zz_known,12,0,3,0.07461977005004883,4096
summary_ridge_eb,none,zz_known,16,0,3,0.06980463117361069,4096
neural_eb,neural_bidir_seed0_eb,zz_known,16,0,3,0.06642693281173706,4096
neural_eb,neural_bidir_seed1_eb,zz_known,16,0,3,0.06718257069587708,4096
neural_eb,neural_bidir_seed2_eb,zz_known,16,0,3,0.06638840585947037,4096
neural_eb,neural_bidir_seed3_eb,zz_known,16,0,3,0.0664723813533783,4096
neural_eb,neural_bidir_seed4_eb,zz_known,16,0,3,0.06619836390018463,4096
constant_mean_eb,none,zz_known,20,0,3,0.07612355053424835,4096
summary_ridge_eb,none,zz_known,20,0,3,0.06480181217193604,4096
neural_eb,neural_bidir_seed0_eb,zz_known,20,0,3,0.0625113993883133,4096
neural_eb,neural_bidir_seed1_eb,zz_known,20,0,3,0.06311067938804626,4096
neural_eb,neural_bidir_seed2_eb,zz_known,20,0,3,0.062469128519296646,4096
neural_eb,neural_bidir_seed3_eb,zz_known,20,0,3,0.0625072494149208,4096
neural_eb,neural_bidir_seed4_eb,zz_known,20,0,3,0.062285520136356354,4096
dfe,none,zz_known,24,0,3,0.07301825284957886,0
constant_mean_eb,none,zz_known,24,0,3,0.06912853568792343,4096
neural_eb,neural_bidir_seed0_eb,zz_known,24,0,3,0.05856063961982727,4096
neural_eb,neural_bidir_seed1_eb,zz_known,24,0,3,0.05905383080244064,4096
neural_eb,neural_bidir_seed2_eb,zz_known,24,0,3,0.058566078543663025,4096
neural_eb,neural_bidir_seed3_eb,zz_known,24,0,3,0.058611541986465454,4096
neural_eb,neural_bidir_seed4_eb,zz_known,24,0,3,0.05834555625915527,4096
dfe,none,zz_known,28,0,3,0.06963348388671875,0
summary_ridge_eb,none,zz_known,28,0,3,0.057272523641586304,4096
dfe,none,zz_known,32,0,3,0.06254014372825623,0
constant_mean_eb,none,zz_known,32,0,3,0.05899710953235626,4096
summary_ridge_eb,none,zz_known,32,0,3,0.05364766716957092,4096
neural_eb,neural_bidir_seed0_eb,zz_known,32,0,3,0.052348919212818146,4096
neural_eb,neural_bidir_seed1_eb,zz_known,32,0,3,0.052744194865226746,4096
neural_eb,neural_bidir_seed2_eb,zz_known,32,0,3,0.05235053598880768,4096
neural_eb,neural_bidir_seed3_eb,zz_known,32,0,3,0.05234390124678612,4096
neural_eb,neural_bidir_seed4_eb,zz_known,32,0,3,0.052217356860637665,4096
constant_mean_eb,none,zz_known,36,0,3,0.05649036169052124,4096
summary_ridge_eb,none,zz_known,36,0,3,0.05107882618904114,4096
neural_eb,neural_bidir_seed0_eb,zz_known,36,0,3,0.0505419559776783,4096
neural_eb,neural_bidir_seed1_eb,zz_known,36,0,3,0.05087929964065552,4096
neural_eb,neural_bidir_seed2_eb,zz_known,36,0,3,0.05052458122372627,4096
neural_eb,neural_bidir_seed3_eb,zz_known,36,0,3,0.050572700798511505,4096
neural_eb,neural_bidir_seed4_eb,zz_known,36,0,3,0.05041830241680145,4096
dfe,none,zz_known,40,0,3,0.05638479068875313,0
neural_eb,neural_bidir_seed0_eb,zz_known,40,0,3,0.04839877411723137,4096
neural_eb,neural_bidir_seed1_eb,zz_known,40,0,3,0.04869480058550835,4096
neural_eb,neural_bidir_seed2_eb,zz_known,40,0,3,0.048359423875808716,4096
neural_eb,neural_bidir_seed3_eb,zz_known,40,0,3,0.04839351773262024,4096
neural_eb,neural_bidir_seed4_eb,zz_known,40,0,3,0.04826468229293823,4096
dfe,none,zz_known,44,0,3,0.05430320277810097,0
constant_mean_eb,none,zz_known,44,0,3,0.0523335263133049,4096
summary_ridge_eb,none,zz_known,44,0,3,0.048229239881038666,4096
dfe,none,zz_known,48,0,3,0.052087586373090744,0
constant_mean_eb,none,zz_known,52,0,3,0.04834013432264328,4096
neural_eb,neural_bidir_seed0_eb,zz_known,52,0,3,0.0440845750272274,4096
neural_eb,neural_bidir_seed1_eb,zz_known,52,0,3,0.04431537166237831,4096
neural_eb,neural_bidir_seed2_eb,zz_known,52,0,3,0.04406682401895523,4096
neural_eb,neural_bidir_seed3_eb,zz_known,52,0,3,0.04412341117858887,4096
neural_eb,neural_bidir_seed4_eb,zz_known,52,0,3,0.043977465480566025,4096
dfe,none,zz_known,56,0,3,0.048168934881687164,0
summary_ridge_eb,none,zz_known,56,0,3,0.04340776056051254,4096
constant_mean_eb,none,zz_known,64,0,3,0.04420260339975357,4096
dfe,none,zz_known,68,0,3,0.043236441910266876,0
summary_ridge_eb,none,zz_known,72,0,3,0.03977882117033005,4096
neural_eb,neural_bidir_seed0_eb,zz_known,72,0,3,0.039242252707481384,4096
neural_eb,neural_bidir_seed1_eb,zz_known,72,0,3,0.039411503821611404,4096
neural_eb,neural_bidir_seed2_eb,zz_known,72,0,3,0.03923355042934418,4096
neural_eb,neural_bidir_seed3_eb,zz_known,72,0,3,0.0392373688519001,4096
neural_eb,neural_bidir_seed4_eb,zz_known,72,0,3,0.03917359188199043,4096
constant_mean_eb,none,zz_known,80,0,3,0.039932429790496826,4096
dfe,none,zz_known,84,0,3,0.03937123715877533,0
summary_ridge_eb,none,zz_known,96,0,3,0.03506183251738548,4096
neural_eb,neural_bidir_seed0_eb,zz_known,96,0,3,0.035007230937480927,4096
neural_eb,neural_bidir_seed1_eb,zz_known,96,0,3,0.035124048590660095,4096
neural_eb,neural_bidir_seed2_eb,zz_known,96,0,3,0.03498000651597977,4096
neural_eb,neural_bidir_seed3_eb,zz_known,96,0,3,0.03499506413936615,4096
neural_eb,neural_bidir_seed4_eb,zz_known,96,0,3,0.03496674448251724,4096
dfe,none,zz_known,128,0,3,0.031830862164497375,0
constant_mean_eb,none,zz_known,128,0,3,0.03134249150753021,4096
dfe,none,zz_known,192,0,3,0.02617570199072361,0
constant_mean_eb,none,zz_known,192,0,3,0.02604571171104908,4096
summary_ridge_eb,none,zz_known,192,0,3,0.025257345288991928,4096
neural_eb,neural_bidir_seed0_eb,zz_known,192,0,3,0.02499406784772873,4096
neural_eb,neural_bidir_seed1_eb,zz_known,192,0,3,0.02504861354827881,4096
neural_eb,neural_bidir_seed2_eb,zz_known,192,0,3,0.02499697357416153,4096
neural_eb,neural_bidir_seed3_eb,zz_known,192,0,3,0.025013037025928497,4096
neural_eb,neural_bidir_seed4_eb,zz_known,192,0,3,0.024977868422865868,4096
constant_mean_prior,none,none,0,0,4,0.1690540909767151,4096
constant_median_prior,none,none,0,0,4,0.1654042750597,4096
summary_ridge_prior,none,none,0,0,4,0.09855291992425919,4096
product_affine_prior,none,none,0,0,4,0.11168568581342697,4096
exact_marginal_affine_prior,none,none,0,0,4,0.10865263640880585,4096
neural_prior,neural_bidir_seed0_prior,none,0,0,4,0.08807344734668732,4096
neural_prior,neural_bidir_seed1_prior,none,0,0,4,0.09087103605270386,4096
neural_prior,neural_bidir_seed2_prior,none,0,0,4,0.08813157677650452,4096
neural_prior,neural_bidir_seed3_prior,none,0,0,4,0.08831316232681274,4096
neural_prior,neural_bidir_seed4_prior,none,0,0,4,0.08735944330692291,4096
summary_ridge_eb,none,zz_known,12,0,4,0.07503389567136765,4096
neural_eb,neural_bidir_seed0_eb,zz_known,12,0,4,0.0734703466296196,4096
neural_eb,neural_bidir_seed1_eb,zz_known,12,0,4,0.07454321533441544,4096
neural_eb,neural_bidir_seed2_eb,zz_known,12,0,4,0.07347990572452545,4096
neural_eb,neural_bidir_seed3_eb,zz_known,12,0,4,0.07357244938611984,4096
neural_eb,neural_bidir_seed4_eb,zz_known,12,0,4,0.07324328273534775,4096
summary_ridge_eb,none,zz_known,16,0,4,0.06999699771404266,4096
neural_eb,neural_bidir_seed0_eb,zz_known,16,0,4,0.06773866713047028,4096
neural_eb,neural_bidir_seed1_eb,zz_known,16,0,4,0.06860458105802536,4096
neural_eb,neural_bidir_seed2_eb,zz_known,16,0,4,0.06773925572633743,4096
neural_eb,neural_bidir_seed3_eb,zz_known,16,0,4,0.06780525296926498,4096
neural_eb,neural_bidir_seed4_eb,zz_known,16,0,4,0.06751851737499237,4096
constant_mean_eb,none,zz_known,20,0,4,0.0750550702214241,4096
summary_ridge_eb,none,zz_known,20,0,4,0.06372468918561935,4096
neural_eb,neural_bidir_seed0_eb,zz_known,20,0,4,0.06142037361860275,4096
neural_eb,neural_bidir_seed1_eb,zz_known,20,0,4,0.0621211975812912,4096
neural_eb,neural_bidir_seed2_eb,zz_known,20,0,4,0.06145185977220535,4096
neural_eb,neural_bidir_seed3_eb,zz_known,20,0,4,0.0616036020219326,4096
neural_eb,neural_bidir_seed4_eb,zz_known,20,0,4,0.061255909502506256,4096
dfe,none,zz_known,24,0,4,0.07517498731613159,0
constant_mean_eb,none,zz_known,24,0,4,0.0706702321767807,4096
neural_eb,neural_bidir_seed0_eb,zz_known,24,0,4,0.05871228128671646,4096
neural_eb,neural_bidir_seed1_eb,zz_known,24,0,4,0.05937686190009117,4096
neural_eb,neural_bidir_seed2_eb,zz_known,24,0,4,0.05876702815294266,4096
neural_eb,neural_bidir_seed3_eb,zz_known,24,0,4,0.058836646378040314,4096
neural_eb,neural_bidir_seed4_eb,zz_known,24,0,4,0.058597080409526825,4096
dfe,none,zz_known,28,0,4,0.0693429633975029,0
summary_ridge_eb,none,zz_known,28,0,4,0.056844599545001984,4096
dfe,none,zz_known,32,0,4,0.06387145817279816,0
constant_mean_eb,none,zz_known,32,0,4,0.06067433953285217,4096
summary_ridge_eb,none,zz_known,32,0,4,0.053558509796857834,4096
neural_eb,neural_bidir_seed0_eb,zz_known,32,0,4,0.05256696417927742,4096
neural_eb,neural_bidir_seed1_eb,zz_known,32,0,4,0.05304660648107529,4096
neural_eb,neural_bidir_seed2_eb,zz_known,32,0,4,0.052587851881980896,4096
neural_eb,neural_bidir_seed3_eb,zz_known,32,0,4,0.05262908712029457,4096
neural_eb,neural_bidir_seed4_eb,zz_known,32,0,4,0.05241674929857254,4096
constant_mean_eb,none,zz_known,36,0,4,0.05755213648080826,4096
summary_ridge_eb,none,zz_known,36,0,4,0.05204165726900101,4096
neural_eb,neural_bidir_seed0_eb,zz_known,36,0,4,0.05086212232708931,4096
neural_eb,neural_bidir_seed1_eb,zz_known,36,0,4,0.05121570825576782,4096
neural_eb,neural_bidir_seed2_eb,zz_known,36,0,4,0.05084886774420738,4096
neural_eb,neural_bidir_seed3_eb,zz_known,36,0,4,0.050890643149614334,4096
neural_eb,neural_bidir_seed4_eb,zz_known,36,0,4,0.050745610147714615,4096
dfe,none,zz_known,40,0,4,0.05697094649076462,0
neural_eb,neural_bidir_seed0_eb,zz_known,40,0,4,0.04885070025920868,4096
neural_eb,neural_bidir_seed1_eb,zz_known,40,0,4,0.049252141267061234,4096
neural_eb,neural_bidir_seed2_eb,zz_known,40,0,4,0.04887226223945618,4096
neural_eb,neural_bidir_seed3_eb,zz_known,40,0,4,0.048903606832027435,4096
neural_eb,neural_bidir_seed4_eb,zz_known,40,0,4,0.04879394918680191,4096
dfe,none,zz_known,44,0,4,0.05375336855649948,0
constant_mean_eb,none,zz_known,44,0,4,0.05172183737158775,4096
summary_ridge_eb,none,zz_known,44,0,4,0.04748803377151489,4096
dfe,none,zz_known,48,0,4,0.05266179144382477,0
constant_mean_eb,none,zz_known,52,0,4,0.04924729838967323,4096
neural_eb,neural_bidir_seed0_eb,zz_known,52,0,4,0.044653136283159256,4096
neural_eb,neural_bidir_seed1_eb,zz_known,52,0,4,0.04488997161388397,4096
neural_eb,neural_bidir_seed2_eb,zz_known,52,0,4,0.0446571484208107,4096
neural_eb,neural_bidir_seed3_eb,zz_known,52,0,4,0.0447351448237896,4096
neural_eb,neural_bidir_seed4_eb,zz_known,52,0,4,0.0446108803153038,4096
dfe,none,zz_known,56,0,4,0.04813641309738159,0
summary_ridge_eb,none,zz_known,56,0,4,0.04338064044713974,4096
constant_mean_eb,none,zz_known,64,0,4,0.04339265450835228,4096
dfe,none,zz_known,68,0,4,0.04340972751379013,0
summary_ridge_eb,none,zz_known,72,0,4,0.039390042424201965,4096
neural_eb,neural_bidir_seed0_eb,zz_known,72,0,4,0.03914836794137955,4096
neural_eb,neural_bidir_seed1_eb,zz_known,72,0,4,0.03929799050092697,4096
neural_eb,neural_bidir_seed2_eb,zz_known,72,0,4,0.0391252376139164,4096
neural_eb,neural_bidir_seed3_eb,zz_known,72,0,4,0.03916375711560249,4096
neural_eb,neural_bidir_seed4_eb,zz_known,72,0,4,0.03907376527786255,4096
constant_mean_eb,none,zz_known,80,0,4,0.039362139999866486,4096
dfe,none,zz_known,84,0,4,0.03900383412837982,0
summary_ridge_eb,none,zz_known,96,0,4,0.03454230725765228,4096
neural_eb,neural_bidir_seed0_eb,zz_known,96,0,4,0.03414337337017059,4096
neural_eb,neural_bidir_seed1_eb,zz_known,96,0,4,0.034271541982889175,4096
neural_eb,neural_bidir_seed2_eb,zz_known,96,0,4,0.03414991497993469,4096
neural_eb,neural_bidir_seed3_eb,zz_known,96,0,4,0.03417593613266945,4096
neural_eb,neural_bidir_seed4_eb,zz_known,96,0,4,0.03410780429840088,4096
dfe,none,zz_known,128,0,4,0.032189950346946716,0
constant_mean_eb,none,zz_known,128,0,4,0.03176456317305565,4096
dfe,none,zz_known,192,0,4,0.0260256789624691,0
constant_mean_eb,none,zz_known,192,0,4,0.025785217061638832,4096
summary_ridge_eb,none,zz_known,192,0,4,0.02523408830165863,4096
neural_eb,neural_bidir_seed0_eb,zz_known,192,0,4,0.02497737482190132,4096
neural_eb,neural_bidir_seed1_eb,zz_known,192,0,4,0.025010962039232254,4096
neural_eb,neural_bidir_seed2_eb,zz_known,192,0,4,0.02497449330985546,4096
neural_eb,neural_bidir_seed3_eb,zz_known,192,0,4,0.025001902133226395,4096
neural_eb,neural_bidir_seed4_eb,zz_known,192,0,4,0.02496388368308544,4096
constant_mean_prior,none,none,0,1,0,0.1774287223815918,4096
constant_median_prior,none,none,0,1,0,0.16719838976860046,4096
summary_ridge_prior,none,none,0,1,0,0.09545312076807022,4096
product_affine_prior,none,none,0,1,0,0.10714997351169586,4096
exact_marginal_affine_prior,none,none,0,1,0,0.10372886806726456,4096
neural_prior,neural_bidir_seed0_prior,none,0,1,0,0.08396384119987488,4096
neural_prior,neural_bidir_seed1_prior,none,0,1,0,0.08622701466083527,4096
neural_prior,neural_bidir_seed2_prior,none,0,1,0,0.08400371670722961,4096
neural_prior,neural_bidir_seed3_prior,none,0,1,0,0.08401833474636078,4096
neural_prior,neural_bidir_seed4_prior,none,0,1,0,0.08351720869541168,4096
summary_ridge_eb,none,zz_known,12,1,0,0.07677272707223892,4096
neural_eb,neural_bidir_seed0_eb,zz_known,12,1,0,0.07311436533927917,4096
neural_eb,neural_bidir_seed1_eb,zz_known,12,1,0,0.07412039488554001,4096
neural_eb,neural_bidir_seed2_eb,zz_known,12,1,0,0.0731494352221489,4096
neural_eb,neural_bidir_seed3_eb,zz_known,12,1,0,0.07324972748756409,4096
neural_eb,neural_bidir_seed4_eb,zz_known,12,1,0,0.07291457056999207,4096
summary_ridge_eb,none,zz_known,16,1,0,0.06775879859924316,4096
neural_eb,neural_bidir_seed0_eb,zz_known,16,1,0,0.06537563353776932,4096
neural_eb,neural_bidir_seed1_eb,zz_known,16,1,0,0.06617261469364166,4096
neural_eb,neural_bidir_seed2_eb,zz_known,16,1,0,0.06537841260433197,4096
neural_eb,neural_bidir_seed3_eb,zz_known,16,1,0,0.06546937674283981,4096
neural_eb,neural_bidir_seed4_eb,zz_known,16,1,0,0.0651850625872612,4096
constant_mean_eb,none,zz_known,20,1,0,0.07504463195800781,4096
summary_ridge_eb,none,zz_known,20,1,0,0.06411948800086975,4096
neural_eb,neural_bidir_seed0_eb,zz_known,20,1,0,0.06151282414793968,4096
neural_eb,neural_bidir_seed1_eb,zz_known,20,1,0,0.062164392322301865,4096
neural_eb,neural_bidir_seed2_eb,zz_known,20,1,0,0.06149836629629135,4096
neural_eb,neural_bidir_seed3_eb,zz_known,20,1,0,0.06163306534290314,4096
neural_eb,neural_bidir_seed4_eb,zz_known,20,1,0,0.06135959178209305,4096
dfe,none,zz_known,24,1,0,0.07422024011611938,0
constant_mean_eb,none,zz_known,24,1,0,0.06928279995918274,4096
neural_eb,neural_bidir_seed0_eb,zz_known,24,1,0,0.05846107006072998,4096
neural_eb,neural_bidir_seed1_eb,zz_known,24,1,0,0.05908436328172684,4096
neural_eb,neural_bidir_seed2_eb,zz_known,24,1,0,0.058495406061410904,4096
neural_eb,neural_bidir_seed3_eb,zz_known,24,1,0,0.058586057275533676,4096
neural_eb,neural_bidir_seed4_eb,zz_known,24,1,0,0.058419618755578995,4096
dfe,none,zz_known,28,1,0,0.0679507851600647,0
summary_ridge_eb,none,zz_known,28,1,0,0.05723483860492706,4096
dfe,none,zz_known,32,1,0,0.06269456446170807,0
constant_mean_eb,none,zz_known,32,1,0,0.06013992801308632,4096
summary_ridge_eb,none,zz_known,32,1,0,0.05330141633749008,4096
neural_eb,neural_bidir_seed0_eb,zz_known,32,1,0,0.05145973712205887,4096
neural_eb,neural_bidir_seed1_eb,zz_known,32,1,0,0.05190836638212204,4096
neural_eb,neural_bidir_seed2_eb,zz_known,32,1,0,0.051466189324855804,4096
neural_eb,neural_bidir_seed3_eb,zz_known,32,1,0,0.05158437043428421,4096
neural_eb,neural_bidir_seed4_eb,zz_known,32,1,0,0.051365483552217484,4096
constant_mean_eb,none,zz_known,36,1,0,0.05689325928688049,4096
summary_ridge_eb,none,zz_known,36,1,0,0.05071965232491493,4096
neural_eb,neural_bidir_seed0_eb,zz_known,36,1,0,0.049363814294338226,4096
neural_eb,neural_bidir_seed1_eb,zz_known,36,1,0,0.049792807549238205,4096
neural_eb,neural_bidir_seed2_eb,zz_known,36,1,0,0.04938127100467682,4096
neural_eb,neural_bidir_seed3_eb,zz_known,36,1,0,0.04944887384772301,4096
neural_eb,neural_bidir_seed4_eb,zz_known,36,1,0,0.04928536340594292,4096
dfe,none,zz_known,40,1,0,0.05702507495880127,0
neural_eb,neural_bidir_seed0_eb,zz_known,40,1,0,0.04798004776239395,4096
neural_eb,neural_bidir_seed1_eb,zz_known,40,1,0,0.04829932749271393,4096
neural_eb,neural_bidir_seed2_eb,zz_known,40,1,0,0.047971080988645554,4096
neural_eb,neural_bidir_seed3_eb,zz_known,40,1,0,0.048104073852300644,4096
neural_eb,neural_bidir_seed4_eb,zz_known,40,1,0,0.047912150621414185,4096
dfe,none,zz_known,44,1,0,0.05490413308143616,0
constant_mean_eb,none,zz_known,44,1,0,0.05268137902021408,4096
summary_ridge_eb,none,zz_known,44,1,0,0.047568321228027344,4096
dfe,none,zz_known,48,1,0,0.05274314433336258,0
constant_mean_eb,none,zz_known,52,1,0,0.048137687146663666,4096
neural_eb,neural_bidir_seed0_eb,zz_known,52,1,0,0.04316551983356476,4096
neural_eb,neural_bidir_seed1_eb,zz_known,52,1,0,0.04339019954204559,4096
neural_eb,neural_bidir_seed2_eb,zz_known,52,1,0,0.04316018521785736,4096
neural_eb,neural_bidir_seed3_eb,zz_known,52,1,0,0.04324238747358322,4096
neural_eb,neural_bidir_seed4_eb,zz_known,52,1,0,0.04312340170145035,4096
dfe,none,zz_known,56,1,0,0.04783197492361069,0
summary_ridge_eb,none,zz_known,56,1,0,0.04268316924571991,4096
constant_mean_eb,none,zz_known,64,1,0,0.043279312551021576,4096
dfe,none,zz_known,68,1,0,0.04306080937385559,0
summary_ridge_eb,none,zz_known,72,1,0,0.03832027688622475,4096
neural_eb,neural_bidir_seed0_eb,zz_known,72,1,0,0.03774183988571167,4096
neural_eb,neural_bidir_seed1_eb,zz_known,72,1,0,0.03794588893651962,4096
neural_eb,neural_bidir_seed2_eb,zz_known,72,1,0,0.03774188458919525,4096
neural_eb,neural_bidir_seed3_eb,zz_known,72,1,0,0.037736713886260986,4096
neural_eb,neural_bidir_seed4_eb,zz_known,72,1,0,0.03770146891474724,4096
constant_mean_eb,none,zz_known,80,1,0,0.039402350783348083,4096
dfe,none,zz_known,84,1,0,0.039594925940036774,0
summary_ridge_eb,none,zz_known,96,1,0,0.03410772979259491,4096
neural_eb,neural_bidir_seed0_eb,zz_known,96,1,0,0.033745065331459045,4096
neural_eb,neural_bidir_seed1_eb,zz_known,96,1,0,0.033879779279232025,4096
neural_eb,neural_bidir_seed2_eb,zz_known,96,1,0,0.033734939992427826,4096
neural_eb,neural_bidir_seed3_eb,zz_known,96,1,0,0.033761166036129,4096
neural_eb,neural_bidir_seed4_eb,zz_known,96,1,0,0.033725932240486145,4096
dfe,none,zz_known,128,1,0,0.03224777430295944,0
constant_mean_eb,none,zz_known,128,1,0,0.03182315081357956,4096
dfe,none,zz_known,192,1,0,0.026157155632972717,0
constant_mean_eb,none,zz_known,192,1,0,0.025975452736020088,4096
summary_ridge_eb,none,zz_known,192,1,0,0.025516455993056297,4096
neural_eb,neural_bidir_seed0_eb,zz_known,192,1,0,0.025304006412625313,4096
neural_eb,neural_bidir_seed1_eb,zz_known,192,1,0,0.025337137281894684,4096
neural_eb,neural_bidir_seed2_eb,zz_known,192,1,0,0.025301391258835793,4096
neural_eb,neural_bidir_seed3_eb,zz_known,192,1,0,0.025327689945697784,4096
neural_eb,neural_bidir_seed4_eb,zz_known,192,1,0,0.025302132591605186,4096
constant_mean_prior,none,none,0,1,1,0.1753542572259903,4096
constant_median_prior,none,none,0,1,1,0.16719838976860046,4096
summary_ridge_prior,none,none,0,1,1,0.09577874094247818,4096
product_affine_prior,none,none,0,1,1,0.10948889702558517,4096
exact_marginal_affine_prior,none,none,0,1,1,0.10634610056877136,4096
neural_prior,neural_bidir_seed0_prior,none,0,1,1,0.0860772505402565,4096
neural_prior,neural_bidir_seed1_prior,none,0,1,1,0.08844605833292007,4096
neural_prior,neural_bidir_seed2_prior,none,0,1,1,0.08624701201915741,4096
neural_prior,neural_bidir_seed3_prior,none,0,1,1,0.08620662987232208,4096
neural_prior,neural_bidir_seed4_prior,none,0,1,1,0.08570718765258789,4096
summary_ridge_eb,none,zz_known,12,1,1,0.07521502673625946,4096
neural_eb,neural_bidir_seed0_eb,zz_known,12,1,1,0.07238956540822983,4096
neural_eb,neural_bidir_seed1_eb,zz_known,12,1,1,0.07357519119977951,4096
neural_eb,neural_bidir_seed2_eb,zz_known,12,1,1,0.07241064310073853,4096
neural_eb,neural_bidir_seed3_eb,zz_known,12,1,1,0.07242822647094727,4096
neural_eb,neural_bidir_seed4_eb,zz_known,12,1,1,0.07219138741493225,4096
summary_ridge_eb,none,zz_known,16,1,1,0.06881962716579437,4096
neural_eb,neural_bidir_seed0_eb,zz_known,16,1,1,0.06591072678565979,4096
neural_eb,neural_bidir_seed1_eb,zz_known,16,1,1,0.06694984436035156,4096
neural_eb,neural_bidir_seed2_eb,zz_known,16,1,1,0.06590437144041061,4096
neural_eb,neural_bidir_seed3_eb,zz_known,16,1,1,0.06602302938699722,4096
neural_eb,neural_bidir_seed4_eb,zz_known,16,1,1,0.06573159247636795,4096
constant_mean_eb,none,zz_known,20,1,1,0.07501298189163208,4096
summary_ridge_eb,none,zz_known,20,1,1,0.06262814998626709,4096
neural_eb,neural_bidir_seed0_eb,zz_known,20,1,1,0.061328183859586716,4096
neural_eb,neural_bidir_seed1_eb,zz_known,20,1,1,0.06216263025999069,4096
neural_eb,neural_bidir_seed2_eb,zz_known,20,1,1,0.06125406548380852,4096
neural_eb,neural_bidir_seed3_eb,zz_known,20,1,1,0.06130689010024071,4096
neural_eb,neural_bidir_seed4_eb,zz_known,20,1,1,0.06110679358243942,4096
dfe,none,zz_known,24,1,1,0.07310932874679565,0
constant_mean_eb,none,zz_known,24,1,1,0.07008551061153412,4096
neural_eb,neural_bidir_seed0_eb,zz_known,24,1,1,0.057993754744529724,4096
neural_eb,neural_bidir_seed1_eb,zz_known,24,1,1,0.05875592678785324,4096
neural_eb,neural_bidir_seed2_eb,zz_known,24,1,1,0.05798836424946785,4096
neural_eb,neural_bidir_seed3_eb,zz_known,24,1,1,0.058013785630464554,4096
neural_eb,neural_bidir_seed4_eb,zz_known,24,1,1,0.05778755247592926,4096
dfe,none,zz_known,28,1,1,0.06759592145681381,0
summary_ridge_eb,none,zz_known,28,1,1,0.055848389863967896,4096
dfe,none,zz_known,32,1,1,0.06311969459056854,0
constant_mean_eb,none,zz_known,32,1,1,0.059598833322525024,4096
summary_ridge_eb,none,zz_known,32,1,1,0.05144409090280533,4096
neural_eb,neural_bidir_seed0_eb,zz_known,32,1,1,0.05110867694020271,4096
neural_eb,neural_bidir_seed1_eb,zz_known,32,1,1,0.0517323762178421,4096
neural_eb,neural_bidir_seed2_eb,zz_known,32,1,1,0.05103934183716774,4096
neural_eb,neural_bidir_seed3_eb,zz_known,32,1,1,0.051089804619550705,4096
neural_eb,neural_bidir_seed4_eb,zz_known,32,1,1,0.05093324929475784,4096
constant_mean_eb,none,zz_known,36,1,1,0.058143630623817444,4096
summary_ridge_eb,none,zz_known,36,1,1,0.05090324208140373,4096
neural_eb,neural_bidir_seed0_eb,zz_known,36,1,1,0.050362154841423035,4096
neural_eb,neural_bidir_seed1_eb,zz_known,36,1,1,0.050968095660209656,4096
neural_eb,neural_bidir_seed2_eb,zz_known,36,1,1,0.050280675292015076,4096
neural_eb,neural_bidir_seed3_eb,zz_known,36,1,1,0.05026242882013321,4096
neural_eb,neural_bidir_seed4_eb,zz_known,36,1,1,0.0502297542989254,4096
dfe,none,zz_known,40,1,1,0.057033151388168335,0
neural_eb,neural_bidir_seed0_eb,zz_known,40,1,1,0.048531726002693176,4096
neural_eb,neural_bidir_seed1_eb,zz_known,40,1,1,0.04899739846587181,4096
neural_eb,neural_bidir_seed2_eb,zz_known,40,1,1,0.048446133732795715,4096
neural_eb,neural_bidir_seed3_eb,zz_known,40,1,1,0.04845470190048218,4096
neural_eb,neural_bidir_seed4_eb,zz_known,40,1,1,0.04836405813694,4096
dfe,none,zz_known,44,1,1,0.05402345210313797,0
constant_mean_eb,none,zz_known,44,1,1,0.05227820575237274,4096
summary_ridge_eb,none,zz_known,44,1,1,0.046517036855220795,4096
dfe,none,zz_known,48,1,1,0.052953287959098816,0
constant_mean_eb,none,zz_known,52,1,1,0.0490383580327034,4096
neural_eb,neural_bidir_seed0_eb,zz_known,52,1,1,0.043909281492233276,4096
neural_eb,neural_bidir_seed1_eb,zz_known,52,1,1,0.04434945434331894,4096
neural_eb,neural_bidir_seed2_eb,zz_known,52,1,1,0.04388821870088577,4096
neural_eb,neural_bidir_seed3_eb,zz_known,52,1,1,0.043839454650878906,4096
neural_eb,neural_bidir_seed4_eb,zz_known,52,1,1,0.04381372779607773,4096
dfe,none,zz_known,56,1,1,0.049016423523426056,0
summary_ridge_eb,none,zz_known,56,1,1,0.043610744178295135,4096
constant_mean_eb,none,zz_known,64,1,1,0.043893974274396896,4096
dfe,none,zz_known,68,1,1,0.0443461611866951,0
summary_ridge_eb,none,zz_known,72,1,1,0.039078086614608765,4096
neural_eb,neural_bidir_seed0_eb,zz_known,72,1,1,0.039060432463884354,4096
neural_eb,neural_bidir_seed1_eb,zz_known,72,1,1,0.03929564356803894,4096
neural_eb,neural_bidir_seed2_eb,zz_known,72,1,1,0.03899500519037247,4096
neural_eb,neural_bidir_seed3_eb,zz_known,72,1,1,0.03902899846434593,4096
neural_eb,neural_bidir_seed4_eb,zz_known,72,1,1,0.03894492983818054,4096
constant_mean_eb,none,zz_known,80,1,1,0.03832152485847473,4096
dfe,none,zz_known,84,1,1,0.03936754912137985,0
summary_ridge_eb,none,zz_known,96,1,1,0.034046538174152374,4096
neural_eb,neural_bidir_seed0_eb,zz_known,96,1,1,0.03384635969996452,4096
neural_eb,neural_bidir_seed1_eb,zz_known,96,1,1,0.034022510051727295,4096
neural_eb,neural_bidir_seed2_eb,zz_known,96,1,1,0.03382013738155365,4096
neural_eb,neural_bidir_seed3_eb,zz_known,96,1,1,0.03384490683674812,4096
neural_eb,neural_bidir_seed4_eb,zz_known,96,1,1,0.03381114825606346,4096
dfe,none,zz_known,128,1,1,0.03161737695336342,0
constant_mean_eb,none,zz_known,128,1,1,0.031261883676052094,4096
dfe,none,zz_known,192,1,1,0.026129258796572685,0
constant_mean_eb,none,zz_known,192,1,1,0.025993892922997475,4096
summary_ridge_eb,none,zz_known,192,1,1,0.025140898302197456,4096
neural_eb,neural_bidir_seed0_eb,zz_known,192,1,1,0.02537517622113228,4096
neural_eb,neural_bidir_seed1_eb,zz_known,192,1,1,0.025445513427257538,4096
neural_eb,neural_bidir_seed2_eb,zz_known,192,1,1,0.0253499373793602,4096
neural_eb,neural_bidir_seed3_eb,zz_known,192,1,1,0.02534574456512928,4096
neural_eb,neural_bidir_seed4_eb,zz_known,192,1,1,0.025348035618662834,4096
constant_mean_prior,none,none,0,1,2,0.17426735162734985,4096
constant_median_prior,none,none,0,1,2,0.16719838976860046,4096
summary_ridge_prior,none,none,0,1,2,0.09726007282733917,4096
product_affine_prior,none,none,0,1,2,0.11209021508693695,4096
exact_marginal_affine_prior,none,none,0,1,2,0.10903435200452805,4096
neural_prior,neural_bidir_seed0_prior,none,0,1,2,0.0893155187368393,4096
neural_prior,neural_bidir_seed1_prior,none,0,1,2,0.09172351658344269,4096
neural_prior,neural_bidir_seed2_prior,none,0,1,2,0.08953946828842163,4096
neural_prior,neural_bidir_seed3_prior,none,0,1,2,0.08950350433588028,4096
neural_prior,neural_bidir_seed4_prior,none,0,1,2,0.08894918859004974,4096
summary_ridge_eb,none,zz_known,12,1,2,0.07649779319763184,4096
neural_eb,neural_bidir_seed0_eb,zz_known,12,1,2,0.0736844390630722,4096
neural_eb,neural_bidir_seed1_eb,zz_known,12,1,2,0.07470473647117615,4096
neural_eb,neural_bidir_seed2_eb,zz_known,12,1,2,0.07379090785980225,4096
neural_eb,neural_bidir_seed3_eb,zz_known,12,1,2,0.07384805381298065,4096
neural_eb,neural_bidir_seed4_eb,zz_known,12,1,2,0.07355418801307678,4096
summary_ridge_eb,none,zz_known,16,1,2,0.06869658827781677,4096
neural_eb,neural_bidir_seed0_eb,zz_known,16,1,2,0.06655753403902054,4096
neural_eb,neural_bidir_seed1_eb,zz_known,16,1,2,0.0672817975282669,4096
neural_eb,neural_bidir_seed2_eb,zz_known,16,1,2,0.06660058349370956,4096
neural_eb,neural_bidir_seed3_eb,zz_known,16,1,2,0.06668433547019958,4096
neural_eb,neural_bidir_seed4_eb,zz_known,16,1,2,0.0663524866104126,4096
constant_mean_eb,none,zz_known,20,1,2,0.07489033043384552,4096
summary_ridge_eb,none,zz_known,20,1,2,0.062438249588012695,4096
neural_eb,neural_bidir_seed0_eb,zz_known,20,1,2,0.061063237488269806,4096
neural_eb,neural_bidir_seed1_eb,zz_known,20,1,2,0.061744824051856995,4096
neural_eb,neural_bidir_seed2_eb,zz_known,20,1,2,0.06108590215444565,4096
neural_eb,neural_bidir_seed3_eb,zz_known,20,1,2,0.06112821400165558,4096
neural_eb,neural_bidir_seed4_eb,zz_known,20,1,2,0.06090733781456947,4096
dfe,none,zz_known,24,1,2,0.07594193518161774,0
constant_mean_eb,none,zz_known,24,1,2,0.07146278768777847,4096
neural_eb,neural_bidir_seed0_eb,zz_known,24,1,2,0.058673031628131866,4096
neural_eb,neural_bidir_seed1_eb,zz_known,24,1,2,0.05924088507890701,4096
neural_eb,neural_bidir_seed2_eb,zz_known,24,1,2,0.05876919627189636,4096
neural_eb,neural_bidir_seed3_eb,zz_known,24,1,2,0.058797430247068405,4096
neural_eb,neural_bidir_seed4_eb,zz_known,24,1,2,0.05860753729939461,4096
dfe,none,zz_known,28,1,2,0.06851273775100708,0
summary_ridge_eb,none,zz_known,28,1,2,0.05562722682952881,4096
dfe,none,zz_known,32,1,2,0.06423106789588928,0
constant_mean_eb,none,zz_known,32,1,2,0.06106505170464516,4096
summary_ridge_eb,none,zz_known,32,1,2,0.053432613611221313,4096
neural_eb,neural_bidir_seed0_eb,zz_known,32,1,2,0.053162939846515656,4096
neural_eb,neural_bidir_seed1_eb,zz_known,32,1,2,0.05359596014022827,4096
neural_eb,neural_bidir_seed2_eb,zz_known,32,1,2,0.053149010986089706,4096
neural_eb,neural_bidir_seed3_eb,zz_known,32,1,2,0.053198933601379395,4096
neural_eb,neural_bidir_seed4_eb,zz_known,32,1,2,0.05306249111890793,4096
constant_mean_eb,none,zz_known,36,1,2,0.057741329073905945,4096
summary_ridge_eb,none,zz_known,36,1,2,0.05126148462295532,4096
neural_eb,neural_bidir_seed0_eb,zz_known,36,1,2,0.05076058208942413,4096
neural_eb,neural_bidir_seed1_eb,zz_known,36,1,2,0.05116471275687218,4096
neural_eb,neural_bidir_seed2_eb,zz_known,36,1,2,0.050783101469278336,4096
neural_eb,neural_bidir_seed3_eb,zz_known,36,1,2,0.050791505724191666,4096
neural_eb,neural_bidir_seed4_eb,zz_known,36,1,2,0.050677720457315445,4096
dfe,none,zz_known,40,1,2,0.055594079196453094,0
neural_eb,neural_bidir_seed0_eb,zz_known,40,1,2,0.04722844809293747,4096
neural_eb,neural_bidir_seed1_eb,zz_known,40,1,2,0.04754785820841789,4096
neural_eb,neural_bidir_seed2_eb,zz_known,40,1,2,0.04726114124059677,4096
neural_eb,neural_bidir_seed3_eb,zz_known,40,1,2,0.04736360162496567,4096
neural_eb,neural_bidir_seed4_eb,zz_known,40,1,2,0.04715558886528015,4096
dfe,none,zz_known,44,1,2,0.05400868505239487,0
constant_mean_eb,none,zz_known,44,1,2,0.052250154316425323,4096
summary_ridge_eb,none,zz_known,44,1,2,0.046840980648994446,4096
dfe,none,zz_known,48,1,2,0.0514732301235199,0
constant_mean_eb,none,zz_known,52,1,2,0.048533663153648376,4096
neural_eb,neural_bidir_seed0_eb,zz_known,52,1,2,0.04412112385034561,4096
neural_eb,neural_bidir_seed1_eb,zz_known,52,1,2,0.044388726353645325,4096
neural_eb,neural_bidir_seed2_eb,zz_known,52,1,2,0.04414330795407295,4096
neural_eb,neural_bidir_seed3_eb,zz_known,52,1,2,0.044185101985931396,4096
neural_eb,neural_bidir_seed4_eb,zz_known,52,1,2,0.04408702626824379,4096
dfe,none,zz_known,56,1,2,0.048586271703243256,0
summary_ridge_eb,none,zz_known,56,1,2,0.04359316825866699,4096
constant_mean_eb,none,zz_known,64,1,2,0.0442146360874176,4096
dfe,none,zz_known,68,1,2,0.0445978008210659,0
summary_ridge_eb,none,zz_known,72,1,2,0.03888168931007385,4096
neural_eb,neural_bidir_seed0_eb,zz_known,72,1,2,0.03870100528001785,4096
neural_eb,neural_bidir_seed1_eb,zz_known,72,1,2,0.03887922689318657,4096
neural_eb,neural_bidir_seed2_eb,zz_known,72,1,2,0.03869892284274101,4096
neural_eb,neural_bidir_seed3_eb,zz_known,72,1,2,0.038707755506038666,4096
neural_eb,neural_bidir_seed4_eb,zz_known,72,1,2,0.038639627397060394,4096
constant_mean_eb,none,zz_known,80,1,2,0.04004732146859169,4096
dfe,none,zz_known,84,1,2,0.04035516083240509,0
summary_ridge_eb,none,zz_known,96,1,2,0.03430778533220291,4096
neural_eb,neural_bidir_seed0_eb,zz_known,96,1,2,0.0340917631983757,4096
neural_eb,neural_bidir_seed1_eb,zz_known,96,1,2,0.03421354293823242,4096
neural_eb,neural_bidir_seed2_eb,zz_known,96,1,2,0.0340961217880249,4096
neural_eb,neural_bidir_seed3_eb,zz_known,96,1,2,0.03412792831659317,4096
neural_eb,neural_bidir_seed4_eb,zz_known,96,1,2,0.03406656160950661,4096
dfe,none,zz_known,128,1,2,0.03086904063820839,0
constant_mean_eb,none,zz_known,128,1,2,0.030622050166130066,4096
dfe,none,zz_known,192,1,2,0.0260818749666214,0
constant_mean_eb,none,zz_known,192,1,2,0.025837119668722153,4096
summary_ridge_eb,none,zz_known,192,1,2,0.02511407621204853,4096
neural_eb,neural_bidir_seed0_eb,zz_known,192,1,2,0.02501334436237812,4096
neural_eb,neural_bidir_seed1_eb,zz_known,192,1,2,0.02506284788250923,4096
neural_eb,neural_bidir_seed2_eb,zz_known,192,1,2,0.025014368817210197,4096
neural_eb,neural_bidir_seed3_eb,zz_known,192,1,2,0.02500380203127861,4096
neural_eb,neural_bidir_seed4_eb,zz_known,192,1,2,0.02498903125524521,4096
constant_mean_prior,none,none,0,1,3,0.17523162066936493,4096
constant_median_prior,none,none,0,1,3,0.17136111855506897,4096
summary_ridge_prior,none,none,0,1,3,0.09628124535083771,4096
product_affine_prior,none,none,0,1,3,0.10932420939207077,4096
exact_marginal_affine_prior,none,none,0,1,3,0.10613144189119339,4096
neural_prior,neural_bidir_seed0_prior,none,0,1,3,0.08650016039609909,4096
neural_prior,neural_bidir_seed1_prior,none,0,1,3,0.08887989819049835,4096
neural_prior,neural_bidir_seed2_prior,none,0,1,3,0.08666715025901794,4096
neural_prior,neural_bidir_seed3_prior,none,0,1,3,0.08654527366161346,4096
neural_prior,neural_bidir_seed4_prior,none,0,1,3,0.0861043930053711,4096
summary_ridge_eb,none,zz_known,12,1,3,0.07639643549919128,4096
neural_eb,neural_bidir_seed0_eb,zz_known,12,1,3,0.07392694056034088,4096
neural_eb,neural_bidir_seed1_eb,zz_known,12,1,3,0.07492386549711227,4096
neural_eb,neural_bidir_seed2_eb,zz_known,12,1,3,0.07393159717321396,4096
neural_eb,neural_bidir_seed3_eb,zz_known,12,1,3,0.07400680333375931,4096
neural_eb,neural_bidir_seed4_eb,zz_known,12,1,3,0.07378721982240677,4096
summary_ridge_eb,none,zz_known,16,1,3,0.06901709735393524,4096
neural_eb,neural_bidir_seed0_eb,zz_known,16,1,3,0.06668908894062042,4096
neural_eb,neural_bidir_seed1_eb,zz_known,16,1,3,0.0675252228975296,4096
neural_eb,neural_bidir_seed2_eb,zz_known,16,1,3,0.06674477458000183,4096
neural_eb,neural_bidir_seed3_eb,zz_known,16,1,3,0.06681659817695618,4096
neural_eb,neural_bidir_seed4_eb,zz_known,16,1,3,0.06654612720012665,4096
constant_mean_eb,none,zz_known,20,1,3,0.07499371469020844,4096
summary_ridge_eb,none,zz_known,20,1,3,0.0627814382314682,4096
neural_eb,neural_bidir_seed0_eb,zz_known,20,1,3,0.06125841289758682,4096
neural_eb,neural_bidir_seed1_eb,zz_known,20,1,3,0.061979785561561584,4096
neural_eb,neural_bidir_seed2_eb,zz_known,20,1,3,0.06130249425768852,4096
neural_eb,neural_bidir_seed3_eb,zz_known,20,1,3,0.061289817094802856,4096
neural_eb,neural_bidir_seed4_eb,zz_known,20,1,3,0.06116897612810135,4096
dfe,none,zz_known,24,1,3,0.0742240697145462,0
constant_mean_eb,none,zz_known,24,1,3,0.06968069076538086,4096
neural_eb,neural_bidir_seed0_eb,zz_known,24,1,3,0.058532364666461945,4096
neural_eb,neural_bidir_seed1_eb,zz_known,24,1,3,0.059090763330459595,4096
neural_eb,neural_bidir_seed2_eb,zz_known,24,1,3,0.05857182294130325,4096
neural_eb,neural_bidir_seed3_eb,zz_known,24,1,3,0.058655694127082825,4096
neural_eb,neural_bidir_seed4_eb,zz_known,24,1,3,0.058398254215717316,4096
dfe,none,zz_known,28,1,3,0.06905436515808105,0
summary_ridge_eb,none,zz_known,28,1,3,0.05645504966378212,4096
dfe,none,zz_known,32,1,3,0.0635649636387825,0
constant_mean_eb,none,zz_known,32,1,3,0.06064353138208389,4096
summary_ridge_eb,none,zz_known,32,1,3,0.05340646952390671,4096
neural_eb,neural_bidir_seed0_eb,zz_known,32,1,3,0.05205091834068298,4096
neural_eb,neural_bidir_seed1_eb,zz_known,32,1,3,0.05249388888478279,4096
neural_eb,neural_bidir_seed2_eb,zz_known,32,1,3,0.05208291858434677,4096
neural_eb,neural_bidir_seed3_eb,zz_known,32,1,3,0.052154988050460815,4096
neural_eb,neural_bidir_seed4_eb,zz_known,32,1,3,0.05197366327047348,4096
constant_mean_eb,none,zz_known,36,1,3,0.05728211998939514,4096
summary_ridge_eb,none,zz_known,36,1,3,0.051003921777009964,4096
neural_eb,neural_bidir_seed0_eb,zz_known,36,1,3,0.050089895725250244,4096
neural_eb,neural_bidir_seed1_eb,zz_known,36,1,3,0.05052238702774048,4096
neural_eb,neural_bidir_seed2_eb,zz_known,36,1,3,0.050088077783584595,4096
neural_eb,neural_bidir_seed3_eb,zz_known,36,1,3,0.05008963122963905,4096
neural_eb,neural_bidir_seed4_eb,zz_known,36,1,3,0.050016578286886215,4096
dfe,none,zz_known,40,1,3,0.05656104162335396,0
neural_eb,neural_bidir_seed0_eb,zz_known,40,1,3,0.047941386699676514,4096
neural_eb,neural_bidir_seed1_eb,zz_known,40,1,3,0.048241954296827316,4096
neural_eb,neural_bidir_seed2_eb,zz_known,40,1,3,0.0479264110326767,4096
neural_eb,neural_bidir_seed3_eb,zz_known,40,1,3,0.04797685146331787,4096
neural_eb,neural_bidir_seed4_eb,zz_known,40,1,3,0.04783256724476814,4096
dfe,none,zz_known,44,1,3,0.055536702275276184,0
constant_mean_eb,none,zz_known,44,1,3,0.05389075726270676,4096
summary_ridge_eb,none,zz_known,44,1,3,0.048412736505270004,4096
dfe,none,zz_known,48,1,3,0.05235336348414421,0
constant_mean_eb,none,zz_known,52,1,3,0.04829023778438568,4096
neural_eb,neural_bidir_seed0_eb,zz_known,52,1,3,0.04380929842591286,4096
neural_eb,neural_bidir_seed1_eb,zz_known,52,1,3,0.04408254474401474,4096
neural_eb,neural_bidir_seed2_eb,zz_known,52,1,3,0.04383120685815811,4096
neural_eb,neural_bidir_seed3_eb,zz_known,52,1,3,0.04388727247714996,4096
neural_eb,neural_bidir_seed4_eb,zz_known,52,1,3,0.043793290853500366,4096
dfe,none,zz_known,56,1,3,0.04889141023159027,0
summary_ridge_eb,none,zz_known,56,1,3,0.04399026930332184,4096
constant_mean_eb,none,zz_known,64,1,3,0.04408217594027519,4096
dfe,none,zz_known,68,1,3,0.042692601680755615,0
summary_ridge_eb,none,zz_known,72,1,3,0.03845195472240448,4096
neural_eb,neural_bidir_seed0_eb,zz_known,72,1,3,0.03813859820365906,4096
neural_eb,neural_bidir_seed1_eb,zz_known,72,1,3,0.038317229598760605,4096
neural_eb,neural_bidir_seed2_eb,zz_known,72,1,3,0.03812706470489502,4096
neural_eb,neural_bidir_seed3_eb,zz_known,72,1,3,0.038154590874910355,4096
neural_eb,neural_bidir_seed4_eb,zz_known,72,1,3,0.038088854402303696,4096
constant_mean_eb,none,zz_known,80,1,3,0.0393708199262619,4096
dfe,none,zz_known,84,1,3,0.03959555923938751,0
summary_ridge_eb,none,zz_known,96,1,3,0.03418872505426407,4096
neural_eb,neural_bidir_seed0_eb,zz_known,96,1,3,0.03413230925798416,4096
neural_eb,neural_bidir_seed1_eb,zz_known,96,1,3,0.03429718315601349,4096
neural_eb,neural_bidir_seed2_eb,zz_known,96,1,3,0.034146748483181,4096
neural_eb,neural_bidir_seed3_eb,zz_known,96,1,3,0.03413666412234306,4096
neural_eb,neural_bidir_seed4_eb,zz_known,96,1,3,0.03413182497024536,4096
dfe,none,zz_known,128,1,3,0.03189382702112198,0
constant_mean_eb,none,zz_known,128,1,3,0.03154125064611435,4096
dfe,none,zz_known,192,1,3,0.02611095830798149,0
constant_mean_eb,none,zz_known,192,1,3,0.025936715304851532,4096
summary_ridge_eb,none,zz_known,192,1,3,0.0254426971077919,4096
neural_eb,neural_bidir_seed0_eb,zz_known,192,1,3,0.025397589430212975,4096
neural_eb,neural_bidir_seed1_eb,zz_known,192,1,3,0.025437187403440475,4096
neural_eb,neural_bidir_seed2_eb,zz_known,192,1,3,0.02539481595158577,4096
neural_eb,neural_bidir_seed3_eb,zz_known,192,1,3,0.02540925145149231,4096
neural_eb,neural_bidir_seed4_eb,zz_known,192,1,3,0.02538464404642582,4096
constant_mean_prior,none,none,0,1,4,0.17409025132656097,4096
constant_median_prior,none,none,0,1,4,0.16626541316509247,4096
summary_ridge_prior,none,none,0,1,4,0.09508638083934784,4096
product_affine_prior,none,none,0,1,4,0.10918967425823212,4096
exact_marginal_affine_prior,none,none,0,1,4,0.10606804490089417,4096
neural_prior,neural_bidir_seed0_prior,none,0,1,4,0.08651740849018097,4096
neural_prior,neural_bidir_seed1_prior,none,0,1,4,0.08898831903934479,4096
neural_prior,neural_bidir_seed2_prior,none,0,1,4,0.08663389086723328,4096
neural_prior,neural_bidir_seed3_prior,none,0,1,4,0.08639539033174515,4096
neural_prior,neural_bidir_seed4_prior,none,0,1,4,0.08609312772750854,4096
summary_ridge_eb,none,zz_known,12,1,4,0.07481305301189423,4096
neural_eb,neural_bidir_seed0_eb,zz_known,12,1,4,0.07268352806568146,4096
neural_eb,neural_bidir_seed1_eb,zz_known,12,1,4,0.0737004429101944,4096
neural_eb,neural_bidir_seed2_eb,zz_known,12,1,4,0.07268275320529938,4096
neural_eb,neural_bidir_seed3_eb,zz_known,12,1,4,0.07271172106266022,4096
neural_eb,neural_bidir_seed4_eb,zz_known,12,1,4,0.07242592424154282,4096
summary_ridge_eb,none,zz_known,16,1,4,0.06779256463050842,4096
neural_eb,neural_bidir_seed0_eb,zz_known,16,1,4,0.0660277009010315,4096
neural_eb,neural_bidir_seed1_eb,zz_known,16,1,4,0.06686710566282272,4096
neural_eb,neural_bidir_seed2_eb,zz_known,16,1,4,0.06601782143115997,4096
neural_eb,neural_bidir_seed3_eb,zz_known,16,1,4,0.0660141259431839,4096
neural_eb,neural_bidir_seed4_eb,zz_known,16,1,4,0.06583397090435028,4096
constant_mean_eb,none,zz_known,20,1,4,0.07492786645889282,4096
summary_ridge_eb,none,zz_known,20,1,4,0.06347553431987762,4096
neural_eb,neural_bidir_seed0_eb,zz_known,20,1,4,0.061063315719366074,4096
neural_eb,neural_bidir_seed1_eb,zz_known,20,1,4,0.06173568218946457,4096
neural_eb,neural_bidir_seed2_eb,zz_known,20,1,4,0.06102540343999863,4096
neural_eb,neural_bidir_seed3_eb,zz_known,20,1,4,0.06109689548611641,4096
neural_eb,neural_bidir_seed4_eb,zz_known,20,1,4,0.06087739020586014,4096
dfe,none,zz_known,24,1,4,0.0734785795211792,0
constant_mean_eb,none,zz_known,24,1,4,0.06920299679040909,4096
neural_eb,neural_bidir_seed0_eb,zz_known,24,1,4,0.058562763035297394,4096
neural_eb,neural_bidir_seed1_eb,zz_known,24,1,4,0.05914191156625748,4096
neural_eb,neural_bidir_seed2_eb,zz_known,24,1,4,0.05856136977672577,4096
neural_eb,neural_bidir_seed3_eb,zz_known,24,1,4,0.058623481541872025,4096
neural_eb,neural_bidir_seed4_eb,zz_known,24,1,4,0.058430567383766174,4096
dfe,none,zz_known,28,1,4,0.06779059767723083,0
summary_ridge_eb,none,zz_known,28,1,4,0.05632161721587181,4096
dfe,none,zz_known,32,1,4,0.06389941275119781,0
constant_mean_eb,none,zz_known,32,1,4,0.06108944118022919,4096
summary_ridge_eb,none,zz_known,32,1,4,0.05341807007789612,4096
neural_eb,neural_bidir_seed0_eb,zz_known,32,1,4,0.052436463534832,4096
neural_eb,neural_bidir_seed1_eb,zz_known,32,1,4,0.05292776599526405,4096
neural_eb,neural_bidir_seed2_eb,zz_known,32,1,4,0.052441783249378204,4096
neural_eb,neural_bidir_seed3_eb,zz_known,32,1,4,0.05249188840389252,4096
neural_eb,neural_bidir_seed4_eb,zz_known,32,1,4,0.05233699083328247,4096
constant_mean_eb,none,zz_known,36,1,4,0.05722316354513168,4096
summary_ridge_eb,none,zz_known,36,1,4,0.05109917372465134,4096
neural_eb,neural_bidir_seed0_eb,zz_known,36,1,4,0.04994414001703262,4096
neural_eb,neural_bidir_seed1_eb,zz_known,36,1,4,0.05035826563835144,4096
neural_eb,neural_bidir_seed2_eb,zz_known,36,1,4,0.04992363974452019,4096
neural_eb,neural_bidir_seed3_eb,zz_known,36,1,4,0.050018131732940674,4096
neural_eb,neural_bidir_seed4_eb,zz_known,36,1,4,0.049853548407554626,4096
dfe,none,zz_known,40,1,4,0.05621669441461563,0
neural_eb,neural_bidir_seed0_eb,zz_known,40,1,4,0.048302605748176575,4096
neural_eb,neural_bidir_seed1_eb,zz_known,40,1,4,0.048684053122997284,4096
neural_eb,neural_bidir_seed2_eb,zz_known,40,1,4,0.048275526612997055,4096
neural_eb,neural_bidir_seed3_eb,zz_known,40,1,4,0.04835103452205658,4096
neural_eb,neural_bidir_seed4_eb,zz_known,40,1,4,0.04822640120983124,4096
dfe,none,zz_known,44,1,4,0.05469554662704468,0
constant_mean_eb,none,zz_known,44,1,4,0.053083352744579315,4096
summary_ridge_eb,none,zz_known,44,1,4,0.04783328250050545,4096
dfe,none,zz_known,48,1,4,0.05286566913127899,0
constant_mean_eb,none,zz_known,52,1,4,0.04902663081884384,4096
neural_eb,neural_bidir_seed0_eb,zz_known,52,1,4,0.043543584644794464,4096
neural_eb,neural_bidir_seed1_eb,zz_known,52,1,4,0.04380708187818527,4096
neural_eb,neural_bidir_seed2_eb,zz_known,52,1,4,0.043532390147447586,4096
neural_eb,neural_bidir_seed3_eb,zz_known,52,1,4,0.04355408996343613,4096
neural_eb,neural_bidir_seed4_eb,zz_known,52,1,4,0.043444473296403885,4096
dfe,none,zz_known,56,1,4,0.04869075119495392,0
summary_ridge_eb,none,zz_known,56,1,4,0.04355505108833313,4096
constant_mean_eb,none,zz_known,64,1,4,0.043995145708322525,4096
dfe,none,zz_known,68,1,4,0.043856799602508545,0
summary_ridge_eb,none,zz_known,72,1,4,0.039249517023563385,4096
neural_eb,neural_bidir_seed0_eb,zz_known,72,1,4,0.03865817189216614,4096
neural_eb,neural_bidir_seed1_eb,zz_known,72,1,4,0.038852039724588394,4096
neural_eb,neural_bidir_seed2_eb,zz_known,72,1,4,0.038669124245643616,4096
neural_eb,neural_bidir_seed3_eb,zz_known,72,1,4,0.03867213428020477,4096
neural_eb,neural_bidir_seed4_eb,zz_known,72,1,4,0.03859627991914749,4096
constant_mean_eb,none,zz_known,80,1,4,0.03981327265501022,4096
dfe,none,zz_known,84,1,4,0.03938617929816246,0
summary_ridge_eb,none,zz_known,96,1,4,0.03436417877674103,4096
neural_eb,neural_bidir_seed0_eb,zz_known,96,1,4,0.03412540256977081,4096
neural_eb,neural_bidir_seed1_eb,zz_known,96,1,4,0.03426036238670349,4096
neural_eb,neural_bidir_seed2_eb,zz_known,96,1,4,0.03411484882235527,4096
neural_eb,neural_bidir_seed3_eb,zz_known,96,1,4,0.034118302166461945,4096
neural_eb,neural_bidir_seed4_eb,zz_known,96,1,4,0.034083761274814606,4096
dfe,none,zz_known,128,1,4,0.03204646334052086,0
constant_mean_eb,none,zz_known,128,1,4,0.031491927802562714,4096
dfe,none,zz_known,192,1,4,0.025543658062815666,0
constant_mean_eb,none,zz_known,192,1,4,0.02526835724711418,4096
summary_ridge_eb,none,zz_known,192,1,4,0.024566669017076492,4096
neural_eb,neural_bidir_seed0_eb,zz_known,192,1,4,0.02454672008752823,4096
neural_eb,neural_bidir_seed1_eb,zz_known,192,1,4,0.02460971102118492,4096
neural_eb,neural_bidir_seed2_eb,zz_known,192,1,4,0.024542031809687614,4096
neural_eb,neural_bidir_seed3_eb,zz_known,192,1,4,0.02455086074769497,4096
neural_eb,neural_bidir_seed4_eb,zz_known,192,1,4,0.02453945204615593,4096
constant_mean_prior,none,none,0,2,0,0.18000786006450653,4096
constant_median_prior,none,none,0,2,0,0.17310790717601776,4096
summary_ridge_prior,none,none,0,2,0,0.09460259974002838,4096
product_affine_prior,none,none,0,2,0,0.10771945118904114,4096
exact_marginal_affine_prior,none,none,0,2,0,0.10455459356307983,4096
neural_prior,neural_bidir_seed0_prior,none,0,2,0,0.08467884361743927,4096
neural_prior,neural_bidir_seed1_prior,none,0,2,0,0.08688396215438843,4096
neural_prior,neural_bidir_seed2_prior,none,0,2,0,0.08463620394468307,4096
neural_prior,neural_bidir_seed3_prior,none,0,2,0,0.08481170982122421,4096
neural_prior,neural_bidir_seed4_prior,none,0,2,0,0.08409334719181061,4096
summary_ridge_eb,none,zz_known,12,2,0,0.07596972584724426,4096
neural_eb,neural_bidir_seed0_eb,zz_known,12,2,0,0.07211735844612122,4096
neural_eb,neural_bidir_seed1_eb,zz_known,12,2,0,0.07333969324827194,4096
neural_eb,neural_bidir_seed2_eb,zz_known,12,2,0,0.07216715067625046,4096
neural_eb,neural_bidir_seed3_eb,zz_known,12,2,0,0.07228143513202667,4096
neural_eb,neural_bidir_seed4_eb,zz_known,12,2,0,0.07195205241441727,4096
summary_ridge_eb,none,zz_known,16,2,0,0.06769827008247375,4096
neural_eb,neural_bidir_seed0_eb,zz_known,16,2,0,0.06514555960893631,4096
neural_eb,neural_bidir_seed1_eb,zz_known,16,2,0,0.06634796410799026,4096
neural_eb,neural_bidir_seed2_eb,zz_known,16,2,0,0.06515181809663773,4096
neural_eb,neural_bidir_seed3_eb,zz_known,16,2,0,0.06503266841173172,4096
neural_eb,neural_bidir_seed4_eb,zz_known,16,2,0,0.06496154516935349,4096
constant_mean_eb,none,zz_known,20,2,0,0.07717408239841461,4096
summary_ridge_eb,none,zz_known,20,2,0,0.06534548103809357,4096
neural_eb,neural_bidir_seed0_eb,zz_known,20,2,0,0.06113169342279434,4096
neural_eb,neural_bidir_seed1_eb,zz_known,20,2,0,0.06200789660215378,4096
neural_eb,neural_bidir_seed2_eb,zz_known,20,2,0,0.06115669012069702,4096
neural_eb,neural_bidir_seed3_eb,zz_known,20,2,0,0.0611867755651474,4096
neural_eb,neural_bidir_seed4_eb,zz_known,20,2,0,0.060928985476493835,4096
dfe,none,zz_known,24,2,0,0.07421208918094635,0
constant_mean_eb,none,zz_known,24,2,0,0.06961138546466827,4096
neural_eb,neural_bidir_seed0_eb,zz_known,24,2,0,0.057726942002773285,4096
neural_eb,neural_bidir_seed1_eb,zz_known,24,2,0,0.05850416049361229,4096
neural_eb,neural_bidir_seed2_eb,zz_known,24,2,0,0.057694584131240845,4096
neural_eb,neural_bidir_seed3_eb,zz_known,24,2,0,0.0577416718006134,4096
neural_eb,neural_bidir_seed4_eb,zz_known,24,2,0,0.057548269629478455,4096
dfe,none,zz_known,28,2,0,0.06818348169326782,0
summary_ridge_eb,none,zz_known,28,2,0,0.0570504255592823,4096
dfe,none,zz_known,32,2,0,0.06341704726219177,0
constant_mean_eb,none,zz_known,32,2,0,0.06088648736476898,4096
summary_ridge_eb,none,zz_known,32,2,0,0.05401838570833206,4096
neural_eb,neural_bidir_seed0_eb,zz_known,32,2,0,0.05316075682640076,4096
neural_eb,neural_bidir_seed1_eb,zz_known,32,2,0,0.05390879884362221,4096
neural_eb,neural_bidir_seed2_eb,zz_known,32,2,0,0.05314153432846069,4096
neural_eb,neural_bidir_seed3_eb,zz_known,32,2,0,0.05311352759599686,4096
neural_eb,neural_bidir_seed4_eb,zz_known,32,2,0,0.05309842526912689,4096
constant_mean_eb,none,zz_known,36,2,0,0.05711385980248451,4096
summary_ridge_eb,none,zz_known,36,2,0,0.050877004861831665,4096
neural_eb,neural_bidir_seed0_eb,zz_known,36,2,0,0.04974827170372009,4096
neural_eb,neural_bidir_seed1_eb,zz_known,36,2,0,0.05035599693655968,4096
neural_eb,neural_bidir_seed2_eb,zz_known,36,2,0,0.049716830253601074,4096
neural_eb,neural_bidir_seed3_eb,zz_known,36,2,0,0.04968130961060524,4096
neural_eb,neural_bidir_seed4_eb,zz_known,36,2,0,0.04960998147726059,4096
dfe,none,zz_known,40,2,0,0.05744433403015137,0
neural_eb,neural_bidir_seed0_eb,zz_known,40,2,0,0.04868321493268013,4096
neural_eb,neural_bidir_seed1_eb,zz_known,40,2,0,0.049277421087026596,4096
neural_eb,neural_bidir_seed2_eb,zz_known,40,2,0,0.04869748651981354,4096
neural_eb,neural_bidir_seed3_eb,zz_known,40,2,0,0.04869398847222328,4096
neural_eb,neural_bidir_seed4_eb,zz_known,40,2,0,0.04861648753285408,4096
dfe,none,zz_known,44,2,0,0.05454173684120178,0
constant_mean_eb,none,zz_known,44,2,0,0.052592501044273376,4096
summary_ridge_eb,none,zz_known,44,2,0,0.048029735684394836,4096
dfe,none,zz_known,48,2,0,0.05265109986066818,0
constant_mean_eb,none,zz_known,52,2,0,0.04758181422948837,4096
neural_eb,neural_bidir_seed0_eb,zz_known,52,2,0,0.043480630964040756,4096
neural_eb,neural_bidir_seed1_eb,zz_known,52,2,0,0.04396890848875046,4096
neural_eb,neural_bidir_seed2_eb,zz_known,52,2,0,0.04345887526869774,4096
neural_eb,neural_bidir_seed3_eb,zz_known,52,2,0,0.04340916872024536,4096
neural_eb,neural_bidir_seed4_eb,zz_known,52,2,0,0.04339323192834854,4096
dfe,none,zz_known,56,2,0,0.04834897071123123,0
summary_ridge_eb,none,zz_known,56,2,0,0.04347904771566391,4096
constant_mean_eb,none,zz_known,64,2,0,0.04478362202644348,4096
dfe,none,zz_known,68,2,0,0.04419533163309097,0
summary_ridge_eb,none,zz_known,72,2,0,0.03885149210691452,4096
neural_eb,neural_bidir_seed0_eb,zz_known,72,2,0,0.038307011127471924,4096
neural_eb,neural_bidir_seed1_eb,zz_known,72,2,0,0.038634542375802994,4096
neural_eb,neural_bidir_seed2_eb,zz_known,72,2,0,0.03828231617808342,4096
neural_eb,neural_bidir_seed3_eb,zz_known,72,2,0,0.03824344277381897,4096
neural_eb,neural_bidir_seed4_eb,zz_known,72,2,0,0.038244958966970444,4096
constant_mean_eb,none,zz_known,80,2,0,0.039169687777757645,4096
dfe,none,zz_known,84,2,0,0.0397198349237442,0
summary_ridge_eb,none,zz_known,96,2,0,0.035244397819042206,4096
neural_eb,neural_bidir_seed0_eb,zz_known,96,2,0,0.034689974039793015,4096
neural_eb,neural_bidir_seed1_eb,zz_known,96,2,0,0.03487648069858551,4096
neural_eb,neural_bidir_seed2_eb,zz_known,96,2,0,0.03470223397016525,4096
neural_eb,neural_bidir_seed3_eb,zz_known,96,2,0,0.03471977263689041,4096
neural_eb,neural_bidir_seed4_eb,zz_known,96,2,0,0.03464830294251442,4096
dfe,none,zz_known,128,2,0,0.03154652193188667,0
constant_mean_eb,none,zz_known,128,2,0,0.03119872696697712,4096
dfe,none,zz_known,192,2,0,0.025888660922646523,0
constant_mean_eb,none,zz_known,192,2,0,0.025575609877705574,4096
summary_ridge_eb,none,zz_known,192,2,0,0.0249631367623806,4096
neural_eb,neural_bidir_seed0_eb,zz_known,192,2,0,0.02484992891550064,4096
neural_eb,neural_bidir_seed1_eb,zz_known,192,2,0,0.02495463564991951,4096
neural_eb,neural_bidir_seed2_eb,zz_known,192,2,0,0.024851910769939423,4096
neural_eb,neural_bidir_seed3_eb,zz_known,192,2,0,0.024855896830558777,4096
neural_eb,neural_bidir_seed4_eb,zz_known,192,2,0,0.024837803095579147,4096
constant_mean_prior,none,none,0,2,1,0.1839102804660797,4096
constant_median_prior,none,none,0,2,1,0.17136111855506897,4096
summary_ridge_prior,none,none,0,2,1,0.09319694340229034,4096
product_affine_prior,none,none,0,2,1,0.10914847254753113,4096
exact_marginal_affine_prior,none,none,0,2,1,0.10589964687824249,4096
neural_prior,neural_bidir_seed0_prior,none,0,2,1,0.08524265885353088,4096
neural_prior,neural_bidir_seed1_prior,none,0,2,1,0.08742617070674896,4096
neural_prior,neural_bidir_seed2_prior,none,0,2,1,0.08535315841436386,4096
neural_prior,neural_bidir_seed3_prior,none,0,2,1,0.0856529176235199,4096
neural_prior,neural_bidir_seed4_prior,none,0,2,1,0.08470918238162994,4096
summary_ridge_eb,none,zz_known,12,2,1,0.07436597347259521,4096
neural_eb,neural_bidir_seed0_eb,zz_known,12,2,1,0.0716845840215683,4096
neural_eb,neural_bidir_seed1_eb,zz_known,12,2,1,0.07289516180753708,4096
neural_eb,neural_bidir_seed2_eb,zz_known,12,2,1,0.07169604301452637,4096
neural_eb,neural_bidir_seed3_eb,zz_known,12,2,1,0.07172222435474396,4096
neural_eb,neural_bidir_seed4_eb,zz_known,12,2,1,0.07146279513835907,4096
summary_ridge_eb,none,zz_known,16,2,1,0.06793434172868729,4096
neural_eb,neural_bidir_seed0_eb,zz_known,16,2,1,0.06601063907146454,4096
neural_eb,neural_bidir_seed1_eb,zz_known,16,2,1,0.06711510568857193,4096
neural_eb,neural_bidir_seed2_eb,zz_known,16,2,1,0.06601636111736298,4096
neural_eb,neural_bidir_seed3_eb,zz_known,16,2,1,0.06607680022716522,4096
neural_eb,neural_bidir_seed4_eb,zz_known,16,2,1,0.06583298742771149,4096
constant_mean_eb,none,zz_known,20,2,1,0.07579167932271957,4096
summary_ridge_eb,none,zz_known,20,2,1,0.06244802102446556,4096
neural_eb,neural_bidir_seed0_eb,zz_known,20,2,1,0.060990359634160995,4096
neural_eb,neural_bidir_seed1_eb,zz_known,20,2,1,0.061949726194143295,4096
neural_eb,neural_bidir_seed2_eb,zz_known,20,2,1,0.06105519086122513,4096
neural_eb,neural_bidir_seed3_eb,zz_known,20,2,1,0.06105029582977295,4096
neural_eb,neural_bidir_seed4_eb,zz_known,20,2,1,0.060857415199279785,4096
dfe,none,zz_known,24,2,1,0.07408251613378525,0
constant_mean_eb,none,zz_known,24,2,1,0.07035360485315323,4096
neural_eb,neural_bidir_seed0_eb,zz_known,24,2,1,0.05772116035223007,4096
neural_eb,neural_bidir_seed1_eb,zz_known,24,2,1,0.05854453891515732,4096
neural_eb,neural_bidir_seed2_eb,zz_known,24,2,1,0.05772244557738304,4096
neural_eb,neural_bidir_seed3_eb,zz_known,24,2,1,0.05770243704319,4096
neural_eb,neural_bidir_seed4_eb,zz_known,24,2,1,0.05758081376552582,4096
dfe,none,zz_known,28,2,1,0.07036729156970978,0
summary_ridge_eb,none,zz_known,28,2,1,0.05611715838313103,4096
dfe,none,zz_known,32,2,1,0.06232156604528427,0
constant_mean_eb,none,zz_known,32,2,1,0.059708595275878906,4096
summary_ridge_eb,none,zz_known,32,2,1,0.051677778363227844,4096
neural_eb,neural_bidir_seed0_eb,zz_known,32,2,1,0.05198724567890167,4096
neural_eb,neural_bidir_seed1_eb,zz_known,32,2,1,0.05267743393778801,4096
neural_eb,neural_bidir_seed2_eb,zz_known,32,2,1,0.05200660228729248,4096
neural_eb,neural_bidir_seed3_eb,zz_known,32,2,1,0.05193803459405899,4096
neural_eb,neural_bidir_seed4_eb,zz_known,32,2,1,0.05192357674241066,4096
constant_mean_eb,none,zz_known,36,2,1,0.05795963108539581,4096
summary_ridge_eb,none,zz_known,36,2,1,0.05108199268579483,4096
neural_eb,neural_bidir_seed0_eb,zz_known,36,2,1,0.050619035959243774,4096
neural_eb,neural_bidir_seed1_eb,zz_known,36,2,1,0.051206473261117935,4096
neural_eb,neural_bidir_seed2_eb,zz_known,36,2,1,0.0505671501159668,4096
neural_eb,neural_bidir_seed3_eb,zz_known,36,2,1,0.05051833391189575,4096
neural_eb,neural_bidir_seed4_eb,zz_known,36,2,1,0.05048448592424393,4096
dfe,none,zz_known,40,2,1,0.05638975650072098,0
neural_eb,neural_bidir_seed0_eb,zz_known,40,2,1,0.04857898876070976,4096
neural_eb,neural_bidir_seed1_eb,zz_known,40,2,1,0.04920891672372818,4096
neural_eb,neural_bidir_seed2_eb,zz_known,40,2,1,0.0485987514257431,4096
neural_eb,neural_bidir_seed3_eb,zz_known,40,2,1,0.048548296093940735,4096
neural_eb,neural_bidir_seed4_eb,zz_known,40,2,1,0.0485413484275341,4096
dfe,none,zz_known,44,2,1,0.055998966097831726,0
constant_mean_eb,none,zz_known,44,2,1,0.05439893156290054,4096
summary_ridge_eb,none,zz_known,44,2,1,0.048621587455272675,4096
dfe,none,zz_known,48,2,1,0.05297228693962097,0
constant_mean_eb,none,zz_known,52,2,1,0.04862617701292038,4096
neural_eb,neural_bidir_seed0_eb,zz_known,52,2,1,0.04482438415288925,4096
neural_eb,neural_bidir_seed1_eb,zz_known,52,2,1,0.045327022671699524,4096
neural_eb,neural_bidir_seed2_eb,zz_known,52,2,1,0.04482105374336243,4096
neural_eb,neural_bidir_seed3_eb,zz_known,52,2,1,0.044720813632011414,4096
neural_eb,neural_bidir_seed4_eb,zz_known,52,2,1,0.044776298105716705,4096
dfe,none,zz_known,56,2,1,0.04884789139032364,0
summary_ridge_eb,none,zz_known,56,2,1,0.043376922607421875,4096
constant_mean_eb,none,zz_known,64,2,1,0.04418780654668808,4096
dfe,none,zz_known,68,2,1,0.04317463934421539,0
summary_ridge_eb,none,zz_known,72,2,1,0.038611285388469696,4096
neural_eb,neural_bidir_seed0_eb,zz_known,72,2,1,0.03842122480273247,4096
neural_eb,neural_bidir_seed1_eb,zz_known,72,2,1,0.03876667469739914,4096
neural_eb,neural_bidir_seed2_eb,zz_known,72,2,1,0.03841210529208183,4096
neural_eb,neural_bidir_seed3_eb,zz_known,72,2,1,0.038320671766996384,4096
neural_eb,neural_bidir_seed4_eb,zz_known,72,2,1,0.03844280540943146,4096
constant_mean_eb,none,zz_known,80,2,1,0.03943828493356705,4096
dfe,none,zz_known,84,2,1,0.03909241408109665,0
summary_ridge_eb,none,zz_known,96,2,1,0.03439980745315552,4096
neural_eb,neural_bidir_seed0_eb,zz_known,96,2,1,0.034954734146595,4096
neural_eb,neural_bidir_seed1_eb,zz_known,96,2,1,0.0352279469370842,4096
neural_eb,neural_bidir_seed2_eb,zz_known,96,2,1,0.03495118021965027,4096
neural_eb,neural_bidir_seed3_eb,zz_known,96,2,1,0.0348605178296566,4096
neural_eb,neural_bidir_seed4_eb,zz_known,96,2,1,0.034945935010910034,4096
dfe,none,zz_known,128,2,1,0.032073915004730225,0
constant_mean_eb,none,zz_known,128,2,1,0.031678564846515656,4096
dfe,none,zz_known,192,2,1,0.026315459981560707,0
constant_mean_eb,none,zz_known,192,2,1,0.02611977607011795,4096
summary_ridge_eb,none,zz_known,192,2,1,0.025315776467323303,4096
neural_eb,neural_bidir_seed0_eb,zz_known,192,2,1,0.02548939362168312,4096
neural_eb,neural_bidir_seed1_eb,zz_known,192,2,1,0.025616269558668137,4096
neural_eb,neural_bidir_seed2_eb,zz_known,192,2,1,0.025492247194051743,4096
neural_eb,neural_bidir_seed3_eb,zz_known,192,2,1,0.02545028366148472,4096
neural_eb,neural_bidir_seed4_eb,zz_known,192,2,1,0.025494858622550964,4096
constant_mean_prior,none,none,0,2,2,0.1833946853876114,4096
constant_median_prior,none,none,0,2,2,0.17698152363300323,4096
summary_ridge_prior,none,none,0,2,2,0.09396621584892273,4096
product_affine_prior,none,none,0,2,2,0.10661028325557709,4096
exact_marginal_affine_prior,none,none,0,2,2,0.10325130820274353,4096
neural_prior,neural_bidir_seed0_prior,none,0,2,2,0.08396638929843903,4096
neural_prior,neural_bidir_seed1_prior,none,0,2,2,0.08620432019233704,4096
neural_prior,neural_bidir_seed2_prior,none,0,2,2,0.08397156000137329,4096
neural_prior,neural_bidir_seed3_prior,none,0,2,2,0.08402057737112045,4096
neural_prior,neural_bidir_seed4_prior,none,0,2,2,0.08351129293441772,4096
summary_ridge_eb,none,zz_known,12,2,2,0.0751441940665245,4096
neural_eb,neural_bidir_seed0_eb,zz_known,12,2,2,0.07135237753391266,4096
neural_eb,neural_bidir_seed1_eb,zz_known,12,2,2,0.07253363728523254,4096
neural_eb,neural_bidir_seed2_eb,zz_known,12,2,2,0.07131624221801758,4096
neural_eb,neural_bidir_seed3_eb,zz_known,12,2,2,0.07130102068185806,4096
neural_eb,neural_bidir_seed4_eb,zz_known,12,2,2,0.07112421095371246,4096
summary_ridge_eb,none,zz_known,16,2,2,0.06775909662246704,4096
neural_eb,neural_bidir_seed0_eb,zz_known,16,2,2,0.064631387591362,4096
neural_eb,neural_bidir_seed1_eb,zz_known,16,2,2,0.06562869250774384,4096
neural_eb,neural_bidir_seed2_eb,zz_known,16,2,2,0.06462623178958893,4096
neural_eb,neural_bidir_seed3_eb,zz_known,16,2,2,0.06472551822662354,4096
neural_eb,neural_bidir_seed4_eb,zz_known,16,2,2,0.06446662545204163,4096
constant_mean_eb,none,zz_known,20,2,2,0.0760798305273056,4096
summary_ridge_eb,none,zz_known,20,2,2,0.06310895085334778,4096
neural_eb,neural_bidir_seed0_eb,zz_known,20,2,2,0.061727799475193024,4096
neural_eb,neural_bidir_seed1_eb,zz_known,20,2,2,0.06253278255462646,4096
neural_eb,neural_bidir_seed2_eb,zz_known,20,2,2,0.06172635406255722,4096
neural_eb,neural_bidir_seed3_eb,zz_known,20,2,2,0.06173032522201538,4096
neural_eb,neural_bidir_seed4_eb,zz_known,20,2,2,0.06155889108777046,4096
dfe,none,zz_known,24,2,2,0.07470153272151947,0
constant_mean_eb,none,zz_known,24,2,2,0.07073809206485748,4096
neural_eb,neural_bidir_seed0_eb,zz_known,24,2,2,0.05758294463157654,4096
neural_eb,neural_bidir_seed1_eb,zz_known,24,2,2,0.05823909491300583,4096
neural_eb,neural_bidir_seed2_eb,zz_known,24,2,2,0.05756212770938873,4096
neural_eb,neural_bidir_seed3_eb,zz_known,24,2,2,0.05772736668586731,4096
neural_eb,neural_bidir_seed4_eb,zz_known,24,2,2,0.05742786079645157,4096
dfe,none,zz_known,28,2,2,0.06807401776313782,0
summary_ridge_eb,none,zz_known,28,2,2,0.056521765887737274,4096
dfe,none,zz_known,32,2,2,0.06325482577085495,0
constant_mean_eb,none,zz_known,32,2,2,0.06078674644231796,4096
summary_ridge_eb,none,zz_known,32,2,2,0.053176071494817734,4096
neural_eb,neural_bidir_seed0_eb,zz_known,32,2,2,0.051707521080970764,4096
neural_eb,neural_bidir_seed1_eb,zz_known,32,2,2,0.052361130714416504,4096
neural_eb,neural_bidir_seed2_eb,zz_known,32,2,2,0.05174943804740906,4096
neural_eb,neural_bidir_seed3_eb,zz_known,32,2,2,0.05177000164985657,4096
neural_eb,neural_bidir_seed4_eb,zz_known,32,2,2,0.05167883634567261,4096
constant_mean_eb,none,zz_known,36,2,2,0.05822574719786644,4096
summary_ridge_eb,none,zz_known,36,2,2,0.05238894373178482,4096
neural_eb,neural_bidir_seed0_eb,zz_known,36,2,2,0.051038697361946106,4096
neural_eb,neural_bidir_seed1_eb,zz_known,36,2,2,0.05153284966945648,4096
neural_eb,neural_bidir_seed2_eb,zz_known,36,2,2,0.051043570041656494,4096
neural_eb,neural_bidir_seed3_eb,zz_known,36,2,2,0.05107596516609192,4096
neural_eb,neural_bidir_seed4_eb,zz_known,36,2,2,0.05093127489089966,4096
dfe,none,zz_known,40,2,2,0.05652008205652237,0
neural_eb,neural_bidir_seed0_eb,zz_known,40,2,2,0.04766283929347992,4096
neural_eb,neural_bidir_seed1_eb,zz_known,40,2,2,0.0480552539229393,4096
neural_eb,neural_bidir_seed2_eb,zz_known,40,2,2,0.04767459258437157,4096
neural_eb,neural_bidir_seed3_eb,zz_known,40,2,2,0.04777807742357254,4096
neural_eb,neural_bidir_seed4_eb,zz_known,40,2,2,0.04753747954964638,4096
dfe,none,zz_known,44,2,2,0.054657984524965286,0
constant_mean_eb,none,zz_known,44,2,2,0.053063806146383286,4096
summary_ridge_eb,none,zz_known,44,2,2,0.048073917627334595,4096
dfe,none,zz_known,48,2,2,0.052515752613544464,0
constant_mean_eb,none,zz_known,52,2,2,0.04893634095788002,4096
neural_eb,neural_bidir_seed0_eb,zz_known,52,2,2,0.043847810477018356,4096
neural_eb,neural_bidir_seed1_eb,zz_known,52,2,2,0.0442381352186203,4096
neural_eb,neural_bidir_seed2_eb,zz_known,52,2,2,0.04385128617286682,4096
neural_eb,neural_bidir_seed3_eb,zz_known,52,2,2,0.04385894536972046,4096
neural_eb,neural_bidir_seed4_eb,zz_known,52,2,2,0.043823376297950745,4096
dfe,none,zz_known,56,2,2,0.048141997307538986,0
summary_ridge_eb,none,zz_known,56,2,2,0.04359930753707886,4096
constant_mean_eb,none,zz_known,64,2,2,0.04414597898721695,4096
dfe,none,zz_known,68,2,2,0.04353629797697067,0
summary_ridge_eb,none,zz_known,72,2,2,0.03974616900086403,4096
neural_eb,neural_bidir_seed0_eb,zz_known,72,2,2,0.03889593854546547,4096
neural_eb,neural_bidir_seed1_eb,zz_known,72,2,2,0.039087384939193726,4096
neural_eb,neural_bidir_seed2_eb,zz_known,72,2,2,0.03887580335140228,4096
neural_eb,neural_bidir_seed3_eb,zz_known,72,2,2,0.03891447186470032,4096
neural_eb,neural_bidir_seed4_eb,zz_known,72,2,2,0.03884424269199371,4096
constant_mean_eb,none,zz_known,80,2,2,0.03939357399940491,4096
dfe,none,zz_known,84,2,2,0.04042515158653259,0
summary_ridge_eb,none,zz_known,96,2,2,0.03454329073429108,4096
neural_eb,neural_bidir_seed0_eb,zz_known,96,2,2,0.03436971455812454,4096
neural_eb,neural_bidir_seed1_eb,zz_known,96,2,2,0.03453928977251053,4096
neural_eb,neural_bidir_seed2_eb,zz_known,96,2,2,0.034362178295850754,4096
neural_eb,neural_bidir_seed3_eb,zz_known,96,2,2,0.03436335176229477,4096
neural_eb,neural_bidir_seed4_eb,zz_known,96,2,2,0.03434525430202484,4096
dfe,none,zz_known,128,2,2,0.03218938410282135,0
constant_mean_eb,none,zz_known,128,2,2,0.031903550028800964,4096
dfe,none,zz_known,192,2,2,0.02603285387158394,0
constant_mean_eb,none,zz_known,192,2,2,0.025777528062462807,4096
summary_ridge_eb,none,zz_known,192,2,2,0.025273270905017853,4096
neural_eb,neural_bidir_seed0_eb,zz_known,192,2,2,0.02500525489449501,4096
neural_eb,neural_bidir_seed1_eb,zz_known,192,2,2,0.025061946362257004,4096
neural_eb,neural_bidir_seed2_eb,zz_known,192,2,2,0.025005191564559937,4096
neural_eb,neural_bidir_seed3_eb,zz_known,192,2,2,0.025021949782967567,4096
neural_eb,neural_bidir_seed4_eb,zz_known,192,2,2,0.024999070912599564,4096
constant_mean_prior,none,none,0,2,3,0.18082962930202484,4096
constant_median_prior,none,none,0,2,3,0.16719838976860046,4096
summary_ridge_prior,none,none,0,2,3,0.09576280415058136,4096
product_affine_prior,none,none,0,2,3,0.10756358504295349,4096
exact_marginal_affine_prior,none,none,0,2,3,0.104408398270607,4096
neural_prior,neural_bidir_seed0_prior,none,0,2,3,0.08483409881591797,4096
neural_prior,neural_bidir_seed1_prior,none,0,2,3,0.08704739063978195,4096
neural_prior,neural_bidir_seed2_prior,none,0,2,3,0.08483144640922546,4096
neural_prior,neural_bidir_seed3_prior,none,0,2,3,0.08497096598148346,4096
neural_prior,neural_bidir_seed4_prior,none,0,2,3,0.08420556038618088,4096
summary_ridge_eb,none,zz_known,12,2,3,0.0755869671702385,4096
neural_eb,neural_bidir_seed0_eb,zz_known,12,2,3,0.07135728746652603,4096
neural_eb,neural_bidir_seed1_eb,zz_known,12,2,3,0.07254334539175034,4096
neural_eb,neural_bidir_seed2_eb,zz_known,12,2,3,0.07130125164985657,4096
neural_eb,neural_bidir_seed3_eb,zz_known,12,2,3,0.07136215269565582,4096
neural_eb,neural_bidir_seed4_eb,zz_known,12,2,3,0.07108986377716064,4096
summary_ridge_eb,none,zz_known,16,2,3,0.06845904886722565,4096
neural_eb,neural_bidir_seed0_eb,zz_known,16,2,3,0.06502038985490799,4096
neural_eb,neural_bidir_seed1_eb,zz_known,16,2,3,0.06603079289197922,4096
neural_eb,neural_bidir_seed2_eb,zz_known,16,2,3,0.0649755671620369,4096
neural_eb,neural_bidir_seed3_eb,zz_known,16,2,3,0.0650518536567688,4096
neural_eb,neural_bidir_seed4_eb,zz_known,16,2,3,0.06477849930524826,4096
constant_mean_eb,none,zz_known,20,2,3,0.0757841020822525,4096
summary_ridge_eb,none,zz_known,20,2,3,0.06238945946097374,4096
neural_eb,neural_bidir_seed0_eb,zz_known,20,2,3,0.06019004434347153,4096
neural_eb,neural_bidir_seed1_eb,zz_known,20,2,3,0.061120226979255676,4096
neural_eb,neural_bidir_seed2_eb,zz_known,20,2,3,0.06016802042722702,4096
neural_eb,neural_bidir_seed3_eb,zz_known,20,2,3,0.06025850027799606,4096
neural_eb,neural_bidir_seed4_eb,zz_known,20,2,3,0.06002204120159149,4096
dfe,none,zz_known,24,2,3,0.07384941726922989,0
constant_mean_eb,none,zz_known,24,2,3,0.06998686492443085,4096
neural_eb,neural_bidir_seed0_eb,zz_known,24,2,3,0.057223767042160034,4096
neural_eb,neural_bidir_seed1_eb,zz_known,24,2,3,0.058088622987270355,4096
neural_eb,neural_bidir_seed2_eb,zz_known,24,2,3,0.05720297992229462,4096
neural_eb,neural_bidir_seed3_eb,zz_known,24,2,3,0.05720476806163788,4096
neural_eb,neural_bidir_seed4_eb,zz_known,24,2,3,0.05704035982489586,4096
dfe,none,zz_known,28,2,3,0.06976012885570526,0
summary_ridge_eb,none,zz_known,28,2,3,0.05726591497659683,4096
dfe,none,zz_known,32,2,3,0.06416968256235123,0
constant_mean_eb,none,zz_known,32,2,3,0.06149100512266159,4096
summary_ridge_eb,none,zz_known,32,2,3,0.054012976586818695,4096
neural_eb,neural_bidir_seed0_eb,zz_known,32,2,3,0.05272095650434494,4096
neural_eb,neural_bidir_seed1_eb,zz_known,32,2,3,0.053409188985824585,4096
neural_eb,neural_bidir_seed2_eb,zz_known,32,2,3,0.05271217226982117,4096
neural_eb,neural_bidir_seed3_eb,zz_known,32,2,3,0.05272919684648514,4096
neural_eb,neural_bidir_seed4_eb,zz_known,32,2,3,0.0526297464966774,4096
constant_mean_eb,none,zz_known,36,2,3,0.05747251585125923,4096
summary_ridge_eb,none,zz_known,36,2,3,0.05184905230998993,4096
neural_eb,neural_bidir_seed0_eb,zz_known,36,2,3,0.05047659948468208,4096
neural_eb,neural_bidir_seed1_eb,zz_known,36,2,3,0.0510689914226532,4096
neural_eb,neural_bidir_seed2_eb,zz_known,36,2,3,0.0504608154296875,4096
neural_eb,neural_bidir_seed3_eb,zz_known,36,2,3,0.05045398697257042,4096
neural_eb,neural_bidir_seed4_eb,zz_known,36,2,3,0.050407517701387405,4096
dfe,none,zz_known,40,2,3,0.05595012754201889,0
neural_eb,neural_bidir_seed0_eb,zz_known,40,2,3,0.04859089106321335,4096
neural_eb,neural_bidir_seed1_eb,zz_known,40,2,3,0.04920681565999985,4096
neural_eb,neural_bidir_seed2_eb,zz_known,40,2,3,0.04861234128475189,4096
neural_eb,neural_bidir_seed3_eb,zz_known,40,2,3,0.04852491617202759,4096
neural_eb,neural_bidir_seed4_eb,zz_known,40,2,3,0.04855502396821976,4096
dfe,none,zz_known,44,2,3,0.05378975719213486,0
constant_mean_eb,none,zz_known,44,2,3,0.052408043295145035,4096
summary_ridge_eb,none,zz_known,44,2,3,0.04746996983885765,4096
dfe,none,zz_known,48,2,3,0.05291329324245453,0
constant_mean_eb,none,zz_known,52,2,3,0.048851002007722855,4096
neural_eb,neural_bidir_seed0_eb,zz_known,52,2,3,0.04465196654200554,4096
neural_eb,neural_bidir_seed1_eb,zz_known,52,2,3,0.04512081295251846,4096
neural_eb,neural_bidir_seed2_eb,zz_known,52,2,3,0.044672466814517975,4096
neural_eb,neural_bidir_seed3_eb,zz_known,52,2,3,0.044670961797237396,4096
neural_eb,neural_bidir_seed4_eb,zz_known,52,2,3,0.04467831552028656,4096
dfe,none,zz_known,56,2,3,0.04777245596051216,0
summary_ridge_eb,none,zz_known,56,2,3,0.04380058869719505,4096
constant_mean_eb,none,zz_known,64,2,3,0.0437353141605854,4096
dfe,none,zz_known,68,2,3,0.04423873499035835,0
summary_ridge_eb,none,zz_known,72,2,3,0.03891956806182861,4096
neural_eb,neural_bidir_seed0_eb,zz_known,72,2,3,0.03866252675652504,4096
neural_eb,neural_bidir_seed1_eb,zz_known,72,2,3,0.03893645107746124,4096
neural_eb,neural_bidir_seed2_eb,zz_known,72,2,3,0.03864865005016327,4096
neural_eb,neural_bidir_seed3_eb,zz_known,72,2,3,0.03861888498067856,4096
neural_eb,neural_bidir_seed4_eb,zz_known,72,2,3,0.03861066699028015,4096
constant_mean_eb,none,zz_known,80,2,3,0.039094895124435425,4096
dfe,none,zz_known,84,2,3,0.03983164206147194,0
summary_ridge_eb,none,zz_known,96,2,3,0.0349622443318367,4096
neural_eb,neural_bidir_seed0_eb,zz_known,96,2,3,0.03467791900038719,4096
neural_eb,neural_bidir_seed1_eb,zz_known,96,2,3,0.03489707410335541,4096
neural_eb,neural_bidir_seed2_eb,zz_known,96,2,3,0.03467320650815964,4096
neural_eb,neural_bidir_seed3_eb,zz_known,96,2,3,0.03467496484518051,4096
neural_eb,neural_bidir_seed4_eb,zz_known,96,2,3,0.03465718775987625,4096
dfe,none,zz_known,128,2,3,0.03138486668467522,0
constant_mean_eb,none,zz_known,128,2,3,0.030849216505885124,4096
dfe,none,zz_known,192,2,3,0.02620750665664673,0
constant_mean_eb,none,zz_known,192,2,3,0.0259702131152153,4096
summary_ridge_eb,none,zz_known,192,2,3,0.025089314207434654,4096
neural_eb,neural_bidir_seed0_eb,zz_known,192,2,3,0.02520659938454628,4096
neural_eb,neural_bidir_seed1_eb,zz_known,192,2,3,0.025304261595010757,4096
neural_eb,neural_bidir_seed2_eb,zz_known,192,2,3,0.025210846215486526,4096
neural_eb,neural_bidir_seed3_eb,zz_known,192,2,3,0.025193601846694946,4096
neural_eb,neural_bidir_seed4_eb,zz_known,192,2,3,0.025216516107320786,4096
constant_mean_prior,none,none,0,2,4,0.18488313257694244,4096
constant_median_prior,none,none,0,2,4,0.16978049278259277,4096
summary_ridge_prior,none,none,0,2,4,0.09143029153347015,4096
product_affine_prior,none,none,0,2,4,0.10702294856309891,4096
exact_marginal_affine_prior,none,none,0,2,4,0.10358926653862,4096
neural_prior,neural_bidir_seed0_prior,none,0,2,4,0.08412187546491623,4096
neural_prior,neural_bidir_seed1_prior,none,0,2,4,0.08638804405927658,4096
neural_prior,neural_bidir_seed2_prior,none,0,2,4,0.08415229618549347,4096
neural_prior,neural_bidir_seed3_prior,none,0,2,4,0.08419957011938095,4096
neural_prior,neural_bidir_seed4_prior,none,0,2,4,0.08374147862195969,4096
summary_ridge_eb,none,zz_known,12,2,4,0.07371397316455841,4096
neural_eb,neural_bidir_seed0_eb,zz_known,12,2,4,0.07003336399793625,4096
neural_eb,neural_bidir_seed1_eb,zz_known,12,2,4,0.07129500061273575,4096
neural_eb,neural_bidir_seed2_eb,zz_known,12,2,4,0.07002323120832443,4096
neural_eb,neural_bidir_seed3_eb,zz_known,12,2,4,0.07005112618207932,4096
neural_eb,neural_bidir_seed4_eb,zz_known,12,2,4,0.06994868069887161,4096
summary_ridge_eb,none,zz_known,16,2,4,0.0684765875339508,4096
neural_eb,neural_bidir_seed0_eb,zz_known,16,2,4,0.06481687724590302,4096
neural_eb,neural_bidir_seed1_eb,zz_known,16,2,4,0.06579548865556717,4096
neural_eb,neural_bidir_seed2_eb,zz_known,16,2,4,0.06480709463357925,4096
neural_eb,neural_bidir_seed3_eb,zz_known,16,2,4,0.06491588801145554,4096
neural_eb,neural_bidir_seed4_eb,zz_known,16,2,4,0.06460230052471161,4096
constant_mean_eb,none,zz_known,20,2,4,0.07618196308612823,4096
summary_ridge_eb,none,zz_known,20,2,4,0.06292011588811874,4096
neural_eb,neural_bidir_seed0_eb,zz_known,20,2,4,0.06051040068268776,4096
neural_eb,neural_bidir_seed1_eb,zz_known,20,2,4,0.061445675790309906,4096
neural_eb,neural_bidir_seed2_eb,zz_known,20,2,4,0.06049841269850731,4096
neural_eb,neural_bidir_seed3_eb,zz_known,20,2,4,0.06049196049571037,4096
neural_eb,neural_bidir_seed4_eb,zz_known,20,2,4,0.06033715233206749,4096
dfe,none,zz_known,24,2,4,0.07361955940723419,0
constant_mean_eb,none,zz_known,24,2,4,0.06951137632131577,4096
neural_eb,neural_bidir_seed0_eb,zz_known,24,2,4,0.056753575801849365,4096
neural_eb,neural_bidir_seed1_eb,zz_known,24,2,4,0.05753329023718834,4096
neural_eb,neural_bidir_seed2_eb,zz_known,24,2,4,0.05672489106655121,4096
neural_eb,neural_bidir_seed3_eb,zz_known,24,2,4,0.05679815262556076,4096
neural_eb,neural_bidir_seed4_eb,zz_known,24,2,4,0.056619249284267426,4096
dfe,none,zz_known,28,2,4,0.0676792562007904,0
summary_ridge_eb,none,zz_known,28,2,4,0.056308064609766006,4096
dfe,none,zz_known,32,2,4,0.06431153416633606,0
constant_mean_eb,none,zz_known,32,2,4,0.06209696829319,4096
summary_ridge_eb,none,zz_known,32,2,4,0.05442466586828232,4096
neural_eb,neural_bidir_seed0_eb,zz_known,32,2,4,0.05331496149301529,4096
neural_eb,neural_bidir_seed1_eb,zz_known,32,2,4,0.05401327461004257,4096
neural_eb,neural_bidir_seed2_eb,zz_known,32,2,4,0.05330616980791092,4096
neural_eb,neural_bidir_seed3_eb,zz_known,32,2,4,0.053271375596523285,4096
neural_eb,neural_bidir_seed4_eb,zz_known,32,2,4,0.0532514862716198,4096
constant_mean_eb,none,zz_known,36,2,4,0.058248862624168396,4096
summary_ridge_eb,none,zz_known,36,2,4,0.0517149418592453,4096
neural_eb,neural_bidir_seed0_eb,zz_known,36,2,4,0.05109027028083801,4096
neural_eb,neural_bidir_seed1_eb,zz_known,36,2,4,0.05173753947019577,4096
neural_eb,neural_bidir_seed2_eb,zz_known,36,2,4,0.05103294551372528,4096
neural_eb,neural_bidir_seed3_eb,zz_known,36,2,4,0.051062941551208496,4096
neural_eb,neural_bidir_seed4_eb,zz_known,36,2,4,0.05103594809770584,4096
dfe,none,zz_known,40,2,4,0.0575190968811512,0
neural_eb,neural_bidir_seed0_eb,zz_known,40,2,4,0.04825165122747421,4096
neural_eb,neural_bidir_seed1_eb,zz_known,40,2,4,0.04879090189933777,4096
neural_eb,neural_bidir_seed2_eb,zz_known,40,2,4,0.048260368406772614,4096
neural_eb,neural_bidir_seed3_eb,zz_known,40,2,4,0.04827270284295082,4096
neural_eb,neural_bidir_seed4_eb,zz_known,40,2,4,0.048221834003925323,4096
dfe,none,zz_known,44,2,4,0.054324932396411896,0
constant_mean_eb,none,zz_known,44,2,4,0.05258863419294357,4096
summary_ridge_eb,none,zz_known,44,2,4,0.04768823832273483,4096
dfe,none,zz_known,48,2,4,0.05239410698413849,0
constant_mean_eb,none,zz_known,52,2,4,0.04924459010362625,4096
neural_eb,neural_bidir_seed0_eb,zz_known,52,2,4,0.04544074833393097,4096
neural_eb,neural_bidir_seed1_eb,zz_known,52,2,4,0.04584459215402603,4096
neural_eb,neural_bidir_seed2_eb,zz_known,52,2,4,0.045426178723573685,4096
neural_eb,neural_bidir_seed3_eb,zz_known,52,2,4,0.04541692137718201,4096
neural_eb,neural_bidir_seed4_eb,zz_known,52,2,4,0.04536820948123932,4096
dfe,none,zz_known,56,2,4,0.048708152025938034,0
summary_ridge_eb,none,zz_known,56,2,4,0.04384944587945938,4096
constant_mean_eb,none,zz_known,64,2,4,0.04447416216135025,4096
dfe,none,zz_known,68,2,4,0.04404513165354729,0
summary_ridge_eb,none,zz_known,72,2,4,0.038551025092601776,4096
neural_eb,neural_bidir_seed0_eb,zz_known,72,2,4,0.03838740289211273,4096
neural_eb,neural_bidir_seed1_eb,zz_known,72,2,4,0.03868202865123749,4096
neural_eb,neural_bidir_seed2_eb,zz_known,72,2,4,0.0383460596203804,4096
neural_eb,neural_bidir_seed3_eb,zz_known,72,2,4,0.03834506869316101,4096
neural_eb,neural_bidir_seed4_eb,zz_known,72,2,4,0.03831582888960838,4096
constant_mean_eb,none,zz_known,80,2,4,0.03898000717163086,4096
dfe,none,zz_known,84,2,4,0.03944600746035576,0
summary_ridge_eb,none,zz_known,96,2,4,0.033658456057310104,4096
neural_eb,neural_bidir_seed0_eb,zz_known,96,2,4,0.03357800096273422,4096
neural_eb,neural_bidir_seed1_eb,zz_known,96,2,4,0.03377996385097504,4096
neural_eb,neural_bidir_seed2_eb,zz_known,96,2,4,0.03354744613170624,4096
neural_eb,neural_bidir_seed3_eb,zz_known,96,2,4,0.03353331983089447,4096
neural_eb,neural_bidir_seed4_eb,zz_known,96,2,4,0.03358443081378937,4096
dfe,none,zz_known,128,2,4,0.03158619999885559,0
constant_mean_eb,none,zz_known,128,2,4,0.03132202476263046,4096
dfe,none,zz_known,192,2,4,0.025824429467320442,0
constant_mean_eb,none,zz_known,192,2,4,0.025671688839793205,4096
summary_ridge_eb,none,zz_known,192,2,4,0.024963170289993286,4096
neural_eb,neural_bidir_seed0_eb,zz_known,192,2,4,0.025028705596923828,4096
neural_eb,neural_bidir_seed1_eb,zz_known,192,2,4,0.02512602135539055,4096
neural_eb,neural_bidir_seed2_eb,zz_known,192,2,4,0.02501862868666649,4096
neural_eb,neural_bidir_seed3_eb,zz_known,192,2,4,0.02498767152428627,4096
neural_eb,neural_bidir_seed4_eb,zz_known,192,2,4,0.02500288374722004,4096
constant_mean_prior,none,none,0,3,0,0.1685846447944641,4096
constant_median_prior,none,none,0,3,0,0.16584572196006775,4096
summary_ridge_prior,none,none,0,3,0,0.09218913316726685,4096
product_affine_prior,none,none,0,3,0,0.1117943823337555,4096
exact_marginal_affine_prior,none,none,0,3,0,0.10809043049812317,4096
neural_prior,neural_bidir_seed0_prior,none,0,3,0,0.08624407649040222,4096
neural_prior,neural_bidir_seed1_prior,none,0,3,0,0.08903984725475311,4096
neural_prior,neural_bidir_seed2_prior,none,0,3,0,0.08595497906208038,4096
neural_prior,neural_bidir_seed3_prior,none,0,3,0,0.0862003043293953,4096
neural_prior,neural_bidir_seed4_prior,none,0,3,0,0.08554273843765259,4096
summary_ridge_eb,none,zz_known,12,3,0,0.07829150557518005,4096
neural_eb,neural_bidir_seed0_eb,zz_known,12,3,0,0.07423710823059082,4096
neural_eb,neural_bidir_seed1_eb,zz_known,12,3,0,0.07497351616621017,4096
neural_eb,neural_bidir_seed2_eb,zz_known,12,3,0,0.07400238513946533,4096
neural_eb,neural_bidir_seed3_eb,zz_known,12,3,0,0.07440721988677979,4096
neural_eb,neural_bidir_seed4_eb,zz_known,12,3,0,0.07388760149478912,4096
summary_ridge_eb,none,zz_known,16,3,0,0.07092876732349396,4096
neural_eb,neural_bidir_seed0_eb,zz_known,16,3,0,0.06753776967525482,4096
neural_eb,neural_bidir_seed1_eb,zz_known,16,3,0,0.06806698441505432,4096
neural_eb,neural_bidir_seed2_eb,zz_known,16,3,0,0.06729157269001007,4096
neural_eb,neural_bidir_seed3_eb,zz_known,16,3,0,0.06764159351587296,4096
neural_eb,neural_bidir_seed4_eb,zz_known,16,3,0,0.06720611453056335,4096
constant_mean_eb,none,zz_known,20,3,0,0.07390464097261429,4096
summary_ridge_eb,none,zz_known,20,3,0,0.06505303829908371,4096
neural_eb,neural_bidir_seed0_eb,zz_known,20,3,0,0.06256663799285889,4096
neural_eb,neural_bidir_seed1_eb,zz_known,20,3,0,0.06307162344455719,4096
neural_eb,neural_bidir_seed2_eb,zz_known,20,3,0,0.0624224990606308,4096
neural_eb,neural_bidir_seed3_eb,zz_known,20,3,0,0.06263113021850586,4096
neural_eb,neural_bidir_seed4_eb,zz_known,20,3,0,0.06239922717213631,4096
dfe,none,zz_known,24,3,0,0.07450719177722931,0
constant_mean_eb,none,zz_known,24,3,0,0.07033316791057587,4096
neural_eb,neural_bidir_seed0_eb,zz_known,24,3,0,0.05966387689113617,4096
neural_eb,neural_bidir_seed1_eb,zz_known,24,3,0,0.06009206920862198,4096
neural_eb,neural_bidir_seed2_eb,zz_known,24,3,0,0.05950140580534935,4096
neural_eb,neural_bidir_seed3_eb,zz_known,24,3,0,0.059713393449783325,4096
neural_eb,neural_bidir_seed4_eb,zz_known,24,3,0,0.05950746685266495,4096
dfe,none,zz_known,28,3,0,0.0673031359910965,0
summary_ridge_eb,none,zz_known,28,3,0,0.05729082226753235,4096
dfe,none,zz_known,32,3,0,0.06366156041622162,0
constant_mean_eb,none,zz_known,32,3,0,0.0605819970369339,4096
summary_ridge_eb,none,zz_known,32,3,0,0.055048100650310516,4096
neural_eb,neural_bidir_seed0_eb,zz_known,32,3,0,0.053692009299993515,4096
neural_eb,neural_bidir_seed1_eb,zz_known,32,3,0,0.05401746556162834,4096
neural_eb,neural_bidir_seed2_eb,zz_known,32,3,0,0.05357271432876587,4096
neural_eb,neural_bidir_seed3_eb,zz_known,32,3,0,0.05377495288848877,4096
neural_eb,neural_bidir_seed4_eb,zz_known,32,3,0,0.053581878542900085,4096
constant_mean_eb,none,zz_known,36,3,0,0.057240068912506104,4096
summary_ridge_eb,none,zz_known,36,3,0,0.051879193633794785,4096
neural_eb,neural_bidir_seed0_eb,zz_known,36,3,0,0.05051320791244507,4096
neural_eb,neural_bidir_seed1_eb,zz_known,36,3,0,0.05083008110523224,4096
neural_eb,neural_bidir_seed2_eb,zz_known,36,3,0,0.05040314048528671,4096
neural_eb,neural_bidir_seed3_eb,zz_known,36,3,0,0.0505179837346077,4096
neural_eb,neural_bidir_seed4_eb,zz_known,36,3,0,0.050401851534843445,4096
dfe,none,zz_known,40,3,0,0.057423874735832214,0
neural_eb,neural_bidir_seed0_eb,zz_known,40,3,0,0.05007976293563843,4096
neural_eb,neural_bidir_seed1_eb,zz_known,40,3,0,0.05034920573234558,4096
neural_eb,neural_bidir_seed2_eb,zz_known,40,3,0,0.04995502531528473,4096
neural_eb,neural_bidir_seed3_eb,zz_known,40,3,0,0.050070621073246,4096
neural_eb,neural_bidir_seed4_eb,zz_known,40,3,0,0.049946658313274384,4096
dfe,none,zz_known,44,3,0,0.05439136177301407,0
constant_mean_eb,none,zz_known,44,3,0,0.05254000425338745,4096
summary_ridge_eb,none,zz_known,44,3,0,0.04897826910018921,4096
dfe,none,zz_known,48,3,0,0.05163462460041046,0
constant_mean_eb,none,zz_known,52,3,0,0.04827307164669037,4096
neural_eb,neural_bidir_seed0_eb,zz_known,52,3,0,0.044202495366334915,4096
neural_eb,neural_bidir_seed1_eb,zz_known,52,3,0,0.044401865452528,4096
neural_eb,neural_bidir_seed2_eb,zz_known,52,3,0,0.044126465916633606,4096
neural_eb,neural_bidir_seed3_eb,zz_known,52,3,0,0.04423487186431885,4096
neural_eb,neural_bidir_seed4_eb,zz_known,52,3,0,0.04411981254816055,4096
dfe,none,zz_known,56,3,0,0.048317402601242065,0
summary_ridge_eb,none,zz_known,56,3,0,0.0441167950630188,4096
constant_mean_eb,none,zz_known,64,3,0,0.04363173991441727,4096
dfe,none,zz_known,68,3,0,0.04366011917591095,0
summary_ridge_eb,none,zz_known,72,3,0,0.03949449211359024,4096
neural_eb,neural_bidir_seed0_eb,zz_known,72,3,0,0.03891639783978462,4096
neural_eb,neural_bidir_seed1_eb,zz_known,72,3,0,0.039032287895679474,4096
neural_eb,neural_bidir_seed2_eb,zz_known,72,3,0,0.03887578472495079,4096
neural_eb,neural_bidir_seed3_eb,zz_known,72,3,0,0.03894517570734024,4096
neural_eb,neural_bidir_seed4_eb,zz_known,72,3,0,0.0388733372092247,4096
constant_mean_eb,none,zz_known,80,3,0,0.039701562374830246,4096
dfe,none,zz_known,84,3,0,0.0387573316693306,0
summary_ridge_eb,none,zz_known,96,3,0,0.03502456843852997,4096
neural_eb,neural_bidir_seed0_eb,zz_known,96,3,0,0.03473725914955139,4096
neural_eb,neural_bidir_seed1_eb,zz_known,96,3,0,0.03482992202043533,4096
neural_eb,neural_bidir_seed2_eb,zz_known,96,3,0,0.034719452261924744,4096
neural_eb,neural_bidir_seed3_eb,zz_known,96,3,0,0.03475601226091385,4096
neural_eb,neural_bidir_seed4_eb,zz_known,96,3,0,0.0347149595618248,4096
dfe,none,zz_known,128,3,0,0.03215207904577255,0
constant_mean_eb,none,zz_known,128,3,0,0.03168671578168869,4096
dfe,none,zz_known,192,3,0,0.02614188753068447,0
constant_mean_eb,none,zz_known,192,3,0,0.026023168116807938,4096
summary_ridge_eb,none,zz_known,192,3,0,0.025517538189888,4096
neural_eb,neural_bidir_seed0_eb,zz_known,192,3,0,0.025324713438749313,4096
neural_eb,neural_bidir_seed1_eb,zz_known,192,3,0,0.025362085551023483,4096
neural_eb,neural_bidir_seed2_eb,zz_known,192,3,0,0.02529953420162201,4096
neural_eb,neural_bidir_seed3_eb,zz_known,192,3,0,0.025316692888736725,4096
neural_eb,neural_bidir_seed4_eb,zz_known,192,3,0,0.025300413370132446,4096
constant_mean_prior,none,none,0,3,1,0.16646802425384521,4096
constant_median_prior,none,none,0,3,1,0.16584572196006775,4096
summary_ridge_prior,none,none,0,3,1,0.09462420642375946,4096
product_affine_prior,none,none,0,3,1,0.11167406290769577,4096
exact_marginal_affine_prior,none,none,0,3,1,0.10822534561157227,4096
neural_prior,neural_bidir_seed0_prior,none,0,3,1,0.0871519222855568,4096
neural_prior,neural_bidir_seed1_prior,none,0,3,1,0.09016862511634827,4096
neural_prior,neural_bidir_seed2_prior,none,0,3,1,0.08693473786115646,4096
neural_prior,neural_bidir_seed3_prior,none,0,3,1,0.0871964693069458,4096
neural_prior,neural_bidir_seed4_prior,none,0,3,1,0.08656191825866699,4096
summary_ridge_eb,none,zz_known,12,3,1,0.07851497828960419,4096
neural_eb,neural_bidir_seed0_eb,zz_known,12,3,1,0.07402746379375458,4096
neural_eb,neural_bidir_seed1_eb,zz_known,12,3,1,0.07492037117481232,4096
neural_eb,neural_bidir_seed2_eb,zz_known,12,3,1,0.07380460947751999,4096
neural_eb,neural_bidir_seed3_eb,zz_known,12,3,1,0.07410738617181778,4096
neural_eb,neural_bidir_seed4_eb,zz_known,12,3,1,0.07370369136333466,4096
summary_ridge_eb,none,zz_known,16,3,1,0.07107129693031311,4096
neural_eb,neural_bidir_seed0_eb,zz_known,16,3,1,0.06781557947397232,4096
neural_eb,neural_bidir_seed1_eb,zz_known,16,3,1,0.06862187385559082,4096
neural_eb,neural_bidir_seed2_eb,zz_known,16,3,1,0.0676669329404831,4096
neural_eb,neural_bidir_seed3_eb,zz_known,16,3,1,0.06796792149543762,4096
neural_eb,neural_bidir_seed4_eb,zz_known,16,3,1,0.06763744354248047,4096
constant_mean_eb,none,zz_known,20,3,1,0.0744759738445282,4096
summary_ridge_eb,none,zz_known,20,3,1,0.06404958665370941,4096
neural_eb,neural_bidir_seed0_eb,zz_known,20,3,1,0.061270229518413544,4096
neural_eb,neural_bidir_seed1_eb,zz_known,20,3,1,0.061915189027786255,4096
neural_eb,neural_bidir_seed2_eb,zz_known,20,3,1,0.06114688143134117,4096
neural_eb,neural_bidir_seed3_eb,zz_known,20,3,1,0.06136001646518707,4096
neural_eb,neural_bidir_seed4_eb,zz_known,20,3,1,0.06113426387310028,4096
dfe,none,zz_known,24,3,1,0.07301352173089981,0
constant_mean_eb,none,zz_known,24,3,1,0.06828219443559647,4096
neural_eb,neural_bidir_seed0_eb,zz_known,24,3,1,0.05762633681297302,4096
neural_eb,neural_bidir_seed1_eb,zz_known,24,3,1,0.05815909430384636,4096
neural_eb,neural_bidir_seed2_eb,zz_known,24,3,1,0.05755436792969704,4096
neural_eb,neural_bidir_seed3_eb,zz_known,24,3,1,0.05771647393703461,4096
neural_eb,neural_bidir_seed4_eb,zz_known,24,3,1,0.05750511586666107,4096
dfe,none,zz_known,28,3,1,0.06811101734638214,0
summary_ridge_eb,none,zz_known,28,3,1,0.05851638317108154,4096
dfe,none,zz_known,32,3,1,0.06297221779823303,0
constant_mean_eb,none,zz_known,32,3,1,0.06012260168790817,4096
summary_ridge_eb,none,zz_known,32,3,1,0.05436786636710167,4096
neural_eb,neural_bidir_seed0_eb,zz_known,32,3,1,0.052760906517505646,4096
neural_eb,neural_bidir_seed1_eb,zz_known,32,3,1,0.05319751426577568,4096
neural_eb,neural_bidir_seed2_eb,zz_known,32,3,1,0.05271840840578079,4096
neural_eb,neural_bidir_seed3_eb,zz_known,32,3,1,0.05282348394393921,4096
neural_eb,neural_bidir_seed4_eb,zz_known,32,3,1,0.0526946485042572,4096
constant_mean_eb,none,zz_known,36,3,1,0.058710113167762756,4096
summary_ridge_eb,none,zz_known,36,3,1,0.05343738570809364,4096
neural_eb,neural_bidir_seed0_eb,zz_known,36,3,1,0.05200686678290367,4096
neural_eb,neural_bidir_seed1_eb,zz_known,36,3,1,0.05237583443522453,4096
neural_eb,neural_bidir_seed2_eb,zz_known,36,3,1,0.05192217230796814,4096
neural_eb,neural_bidir_seed3_eb,zz_known,36,3,1,0.052030839025974274,4096
neural_eb,neural_bidir_seed4_eb,zz_known,36,3,1,0.05188971385359764,4096
dfe,none,zz_known,40,3,1,0.056943707168102264,0
neural_eb,neural_bidir_seed0_eb,zz_known,40,3,1,0.04910575598478317,4096
neural_eb,neural_bidir_seed1_eb,zz_known,40,3,1,0.0494183748960495,4096
neural_eb,neural_bidir_seed2_eb,zz_known,40,3,1,0.049063265323638916,4096
neural_eb,neural_bidir_seed3_eb,zz_known,40,3,1,0.049187153577804565,4096
neural_eb,neural_bidir_seed4_eb,zz_known,40,3,1,0.04900551587343216,4096
dfe,none,zz_known,44,3,1,0.0537380650639534,0
constant_mean_eb,none,zz_known,44,3,1,0.052297838032245636,4096
summary_ridge_eb,none,zz_known,44,3,1,0.048391543328762054,4096
dfe,none,zz_known,48,3,1,0.052541930228471756,0
constant_mean_eb,none,zz_known,52,3,1,0.048480577766895294,4096
neural_eb,neural_bidir_seed0_eb,zz_known,52,3,1,0.044488582760095596,4096
neural_eb,neural_bidir_seed1_eb,zz_known,52,3,1,0.0447508841753006,4096
neural_eb,neural_bidir_seed2_eb,zz_known,52,3,1,0.044454507529735565,4096
neural_eb,neural_bidir_seed3_eb,zz_known,52,3,1,0.04450348764657974,4096
neural_eb,neural_bidir_seed4_eb,zz_known,52,3,1,0.04443866014480591,4096
dfe,none,zz_known,56,3,1,0.04857394099235535,0
summary_ridge_eb,none,zz_known,56,3,1,0.04442881792783737,4096
constant_mean_eb,none,zz_known,64,3,1,0.04453609138727188,4096
dfe,none,zz_known,68,3,1,0.04397592693567276,0
summary_ridge_eb,none,zz_known,72,3,1,0.039034754037857056,4096
neural_eb,neural_bidir_seed0_eb,zz_known,72,3,1,0.03863687813282013,4096
neural_eb,neural_bidir_seed1_eb,zz_known,72,3,1,0.03881455585360527,4096
neural_eb,neural_bidir_seed2_eb,zz_known,72,3,1,0.03860572725534439,4096
neural_eb,neural_bidir_seed3_eb,zz_known,72,3,1,0.0386476032435894,4096
neural_eb,neural_bidir_seed4_eb,zz_known,72,3,1,0.038605619221925735,4096
constant_mean_eb,none,zz_known,80,3,1,0.03947574645280838,4096
dfe,none,zz_known,84,3,1,0.039532482624053955,0
summary_ridge_eb,none,zz_known,96,3,1,0.034654196351766586,4096
neural_eb,neural_bidir_seed0_eb,zz_known,96,3,1,0.03402867168188095,4096
neural_eb,neural_bidir_seed1_eb,zz_known,96,3,1,0.03414151817560196,4096
neural_eb,neural_bidir_seed2_eb,zz_known,96,3,1,0.033993110060691833,4096
neural_eb,neural_bidir_seed3_eb,zz_known,96,3,1,0.03402676805853844,4096
neural_eb,neural_bidir_seed4_eb,zz_known,96,3,1,0.03399035334587097,4096
dfe,none,zz_known,128,3,1,0.032379817217588425,0
constant_mean_eb,none,zz_known,128,3,1,0.03194568306207657,4096
dfe,none,zz_known,192,3,1,0.025900112465023994,0
constant_mean_eb,none,zz_known,192,3,1,0.025547798722982407,4096
summary_ridge_eb,none,zz_known,192,3,1,0.02497090771794319,4096
neural_eb,neural_bidir_seed0_eb,zz_known,192,3,1,0.024730216711759567,4096
neural_eb,neural_bidir_seed1_eb,zz_known,192,3,1,0.02477954886853695,4096
neural_eb,neural_bidir_seed2_eb,zz_known,192,3,1,0.024717824533581734,4096
neural_eb,neural_bidir_seed3_eb,zz_known,192,3,1,0.024732112884521484,4096
neural_eb,neural_bidir_seed4_eb,zz_known,192,3,1,0.024726521223783493,4096
constant_mean_prior,none,none,0,3,2,0.16681446135044098,4096
constant_median_prior,none,none,0,3,2,0.1654042750597,4096
summary_ridge_prior,none,none,0,3,2,0.0949343889951706,4096
product_affine_prior,none,none,0,3,2,0.11382162570953369,4096
exact_marginal_affine_prior,none,none,0,3,2,0.11031326651573181,4096
neural_prior,neural_bidir_seed0_prior,none,0,3,2,0.08885851502418518,4096
neural_prior,neural_bidir_seed1_prior,none,0,3,2,0.0917794406414032,4096
neural_prior,neural_bidir_seed2_prior,none,0,3,2,0.08854373544454575,4096
neural_prior,neural_bidir_seed3_prior,none,0,3,2,0.08891665935516357,4096
neural_prior,neural_bidir_seed4_prior,none,0,3,2,0.08820925652980804,4096
summary_ridge_eb,none,zz_known,12,3,2,0.07708252966403961,4096
neural_eb,neural_bidir_seed0_eb,zz_known,12,3,2,0.07532185316085815,4096
neural_eb,neural_bidir_seed1_eb,zz_known,12,3,2,0.07610791176557541,4096
neural_eb,neural_bidir_seed2_eb,zz_known,12,3,2,0.07510904967784882,4096
neural_eb,neural_bidir_seed3_eb,zz_known,12,3,2,0.07547561824321747,4096
neural_eb,neural_bidir_seed4_eb,zz_known,12,3,2,0.07507433742284775,4096
summary_ridge_eb,none,zz_known,16,3,2,0.07177529484033585,4096
neural_eb,neural_bidir_seed0_eb,zz_known,16,3,2,0.06967580318450928,4096
neural_eb,neural_bidir_seed1_eb,zz_known,16,3,2,0.0702829360961914,4096
neural_eb,neural_bidir_seed2_eb,zz_known,16,3,2,0.06949254870414734,4096
neural_eb,neural_bidir_seed3_eb,zz_known,16,3,2,0.06980619579553604,4096
neural_eb,neural_bidir_seed4_eb,zz_known,16,3,2,0.06950198113918304,4096
constant_mean_eb,none,zz_known,20,3,2,0.07531995326280594,4096
summary_ridge_eb,none,zz_known,20,3,2,0.06559792160987854,4096
neural_eb,neural_bidir_seed0_eb,zz_known,20,3,2,0.06353527307510376,4096
neural_eb,neural_bidir_seed1_eb,zz_known,20,3,2,0.06397895514965057,4096
neural_eb,neural_bidir_seed2_eb,zz_known,20,3,2,0.06340404599905014,4096
neural_eb,neural_bidir_seed3_eb,zz_known,20,3,2,0.06371542066335678,4096
neural_eb,neural_bidir_seed4_eb,zz_known,20,3,2,0.06330747902393341,4096
dfe,none,zz_known,24,3,2,0.07217039167881012,0
constant_mean_eb,none,zz_known,24,3,2,0.0677180290222168,4096
neural_eb,neural_bidir_seed0_eb,zz_known,24,3,2,0.05902349576354027,4096
neural_eb,neural_bidir_seed1_eb,zz_known,24,3,2,0.059383124113082886,4096
neural_eb,neural_bidir_seed2_eb,zz_known,24,3,2,0.058930620551109314,4096
neural_eb,neural_bidir_seed3_eb,zz_known,24,3,2,0.05911777541041374,4096
neural_eb,neural_bidir_seed4_eb,zz_known,24,3,2,0.05888814106583595,4096
dfe,none,zz_known,28,3,2,0.06799110770225525,0
summary_ridge_eb,none,zz_known,28,3,2,0.057803358882665634,4096
dfe,none,zz_known,32,3,2,0.06356161832809448,0
constant_mean_eb,none,zz_known,32,3,2,0.060619235038757324,4096
summary_ridge_eb,none,zz_known,32,3,2,0.05486590042710304,4096
neural_eb,neural_bidir_seed0_eb,zz_known,32,3,2,0.05382630601525307,4096
neural_eb,neural_bidir_seed1_eb,zz_known,32,3,2,0.05413516238331795,4096
neural_eb,neural_bidir_seed2_eb,zz_known,32,3,2,0.053728461265563965,4096
neural_eb,neural_bidir_seed3_eb,zz_known,32,3,2,0.05389469861984253,4096
neural_eb,neural_bidir_seed4_eb,zz_known,32,3,2,0.05372445285320282,4096
constant_mean_eb,none,zz_known,36,3,2,0.05745376646518707,4096
summary_ridge_eb,none,zz_known,36,3,2,0.05252895504236221,4096
neural_eb,neural_bidir_seed0_eb,zz_known,36,3,2,0.05183824896812439,4096
neural_eb,neural_bidir_seed1_eb,zz_known,36,3,2,0.052106983959674835,4096
neural_eb,neural_bidir_seed2_eb,zz_known,36,3,2,0.051743172109127045,4096
neural_eb,neural_bidir_seed3_eb,zz_known,36,3,2,0.05189397186040878,4096
neural_eb,neural_bidir_seed4_eb,zz_known,36,3,2,0.05172089487314224,4096
dfe,none,zz_known,40,3,2,0.05764143168926239,0
neural_eb,neural_bidir_seed0_eb,zz_known,40,3,2,0.05009818077087402,4096
neural_eb,neural_bidir_seed1_eb,zz_known,40,3,2,0.05030336230993271,4096
neural_eb,neural_bidir_seed2_eb,zz_known,40,3,2,0.04998466745018959,4096
neural_eb,neural_bidir_seed3_eb,zz_known,40,3,2,0.050133854150772095,4096
neural_eb,neural_bidir_seed4_eb,zz_known,40,3,2,0.049958642572164536,4096
dfe,none,zz_known,44,3,2,0.05476688593626022,0
constant_mean_eb,none,zz_known,44,3,2,0.052577339112758636,4096
summary_ridge_eb,none,zz_known,44,3,2,0.04842390865087509,4096
dfe,none,zz_known,48,3,2,0.05142485350370407,0
constant_mean_eb,none,zz_known,52,3,2,0.04778426140546799,4096
neural_eb,neural_bidir_seed0_eb,zz_known,52,3,2,0.04392024502158165,4096
neural_eb,neural_bidir_seed1_eb,zz_known,52,3,2,0.04413885250687599,4096
neural_eb,neural_bidir_seed2_eb,zz_known,52,3,2,0.04385256767272949,4096
neural_eb,neural_bidir_seed3_eb,zz_known,52,3,2,0.04390979930758476,4096
neural_eb,neural_bidir_seed4_eb,zz_known,52,3,2,0.04385882616043091,4096
dfe,none,zz_known,56,3,2,0.04806879907846451,0
summary_ridge_eb,none,zz_known,56,3,2,0.04414992779493332,4096
constant_mean_eb,none,zz_known,64,3,2,0.04419972002506256,4096
dfe,none,zz_known,68,3,2,0.04383251816034317,0
summary_ridge_eb,none,zz_known,72,3,2,0.03886128589510918,4096
neural_eb,neural_bidir_seed0_eb,zz_known,72,3,2,0.038530562072992325,4096
neural_eb,neural_bidir_seed1_eb,zz_known,72,3,2,0.03865811228752136,4096
neural_eb,neural_bidir_seed2_eb,zz_known,72,3,2,0.03849867358803749,4096
neural_eb,neural_bidir_seed3_eb,zz_known,72,3,2,0.038573987782001495,4096
neural_eb,neural_bidir_seed4_eb,zz_known,72,3,2,0.03850947320461273,4096
constant_mean_eb,none,zz_known,80,3,2,0.03917761147022247,4096
dfe,none,zz_known,84,3,2,0.03968944400548935,0
summary_ridge_eb,none,zz_known,96,3,2,0.03514881432056427,4096
neural_eb,neural_bidir_seed0_eb,zz_known,96,3,2,0.03489749878644943,4096
neural_eb,neural_bidir_seed1_eb,zz_known,96,3,2,0.034966591745615005,4096
neural_eb,neural_bidir_seed2_eb,zz_known,96,3,2,0.03485586866736412,4096
neural_eb,neural_bidir_seed3_eb,zz_known,96,3,2,0.034896302968263626,4096
neural_eb,neural_bidir_seed4_eb,zz_known,96,3,2,0.034860916435718536,4096
dfe,none,zz_known,128,3,2,0.03194654360413551,0
constant_mean_eb,none,zz_known,128,3,2,0.0315931960940361,4096
dfe,none,zz_known,192,3,2,0.0259462408721447,0
constant_mean_eb,none,zz_known,192,3,2,0.025745175778865814,4096
summary_ridge_eb,none,zz_known,192,3,2,0.02523435652256012,4096
neural_eb,neural_bidir_seed0_eb,zz_known,192,3,2,0.02512393146753311,4096
neural_eb,neural_bidir_seed1_eb,zz_known,192,3,2,0.025149904191493988,4096
neural_eb,neural_bidir_seed2_eb,zz_known,192,3,2,0.02511153370141983,4096
neural_eb,neural_bidir_seed3_eb,zz_known,192,3,2,0.025127841159701347,4096
neural_eb,neural_bidir_seed4_eb,zz_known,192,3,2,0.025112474337220192,4096
constant_mean_prior,none,none,0,3,3,0.16675330698490143,4096
constant_median_prior,none,none,0,3,3,0.16774418950080872,4096
summary_ridge_prior,none,none,0,3,3,0.09532833099365234,4096
product_affine_prior,none,none,0,3,3,0.11252850294113159,4096
exact_marginal_affine_prior,none,none,0,3,3,0.10908526182174683,4096
neural_prior,neural_bidir_seed0_prior,none,0,3,3,0.08829280734062195,4096
neural_prior,neural_bidir_seed1_prior,none,0,3,3,0.09128819406032562,4096
neural_prior,neural_bidir_seed2_prior,none,0,3,3,0.08808283507823944,4096
neural_prior,neural_bidir_seed3_prior,none,0,3,3,0.08833065629005432,4096
neural_prior,neural_bidir_seed4_prior,none,0,3,3,0.0876811146736145,4096
summary_ridge_eb,none,zz_known,12,3,3,0.07953295111656189,4096
neural_eb,neural_bidir_seed0_eb,zz_known,12,3,3,0.07550723850727081,4096
neural_eb,neural_bidir_seed1_eb,zz_known,12,3,3,0.07642582058906555,4096
neural_eb,neural_bidir_seed2_eb,zz_known,12,3,3,0.07538474351167679,4096
neural_eb,neural_bidir_seed3_eb,zz_known,12,3,3,0.07575718313455582,4096
neural_eb,neural_bidir_seed4_eb,zz_known,12,3,3,0.07527870684862137,4096
summary_ridge_eb,none,zz_known,16,3,3,0.07024611532688141,4096
neural_eb,neural_bidir_seed0_eb,zz_known,16,3,3,0.06713251769542694,4096
neural_eb,neural_bidir_seed1_eb,zz_known,16,3,3,0.06787009537220001,4096
neural_eb,neural_bidir_seed2_eb,zz_known,16,3,3,0.06701301783323288,4096
neural_eb,neural_bidir_seed3_eb,zz_known,16,3,3,0.0673099234700203,4096
neural_eb,neural_bidir_seed4_eb,zz_known,16,3,3,0.06697165220975876,4096
constant_mean_eb,none,zz_known,20,3,3,0.07542002201080322,4096
summary_ridge_eb,none,zz_known,20,3,3,0.06516221910715103,4096
neural_eb,neural_bidir_seed0_eb,zz_known,20,3,3,0.06259901821613312,4096
neural_eb,neural_bidir_seed1_eb,zz_known,20,3,3,0.0631970465183258,4096
neural_eb,neural_bidir_seed2_eb,zz_known,20,3,3,0.06255859136581421,4096
neural_eb,neural_bidir_seed3_eb,zz_known,20,3,3,0.06268877536058426,4096
neural_eb,neural_bidir_seed4_eb,zz_known,20,3,3,0.06250783801078796,4096
dfe,none,zz_known,24,3,3,0.07388665527105331,0
constant_mean_eb,none,zz_known,24,3,3,0.06915204972028732,4096
neural_eb,neural_bidir_seed0_eb,zz_known,24,3,3,0.05858640372753143,4096
neural_eb,neural_bidir_seed1_eb,zz_known,24,3,3,0.059093985706567764,4096
neural_eb,neural_bidir_seed2_eb,zz_known,24,3,3,0.058564990758895874,4096
neural_eb,neural_bidir_seed3_eb,zz_known,24,3,3,0.05879925191402435,4096
neural_eb,neural_bidir_seed4_eb,zz_known,24,3,3,0.058451347053050995,4096
dfe,none,zz_known,28,3,3,0.06781035661697388,0
summary_ridge_eb,none,zz_known,28,3,3,0.057759080082178116,4096
dfe,none,zz_known,32,3,3,0.06237591803073883,0
constant_mean_eb,none,zz_known,32,3,3,0.05974195897579193,4096
summary_ridge_eb,none,zz_known,32,3,3,0.053730130195617676,4096
neural_eb,neural_bidir_seed0_eb,zz_known,32,3,3,0.05243827402591705,4096
neural_eb,neural_bidir_seed1_eb,zz_known,32,3,3,0.0528920516371727,4096
neural_eb,neural_bidir_seed2_eb,zz_known,32,3,3,0.05240466818213463,4096
neural_eb,neural_bidir_seed3_eb,zz_known,32,3,3,0.05251515656709671,4096
neural_eb,neural_bidir_seed4_eb,zz_known,32,3,3,0.05240030586719513,4096
constant_mean_eb,none,zz_known,36,3,3,0.05772777646780014,4096
summary_ridge_eb,none,zz_known,36,3,3,0.05176151916384697,4096
neural_eb,neural_bidir_seed0_eb,zz_known,36,3,3,0.050424788147211075,4096
neural_eb,neural_bidir_seed1_eb,zz_known,36,3,3,0.05084412544965744,4096
neural_eb,neural_bidir_seed2_eb,zz_known,36,3,3,0.05037405341863632,4096
neural_eb,neural_bidir_seed3_eb,zz_known,36,3,3,0.05047529563307762,4096
neural_eb,neural_bidir_seed4_eb,zz_known,36,3,3,0.05035952478647232,4096
dfe,none,zz_known,40,3,3,0.05752640217542648,0
neural_eb,neural_bidir_seed0_eb,zz_known,40,3,3,0.049878910183906555,4096
neural_eb,neural_bidir_seed1_eb,zz_known,40,3,3,0.05019136518239975,4096
neural_eb,neural_bidir_seed2_eb,zz_known,40,3,3,0.049847930669784546,4096
neural_eb,neural_bidir_seed3_eb,zz_known,40,3,3,0.049965180456638336,4096
neural_eb,neural_bidir_seed4_eb,zz_known,40,3,3,0.04979335516691208,4096
dfe,none,zz_known,44,3,3,0.05421634018421173,0
constant_mean_eb,none,zz_known,44,3,3,0.05241462215781212,4096
summary_ridge_eb,none,zz_known,44,3,3,0.048757363110780716,4096
dfe,none,zz_known,48,3,3,0.0513157844543457,0
constant_mean_eb,none,zz_known,52,3,3,0.04845457896590233,4096
neural_eb,neural_bidir_seed0_eb,zz_known,52,3,3,0.04440653324127197,4096
neural_eb,neural_bidir_seed1_eb,zz_known,52,3,3,0.044618237763643265,4096
neural_eb,neural_bidir_seed2_eb,zz_known,52,3,3,0.04436356574296951,4096
neural_eb,neural_bidir_seed3_eb,zz_known,52,3,3,0.044439107179641724,4096
neural_eb,neural_bidir_seed4_eb,zz_known,52,3,3,0.04433757811784744,4096
dfe,none,zz_known,56,3,3,0.04891311377286911,0
summary_ridge_eb,none,zz_known,56,3,3,0.04456081986427307,4096
constant_mean_eb,none,zz_known,64,3,3,0.0440828874707222,4096
dfe,none,zz_known,68,3,3,0.04377707093954086,0
summary_ridge_eb,none,zz_known,72,3,3,0.03932778164744377,4096
neural_eb,neural_bidir_seed0_eb,zz_known,72,3,3,0.038457803428173065,4096
neural_eb,neural_bidir_seed1_eb,zz_known,72,3,3,0.038593459874391556,4096
neural_eb,neural_bidir_seed2_eb,zz_known,72,3,3,0.03843972831964493,4096
neural_eb,neural_bidir_seed3_eb,zz_known,72,3,3,0.038528669625520706,4096
neural_eb,neural_bidir_seed4_eb,zz_known,72,3,3,0.038411639630794525,4096
constant_mean_eb,none,zz_known,80,3,3,0.04004538804292679,4096
dfe,none,zz_known,84,3,3,0.03870222717523575,0
summary_ridge_eb,none,zz_known,96,3,3,0.034811172634363174,4096
neural_eb,neural_bidir_seed0_eb,zz_known,96,3,3,0.03421206772327423,4096
neural_eb,neural_bidir_seed1_eb,zz_known,96,3,3,0.03432929515838623,4096
neural_eb,neural_bidir_seed2_eb,zz_known,96,3,3,0.03419037163257599,4096
neural_eb,neural_bidir_seed3_eb,zz_known,96,3,3,0.03422889858484268,4096
neural_eb,neural_bidir_seed4_eb,zz_known,96,3,3,0.034188516438007355,4096
dfe,none,zz_known,128,3,3,0.031436771154403687,0
constant_mean_eb,none,zz_known,128,3,3,0.03105393424630165,4096
dfe,none,zz_known,192,3,3,0.025842271745204926,0
constant_mean_eb,none,zz_known,192,3,3,0.025590669363737106,4096
summary_ridge_eb,none,zz_known,192,3,3,0.02507026679813862,4096
neural_eb,neural_bidir_seed0_eb,zz_known,192,3,3,0.024989984929561615,4096
neural_eb,neural_bidir_seed1_eb,zz_known,192,3,3,0.02503185346722603,4096
neural_eb,neural_bidir_seed2_eb,zz_known,192,3,3,0.024980586022138596,4096
neural_eb,neural_bidir_seed3_eb,zz_known,192,3,3,0.024985775351524353,4096
neural_eb,neural_bidir_seed4_eb,zz_known,192,3,3,0.02498110756278038,4096
constant_mean_prior,none,none,0,3,4,0.16709981858730316,4096
constant_median_prior,none,none,0,3,4,0.16922608017921448,4096
summary_ridge_prior,none,none,0,3,4,0.09557828307151794,4096
product_affine_prior,none,none,0,3,4,0.11269403249025345,4096
exact_marginal_affine_prior,none,none,0,3,4,0.10915717482566833,4096
neural_prior,neural_bidir_seed0_prior,none,0,3,4,0.08896525204181671,4096
neural_prior,neural_bidir_seed1_prior,none,0,3,4,0.09198500961065292,4096
neural_prior,neural_bidir_seed2_prior,none,0,3,4,0.08853693306446075,4096
neural_prior,neural_bidir_seed3_prior,none,0,3,4,0.08875963091850281,4096
neural_prior,neural_bidir_seed4_prior,none,0,3,4,0.08819447457790375,4096
summary_ridge_eb,none,zz_known,12,3,4,0.07766637206077576,4096
neural_eb,neural_bidir_seed0_eb,zz_known,12,3,4,0.07371756434440613,4096
neural_eb,neural_bidir_seed1_eb,zz_known,12,3,4,0.07447905093431473,4096
neural_eb,neural_bidir_seed2_eb,zz_known,12,3,4,0.07345777750015259,4096
neural_eb,neural_bidir_seed3_eb,zz_known,12,3,4,0.07376421242952347,4096
neural_eb,neural_bidir_seed4_eb,zz_known,12,3,4,0.07337263226509094,4096
summary_ridge_eb,none,zz_known,16,3,4,0.07165967673063278,4096
neural_eb,neural_bidir_seed0_eb,zz_known,16,3,4,0.06881743669509888,4096
neural_eb,neural_bidir_seed1_eb,zz_known,16,3,4,0.06940487027168274,4096
neural_eb,neural_bidir_seed2_eb,zz_known,16,3,4,0.06856090575456619,4096
neural_eb,neural_bidir_seed3_eb,zz_known,16,3,4,0.06883786618709564,4096
neural_eb,neural_bidir_seed4_eb,zz_known,16,3,4,0.0685439333319664,4096
constant_mean_eb,none,zz_known,20,3,4,0.07505933195352554,4096
summary_ridge_eb,none,zz_known,20,3,4,0.06587077677249908,4096
neural_eb,neural_bidir_seed0_eb,zz_known,20,3,4,0.06328386068344116,4096
neural_eb,neural_bidir_seed1_eb,zz_known,20,3,4,0.06375066936016083,4096
neural_eb,neural_bidir_seed2_eb,zz_known,20,3,4,0.06301864981651306,4096
neural_eb,neural_bidir_seed3_eb,zz_known,20,3,4,0.06326210498809814,4096
neural_eb,neural_bidir_seed4_eb,zz_known,20,3,4,0.06301532685756683,4096
dfe,none,zz_known,24,3,4,0.07364682853221893,0
constant_mean_eb,none,zz_known,24,3,4,0.06914504617452621,4096
neural_eb,neural_bidir_seed0_eb,zz_known,24,3,4,0.05930502712726593,4096
neural_eb,neural_bidir_seed1_eb,zz_known,24,3,4,0.05979137867689133,4096
neural_eb,neural_bidir_seed2_eb,zz_known,24,3,4,0.05910944566130638,4096
neural_eb,neural_bidir_seed3_eb,zz_known,24,3,4,0.05921139568090439,4096
neural_eb,neural_bidir_seed4_eb,zz_known,24,3,4,0.059141840785741806,4096
dfe,none,zz_known,28,3,4,0.06923284381628036,0
summary_ridge_eb,none,zz_known,28,3,4,0.05907745659351349,4096
dfe,none,zz_known,32,3,4,0.06424104422330856,0
constant_mean_eb,none,zz_known,32,3,4,0.06124299019575119,4096
summary_ridge_eb,none,zz_known,32,3,4,0.05555124953389168,4096
neural_eb,neural_bidir_seed0_eb,zz_known,32,3,4,0.05414801463484764,4096
neural_eb,neural_bidir_seed1_eb,zz_known,32,3,4,0.054499551653862,4096
neural_eb,neural_bidir_seed2_eb,zz_known,32,3,4,0.054004065692424774,4096
neural_eb,neural_bidir_seed3_eb,zz_known,32,3,4,0.05412421002984047,4096
neural_eb,neural_bidir_seed4_eb,zz_known,32,3,4,0.0539863146841526,4096
constant_mean_eb,none,zz_known,36,3,4,0.05708780512213707,4096
summary_ridge_eb,none,zz_known,36,3,4,0.05245136097073555,4096
neural_eb,neural_bidir_seed0_eb,zz_known,36,3,4,0.05096331238746643,4096
neural_eb,neural_bidir_seed1_eb,zz_known,36,3,4,0.05124375596642494,4096
neural_eb,neural_bidir_seed2_eb,zz_known,36,3,4,0.05080771818757057,4096
neural_eb,neural_bidir_seed3_eb,zz_known,36,3,4,0.05091423913836479,4096
neural_eb,neural_bidir_seed4_eb,zz_known,36,3,4,0.05080690607428551,4096
dfe,none,zz_known,40,3,4,0.05631689727306366,0
neural_eb,neural_bidir_seed0_eb,zz_known,40,3,4,0.04930713027715683,4096
neural_eb,neural_bidir_seed1_eb,zz_known,40,3,4,0.04958567023277283,4096
neural_eb,neural_bidir_seed2_eb,zz_known,40,3,4,0.04920930415391922,4096
neural_eb,neural_bidir_seed3_eb,zz_known,40,3,4,0.04927932471036911,4096
neural_eb,neural_bidir_seed4_eb,zz_known,40,3,4,0.04918937385082245,4096
dfe,none,zz_known,44,3,4,0.05507875233888626,0
constant_mean_eb,none,zz_known,44,3,4,0.05310017615556717,4096
summary_ridge_eb,none,zz_known,44,3,4,0.04919327795505524,4096
dfe,none,zz_known,48,3,4,0.052056390792131424,0
constant_mean_eb,none,zz_known,52,3,4,0.04872105270624161,4096
neural_eb,neural_bidir_seed0_eb,zz_known,52,3,4,0.04474958777427673,4096
neural_eb,neural_bidir_seed1_eb,zz_known,52,3,4,0.04494525119662285,4096
neural_eb,neural_bidir_seed2_eb,zz_known,52,3,4,0.04466359317302704,4096
neural_eb,neural_bidir_seed3_eb,zz_known,52,3,4,0.044736701995134354,4096
neural_eb,neural_bidir_seed4_eb,zz_known,52,3,4,0.04465512931346893,4096
dfe,none,zz_known,56,3,4,0.0481894426047802,0
summary_ridge_eb,none,zz_known,56,3,4,0.043989602476358414,4096
constant_mean_eb,none,zz_known,64,3,4,0.04426189512014389,4096
dfe,none,zz_known,68,3,4,0.04361383244395256,0
summary_ridge_eb,none,zz_known,72,3,4,0.04034553840756416,4096
neural_eb,neural_bidir_seed0_eb,zz_known,72,3,4,0.0399058535695076,4096
neural_eb,neural_bidir_seed1_eb,zz_known,72,3,4,0.040037646889686584,4096
neural_eb,neural_bidir_seed2_eb,zz_known,72,3,4,0.03983868658542633,4096
neural_eb,neural_bidir_seed3_eb,zz_known,72,3,4,0.0398956835269928,4096
neural_eb,neural_bidir_seed4_eb,zz_known,72,3,4,0.03984779492020607,4096
constant_mean_eb,none,zz_known,80,3,4,0.039635926485061646,4096
dfe,none,zz_known,84,3,4,0.03936216980218887,0
summary_ridge_eb,none,zz_known,96,3,4,0.03453560546040535,4096
neural_eb,neural_bidir_seed0_eb,zz_known,96,3,4,0.03421953693032265,4096
neural_eb,neural_bidir_seed1_eb,zz_known,96,3,4,0.03430701047182083,4096
neural_eb,neural_bidir_seed2_eb,zz_known,96,3,4,0.034167878329753876,4096
neural_eb,neural_bidir_seed3_eb,zz_known,96,3,4,0.034195512533187866,4096
neural_eb,neural_bidir_seed4_eb,zz_known,96,3,4,0.0341603122651577,4096
dfe,none,zz_known,128,3,4,0.03158669173717499,0
constant_mean_eb,none,zz_known,128,3,4,0.03115726448595524,4096
dfe,none,zz_known,192,3,4,0.02597290463745594,0
constant_mean_eb,none,zz_known,192,3,4,0.025648735463619232,4096
summary_ridge_eb,none,zz_known,192,3,4,0.025167204439640045,4096
neural_eb,neural_bidir_seed0_eb,zz_known,192,3,4,0.02499789372086525,4096
neural_eb,neural_bidir_seed1_eb,zz_known,192,3,4,0.02502523735165596,4096
neural_eb,neural_bidir_seed2_eb,zz_known,192,3,4,0.024977337568998337,4096
neural_eb,neural_bidir_seed3_eb,zz_known,192,3,4,0.024993062019348145,4096
neural_eb,neural_bidir_seed4_eb,zz_known,192,3,4,0.024972867220640182,4096
constant_mean_prior,none,none,0,4,0,0.18641090393066406,4096
constant_median_prior,none,none,0,4,0,0.1812458634376526,4096
summary_ridge_prior,none,none,0,4,0,0.09481174498796463,4096
product_affine_prior,none,none,0,4,0,0.10843545943498611,4096
exact_marginal_affine_prior,none,none,0,4,0,0.10504180192947388,4096
neural_prior,neural_bidir_seed0_prior,none,0,4,0,0.0852518379688263,4096
neural_prior,neural_bidir_seed1_prior,none,0,4,0,0.08799014240503311,4096
neural_prior,neural_bidir_seed2_prior,none,0,4,0,0.08544342964887619,4096
neural_prior,neural_bidir_seed3_prior,none,0,4,0,0.08542804419994354,4096
neural_prior,neural_bidir_seed4_prior,none,0,4,0,0.08492808789014816,4096
summary_ridge_eb,none,zz_known,12,4,0,0.07417550683021545,4096
neural_eb,neural_bidir_seed0_eb,zz_known,12,4,0,0.07119785249233246,4096
neural_eb,neural_bidir_seed1_eb,zz_known,12,4,0,0.07242441922426224,4096
neural_eb,neural_bidir_seed2_eb,zz_known,12,4,0,0.07132045924663544,4096
neural_eb,neural_bidir_seed3_eb,zz_known,12,4,0,0.07134100794792175,4096
neural_eb,neural_bidir_seed4_eb,zz_known,12,4,0,0.07102635502815247,4096
summary_ridge_eb,none,zz_known,16,4,0,0.06753169745206833,4096
neural_eb,neural_bidir_seed0_eb,zz_known,16,4,0,0.06558924168348312,4096
neural_eb,neural_bidir_seed1_eb,zz_known,16,4,0,0.0665263831615448,4096
neural_eb,neural_bidir_seed2_eb,zz_known,16,4,0,0.06568295508623123,4096
neural_eb,neural_bidir_seed3_eb,zz_known,16,4,0,0.06569184362888336,4096
neural_eb,neural_bidir_seed4_eb,zz_known,16,4,0,0.06540832668542862,4096
constant_mean_eb,none,zz_known,20,4,0,0.07655492424964905,4096
summary_ridge_eb,none,zz_known,20,4,0,0.06367669254541397,4096
neural_eb,neural_bidir_seed0_eb,zz_known,20,4,0,0.060712654143571854,4096
neural_eb,neural_bidir_seed1_eb,zz_known,20,4,0,0.06157646328210831,4096
neural_eb,neural_bidir_seed2_eb,zz_known,20,4,0,0.060860902070999146,4096
neural_eb,neural_bidir_seed3_eb,zz_known,20,4,0,0.06096451357007027,4096
neural_eb,neural_bidir_seed4_eb,zz_known,20,4,0,0.060603901743888855,4096
dfe,none,zz_known,24,4,0,0.07391092926263809,0
constant_mean_eb,none,zz_known,24,4,0,0.06993532925844193,4096
neural_eb,neural_bidir_seed0_eb,zz_known,24,4,0,0.059087201952934265,4096
neural_eb,neural_bidir_seed1_eb,zz_known,24,4,0,0.059740886092185974,4096
neural_eb,neural_bidir_seed2_eb,zz_known,24,4,0,0.0591677650809288,4096
neural_eb,neural_bidir_seed3_eb,zz_known,24,4,0,0.059271298348903656,4096
neural_eb,neural_bidir_seed4_eb,zz_known,24,4,0,0.059040434658527374,4096
dfe,none,zz_known,28,4,0,0.06779304146766663,0
summary_ridge_eb,none,zz_known,28,4,0,0.05666671693325043,4096
dfe,none,zz_known,32,4,0,0.0640769675374031,0
constant_mean_eb,none,zz_known,32,4,0,0.06106771528720856,4096
summary_ridge_eb,none,zz_known,32,4,0,0.05355849117040634,4096
neural_eb,neural_bidir_seed0_eb,zz_known,32,4,0,0.05278703570365906,4096
neural_eb,neural_bidir_seed1_eb,zz_known,32,4,0,0.05330364778637886,4096
neural_eb,neural_bidir_seed2_eb,zz_known,32,4,0,0.052847202867269516,4096
neural_eb,neural_bidir_seed3_eb,zz_known,32,4,0,0.05286233127117157,4096
neural_eb,neural_bidir_seed4_eb,zz_known,32,4,0,0.0526951365172863,4096
constant_mean_eb,none,zz_known,36,4,0,0.058265864849090576,4096
summary_ridge_eb,none,zz_known,36,4,0,0.05183504521846771,4096
neural_eb,neural_bidir_seed0_eb,zz_known,36,4,0,0.051249489188194275,4096
neural_eb,neural_bidir_seed1_eb,zz_known,36,4,0,0.0517299622297287,4096
neural_eb,neural_bidir_seed2_eb,zz_known,36,4,0,0.051237426698207855,4096
neural_eb,neural_bidir_seed3_eb,zz_known,36,4,0,0.05127411335706711,4096
neural_eb,neural_bidir_seed4_eb,zz_known,36,4,0,0.05117467790842056,4096
dfe,none,zz_known,40,4,0,0.056617237627506256,0
neural_eb,neural_bidir_seed0_eb,zz_known,40,4,0,0.048189468681812286,4096
neural_eb,neural_bidir_seed1_eb,zz_known,40,4,0,0.04864361137151718,4096
neural_eb,neural_bidir_seed2_eb,zz_known,40,4,0,0.04824138432741165,4096
neural_eb,neural_bidir_seed3_eb,zz_known,40,4,0,0.04823552817106247,4096
neural_eb,neural_bidir_seed4_eb,zz_known,40,4,0,0.04812827333807945,4096
dfe,none,zz_known,44,4,0,0.05452096834778786,0
constant_mean_eb,none,zz_known,44,4,0,0.05296606570482254,4096
summary_ridge_eb,none,zz_known,44,4,0,0.047320958226919174,4096
dfe,none,zz_known,48,4,0,0.05254635959863663,0
constant_mean_eb,none,zz_known,52,4,0,0.048719923943281174,4096
neural_eb,neural_bidir_seed0_eb,zz_known,52,4,0,0.044046200811862946,4096
neural_eb,neural_bidir_seed1_eb,zz_known,52,4,0,0.044339582324028015,4096
neural_eb,neural_bidir_seed2_eb,zz_known,52,4,0,0.044078677892684937,4096
neural_eb,neural_bidir_seed3_eb,zz_known,52,4,0,0.044100113213062286,4096
neural_eb,neural_bidir_seed4_eb,zz_known,52,4,0,0.04400027543306351,4096
dfe,none,zz_known,56,4,0,0.04766079783439636,0
summary_ridge_eb,none,zz_known,56,4,0,0.04286584258079529,4096
constant_mean_eb,none,zz_known,64,4,0,0.04445619508624077,4096
dfe,none,zz_known,68,4,0,0.043283574283123016,0
summary_ridge_eb,none,zz_known,72,4,0,0.039487868547439575,4096
neural_eb,neural_bidir_seed0_eb,zz_known,72,4,0,0.03891918063163757,4096
neural_eb,neural_bidir_seed1_eb,zz_known,72,4,0,0.03916308283805847,4096
neural_eb,neural_bidir_seed2_eb,zz_known,72,4,0,0.03895600885152817,4096
neural_eb,neural_bidir_seed3_eb,zz_known,72,4,0,0.038986850529909134,4096
neural_eb,neural_bidir_seed4_eb,zz_known,72,4,0,0.03888958692550659,4096
constant_mean_eb,none,zz_known,80,4,0,0.04009784758090973,4096
dfe,none,zz_known,84,4,0,0.03942263126373291,0
summary_ridge_eb,none,zz_known,96,4,0,0.03415023908019066,4096
neural_eb,neural_bidir_seed0_eb,zz_known,96,4,0,0.033969685435295105,4096
neural_eb,neural_bidir_seed1_eb,zz_known,96,4,0,0.03412296622991562,4096
neural_eb,neural_bidir_seed2_eb,zz_known,96,4,0,0.03399480879306793,4096
neural_eb,neural_bidir_seed3_eb,zz_known,96,4,0,0.0340215340256691,4096
neural_eb,neural_bidir_seed4_eb,zz_known,96,4,0,0.03395715728402138,4096
dfe,none,zz_known,128,4,0,0.032568953931331635,0
constant_mean_eb,none,zz_known,128,4,0,0.03221430256962776,4096
dfe,none,zz_known,192,4,0,0.025859594345092773,0
constant_mean_eb,none,zz_known,192,4,0,0.025671865791082382,4096
summary_ridge_eb,none,zz_known,192,4,0,0.025178011506795883,4096
neural_eb,neural_bidir_seed0_eb,zz_known,192,4,0,0.02494659833610058,4096
neural_eb,neural_bidir_seed1_eb,zz_known,192,4,0,0.024983402341604233,4096
neural_eb,neural_bidir_seed2_eb,zz_known,192,4,0,0.02494201809167862,4096
neural_eb,neural_bidir_seed3_eb,zz_known,192,4,0,0.024962913244962692,4096
neural_eb,neural_bidir_seed4_eb,zz_known,192,4,0,0.024931849911808968,4096
constant_mean_prior,none,none,0,4,1,0.18726474046707153,4096
constant_median_prior,none,none,0,4,1,0.17698152363300323,4096
summary_ridge_prior,none,none,0,4,1,0.09396597743034363,4096
product_affine_prior,none,none,0,4,1,0.10842067003250122,4096
exact_marginal_affine_prior,none,none,0,4,1,0.1049809455871582,4096
neural_prior,neural_bidir_seed0_prior,none,0,4,1,0.08479250967502594,4096
neural_prior,neural_bidir_seed1_prior,none,0,4,1,0.08739842474460602,4096
neural_prior,neural_bidir_seed2_prior,none,0,4,1,0.08486302196979523,4096
neural_prior,neural_bidir_seed3_prior,none,0,4,1,0.08493094146251678,4096
neural_prior,neural_bidir_seed4_prior,none,0,4,1,0.08439420163631439,4096
summary_ridge_eb,none,zz_known,12,4,1,0.07453098893165588,4096
neural_eb,neural_bidir_seed0_eb,zz_known,12,4,1,0.07232826203107834,4096
neural_eb,neural_bidir_seed1_eb,zz_known,12,4,1,0.07354758679866791,4096
neural_eb,neural_bidir_seed2_eb,zz_known,12,4,1,0.0723717138171196,4096
neural_eb,neural_bidir_seed3_eb,zz_known,12,4,1,0.07251454889774323,4096
neural_eb,neural_bidir_seed4_eb,zz_known,12,4,1,0.07209192216396332,4096
summary_ridge_eb,none,zz_known,16,4,1,0.0671665221452713,4096
neural_eb,neural_bidir_seed0_eb,zz_known,16,4,1,0.06466080993413925,4096
neural_eb,neural_bidir_seed1_eb,zz_known,16,4,1,0.0655602365732193,4096
neural_eb,neural_bidir_seed2_eb,zz_known,16,4,1,0.06471332907676697,4096
neural_eb,neural_bidir_seed3_eb,zz_known,16,4,1,0.0647725984454155,4096
neural_eb,neural_bidir_seed4_eb,zz_known,16,4,1,0.0644691064953804,4096
constant_mean_eb,none,zz_known,20,4,1,0.07559120655059814,4096
summary_ridge_eb,none,zz_known,20,4,1,0.06339718401432037,4096
neural_eb,neural_bidir_seed0_eb,zz_known,20,4,1,0.06155624985694885,4096
neural_eb,neural_bidir_seed1_eb,zz_known,20,4,1,0.062312036752700806,4096
neural_eb,neural_bidir_seed2_eb,zz_known,20,4,1,0.06162078306078911,4096
neural_eb,neural_bidir_seed3_eb,zz_known,20,4,1,0.061691924929618835,4096
neural_eb,neural_bidir_seed4_eb,zz_known,20,4,1,0.061434946954250336,4096
dfe,none,zz_known,24,4,1,0.0751095712184906,0
constant_mean_eb,none,zz_known,24,4,1,0.07085321843624115,4096
neural_eb,neural_bidir_seed0_eb,zz_known,24,4,1,0.05849439650774002,4096
neural_eb,neural_bidir_seed1_eb,zz_known,24,4,1,0.059161946177482605,4096
neural_eb,neural_bidir_seed2_eb,zz_known,24,4,1,0.05851101875305176,4096
neural_eb,neural_bidir_seed3_eb,zz_known,24,4,1,0.05851856619119644,4096
neural_eb,neural_bidir_seed4_eb,zz_known,24,4,1,0.05832754075527191,4096
dfe,none,zz_known,28,4,1,0.06859685480594635,0
summary_ridge_eb,none,zz_known,28,4,1,0.05635633319616318,4096
dfe,none,zz_known,32,4,1,0.06465436518192291,0
constant_mean_eb,none,zz_known,32,4,1,0.06205645948648453,4096
summary_ridge_eb,none,zz_known,32,4,1,0.05368630588054657,4096
neural_eb,neural_bidir_seed0_eb,zz_known,32,4,1,0.05273932218551636,4096
neural_eb,neural_bidir_seed1_eb,zz_known,32,4,1,0.0533304363489151,4096
neural_eb,neural_bidir_seed2_eb,zz_known,32,4,1,0.052756790071725845,4096
neural_eb,neural_bidir_seed3_eb,zz_known,32,4,1,0.05271170288324356,4096
neural_eb,neural_bidir_seed4_eb,zz_known,32,4,1,0.05257163196802139,4096
constant_mean_eb,none,zz_known,36,4,1,0.05820027366280556,4096
summary_ridge_eb,none,zz_known,36,4,1,0.05155846104025841,4096
neural_eb,neural_bidir_seed0_eb,zz_known,36,4,1,0.05067843943834305,4096
neural_eb,neural_bidir_seed1_eb,zz_known,36,4,1,0.05110688507556915,4096
neural_eb,neural_bidir_seed2_eb,zz_known,36,4,1,0.05069257318973541,4096
neural_eb,neural_bidir_seed3_eb,zz_known,36,4,1,0.050718847662210464,4096
neural_eb,neural_bidir_seed4_eb,zz_known,36,4,1,0.05056316778063774,4096
dfe,none,zz_known,40,4,1,0.05768054723739624,0
neural_eb,neural_bidir_seed0_eb,zz_known,40,4,1,0.04951795935630798,4096
neural_eb,neural_bidir_seed1_eb,zz_known,40,4,1,0.04993867874145508,4096
neural_eb,neural_bidir_seed2_eb,zz_known,40,4,1,0.04953736439347267,4096
neural_eb,neural_bidir_seed3_eb,zz_known,40,4,1,0.04950254037976265,4096
neural_eb,neural_bidir_seed4_eb,zz_known,40,4,1,0.049459945410490036,4096
dfe,none,zz_known,44,4,1,0.05417278781533241,0
constant_mean_eb,none,zz_known,44,4,1,0.05268661677837372,4096
summary_ridge_eb,none,zz_known,44,4,1,0.04705514758825302,4096
dfe,none,zz_known,48,4,1,0.05193918198347092,0
constant_mean_eb,none,zz_known,52,4,1,0.04862242937088013,4096
neural_eb,neural_bidir_seed0_eb,zz_known,52,4,1,0.043703339993953705,4096
neural_eb,neural_bidir_seed1_eb,zz_known,52,4,1,0.043982308357954025,4096
neural_eb,neural_bidir_seed2_eb,zz_known,52,4,1,0.04368625581264496,4096
neural_eb,neural_bidir_seed3_eb,zz_known,52,4,1,0.04378482326865196,4096
neural_eb,neural_bidir_seed4_eb,zz_known,52,4,1,0.04363493621349335,4096
dfe,none,zz_known,56,4,1,0.04922720044851303,0
summary_ridge_eb,none,zz_known,56,4,1,0.043620798736810684,4096
constant_mean_eb,none,zz_known,64,4,1,0.04452184960246086,4096
dfe,none,zz_known,68,4,1,0.04347461462020874,0
summary_ridge_eb,none,zz_known,72,4,1,0.039534322917461395,4096
neural_eb,neural_bidir_seed0_eb,zz_known,72,4,1,0.038922734558582306,4096
neural_eb,neural_bidir_seed1_eb,zz_known,72,4,1,0.039146538823843,4096
neural_eb,neural_bidir_seed2_eb,zz_known,72,4,1,0.038943059742450714,4096
neural_eb,neural_bidir_seed3_eb,zz_known,72,4,1,0.038980402052402496,4096
neural_eb,neural_bidir_seed4_eb,zz_known,72,4,1,0.03888177126646042,4096
constant_mean_eb,none,zz_known,80,4,1,0.03943637013435364,4096
dfe,none,zz_known,84,4,1,0.04017021879553795,0
summary_ridge_eb,none,zz_known,96,4,1,0.034263357520103455,4096
neural_eb,neural_bidir_seed0_eb,zz_known,96,4,1,0.03360177204012871,4096
neural_eb,neural_bidir_seed1_eb,zz_known,96,4,1,0.03372351825237274,4096
neural_eb,neural_bidir_seed2_eb,zz_known,96,4,1,0.033587176352739334,4096
neural_eb,neural_bidir_seed3_eb,zz_known,96,4,1,0.0336243137717247,4096
neural_eb,neural_bidir_seed4_eb,zz_known,96,4,1,0.03356313705444336,4096
dfe,none,zz_known,128,4,1,0.03208627551794052,0
constant_mean_eb,none,zz_known,128,4,1,0.03164299950003624,4096
dfe,none,zz_known,192,4,1,0.02608349360525608,0
constant_mean_eb,none,zz_known,192,4,1,0.025793487206101418,4096
summary_ridge_eb,none,zz_known,192,4,1,0.02523091435432434,4096
neural_eb,neural_bidir_seed0_eb,zz_known,192,4,1,0.025020986795425415,4096
neural_eb,neural_bidir_seed1_eb,zz_known,192,4,1,0.025070106610655785,4096
neural_eb,neural_bidir_seed2_eb,zz_known,192,4,1,0.025021228939294815,4096
neural_eb,neural_bidir_seed3_eb,zz_known,192,4,1,0.02502153441309929,4096
neural_eb,neural_bidir_seed4_eb,zz_known,192,4,1,0.024998735636472702,4096
constant_mean_prior,none,none,0,4,2,0.1848076730966568,4096
constant_median_prior,none,none,0,4,2,0.17498759925365448,4096
summary_ridge_prior,none,none,0,4,2,0.09443752467632294,4096
product_affine_prior,none,none,0,4,2,0.110270656645298,4096
exact_marginal_affine_prior,none,none,0,4,2,0.10699468106031418,4096
neural_prior,neural_bidir_seed0_prior,none,0,4,2,0.08780346810817719,4096
neural_prior,neural_bidir_seed1_prior,none,0,4,2,0.09074847400188446,4096
neural_prior,neural_bidir_seed2_prior,none,0,4,2,0.08799393475055695,4096
neural_prior,neural_bidir_seed3_prior,none,0,4,2,0.08803844451904297,4096
neural_prior,neural_bidir_seed4_prior,none,0,4,2,0.08761344105005264,4096
summary_ridge_eb,none,zz_known,12,4,2,0.07479166239500046,4096
neural_eb,neural_bidir_seed0_eb,zz_known,12,4,2,0.0736985057592392,4096
neural_eb,neural_bidir_seed1_eb,zz_known,12,4,2,0.07493309676647186,4096
neural_eb,neural_bidir_seed2_eb,zz_known,12,4,2,0.07387971132993698,4096
neural_eb,neural_bidir_seed3_eb,zz_known,12,4,2,0.07389857620000839,4096
neural_eb,neural_bidir_seed4_eb,zz_known,12,4,2,0.07369338721036911,4096
summary_ridge_eb,none,zz_known,16,4,2,0.06832972168922424,4096
neural_eb,neural_bidir_seed0_eb,zz_known,16,4,2,0.06808443367481232,4096
neural_eb,neural_bidir_seed1_eb,zz_known,16,4,2,0.06907273828983307,4096
neural_eb,neural_bidir_seed2_eb,zz_known,16,4,2,0.06816139817237854,4096
neural_eb,neural_bidir_seed3_eb,zz_known,16,4,2,0.06815776228904724,4096
neural_eb,neural_bidir_seed4_eb,zz_known,16,4,2,0.06804092228412628,4096
constant_mean_eb,none,zz_known,20,4,2,0.07657082378864288,4096
summary_ridge_eb,none,zz_known,20,4,2,0.0630798265337944,4096
neural_eb,neural_bidir_seed0_eb,zz_known,20,4,2,0.06255336105823517,4096
neural_eb,neural_bidir_seed1_eb,zz_known,20,4,2,0.06343415379524231,4096
neural_eb,neural_bidir_seed2_eb,zz_known,20,4,2,0.06264625489711761,4096
neural_eb,neural_bidir_seed3_eb,zz_known,20,4,2,0.06267999112606049,4096
neural_eb,neural_bidir_seed4_eb,zz_known,20,4,2,0.0625004842877388,4096
dfe,none,zz_known,24,4,2,0.07299333810806274,0
constant_mean_eb,none,zz_known,24,4,2,0.06913401186466217,4096
neural_eb,neural_bidir_seed0_eb,zz_known,24,4,2,0.058229684829711914,4096
neural_eb,neural_bidir_seed1_eb,zz_known,24,4,2,0.0589313842356205,4096
neural_eb,neural_bidir_seed2_eb,zz_known,24,4,2,0.05826497822999954,4096
neural_eb,neural_bidir_seed3_eb,zz_known,24,4,2,0.058269672095775604,4096
neural_eb,neural_bidir_seed4_eb,zz_known,24,4,2,0.058127909898757935,4096
dfe,none,zz_known,28,4,2,0.07013580203056335,0
summary_ridge_eb,none,zz_known,28,4,2,0.05766800418496132,4096
dfe,none,zz_known,32,4,2,0.06393127143383026,0
constant_mean_eb,none,zz_known,32,4,2,0.060800448060035706,4096
summary_ridge_eb,none,zz_known,32,4,2,0.053616829216480255,4096
neural_eb,neural_bidir_seed0_eb,zz_known,32,4,2,0.05329731106758118,4096
neural_eb,neural_bidir_seed1_eb,zz_known,32,4,2,0.05380099266767502,4096
neural_eb,neural_bidir_seed2_eb,zz_known,32,4,2,0.05331844836473465,4096
neural_eb,neural_bidir_seed3_eb,zz_known,32,4,2,0.05334775149822235,4096
neural_eb,neural_bidir_seed4_eb,zz_known,32,4,2,0.05325661599636078,4096
constant_mean_eb,none,zz_known,36,4,2,0.05734694004058838,4096
summary_ridge_eb,none,zz_known,36,4,2,0.051131412386894226,4096
neural_eb,neural_bidir_seed0_eb,zz_known,36,4,2,0.049909211695194244,4096
neural_eb,neural_bidir_seed1_eb,zz_known,36,4,2,0.050380364060401917,4096
neural_eb,neural_bidir_seed2_eb,zz_known,36,4,2,0.049961403012275696,4096
neural_eb,neural_bidir_seed3_eb,zz_known,36,4,2,0.049965813755989075,4096
neural_eb,neural_bidir_seed4_eb,zz_known,36,4,2,0.049854885786771774,4096
dfe,none,zz_known,40,4,2,0.05675341188907623,0
neural_eb,neural_bidir_seed0_eb,zz_known,40,4,2,0.04877243936061859,4096
neural_eb,neural_bidir_seed1_eb,zz_known,40,4,2,0.049181122332811356,4096
neural_eb,neural_bidir_seed2_eb,zz_known,40,4,2,0.04883136600255966,4096
neural_eb,neural_bidir_seed3_eb,zz_known,40,4,2,0.04882146418094635,4096
neural_eb,neural_bidir_seed4_eb,zz_known,40,4,2,0.04874735698103905,4096
dfe,none,zz_known,44,4,2,0.05337189510464668,0
constant_mean_eb,none,zz_known,44,4,2,0.05184786021709442,4096
summary_ridge_eb,none,zz_known,44,4,2,0.04761781170964241,4096
dfe,none,zz_known,48,4,2,0.05213991552591324,0
constant_mean_eb,none,zz_known,52,4,2,0.04932453855872154,4096
neural_eb,neural_bidir_seed0_eb,zz_known,52,4,2,0.044876039028167725,4096
neural_eb,neural_bidir_seed1_eb,zz_known,52,4,2,0.0451858788728714,4096
neural_eb,neural_bidir_seed2_eb,zz_known,52,4,2,0.044914133846759796,4096
neural_eb,neural_bidir_seed3_eb,zz_known,52,4,2,0.04496055096387863,4096
neural_eb,neural_bidir_seed4_eb,zz_known,52,4,2,0.044858768582344055,4096
dfe,none,zz_known,56,4,2,0.047917477786540985,0
summary_ridge_eb,none,zz_known,56,4,2,0.043481629341840744,4096
constant_mean_eb,none,zz_known,64,4,2,0.04409770295023918,4096
dfe,none,zz_known,68,4,2,0.0438750758767128,0
summary_ridge_eb,none,zz_known,72,4,2,0.03907303884625435,4096
neural_eb,neural_bidir_seed0_eb,zz_known,72,4,2,0.038508616387844086,4096
neural_eb,neural_bidir_seed1_eb,zz_known,72,4,2,0.03869558498263359,4096
neural_eb,neural_bidir_seed2_eb,zz_known,72,4,2,0.038517825305461884,4096
neural_eb,neural_bidir_seed3_eb,zz_known,72,4,2,0.038524094969034195,4096
neural_eb,neural_bidir_seed4_eb,zz_known,72,4,2,0.03848506510257721,4096
constant_mean_eb,none,zz_known,80,4,2,0.03999339044094086,4096
dfe,none,zz_known,84,4,2,0.03987542539834976,0
summary_ridge_eb,none,zz_known,96,4,2,0.03399831801652908,4096
neural_eb,neural_bidir_seed0_eb,zz_known,96,4,2,0.03352111950516701,4096
neural_eb,neural_bidir_seed1_eb,zz_known,96,4,2,0.033649992197752,4096
neural_eb,neural_bidir_seed2_eb,zz_known,96,4,2,0.03352157771587372,4096
neural_eb,neural_bidir_seed3_eb,zz_known,96,4,2,0.033515311777591705,4096
neural_eb,neural_bidir_seed4_eb,zz_known,96,4,2,0.033509790897369385,4096
dfe,none,zz_known,128,4,2,0.03182079270482063,0
constant_mean_eb,none,zz_known,128,4,2,0.03140298277139664,4096
dfe,none,zz_known,192,4,2,0.026256578043103218,0
constant_mean_eb,none,zz_known,192,4,2,0.026119541376829147,4096
summary_ridge_eb,none,zz_known,192,4,2,0.025646474212408066,4096
neural_eb,neural_bidir_seed0_eb,zz_known,192,4,2,0.025269677862524986,4096
neural_eb,neural_bidir_seed1_eb,zz_known,192,4,2,0.02532137744128704,4096
neural_eb,neural_bidir_seed2_eb,zz_known,192,4,2,0.02527156099677086,4096
neural_eb,neural_bidir_seed3_eb,zz_known,192,4,2,0.025286609306931496,4096
neural_eb,neural_bidir_seed4_eb,zz_known,192,4,2,0.025266561657190323,4096
constant_mean_prior,none,none,0,4,3,0.18672072887420654,4096
constant_median_prior,none,none,0,4,3,0.1812458634376526,4096
summary_ridge_prior,none,none,0,4,3,0.09267448633909225,4096
product_affine_prior,none,none,0,4,3,0.10923156142234802,4096
exact_marginal_affine_prior,none,none,0,4,3,0.10581326484680176,4096
neural_prior,neural_bidir_seed0_prior,none,0,4,3,0.08544865250587463,4096
neural_prior,neural_bidir_seed1_prior,none,0,4,3,0.08810549974441528,4096
neural_prior,neural_bidir_seed2_prior,none,0,4,3,0.08549068123102188,4096
neural_prior,neural_bidir_seed3_prior,none,0,4,3,0.08551330864429474,4096
neural_prior,neural_bidir_seed4_prior,none,0,4,3,0.08505800366401672,4096
summary_ridge_eb,none,zz_known,12,4,3,0.07399848103523254,4096
neural_eb,neural_bidir_seed0_eb,zz_known,12,4,3,0.07219385355710983,4096
neural_eb,neural_bidir_seed1_eb,zz_known,12,4,3,0.07332944869995117,4096
neural_eb,neural_bidir_seed2_eb,zz_known,12,4,3,0.07220705598592758,4096
neural_eb,neural_bidir_seed3_eb,zz_known,12,4,3,0.07228340953588486,4096
neural_eb,neural_bidir_seed4_eb,zz_known,12,4,3,0.07192148268222809,4096
summary_ridge_eb,none,zz_known,16,4,3,0.06715957820415497,4096
neural_eb,neural_bidir_seed0_eb,zz_known,16,4,3,0.06550918519496918,4096
neural_eb,neural_bidir_seed1_eb,zz_known,16,4,3,0.06644929945468903,4096
neural_eb,neural_bidir_seed2_eb,zz_known,16,4,3,0.06553061306476593,4096
neural_eb,neural_bidir_seed3_eb,zz_known,16,4,3,0.06558745354413986,4096
neural_eb,neural_bidir_seed4_eb,zz_known,16,4,3,0.06534156948328018,4096
constant_mean_eb,none,zz_known,20,4,3,0.07596731185913086,4096
summary_ridge_eb,none,zz_known,20,4,3,0.06286919116973877,4096
neural_eb,neural_bidir_seed0_eb,zz_known,20,4,3,0.061809640377759933,4096
neural_eb,neural_bidir_seed1_eb,zz_known,20,4,3,0.0626130998134613,4096
neural_eb,neural_bidir_seed2_eb,zz_known,20,4,3,0.06185333430767059,4096
neural_eb,neural_bidir_seed3_eb,zz_known,20,4,3,0.062037382274866104,4096
neural_eb,neural_bidir_seed4_eb,zz_known,20,4,3,0.06172285974025726,4096
dfe,none,zz_known,24,4,3,0.0728064775466919,0
constant_mean_eb,none,zz_known,24,4,3,0.0696653202176094,4096
neural_eb,neural_bidir_seed0_eb,zz_known,24,4,3,0.05732885003089905,4096
neural_eb,neural_bidir_seed1_eb,zz_known,24,4,3,0.058011721819639206,4096
neural_eb,neural_bidir_seed2_eb,zz_known,24,4,3,0.05735763907432556,4096
neural_eb,neural_bidir_seed3_eb,zz_known,24,4,3,0.05735771358013153,4096
neural_eb,neural_bidir_seed4_eb,zz_known,24,4,3,0.0572488009929657,4096
dfe,none,zz_known,28,4,3,0.06849963217973709,0
summary_ridge_eb,none,zz_known,28,4,3,0.0560239776968956,4096
dfe,none,zz_known,32,4,3,0.06510599702596664,0
constant_mean_eb,none,zz_known,32,4,3,0.06230252981185913,4096
summary_ridge_eb,none,zz_known,32,4,3,0.05379874259233475,4096
neural_eb,neural_bidir_seed0_eb,zz_known,32,4,3,0.05259691923856735,4096
neural_eb,neural_bidir_seed1_eb,zz_known,32,4,3,0.053099051117897034,4096
neural_eb,neural_bidir_seed2_eb,zz_known,32,4,3,0.05258484184741974,4096
neural_eb,neural_bidir_seed3_eb,zz_known,32,4,3,0.0525982491672039,4096
neural_eb,neural_bidir_seed4_eb,zz_known,32,4,3,0.05249207466840744,4096
constant_mean_eb,none,zz_known,36,4,3,0.058062389492988586,4096
summary_ridge_eb,none,zz_known,36,4,3,0.051036641001701355,4096
neural_eb,neural_bidir_seed0_eb,zz_known,36,4,3,0.05041246861219406,4096
neural_eb,neural_bidir_seed1_eb,zz_known,36,4,3,0.050858985632658005,4096
neural_eb,neural_bidir_seed2_eb,zz_known,36,4,3,0.050425220280885696,4096
neural_eb,neural_bidir_seed3_eb,zz_known,36,4,3,0.05050303041934967,4096
neural_eb,neural_bidir_seed4_eb,zz_known,36,4,3,0.05035605654120445,4096
dfe,none,zz_known,40,4,3,0.05662097781896591,0
neural_eb,neural_bidir_seed0_eb,zz_known,40,4,3,0.04793916642665863,4096
neural_eb,neural_bidir_seed1_eb,zz_known,40,4,3,0.04828070104122162,4096
neural_eb,neural_bidir_seed2_eb,zz_known,40,4,3,0.04789247363805771,4096
neural_eb,neural_bidir_seed3_eb,zz_known,40,4,3,0.04793032631278038,4096
neural_eb,neural_bidir_seed4_eb,zz_known,40,4,3,0.047854065895080566,4096
dfe,none,zz_known,44,4,3,0.05312123894691467,0
constant_mean_eb,none,zz_known,44,4,3,0.051374733448028564,4096
summary_ridge_eb,none,zz_known,44,4,3,0.04645415022969246,4096
dfe,none,zz_known,48,4,3,0.05256371572613716,0
constant_mean_eb,none,zz_known,52,4,3,0.04912405461072922,4096
neural_eb,neural_bidir_seed0_eb,zz_known,52,4,3,0.044208183884620667,4096
neural_eb,neural_bidir_seed1_eb,zz_known,52,4,3,0.04453572630882263,4096
neural_eb,neural_bidir_seed2_eb,zz_known,52,4,3,0.044207412749528885,4096
neural_eb,neural_bidir_seed3_eb,zz_known,52,4,3,0.04419595003128052,4096
neural_eb,neural_bidir_seed4_eb,zz_known,52,4,3,0.04415934160351753,4096
dfe,none,zz_known,56,4,3,0.049021512269973755,0
summary_ridge_eb,none,zz_known,56,4,3,0.043454185128211975,4096
constant_mean_eb,none,zz_known,64,4,3,0.04429475590586662,4096
dfe,none,zz_known,68,4,3,0.04349815845489502,0
summary_ridge_eb,none,zz_known,72,4,3,0.039891112595796585,4096
neural_eb,neural_bidir_seed0_eb,zz_known,72,4,3,0.0392715223133564,4096
neural_eb,neural_bidir_seed1_eb,zz_known,72,4,3,0.039449404925107956,4096
neural_eb,neural_bidir_seed2_eb,zz_known,72,4,3,0.03927033022046089,4096
neural_eb,neural_bidir_seed3_eb,zz_known,72,4,3,0.03931314870715141,4096
neural_eb,neural_bidir_seed4_eb,zz_known,72,4,3,0.039240606129169464,4096
constant_mean_eb,none,zz_known,80,4,3,0.03988043591380119,4096
dfe,none,zz_known,84,4,3,0.03888735920190811,0
summary_ridge_eb,none,zz_known,96,4,3,0.03407198190689087,4096
neural_eb,neural_bidir_seed0_eb,zz_known,96,4,3,0.03358475863933563,4096
neural_eb,neural_bidir_seed1_eb,zz_known,96,4,3,0.03370756655931473,4096
neural_eb,neural_bidir_seed2_eb,zz_known,96,4,3,0.03359125927090645,4096
neural_eb,neural_bidir_seed3_eb,zz_known,96,4,3,0.033606596291065216,4096
neural_eb,neural_bidir_seed4_eb,zz_known,96,4,3,0.033562250435352325,4096
dfe,none,zz_known,128,4,3,0.03134075552225113,0
constant_mean_eb,none,zz_known,128,4,3,0.031044043600559235,4096
dfe,none,zz_known,192,4,3,0.026329737156629562,0
constant_mean_eb,none,zz_known,192,4,3,0.026152458041906357,4096
summary_ridge_eb,none,zz_known,192,4,3,0.025454167276620865,4096
neural_eb,neural_bidir_seed0_eb,zz_known,192,4,3,0.02541361004114151,4096
neural_eb,neural_bidir_seed1_eb,zz_known,192,4,3,0.02546546421945095,4096
neural_eb,neural_bidir_seed2_eb,zz_known,192,4,3,0.025411441922187805,4096
neural_eb,neural_bidir_seed3_eb,zz_known,192,4,3,0.025425979867577553,4096
neural_eb,neural_bidir_seed4_eb,zz_known,192,4,3,0.025404954329133034,4096
constant_mean_prior,none,none,0,4,4,0.18679839372634888,4096
constant_median_prior,none,none,0,4,4,0.183541402220726,4096
summary_ridge_prior,none,none,0,4,4,0.09424129873514175,4096
product_affine_prior,none,none,0,4,4,0.10847535729408264,4096
exact_marginal_affine_prior,none,none,0,4,4,0.10505405068397522,4096
neural_prior,neural_bidir_seed0_prior,none,0,4,4,0.08480677008628845,4096
neural_prior,neural_bidir_seed1_prior,none,0,4,4,0.08737261593341827,4096
neural_prior,neural_bidir_seed2_prior,none,0,4,4,0.08485471457242966,4096
neural_prior,neural_bidir_seed3_prior,none,0,4,4,0.08488696813583374,4096
neural_prior,neural_bidir_seed4_prior,none,0,4,4,0.08443620800971985,4096
summary_ridge_eb,none,zz_known,12,4,4,0.07661553472280502,4096
neural_eb,neural_bidir_seed0_eb,zz_known,12,4,4,0.07205823808908463,4096
neural_eb,neural_bidir_seed1_eb,zz_known,12,4,4,0.07313218712806702,4096
neural_eb,neural_bidir_seed2_eb,zz_known,12,4,4,0.07201018929481506,4096
neural_eb,neural_bidir_seed3_eb,zz_known,12,4,4,0.07208336889743805,4096
neural_eb,neural_bidir_seed4_eb,zz_known,12,4,4,0.07186180353164673,4096
summary_ridge_eb,none,zz_known,16,4,4,0.0686158612370491,4096
neural_eb,neural_bidir_seed0_eb,zz_known,16,4,4,0.06619186699390411,4096
neural_eb,neural_bidir_seed1_eb,zz_known,16,4,4,0.06709067523479462,4096
neural_eb,neural_bidir_seed2_eb,zz_known,16,4,4,0.06608852744102478,4096
neural_eb,neural_bidir_seed3_eb,zz_known,16,4,4,0.06617176532745361,4096
neural_eb,neural_bidir_seed4_eb,zz_known,16,4,4,0.06598147749900818,4096
constant_mean_eb,none,zz_known,20,4,4,0.07594530284404755,4096
summary_ridge_eb,none,zz_known,20,4,4,0.06407509744167328,4096
neural_eb,neural_bidir_seed0_eb,zz_known,20,4,4,0.06173184514045715,4096
neural_eb,neural_bidir_seed1_eb,zz_known,20,4,4,0.06259682029485703,4096
neural_eb,neural_bidir_seed2_eb,zz_known,20,4,4,0.061769381165504456,4096
neural_eb,neural_bidir_seed3_eb,zz_known,20,4,4,0.06182844191789627,4096
neural_eb,neural_bidir_seed4_eb,zz_known,20,4,4,0.06165631115436554,4096
dfe,none,zz_known,24,4,4,0.07338692992925644,0
constant_mean_eb,none,zz_known,24,4,4,0.0700187087059021,4096
neural_eb,neural_bidir_seed0_eb,zz_known,24,4,4,0.05763847380876541,4096
neural_eb,neural_bidir_seed1_eb,zz_known,24,4,4,0.05833590403199196,4096
neural_eb,neural_bidir_seed2_eb,zz_known,24,4,4,0.05760062485933304,4096
neural_eb,neural_bidir_seed3_eb,zz_known,24,4,4,0.057676829397678375,4096
neural_eb,neural_bidir_seed4_eb,zz_known,24,4,4,0.05755535513162613,4096
dfe,none,zz_known,28,4,4,0.06812281906604767,0
summary_ridge_eb,none,zz_known,28,4,4,0.05857960134744644,4096
dfe,none,zz_known,32,4,4,0.06369565427303314,0
constant_mean_eb,none,zz_known,32,4,4,0.06073734909296036,4096
summary_ridge_eb,none,zz_known,32,4,4,0.05494454503059387,4096
neural_eb,neural_bidir_seed0_eb,zz_known,32,4,4,0.05152766406536102,4096
neural_eb,neural_bidir_seed1_eb,zz_known,32,4,4,0.05201547592878342,4096
neural_eb,neural_bidir_seed2_eb,zz_known,32,4,4,0.05151945352554321,4096
neural_eb,neural_bidir_seed3_eb,zz_known,32,4,4,0.05154728144407272,4096
neural_eb,neural_bidir_seed4_eb,zz_known,32,4,4,0.05141189694404602,4096
constant_mean_eb,none,zz_known,36,4,4,0.05956750735640526,4096
summary_ridge_eb,none,zz_known,36,4,4,0.053966108709573746,4096
neural_eb,neural_bidir_seed0_eb,zz_known,36,4,4,0.05095067247748375,4096
neural_eb,neural_bidir_seed1_eb,zz_known,36,4,4,0.05144784599542618,4096
neural_eb,neural_bidir_seed2_eb,zz_known,36,4,4,0.05096489191055298,4096
neural_eb,neural_bidir_seed3_eb,zz_known,36,4,4,0.050998613238334656,4096
neural_eb,neural_bidir_seed4_eb,zz_known,36,4,4,0.050835318863391876,4096
dfe,none,zz_known,40,4,4,0.05692221224308014,0
neural_eb,neural_bidir_seed0_eb,zz_known,40,4,4,0.04865926876664162,4096
neural_eb,neural_bidir_seed1_eb,zz_known,40,4,4,0.04908567667007446,4096
neural_eb,neural_bidir_seed2_eb,zz_known,40,4,4,0.04858764633536339,4096
neural_eb,neural_bidir_seed3_eb,zz_known,40,4,4,0.04863244295120239,4096
neural_eb,neural_bidir_seed4_eb,zz_known,40,4,4,0.04855024814605713,4096
dfe,none,zz_known,44,4,4,0.053409017622470856,0
constant_mean_eb,none,zz_known,44,4,4,0.0522785410284996,4096
summary_ridge_eb,none,zz_known,44,4,4,0.048784852027893066,4096
dfe,none,zz_known,48,4,4,0.05232221633195877,0
constant_mean_eb,none,zz_known,52,4,4,0.04873039945960045,4096
neural_eb,neural_bidir_seed0_eb,zz_known,52,4,4,0.04356354847550392,4096
neural_eb,neural_bidir_seed1_eb,zz_known,52,4,4,0.043881505727767944,4096
neural_eb,neural_bidir_seed2_eb,zz_known,52,4,4,0.04358161240816116,4096
neural_eb,neural_bidir_seed3_eb,zz_known,52,4,4,0.04359911009669304,4096
neural_eb,neural_bidir_seed4_eb,zz_known,52,4,4,0.04354851692914963,4096
dfe,none,zz_known,56,4,4,0.048845671117305756,0
summary_ridge_eb,none,zz_known,56,4,4,0.04524480924010277,4096
constant_mean_eb,none,zz_known,64,4,4,0.04313313961029053,4096
dfe,none,zz_known,68,4,4,0.04343388229608536,0
summary_ridge_eb,none,zz_known,72,4,4,0.03985297679901123,4096
neural_eb,neural_bidir_seed0_eb,zz_known,72,4,4,0.03835518658161163,4096
neural_eb,neural_bidir_seed1_eb,zz_known,72,4,4,0.03858325630426407,4096
neural_eb,neural_bidir_seed2_eb,zz_known,72,4,4,0.03834664821624756,4096
neural_eb,neural_bidir_seed3_eb,zz_known,72,4,4,0.03835475444793701,4096
neural_eb,neural_bidir_seed4_eb,zz_known,72,4,4,0.03831794485449791,4096
constant_mean_eb,none,zz_known,80,4,4,0.039555877447128296,4096
dfe,none,zz_known,84,4,4,0.03884156793355942,0
summary_ridge_eb,none,zz_known,96,4,4,0.035613998770713806,4096
neural_eb,neural_bidir_seed0_eb,zz_known,96,4,4,0.03477367013692856,4096
neural_eb,neural_bidir_seed1_eb,zz_known,96,4,4,0.034929804503917694,4096
neural_eb,neural_bidir_seed2_eb,zz_known,96,4,4,0.03476658836007118,4096
neural_eb,neural_bidir_seed3_eb,zz_known,96,4,4,0.034776534885168076,4096
neural_eb,neural_bidir_seed4_eb,zz_known,96,4,4,0.0347411148250103,4096
dfe,none,zz_known,128,4,4,0.031396880745887756,0
constant_mean_eb,none,zz_known,128,4,4,0.0309409461915493,4096
dfe,none,zz_known,192,4,4,0.02574482187628746,0
constant_mean_eb,none,zz_known,192,4,4,0.025568686425685883,4096
summary_ridge_eb,none,zz_known,192,4,4,0.02543179877102375,4096
neural_eb,neural_bidir_seed0_eb,zz_known,192,4,4,0.024855060502886772,4096
neural_eb,neural_bidir_seed1_eb,zz_known,192,4,4,0.024890828877687454,4096
neural_eb,neural_bidir_seed2_eb,zz_known,192,4,4,0.024843856692314148,4096
neural_eb,neural_bidir_seed3_eb,zz_known,192,4,4,0.024867303669452667,4096
neural_eb,neural_bidir_seed4_eb,zz_known,192,4,4,0.024845216423273087,4096
constant_mean_prior,none,none,0,5,0,0.16593298316001892,4096
constant_median_prior,none,none,0,5,0,0.16922608017921448,4096
summary_ridge_prior,none,none,0,5,0,0.10279937088489532,4096
product_affine_prior,none,none,0,5,0,0.11113860458135605,4096
exact_marginal_affine_prior,none,none,0,5,0,0.10808567702770233,4096
neural_prior,neural_bidir_seed0_prior,none,0,5,0,0.0907612219452858,4096
neural_prior,neural_bidir_seed1_prior,none,0,5,0,0.09398859739303589,4096
neural_prior,neural_bidir_seed2_prior,none,0,5,0,0.0905412808060646,4096
neural_prior,neural_bidir_seed3_prior,none,0,5,0,0.09043951332569122,4096
neural_prior,neural_bidir_seed4_prior,none,0,5,0,0.08962994813919067,4096
summary_ridge_eb,none,zz_known,12,5,0,0.07875368744134903,4096
neural_eb,neural_bidir_seed0_eb,zz_known,12,5,0,0.07427174597978592,4096
neural_eb,neural_bidir_seed1_eb,zz_known,12,5,0,0.0754377543926239,4096
neural_eb,neural_bidir_seed2_eb,zz_known,12,5,0,0.07409845292568207,4096
neural_eb,neural_bidir_seed3_eb,zz_known,12,5,0,0.07425449788570404,4096
neural_eb,neural_bidir_seed4_eb,zz_known,12,5,0,0.07373155653476715,4096
summary_ridge_eb,none,zz_known,16,5,0,0.07053851336240768,4096
neural_eb,neural_bidir_seed0_eb,zz_known,16,5,0,0.0674649104475975,4096
neural_eb,neural_bidir_seed1_eb,zz_known,16,5,0,0.06837897002696991,4096
neural_eb,neural_bidir_seed2_eb,zz_known,16,5,0,0.0672532394528389,4096
neural_eb,neural_bidir_seed3_eb,zz_known,16,5,0,0.06741891801357269,4096
neural_eb,neural_bidir_seed4_eb,zz_known,16,5,0,0.06712013483047485,4096
constant_mean_eb,none,zz_known,20,5,0,0.07581920176744461,4096
summary_ridge_eb,none,zz_known,20,5,0,0.06684169173240662,4096
neural_eb,neural_bidir_seed0_eb,zz_known,20,5,0,0.06378497928380966,4096
neural_eb,neural_bidir_seed1_eb,zz_known,20,5,0,0.06454288214445114,4096
neural_eb,neural_bidir_seed2_eb,zz_known,20,5,0,0.06367647647857666,4096
neural_eb,neural_bidir_seed3_eb,zz_known,20,5,0,0.06382609903812408,4096
neural_eb,neural_bidir_seed4_eb,zz_known,20,5,0,0.06351080536842346,4096
dfe,none,zz_known,24,5,0,0.0741930902004242,0
constant_mean_eb,none,zz_known,24,5,0,0.070252925157547,4096
neural_eb,neural_bidir_seed0_eb,zz_known,24,5,0,0.059899769723415375,4096
neural_eb,neural_bidir_seed1_eb,zz_known,24,5,0,0.06052070111036301,4096
neural_eb,neural_bidir_seed2_eb,zz_known,24,5,0,0.05971722677350044,4096
neural_eb,neural_bidir_seed3_eb,zz_known,24,5,0,0.05992931127548218,4096
neural_eb,neural_bidir_seed4_eb,zz_known,24,5,0,0.05956604704260826,4096
dfe,none,zz_known,28,5,0,0.06744353473186493,0
summary_ridge_eb,none,zz_known,28,5,0,0.05900568515062332,4096
dfe,none,zz_known,32,5,0,0.0642455443739891,0
constant_mean_eb,none,zz_known,32,5,0,0.06122581660747528,4096
summary_ridge_eb,none,zz_known,32,5,0,0.056468963623046875,4096
neural_eb,neural_bidir_seed0_eb,zz_known,32,5,0,0.0545724481344223,4096
neural_eb,neural_bidir_seed1_eb,zz_known,32,5,0,0.055000387132167816,4096
neural_eb,neural_bidir_seed2_eb,zz_known,32,5,0,0.05442418158054352,4096
neural_eb,neural_bidir_seed3_eb,zz_known,32,5,0,0.05453324690461159,4096
neural_eb,neural_bidir_seed4_eb,zz_known,32,5,0,0.05437010899186134,4096
constant_mean_eb,none,zz_known,36,5,0,0.05618938058614731,4096
summary_ridge_eb,none,zz_known,36,5,0,0.05229206755757332,4096
neural_eb,neural_bidir_seed0_eb,zz_known,36,5,0,0.05096959322690964,4096
neural_eb,neural_bidir_seed1_eb,zz_known,36,5,0,0.05131446570158005,4096
neural_eb,neural_bidir_seed2_eb,zz_known,36,5,0,0.05079669505357742,4096
neural_eb,neural_bidir_seed3_eb,zz_known,36,5,0,0.05103563517332077,4096
neural_eb,neural_bidir_seed4_eb,zz_known,36,5,0,0.0508015975356102,4096
dfe,none,zz_known,40,5,0,0.057155728340148926,0
neural_eb,neural_bidir_seed0_eb,zz_known,40,5,0,0.05001892149448395,4096
neural_eb,neural_bidir_seed1_eb,zz_known,40,5,0,0.05037691444158554,4096
neural_eb,neural_bidir_seed2_eb,zz_known,40,5,0,0.049911804497241974,4096
neural_eb,neural_bidir_seed3_eb,zz_known,40,5,0,0.04997696727514267,4096
neural_eb,neural_bidir_seed4_eb,zz_known,40,5,0,0.049875255674123764,4096
dfe,none,zz_known,44,5,0,0.05463239178061485,0
constant_mean_eb,none,zz_known,44,5,0,0.05277315527200699,4096
summary_ridge_eb,none,zz_known,44,5,0,0.04954429715871811,4096
dfe,none,zz_known,48,5,0,0.05122304707765579,0
constant_mean_eb,none,zz_known,52,5,0,0.04909978806972504,4096
neural_eb,neural_bidir_seed0_eb,zz_known,52,5,0,0.04541967809200287,4096
neural_eb,neural_bidir_seed1_eb,zz_known,52,5,0,0.0456145741045475,4096
neural_eb,neural_bidir_seed2_eb,zz_known,52,5,0,0.04532506316900253,4096
neural_eb,neural_bidir_seed3_eb,zz_known,52,5,0,0.04547882825136185,4096
neural_eb,neural_bidir_seed4_eb,zz_known,52,5,0,0.04536198824644089,4096
dfe,none,zz_known,56,5,0,0.04843945428729057,0
summary_ridge_eb,none,zz_known,56,5,0,0.0444222055375576,4096
constant_mean_eb,none,zz_known,64,5,0,0.043598614633083344,4096
dfe,none,zz_known,68,5,0,0.04315910488367081,0
summary_ridge_eb,none,zz_known,72,5,0,0.040395092219114304,4096
neural_eb,neural_bidir_seed0_eb,zz_known,72,5,0,0.0399114228785038,4096
neural_eb,neural_bidir_seed1_eb,zz_known,72,5,0,0.040077678859233856,4096
neural_eb,neural_bidir_seed2_eb,zz_known,72,5,0,0.03986363857984543,4096
neural_eb,neural_bidir_seed3_eb,zz_known,72,5,0,0.039942286908626556,4096
neural_eb,neural_bidir_seed4_eb,zz_known,72,5,0,0.039915211498737335,4096
constant_mean_eb,none,zz_known,80,5,0,0.04030759632587433,4096
dfe,none,zz_known,84,5,0,0.03969894349575043,0
summary_ridge_eb,none,zz_known,96,5,0,0.03464670479297638,4096
neural_eb,neural_bidir_seed0_eb,zz_known,96,5,0,0.034261107444763184,4096
neural_eb,neural_bidir_seed1_eb,zz_known,96,5,0,0.03433496505022049,4096
neural_eb,neural_bidir_seed2_eb,zz_known,96,5,0,0.03418197110295296,4096
neural_eb,neural_bidir_seed3_eb,zz_known,96,5,0,0.03423513099551201,4096
neural_eb,neural_bidir_seed4_eb,zz_known,96,5,0,0.03422173112630844,4096
dfe,none,zz_known,128,5,0,0.03166702389717102,0
constant_mean_eb,none,zz_known,128,5,0,0.031078435480594635,4096
dfe,none,zz_known,192,5,0,0.02633613348007202,0
constant_mean_eb,none,zz_known,192,5,0,0.026099778711795807,4096
summary_ridge_eb,none,zz_known,192,5,0,0.025537477806210518,4096
neural_eb,neural_bidir_seed0_eb,zz_known,192,5,0,0.025554155930876732,4096
neural_eb,neural_bidir_seed1_eb,zz_known,192,5,0,0.0255797877907753,4096
neural_eb,neural_bidir_seed2_eb,zz_known,192,5,0,0.025516867637634277,4096
neural_eb,neural_bidir_seed3_eb,zz_known,192,5,0,0.025549747049808502,4096
neural_eb,neural_bidir_seed4_eb,zz_known,192,5,0,0.025536950677633286,4096
constant_mean_prior,none,none,0,5,1,0.16982746124267578,4096
constant_median_prior,none,none,0,5,1,0.1665978580713272,4096
summary_ridge_prior,none,none,0,5,1,0.09542644023895264,4096
product_affine_prior,none,none,0,5,1,0.10660050809383392,4096
exact_marginal_affine_prior,none,none,0,5,1,0.10318435728549957,4096
neural_prior,neural_bidir_seed0_prior,none,0,5,1,0.084691122174263,4096
neural_prior,neural_bidir_seed1_prior,none,0,5,1,0.08712214231491089,4096
neural_prior,neural_bidir_seed2_prior,none,0,5,1,0.08455712348222733,4096
neural_prior,neural_bidir_seed3_prior,none,0,5,1,0.08469914644956589,4096
neural_prior,neural_bidir_seed4_prior,none,0,5,1,0.08411984145641327,4096
summary_ridge_eb,none,zz_known,12,5,1,0.07909218966960907,4096
neural_eb,neural_bidir_seed0_eb,zz_known,12,5,1,0.07395873963832855,4096
neural_eb,neural_bidir_seed1_eb,zz_known,12,5,1,0.07503757625818253,4096
neural_eb,neural_bidir_seed2_eb,zz_known,12,5,1,0.07392297685146332,4096
neural_eb,neural_bidir_seed3_eb,zz_known,12,5,1,0.07410580664873123,4096
neural_eb,neural_bidir_seed4_eb,zz_known,12,5,1,0.07362619042396545,4096
summary_ridge_eb,none,zz_known,16,5,1,0.07162810117006302,4096
neural_eb,neural_bidir_seed0_eb,zz_known,16,5,1,0.06721542775630951,4096
neural_eb,neural_bidir_seed1_eb,zz_known,16,5,1,0.06804807484149933,4096
neural_eb,neural_bidir_seed2_eb,zz_known,16,5,1,0.06723468005657196,4096
neural_eb,neural_bidir_seed3_eb,zz_known,16,5,1,0.0673900693655014,4096
neural_eb,neural_bidir_seed4_eb,zz_known,16,5,1,0.06702379137277603,4096
constant_mean_eb,none,zz_known,20,5,1,0.07550814747810364,4096
summary_ridge_eb,none,zz_known,20,5,1,0.06436845660209656,4096
neural_eb,neural_bidir_seed0_eb,zz_known,20,5,1,0.061022527515888214,4096
neural_eb,neural_bidir_seed1_eb,zz_known,20,5,1,0.061822667717933655,4096
neural_eb,neural_bidir_seed2_eb,zz_known,20,5,1,0.060975782573223114,4096
neural_eb,neural_bidir_seed3_eb,zz_known,20,5,1,0.06114226579666138,4096
neural_eb,neural_bidir_seed4_eb,zz_known,20,5,1,0.06085631251335144,4096
dfe,none,zz_known,24,5,1,0.07380300760269165,0
constant_mean_eb,none,zz_known,24,5,1,0.06977461278438568,4096
neural_eb,neural_bidir_seed0_eb,zz_known,24,5,1,0.057705797255039215,4096
neural_eb,neural_bidir_seed1_eb,zz_known,24,5,1,0.05835982412099838,4096
neural_eb,neural_bidir_seed2_eb,zz_known,24,5,1,0.05773858726024628,4096
neural_eb,neural_bidir_seed3_eb,zz_known,24,5,1,0.057925380766391754,4096
neural_eb,neural_bidir_seed4_eb,zz_known,24,5,1,0.05756973475217819,4096
dfe,none,zz_known,28,5,1,0.0676073282957077,0
summary_ridge_eb,none,zz_known,28,5,1,0.05781792476773262,4096
dfe,none,zz_known,32,5,1,0.06468746066093445,0
constant_mean_eb,none,zz_known,32,5,1,0.061002589762210846,4096
summary_ridge_eb,none,zz_known,32,5,1,0.05544223636388779,4096
neural_eb,neural_bidir_seed0_eb,zz_known,32,5,1,0.053457196801900864,4096
neural_eb,neural_bidir_seed1_eb,zz_known,32,5,1,0.05393514037132263,4096
neural_eb,neural_bidir_seed2_eb,zz_known,32,5,1,0.05346167832612991,4096
neural_eb,neural_bidir_seed3_eb,zz_known,32,5,1,0.05358046293258667,4096
neural_eb,neural_bidir_seed4_eb,zz_known,32,5,1,0.05341647192835808,4096
constant_mean_eb,none,zz_known,36,5,1,0.057738132774829865,4096
summary_ridge_eb,none,zz_known,36,5,1,0.0523654967546463,4096
neural_eb,neural_bidir_seed0_eb,zz_known,36,5,1,0.05066072195768356,4096
neural_eb,neural_bidir_seed1_eb,zz_known,36,5,1,0.05104960501194,4096
neural_eb,neural_bidir_seed2_eb,zz_known,36,5,1,0.050612255930900574,4096
neural_eb,neural_bidir_seed3_eb,zz_known,36,5,1,0.050767932087183,4096
neural_eb,neural_bidir_seed4_eb,zz_known,36,5,1,0.050484105944633484,4096
dfe,none,zz_known,40,5,1,0.05663223937153816,0
neural_eb,neural_bidir_seed0_eb,zz_known,40,5,1,0.04878547042608261,4096
neural_eb,neural_bidir_seed1_eb,zz_known,40,5,1,0.04918108135461807,4096
neural_eb,neural_bidir_seed2_eb,zz_known,40,5,1,0.048761725425720215,4096
neural_eb,neural_bidir_seed3_eb,zz_known,40,5,1,0.048810165375471115,4096
neural_eb,neural_bidir_seed4_eb,zz_known,40,5,1,0.04867420718073845,4096
dfe,none,zz_known,44,5,1,0.054451145231723785,0
constant_mean_eb,none,zz_known,44,5,1,0.052610285580158234,4096
summary_ridge_eb,none,zz_known,44,5,1,0.04851173609495163,4096
dfe,none,zz_known,48,5,1,0.0523093119263649,0
constant_mean_eb,none,zz_known,52,5,1,0.04868348687887192,4096
neural_eb,neural_bidir_seed0_eb,zz_known,52,5,1,0.04403200373053551,4096
neural_eb,neural_bidir_seed1_eb,zz_known,52,5,1,0.044305481016635895,4096
neural_eb,neural_bidir_seed2_eb,zz_known,52,5,1,0.04402165114879608,4096
neural_eb,neural_bidir_seed3_eb,zz_known,52,5,1,0.044097255915403366,4096
neural_eb,neural_bidir_seed4_eb,zz_known,52,5,1,0.043980587273836136,4096
dfe,none,zz_known,56,5,1,0.050004322081804276,0
summary_ridge_eb,none,zz_known,56,5,1,0.04542948305606842,4096
constant_mean_eb,none,zz_known,64,5,1,0.04336825758218765,4096
dfe,none,zz_known,68,5,1,0.044117990881204605,0
summary_ridge_eb,none,zz_known,72,5,1,0.03891146183013916,4096
neural_eb,neural_bidir_seed0_eb,zz_known,72,5,1,0.038379594683647156,4096
neural_eb,neural_bidir_seed1_eb,zz_known,72,5,1,0.03856994956731796,4096
neural_eb,neural_bidir_seed2_eb,zz_known,72,5,1,0.03837423771619797,4096
neural_eb,neural_bidir_seed3_eb,zz_known,72,5,1,0.038438357412815094,4096
neural_eb,neural_bidir_seed4_eb,zz_known,72,5,1,0.03834885358810425,4096
constant_mean_eb,none,zz_known,80,5,1,0.03907722234725952,4096
dfe,none,zz_known,84,5,1,0.03969612717628479,0
summary_ridge_eb,none,zz_known,96,5,1,0.03425604850053787,4096
neural_eb,neural_bidir_seed0_eb,zz_known,96,5,1,0.03386860340833664,4096
neural_eb,neural_bidir_seed1_eb,zz_known,96,5,1,0.03399449214339256,4096
neural_eb,neural_bidir_seed2_eb,zz_known,96,5,1,0.03385061398148537,4096
neural_eb,neural_bidir_seed3_eb,zz_known,96,5,1,0.03389223292469978,4096
neural_eb,neural_bidir_seed4_eb,zz_known,96,5,1,0.033851899206638336,4096
dfe,none,zz_known,128,5,1,0.031228045001626015,0
constant_mean_eb,none,zz_known,128,5,1,0.030734863132238388,4096
dfe,none,zz_known,192,5,1,0.026637693867087364,0
constant_mean_eb,none,zz_known,192,5,1,0.02635776437819004,4096
summary_ridge_eb,none,zz_known,192,5,1,0.025630414485931396,4096
neural_eb,neural_bidir_seed0_eb,zz_known,192,5,1,0.02555805817246437,4096
neural_eb,neural_bidir_seed1_eb,zz_known,192,5,1,0.02562965266406536,4096
neural_eb,neural_bidir_seed2_eb,zz_known,192,5,1,0.025556262582540512,4096
neural_eb,neural_bidir_seed3_eb,zz_known,192,5,1,0.025552572682499886,4096
neural_eb,neural_bidir_seed4_eb,zz_known,192,5,1,0.02555108815431595,4096
constant_mean_prior,none,none,0,5,2,0.16626541316509247,4096
constant_median_prior,none,none,0,5,2,0.17098689079284668,4096
summary_ridge_prior,none,none,0,5,2,0.09838759899139404,4096
product_affine_prior,none,none,0,5,2,0.11220134794712067,4096
exact_marginal_affine_prior,none,none,0,5,2,0.10918403416872025,4096
neural_prior,neural_bidir_seed0_prior,none,0,5,2,0.09292155504226685,4096
neural_prior,neural_bidir_seed1_prior,none,0,5,2,0.09628237783908844,4096
neural_prior,neural_bidir_seed2_prior,none,0,5,2,0.09285297989845276,4096
neural_prior,neural_bidir_seed3_prior,none,0,5,2,0.09260472655296326,4096
neural_prior,neural_bidir_seed4_prior,none,0,5,2,0.09188757836818695,4096
summary_ridge_eb,none,zz_known,12,5,2,0.07748965919017792,4096
neural_eb,neural_bidir_seed0_eb,zz_known,12,5,2,0.07467874884605408,4096
neural_eb,neural_bidir_seed1_eb,zz_known,12,5,2,0.07583251595497131,4096
neural_eb,neural_bidir_seed2_eb,zz_known,12,5,2,0.07471753656864166,4096
neural_eb,neural_bidir_seed3_eb,zz_known,12,5,2,0.07473580539226532,4096
neural_eb,neural_bidir_seed4_eb,zz_known,12,5,2,0.07444953918457031,4096
summary_ridge_eb,none,zz_known,16,5,2,0.06983870267868042,4096
neural_eb,neural_bidir_seed0_eb,zz_known,16,5,2,0.0676296055316925,4096
neural_eb,neural_bidir_seed1_eb,zz_known,16,5,2,0.06845185905694962,4096
neural_eb,neural_bidir_seed2_eb,zz_known,16,5,2,0.06761743873357773,4096
neural_eb,neural_bidir_seed3_eb,zz_known,16,5,2,0.06763719022274017,4096
neural_eb,neural_bidir_seed4_eb,zz_known,16,5,2,0.06735213845968246,4096
constant_mean_eb,none,zz_known,20,5,2,0.07400943338871002,4096
summary_ridge_eb,none,zz_known,20,5,2,0.06420466303825378,4096
neural_eb,neural_bidir_seed0_eb,zz_known,20,5,2,0.0622580423951149,4096
neural_eb,neural_bidir_seed1_eb,zz_known,20,5,2,0.06295858323574066,4096
neural_eb,neural_bidir_seed2_eb,zz_known,20,5,2,0.06230194494128227,4096
neural_eb,neural_bidir_seed3_eb,zz_known,20,5,2,0.062349583953619,4096
neural_eb,neural_bidir_seed4_eb,zz_known,20,5,2,0.06206203252077103,4096
dfe,none,zz_known,24,5,2,0.0738019198179245,0
constant_mean_eb,none,zz_known,24,5,2,0.06969940662384033,4096
neural_eb,neural_bidir_seed0_eb,zz_known,24,5,2,0.05997686833143234,4096
neural_eb,neural_bidir_seed1_eb,zz_known,24,5,2,0.06067723035812378,4096
neural_eb,neural_bidir_seed2_eb,zz_known,24,5,2,0.060012273490428925,4096
neural_eb,neural_bidir_seed3_eb,zz_known,24,5,2,0.06000173091888428,4096
neural_eb,neural_bidir_seed4_eb,zz_known,24,5,2,0.059829846024513245,4096
dfe,none,zz_known,28,5,2,0.06801879405975342,0
summary_ridge_eb,none,zz_known,28,5,2,0.05772125720977783,4096
dfe,none,zz_known,32,5,2,0.06388837099075317,0
constant_mean_eb,none,zz_known,32,5,2,0.061097823083400726,4096
summary_ridge_eb,none,zz_known,32,5,2,0.054992541670799255,4096
neural_eb,neural_bidir_seed0_eb,zz_known,32,5,2,0.0538066104054451,4096
neural_eb,neural_bidir_seed1_eb,zz_known,32,5,2,0.05428110063076019,4096
neural_eb,neural_bidir_seed2_eb,zz_known,32,5,2,0.053847141563892365,4096
neural_eb,neural_bidir_seed3_eb,zz_known,32,5,2,0.053908780217170715,4096
neural_eb,neural_bidir_seed4_eb,zz_known,32,5,2,0.05370505154132843,4096
constant_mean_eb,none,zz_known,36,5,2,0.057611458003520966,4096
summary_ridge_eb,none,zz_known,36,5,2,0.052916619926691055,4096
neural_eb,neural_bidir_seed0_eb,zz_known,36,5,2,0.051474444568157196,4096
neural_eb,neural_bidir_seed1_eb,zz_known,36,5,2,0.05184091627597809,4096
neural_eb,neural_bidir_seed2_eb,zz_known,36,5,2,0.05148165673017502,4096
neural_eb,neural_bidir_seed3_eb,zz_known,36,5,2,0.051545627415180206,4096
neural_eb,neural_bidir_seed4_eb,zz_known,36,5,2,0.051369257271289825,4096
dfe,none,zz_known,40,5,2,0.05723091959953308,0
neural_eb,neural_bidir_seed0_eb,zz_known,40,5,2,0.04942996799945831,4096
neural_eb,neural_bidir_seed1_eb,zz_known,40,5,2,0.0497700534760952,4096
neural_eb,neural_bidir_seed2_eb,zz_known,40,5,2,0.049432672560214996,4096
neural_eb,neural_bidir_seed3_eb,zz_known,40,5,2,0.04948316514492035,4096
neural_eb,neural_bidir_seed4_eb,zz_known,40,5,2,0.049316637217998505,4096
dfe,none,zz_known,44,5,2,0.05434608459472656,0
constant_mean_eb,none,zz_known,44,5,2,0.05230950564146042,4096
summary_ridge_eb,none,zz_known,44,5,2,0.04801727458834648,4096
dfe,none,zz_known,48,5,2,0.05229245871305466,0
constant_mean_eb,none,zz_known,52,5,2,0.04817847162485123,4096
neural_eb,neural_bidir_seed0_eb,zz_known,52,5,2,0.04441574215888977,4096
neural_eb,neural_bidir_seed1_eb,zz_known,52,5,2,0.044652730226516724,4096
neural_eb,neural_bidir_seed2_eb,zz_known,52,5,2,0.04441514238715172,4096
neural_eb,neural_bidir_seed3_eb,zz_known,52,5,2,0.04444996267557144,4096
neural_eb,neural_bidir_seed4_eb,zz_known,52,5,2,0.04431264102458954,4096
dfe,none,zz_known,56,5,2,0.04929954558610916,0
summary_ridge_eb,none,zz_known,56,5,2,0.04502641409635544,4096
constant_mean_eb,none,zz_known,64,5,2,0.044288817793130875,4096
dfe,none,zz_known,68,5,2,0.04342181608080864,0
summary_ridge_eb,none,zz_known,72,5,2,0.03996484726667404,4096
neural_eb,neural_bidir_seed0_eb,zz_known,72,5,2,0.03939606249332428,4096
neural_eb,neural_bidir_seed1_eb,zz_known,72,5,2,0.03957899659872055,4096
neural_eb,neural_bidir_seed2_eb,zz_known,72,5,2,0.03943019360303879,4096
neural_eb,neural_bidir_seed3_eb,zz_known,72,5,2,0.03944789990782738,4096
neural_eb,neural_bidir_seed4_eb,zz_known,72,5,2,0.03938809782266617,4096
constant_mean_eb,none,zz_known,80,5,2,0.03979223966598511,4096
dfe,none,zz_known,84,5,2,0.040106579661369324,0
summary_ridge_eb,none,zz_known,96,5,2,0.03458816185593605,4096
neural_eb,neural_bidir_seed0_eb,zz_known,96,5,2,0.03412219136953354,4096
neural_eb,neural_bidir_seed1_eb,zz_known,96,5,2,0.03426799178123474,4096
neural_eb,neural_bidir_seed2_eb,zz_known,96,5,2,0.034153781831264496,4096
neural_eb,neural_bidir_seed3_eb,zz_known,96,5,2,0.03413933515548706,4096
neural_eb,neural_bidir_seed4_eb,zz_known,96,5,2,0.03410785645246506,4096
dfe,none,zz_known,128,5,2,0.031821075826883316,0
constant_mean_eb,none,zz_known,128,5,2,0.031463414430618286,4096
dfe,none,zz_known,192,5,2,0.025887001305818558,0
constant_mean_eb,none,zz_known,192,5,2,0.025637194514274597,4096
summary_ridge_eb,none,zz_known,192,5,2,0.025072481483221054,4096
neural_eb,neural_bidir_seed0_eb,zz_known,192,5,2,0.024920202791690826,4096
neural_eb,neural_bidir_seed1_eb,zz_known,192,5,2,0.024978773668408394,4096
neural_eb,neural_bidir_seed2_eb,zz_known,192,5,2,0.02493130788207054,4096
neural_eb,neural_bidir_seed3_eb,zz_known,192,5,2,0.024932948872447014,4096
neural_eb,neural_bidir_seed4_eb,zz_known,192,5,2,0.02491161972284317,4096
constant_mean_prior,none,none,0,5,3,0.16657766699790955,4096
constant_median_prior,none,none,0,5,3,0.17098689079284668,4096
summary_ridge_prior,none,none,0,5,3,0.09900739789009094,4096
product_affine_prior,none,none,0,5,3,0.10876227915287018,4096
exact_marginal_affine_prior,none,none,0,5,3,0.10550592094659805,4096
neural_prior,neural_bidir_seed0_prior,none,0,5,3,0.08828981220722198,4096
neural_prior,neural_bidir_seed1_prior,none,0,5,3,0.09113750606775284,4096
neural_prior,neural_bidir_seed2_prior,none,0,5,3,0.08802524209022522,4096
neural_prior,neural_bidir_seed3_prior,none,0,5,3,0.08806806057691574,4096
neural_prior,neural_bidir_seed4_prior,none,0,5,3,0.08739545941352844,4096
summary_ridge_eb,none,zz_known,12,5,3,0.07873144745826721,4096
neural_eb,neural_bidir_seed0_eb,zz_known,12,5,3,0.07404889911413193,4096
neural_eb,neural_bidir_seed1_eb,zz_known,12,5,3,0.07504624128341675,4096
neural_eb,neural_bidir_seed2_eb,zz_known,12,5,3,0.07395079731941223,4096
neural_eb,neural_bidir_seed3_eb,zz_known,12,5,3,0.07411696016788483,4096
neural_eb,neural_bidir_seed4_eb,zz_known,12,5,3,0.07362307608127594,4096
summary_ridge_eb,none,zz_known,16,5,3,0.07315091788768768,4096
neural_eb,neural_bidir_seed0_eb,zz_known,16,5,3,0.06904999911785126,4096
neural_eb,neural_bidir_seed1_eb,zz_known,16,5,3,0.0697672888636589,4096
neural_eb,neural_bidir_seed2_eb,zz_known,16,5,3,0.0689380019903183,4096
neural_eb,neural_bidir_seed3_eb,zz_known,16,5,3,0.06903570890426636,4096
neural_eb,neural_bidir_seed4_eb,zz_known,16,5,3,0.06861454248428345,4096
constant_mean_eb,none,zz_known,20,5,3,0.07640308141708374,4096
summary_ridge_eb,none,zz_known,20,5,3,0.0674532800912857,4096
neural_eb,neural_bidir_seed0_eb,zz_known,20,5,3,0.06509878486394882,4096
neural_eb,neural_bidir_seed1_eb,zz_known,20,5,3,0.06584981828927994,4096
neural_eb,neural_bidir_seed2_eb,zz_known,20,5,3,0.06503152847290039,4096
neural_eb,neural_bidir_seed3_eb,zz_known,20,5,3,0.0651354268193245,4096
neural_eb,neural_bidir_seed4_eb,zz_known,20,5,3,0.06487127393484116,4096
dfe,none,zz_known,24,5,3,0.07460112869739532,0
constant_mean_eb,none,zz_known,24,5,3,0.06964437663555145,4096
neural_eb,neural_bidir_seed0_eb,zz_known,24,5,3,0.05910398066043854,4096
neural_eb,neural_bidir_seed1_eb,zz_known,24,5,3,0.05967472866177559,4096
neural_eb,neural_bidir_seed2_eb,zz_known,24,5,3,0.0590670220553875,4096
neural_eb,neural_bidir_seed3_eb,zz_known,24,5,3,0.05914527550339699,4096
neural_eb,neural_bidir_seed4_eb,zz_known,24,5,3,0.058875784277915955,4096
dfe,none,zz_known,28,5,3,0.06915976107120514,0
summary_ridge_eb,none,zz_known,28,5,3,0.05869216471910477,4096
dfe,none,zz_known,32,5,3,0.06487026810646057,0
constant_mean_eb,none,zz_known,32,5,3,0.06184322014451027,4096
summary_ridge_eb,none,zz_known,32,5,3,0.05598204582929611,4096
neural_eb,neural_bidir_seed0_eb,zz_known,32,5,3,0.053592756390571594,4096
neural_eb,neural_bidir_seed1_eb,zz_known,32,5,3,0.05398903787136078,4096
neural_eb,neural_bidir_seed2_eb,zz_known,32,5,3,0.05352173373103142,4096
neural_eb,neural_bidir_seed3_eb,zz_known,32,5,3,0.053644560277462006,4096
neural_eb,neural_bidir_seed4_eb,zz_known,32,5,3,0.053382955491542816,4096
constant_mean_eb,none,zz_known,36,5,3,0.057034969329833984,4096
summary_ridge_eb,none,zz_known,36,5,3,0.05235441029071808,4096
neural_eb,neural_bidir_seed0_eb,zz_known,36,5,3,0.050879791378974915,4096
neural_eb,neural_bidir_seed1_eb,zz_known,36,5,3,0.051291659474372864,4096
neural_eb,neural_bidir_seed2_eb,zz_known,36,5,3,0.05078492686152458,4096
neural_eb,neural_bidir_seed3_eb,zz_known,36,5,3,0.05088719725608826,4096
neural_eb,neural_bidir_seed4_eb,zz_known,36,5,3,0.05067748576402664,4096
dfe,none,zz_known,40,5,3,0.05682450160384178,0
neural_eb,neural_bidir_seed0_eb,zz_known,40,5,3,0.04871552437543869,4096
neural_eb,neural_bidir_seed1_eb,zz_known,40,5,3,0.04906333237886429,4096
neural_eb,neural_bidir_seed2_eb,zz_known,40,5,3,0.04863279312849045,4096
neural_eb,neural_bidir_seed3_eb,zz_known,40,5,3,0.048691004514694214,4096
neural_eb,neural_bidir_seed4_eb,zz_known,40,5,3,0.048578351736068726,4096
dfe,none,zz_known,44,5,3,0.05477743595838547,0
constant_mean_eb,none,zz_known,44,5,3,0.05273829400539398,4096
summary_ridge_eb,none,zz_known,44,5,3,0.0490511879324913,4096
dfe,none,zz_known,48,5,3,0.05180623382329941,0
constant_mean_eb,none,zz_known,52,5,3,0.04819876700639725,4096
neural_eb,neural_bidir_seed0_eb,zz_known,52,5,3,0.04438856244087219,4096
neural_eb,neural_bidir_seed1_eb,zz_known,52,5,3,0.044557131826877594,4096
neural_eb,neural_bidir_seed2_eb,zz_known,52,5,3,0.044313978403806686,4096
neural_eb,neural_bidir_seed3_eb,zz_known,52,5,3,0.0444241464138031,4096
neural_eb,neural_bidir_seed4_eb,zz_known,52,5,3,0.044306010007858276,4096
dfe,none,zz_known,56,5,3,0.04764033854007721,0
summary_ridge_eb,none,zz_known,56,5,3,0.043792832642793655,4096
constant_mean_eb,none,zz_known,64,5,3,0.04369497299194336,4096
dfe,none,zz_known,68,5,3,0.043814435601234436,0
summary_ridge_eb,none,zz_known,72,5,3,0.040196292102336884,4096
neural_eb,neural_bidir_seed0_eb,zz_known,72,5,3,0.03918305039405823,4096
neural_eb,neural_bidir_seed1_eb,zz_known,72,5,3,0.039316967129707336,4096
neural_eb,neural_bidir_seed2_eb,zz_known,72,5,3,0.03915312886238098,4096
neural_eb,neural_bidir_seed3_eb,zz_known,72,5,3,0.03921692818403244,4096
neural_eb,neural_bidir_seed4_eb,zz_known,72,5,3,0.03910756856203079,4096
constant_mean_eb,none,zz_known,80,5,3,0.039155200123786926,4096
dfe,none,zz_known,84,5,3,0.03950321674346924,0
summary_ridge_eb,none,zz_known,96,5,3,0.03568203002214432,4096
neural_eb,neural_bidir_seed0_eb,zz_known,96,5,3,0.03531205654144287,4096
neural_eb,neural_bidir_seed1_eb,zz_known,96,5,3,0.03543979674577713,4096
neural_eb,neural_bidir_seed2_eb,zz_known,96,5,3,0.03530619293451309,4096
neural_eb,neural_bidir_seed3_eb,zz_known,96,5,3,0.035323694348335266,4096
neural_eb,neural_bidir_seed4_eb,zz_known,96,5,3,0.035255156457424164,4096
dfe,none,zz_known,128,5,3,0.0318254716694355,0
constant_mean_eb,none,zz_known,128,5,3,0.031451351940631866,4096
dfe,none,zz_known,192,5,3,0.026533670723438263,0
constant_mean_eb,none,zz_known,192,5,3,0.02631411701440811,4096
summary_ridge_eb,none,zz_known,192,5,3,0.025913994759321213,4096
neural_eb,neural_bidir_seed0_eb,zz_known,192,5,3,0.025648128241300583,4096
neural_eb,neural_bidir_seed1_eb,zz_known,192,5,3,0.025683190673589706,4096
neural_eb,neural_bidir_seed2_eb,zz_known,192,5,3,0.025639992207288742,4096
neural_eb,neural_bidir_seed3_eb,zz_known,192,5,3,0.025659579783678055,4096
neural_eb,neural_bidir_seed4_eb,zz_known,192,5,3,0.025640148669481277,4096
constant_mean_prior,none,none,0,5,4,0.1683395504951477,4096
constant_median_prior,none,none,0,5,4,0.16544568538665771,4096
summary_ridge_prior,none,none,0,5,4,0.09965330362319946,4096
product_affine_prior,none,none,0,5,4,0.10738043487071991,4096
exact_marginal_affine_prior,none,none,0,5,4,0.10405851155519485,4096
neural_prior,neural_bidir_seed0_prior,none,0,5,4,0.0857541561126709,4096
neural_prior,neural_bidir_seed1_prior,none,0,5,4,0.08858384191989899,4096
neural_prior,neural_bidir_seed2_prior,none,0,5,4,0.08555808663368225,4096
neural_prior,neural_bidir_seed3_prior,none,0,5,4,0.08558984100818634,4096
neural_prior,neural_bidir_seed4_prior,none,0,5,4,0.08492294698953629,4096
summary_ridge_eb,none,zz_known,12,5,4,0.07761822640895844,4096
neural_eb,neural_bidir_seed0_eb,zz_known,12,5,4,0.07253728806972504,4096
neural_eb,neural_bidir_seed1_eb,zz_known,12,5,4,0.07371999323368073,4096
neural_eb,neural_bidir_seed2_eb,zz_known,12,5,4,0.07247793674468994,4096
neural_eb,neural_bidir_seed3_eb,zz_known,12,5,4,0.07254822552204132,4096
neural_eb,neural_bidir_seed4_eb,zz_known,12,5,4,0.07216745615005493,4096
summary_ridge_eb,none,zz_known,16,5,4,0.07080894708633423,4096
neural_eb,neural_bidir_seed0_eb,zz_known,16,5,4,0.06607036292552948,4096
neural_eb,neural_bidir_seed1_eb,zz_known,16,5,4,0.0669546127319336,4096
neural_eb,neural_bidir_seed2_eb,zz_known,16,5,4,0.06602190434932709,4096
neural_eb,neural_bidir_seed3_eb,zz_known,16,5,4,0.06617159396409988,4096
neural_eb,neural_bidir_seed4_eb,zz_known,16,5,4,0.06575758755207062,4096
constant_mean_eb,none,zz_known,20,5,4,0.07503172010183334,4096
summary_ridge_eb,none,zz_known,20,5,4,0.06592818349599838,4096
neural_eb,neural_bidir_seed0_eb,zz_known,20,5,4,0.06174658611416817,4096
neural_eb,neural_bidir_seed1_eb,zz_known,20,5,4,0.062404878437519073,4096
neural_eb,neural_bidir_seed2_eb,zz_known,20,5,4,0.06167541444301605,4096
neural_eb,neural_bidir_seed3_eb,zz_known,20,5,4,0.06185825169086456,4096
neural_eb,neural_bidir_seed4_eb,zz_known,20,5,4,0.0615241602063179,4096
dfe,none,zz_known,24,5,4,0.0743212029337883,0
constant_mean_eb,none,zz_known,24,5,4,0.06953693181276321,4096
neural_eb,neural_bidir_seed0_eb,zz_known,24,5,4,0.05914107710123062,4096
neural_eb,neural_bidir_seed1_eb,zz_known,24,5,4,0.0598469041287899,4096
neural_eb,neural_bidir_seed2_eb,zz_known,24,5,4,0.059098996222019196,4096
neural_eb,neural_bidir_seed3_eb,zz_known,24,5,4,0.05918280407786369,4096
neural_eb,neural_bidir_seed4_eb,zz_known,24,5,4,0.05896253138780594,4096
dfe,none,zz_known,28,5,4,0.06887893378734589,0
summary_ridge_eb,none,zz_known,28,5,4,0.05892615020275116,4096
dfe,none,zz_known,32,5,4,0.0642261803150177,0
constant_mean_eb,none,zz_known,32,5,4,0.061536408960819244,4096
summary_ridge_eb,none,zz_known,32,5,4,0.05541301518678665,4096
neural_eb,neural_bidir_seed0_eb,zz_known,32,5,4,0.05364081263542175,4096
neural_eb,neural_bidir_seed1_eb,zz_known,32,5,4,0.054174553602933884,4096
neural_eb,neural_bidir_seed2_eb,zz_known,32,5,4,0.05361519008874893,4096
neural_eb,neural_bidir_seed3_eb,zz_known,32,5,4,0.05361032485961914,4096
neural_eb,neural_bidir_seed4_eb,zz_known,32,5,4,0.05346297472715378,4096
constant_mean_eb,none,zz_known,36,5,4,0.05826079100370407,4096
summary_ridge_eb,none,zz_known,36,5,4,0.05286093056201935,4096
neural_eb,neural_bidir_seed0_eb,zz_known,36,5,4,0.05052473023533821,4096
neural_eb,neural_bidir_seed1_eb,zz_known,36,5,4,0.05098807066679001,4096
neural_eb,neural_bidir_seed2_eb,zz_known,36,5,4,0.050456926226615906,4096
neural_eb,neural_bidir_seed3_eb,zz_known,36,5,4,0.050581175833940506,4096
neural_eb,neural_bidir_seed4_eb,zz_known,36,5,4,0.050368718802928925,4096
dfe,none,zz_known,40,5,4,0.05607509985566139,0
neural_eb,neural_bidir_seed0_eb,zz_known,40,5,4,0.04870257526636124,4096
neural_eb,neural_bidir_seed1_eb,zz_known,40,5,4,0.04903155937790871,4096
neural_eb,neural_bidir_seed2_eb,zz_known,40,5,4,0.048639796674251556,4096
neural_eb,neural_bidir_seed3_eb,zz_known,40,5,4,0.04871159419417381,4096
neural_eb,neural_bidir_seed4_eb,zz_known,40,5,4,0.04852040857076645,4096
dfe,none,zz_known,44,5,4,0.054450202733278275,0
constant_mean_eb,none,zz_known,44,5,4,0.05260389670729637,4096
summary_ridge_eb,none,zz_known,44,5,4,0.04839888960123062,4096
dfe,none,zz_known,48,5,4,0.05247590318322182,0
constant_mean_eb,none,zz_known,52,5,4,0.04870577156543732,4096
neural_eb,neural_bidir_seed0_eb,zz_known,52,5,4,0.04424373432993889,4096
neural_eb,neural_bidir_seed1_eb,zz_known,52,5,4,0.044564224779605865,4096
neural_eb,neural_bidir_seed2_eb,zz_known,52,5,4,0.044217683374881744,4096
neural_eb,neural_bidir_seed3_eb,zz_known,52,5,4,0.04418566823005676,4096
neural_eb,neural_bidir_seed4_eb,zz_known,52,5,4,0.04414341598749161,4096
dfe,none,zz_known,56,5,4,0.048701994121074677,0
summary_ridge_eb,none,zz_known,56,5,4,0.044490568339824677,4096
constant_mean_eb,none,zz_known,64,5,4,0.04298148304224014,4096
dfe,none,zz_known,68,5,4,0.042693544179201126,0
summary_ridge_eb,none,zz_known,72,5,4,0.03983321040868759,4096
neural_eb,neural_bidir_seed0_eb,zz_known,72,5,4,0.03921441733837128,4096
neural_eb,neural_bidir_seed1_eb,zz_known,72,5,4,0.03941190242767334,4096
neural_eb,neural_bidir_seed2_eb,zz_known,72,5,4,0.039207421243190765,4096
neural_eb,neural_bidir_seed3_eb,zz_known,72,5,4,0.03924228996038437,4096
neural_eb,neural_bidir_seed4_eb,zz_known,72,5,4,0.03915540128946304,4096
constant_mean_eb,none,zz_known,80,5,4,0.039725057780742645,4096
dfe,none,zz_known,84,5,4,0.03939758241176605,0
summary_ridge_eb,none,zz_known,96,5,4,0.03499319404363632,4096
neural_eb,neural_bidir_seed0_eb,zz_known,96,5,4,0.03435078263282776,4096
neural_eb,neural_bidir_seed1_eb,zz_known,96,5,4,0.0344766266644001,4096
neural_eb,neural_bidir_seed2_eb,zz_known,96,5,4,0.03434165567159653,4096
neural_eb,neural_bidir_seed3_eb,zz_known,96,5,4,0.03440867364406586,4096
neural_eb,neural_bidir_seed4_eb,zz_known,96,5,4,0.03433619812130928,4096
dfe,none,zz_known,128,5,4,0.03169474005699158,0
constant_mean_eb,none,zz_known,128,5,4,0.031410761177539825,4096
dfe,none,zz_known,192,5,4,0.025908390060067177,0
constant_mean_eb,none,zz_known,192,5,4,0.025656383484601974,4096
summary_ridge_eb,none,zz_known,192,5,4,0.025189770385622978,4096
neural_eb,neural_bidir_seed0_eb,zz_known,192,5,4,0.025058487430214882,4096
neural_eb,neural_bidir_seed1_eb,zz_known,192,5,4,0.02511453814804554,4096
neural_eb,neural_bidir_seed2_eb,zz_known,192,5,4,0.025049898773431778,4096
neural_eb,neural_bidir_seed3_eb,zz_known,192,5,4,0.025048449635505676,4096
neural_eb,neural_bidir_seed4_eb,zz_known,192,5,4,0.025042209774255753,4096
constant_mean_prior,none,none,0,6,0,0.17001625895500183,4096
constant_median_prior,none,none,0,6,0,0.16626541316509247,4096
summary_ridge_prior,none,none,0,6,0,0.10178406536579132,4096
product_affine_prior,none,none,0,6,0,0.11564484238624573,4096
exact_marginal_affine_prior,none,none,0,6,0,0.11227200925350189,4096
neural_prior,neural_bidir_seed0_prior,none,0,6,0,0.0896126925945282,4096
neural_prior,neural_bidir_seed1_prior,none,0,6,0,0.09199941158294678,4096
neural_prior,neural_bidir_seed2_prior,none,0,6,0,0.08963833749294281,4096
neural_prior,neural_bidir_seed3_prior,none,0,6,0,0.09023568034172058,4096
neural_prior,neural_bidir_seed4_prior,none,0,6,0,0.08881130814552307,4096
summary_ridge_eb,none,zz_known,12,6,0,0.07554155588150024,4096
neural_eb,neural_bidir_seed0_eb,zz_known,12,6,0,0.07147350907325745,4096
neural_eb,neural_bidir_seed1_eb,zz_known,12,6,0,0.07257790863513947,4096
neural_eb,neural_bidir_seed2_eb,zz_known,12,6,0,0.07154037058353424,4096
neural_eb,neural_bidir_seed3_eb,zz_known,12,6,0,0.07169400155544281,4096
neural_eb,neural_bidir_seed4_eb,zz_known,12,6,0,0.07122243940830231,4096
summary_ridge_eb,none,zz_known,16,6,0,0.07079509645700455,4096
neural_eb,neural_bidir_seed0_eb,zz_known,16,6,0,0.06664809584617615,4096
neural_eb,neural_bidir_seed1_eb,zz_known,16,6,0,0.0675203874707222,4096
neural_eb,neural_bidir_seed2_eb,zz_known,16,6,0,0.06665646284818649,4096
neural_eb,neural_bidir_seed3_eb,zz_known,16,6,0,0.0668085366487503,4096
neural_eb,neural_bidir_seed4_eb,zz_known,16,6,0,0.06641210615634918,4096
constant_mean_eb,none,zz_known,20,6,0,0.07471291720867157,4096
summary_ridge_eb,none,zz_known,20,6,0,0.06297722458839417,4096
neural_eb,neural_bidir_seed0_eb,zz_known,20,6,0,0.06034629046916962,4096
neural_eb,neural_bidir_seed1_eb,zz_known,20,6,0,0.06112700700759888,4096
neural_eb,neural_bidir_seed2_eb,zz_known,20,6,0,0.0603397861123085,4096
neural_eb,neural_bidir_seed3_eb,zz_known,20,6,0,0.060461901128292084,4096
neural_eb,neural_bidir_seed4_eb,zz_known,20,6,0,0.060141999274492264,4096
dfe,none,zz_known,24,6,0,0.07375041395425797,0
constant_mean_eb,none,zz_known,24,6,0,0.06920114159584045,4096
neural_eb,neural_bidir_seed0_eb,zz_known,24,6,0,0.05813486874103546,4096
neural_eb,neural_bidir_seed1_eb,zz_known,24,6,0,0.05875071510672569,4096
neural_eb,neural_bidir_seed2_eb,zz_known,24,6,0,0.058148182928562164,4096
neural_eb,neural_bidir_seed3_eb,zz_known,24,6,0,0.05822103098034859,4096
neural_eb,neural_bidir_seed4_eb,zz_known,24,6,0,0.058035723865032196,4096
dfe,none,zz_known,28,6,0,0.06830736994743347,0
summary_ridge_eb,none,zz_known,28,6,0,0.056966062635183334,4096
dfe,none,zz_known,32,6,0,0.06449775397777557,0
constant_mean_eb,none,zz_known,32,6,0,0.06222181022167206,4096
summary_ridge_eb,none,zz_known,32,6,0,0.05462774634361267,4096
neural_eb,neural_bidir_seed0_eb,zz_known,32,6,0,0.05285811796784401,4096
neural_eb,neural_bidir_seed1_eb,zz_known,32,6,0,0.053381212055683136,4096
neural_eb,neural_bidir_seed2_eb,zz_known,32,6,0,0.052843257784843445,4096
neural_eb,neural_bidir_seed3_eb,zz_known,32,6,0,0.05287466198205948,4096
neural_eb,neural_bidir_seed4_eb,zz_known,32,6,0,0.05267391353845596,4096
constant_mean_eb,none,zz_known,36,6,0,0.059028252959251404,4096
summary_ridge_eb,none,zz_known,36,6,0,0.05277065187692642,4096
neural_eb,neural_bidir_seed0_eb,zz_known,36,6,0,0.05088568851351738,4096
neural_eb,neural_bidir_seed1_eb,zz_known,36,6,0,0.051379136741161346,4096
neural_eb,neural_bidir_seed2_eb,zz_known,36,6,0,0.05090881884098053,4096
neural_eb,neural_bidir_seed3_eb,zz_known,36,6,0,0.05100855976343155,4096
neural_eb,neural_bidir_seed4_eb,zz_known,36,6,0,0.0507814846932888,4096
dfe,none,zz_known,40,6,0,0.057005561888217926,0
neural_eb,neural_bidir_seed0_eb,zz_known,40,6,0,0.048780884593725204,4096
neural_eb,neural_bidir_seed1_eb,zz_known,40,6,0,0.049182966351509094,4096
neural_eb,neural_bidir_seed2_eb,zz_known,40,6,0,0.048756927251815796,4096
neural_eb,neural_bidir_seed3_eb,zz_known,40,6,0,0.04883604869246483,4096
neural_eb,neural_bidir_seed4_eb,zz_known,40,6,0,0.04872094467282295,4096
dfe,none,zz_known,44,6,0,0.05485910549759865,0
constant_mean_eb,none,zz_known,44,6,0,0.052966661751270294,4096
summary_ridge_eb,none,zz_known,44,6,0,0.04840684309601784,4096
dfe,none,zz_known,48,6,0,0.052895184606313705,0
constant_mean_eb,none,zz_known,52,6,0,0.04919669032096863,4096
neural_eb,neural_bidir_seed0_eb,zz_known,52,6,0,0.04400978237390518,4096
neural_eb,neural_bidir_seed1_eb,zz_known,52,6,0,0.04434499889612198,4096
neural_eb,neural_bidir_seed2_eb,zz_known,52,6,0,0.043996188789606094,4096
neural_eb,neural_bidir_seed3_eb,zz_known,52,6,0,0.04401778429746628,4096
neural_eb,neural_bidir_seed4_eb,zz_known,52,6,0,0.04390972480177879,4096
dfe,none,zz_known,56,6,0,0.04827151820063591,0
summary_ridge_eb,none,zz_known,56,6,0,0.043611589819192886,4096
constant_mean_eb,none,zz_known,64,6,0,0.044615812599658966,4096
dfe,none,zz_known,68,6,0,0.044272519648075104,0
summary_ridge_eb,none,zz_known,72,6,0,0.039612092077732086,4096
neural_eb,neural_bidir_seed0_eb,zz_known,72,6,0,0.03916393592953682,4096
neural_eb,neural_bidir_seed1_eb,zz_known,72,6,0,0.039380550384521484,4096
neural_eb,neural_bidir_seed2_eb,zz_known,72,6,0,0.03916759043931961,4096
neural_eb,neural_bidir_seed3_eb,zz_known,72,6,0,0.03919000178575516,4096
neural_eb,neural_bidir_seed4_eb,zz_known,72,6,0,0.03913310170173645,4096
constant_mean_eb,none,zz_known,80,6,0,0.03953273221850395,4096
dfe,none,zz_known,84,6,0,0.038962941616773605,0
summary_ridge_eb,none,zz_known,96,6,0,0.035301025956869125,4096
neural_eb,neural_bidir_seed0_eb,zz_known,96,6,0,0.034945785999298096,4096
neural_eb,neural_bidir_seed1_eb,zz_known,96,6,0,0.035104431211948395,4096
neural_eb,neural_bidir_seed2_eb,zz_known,96,6,0,0.034929998219013214,4096
neural_eb,neural_bidir_seed3_eb,zz_known,96,6,0,0.034952517598867416,4096
neural_eb,neural_bidir_seed4_eb,zz_known,96,6,0,0.03489840775728226,4096
dfe,none,zz_known,128,6,0,0.03198695927858353,0
constant_mean_eb,none,zz_known,128,6,0,0.0316758006811142,4096
dfe,none,zz_known,192,6,0,0.026148315519094467,0
constant_mean_eb,none,zz_known,192,6,0,0.025894232094287872,4096
summary_ridge_eb,none,zz_known,192,6,0,0.025307809934020042,4096
neural_eb,neural_bidir_seed0_eb,zz_known,192,6,0,0.025343332439661026,4096
neural_eb,neural_bidir_seed1_eb,zz_known,192,6,0,0.025412918999791145,4096
neural_eb,neural_bidir_seed2_eb,zz_known,192,6,0,0.025340670719742775,4096
neural_eb,neural_bidir_seed3_eb,zz_known,192,6,0,0.025324484333395958,4096
neural_eb,neural_bidir_seed4_eb,zz_known,192,6,0,0.02533620223402977,4096
constant_mean_prior,none,none,0,6,1,0.16703510284423828,4096
constant_median_prior,none,none,0,6,1,0.16567540168762207,4096
summary_ridge_prior,none,none,0,6,1,0.10574010759592056,4096
product_affine_prior,none,none,0,6,1,0.11841979622840881,4096
exact_marginal_affine_prior,none,none,0,6,1,0.11541178822517395,4096
neural_prior,neural_bidir_seed0_prior,none,0,6,1,0.09454955160617828,4096
neural_prior,neural_bidir_seed1_prior,none,0,6,1,0.09683983772993088,4096
neural_prior,neural_bidir_seed2_prior,none,0,6,1,0.09462004154920578,4096
neural_prior,neural_bidir_seed3_prior,none,0,6,1,0.09512186050415039,4096
neural_prior,neural_bidir_seed4_prior,none,0,6,1,0.09376103430986404,4096
summary_ridge_eb,none,zz_known,12,6,1,0.07810930907726288,4096
neural_eb,neural_bidir_seed0_eb,zz_known,12,6,1,0.07385453581809998,4096
neural_eb,neural_bidir_seed1_eb,zz_known,12,6,1,0.0748666375875473,4096
neural_eb,neural_bidir_seed2_eb,zz_known,12,6,1,0.07385829836130142,4096
neural_eb,neural_bidir_seed3_eb,zz_known,12,6,1,0.07405638694763184,4096
neural_eb,neural_bidir_seed4_eb,zz_known,12,6,1,0.07360486686229706,4096
summary_ridge_eb,none,zz_known,16,6,1,0.06874311715364456,4096
neural_eb,neural_bidir_seed0_eb,zz_known,16,6,1,0.06593839824199677,4096
neural_eb,neural_bidir_seed1_eb,zz_known,16,6,1,0.06684142351150513,4096
neural_eb,neural_bidir_seed2_eb,zz_known,16,6,1,0.06596435606479645,4096
neural_eb,neural_bidir_seed3_eb,zz_known,16,6,1,0.06602180004119873,4096
neural_eb,neural_bidir_seed4_eb,zz_known,16,6,1,0.06574805825948715,4096
constant_mean_eb,none,zz_known,20,6,1,0.07464567571878433,4096
summary_ridge_eb,none,zz_known,20,6,1,0.06423639506101608,4096
neural_eb,neural_bidir_seed0_eb,zz_known,20,6,1,0.06225435063242912,4096
neural_eb,neural_bidir_seed1_eb,zz_known,20,6,1,0.06303402781486511,4096
neural_eb,neural_bidir_seed2_eb,zz_known,20,6,1,0.06224174052476883,4096
neural_eb,neural_bidir_seed3_eb,zz_known,20,6,1,0.06231575459241867,4096
neural_eb,neural_bidir_seed4_eb,zz_known,20,6,1,0.06209079921245575,4096
dfe,none,zz_known,24,6,1,0.07395347952842712,0
constant_mean_eb,none,zz_known,24,6,1,0.06987364590167999,4096
neural_eb,neural_bidir_seed0_eb,zz_known,24,6,1,0.0589260458946228,4096
neural_eb,neural_bidir_seed1_eb,zz_known,24,6,1,0.059540972113609314,4096
neural_eb,neural_bidir_seed2_eb,zz_known,24,6,1,0.05890805274248123,4096
neural_eb,neural_bidir_seed3_eb,zz_known,24,6,1,0.0590154267847538,4096
neural_eb,neural_bidir_seed4_eb,zz_known,24,6,1,0.058761727064847946,4096
dfe,none,zz_known,28,6,1,0.06759339570999146,0
summary_ridge_eb,none,zz_known,28,6,1,0.057980626821517944,4096
dfe,none,zz_known,32,6,1,0.06341937184333801,0
constant_mean_eb,none,zz_known,32,6,1,0.06112462282180786,4096
summary_ridge_eb,none,zz_known,32,6,1,0.054888755083084106,4096
neural_eb,neural_bidir_seed0_eb,zz_known,32,6,1,0.053005561232566833,4096
neural_eb,neural_bidir_seed1_eb,zz_known,32,6,1,0.05342457443475723,4096
neural_eb,neural_bidir_seed2_eb,zz_known,32,6,1,0.05298309028148651,4096
neural_eb,neural_bidir_seed3_eb,zz_known,32,6,1,0.05303848534822464,4096
neural_eb,neural_bidir_seed4_eb,zz_known,32,6,1,0.05289558321237564,4096
constant_mean_eb,none,zz_known,36,6,1,0.05760404095053673,4096
summary_ridge_eb,none,zz_known,36,6,1,0.05171618610620499,4096
neural_eb,neural_bidir_seed0_eb,zz_known,36,6,1,0.050244007259607315,4096
neural_eb,neural_bidir_seed1_eb,zz_known,36,6,1,0.05069154500961304,4096
neural_eb,neural_bidir_seed2_eb,zz_known,36,6,1,0.05025232210755348,4096
neural_eb,neural_bidir_seed3_eb,zz_known,36,6,1,0.050283052027225494,4096
neural_eb,neural_bidir_seed4_eb,zz_known,36,6,1,0.05010811239480972,4096
dfe,none,zz_known,40,6,1,0.05736387521028519,0
neural_eb,neural_bidir_seed0_eb,zz_known,40,6,1,0.04907655715942383,4096
neural_eb,neural_bidir_seed1_eb,zz_known,40,6,1,0.04946722835302353,4096
neural_eb,neural_bidir_seed2_eb,zz_known,40,6,1,0.04909750074148178,4096
neural_eb,neural_bidir_seed3_eb,zz_known,40,6,1,0.04910312592983246,4096
neural_eb,neural_bidir_seed4_eb,zz_known,40,6,1,0.048946280032396317,4096
dfe,none,zz_known,44,6,1,0.05408799648284912,0
constant_mean_eb,none,zz_known,44,6,1,0.052545271813869476,4096
summary_ridge_eb,none,zz_known,44,6,1,0.04835275560617447,4096
dfe,none,zz_known,48,6,1,0.05366308242082596,0
constant_mean_eb,none,zz_known,52,6,1,0.04921587556600571,4096
neural_eb,neural_bidir_seed0_eb,zz_known,52,6,1,0.04498729854822159,4096
neural_eb,neural_bidir_seed1_eb,zz_known,52,6,1,0.04525773972272873,4096
neural_eb,neural_bidir_seed2_eb,zz_known,52,6,1,0.045023754239082336,4096
neural_eb,neural_bidir_seed3_eb,zz_known,52,6,1,0.045057155191898346,4096
neural_eb,neural_bidir_seed4_eb,zz_known,52,6,1,0.04495393484830856,4096
dfe,none,zz_known,56,6,1,0.04785684868693352,0
summary_ridge_eb,none,zz_known,56,6,1,0.04397618770599365,4096
constant_mean_eb,none,zz_known,64,6,1,0.04388795793056488,4096
dfe,none,zz_known,68,6,1,0.04411054402589798,0
summary_ridge_eb,none,zz_known,72,6,1,0.03937161713838577,4096
neural_eb,neural_bidir_seed0_eb,zz_known,72,6,1,0.03904100880026817,4096
neural_eb,neural_bidir_seed1_eb,zz_known,72,6,1,0.039226233959198,4096
neural_eb,neural_bidir_seed2_eb,zz_known,72,6,1,0.03902825713157654,4096
neural_eb,neural_bidir_seed3_eb,zz_known,72,6,1,0.03904704004526138,4096
neural_eb,neural_bidir_seed4_eb,zz_known,72,6,1,0.038996417075395584,4096
constant_mean_eb,none,zz_known,80,6,1,0.03912467509508133,4096
dfe,none,zz_known,84,6,1,0.03916652500629425,0
summary_ridge_eb,none,zz_known,96,6,1,0.034206975251436234,4096
neural_eb,neural_bidir_seed0_eb,zz_known,96,6,1,0.033959247171878815,4096
neural_eb,neural_bidir_seed1_eb,zz_known,96,6,1,0.03409132733941078,4096
neural_eb,neural_bidir_seed2_eb,zz_known,96,6,1,0.03394557535648346,4096
neural_eb,neural_bidir_seed3_eb,zz_known,96,6,1,0.033946216106414795,4096
neural_eb,neural_bidir_seed4_eb,zz_known,96,6,1,0.033940479159355164,4096
dfe,none,zz_known,128,6,1,0.031844086945056915,0
constant_mean_eb,none,zz_known,128,6,1,0.031351134181022644,4096
dfe,none,zz_known,192,6,1,0.025590039789676666,0
constant_mean_eb,none,zz_known,192,6,1,0.025533758103847504,4096
summary_ridge_eb,none,zz_known,192,6,1,0.024951674044132233,4096
neural_eb,neural_bidir_seed0_eb,zz_known,192,6,1,0.024792179465293884,4096
neural_eb,neural_bidir_seed1_eb,zz_known,192,6,1,0.024848956614732742,4096
neural_eb,neural_bidir_seed2_eb,zz_known,192,6,1,0.024793144315481186,4096
neural_eb,neural_bidir_seed3_eb,zz_known,192,6,1,0.02478679269552231,4096
neural_eb,neural_bidir_seed4_eb,zz_known,192,6,1,0.024779345840215683,4096
constant_mean_prior,none,none,0,6,2,0.17157097160816193,4096
constant_median_prior,none,none,0,6,2,0.16719838976860046,4096
summary_ridge_prior,none,none,0,6,2,0.10073205828666687,4096
product_affine_prior,none,none,0,6,2,0.11922428011894226,4096
exact_marginal_affine_prior,none,none,0,6,2,0.11587859690189362,4096
neural_prior,neural_bidir_seed0_prior,none,0,6,2,0.09357793629169464,4096
neural_prior,neural_bidir_seed1_prior,none,0,6,2,0.09586184471845627,4096
neural_prior,neural_bidir_seed2_prior,none,0,6,2,0.0935305804014206,4096
neural_prior,neural_bidir_seed3_prior,none,0,6,2,0.09408089518547058,4096
neural_prior,neural_bidir_seed4_prior,none,0,6,2,0.09275230765342712,4096
summary_ridge_eb,none,zz_known,12,6,2,0.0754045620560646,4096
neural_eb,neural_bidir_seed0_eb,zz_known,12,6,2,0.0727507472038269,4096
neural_eb,neural_bidir_seed1_eb,zz_known,12,6,2,0.07381148636341095,4096
neural_eb,neural_bidir_seed2_eb,zz_known,12,6,2,0.07271892577409744,4096
neural_eb,neural_bidir_seed3_eb,zz_known,12,6,2,0.0729207694530487,4096
neural_eb,neural_bidir_seed4_eb,zz_known,12,6,2,0.07243594527244568,4096
summary_ridge_eb,none,zz_known,16,6,2,0.0689704418182373,4096
neural_eb,neural_bidir_seed0_eb,zz_known,16,6,2,0.06620155274868011,4096
neural_eb,neural_bidir_seed1_eb,zz_known,16,6,2,0.06702928990125656,4096
neural_eb,neural_bidir_seed2_eb,zz_known,16,6,2,0.0662306621670723,4096
neural_eb,neural_bidir_seed3_eb,zz_known,16,6,2,0.06640467047691345,4096
neural_eb,neural_bidir_seed4_eb,zz_known,16,6,2,0.06598271429538727,4096
constant_mean_eb,none,zz_known,20,6,2,0.07683400809764862,4096
summary_ridge_eb,none,zz_known,20,6,2,0.06378845870494843,4096
neural_eb,neural_bidir_seed0_eb,zz_known,20,6,2,0.06254503130912781,4096
neural_eb,neural_bidir_seed1_eb,zz_known,20,6,2,0.06336162984371185,4096
neural_eb,neural_bidir_seed2_eb,zz_known,20,6,2,0.06250358372926712,4096
neural_eb,neural_bidir_seed3_eb,zz_known,20,6,2,0.0625542625784874,4096
neural_eb,neural_bidir_seed4_eb,zz_known,20,6,2,0.062294766306877136,4096
dfe,none,zz_known,24,6,2,0.07164376974105835,0
constant_mean_eb,none,zz_known,24,6,2,0.06885430216789246,4096
neural_eb,neural_bidir_seed0_eb,zz_known,24,6,2,0.05731111019849777,4096
neural_eb,neural_bidir_seed1_eb,zz_known,24,6,2,0.05795918405056,4096
neural_eb,neural_bidir_seed2_eb,zz_known,24,6,2,0.057309653609991074,4096
neural_eb,neural_bidir_seed3_eb,zz_known,24,6,2,0.057417355477809906,4096
neural_eb,neural_bidir_seed4_eb,zz_known,24,6,2,0.057150084525346756,4096
dfe,none,zz_known,28,6,2,0.06906433403491974,0
summary_ridge_eb,none,zz_known,28,6,2,0.05697941035032272,4096
dfe,none,zz_known,32,6,2,0.06375280767679214,0
constant_mean_eb,none,zz_known,32,6,2,0.061815112829208374,4096
summary_ridge_eb,none,zz_known,32,6,2,0.054108720272779465,4096
neural_eb,neural_bidir_seed0_eb,zz_known,32,6,2,0.05355491116642952,4096
neural_eb,neural_bidir_seed1_eb,zz_known,32,6,2,0.054060958325862885,4096
neural_eb,neural_bidir_seed2_eb,zz_known,32,6,2,0.053527381271123886,4096
neural_eb,neural_bidir_seed3_eb,zz_known,32,6,2,0.053576983511447906,4096
neural_eb,neural_bidir_seed4_eb,zz_known,32,6,2,0.05344817414879799,4096
constant_mean_eb,none,zz_known,36,6,2,0.05878313630819321,4096
summary_ridge_eb,none,zz_known,36,6,2,0.05207785964012146,4096
neural_eb,neural_bidir_seed0_eb,zz_known,36,6,2,0.05180393159389496,4096
neural_eb,neural_bidir_seed1_eb,zz_known,36,6,2,0.052256014198064804,4096
neural_eb,neural_bidir_seed2_eb,zz_known,36,6,2,0.05178391933441162,4096
neural_eb,neural_bidir_seed3_eb,zz_known,36,6,2,0.051835935562849045,4096
neural_eb,neural_bidir_seed4_eb,zz_known,36,6,2,0.05170378088951111,4096
dfe,none,zz_known,40,6,2,0.057086557149887085,0
neural_eb,neural_bidir_seed0_eb,zz_known,40,6,2,0.048925310373306274,4096
neural_eb,neural_bidir_seed1_eb,zz_known,40,6,2,0.04933667182922363,4096
neural_eb,neural_bidir_seed2_eb,zz_known,40,6,2,0.04890775680541992,4096
neural_eb,neural_bidir_seed3_eb,zz_known,40,6,2,0.048951901495456696,4096
neural_eb,neural_bidir_seed4_eb,zz_known,40,6,2,0.0488019697368145,4096
dfe,none,zz_known,44,6,2,0.05358150228857994,0
constant_mean_eb,none,zz_known,44,6,2,0.0522138737142086,4096
summary_ridge_eb,none,zz_known,44,6,2,0.04722117632627487,4096
dfe,none,zz_known,48,6,2,0.05112512409687042,0
constant_mean_eb,none,zz_known,52,6,2,0.04910307005047798,4096
neural_eb,neural_bidir_seed0_eb,zz_known,52,6,2,0.04491236060857773,4096
neural_eb,neural_bidir_seed1_eb,zz_known,52,6,2,0.04524331912398338,4096
neural_eb,neural_bidir_seed2_eb,zz_known,52,6,2,0.04489181190729141,4096
neural_eb,neural_bidir_seed3_eb,zz_known,52,6,2,0.044912584125995636,4096
neural_eb,neural_bidir_seed4_eb,zz_known,52,6,2,0.04483135789632797,4096
dfe,none,zz_known,56,6,2,0.048601582646369934,0
summary_ridge_eb,none,zz_known,56,6,2,0.04388834536075592,4096
constant_mean_eb,none,zz_known,64,6,2,0.04392152279615402,4096
dfe,none,zz_known,68,6,2,0.04392315819859505,0
summary_ridge_eb,none,zz_known,72,6,2,0.03972523659467697,4096
neural_eb,neural_bidir_seed0_eb,zz_known,72,6,2,0.03944621980190277,4096
neural_eb,neural_bidir_seed1_eb,zz_known,72,6,2,0.039629995822906494,4096
neural_eb,neural_bidir_seed2_eb,zz_known,72,6,2,0.03943542391061783,4096
neural_eb,neural_bidir_seed3_eb,zz_known,72,6,2,0.03948885202407837,4096
neural_eb,neural_bidir_seed4_eb,zz_known,72,6,2,0.039411768317222595,4096
constant_mean_eb,none,zz_known,80,6,2,0.04001542180776596,4096
dfe,none,zz_known,84,6,2,0.0390436053276062,0
summary_ridge_eb,none,zz_known,96,6,2,0.033810459077358246,4096
neural_eb,neural_bidir_seed0_eb,zz_known,96,6,2,0.033631086349487305,4096
neural_eb,neural_bidir_seed1_eb,zz_known,96,6,2,0.03378912806510925,4096
neural_eb,neural_bidir_seed2_eb,zz_known,96,6,2,0.03361605852842331,4096
neural_eb,neural_bidir_seed3_eb,zz_known,96,6,2,0.033609576523303986,4096
neural_eb,neural_bidir_seed4_eb,zz_known,96,6,2,0.03359568864107132,4096
dfe,none,zz_known,128,6,2,0.032104287296533585,0
constant_mean_eb,none,zz_known,128,6,2,0.03165297955274582,4096
dfe,none,zz_known,192,6,2,0.025865985080599785,0
constant_mean_eb,none,zz_known,192,6,2,0.02564229816198349,4096
summary_ridge_eb,none,zz_known,192,6,2,0.024863772094249725,4096
neural_eb,neural_bidir_seed0_eb,zz_known,192,6,2,0.024803031235933304,4096
neural_eb,neural_bidir_seed1_eb,zz_known,192,6,2,0.024863384664058685,4096
neural_eb,neural_bidir_seed2_eb,zz_known,192,6,2,0.024798978120088577,4096
neural_eb,neural_bidir_seed3_eb,zz_known,192,6,2,0.024803880602121353,4096
neural_eb,neural_bidir_seed4_eb,zz_known,192,6,2,0.024781567975878716,4096
constant_mean_prior,none,none,0,6,3,0.17271292209625244,4096
constant_median_prior,none,none,0,6,3,0.16544568538665771,4096
summary_ridge_prior,none,none,0,6,3,0.09655344486236572,4096
product_affine_prior,none,none,0,6,3,0.11539743840694427,4096
exact_marginal_affine_prior,none,none,0,6,3,0.1118396446108818,4096
neural_prior,neural_bidir_seed0_prior,none,0,6,3,0.08821728080511093,4096
neural_prior,neural_bidir_seed1_prior,none,0,6,3,0.09060564637184143,4096
neural_prior,neural_bidir_seed2_prior,none,0,6,3,0.08817578852176666,4096
neural_prior,neural_bidir_seed3_prior,none,0,6,3,0.08878746628761292,4096
neural_prior,neural_bidir_seed4_prior,none,0,6,3,0.08751057088375092,4096
summary_ridge_eb,none,zz_known,12,6,3,0.0766431987285614,4096
neural_eb,neural_bidir_seed0_eb,zz_known,12,6,3,0.07327274978160858,4096
neural_eb,neural_bidir_seed1_eb,zz_known,12,6,3,0.07424016296863556,4096
neural_eb,neural_bidir_seed2_eb,zz_known,12,6,3,0.07321537286043167,4096
neural_eb,neural_bidir_seed3_eb,zz_known,12,6,3,0.07362985610961914,4096
neural_eb,neural_bidir_seed4_eb,zz_known,12,6,3,0.07299740612506866,4096
summary_ridge_eb,none,zz_known,16,6,3,0.06816992908716202,4096
neural_eb,neural_bidir_seed0_eb,zz_known,16,6,3,0.06544464826583862,4096
neural_eb,neural_bidir_seed1_eb,zz_known,16,6,3,0.06618813425302505,4096
neural_eb,neural_bidir_seed2_eb,zz_known,16,6,3,0.06544598937034607,4096
neural_eb,neural_bidir_seed3_eb,zz_known,16,6,3,0.06566919386386871,4096
neural_eb,neural_bidir_seed4_eb,zz_known,16,6,3,0.06526114791631699,4096
constant_mean_eb,none,zz_known,20,6,3,0.07592623680830002,4096
summary_ridge_eb,none,zz_known,20,6,3,0.06461137533187866,4096
neural_eb,neural_bidir_seed0_eb,zz_known,20,6,3,0.06176971644163132,4096
neural_eb,neural_bidir_seed1_eb,zz_known,20,6,3,0.06250683218240738,4096
neural_eb,neural_bidir_seed2_eb,zz_known,20,6,3,0.061738550662994385,4096
neural_eb,neural_bidir_seed3_eb,zz_known,20,6,3,0.061933811753988266,4096
neural_eb,neural_bidir_seed4_eb,zz_known,20,6,3,0.061593905091285706,4096
dfe,none,zz_known,24,6,3,0.07401598244905472,0
constant_mean_eb,none,zz_known,24,6,3,0.06983876973390579,4096
neural_eb,neural_bidir_seed0_eb,zz_known,24,6,3,0.05830109864473343,4096
neural_eb,neural_bidir_seed1_eb,zz_known,24,6,3,0.058867983520030975,4096
neural_eb,neural_bidir_seed2_eb,zz_known,24,6,3,0.058244071900844574,4096
neural_eb,neural_bidir_seed3_eb,zz_known,24,6,3,0.0584900937974453,4096
neural_eb,neural_bidir_seed4_eb,zz_known,24,6,3,0.05814250931143761,4096
dfe,none,zz_known,28,6,3,0.06933225691318512,0
summary_ridge_eb,none,zz_known,28,6,3,0.05795486271381378,4096
dfe,none,zz_known,32,6,3,0.06378035247325897,0
constant_mean_eb,none,zz_known,32,6,3,0.060754694044589996,4096
summary_ridge_eb,none,zz_known,32,6,3,0.05429896339774132,4096
neural_eb,neural_bidir_seed0_eb,zz_known,32,6,3,0.05245313420891762,4096
neural_eb,neural_bidir_seed1_eb,zz_known,32,6,3,0.05289406701922417,4096
neural_eb,neural_bidir_seed2_eb,zz_known,32,6,3,0.0524282231926918,4096
neural_eb,neural_bidir_seed3_eb,zz_known,32,6,3,0.05257010459899902,4096
neural_eb,neural_bidir_seed4_eb,zz_known,32,6,3,0.0523277223110199,4096
constant_mean_eb,none,zz_known,36,6,3,0.05891040712594986,4096
summary_ridge_eb,none,zz_known,36,6,3,0.052982088178396225,4096
neural_eb,neural_bidir_seed0_eb,zz_known,36,6,3,0.051186736673116684,4096
neural_eb,neural_bidir_seed1_eb,zz_known,36,6,3,0.05157611519098282,4096
neural_eb,neural_bidir_seed2_eb,zz_known,36,6,3,0.05115082859992981,4096
neural_eb,neural_bidir_seed3_eb,zz_known,36,6,3,0.051296770572662354,4096
neural_eb,neural_bidir_seed4_eb,zz_known,36,6,3,0.05105917528271675,4096
dfe,none,zz_known,40,6,3,0.05687837302684784,0
neural_eb,neural_bidir_seed0_eb,zz_known,40,6,3,0.0483146496117115,4096
neural_eb,neural_bidir_seed1_eb,zz_known,40,6,3,0.04866648465394974,4096
neural_eb,neural_bidir_seed2_eb,zz_known,40,6,3,0.0483013391494751,4096
neural_eb,neural_bidir_seed3_eb,zz_known,40,6,3,0.04839315265417099,4096
neural_eb,neural_bidir_seed4_eb,zz_known,40,6,3,0.04820667952299118,4096
dfe,none,zz_known,44,6,3,0.05350189656019211,0
constant_mean_eb,none,zz_known,44,6,3,0.05177545174956322,4096
summary_ridge_eb,none,zz_known,44,6,3,0.04727499559521675,4096
dfe,none,zz_known,48,6,3,0.05123542994260788,0
constant_mean_eb,none,zz_known,52,6,3,0.047153934836387634,4096
neural_eb,neural_bidir_seed0_eb,zz_known,52,6,3,0.04322611540555954,4096
neural_eb,neural_bidir_seed1_eb,zz_known,52,6,3,0.0434797927737236,4096
neural_eb,neural_bidir_seed2_eb,zz_known,52,6,3,0.0431985929608345,4096
neural_eb,neural_bidir_seed3_eb,zz_known,52,6,3,0.043238066136837006,4096
neural_eb,neural_bidir_seed4_eb,zz_known,52,6,3,0.04311831668019295,4096
dfe,none,zz_known,56,6,3,0.047750018537044525,0
summary_ridge_eb,none,zz_known,56,6,3,0.04334016889333725,4096
constant_mean_eb,none,zz_known,64,6,3,0.04343501478433609,4096
dfe,none,zz_known,68,6,3,0.04408884048461914,0
summary_ridge_eb,none,zz_known,72,6,3,0.039884719997644424,4096
neural_eb,neural_bidir_seed0_eb,zz_known,72,6,3,0.03926265239715576,4096
neural_eb,neural_bidir_seed1_eb,zz_known,72,6,3,0.03941535949707031,4096
neural_eb,neural_bidir_seed2_eb,zz_known,72,6,3,0.03924091160297394,4096
neural_eb,neural_bidir_seed3_eb,zz_known,72,6,3,0.039289943873882294,4096
neural_eb,neural_bidir_seed4_eb,zz_known,72,6,3,0.0392165370285511,4096
constant_mean_eb,none,zz_known,80,6,3,0.039152842015028,4096
dfe,none,zz_known,84,6,3,0.03937368839979172,0
summary_ridge_eb,none,zz_known,96,6,3,0.03478185832500458,4096
neural_eb,neural_bidir_seed0_eb,zz_known,96,6,3,0.03421812877058983,4096
neural_eb,neural_bidir_seed1_eb,zz_known,96,6,3,0.0343424454331398,4096
neural_eb,neural_bidir_seed2_eb,zz_known,96,6,3,0.0342022180557251,4096
neural_eb,neural_bidir_seed3_eb,zz_known,96,6,3,0.03422333672642708,4096
neural_eb,neural_bidir_seed4_eb,zz_known,96,6,3,0.034172430634498596,4096
dfe,none,zz_known,128,6,3,0.032224539667367935,0
constant_mean_eb,none,zz_known,128,6,3,0.03199470043182373,4096
dfe,none,zz_known,192,6,3,0.025965213775634766,0
constant_mean_eb,none,zz_known,192,6,3,0.025801990181207657,4096
summary_ridge_eb,none,zz_known,192,6,3,0.02513199672102928,4096
neural_eb,neural_bidir_seed0_eb,zz_known,192,6,3,0.025025490671396255,4096
neural_eb,neural_bidir_seed1_eb,zz_known,192,6,3,0.025081053376197815,4096
neural_eb,neural_bidir_seed2_eb,zz_known,192,6,3,0.025010239332914352,4096
neural_eb,neural_bidir_seed3_eb,zz_known,192,6,3,0.02502259984612465,4096
neural_eb,neural_bidir_seed4_eb,zz_known,192,6,3,0.025019925087690353,4096
constant_mean_prior,none,none,0,6,4,0.16879495978355408,4096
constant_median_prior,none,none,0,6,4,0.16584572196006775,4096
summary_ridge_prior,none,none,0,6,4,0.09800216555595398,4096
product_affine_prior,none,none,0,6,4,0.11300001293420792,4096
exact_marginal_affine_prior,none,none,0,6,4,0.10960653424263,4096
neural_prior,neural_bidir_seed0_prior,none,0,6,4,0.08642812073230743,4096
neural_prior,neural_bidir_seed1_prior,none,0,6,4,0.0888528972864151,4096
neural_prior,neural_bidir_seed2_prior,none,0,6,4,0.08649902045726776,4096
neural_prior,neural_bidir_seed3_prior,none,0,6,4,0.0869852602481842,4096
neural_prior,neural_bidir_seed4_prior,none,0,6,4,0.08570292592048645,4096
summary_ridge_eb,none,zz_known,12,6,4,0.07632815837860107,4096
neural_eb,neural_bidir_seed0_eb,zz_known,12,6,4,0.07212293893098831,4096
neural_eb,neural_bidir_seed1_eb,zz_known,12,6,4,0.07330027222633362,4096
neural_eb,neural_bidir_seed2_eb,zz_known,12,6,4,0.07215289771556854,4096
neural_eb,neural_bidir_seed3_eb,zz_known,12,6,4,0.07227927446365356,4096
neural_eb,neural_bidir_seed4_eb,zz_known,12,6,4,0.0718776062130928,4096
summary_ridge_eb,none,zz_known,16,6,4,0.06794240325689316,4096
neural_eb,neural_bidir_seed0_eb,zz_known,16,6,4,0.06429426372051239,4096
neural_eb,neural_bidir_seed1_eb,zz_known,16,6,4,0.06527413427829742,4096
neural_eb,neural_bidir_seed2_eb,zz_known,16,6,4,0.06426239013671875,4096
neural_eb,neural_bidir_seed3_eb,zz_known,16,6,4,0.06444542109966278,4096
neural_eb,neural_bidir_seed4_eb,zz_known,16,6,4,0.06402994692325592,4096
constant_mean_eb,none,zz_known,20,6,4,0.07561410963535309,4096
summary_ridge_eb,none,zz_known,20,6,4,0.0636528730392456,4096
neural_eb,neural_bidir_seed0_eb,zz_known,20,6,4,0.06099169701337814,4096
neural_eb,neural_bidir_seed1_eb,zz_known,20,6,4,0.06185126304626465,4096
neural_eb,neural_bidir_seed2_eb,zz_known,20,6,4,0.0609809048473835,4096
neural_eb,neural_bidir_seed3_eb,zz_known,20,6,4,0.06111210957169533,4096
neural_eb,neural_bidir_seed4_eb,zz_known,20,6,4,0.06086031347513199,4096
dfe,none,zz_known,24,6,4,0.07303330302238464,0
constant_mean_eb,none,zz_known,24,6,4,0.06926660984754562,4096
neural_eb,neural_bidir_seed0_eb,zz_known,24,6,4,0.05710979178547859,4096
neural_eb,neural_bidir_seed1_eb,zz_known,24,6,4,0.057814136147499084,4096
neural_eb,neural_bidir_seed2_eb,zz_known,24,6,4,0.05706794932484627,4096
neural_eb,neural_bidir_seed3_eb,zz_known,24,6,4,0.0571611151099205,4096
neural_eb,neural_bidir_seed4_eb,zz_known,24,6,4,0.05693690851330757,4096
dfe,none,zz_known,28,6,4,0.06873099505901337,0
summary_ridge_eb,none,zz_known,28,6,4,0.05724862962961197,4096
dfe,none,zz_known,32,6,4,0.06288839876651764,0
constant_mean_eb,none,zz_known,32,6,4,0.060589127242565155,4096
summary_ridge_eb,none,zz_known,32,6,4,0.052836522459983826,4096
neural_eb,neural_bidir_seed0_eb,zz_known,32,6,4,0.05184919014573097,4096
neural_eb,neural_bidir_seed1_eb,zz_known,32,6,4,0.05248453468084335,4096
neural_eb,neural_bidir_seed2_eb,zz_known,32,6,4,0.051806479692459106,4096
neural_eb,neural_bidir_seed3_eb,zz_known,32,6,4,0.051773689687252045,4096
neural_eb,neural_bidir_seed4_eb,zz_known,32,6,4,0.05171307921409607,4096
constant_mean_eb,none,zz_known,36,6,4,0.0568171888589859,4096
summary_ridge_eb,none,zz_known,36,6,4,0.05055694282054901,4096
neural_eb,neural_bidir_seed0_eb,zz_known,36,6,4,0.049378447234630585,4096
neural_eb,neural_bidir_seed1_eb,zz_known,36,6,4,0.04990677908062935,4096
neural_eb,neural_bidir_seed2_eb,zz_known,36,6,4,0.0493512824177742,4096
neural_eb,neural_bidir_seed3_eb,zz_known,36,6,4,0.049336209893226624,4096
neural_eb,neural_bidir_seed4_eb,zz_known,36,6,4,0.04929722845554352,4096
dfe,none,zz_known,40,6,4,0.05604013428092003,0
neural_eb,neural_bidir_seed0_eb,zz_known,40,6,4,0.04787217825651169,4096
neural_eb,neural_bidir_seed1_eb,zz_known,40,6,4,0.04845135286450386,4096
neural_eb,neural_bidir_seed2_eb,zz_known,40,6,4,0.047837864607572556,4096
neural_eb,neural_bidir_seed3_eb,zz_known,40,6,4,0.04778306931257248,4096
neural_eb,neural_bidir_seed4_eb,zz_known,40,6,4,0.04781810939311981,4096
dfe,none,zz_known,44,6,4,0.05404301732778549,0
constant_mean_eb,none,zz_known,44,6,4,0.05242073908448219,4096
summary_ridge_eb,none,zz_known,44,6,4,0.04740925878286362,4096
dfe,none,zz_known,48,6,4,0.051876552402973175,0
constant_mean_eb,none,zz_known,52,6,4,0.04830906540155411,4096
neural_eb,neural_bidir_seed0_eb,zz_known,52,6,4,0.043711889535188675,4096
neural_eb,neural_bidir_seed1_eb,zz_known,52,6,4,0.044023070484399796,4096
neural_eb,neural_bidir_seed2_eb,zz_known,52,6,4,0.04368484765291214,4096
neural_eb,neural_bidir_seed3_eb,zz_known,52,6,4,0.04369410127401352,4096
neural_eb,neural_bidir_seed4_eb,zz_known,52,6,4,0.0436323806643486,4096
dfe,none,zz_known,56,6,4,0.049034323543310165,0
summary_ridge_eb,none,zz_known,56,6,4,0.04413088411092758,4096
constant_mean_eb,none,zz_known,64,6,4,0.044426653534173965,4096
dfe,none,zz_known,68,6,4,0.04371684044599533,0
summary_ridge_eb,none,zz_known,72,6,4,0.03903604671359062,4096
neural_eb,neural_bidir_seed0_eb,zz_known,72,6,4,0.038933638483285904,4096
neural_eb,neural_bidir_seed1_eb,zz_known,72,6,4,0.03917974978685379,4096
neural_eb,neural_bidir_seed2_eb,zz_known,72,6,4,0.038907021284103394,4096
neural_eb,neural_bidir_seed3_eb,zz_known,72,6,4,0.038878925144672394,4096
neural_eb,neural_bidir_seed4_eb,zz_known,72,6,4,0.03887667879462242,4096
constant_mean_eb,none,zz_known,80,6,4,0.03977324441075325,4096
dfe,none,zz_known,84,6,4,0.0388973131775856,0
summary_ridge_eb,none,zz_known,96,6,4,0.03465256839990616,4096
neural_eb,neural_bidir_seed0_eb,zz_known,96,6,4,0.034402742981910706,4096
neural_eb,neural_bidir_seed1_eb,zz_known,96,6,4,0.034569695591926575,4096
neural_eb,neural_bidir_seed2_eb,zz_known,96,6,4,0.03438064455986023,4096
neural_eb,neural_bidir_seed3_eb,zz_known,96,6,4,0.034349411725997925,4096
neural_eb,neural_bidir_seed4_eb,zz_known,96,6,4,0.034384433180093765,4096
dfe,none,zz_known,128,6,4,0.03135853260755539,0
constant_mean_eb,none,zz_known,128,6,4,0.031132087111473083,4096
dfe,none,zz_known,192,6,4,0.026134153828024864,0
constant_mean_eb,none,zz_known,192,6,4,0.02573375217616558,4096
summary_ridge_eb,none,zz_known,192,6,4,0.025058405473828316,4096
neural_eb,neural_bidir_seed0_eb,zz_known,192,6,4,0.024846073240041733,4096
neural_eb,neural_bidir_seed1_eb,zz_known,192,6,4,0.02491985447704792,4096
neural_eb,neural_bidir_seed2_eb,zz_known,192,6,4,0.024847161024808884,4096
neural_eb,neural_bidir_seed3_eb,zz_known,192,6,4,0.02483658865094185,4096
neural_eb,neural_bidir_seed4_eb,zz_known,192,6,4,0.024823680520057678,4096
constant_mean_prior,none,none,0,7,0,0.17560049891471863,4096
constant_median_prior,none,none,0,7,0,0.16567540168762207,4096
summary_ridge_prior,none,none,0,7,0,0.09239745885133743,4096
product_affine_prior,none,none,0,7,0,0.1196674033999443,4096
exact_marginal_affine_prior,none,none,0,7,0,0.11578589677810669,4096
neural_prior,neural_bidir_seed0_prior,none,0,7,0,0.09410009533166885,4096
neural_prior,neural_bidir_seed1_prior,none,0,7,0,0.09713263809680939,4096
neural_prior,neural_bidir_seed2_prior,none,0,7,0,0.09401093423366547,4096
neural_prior,neural_bidir_seed3_prior,none,0,7,0,0.09402377158403397,4096
neural_prior,neural_bidir_seed4_prior,none,0,7,0,0.09283916652202606,4096
summary_ridge_eb,none,zz_known,12,7,0,0.07599128037691116,4096
neural_eb,neural_bidir_seed0_eb,zz_known,12,7,0,0.07616742700338364,4096
neural_eb,neural_bidir_seed1_eb,zz_known,12,7,0,0.07712340354919434,4096
neural_eb,neural_bidir_seed2_eb,zz_known,12,7,0,0.07612399011850357,4096
neural_eb,neural_bidir_seed3_eb,zz_known,12,7,0,0.07612601667642593,4096
neural_eb,neural_bidir_seed4_eb,zz_known,12,7,0,0.07568304240703583,4096
summary_ridge_eb,none,zz_known,16,7,0,0.06816540658473969,4096
neural_eb,neural_bidir_seed0_eb,zz_known,16,7,0,0.06909170746803284,4096
neural_eb,neural_bidir_seed1_eb,zz_known,16,7,0,0.07001429796218872,4096
neural_eb,neural_bidir_seed2_eb,zz_known,16,7,0,0.06908905506134033,4096
neural_eb,neural_bidir_seed3_eb,zz_known,16,7,0,0.06895044445991516,4096
neural_eb,neural_bidir_seed4_eb,zz_known,16,7,0,0.06873317807912827,4096
constant_mean_eb,none,zz_known,20,7,0,0.07585838437080383,4096
summary_ridge_eb,none,zz_known,20,7,0,0.06351473182439804,4096
neural_eb,neural_bidir_seed0_eb,zz_known,20,7,0,0.06402268260717392,4096
neural_eb,neural_bidir_seed1_eb,zz_known,20,7,0,0.06477171927690506,4096
neural_eb,neural_bidir_seed2_eb,zz_known,20,7,0,0.06400774419307709,4096
neural_eb,neural_bidir_seed3_eb,zz_known,20,7,0,0.06400500237941742,4096
neural_eb,neural_bidir_seed4_eb,zz_known,20,7,0,0.06363311409950256,4096
dfe,none,zz_known,24,7,0,0.07506443560123444,0
constant_mean_eb,none,zz_known,24,7,0,0.07046741247177124,4096
neural_eb,neural_bidir_seed0_eb,zz_known,24,7,0,0.061002057045698166,4096
neural_eb,neural_bidir_seed1_eb,zz_known,24,7,0,0.061594247817993164,4096
neural_eb,neural_bidir_seed2_eb,zz_known,24,7,0,0.061029233038425446,4096
neural_eb,neural_bidir_seed3_eb,zz_known,24,7,0,0.06103382259607315,4096
neural_eb,neural_bidir_seed4_eb,zz_known,24,7,0,0.06078829616308212,4096
dfe,none,zz_known,28,7,0,0.06887286901473999,0
summary_ridge_eb,none,zz_known,28,7,0,0.057396624237298965,4096
dfe,none,zz_known,32,7,0,0.06368696689605713,0
constant_mean_eb,none,zz_known,32,7,0,0.060183703899383545,4096
summary_ridge_eb,none,zz_known,32,7,0,0.05370335280895233,4096
neural_eb,neural_bidir_seed0_eb,zz_known,32,7,0,0.05375593900680542,4096
neural_eb,neural_bidir_seed1_eb,zz_known,32,7,0,0.05412622541189194,4096
neural_eb,neural_bidir_seed2_eb,zz_known,32,7,0,0.05373360216617584,4096
neural_eb,neural_bidir_seed3_eb,zz_known,32,7,0,0.053723856806755066,4096
neural_eb,neural_bidir_seed4_eb,zz_known,32,7,0,0.05354759842157364,4096
constant_mean_eb,none,zz_known,36,7,0,0.056903280317783356,4096
summary_ridge_eb,none,zz_known,36,7,0,0.05127773806452751,4096
neural_eb,neural_bidir_seed0_eb,zz_known,36,7,0,0.051154397428035736,4096
neural_eb,neural_bidir_seed1_eb,zz_known,36,7,0,0.051527805626392365,4096
neural_eb,neural_bidir_seed2_eb,zz_known,36,7,0,0.05116434395313263,4096
neural_eb,neural_bidir_seed3_eb,zz_known,36,7,0,0.05116637796163559,4096
neural_eb,neural_bidir_seed4_eb,zz_known,36,7,0,0.05099600553512573,4096
dfe,none,zz_known,40,7,0,0.05751505494117737,0
neural_eb,neural_bidir_seed0_eb,zz_known,40,7,0,0.050082869827747345,4096
neural_eb,neural_bidir_seed1_eb,zz_known,40,7,0,0.05040348321199417,4096
neural_eb,neural_bidir_seed2_eb,zz_known,40,7,0,0.05009686201810837,4096
neural_eb,neural_bidir_seed3_eb,zz_known,40,7,0,0.05010576918721199,4096
neural_eb,neural_bidir_seed4_eb,zz_known,40,7,0,0.0499519407749176,4096
dfe,none,zz_known,44,7,0,0.0549398735165596,0
constant_mean_eb,none,zz_known,44,7,0,0.05283621698617935,4096
summary_ridge_eb,none,zz_known,44,7,0,0.048300113528966904,4096
dfe,none,zz_known,48,7,0,0.0534103587269783,0
constant_mean_eb,none,zz_known,52,7,0,0.04824739322066307,4096
neural_eb,neural_bidir_seed0_eb,zz_known,52,7,0,0.044571928679943085,4096
neural_eb,neural_bidir_seed1_eb,zz_known,52,7,0,0.044803593307733536,4096
neural_eb,neural_bidir_seed2_eb,zz_known,52,7,0,0.044559914618730545,4096
neural_eb,neural_bidir_seed3_eb,zz_known,52,7,0,0.04455482214689255,4096
neural_eb,neural_bidir_seed4_eb,zz_known,52,7,0,0.04447771608829498,4096
dfe,none,zz_known,56,7,0,0.04882226884365082,0
summary_ridge_eb,none,zz_known,56,7,0,0.04386400431394577,4096
constant_mean_eb,none,zz_known,64,7,0,0.04476228356361389,4096
dfe,none,zz_known,68,7,0,0.04382483661174774,0
summary_ridge_eb,none,zz_known,72,7,0,0.038508910685777664,4096
neural_eb,neural_bidir_seed0_eb,zz_known,72,7,0,0.03892970830202103,4096
neural_eb,neural_bidir_seed1_eb,zz_known,72,7,0,0.039108533412218094,4096
neural_eb,neural_bidir_seed2_eb,zz_known,72,7,0,0.03892043977975845,4096
neural_eb,neural_bidir_seed3_eb,zz_known,72,7,0,0.038910217583179474,4096
neural_eb,neural_bidir_seed4_eb,zz_known,72,7,0,0.03885069862008095,4096
constant_mean_eb,none,zz_known,80,7,0,0.039929620921611786,4096
dfe,none,zz_known,84,7,0,0.03935205191373825,0
summary_ridge_eb,none,zz_known,96,7,0,0.03537760674953461,4096
neural_eb,neural_bidir_seed0_eb,zz_known,96,7,0,0.03544656187295914,4096
neural_eb,neural_bidir_seed1_eb,zz_known,96,7,0,0.03555411472916603,4096
neural_eb,neural_bidir_seed2_eb,zz_known,96,7,0,0.03544723987579346,4096
neural_eb,neural_bidir_seed3_eb,zz_known,96,7,0,0.03543783724308014,4096
neural_eb,neural_bidir_seed4_eb,zz_known,96,7,0,0.03539334237575531,4096
dfe,none,zz_known,128,7,0,0.031490229070186615,0
constant_mean_eb,none,zz_known,128,7,0,0.03120773285627365,4096
dfe,none,zz_known,192,7,0,0.02537049725651741,0
constant_mean_eb,none,zz_known,192,7,0,0.025246117264032364,4096
summary_ridge_eb,none,zz_known,192,7,0,0.02456861548125744,4096
neural_eb,neural_bidir_seed0_eb,zz_known,192,7,0,0.02464224398136139,4096
neural_eb,neural_bidir_seed1_eb,zz_known,192,7,0,0.024682579562067986,4096
neural_eb,neural_bidir_seed2_eb,zz_known,192,7,0,0.024647392332553864,4096
neural_eb,neural_bidir_seed3_eb,zz_known,192,7,0,0.02465042844414711,4096
neural_eb,neural_bidir_seed4_eb,zz_known,192,7,0,0.024622835218906403,4096
constant_mean_prior,none,none,0,7,1,0.17084845900535583,4096
constant_median_prior,none,none,0,7,1,0.1654042750597,4096
summary_ridge_prior,none,none,0,7,1,0.09760704636573792,4096
product_affine_prior,none,none,0,7,1,0.11903414130210876,4096
exact_marginal_affine_prior,none,none,0,7,1,0.11557510495185852,4096
neural_prior,neural_bidir_seed0_prior,none,0,7,1,0.09705150127410889,4096
neural_prior,neural_bidir_seed1_prior,none,0,7,1,0.10013678669929504,4096
neural_prior,neural_bidir_seed2_prior,none,0,7,1,0.09703363478183746,4096
neural_prior,neural_bidir_seed3_prior,none,0,7,1,0.09708203375339508,4096
neural_prior,neural_bidir_seed4_prior,none,0,7,1,0.09601179510354996,4096
summary_ridge_eb,none,zz_known,12,7,1,0.07642535865306854,4096
neural_eb,neural_bidir_seed0_eb,zz_known,12,7,1,0.07681901752948761,4096
neural_eb,neural_bidir_seed1_eb,zz_known,12,7,1,0.07800048589706421,4096
neural_eb,neural_bidir_seed2_eb,zz_known,12,7,1,0.07680881768465042,4096
neural_eb,neural_bidir_seed3_eb,zz_known,12,7,1,0.07689223438501358,4096
neural_eb,neural_bidir_seed4_eb,zz_known,12,7,1,0.0763930082321167,4096
summary_ridge_eb,none,zz_known,16,7,1,0.06807789951562881,4096
neural_eb,neural_bidir_seed0_eb,zz_known,16,7,1,0.06761833280324936,4096
neural_eb,neural_bidir_seed1_eb,zz_known,16,7,1,0.06847325712442398,4096
neural_eb,neural_bidir_seed2_eb,zz_known,16,7,1,0.06763824820518494,4096
neural_eb,neural_bidir_seed3_eb,zz_known,16,7,1,0.067699134349823,4096
neural_eb,neural_bidir_seed4_eb,zz_known,16,7,1,0.06732971221208572,4096
constant_mean_eb,none,zz_known,20,7,1,0.07426333427429199,4096
summary_ridge_eb,none,zz_known,20,7,1,0.06198755279183388,4096
neural_eb,neural_bidir_seed0_eb,zz_known,20,7,1,0.06235163286328316,4096
neural_eb,neural_bidir_seed1_eb,zz_known,20,7,1,0.06313303858041763,4096
neural_eb,neural_bidir_seed2_eb,zz_known,20,7,1,0.06239284202456474,4096
neural_eb,neural_bidir_seed3_eb,zz_known,20,7,1,0.062398042529821396,4096
neural_eb,neural_bidir_seed4_eb,zz_known,20,7,1,0.06214362382888794,4096
dfe,none,zz_known,24,7,1,0.07405552268028259,0
constant_mean_eb,none,zz_known,24,7,1,0.06919819861650467,4096
neural_eb,neural_bidir_seed0_eb,zz_known,24,7,1,0.059798553586006165,4096
neural_eb,neural_bidir_seed1_eb,zz_known,24,7,1,0.06039978191256523,4096
neural_eb,neural_bidir_seed2_eb,zz_known,24,7,1,0.059797242283821106,4096
neural_eb,neural_bidir_seed3_eb,zz_known,24,7,1,0.05986248701810837,4096
neural_eb,neural_bidir_seed4_eb,zz_known,24,7,1,0.05959184840321541,4096
dfe,none,zz_known,28,7,1,0.06905714422464371,0
summary_ridge_eb,none,zz_known,28,7,1,0.05738503113389015,4096
dfe,none,zz_known,32,7,1,0.06351783871650696,0
constant_mean_eb,none,zz_known,32,7,1,0.060299843549728394,4096
summary_ridge_eb,none,zz_known,32,7,1,0.05321546643972397,4096
neural_eb,neural_bidir_seed0_eb,zz_known,32,7,1,0.0532585084438324,4096
neural_eb,neural_bidir_seed1_eb,zz_known,32,7,1,0.053706299513578415,4096
neural_eb,neural_bidir_seed2_eb,zz_known,32,7,1,0.053261082619428635,4096
neural_eb,neural_bidir_seed3_eb,zz_known,32,7,1,0.05326315015554428,4096
neural_eb,neural_bidir_seed4_eb,zz_known,32,7,1,0.05306342989206314,4096
constant_mean_eb,none,zz_known,36,7,1,0.05804939568042755,4096
summary_ridge_eb,none,zz_known,36,7,1,0.05186781659722328,4096
neural_eb,neural_bidir_seed0_eb,zz_known,36,7,1,0.05229317396879196,4096
neural_eb,neural_bidir_seed1_eb,zz_known,36,7,1,0.052706677466630936,4096
neural_eb,neural_bidir_seed2_eb,zz_known,36,7,1,0.05230206996202469,4096
neural_eb,neural_bidir_seed3_eb,zz_known,36,7,1,0.05224689841270447,4096
neural_eb,neural_bidir_seed4_eb,zz_known,36,7,1,0.05214371532201767,4096
dfe,none,zz_known,40,7,1,0.05747513473033905,0
neural_eb,neural_bidir_seed0_eb,zz_known,40,7,1,0.049406498670578,4096
neural_eb,neural_bidir_seed1_eb,zz_known,40,7,1,0.049782320857048035,4096
neural_eb,neural_bidir_seed2_eb,zz_known,40,7,1,0.04942332208156586,4096
neural_eb,neural_bidir_seed3_eb,zz_known,40,7,1,0.049430686980485916,4096
neural_eb,neural_bidir_seed4_eb,zz_known,40,7,1,0.04928789287805557,4096
dfe,none,zz_known,44,7,1,0.05355806648731232,0
constant_mean_eb,none,zz_known,44,7,1,0.05219423770904541,4096
summary_ridge_eb,none,zz_known,44,7,1,0.0471845343708992,4096
dfe,none,zz_known,48,7,1,0.051479849964380264,0
constant_mean_eb,none,zz_known,52,7,1,0.04855188727378845,4096
neural_eb,neural_bidir_seed0_eb,zz_known,52,7,1,0.04509798809885979,4096
neural_eb,neural_bidir_seed1_eb,zz_known,52,7,1,0.04536989703774452,4096
neural_eb,neural_bidir_seed2_eb,zz_known,52,7,1,0.04510486125946045,4096
neural_eb,neural_bidir_seed3_eb,zz_known,52,7,1,0.04510747641324997,4096
neural_eb,neural_bidir_seed4_eb,zz_known,52,7,1,0.04499749839305878,4096
dfe,none,zz_known,56,7,1,0.047486886382102966,0
summary_ridge_eb,none,zz_known,56,7,1,0.043058693408966064,4096
constant_mean_eb,none,zz_known,64,7,1,0.04495692253112793,4096
dfe,none,zz_known,68,7,1,0.043132297694683075,0
summary_ridge_eb,none,zz_known,72,7,1,0.03859852999448776,4096
neural_eb,neural_bidir_seed0_eb,zz_known,72,7,1,0.03903678059577942,4096
neural_eb,neural_bidir_seed1_eb,zz_known,72,7,1,0.03921269252896309,4096
neural_eb,neural_bidir_seed2_eb,zz_known,72,7,1,0.03904905915260315,4096
neural_eb,neural_bidir_seed3_eb,zz_known,72,7,1,0.03906254842877388,4096
neural_eb,neural_bidir_seed4_eb,zz_known,72,7,1,0.03899514675140381,4096
constant_mean_eb,none,zz_known,80,7,1,0.03895660489797592,4096
dfe,none,zz_known,84,7,1,0.03963489830493927,0
summary_ridge_eb,none,zz_known,96,7,1,0.034555211663246155,4096
neural_eb,neural_bidir_seed0_eb,zz_known,96,7,1,0.03468521684408188,4096
neural_eb,neural_bidir_seed1_eb,zz_known,96,7,1,0.03481953591108322,4096
neural_eb,neural_bidir_seed2_eb,zz_known,96,7,1,0.034689195454120636,4096
neural_eb,neural_bidir_seed3_eb,zz_known,96,7,1,0.03468082845211029,4096
neural_eb,neural_bidir_seed4_eb,zz_known,96,7,1,0.034654803574085236,4096
dfe,none,zz_known,128,7,1,0.031858284026384354,0
constant_mean_eb,none,zz_known,128,7,1,0.03149552643299103,4096
dfe,none,zz_known,192,7,1,0.025996826589107513,0
constant_mean_eb,none,zz_known,192,7,1,0.02582269161939621,4096
summary_ridge_eb,none,zz_known,192,7,1,0.025306152179837227,4096
neural_eb,neural_bidir_seed0_eb,zz_known,192,7,1,0.025281822308897972,4096
neural_eb,neural_bidir_seed1_eb,zz_known,192,7,1,0.02532893978059292,4096
neural_eb,neural_bidir_seed2_eb,zz_known,192,7,1,0.02528868429362774,4096
neural_eb,neural_bidir_seed3_eb,zz_known,192,7,1,0.02529214881360531,4096
neural_eb,neural_bidir_seed4_eb,zz_known,192,7,1,0.025277994573116302,4096
constant_mean_prior,none,none,0,7,2,0.16992157697677612,4096
constant_median_prior,none,none,0,7,2,0.16567540168762207,4096
summary_ridge_prior,none,none,0,7,2,0.09371398389339447,4096
product_affine_prior,none,none,0,7,2,0.11558065563440323,4096
exact_marginal_affine_prior,none,none,0,7,2,0.11203666031360626,4096
neural_prior,neural_bidir_seed0_prior,none,0,7,2,0.09372138977050781,4096
neural_prior,neural_bidir_seed1_prior,none,0,7,2,0.09675195813179016,4096
neural_prior,neural_bidir_seed2_prior,none,0,7,2,0.09360724687576294,4096
neural_prior,neural_bidir_seed3_prior,none,0,7,2,0.09351013600826263,4096
neural_prior,neural_bidir_seed4_prior,none,0,7,2,0.09250844269990921,4096
summary_ridge_eb,none,zz_known,12,7,2,0.0747854933142662,4096
neural_eb,neural_bidir_seed0_eb,zz_known,12,7,2,0.07414771616458893,4096
neural_eb,neural_bidir_seed1_eb,zz_known,12,7,2,0.07530135661363602,4096
neural_eb,neural_bidir_seed2_eb,zz_known,12,7,2,0.07411743700504303,4096
neural_eb,neural_bidir_seed3_eb,zz_known,12,7,2,0.07406194508075714,4096
neural_eb,neural_bidir_seed4_eb,zz_known,12,7,2,0.07370031625032425,4096
summary_ridge_eb,none,zz_known,16,7,2,0.06715898215770721,4096
neural_eb,neural_bidir_seed0_eb,zz_known,16,7,2,0.06740187108516693,4096
neural_eb,neural_bidir_seed1_eb,zz_known,16,7,2,0.06838797777891159,4096
neural_eb,neural_bidir_seed2_eb,zz_known,16,7,2,0.06738418340682983,4096
neural_eb,neural_bidir_seed3_eb,zz_known,16,7,2,0.06726063042879105,4096
neural_eb,neural_bidir_seed4_eb,zz_known,16,7,2,0.06701438874006271,4096
constant_mean_eb,none,zz_known,20,7,2,0.07516079396009445,4096
summary_ridge_eb,none,zz_known,20,7,2,0.062046222388744354,4096
neural_eb,neural_bidir_seed0_eb,zz_known,20,7,2,0.061949729919433594,4096
neural_eb,neural_bidir_seed1_eb,zz_known,20,7,2,0.06278680264949799,4096
neural_eb,neural_bidir_seed2_eb,zz_known,20,7,2,0.061979517340660095,4096
neural_eb,neural_bidir_seed3_eb,zz_known,20,7,2,0.06197638064622879,4096
neural_eb,neural_bidir_seed4_eb,zz_known,20,7,2,0.06167951598763466,4096
dfe,none,zz_known,24,7,2,0.07412082701921463,0
constant_mean_eb,none,zz_known,24,7,2,0.07034047693014145,4096
neural_eb,neural_bidir_seed0_eb,zz_known,24,7,2,0.059718161821365356,4096
neural_eb,neural_bidir_seed1_eb,zz_known,24,7,2,0.06043430417776108,4096
neural_eb,neural_bidir_seed2_eb,zz_known,24,7,2,0.0596935972571373,4096
neural_eb,neural_bidir_seed3_eb,zz_known,24,7,2,0.05963283032178879,4096
neural_eb,neural_bidir_seed4_eb,zz_known,24,7,2,0.05946343392133713,4096
dfe,none,zz_known,28,7,2,0.06982177495956421,0
summary_ridge_eb,none,zz_known,28,7,2,0.056193675845861435,4096
dfe,none,zz_known,32,7,2,0.06372272223234177,0
constant_mean_eb,none,zz_known,32,7,2,0.060708772391080856,4096
summary_ridge_eb,none,zz_known,32,7,2,0.05282175540924072,4096
neural_eb,neural_bidir_seed0_eb,zz_known,32,7,2,0.05249164253473282,4096
neural_eb,neural_bidir_seed1_eb,zz_known,32,7,2,0.053019486367702484,4096
neural_eb,neural_bidir_seed2_eb,zz_known,32,7,2,0.052484314888715744,4096
neural_eb,neural_bidir_seed3_eb,zz_known,32,7,2,0.052482541650533676,4096
neural_eb,neural_bidir_seed4_eb,zz_known,32,7,2,0.05228529870510101,4096
constant_mean_eb,none,zz_known,36,7,2,0.057522617280483246,4096
summary_ridge_eb,none,zz_known,36,7,2,0.050098761916160583,4096
neural_eb,neural_bidir_seed0_eb,zz_known,36,7,2,0.05069489777088165,4096
neural_eb,neural_bidir_seed1_eb,zz_known,36,7,2,0.0511898398399353,4096
neural_eb,neural_bidir_seed2_eb,zz_known,36,7,2,0.050679150968790054,4096
neural_eb,neural_bidir_seed3_eb,zz_known,36,7,2,0.05061589553952217,4096
neural_eb,neural_bidir_seed4_eb,zz_known,36,7,2,0.05054064095020294,4096
dfe,none,zz_known,40,7,2,0.05738452821969986,0
neural_eb,neural_bidir_seed0_eb,zz_known,40,7,2,0.04948202893137932,4096
neural_eb,neural_bidir_seed1_eb,zz_known,40,7,2,0.049918100237846375,4096
neural_eb,neural_bidir_seed2_eb,zz_known,40,7,2,0.04950166493654251,4096
neural_eb,neural_bidir_seed3_eb,zz_known,40,7,2,0.04946082457900047,4096
neural_eb,neural_bidir_seed4_eb,zz_known,40,7,2,0.049352869391441345,4096
dfe,none,zz_known,44,7,2,0.05517188459634781,0
constant_mean_eb,none,zz_known,44,7,2,0.05350211262702942,4096
summary_ridge_eb,none,zz_known,44,7,2,0.04726269841194153,4096
dfe,none,zz_known,48,7,2,0.05151479318737984,0
constant_mean_eb,none,zz_known,52,7,2,0.04786118119955063,4096
neural_eb,neural_bidir_seed0_eb,zz_known,52,7,2,0.043484270572662354,4096
neural_eb,neural_bidir_seed1_eb,zz_known,52,7,2,0.04377281665802002,4096
neural_eb,neural_bidir_seed2_eb,zz_known,52,7,2,0.043477799743413925,4096
neural_eb,neural_bidir_seed3_eb,zz_known,52,7,2,0.04344278573989868,4096
neural_eb,neural_bidir_seed4_eb,zz_known,52,7,2,0.04338119551539421,4096
dfe,none,zz_known,56,7,2,0.047791603952646255,0
summary_ridge_eb,none,zz_known,56,7,2,0.04324772208929062,4096
constant_mean_eb,none,zz_known,64,7,2,0.043930113315582275,4096
dfe,none,zz_known,68,7,2,0.043448351323604584,0
summary_ridge_eb,none,zz_known,72,7,2,0.039189357310533524,4096
neural_eb,neural_bidir_seed0_eb,zz_known,72,7,2,0.03913262486457825,4096
neural_eb,neural_bidir_seed1_eb,zz_known,72,7,2,0.039325788617134094,4096
neural_eb,neural_bidir_seed2_eb,zz_known,72,7,2,0.03912866860628128,4096
neural_eb,neural_bidir_seed3_eb,zz_known,72,7,2,0.03911851346492767,4096
neural_eb,neural_bidir_seed4_eb,zz_known,72,7,2,0.0390351265668869,4096
constant_mean_eb,none,zz_known,80,7,2,0.03974350169301033,4096
dfe,none,zz_known,84,7,2,0.039459794759750366,0
summary_ridge_eb,none,zz_known,96,7,2,0.034117572009563446,4096
neural_eb,neural_bidir_seed0_eb,zz_known,96,7,2,0.034450631588697433,4096
neural_eb,neural_bidir_seed1_eb,zz_known,96,7,2,0.03461185097694397,4096
neural_eb,neural_bidir_seed2_eb,zz_known,96,7,2,0.03444841504096985,4096
neural_eb,neural_bidir_seed3_eb,zz_known,96,7,2,0.034416161477565765,4096
neural_eb,neural_bidir_seed4_eb,zz_known,96,7,2,0.034392427653074265,4096
dfe,none,zz_known,128,7,2,0.03166370093822479,0
constant_mean_eb,none,zz_known,128,7,2,0.031183551996946335,4096
dfe,none,zz_known,192,7,2,0.02544303610920906,0
constant_mean_eb,none,zz_known,192,7,2,0.0252052191644907,4096
summary_ridge_eb,none,zz_known,192,7,2,0.02458835393190384,4096
neural_eb,neural_bidir_seed0_eb,zz_known,192,7,2,0.02459533140063286,4096
neural_eb,neural_bidir_seed1_eb,zz_known,192,7,2,0.024637926369905472,4096
neural_eb,neural_bidir_seed2_eb,zz_known,192,7,2,0.02458808943629265,4096
neural_eb,neural_bidir_seed3_eb,zz_known,192,7,2,0.024597292765975,4096
neural_eb,neural_bidir_seed4_eb,zz_known,192,7,2,0.024581752717494965,4096
constant_mean_prior,none,none,0,7,3,0.17173068225383759,4096
constant_median_prior,none,none,0,7,3,0.16626541316509247,4096
summary_ridge_prior,none,none,0,7,3,0.09360119700431824,4096
product_affine_prior,none,none,0,7,3,0.11805455386638641,4096
exact_marginal_affine_prior,none,none,0,7,3,0.11438804864883423,4096
neural_prior,neural_bidir_seed0_prior,none,0,7,3,0.09406480193138123,4096
neural_prior,neural_bidir_seed1_prior,none,0,7,3,0.0971764400601387,4096
neural_prior,neural_bidir_seed2_prior,none,0,7,3,0.09403414279222488,4096
neural_prior,neural_bidir_seed3_prior,none,0,7,3,0.09404832124710083,4096
neural_prior,neural_bidir_seed4_prior,none,0,7,3,0.09270688891410828,4096
summary_ridge_eb,none,zz_known,12,7,3,0.07369451224803925,4096
neural_eb,neural_bidir_seed0_eb,zz_known,12,7,3,0.07458098232746124,4096
neural_eb,neural_bidir_seed1_eb,zz_known,12,7,3,0.07571078836917877,4096
neural_eb,neural_bidir_seed2_eb,zz_known,12,7,3,0.07463487982749939,4096
neural_eb,neural_bidir_seed3_eb,zz_known,12,7,3,0.07456985861063004,4096
neural_eb,neural_bidir_seed4_eb,zz_known,12,7,3,0.07408305257558823,4096
summary_ridge_eb,none,zz_known,16,7,3,0.06752023100852966,4096
neural_eb,neural_bidir_seed0_eb,zz_known,16,7,3,0.0677221268415451,4096
neural_eb,neural_bidir_seed1_eb,zz_known,16,7,3,0.06868398189544678,4096
neural_eb,neural_bidir_seed2_eb,zz_known,16,7,3,0.06774429231882095,4096
neural_eb,neural_bidir_seed3_eb,zz_known,16,7,3,0.06770432740449905,4096
neural_eb,neural_bidir_seed4_eb,zz_known,16,7,3,0.06727506220340729,4096
constant_mean_eb,none,zz_known,20,7,3,0.07436446845531464,4096
summary_ridge_eb,none,zz_known,20,7,3,0.06198285520076752,4096
neural_eb,neural_bidir_seed0_eb,zz_known,20,7,3,0.06258693337440491,4096
neural_eb,neural_bidir_seed1_eb,zz_known,20,7,3,0.0633123591542244,4096
neural_eb,neural_bidir_seed2_eb,zz_known,20,7,3,0.06262817978858948,4096
neural_eb,neural_bidir_seed3_eb,zz_known,20,7,3,0.06262072175741196,4096
neural_eb,neural_bidir_seed4_eb,zz_known,20,7,3,0.06225276365876198,4096
dfe,none,zz_known,24,7,3,0.07339473813772202,0
constant_mean_eb,none,zz_known,24,7,3,0.06897448003292084,4096
neural_eb,neural_bidir_seed0_eb,zz_known,24,7,3,0.05850888788700104,4096
neural_eb,neural_bidir_seed1_eb,zz_known,24,7,3,0.05916214734315872,4096
neural_eb,neural_bidir_seed2_eb,zz_known,24,7,3,0.05853812396526337,4096
neural_eb,neural_bidir_seed3_eb,zz_known,24,7,3,0.058489371091127396,4096
neural_eb,neural_bidir_seed4_eb,zz_known,24,7,3,0.05820655822753906,4096
dfe,none,zz_known,28,7,3,0.06739840656518936,0
summary_ridge_eb,none,zz_known,28,7,3,0.054940126836299896,4096
dfe,none,zz_known,32,7,3,0.06458145380020142,0
constant_mean_eb,none,zz_known,32,7,3,0.061363473534584045,4096
summary_ridge_eb,none,zz_known,32,7,3,0.05400596559047699,4096
neural_eb,neural_bidir_seed0_eb,zz_known,32,7,3,0.05388128384947777,4096
neural_eb,neural_bidir_seed1_eb,zz_known,32,7,3,0.05434314161539078,4096
neural_eb,neural_bidir_seed2_eb,zz_known,32,7,3,0.053910158574581146,4096
neural_eb,neural_bidir_seed3_eb,zz_known,32,7,3,0.05391347408294678,4096
neural_eb,neural_bidir_seed4_eb,zz_known,32,7,3,0.053676705807447433,4096
constant_mean_eb,none,zz_known,36,7,3,0.05780988931655884,4096
summary_ridge_eb,none,zz_known,36,7,3,0.05136620253324509,4096
neural_eb,neural_bidir_seed0_eb,zz_known,36,7,3,0.051464617252349854,4096
neural_eb,neural_bidir_seed1_eb,zz_known,36,7,3,0.05187112092971802,4096
neural_eb,neural_bidir_seed2_eb,zz_known,36,7,3,0.05148923397064209,4096
neural_eb,neural_bidir_seed3_eb,zz_known,36,7,3,0.051444388926029205,4096
neural_eb,neural_bidir_seed4_eb,zz_known,36,7,3,0.05122475326061249,4096
dfe,none,zz_known,40,7,3,0.05589355528354645,0
neural_eb,neural_bidir_seed0_eb,zz_known,40,7,3,0.04816904664039612,4096
neural_eb,neural_bidir_seed1_eb,zz_known,40,7,3,0.048532117158174515,4096
neural_eb,neural_bidir_seed2_eb,zz_known,40,7,3,0.048208676278591156,4096
neural_eb,neural_bidir_seed3_eb,zz_known,40,7,3,0.04818778857588768,4096
neural_eb,neural_bidir_seed4_eb,zz_known,40,7,3,0.047992780804634094,4096
dfe,none,zz_known,44,7,3,0.054420460015535355,0
constant_mean_eb,none,zz_known,44,7,3,0.05271570757031441,4096
summary_ridge_eb,none,zz_known,44,7,3,0.04733017086982727,4096
dfe,none,zz_known,48,7,3,0.052933476865291595,0
constant_mean_eb,none,zz_known,52,7,3,0.04836319759488106,4096
neural_eb,neural_bidir_seed0_eb,zz_known,52,7,3,0.04440399259328842,4096
neural_eb,neural_bidir_seed1_eb,zz_known,52,7,3,0.044652923941612244,4096
neural_eb,neural_bidir_seed2_eb,zz_known,52,7,3,0.04441355913877487,4096
neural_eb,neural_bidir_seed3_eb,zz_known,52,7,3,0.04440504312515259,4096
neural_eb,neural_bidir_seed4_eb,zz_known,52,7,3,0.04428354650735855,4096
dfe,none,zz_known,56,7,3,0.048609260469675064,0
summary_ridge_eb,none,zz_known,56,7,3,0.043530456721782684,4096
constant_mean_eb,none,zz_known,64,7,3,0.04462941735982895,4096
dfe,none,zz_known,68,7,3,0.043756771832704544,0
summary_ridge_eb,none,zz_known,72,7,3,0.03787335008382797,4096
neural_eb,neural_bidir_seed0_eb,zz_known,72,7,3,0.03803874924778938,4096
neural_eb,neural_bidir_seed1_eb,zz_known,72,7,3,0.03819901496171951,4096
neural_eb,neural_bidir_seed2_eb,zz_known,72,7,3,0.03802426904439926,4096
neural_eb,neural_bidir_seed3_eb,zz_known,72,7,3,0.03801269084215164,4096
neural_eb,neural_bidir_seed4_eb,zz_known,72,7,3,0.03795437514781952,4096
constant_mean_eb,none,zz_known,80,7,3,0.03961117938160896,4096
dfe,none,zz_known,84,7,3,0.03926189988851547,0
summary_ridge_eb,none,zz_known,96,7,3,0.03497787192463875,4096
neural_eb,neural_bidir_seed0_eb,zz_known,96,7,3,0.03505224734544754,4096
neural_eb,neural_bidir_seed1_eb,zz_known,96,7,3,0.035179972648620605,4096
neural_eb,neural_bidir_seed2_eb,zz_known,96,7,3,0.035057663917541504,4096
neural_eb,neural_bidir_seed3_eb,zz_known,96,7,3,0.035042956471443176,4096
neural_eb,neural_bidir_seed4_eb,zz_known,96,7,3,0.034999508410692215,4096
dfe,none,zz_known,128,7,3,0.03134995698928833,0
constant_mean_eb,none,zz_known,128,7,3,0.03097117319703102,4096
dfe,none,zz_known,192,7,3,0.02574058622121811,0
constant_mean_eb,none,zz_known,192,7,3,0.025527678430080414,4096
summary_ridge_eb,none,zz_known,192,7,3,0.024921471253037453,4096
neural_eb,neural_bidir_seed0_eb,zz_known,192,7,3,0.024934662505984306,4096
neural_eb,neural_bidir_seed1_eb,zz_known,192,7,3,0.024966999888420105,4096
neural_eb,neural_bidir_seed2_eb,zz_known,192,7,3,0.02493152767419815,4096
neural_eb,neural_bidir_seed3_eb,zz_known,192,7,3,0.024936970323324203,4096
neural_eb,neural_bidir_seed4_eb,zz_known,192,7,3,0.02490426041185856,4096
constant_mean_prior,none,none,0,7,4,0.17276906967163086,4096
constant_median_prior,none,none,0,7,4,0.17310790717601776,4096
summary_ridge_prior,none,none,0,7,4,0.09597256779670715,4096
product_affine_prior,none,none,0,7,4,0.12202431261539459,4096
exact_marginal_affine_prior,none,none,0,7,4,0.11851383745670319,4096
neural_prior,neural_bidir_seed0_prior,none,0,7,4,0.10045099258422852,4096
neural_prior,neural_bidir_seed1_prior,none,0,7,4,0.10360421240329742,4096
neural_prior,neural_bidir_seed2_prior,none,0,7,4,0.10043315589427948,4096
neural_prior,neural_bidir_seed3_prior,none,0,7,4,0.10038933902978897,4096
neural_prior,neural_bidir_seed4_prior,none,0,7,4,0.09924011677503586,4096
summary_ridge_eb,none,zz_known,12,7,4,0.07514893263578415,4096
neural_eb,neural_bidir_seed0_eb,zz_known,12,7,4,0.07665809988975525,4096
neural_eb,neural_bidir_seed1_eb,zz_known,12,7,4,0.07761918008327484,4096
neural_eb,neural_bidir_seed2_eb,zz_known,12,7,4,0.07667986303567886,4096
neural_eb,neural_bidir_seed3_eb,zz_known,12,7,4,0.07665438950061798,4096
neural_eb,neural_bidir_seed4_eb,zz_known,12,7,4,0.07622191309928894,4096
summary_ridge_eb,none,zz_known,16,7,4,0.06818020343780518,4096
neural_eb,neural_bidir_seed0_eb,zz_known,16,7,4,0.06968569755554199,4096
neural_eb,neural_bidir_seed1_eb,zz_known,16,7,4,0.0704556405544281,4096
neural_eb,neural_bidir_seed2_eb,zz_known,16,7,4,0.06968138366937637,4096
neural_eb,neural_bidir_seed3_eb,zz_known,16,7,4,0.06965519487857819,4096
neural_eb,neural_bidir_seed4_eb,zz_known,16,7,4,0.06934409588575363,4096
constant_mean_eb,none,zz_known,20,7,4,0.07586619257926941,4096
summary_ridge_eb,none,zz_known,20,7,4,0.06352062523365021,4096
neural_eb,neural_bidir_seed0_eb,zz_known,20,7,4,0.06475436687469482,4096
neural_eb,neural_bidir_seed1_eb,zz_known,20,7,4,0.06541580706834793,4096
neural_eb,neural_bidir_seed2_eb,zz_known,20,7,4,0.06479397416114807,4096
neural_eb,neural_bidir_seed3_eb,zz_known,20,7,4,0.0647389367222786,4096
neural_eb,neural_bidir_seed4_eb,zz_known,20,7,4,0.06448526680469513,4096
dfe,none,zz_known,24,7,4,0.07389914989471436,0
constant_mean_eb,none,zz_known,24,7,4,0.06903215497732162,4096
neural_eb,neural_bidir_seed0_eb,zz_known,24,7,4,0.0608135387301445,4096
neural_eb,neural_bidir_seed1_eb,zz_known,24,7,4,0.061353087425231934,4096
neural_eb,neural_bidir_seed2_eb,zz_known,24,7,4,0.0607931911945343,4096
neural_eb,neural_bidir_seed3_eb,zz_known,24,7,4,0.060755617916584015,4096
neural_eb,neural_bidir_seed4_eb,zz_known,24,7,4,0.060581281781196594,4096
dfe,none,zz_known,28,7,4,0.06802374124526978,0
summary_ridge_eb,none,zz_known,28,7,4,0.05597573518753052,4096
dfe,none,zz_known,32,7,4,0.06390730291604996,0
constant_mean_eb,none,zz_known,32,7,4,0.061333898454904556,4096
summary_ridge_eb,none,zz_known,32,7,4,0.05434422940015793,4096
neural_eb,neural_bidir_seed0_eb,zz_known,32,7,4,0.05491246283054352,4096
neural_eb,neural_bidir_seed1_eb,zz_known,32,7,4,0.05536026135087013,4096
neural_eb,neural_bidir_seed2_eb,zz_known,32,7,4,0.054919593036174774,4096
neural_eb,neural_bidir_seed3_eb,zz_known,32,7,4,0.05488964915275574,4096
neural_eb,neural_bidir_seed4_eb,zz_known,32,7,4,0.054734453558921814,4096
constant_mean_eb,none,zz_known,36,7,4,0.05772307515144348,4096
summary_ridge_eb,none,zz_known,36,7,4,0.05166487395763397,4096
neural_eb,neural_bidir_seed0_eb,zz_known,36,7,4,0.05201513320207596,4096
neural_eb,neural_bidir_seed1_eb,zz_known,36,7,4,0.05236997455358505,4096
neural_eb,neural_bidir_seed2_eb,zz_known,36,7,4,0.05201784148812294,4096
neural_eb,neural_bidir_seed3_eb,zz_known,36,7,4,0.05202488601207733,4096
neural_eb,neural_bidir_seed4_eb,zz_known,36,7,4,0.0518605075776577,4096
dfe,none,zz_known,40,7,4,0.0578448623418808,0
neural_eb,neural_bidir_seed0_eb,zz_known,40,7,4,0.05084642022848129,4096
neural_eb,neural_bidir_seed1_eb,zz_known,40,7,4,0.05115152895450592,4096
neural_eb,neural_bidir_seed2_eb,zz_known,40,7,4,0.050867363810539246,4096
neural_eb,neural_bidir_seed3_eb,zz_known,40,7,4,0.050850704312324524,4096
neural_eb,neural_bidir_seed4_eb,zz_known,40,7,4,0.0507039837539196,4096
dfe,none,zz_known,44,7,4,0.055001769214868546,0
constant_mean_eb,none,zz_known,44,7,4,0.053627125918865204,4096
summary_ridge_eb,none,zz_known,44,7,4,0.04840408265590668,4096
dfe,none,zz_known,48,7,4,0.05108723044395447,0
constant_mean_eb,none,zz_known,52,7,4,0.04823397845029831,4096
neural_eb,neural_bidir_seed0_eb,zz_known,52,7,4,0.04514269903302193,4096
neural_eb,neural_bidir_seed1_eb,zz_known,52,7,4,0.04535570368170738,4096
neural_eb,neural_bidir_seed2_eb,zz_known,52,7,4,0.04514942690730095,4096
neural_eb,neural_bidir_seed3_eb,zz_known,52,7,4,0.04512680694460869,4096
neural_eb,neural_bidir_seed4_eb,zz_known,52,7,4,0.04505635425448418,4096
dfe,none,zz_known,56,7,4,0.04887267202138901,0
summary_ridge_eb,none,zz_known,56,7,4,0.04375629127025604,4096
constant_mean_eb,none,zz_known,64,7,4,0.04414945840835571,4096
dfe,none,zz_known,68,7,4,0.04356005787849426,0
summary_ridge_eb,none,zz_known,72,7,4,0.03889124095439911,4096
neural_eb,neural_bidir_seed0_eb,zz_known,72,7,4,0.03935502469539642,4096
neural_eb,neural_bidir_seed1_eb,zz_known,72,7,4,0.03950924798846245,4096
neural_eb,neural_bidir_seed2_eb,zz_known,72,7,4,0.03936145454645157,4096
neural_eb,neural_bidir_seed3_eb,zz_known,72,7,4,0.03934561088681221,4096
neural_eb,neural_bidir_seed4_eb,zz_known,72,7,4,0.039276231080293655,4096
constant_mean_eb,none,zz_known,80,7,4,0.0390634685754776,4096
dfe,none,zz_known,84,7,4,0.0403934083878994,0
summary_ridge_eb,none,zz_known,96,7,4,0.03374876827001572,4096
neural_eb,neural_bidir_seed0_eb,zz_known,96,7,4,0.033669307827949524,4096
neural_eb,neural_bidir_seed1_eb,zz_known,96,7,4,0.03375981003046036,4096
neural_eb,neural_bidir_seed2_eb,zz_known,96,7,4,0.03366591036319733,4096
neural_eb,neural_bidir_seed3_eb,zz_known,96,7,4,0.03368806838989258,4096
neural_eb,neural_bidir_seed4_eb,zz_known,96,7,4,0.03362830728292465,4096
dfe,none,zz_known,128,7,4,0.03175690025091171,0
constant_mean_eb,none,zz_known,128,7,4,0.03144753724336624,4096
dfe,none,zz_known,192,7,4,0.025902817025780678,0
constant_mean_eb,none,zz_known,192,7,4,0.025747613981366158,4096
summary_ridge_eb,none,zz_known,192,7,4,0.02510771155357361,4096
neural_eb,neural_bidir_seed0_eb,zz_known,192,7,4,0.02515539526939392,4096
neural_eb,neural_bidir_seed1_eb,zz_known,192,7,4,0.02519715577363968,4096
neural_eb,neural_bidir_seed2_eb,zz_known,192,7,4,0.025156620889902115,4096
neural_eb,neural_bidir_seed3_eb,zz_known,192,7,4,0.025150928646326065,4096
neural_eb,neural_bidir_seed4_eb,zz_known,192,7,4,0.025137415155768394,4096
constant_mean_prior,none,none,0,8,0,0.16584213078022003,4096
constant_median_prior,none,none,0,8,0,0.17303219437599182,4096
summary_ridge_prior,none,none,0,8,0,0.10592548549175262,4096
product_affine_prior,none,none,0,8,0,0.11325706541538239,4096
exact_marginal_affine_prior,none,none,0,8,0,0.11013757437467575,4096
neural_prior,neural_bidir_seed0_prior,none,0,8,0,0.09032437950372696,4096
neural_prior,neural_bidir_seed1_prior,none,0,8,0,0.09383697807788849,4096
neural_prior,neural_bidir_seed2_prior,none,0,8,0,0.09025029093027115,4096
neural_prior,neural_bidir_seed3_prior,none,0,8,0,0.09037500619888306,4096
neural_prior,neural_bidir_seed4_prior,none,0,8,0,0.08996559679508209,4096
summary_ridge_eb,none,zz_known,12,8,0,0.0817655622959137,4096
neural_eb,neural_bidir_seed0_eb,zz_known,12,8,0,0.07509645819664001,4096
neural_eb,neural_bidir_seed1_eb,zz_known,12,8,0,0.07623709738254547,4096
neural_eb,neural_bidir_seed2_eb,zz_known,12,8,0,0.07507668435573578,4096
neural_eb,neural_bidir_seed3_eb,zz_known,12,8,0,0.07538043707609177,4096
neural_eb,neural_bidir_seed4_eb,zz_known,12,8,0,0.07486534863710403,4096
summary_ridge_eb,none,zz_known,16,8,0,0.07099111378192902,4096
neural_eb,neural_bidir_seed0_eb,zz_known,16,8,0,0.06658381223678589,4096
neural_eb,neural_bidir_seed1_eb,zz_known,16,8,0,0.06769905984401703,4096
neural_eb,neural_bidir_seed2_eb,zz_known,16,8,0,0.06662087887525558,4096
neural_eb,neural_bidir_seed3_eb,zz_known,16,8,0,0.0667780339717865,4096
neural_eb,neural_bidir_seed4_eb,zz_known,16,8,0,0.06650908291339874,4096
constant_mean_eb,none,zz_known,20,8,0,0.07418497651815414,4096
summary_ridge_eb,none,zz_known,20,8,0,0.06597642600536346,4096
neural_eb,neural_bidir_seed0_eb,zz_known,20,8,0,0.062048930674791336,4096
neural_eb,neural_bidir_seed1_eb,zz_known,20,8,0,0.06286586076021194,4096
neural_eb,neural_bidir_seed2_eb,zz_known,20,8,0,0.06205938756465912,4096
neural_eb,neural_bidir_seed3_eb,zz_known,20,8,0,0.062242262065410614,4096
neural_eb,neural_bidir_seed4_eb,zz_known,20,8,0,0.06196622550487518,4096
dfe,none,zz_known,24,8,0,0.07391324639320374,0
constant_mean_eb,none,zz_known,24,8,0,0.06863624602556229,4096
neural_eb,neural_bidir_seed0_eb,zz_known,24,8,0,0.05842661112546921,4096
neural_eb,neural_bidir_seed1_eb,zz_known,24,8,0,0.05917254835367203,4096
neural_eb,neural_bidir_seed2_eb,zz_known,24,8,0,0.05845596641302109,4096
neural_eb,neural_bidir_seed3_eb,zz_known,24,8,0,0.05857434868812561,4096
neural_eb,neural_bidir_seed4_eb,zz_known,24,8,0,0.05837826430797577,4096
dfe,none,zz_known,28,8,0,0.06932900100946426,0
summary_ridge_eb,none,zz_known,28,8,0,0.05858321487903595,4096
dfe,none,zz_known,32,8,0,0.06387761235237122,0
constant_mean_eb,none,zz_known,32,8,0,0.06073012202978134,4096
summary_ridge_eb,none,zz_known,32,8,0,0.05616571381688118,4096
neural_eb,neural_bidir_seed0_eb,zz_known,32,8,0,0.053306251764297485,4096
neural_eb,neural_bidir_seed1_eb,zz_known,32,8,0,0.0538187101483345,4096
neural_eb,neural_bidir_seed2_eb,zz_known,32,8,0,0.053357575088739395,4096
neural_eb,neural_bidir_seed3_eb,zz_known,32,8,0,0.05355224758386612,4096
neural_eb,neural_bidir_seed4_eb,zz_known,32,8,0,0.05328721925616264,4096
constant_mean_eb,none,zz_known,36,8,0,0.05776192992925644,4096
summary_ridge_eb,none,zz_known,36,8,0,0.05448115989565849,4096
neural_eb,neural_bidir_seed0_eb,zz_known,36,8,0,0.05177620053291321,4096
neural_eb,neural_bidir_seed1_eb,zz_known,36,8,0,0.05220334604382515,4096
neural_eb,neural_bidir_seed2_eb,zz_known,36,8,0,0.05183889716863632,4096
neural_eb,neural_bidir_seed3_eb,zz_known,36,8,0,0.05207676440477371,4096
neural_eb,neural_bidir_seed4_eb,zz_known,36,8,0,0.051779694855213165,4096
dfe,none,zz_known,40,8,0,0.05735673010349274,0
neural_eb,neural_bidir_seed0_eb,zz_known,40,8,0,0.05006103590130806,4096
neural_eb,neural_bidir_seed1_eb,zz_known,40,8,0,0.05048910528421402,4096
neural_eb,neural_bidir_seed2_eb,zz_known,40,8,0,0.050090059638023376,4096
neural_eb,neural_bidir_seed3_eb,zz_known,40,8,0,0.05027766153216362,4096
neural_eb,neural_bidir_seed4_eb,zz_known,40,8,0,0.050095874816179276,4096
dfe,none,zz_known,44,8,0,0.05424894765019417,0
constant_mean_eb,none,zz_known,44,8,0,0.05208456516265869,4096
summary_ridge_eb,none,zz_known,44,8,0,0.04897633567452431,4096
dfe,none,zz_known,48,8,0,0.052643440663814545,0
constant_mean_eb,none,zz_known,52,8,0,0.047975413501262665,4096
neural_eb,neural_bidir_seed0_eb,zz_known,52,8,0,0.04411257058382034,4096
neural_eb,neural_bidir_seed1_eb,zz_known,52,8,0,0.044405024498701096,4096
neural_eb,neural_bidir_seed2_eb,zz_known,52,8,0,0.044147662818431854,4096
neural_eb,neural_bidir_seed3_eb,zz_known,52,8,0,0.04425673559308052,4096
neural_eb,neural_bidir_seed4_eb,zz_known,52,8,0,0.04404669255018234,4096
dfe,none,zz_known,56,8,0,0.046669360250234604,0
summary_ridge_eb,none,zz_known,56,8,0,0.04372290521860123,4096
constant_mean_eb,none,zz_known,64,8,0,0.04410499334335327,4096
dfe,none,zz_known,68,8,0,0.04307959973812103,0
summary_ridge_eb,none,zz_known,72,8,0,0.04060687869787216,4096
neural_eb,neural_bidir_seed0_eb,zz_known,72,8,0,0.03933722525835037,4096
neural_eb,neural_bidir_seed1_eb,zz_known,72,8,0,0.03955945745110512,4096
neural_eb,neural_bidir_seed2_eb,zz_known,72,8,0,0.03934526443481445,4096
neural_eb,neural_bidir_seed3_eb,zz_known,72,8,0,0.039423055946826935,4096
neural_eb,neural_bidir_seed4_eb,zz_known,72,8,0,0.039316728711128235,4096
constant_mean_eb,none,zz_known,80,8,0,0.0399378277361393,4096
dfe,none,zz_known,84,8,0,0.03969002887606621,0
summary_ridge_eb,none,zz_known,96,8,0,0.03570731729269028,4096
neural_eb,neural_bidir_seed0_eb,zz_known,96,8,0,0.03520624712109566,4096
neural_eb,neural_bidir_seed1_eb,zz_known,96,8,0,0.03533915430307388,4096
neural_eb,neural_bidir_seed2_eb,zz_known,96,8,0,0.035239264369010925,4096
neural_eb,neural_bidir_seed3_eb,zz_known,96,8,0,0.03530406579375267,4096
neural_eb,neural_bidir_seed4_eb,zz_known,96,8,0,0.0352051705121994,4096
dfe,none,zz_known,128,8,0,0.03196685016155243,0
constant_mean_eb,none,zz_known,128,8,0,0.03149707242846489,4096
dfe,none,zz_known,192,8,0,0.02563815377652645,0
constant_mean_eb,none,zz_known,192,8,0,0.02553524449467659,4096
summary_ridge_eb,none,zz_known,192,8,0,0.024955101311206818,4096
neural_eb,neural_bidir_seed0_eb,zz_known,192,8,0,0.024766992777585983,4096
neural_eb,neural_bidir_seed1_eb,zz_known,192,8,0,0.02483557164669037,4096
neural_eb,neural_bidir_seed2_eb,zz_known,192,8,0,0.02478351816534996,4096
neural_eb,neural_bidir_seed3_eb,zz_known,192,8,0,0.02480688877403736,4096
neural_eb,neural_bidir_seed4_eb,zz_known,192,8,0,0.024771414697170258,4096
constant_mean_prior,none,none,0,8,1,0.16678372025489807,4096
constant_median_prior,none,none,0,8,1,0.16567540168762207,4096
summary_ridge_prior,none,none,0,8,1,0.10184402763843536,4096
product_affine_prior,none,none,0,8,1,0.11049345880746841,4096
exact_marginal_affine_prior,none,none,0,8,1,0.10722328722476959,4096
neural_prior,neural_bidir_seed0_prior,none,0,8,1,0.08736453950405121,4096
neural_prior,neural_bidir_seed1_prior,none,0,8,1,0.09080304205417633,4096
neural_prior,neural_bidir_seed2_prior,none,0,8,1,0.0872751772403717,4096
neural_prior,neural_bidir_seed3_prior,none,0,8,1,0.08726268261671066,4096
neural_prior,neural_bidir_seed4_prior,none,0,8,1,0.08690740168094635,4096
summary_ridge_eb,none,zz_known,12,8,1,0.07836858928203583,4096
neural_eb,neural_bidir_seed0_eb,zz_known,12,8,1,0.07339949905872345,4096
neural_eb,neural_bidir_seed1_eb,zz_known,12,8,1,0.07470549643039703,4096
neural_eb,neural_bidir_seed2_eb,zz_known,12,8,1,0.07328049838542938,4096
neural_eb,neural_bidir_seed3_eb,zz_known,12,8,1,0.07314534485340118,4096
neural_eb,neural_bidir_seed4_eb,zz_known,12,8,1,0.07319264113903046,4096
summary_ridge_eb,none,zz_known,16,8,1,0.07049766927957535,4096
neural_eb,neural_bidir_seed0_eb,zz_known,16,8,1,0.06612841784954071,4096
neural_eb,neural_bidir_seed1_eb,zz_known,16,8,1,0.06703103333711624,4096
neural_eb,neural_bidir_seed2_eb,zz_known,16,8,1,0.0660056471824646,4096
neural_eb,neural_bidir_seed3_eb,zz_known,16,8,1,0.0660320296883583,4096
neural_eb,neural_bidir_seed4_eb,zz_known,16,8,1,0.06592083722352982,4096
constant_mean_eb,none,zz_known,20,8,1,0.07461781054735184,4096
summary_ridge_eb,none,zz_known,20,8,1,0.0645885020494461,4096
neural_eb,neural_bidir_seed0_eb,zz_known,20,8,1,0.0619034580886364,4096
neural_eb,neural_bidir_seed1_eb,zz_known,20,8,1,0.06281086057424545,4096
neural_eb,neural_bidir_seed2_eb,zz_known,20,8,1,0.06187110394239426,4096
neural_eb,neural_bidir_seed3_eb,zz_known,20,8,1,0.06181700527667999,4096
neural_eb,neural_bidir_seed4_eb,zz_known,20,8,1,0.061766523867845535,4096
dfe,none,zz_known,24,8,1,0.07464088499546051,0
constant_mean_eb,none,zz_known,24,8,1,0.0700942650437355,4096
neural_eb,neural_bidir_seed0_eb,zz_known,24,8,1,0.05847647041082382,4096
neural_eb,neural_bidir_seed1_eb,zz_known,24,8,1,0.05909399688243866,4096
neural_eb,neural_bidir_seed2_eb,zz_known,24,8,1,0.0583731010556221,4096
neural_eb,neural_bidir_seed3_eb,zz_known,24,8,1,0.05842164531350136,4096
neural_eb,neural_bidir_seed4_eb,zz_known,24,8,1,0.058299608528614044,4096
dfe,none,zz_known,28,8,1,0.0684027224779129,0
summary_ridge_eb,none,zz_known,28,8,1,0.05859173834323883,4096
dfe,none,zz_known,32,8,1,0.06229414790868759,0
constant_mean_eb,none,zz_known,32,8,1,0.05949937179684639,4096
summary_ridge_eb,none,zz_known,32,8,1,0.053967513144016266,4096
neural_eb,neural_bidir_seed0_eb,zz_known,32,8,1,0.051823295652866364,4096
neural_eb,neural_bidir_seed1_eb,zz_known,32,8,1,0.05231263116002083,4096
neural_eb,neural_bidir_seed2_eb,zz_known,32,8,1,0.051803670823574066,4096
neural_eb,neural_bidir_seed3_eb,zz_known,32,8,1,0.051820315420627594,4096
neural_eb,neural_bidir_seed4_eb,zz_known,32,8,1,0.05170242488384247,4096
constant_mean_eb,none,zz_known,36,8,1,0.05733419209718704,4096
summary_ridge_eb,none,zz_known,36,8,1,0.051974836736917496,4096
neural_eb,neural_bidir_seed0_eb,zz_known,36,8,1,0.049844637513160706,4096
neural_eb,neural_bidir_seed1_eb,zz_known,36,8,1,0.050309598445892334,4096
neural_eb,neural_bidir_seed2_eb,zz_known,36,8,1,0.04984813928604126,4096
neural_eb,neural_bidir_seed3_eb,zz_known,36,8,1,0.04993229731917381,4096
neural_eb,neural_bidir_seed4_eb,zz_known,36,8,1,0.04979359358549118,4096
dfe,none,zz_known,40,8,1,0.055921733379364014,0
neural_eb,neural_bidir_seed0_eb,zz_known,40,8,1,0.04810243844985962,4096
neural_eb,neural_bidir_seed1_eb,zz_known,40,8,1,0.04851091653108597,4096
neural_eb,neural_bidir_seed2_eb,zz_known,40,8,1,0.048078179359436035,4096
neural_eb,neural_bidir_seed3_eb,zz_known,40,8,1,0.04814331233501434,4096
neural_eb,neural_bidir_seed4_eb,zz_known,40,8,1,0.04804917424917221,4096
dfe,none,zz_known,44,8,1,0.053870439529418945,0
constant_mean_eb,none,zz_known,44,8,1,0.05285953730344772,4096
summary_ridge_eb,none,zz_known,44,8,1,0.04854387044906616,4096
dfe,none,zz_known,48,8,1,0.05177345871925354,0
constant_mean_eb,none,zz_known,52,8,1,0.049038998782634735,4096
neural_eb,neural_bidir_seed0_eb,zz_known,52,8,1,0.04466040059924126,4096
neural_eb,neural_bidir_seed1_eb,zz_known,52,8,1,0.044957004487514496,4096
neural_eb,neural_bidir_seed2_eb,zz_known,52,8,1,0.04462812840938568,4096
neural_eb,neural_bidir_seed3_eb,zz_known,52,8,1,0.044626593589782715,4096
neural_eb,neural_bidir_seed4_eb,zz_known,52,8,1,0.04458870366215706,4096
dfe,none,zz_known,56,8,1,0.04815279692411423,0
summary_ridge_eb,none,zz_known,56,8,1,0.0441398099064827,4096
constant_mean_eb,none,zz_known,64,8,1,0.04349670559167862,4096
dfe,none,zz_known,68,8,1,0.04315267503261566,0
summary_ridge_eb,none,zz_known,72,8,1,0.039727963507175446,4096
neural_eb,neural_bidir_seed0_eb,zz_known,72,8,1,0.03896414116024971,4096
neural_eb,neural_bidir_seed1_eb,zz_known,72,8,1,0.03919138386845589,4096
neural_eb,neural_bidir_seed2_eb,zz_known,72,8,1,0.038947027176618576,4096
neural_eb,neural_bidir_seed3_eb,zz_known,72,8,1,0.0389566570520401,4096
neural_eb,neural_bidir_seed4_eb,zz_known,72,8,1,0.03893568366765976,4096
constant_mean_eb,none,zz_known,80,8,1,0.03956908732652664,4096
dfe,none,zz_known,84,8,1,0.03958453983068466,0
summary_ridge_eb,none,zz_known,96,8,1,0.03580440953373909,4096
neural_eb,neural_bidir_seed0_eb,zz_known,96,8,1,0.03526972606778145,4096
neural_eb,neural_bidir_seed1_eb,zz_known,96,8,1,0.03540109097957611,4096
neural_eb,neural_bidir_seed2_eb,zz_known,96,8,1,0.03524918854236603,4096
neural_eb,neural_bidir_seed3_eb,zz_known,96,8,1,0.03527479246258736,4096
neural_eb,neural_bidir_seed4_eb,zz_known,96,8,1,0.03520893305540085,4096
dfe,none,zz_known,128,8,1,0.03186893090605736,0
constant_mean_eb,none,zz_known,128,8,1,0.031334660947322845,4096
dfe,none,zz_known,192,8,1,0.02603527531027794,0
constant_mean_eb,none,zz_known,192,8,1,0.02582627907395363,4096
summary_ridge_eb,none,zz_known,192,8,1,0.025377726182341576,4096
neural_eb,neural_bidir_seed0_eb,zz_known,192,8,1,0.025043800473213196,4096
neural_eb,neural_bidir_seed1_eb,zz_known,192,8,1,0.02508934773504734,4096
neural_eb,neural_bidir_seed2_eb,zz_known,192,8,1,0.025044357404112816,4096
neural_eb,neural_bidir_seed3_eb,zz_known,192,8,1,0.025055769830942154,4096
neural_eb,neural_bidir_seed4_eb,zz_known,192,8,1,0.025033848360180855,4096
constant_mean_prior,none,none,0,8,2,0.16567540168762207,4096
constant_median_prior,none,none,0,8,2,0.17098689079284668,4096
summary_ridge_prior,none,none,0,8,2,0.10861988365650177,4096
product_affine_prior,none,none,0,8,2,0.11325196921825409,4096
exact_marginal_affine_prior,none,none,0,8,2,0.11010804772377014,4096
neural_prior,neural_bidir_seed0_prior,none,0,8,2,0.08936501294374466,4096
neural_prior,neural_bidir_seed1_prior,none,0,8,2,0.09293220937252045,4096
neural_prior,neural_bidir_seed2_prior,none,0,8,2,0.0893533006310463,4096
neural_prior,neural_bidir_seed3_prior,none,0,8,2,0.08954161405563354,4096
neural_prior,neural_bidir_seed4_prior,none,0,8,2,0.08910508453845978,4096
summary_ridge_eb,none,zz_known,12,8,2,0.08174273371696472,4096
neural_eb,neural_bidir_seed0_eb,zz_known,12,8,2,0.07461418211460114,4096
neural_eb,neural_bidir_seed1_eb,zz_known,12,8,2,0.07567594945430756,4096
neural_eb,neural_bidir_seed2_eb,zz_known,12,8,2,0.07453252375125885,4096
neural_eb,neural_bidir_seed3_eb,zz_known,12,8,2,0.07478193938732147,4096
neural_eb,neural_bidir_seed4_eb,zz_known,12,8,2,0.07439164072275162,4096
summary_ridge_eb,none,zz_known,16,8,2,0.07269448041915894,4096
neural_eb,neural_bidir_seed0_eb,zz_known,16,8,2,0.067249596118927,4096
neural_eb,neural_bidir_seed1_eb,zz_known,16,8,2,0.0681450292468071,4096
neural_eb,neural_bidir_seed2_eb,zz_known,16,8,2,0.06719888746738434,4096
neural_eb,neural_bidir_seed3_eb,zz_known,16,8,2,0.06737133860588074,4096
neural_eb,neural_bidir_seed4_eb,zz_known,16,8,2,0.06702977418899536,4096
constant_mean_eb,none,zz_known,20,8,2,0.07429798692464828,4096
summary_ridge_eb,none,zz_known,20,8,2,0.06583765149116516,4096
neural_eb,neural_bidir_seed0_eb,zz_known,20,8,2,0.06211648881435394,4096
neural_eb,neural_bidir_seed1_eb,zz_known,20,8,2,0.06286295503377914,4096
neural_eb,neural_bidir_seed2_eb,zz_known,20,8,2,0.06201056391000748,4096
neural_eb,neural_bidir_seed3_eb,zz_known,20,8,2,0.06217792630195618,4096
neural_eb,neural_bidir_seed4_eb,zz_known,20,8,2,0.061935219913721085,4096
dfe,none,zz_known,24,8,2,0.07406257838010788,0
constant_mean_eb,none,zz_known,24,8,2,0.06942610442638397,4096
neural_eb,neural_bidir_seed0_eb,zz_known,24,8,2,0.059721753001213074,4096
neural_eb,neural_bidir_seed1_eb,zz_known,24,8,2,0.060287684202194214,4096
neural_eb,neural_bidir_seed2_eb,zz_known,24,8,2,0.05973487347364426,4096
neural_eb,neural_bidir_seed3_eb,zz_known,24,8,2,0.0599801242351532,4096
neural_eb,neural_bidir_seed4_eb,zz_known,24,8,2,0.05965155363082886,4096
dfe,none,zz_known,28,8,2,0.06840454787015915,0
summary_ridge_eb,none,zz_known,28,8,2,0.05972287058830261,4096
dfe,none,zz_known,32,8,2,0.06354846060276031,0
constant_mean_eb,none,zz_known,32,8,2,0.06023460999131203,4096
summary_ridge_eb,none,zz_known,32,8,2,0.05564018338918686,4096
neural_eb,neural_bidir_seed0_eb,zz_known,32,8,2,0.05289819464087486,4096
neural_eb,neural_bidir_seed1_eb,zz_known,32,8,2,0.05329781770706177,4096
neural_eb,neural_bidir_seed2_eb,zz_known,32,8,2,0.05288596451282501,4096
neural_eb,neural_bidir_seed3_eb,zz_known,32,8,2,0.05310205742716789,4096
neural_eb,neural_bidir_seed4_eb,zz_known,32,8,2,0.05284235626459122,4096
constant_mean_eb,none,zz_known,36,8,2,0.056734729558229446,4096
summary_ridge_eb,none,zz_known,36,8,2,0.052985139191150665,4096
neural_eb,neural_bidir_seed0_eb,zz_known,36,8,2,0.051225095987319946,4096
neural_eb,neural_bidir_seed1_eb,zz_known,36,8,2,0.051678791642189026,4096
neural_eb,neural_bidir_seed2_eb,zz_known,36,8,2,0.05119359493255615,4096
neural_eb,neural_bidir_seed3_eb,zz_known,36,8,2,0.051271919161081314,4096
neural_eb,neural_bidir_seed4_eb,zz_known,36,8,2,0.05116961896419525,4096
dfe,none,zz_known,40,8,2,0.05681958049535751,0
neural_eb,neural_bidir_seed0_eb,zz_known,40,8,2,0.04956457018852234,4096
neural_eb,neural_bidir_seed1_eb,zz_known,40,8,2,0.049862638115882874,4096
neural_eb,neural_bidir_seed2_eb,zz_known,40,8,2,0.049564823508262634,4096
neural_eb,neural_bidir_seed3_eb,zz_known,40,8,2,0.04975266009569168,4096
neural_eb,neural_bidir_seed4_eb,zz_known,40,8,2,0.049471624195575714,4096
dfe,none,zz_known,44,8,2,0.053809843957424164,0
constant_mean_eb,none,zz_known,44,8,2,0.05248752981424332,4096
summary_ridge_eb,none,zz_known,44,8,2,0.04938902705907822,4096
dfe,none,zz_known,48,8,2,0.05220276489853859,0
constant_mean_eb,none,zz_known,52,8,2,0.048318542540073395,4096
neural_eb,neural_bidir_seed0_eb,zz_known,52,8,2,0.04393366724252701,4096
neural_eb,neural_bidir_seed1_eb,zz_known,52,8,2,0.04422701150178909,4096
neural_eb,neural_bidir_seed2_eb,zz_known,52,8,2,0.043922118842601776,4096
neural_eb,neural_bidir_seed3_eb,zz_known,52,8,2,0.0439840704202652,4096
neural_eb,neural_bidir_seed4_eb,zz_known,52,8,2,0.04391499608755112,4096
dfe,none,zz_known,56,8,2,0.04825948178768158,0
summary_ridge_eb,none,zz_known,56,8,2,0.044662345200777054,4096
constant_mean_eb,none,zz_known,64,8,2,0.0441034659743309,4096
dfe,none,zz_known,68,8,2,0.04409991577267647,0
summary_ridge_eb,none,zz_known,72,8,2,0.03998934477567673,4096
neural_eb,neural_bidir_seed0_eb,zz_known,72,8,2,0.03909659385681152,4096
neural_eb,neural_bidir_seed1_eb,zz_known,72,8,2,0.03925580531358719,4096
neural_eb,neural_bidir_seed2_eb,zz_known,72,8,2,0.0390804260969162,4096
neural_eb,neural_bidir_seed3_eb,zz_known,72,8,2,0.03912416100502014,4096
neural_eb,neural_bidir_seed4_eb,zz_known,72,8,2,0.039040982723236084,4096
constant_mean_eb,none,zz_known,80,8,2,0.04000628739595413,4096
dfe,none,zz_known,84,8,2,0.039290495216846466,0
summary_ridge_eb,none,zz_known,96,8,2,0.03429771587252617,4096
neural_eb,neural_bidir_seed0_eb,zz_known,96,8,2,0.03357992321252823,4096
neural_eb,neural_bidir_seed1_eb,zz_known,96,8,2,0.03368280082941055,4096
neural_eb,neural_bidir_seed2_eb,zz_known,96,8,2,0.033572860062122345,4096
neural_eb,neural_bidir_seed3_eb,zz_known,96,8,2,0.03364633023738861,4096
neural_eb,neural_bidir_seed4_eb,zz_known,96,8,2,0.03357648849487305,4096
dfe,none,zz_known,128,8,2,0.03171323984861374,0
constant_mean_eb,none,zz_known,128,8,2,0.03129713609814644,4096
dfe,none,zz_known,192,8,2,0.026155097410082817,0
constant_mean_eb,none,zz_known,192,8,2,0.025838028639554977,4096
summary_ridge_eb,none,zz_known,192,8,2,0.025395814329385757,4096
neural_eb,neural_bidir_seed0_eb,zz_known,192,8,2,0.025100935250520706,4096
neural_eb,neural_bidir_seed1_eb,zz_known,192,8,2,0.025139259174466133,4096
neural_eb,neural_bidir_seed2_eb,zz_known,192,8,2,0.02509402111172676,4096
neural_eb,neural_bidir_seed3_eb,zz_known,192,8,2,0.025106478482484818,4096
neural_eb,neural_bidir_seed4_eb,zz_known,192,8,2,0.025091862305998802,4096
constant_mean_prior,none,none,0,8,3,0.16553862392902374,4096
constant_median_prior,none,none,0,8,3,0.16922608017921448,4096
summary_ridge_prior,none,none,0,8,3,0.10706602036952972,4096
product_affine_prior,none,none,0,8,3,0.11653578281402588,4096
exact_marginal_affine_prior,none,none,0,8,3,0.11363229155540466,4096
neural_prior,neural_bidir_seed0_prior,none,0,8,3,0.09657314419746399,4096
neural_prior,neural_bidir_seed1_prior,none,0,8,3,0.09985299408435822,4096
neural_prior,neural_bidir_seed2_prior,none,0,8,3,0.09655709564685822,4096
neural_prior,neural_bidir_seed3_prior,none,0,8,3,0.09673303365707397,4096
neural_prior,neural_bidir_seed4_prior,none,0,8,3,0.09632125496864319,4096
summary_ridge_eb,none,zz_known,12,8,3,0.07906980067491531,4096
neural_eb,neural_bidir_seed0_eb,zz_known,12,8,3,0.07483543455600739,4096
neural_eb,neural_bidir_seed1_eb,zz_known,12,8,3,0.07604897022247314,4096
neural_eb,neural_bidir_seed2_eb,zz_known,12,8,3,0.07481352239847183,4096
neural_eb,neural_bidir_seed3_eb,zz_known,12,8,3,0.07491793483495712,4096
neural_eb,neural_bidir_seed4_eb,zz_known,12,8,3,0.07469259202480316,4096
summary_ridge_eb,none,zz_known,16,8,3,0.07063449919223785,4096
neural_eb,neural_bidir_seed0_eb,zz_known,16,8,3,0.06768222153186798,4096
neural_eb,neural_bidir_seed1_eb,zz_known,16,8,3,0.06867067515850067,4096
neural_eb,neural_bidir_seed2_eb,zz_known,16,8,3,0.0676766037940979,4096
neural_eb,neural_bidir_seed3_eb,zz_known,16,8,3,0.06779161095619202,4096
neural_eb,neural_bidir_seed4_eb,zz_known,16,8,3,0.06761181354522705,4096
constant_mean_eb,none,zz_known,20,8,3,0.07507480680942535,4096
summary_ridge_eb,none,zz_known,20,8,3,0.0653766393661499,4096
neural_eb,neural_bidir_seed0_eb,zz_known,20,8,3,0.06286659836769104,4096
neural_eb,neural_bidir_seed1_eb,zz_known,20,8,3,0.06364652514457703,4096
neural_eb,neural_bidir_seed2_eb,zz_known,20,8,3,0.06285089254379272,4096
neural_eb,neural_bidir_seed3_eb,zz_known,20,8,3,0.06288640946149826,4096
neural_eb,neural_bidir_seed4_eb,zz_known,20,8,3,0.06280742585659027,4096
dfe,none,zz_known,24,8,3,0.07522721588611603,0
constant_mean_eb,none,zz_known,24,8,3,0.07090181112289429,4096
neural_eb,neural_bidir_seed0_eb,zz_known,24,8,3,0.061018574982881546,4096
neural_eb,neural_bidir_seed1_eb,zz_known,24,8,3,0.0618138313293457,4096
neural_eb,neural_bidir_seed2_eb,zz_known,24,8,3,0.061021193861961365,4096
neural_eb,neural_bidir_seed3_eb,zz_known,24,8,3,0.06102713197469711,4096
neural_eb,neural_bidir_seed4_eb,zz_known,24,8,3,0.06095338612794876,4096
dfe,none,zz_known,28,8,3,0.06869208812713623,0
summary_ridge_eb,none,zz_known,28,8,3,0.058046288788318634,4096
dfe,none,zz_known,32,8,3,0.06321100890636444,0
constant_mean_eb,none,zz_known,32,8,3,0.060704756528139114,4096
summary_ridge_eb,none,zz_known,32,8,3,0.05482832342386246,4096
neural_eb,neural_bidir_seed0_eb,zz_known,32,8,3,0.05355120450258255,4096
neural_eb,neural_bidir_seed1_eb,zz_known,32,8,3,0.05404167249798775,4096
neural_eb,neural_bidir_seed2_eb,zz_known,32,8,3,0.05353014916181564,4096
neural_eb,neural_bidir_seed3_eb,zz_known,32,8,3,0.05362492799758911,4096
neural_eb,neural_bidir_seed4_eb,zz_known,32,8,3,0.053486261516809464,4096
constant_mean_eb,none,zz_known,36,8,3,0.05669068545103073,4096
summary_ridge_eb,none,zz_known,36,8,3,0.05197259038686752,4096
neural_eb,neural_bidir_seed0_eb,zz_known,36,8,3,0.05047699436545372,4096
neural_eb,neural_bidir_seed1_eb,zz_known,36,8,3,0.05088426172733307,4096
neural_eb,neural_bidir_seed2_eb,zz_known,36,8,3,0.05046963691711426,4096
neural_eb,neural_bidir_seed3_eb,zz_known,36,8,3,0.05051369592547417,4096
neural_eb,neural_bidir_seed4_eb,zz_known,36,8,3,0.050437845289707184,4096
dfe,none,zz_known,40,8,3,0.057239897549152374,0
neural_eb,neural_bidir_seed0_eb,zz_known,40,8,3,0.04948924854397774,4096
neural_eb,neural_bidir_seed1_eb,zz_known,40,8,3,0.049963273108005524,4096
neural_eb,neural_bidir_seed2_eb,zz_known,40,8,3,0.04948600381612778,4096
neural_eb,neural_bidir_seed3_eb,zz_known,40,8,3,0.049501508474349976,4096
neural_eb,neural_bidir_seed4_eb,zz_known,40,8,3,0.049450602382421494,4096
dfe,none,zz_known,44,8,3,0.05422358959913254,0
constant_mean_eb,none,zz_known,44,8,3,0.05267616733908653,4096
summary_ridge_eb,none,zz_known,44,8,3,0.04858411103487015,4096
dfe,none,zz_known,48,8,3,0.05230263993144035,0
constant_mean_eb,none,zz_known,52,8,3,0.04737956076860428,4096
neural_eb,neural_bidir_seed0_eb,zz_known,52,8,3,0.04338598623871803,4096
neural_eb,neural_bidir_seed1_eb,zz_known,52,8,3,0.04368032142519951,4096
neural_eb,neural_bidir_seed2_eb,zz_known,52,8,3,0.04338380694389343,4096
neural_eb,neural_bidir_seed3_eb,zz_known,52,8,3,0.043419044464826584,4096
neural_eb,neural_bidir_seed4_eb,zz_known,52,8,3,0.04337059706449509,4096
dfe,none,zz_known,56,8,3,0.04766280949115753,0
summary_ridge_eb,none,zz_known,56,8,3,0.04380270093679428,4096
constant_mean_eb,none,zz_known,64,8,3,0.0441679023206234,4096
dfe,none,zz_known,68,8,3,0.04357403889298439,0
summary_ridge_eb,none,zz_known,72,8,3,0.039404816925525665,4096
neural_eb,neural_bidir_seed0_eb,zz_known,72,8,3,0.03871666640043259,4096
neural_eb,neural_bidir_seed1_eb,zz_known,72,8,3,0.0388641320168972,4096
neural_eb,neural_bidir_seed2_eb,zz_known,72,8,3,0.03871849179267883,4096
neural_eb,neural_bidir_seed3_eb,zz_known,72,8,3,0.03875827044248581,4096
neural_eb,neural_bidir_seed4_eb,zz_known,72,8,3,0.03869689255952835,4096
constant_mean_eb,none,zz_known,80,8,3,0.04029443860054016,4096
dfe,none,zz_known,84,8,3,0.038765862584114075,0
summary_ridge_eb,none,zz_known,96,8,3,0.03493797034025192,4096
neural_eb,neural_bidir_seed0_eb,zz_known,96,8,3,0.03440174460411072,4096
neural_eb,neural_bidir_seed1_eb,zz_known,96,8,3,0.03451616317033768,4096
neural_eb,neural_bidir_seed2_eb,zz_known,96,8,3,0.034364812076091766,4096
neural_eb,neural_bidir_seed3_eb,zz_known,96,8,3,0.034406788647174835,4096
neural_eb,neural_bidir_seed4_eb,zz_known,96,8,3,0.03436668962240219,4096
dfe,none,zz_known,128,8,3,0.032456886023283005,0
constant_mean_eb,none,zz_known,128,8,3,0.03199972212314606,4096
dfe,none,zz_known,192,8,3,0.026126451790332794,0
constant_mean_eb,none,zz_known,192,8,3,0.025942891836166382,4096
summary_ridge_eb,none,zz_known,192,8,3,0.025400348007678986,4096
neural_eb,neural_bidir_seed0_eb,zz_known,192,8,3,0.025319380685687065,4096
neural_eb,neural_bidir_seed1_eb,zz_known,192,8,3,0.025366276502609253,4096
neural_eb,neural_bidir_seed2_eb,zz_known,192,8,3,0.025322627276182175,4096
neural_eb,neural_bidir_seed3_eb,zz_known,192,8,3,0.025318734347820282,4096
neural_eb,neural_bidir_seed4_eb,zz_known,192,8,3,0.025307437404990196,4096
constant_mean_prior,none,none,0,8,4,0.16621966660022736,4096
constant_median_prior,none,none,0,8,4,0.1665978580713272,4096
summary_ridge_prior,none,none,0,8,4,0.10735666751861572,4096
product_affine_prior,none,none,0,8,4,0.11302759498357773,4096
exact_marginal_affine_prior,none,none,0,8,4,0.10998838394880295,4096
neural_prior,neural_bidir_seed0_prior,none,0,8,4,0.09150160849094391,4096
neural_prior,neural_bidir_seed1_prior,none,0,8,4,0.09492800384759903,4096
neural_prior,neural_bidir_seed2_prior,none,0,8,4,0.09145058691501617,4096
neural_prior,neural_bidir_seed3_prior,none,0,8,4,0.09162609279155731,4096
neural_prior,neural_bidir_seed4_prior,none,0,8,4,0.0912085548043251,4096
summary_ridge_eb,none,zz_known,12,8,4,0.07917825877666473,4096
neural_eb,neural_bidir_seed0_eb,zz_known,12,8,4,0.0730026513338089,4096
neural_eb,neural_bidir_seed1_eb,zz_known,12,8,4,0.07419353723526001,4096
neural_eb,neural_bidir_seed2_eb,zz_known,12,8,4,0.07293383032083511,4096
neural_eb,neural_bidir_seed3_eb,zz_known,12,8,4,0.0731077641248703,4096
neural_eb,neural_bidir_seed4_eb,zz_known,12,8,4,0.07280593365430832,4096
summary_ridge_eb,none,zz_known,16,8,4,0.07289338111877441,4096
neural_eb,neural_bidir_seed0_eb,zz_known,16,8,4,0.06791327893733978,4096
neural_eb,neural_bidir_seed1_eb,zz_known,16,8,4,0.06894055008888245,4096
neural_eb,neural_bidir_seed2_eb,zz_known,16,8,4,0.06791526824235916,4096
neural_eb,neural_bidir_seed3_eb,zz_known,16,8,4,0.06807546317577362,4096
neural_eb,neural_bidir_seed4_eb,zz_known,16,8,4,0.06775932759046555,4096
constant_mean_eb,none,zz_known,20,8,4,0.07535940408706665,4096
summary_ridge_eb,none,zz_known,20,8,4,0.06570012122392654,4096
neural_eb,neural_bidir_seed0_eb,zz_known,20,8,4,0.06209074333310127,4096
neural_eb,neural_bidir_seed1_eb,zz_known,20,8,4,0.06300678849220276,4096
neural_eb,neural_bidir_seed2_eb,zz_known,20,8,4,0.062077902257442474,4096
neural_eb,neural_bidir_seed3_eb,zz_known,20,8,4,0.062195487320423126,4096
neural_eb,neural_bidir_seed4_eb,zz_known,20,8,4,0.062011558562517166,4096
dfe,none,zz_known,24,8,4,0.07512033730745316,0
constant_mean_eb,none,zz_known,24,8,4,0.070601686835289,4096
neural_eb,neural_bidir_seed0_eb,zz_known,24,8,4,0.059813350439071655,4096
neural_eb,neural_bidir_seed1_eb,zz_known,24,8,4,0.060591503977775574,4096
neural_eb,neural_bidir_seed2_eb,zz_known,24,8,4,0.05975150689482689,4096
neural_eb,neural_bidir_seed3_eb,zz_known,24,8,4,0.05984043329954147,4096
neural_eb,neural_bidir_seed4_eb,zz_known,24,8,4,0.05973081290721893,4096
dfe,none,zz_known,28,8,4,0.06857495754957199,0
summary_ridge_eb,none,zz_known,28,8,4,0.058830685913562775,4096
dfe,none,zz_known,32,8,4,0.06443865597248077,0
constant_mean_eb,none,zz_known,32,8,4,0.06211370229721069,4096
summary_ridge_eb,none,zz_known,32,8,4,0.05581336095929146,4096
neural_eb,neural_bidir_seed0_eb,zz_known,32,8,4,0.05366086959838867,4096
neural_eb,neural_bidir_seed1_eb,zz_known,32,8,4,0.0542634017765522,4096
neural_eb,neural_bidir_seed2_eb,zz_known,32,8,4,0.05365215614438057,4096
neural_eb,neural_bidir_seed3_eb,zz_known,32,8,4,0.05365270748734474,4096
neural_eb,neural_bidir_seed4_eb,zz_known,32,8,4,0.053587496280670166,4096
constant_mean_eb,none,zz_known,36,8,4,0.05809527635574341,4096
summary_ridge_eb,none,zz_known,36,8,4,0.052859239280223846,4096
neural_eb,neural_bidir_seed0_eb,zz_known,36,8,4,0.05098455399274826,4096
neural_eb,neural_bidir_seed1_eb,zz_known,36,8,4,0.05154069513082504,4096
neural_eb,neural_bidir_seed2_eb,zz_known,36,8,4,0.050977423787117004,4096
neural_eb,neural_bidir_seed3_eb,zz_known,36,8,4,0.05099461227655411,4096
neural_eb,neural_bidir_seed4_eb,zz_known,36,8,4,0.050951212644577026,4096
dfe,none,zz_known,40,8,4,0.05580396205186844,0
neural_eb,neural_bidir_seed0_eb,zz_known,40,8,4,0.04805554822087288,4096
neural_eb,neural_bidir_seed1_eb,zz_known,40,8,4,0.0484185665845871,4096
neural_eb,neural_bidir_seed2_eb,zz_known,40,8,4,0.048055488616228104,4096
neural_eb,neural_bidir_seed3_eb,zz_known,40,8,4,0.048148706555366516,4096
neural_eb,neural_bidir_seed4_eb,zz_known,40,8,4,0.04802422598004341,4096
dfe,none,zz_known,44,8,4,0.0538647398352623,0
constant_mean_eb,none,zz_known,44,8,4,0.05216416344046593,4096
summary_ridge_eb,none,zz_known,44,8,4,0.04786547273397446,4096
dfe,none,zz_known,48,8,4,0.05217287689447403,0
constant_mean_eb,none,zz_known,52,8,4,0.048586390912532806,4096
neural_eb,neural_bidir_seed0_eb,zz_known,52,8,4,0.04423747584223747,4096
neural_eb,neural_bidir_seed1_eb,zz_known,52,8,4,0.044556137174367905,4096
neural_eb,neural_bidir_seed2_eb,zz_known,52,8,4,0.04421557858586311,4096
neural_eb,neural_bidir_seed3_eb,zz_known,52,8,4,0.04427989572286606,4096
neural_eb,neural_bidir_seed4_eb,zz_known,52,8,4,0.044193390756845474,4096
dfe,none,zz_known,56,8,4,0.0482543483376503,0
summary_ridge_eb,none,zz_known,56,8,4,0.0439286082983017,4096
constant_mean_eb,none,zz_known,64,8,4,0.043594613671302795,4096
dfe,none,zz_known,68,8,4,0.043962299823760986,0
summary_ridge_eb,none,zz_known,72,8,4,0.039256393909454346,4096
neural_eb,neural_bidir_seed0_eb,zz_known,72,8,4,0.03831326216459274,4096
neural_eb,neural_bidir_seed1_eb,zz_known,72,8,4,0.03854318708181381,4096
neural_eb,neural_bidir_seed2_eb,zz_known,72,8,4,0.038303863257169724,4096
neural_eb,neural_bidir_seed3_eb,zz_known,72,8,4,0.03832074999809265,4096
neural_eb,neural_bidir_seed4_eb,zz_known,72,8,4,0.03825342655181885,4096
constant_mean_eb,none,zz_known,80,8,4,0.03936968371272087,4096
dfe,none,zz_known,84,8,4,0.03953281790018082,0
summary_ridge_eb,none,zz_known,96,8,4,0.03532226383686066,4096
neural_eb,neural_bidir_seed0_eb,zz_known,96,8,4,0.03458048030734062,4096
neural_eb,neural_bidir_seed1_eb,zz_known,96,8,4,0.03468092530965805,4096
neural_eb,neural_bidir_seed2_eb,zz_known,96,8,4,0.034577641636133194,4096
neural_eb,neural_bidir_seed3_eb,zz_known,96,8,4,0.034649647772312164,4096
neural_eb,neural_bidir_seed4_eb,zz_known,96,8,4,0.03454215079545975,4096
dfe,none,zz_known,128,8,4,0.031798578798770905,0
constant_mean_eb,none,zz_known,128,8,4,0.031349681317806244,4096
dfe,none,zz_known,192,8,4,0.026186153292655945,0
constant_mean_eb,none,zz_known,192,8,4,0.025869745761156082,4096
summary_ridge_eb,none,zz_known,192,8,4,0.02522193267941475,4096
neural_eb,neural_bidir_seed0_eb,zz_known,192,8,4,0.024928899481892586,4096
neural_eb,neural_bidir_seed1_eb,zz_known,192,8,4,0.02497801184654236,4096
neural_eb,neural_bidir_seed2_eb,zz_known,192,8,4,0.024922244250774384,4096
neural_eb,neural_bidir_seed3_eb,zz_known,192,8,4,0.02494272030889988,4096
neural_eb,neural_bidir_seed4_eb,zz_known,192,8,4,0.024920661002397537,4096
constant_mean_prior,none,none,0,9,0,0.18458178639411926,4096
constant_median_prior,none,none,0,9,0,0.17498759925365448,4096
summary_ridge_prior,none,none,0,9,0,0.09602883458137512,4096
product_affine_prior,none,none,0,9,0,0.10759565234184265,4096
exact_marginal_affine_prior,none,none,0,9,0,0.10393267869949341,4096
neural_prior,neural_bidir_seed0_prior,none,0,9,0,0.08509986102581024,4096
neural_prior,neural_bidir_seed1_prior,none,0,9,0,0.08772759139537811,4096
neural_prior,neural_bidir_seed2_prior,none,0,9,0,0.085039421916008,4096
neural_prior,neural_bidir_seed3_prior,none,0,9,0,0.08513786643743515,4096
neural_prior,neural_bidir_seed4_prior,none,0,9,0,0.08454866707324982,4096
summary_ridge_eb,none,zz_known,12,9,0,0.07712720334529877,4096
neural_eb,neural_bidir_seed0_eb,zz_known,12,9,0,0.07283296436071396,4096
neural_eb,neural_bidir_seed1_eb,zz_known,12,9,0,0.07388560473918915,4096
neural_eb,neural_bidir_seed2_eb,zz_known,12,9,0,0.07268939912319183,4096
neural_eb,neural_bidir_seed3_eb,zz_known,12,9,0,0.07287704944610596,4096
neural_eb,neural_bidir_seed4_eb,zz_known,12,9,0,0.07252471148967743,4096
summary_ridge_eb,none,zz_known,16,9,0,0.06996585428714752,4096
neural_eb,neural_bidir_seed0_eb,zz_known,16,9,0,0.06712083518505096,4096
neural_eb,neural_bidir_seed1_eb,zz_known,16,9,0,0.06799374520778656,4096
neural_eb,neural_bidir_seed2_eb,zz_known,16,9,0,0.06690852344036102,4096
neural_eb,neural_bidir_seed3_eb,zz_known,16,9,0,0.06704561412334442,4096
neural_eb,neural_bidir_seed4_eb,zz_known,16,9,0,0.06675317883491516,4096
constant_mean_eb,none,zz_known,20,9,0,0.0754578709602356,4096
summary_ridge_eb,none,zz_known,20,9,0,0.0643768161535263,4096
neural_eb,neural_bidir_seed0_eb,zz_known,20,9,0,0.06154835224151611,4096
neural_eb,neural_bidir_seed1_eb,zz_known,20,9,0,0.06229153275489807,4096
neural_eb,neural_bidir_seed2_eb,zz_known,20,9,0,0.06151372939348221,4096
neural_eb,neural_bidir_seed3_eb,zz_known,20,9,0,0.061653055250644684,4096
neural_eb,neural_bidir_seed4_eb,zz_known,20,9,0,0.06130693107843399,4096
dfe,none,zz_known,24,9,0,0.0734550952911377,0
constant_mean_eb,none,zz_known,24,9,0,0.07034345716238022,4096
neural_eb,neural_bidir_seed0_eb,zz_known,24,9,0,0.05858335644006729,4096
neural_eb,neural_bidir_seed1_eb,zz_known,24,9,0,0.059302475303411484,4096
neural_eb,neural_bidir_seed2_eb,zz_known,24,9,0,0.05845991149544716,4096
neural_eb,neural_bidir_seed3_eb,zz_known,24,9,0,0.05851985886693001,4096
neural_eb,neural_bidir_seed4_eb,zz_known,24,9,0,0.05838409811258316,4096
dfe,none,zz_known,28,9,0,0.0689723789691925,0
summary_ridge_eb,none,zz_known,28,9,0,0.056590888649225235,4096
dfe,none,zz_known,32,9,0,0.06449205428361893,0
constant_mean_eb,none,zz_known,32,9,0,0.061540067195892334,4096
summary_ridge_eb,none,zz_known,32,9,0,0.05447179079055786,4096
neural_eb,neural_bidir_seed0_eb,zz_known,32,9,0,0.05308552831411362,4096
neural_eb,neural_bidir_seed1_eb,zz_known,32,9,0,0.05358612537384033,4096
neural_eb,neural_bidir_seed2_eb,zz_known,32,9,0,0.05297068506479263,4096
neural_eb,neural_bidir_seed3_eb,zz_known,32,9,0,0.05301325023174286,4096
neural_eb,neural_bidir_seed4_eb,zz_known,32,9,0,0.0528598353266716,4096
constant_mean_eb,none,zz_known,36,9,0,0.05755164474248886,4096
summary_ridge_eb,none,zz_known,36,9,0,0.05103735625743866,4096
neural_eb,neural_bidir_seed0_eb,zz_known,36,9,0,0.05049201473593712,4096
neural_eb,neural_bidir_seed1_eb,zz_known,36,9,0,0.050939880311489105,4096
neural_eb,neural_bidir_seed2_eb,zz_known,36,9,0,0.05042760819196701,4096
neural_eb,neural_bidir_seed3_eb,zz_known,36,9,0,0.05044274777173996,4096
neural_eb,neural_bidir_seed4_eb,zz_known,36,9,0,0.050394341349601746,4096
dfe,none,zz_known,40,9,0,0.05661720409989357,0
neural_eb,neural_bidir_seed0_eb,zz_known,40,9,0,0.04825509339570999,4096
neural_eb,neural_bidir_seed1_eb,zz_known,40,9,0,0.04860757291316986,4096
neural_eb,neural_bidir_seed2_eb,zz_known,40,9,0,0.048177678138017654,4096
neural_eb,neural_bidir_seed3_eb,zz_known,40,9,0,0.048210322856903076,4096
neural_eb,neural_bidir_seed4_eb,zz_known,40,9,0,0.048114337027072906,4096
dfe,none,zz_known,44,9,0,0.054630860686302185,0
constant_mean_eb,none,zz_known,44,9,0,0.053150005638599396,4096
summary_ridge_eb,none,zz_known,44,9,0,0.048326633870601654,4096
dfe,none,zz_known,48,9,0,0.050966255366802216,0
constant_mean_eb,none,zz_known,52,9,0,0.04792472720146179,4096
neural_eb,neural_bidir_seed0_eb,zz_known,52,9,0,0.043555013835430145,4096
neural_eb,neural_bidir_seed1_eb,zz_known,52,9,0,0.04384284466505051,4096
neural_eb,neural_bidir_seed2_eb,zz_known,52,9,0,0.04351470619440079,4096
neural_eb,neural_bidir_seed3_eb,zz_known,52,9,0,0.04355449229478836,4096
neural_eb,neural_bidir_seed4_eb,zz_known,52,9,0,0.043457821011543274,4096
dfe,none,zz_known,56,9,0,0.048849932849407196,0
summary_ridge_eb,none,zz_known,56,9,0,0.044734321534633636,4096
constant_mean_eb,none,zz_known,64,9,0,0.04355796426534653,4096
dfe,none,zz_known,68,9,0,0.04409634694457054,0
summary_ridge_eb,none,zz_known,72,9,0,0.039385534822940826,4096
neural_eb,neural_bidir_seed0_eb,zz_known,72,9,0,0.03892442211508751,4096
neural_eb,neural_bidir_seed1_eb,zz_known,72,9,0,0.0391034260392189,4096
neural_eb,neural_bidir_seed2_eb,zz_known,72,9,0,0.03888379782438278,4096
neural_eb,neural_bidir_seed3_eb,zz_known,72,9,0,0.03889342024922371,4096
neural_eb,neural_bidir_seed4_eb,zz_known,72,9,0,0.038861650973558426,4096
constant_mean_eb,none,zz_known,80,9,0,0.03912466764450073,4096
dfe,none,zz_known,84,9,0,0.03982710465788841,0
summary_ridge_eb,none,zz_known,96,9,0,0.034153323620557785,4096
neural_eb,neural_bidir_seed0_eb,zz_known,96,9,0,0.03389099985361099,4096
neural_eb,neural_bidir_seed1_eb,zz_known,96,9,0,0.03404966741800308,4096
neural_eb,neural_bidir_seed2_eb,zz_known,96,9,0,0.03388391435146332,4096
neural_eb,neural_bidir_seed3_eb,zz_known,96,9,0,0.03388006240129471,4096
neural_eb,neural_bidir_seed4_eb,zz_known,96,9,0,0.033872008323669434,4096
dfe,none,zz_known,128,9,0,0.031402431428432465,0
constant_mean_eb,none,zz_known,128,9,0,0.031128689646720886,4096
dfe,none,zz_known,192,9,0,0.025615699589252472,0
constant_mean_eb,none,zz_known,192,9,0,0.025417141616344452,4096
summary_ridge_eb,none,zz_known,192,9,0,0.024716749787330627,4096
neural_eb,neural_bidir_seed0_eb,zz_known,192,9,0,0.024509472772479057,4096
neural_eb,neural_bidir_seed1_eb,zz_known,192,9,0,0.024563569575548172,4096
neural_eb,neural_bidir_seed2_eb,zz_known,192,9,0,0.024503344669938087,4096
neural_eb,neural_bidir_seed3_eb,zz_known,192,9,0,0.024506185203790665,4096
neural_eb,neural_bidir_seed4_eb,zz_known,192,9,0,0.02449243701994419,4096
constant_mean_prior,none,none,0,9,1,0.18571794033050537,4096
constant_median_prior,none,none,0,9,1,0.17310790717601776,4096
summary_ridge_prior,none,none,0,9,1,0.09596845507621765,4096
product_affine_prior,none,none,0,9,1,0.10894860327243805,4096
exact_marginal_affine_prior,none,none,0,9,1,0.1052062138915062,4096
neural_prior,neural_bidir_seed0_prior,none,0,9,1,0.08611585199832916,4096
neural_prior,neural_bidir_seed1_prior,none,0,9,1,0.0888061672449112,4096
neural_prior,neural_bidir_seed2_prior,none,0,9,1,0.08609242737293243,4096
neural_prior,neural_bidir_seed3_prior,none,0,9,1,0.08616835623979568,4096
neural_prior,neural_bidir_seed4_prior,none,0,9,1,0.08554433286190033,4096
summary_ridge_eb,none,zz_known,12,9,1,0.07661351561546326,4096
neural_eb,neural_bidir_seed0_eb,zz_known,12,9,1,0.07273650169372559,4096
neural_eb,neural_bidir_seed1_eb,zz_known,12,9,1,0.07386944442987442,4096
neural_eb,neural_bidir_seed2_eb,zz_known,12,9,1,0.07253050059080124,4096
neural_eb,neural_bidir_seed3_eb,zz_known,12,9,1,0.07265180349349976,4096
neural_eb,neural_bidir_seed4_eb,zz_known,12,9,1,0.07235133647918701,4096
summary_ridge_eb,none,zz_known,16,9,1,0.06986431777477264,4096
neural_eb,neural_bidir_seed0_eb,zz_known,16,9,1,0.06759300827980042,4096
neural_eb,neural_bidir_seed1_eb,zz_known,16,9,1,0.06851319968700409,4096
neural_eb,neural_bidir_seed2_eb,zz_known,16,9,1,0.06743738055229187,4096
neural_eb,neural_bidir_seed3_eb,zz_known,16,9,1,0.06746777892112732,4096
neural_eb,neural_bidir_seed4_eb,zz_known,16,9,1,0.06723148375749588,4096
constant_mean_eb,none,zz_known,20,9,1,0.07496713101863861,4096
summary_ridge_eb,none,zz_known,20,9,1,0.06365519762039185,4096
neural_eb,neural_bidir_seed0_eb,zz_known,20,9,1,0.0613778680562973,4096
neural_eb,neural_bidir_seed1_eb,zz_known,20,9,1,0.06209081411361694,4096
neural_eb,neural_bidir_seed2_eb,zz_known,20,9,1,0.061247047036886215,4096
neural_eb,neural_bidir_seed3_eb,zz_known,20,9,1,0.06125721335411072,4096
neural_eb,neural_bidir_seed4_eb,zz_known,20,9,1,0.06114760413765907,4096
dfe,none,zz_known,24,9,1,0.07476641982793808,0
constant_mean_eb,none,zz_known,24,9,1,0.07007608562707901,4096
neural_eb,neural_bidir_seed0_eb,zz_known,24,9,1,0.05911553278565407,4096
neural_eb,neural_bidir_seed1_eb,zz_known,24,9,1,0.059776946902275085,4096
neural_eb,neural_bidir_seed2_eb,zz_known,24,9,1,0.05900173634290695,4096
neural_eb,neural_bidir_seed3_eb,zz_known,24,9,1,0.059007205069065094,4096
neural_eb,neural_bidir_seed4_eb,zz_known,24,9,1,0.05889804661273956,4096
dfe,none,zz_known,28,9,1,0.06673837453126907,0
summary_ridge_eb,none,zz_known,28,9,1,0.05595064163208008,4096
dfe,none,zz_known,32,9,1,0.06332159787416458,0
constant_mean_eb,none,zz_known,32,9,1,0.0608404278755188,4096
summary_ridge_eb,none,zz_known,32,9,1,0.054086942225694656,4096
neural_eb,neural_bidir_seed0_eb,zz_known,32,9,1,0.05263596773147583,4096
neural_eb,neural_bidir_seed1_eb,zz_known,32,9,1,0.053097113966941833,4096
neural_eb,neural_bidir_seed2_eb,zz_known,32,9,1,0.05258490890264511,4096
neural_eb,neural_bidir_seed3_eb,zz_known,32,9,1,0.05264918878674507,4096
neural_eb,neural_bidir_seed4_eb,zz_known,32,9,1,0.05246392637491226,4096
constant_mean_eb,none,zz_known,36,9,1,0.05722195655107498,4096
summary_ridge_eb,none,zz_known,36,9,1,0.05198083072900772,4096
neural_eb,neural_bidir_seed0_eb,zz_known,36,9,1,0.05065323784947395,4096
neural_eb,neural_bidir_seed1_eb,zz_known,36,9,1,0.05103880167007446,4096
neural_eb,neural_bidir_seed2_eb,zz_known,36,9,1,0.050586212426424026,4096
neural_eb,neural_bidir_seed3_eb,zz_known,36,9,1,0.050629571080207825,4096
neural_eb,neural_bidir_seed4_eb,zz_known,36,9,1,0.050531886518001556,4096
dfe,none,zz_known,40,9,1,0.056713055819272995,0
neural_eb,neural_bidir_seed0_eb,zz_known,40,9,1,0.04878498613834381,4096
neural_eb,neural_bidir_seed1_eb,zz_known,40,9,1,0.04916689172387123,4096
neural_eb,neural_bidir_seed2_eb,zz_known,40,9,1,0.048738375306129456,4096
neural_eb,neural_bidir_seed3_eb,zz_known,40,9,1,0.04876656085252762,4096
neural_eb,neural_bidir_seed4_eb,zz_known,40,9,1,0.048661768436431885,4096
dfe,none,zz_known,44,9,1,0.0551876574754715,0
constant_mean_eb,none,zz_known,44,9,1,0.05345707759261131,4096
summary_ridge_eb,none,zz_known,44,9,1,0.04880247265100479,4096
dfe,none,zz_known,48,9,1,0.05233611911535263,0
constant_mean_eb,none,zz_known,52,9,1,0.04917580634355545,4096
neural_eb,neural_bidir_seed0_eb,zz_known,52,9,1,0.04458196461200714,4096
neural_eb,neural_bidir_seed1_eb,zz_known,52,9,1,0.04487478360533714,4096
neural_eb,neural_bidir_seed2_eb,zz_known,52,9,1,0.044556863605976105,4096
neural_eb,neural_bidir_seed3_eb,zz_known,52,9,1,0.04459089785814285,4096
neural_eb,neural_bidir_seed4_eb,zz_known,52,9,1,0.044499464333057404,4096
dfe,none,zz_known,56,9,1,0.04809855297207832,0
summary_ridge_eb,none,zz_known,56,9,1,0.04339837282896042,4096
constant_mean_eb,none,zz_known,64,9,1,0.044108811765909195,4096
dfe,none,zz_known,68,9,1,0.044443465769290924,0
summary_ridge_eb,none,zz_known,72,9,1,0.040094323456287384,4096
neural_eb,neural_bidir_seed0_eb,zz_known,72,9,1,0.039470721036195755,4096
neural_eb,neural_bidir_seed1_eb,zz_known,72,9,1,0.039673030376434326,4096
neural_eb,neural_bidir_seed2_eb,zz_known,72,9,1,0.03941657766699791,4096
neural_eb,neural_bidir_seed3_eb,zz_known,72,9,1,0.03943265229463577,4096
neural_eb,neural_bidir_seed4_eb,zz_known,72,9,1,0.03938537836074829,4096
constant_mean_eb,none,zz_known,80,9,1,0.03933922201395035,4096
dfe,none,zz_known,84,9,1,0.038484424352645874,0
summary_ridge_eb,none,zz_known,96,9,1,0.03433752804994583,4096
neural_eb,neural_bidir_seed0_eb,zz_known,96,9,1,0.03400822728872299,4096
neural_eb,neural_bidir_seed1_eb,zz_known,96,9,1,0.03413751721382141,4096
neural_eb,neural_bidir_seed2_eb,zz_known,96,9,1,0.03398823365569115,4096
neural_eb,neural_bidir_seed3_eb,zz_known,96,9,1,0.0339883528649807,4096
neural_eb,neural_bidir_seed4_eb,zz_known,96,9,1,0.03395072743296623,4096
dfe,none,zz_known,128,9,1,0.03213269263505936,0
constant_mean_eb,none,zz_known,128,9,1,0.03180018067359924,4096
dfe,none,zz_known,192,9,1,0.02647557109594345,0
constant_mean_eb,none,zz_known,192,9,1,0.02630685456097126,4096
summary_ridge_eb,none,zz_known,192,9,1,0.025783618912100792,4096
neural_eb,neural_bidir_seed0_eb,zz_known,192,9,1,0.02555643767118454,4096
neural_eb,neural_bidir_seed1_eb,zz_known,192,9,1,0.025600247085094452,4096
neural_eb,neural_bidir_seed2_eb,zz_known,192,9,1,0.025545258074998856,4096
neural_eb,neural_bidir_seed3_eb,zz_known,192,9,1,0.0255562923848629,4096
neural_eb,neural_bidir_seed4_eb,zz_known,192,9,1,0.025532551109790802,4096
constant_mean_prior,none,none,0,9,2,0.1827375590801239,4096
constant_median_prior,none,none,0,9,2,0.17498759925365448,4096
summary_ridge_prior,none,none,0,9,2,0.09779366105794907,4096
product_affine_prior,none,none,0,9,2,0.10931897908449173,4096
exact_marginal_affine_prior,none,none,0,9,2,0.10587014257907867,4096
neural_prior,neural_bidir_seed0_prior,none,0,9,2,0.08782298862934113,4096
neural_prior,neural_bidir_seed1_prior,none,0,9,2,0.09046248346567154,4096
neural_prior,neural_bidir_seed2_prior,none,0,9,2,0.08771020919084549,4096
neural_prior,neural_bidir_seed3_prior,none,0,9,2,0.08784317970275879,4096
neural_prior,neural_bidir_seed4_prior,none,0,9,2,0.08724936097860336,4096
summary_ridge_eb,none,zz_known,12,9,2,0.0752497985959053,4096
neural_eb,neural_bidir_seed0_eb,zz_known,12,9,2,0.07190996408462524,4096
neural_eb,neural_bidir_seed1_eb,zz_known,12,9,2,0.07305958867073059,4096
neural_eb,neural_bidir_seed2_eb,zz_known,12,9,2,0.07181104272603989,4096
neural_eb,neural_bidir_seed3_eb,zz_known,12,9,2,0.07186178117990494,4096
neural_eb,neural_bidir_seed4_eb,zz_known,12,9,2,0.07162005454301834,4096
summary_ridge_eb,none,zz_known,16,9,2,0.0688103437423706,4096
neural_eb,neural_bidir_seed0_eb,zz_known,16,9,2,0.0652882531285286,4096
neural_eb,neural_bidir_seed1_eb,zz_known,16,9,2,0.06629319489002228,4096
neural_eb,neural_bidir_seed2_eb,zz_known,16,9,2,0.06525266170501709,4096
neural_eb,neural_bidir_seed3_eb,zz_known,16,9,2,0.06535066664218903,4096
neural_eb,neural_bidir_seed4_eb,zz_known,16,9,2,0.06513608992099762,4096
constant_mean_eb,none,zz_known,20,9,2,0.07440056651830673,4096
summary_ridge_eb,none,zz_known,20,9,2,0.06289584934711456,4096
neural_eb,neural_bidir_seed0_eb,zz_known,20,9,2,0.06055364012718201,4096
neural_eb,neural_bidir_seed1_eb,zz_known,20,9,2,0.06136094778776169,4096
neural_eb,neural_bidir_seed2_eb,zz_known,20,9,2,0.06054660677909851,4096
neural_eb,neural_bidir_seed3_eb,zz_known,20,9,2,0.06058598309755325,4096
neural_eb,neural_bidir_seed4_eb,zz_known,20,9,2,0.06034981086850166,4096
dfe,none,zz_known,24,9,2,0.07391353696584702,0
constant_mean_eb,none,zz_known,24,9,2,0.06957439333200455,4096
neural_eb,neural_bidir_seed0_eb,zz_known,24,9,2,0.05785040557384491,4096
neural_eb,neural_bidir_seed1_eb,zz_known,24,9,2,0.05849777162075043,4096
neural_eb,neural_bidir_seed2_eb,zz_known,24,9,2,0.05782531574368477,4096
neural_eb,neural_bidir_seed3_eb,zz_known,24,9,2,0.05800472944974899,4096
neural_eb,neural_bidir_seed4_eb,zz_known,24,9,2,0.05771394819021225,4096
dfe,none,zz_known,28,9,2,0.06770643591880798,0
summary_ridge_eb,none,zz_known,28,9,2,0.056121230125427246,4096
dfe,none,zz_known,32,9,2,0.06356169283390045,0
constant_mean_eb,none,zz_known,32,9,2,0.060613296926021576,4096
summary_ridge_eb,none,zz_known,32,9,2,0.05367515981197357,4096
neural_eb,neural_bidir_seed0_eb,zz_known,32,9,2,0.051885198801755905,4096
neural_eb,neural_bidir_seed1_eb,zz_known,32,9,2,0.05244967341423035,4096
neural_eb,neural_bidir_seed2_eb,zz_known,32,9,2,0.0518520288169384,4096
neural_eb,neural_bidir_seed3_eb,zz_known,32,9,2,0.0519227497279644,4096
neural_eb,neural_bidir_seed4_eb,zz_known,32,9,2,0.051771946251392365,4096
constant_mean_eb,none,zz_known,36,9,2,0.05918443575501442,4096
summary_ridge_eb,none,zz_known,36,9,2,0.05313287675380707,4096
neural_eb,neural_bidir_seed0_eb,zz_known,36,9,2,0.05130844563245773,4096
neural_eb,neural_bidir_seed1_eb,zz_known,36,9,2,0.05178052932024002,4096
neural_eb,neural_bidir_seed2_eb,zz_known,36,9,2,0.051322706043720245,4096
neural_eb,neural_bidir_seed3_eb,zz_known,36,9,2,0.05135274678468704,4096
neural_eb,neural_bidir_seed4_eb,zz_known,36,9,2,0.05119439959526062,4096
dfe,none,zz_known,40,9,2,0.05830969661474228,0
neural_eb,neural_bidir_seed0_eb,zz_known,40,9,2,0.048892490565776825,4096
neural_eb,neural_bidir_seed1_eb,zz_known,40,9,2,0.04937087744474411,4096
neural_eb,neural_bidir_seed2_eb,zz_known,40,9,2,0.04888026416301727,4096
neural_eb,neural_bidir_seed3_eb,zz_known,40,9,2,0.04887709394097328,4096
neural_eb,neural_bidir_seed4_eb,zz_known,40,9,2,0.048816703259944916,4096
dfe,none,zz_known,44,9,2,0.056432515382766724,0
constant_mean_eb,none,zz_known,44,9,2,0.05438125878572464,4096
summary_ridge_eb,none,zz_known,44,9,2,0.04935171455144882,4096
dfe,none,zz_known,48,9,2,0.05160966143012047,0
constant_mean_eb,none,zz_known,52,9,2,0.05047648400068283,4096
neural_eb,neural_bidir_seed0_eb,zz_known,52,9,2,0.04585571587085724,4096
neural_eb,neural_bidir_seed1_eb,zz_known,52,9,2,0.04620601236820221,4096
neural_eb,neural_bidir_seed2_eb,zz_known,52,9,2,0.045870568603277206,4096
neural_eb,neural_bidir_seed3_eb,zz_known,52,9,2,0.045884449034929276,4096
neural_eb,neural_bidir_seed4_eb,zz_known,52,9,2,0.04580697417259216,4096
dfe,none,zz_known,56,9,2,0.0478288009762764,0
summary_ridge_eb,none,zz_known,56,9,2,0.04334184154868126,4096
constant_mean_eb,none,zz_known,64,9,2,0.04482707381248474,4096
dfe,none,zz_known,68,9,2,0.044491007924079895,0
summary_ridge_eb,none,zz_known,72,9,2,0.03881537541747093,4096
neural_eb,neural_bidir_seed0_eb,zz_known,72,9,2,0.038334280252456665,4096
neural_eb,neural_bidir_seed1_eb,zz_known,72,9,2,0.03856116160750389,4096
neural_eb,neural_bidir_seed2_eb,zz_known,72,9,2,0.03833181411027908,4096
neural_eb,neural_bidir_seed3_eb,zz_known,72,9,2,0.03835589438676834,4096
neural_eb,neural_bidir_seed4_eb,zz_known,72,9,2,0.03829623758792877,4096
constant_mean_eb,none,zz_known,80,9,2,0.03966084122657776,4096
dfe,none,zz_known,84,9,2,0.03938388079404831,0
summary_ridge_eb,none,zz_known,96,9,2,0.03446517139673233,4096
neural_eb,neural_bidir_seed0_eb,zz_known,96,9,2,0.034249864518642426,4096
neural_eb,neural_bidir_seed1_eb,zz_known,96,9,2,0.03441070020198822,4096
neural_eb,neural_bidir_seed2_eb,zz_known,96,9,2,0.034244924783706665,4096
neural_eb,neural_bidir_seed3_eb,zz_known,96,9,2,0.03425998240709305,4096
neural_eb,neural_bidir_seed4_eb,zz_known,96,9,2,0.034228917211294174,4096
dfe,none,zz_known,128,9,2,0.03239632025361061,0
constant_mean_eb,none,zz_known,128,9,2,0.03188609331846237,4096
dfe,none,zz_known,192,9,2,0.025777660310268402,0
constant_mean_eb,none,zz_known,192,9,2,0.025598634034395218,4096
summary_ridge_eb,none,zz_known,192,9,2,0.02504129521548748,4096
neural_eb,neural_bidir_seed0_eb,zz_known,192,9,2,0.024885857477784157,4096
neural_eb,neural_bidir_seed1_eb,zz_known,192,9,2,0.024938270449638367,4096
neural_eb,neural_bidir_seed2_eb,zz_known,192,9,2,0.02490181103348732,4096
neural_eb,neural_bidir_seed3_eb,zz_known,192,9,2,0.02491459995508194,4096
neural_eb,neural_bidir_seed4_eb,zz_known,192,9,2,0.024893537163734436,4096
constant_mean_prior,none,none,0,9,3,0.1850341260433197,4096
constant_median_prior,none,none,0,9,3,0.17136111855506897,4096
summary_ridge_prior,none,none,0,9,3,0.09751459956169128,4096
product_affine_prior,none,none,0,9,3,0.10804585367441177,4096
exact_marginal_affine_prior,none,none,0,9,3,0.10436972975730896,4096
neural_prior,neural_bidir_seed0_prior,none,0,9,3,0.08527038246393204,4096
neural_prior,neural_bidir_seed1_prior,none,0,9,3,0.08794108033180237,4096
neural_prior,neural_bidir_seed2_prior,none,0,9,3,0.08528124541044235,4096
neural_prior,neural_bidir_seed3_prior,none,0,9,3,0.08542421460151672,4096
neural_prior,neural_bidir_seed4_prior,none,0,9,3,0.08469801396131516,4096
summary_ridge_eb,none,zz_known,12,9,3,0.07565388828516006,4096
neural_eb,neural_bidir_seed0_eb,zz_known,12,9,3,0.07227170467376709,4096
neural_eb,neural_bidir_seed1_eb,zz_known,12,9,3,0.07333400845527649,4096
neural_eb,neural_bidir_seed2_eb,zz_known,12,9,3,0.07218623161315918,4096
neural_eb,neural_bidir_seed3_eb,zz_known,12,9,3,0.07243884354829788,4096
neural_eb,neural_bidir_seed4_eb,zz_known,12,9,3,0.07190519571304321,4096
summary_ridge_eb,none,zz_known,16,9,3,0.06873519718647003,4096
neural_eb,neural_bidir_seed0_eb,zz_known,16,9,3,0.06606297194957733,4096
neural_eb,neural_bidir_seed1_eb,zz_known,16,9,3,0.06704062223434448,4096
neural_eb,neural_bidir_seed2_eb,zz_known,16,9,3,0.06599114090204239,4096
neural_eb,neural_bidir_seed3_eb,zz_known,16,9,3,0.06605246663093567,4096
neural_eb,neural_bidir_seed4_eb,zz_known,16,9,3,0.0657302588224411,4096
constant_mean_eb,none,zz_known,20,9,3,0.07477167248725891,4096
summary_ridge_eb,none,zz_known,20,9,3,0.06369005143642426,4096
neural_eb,neural_bidir_seed0_eb,zz_known,20,9,3,0.06117795407772064,4096
neural_eb,neural_bidir_seed1_eb,zz_known,20,9,3,0.06190503388643265,4096
neural_eb,neural_bidir_seed2_eb,zz_known,20,9,3,0.06110754236578941,4096
neural_eb,neural_bidir_seed3_eb,zz_known,20,9,3,0.06130492687225342,4096
neural_eb,neural_bidir_seed4_eb,zz_known,20,9,3,0.0609235018491745,4096
dfe,none,zz_known,24,9,3,0.07316598296165466,0
constant_mean_eb,none,zz_known,24,9,3,0.06956645846366882,4096
neural_eb,neural_bidir_seed0_eb,zz_known,24,9,3,0.05788322538137436,4096
neural_eb,neural_bidir_seed1_eb,zz_known,24,9,3,0.058627042919397354,4096
neural_eb,neural_bidir_seed2_eb,zz_known,24,9,3,0.057801298797130585,4096
neural_eb,neural_bidir_seed3_eb,zz_known,24,9,3,0.05782661586999893,4096
neural_eb,neural_bidir_seed4_eb,zz_known,24,9,3,0.05769193917512894,4096
dfe,none,zz_known,28,9,3,0.06766989827156067,0
summary_ridge_eb,none,zz_known,28,9,3,0.056823115795850754,4096
dfe,none,zz_known,32,9,3,0.06378443539142609,0
constant_mean_eb,none,zz_known,32,9,3,0.061242569237947464,4096
summary_ridge_eb,none,zz_known,32,9,3,0.05425896495580673,4096
neural_eb,neural_bidir_seed0_eb,zz_known,32,9,3,0.052948884665966034,4096
neural_eb,neural_bidir_seed1_eb,zz_known,32,9,3,0.05342997610569,4096
neural_eb,neural_bidir_seed2_eb,zz_known,32,9,3,0.05292333662509918,4096
neural_eb,neural_bidir_seed3_eb,zz_known,32,9,3,0.05304691940546036,4096
neural_eb,neural_bidir_seed4_eb,zz_known,32,9,3,0.052824169397354126,4096
constant_mean_eb,none,zz_known,36,9,3,0.057123392820358276,4096
summary_ridge_eb,none,zz_known,36,9,3,0.05033573508262634,4096
neural_eb,neural_bidir_seed0_eb,zz_known,36,9,3,0.04951364919543266,4096
neural_eb,neural_bidir_seed1_eb,zz_known,36,9,3,0.049979377537965775,4096
neural_eb,neural_bidir_seed2_eb,zz_known,36,9,3,0.049474675208330154,4096
neural_eb,neural_bidir_seed3_eb,zz_known,36,9,3,0.049541547894477844,4096
neural_eb,neural_bidir_seed4_eb,zz_known,36,9,3,0.04938064143061638,4096
dfe,none,zz_known,40,9,3,0.05814436078071594,0
neural_eb,neural_bidir_seed0_eb,zz_known,40,9,3,0.0495138056576252,4096
neural_eb,neural_bidir_seed1_eb,zz_known,40,9,3,0.04995056241750717,4096
neural_eb,neural_bidir_seed2_eb,zz_known,40,9,3,0.04951193556189537,4096
neural_eb,neural_bidir_seed3_eb,zz_known,40,9,3,0.04957374185323715,4096
neural_eb,neural_bidir_seed4_eb,zz_known,40,9,3,0.04940677061676979,4096
dfe,none,zz_known,44,9,3,0.05546695366501808,0
constant_mean_eb,none,zz_known,44,9,3,0.053397566080093384,4096
summary_ridge_eb,none,zz_known,44,9,3,0.04873427748680115,4096
dfe,none,zz_known,48,9,3,0.051194578409194946,0
constant_mean_eb,none,zz_known,52,9,3,0.04816656932234764,4096
neural_eb,neural_bidir_seed0_eb,zz_known,52,9,3,0.043638676404953,4096
neural_eb,neural_bidir_seed1_eb,zz_known,52,9,3,0.04388833045959473,4096
neural_eb,neural_bidir_seed2_eb,zz_known,52,9,3,0.04361617565155029,4096
neural_eb,neural_bidir_seed3_eb,zz_known,52,9,3,0.04368465393781662,4096
neural_eb,neural_bidir_seed4_eb,zz_known,52,9,3,0.04355484992265701,4096
dfe,none,zz_known,56,9,3,0.047676827758550644,0
summary_ridge_eb,none,zz_known,56,9,3,0.04324992746114731,4096
constant_mean_eb,none,zz_known,64,9,3,0.04371822625398636,4096
dfe,none,zz_known,68,9,3,0.0439632423222065,0
summary_ridge_eb,none,zz_known,72,9,3,0.03957109525799751,4096
neural_eb,neural_bidir_seed0_eb,zz_known,72,9,3,0.039101261645555496,4096
neural_eb,neural_bidir_seed1_eb,zz_known,72,9,3,0.03930620104074478,4096
neural_eb,neural_bidir_seed2_eb,zz_known,72,9,3,0.03908219560980797,4096
neural_eb,neural_bidir_seed3_eb,zz_known,72,9,3,0.03915291279554367,4096
neural_eb,neural_bidir_seed4_eb,zz_known,72,9,3,0.039035651832818985,4096
constant_mean_eb,none,zz_known,80,9,3,0.03964942321181297,4096
dfe,none,zz_known,84,9,3,0.03963055461645126,0
summary_ridge_eb,none,zz_known,96,9,3,0.03435641527175903,4096
neural_eb,neural_bidir_seed0_eb,zz_known,96,9,3,0.03408224880695343,4096
neural_eb,neural_bidir_seed1_eb,zz_known,96,9,3,0.034225400537252426,4096
neural_eb,neural_bidir_seed2_eb,zz_known,96,9,3,0.034070417284965515,4096
neural_eb,neural_bidir_seed3_eb,zz_known,96,9,3,0.03409142047166824,4096
neural_eb,neural_bidir_seed4_eb,zz_known,96,9,3,0.03404664620757103,4096
dfe,none,zz_known,128,9,3,0.031577158719301224,0
constant_mean_eb,none,zz_known,128,9,3,0.031339287757873535,4096
dfe,none,zz_known,192,9,3,0.02578037418425083,0
constant_mean_eb,none,zz_known,192,9,3,0.025546815246343613,4096
summary_ridge_eb,none,zz_known,192,9,3,0.025007637217640877,4096
neural_eb,neural_bidir_seed0_eb,zz_known,192,9,3,0.025003397837281227,4096
neural_eb,neural_bidir_seed1_eb,zz_known,192,9,3,0.025047946721315384,4096
neural_eb,neural_bidir_seed2_eb,zz_known,192,9,3,0.02500344254076481,4096
neural_eb,neural_bidir_seed3_eb,zz_known,192,9,3,0.024995295330882072,4096
neural_eb,neural_bidir_seed4_eb,zz_known,192,9,3,0.024990392848849297,4096
constant_mean_prior,none,none,0,9,4,0.1853368878364563,4096
constant_median_prior,none,none,0,9,4,0.17698152363300323,4096
summary_ridge_prior,none,none,0,9,4,0.09549087285995483,4096
product_affine_prior,none,none,0,9,4,0.10925035178661346,4096
exact_marginal_affine_prior,none,none,0,9,4,0.10558662563562393,4096
neural_prior,neural_bidir_seed0_prior,none,0,9,4,0.08681225776672363,4096
neural_prior,neural_bidir_seed1_prior,none,0,9,4,0.08953439444303513,4096
neural_prior,neural_bidir_seed2_prior,none,0,9,4,0.0867263674736023,4096
neural_prior,neural_bidir_seed3_prior,none,0,9,4,0.08692744374275208,4096
neural_prior,neural_bidir_seed4_prior,none,0,9,4,0.08631010353565216,4096
summary_ridge_eb,none,zz_known,12,9,4,0.07643447816371918,4096
neural_eb,neural_bidir_seed0_eb,zz_known,12,9,4,0.07334025204181671,4096
neural_eb,neural_bidir_seed1_eb,zz_known,12,9,4,0.07444225996732712,4096
neural_eb,neural_bidir_seed2_eb,zz_known,12,9,4,0.07318013906478882,4096
neural_eb,neural_bidir_seed3_eb,zz_known,12,9,4,0.07332602143287659,4096
neural_eb,neural_bidir_seed4_eb,zz_known,12,9,4,0.07306860387325287,4096
summary_ridge_eb,none,zz_known,16,9,4,0.06928624212741852,4096
neural_eb,neural_bidir_seed0_eb,zz_known,16,9,4,0.06665826588869095,4096
neural_eb,neural_bidir_seed1_eb,zz_known,16,9,4,0.06766687333583832,4096
neural_eb,neural_bidir_seed2_eb,zz_known,16,9,4,0.06651972979307175,4096
neural_eb,neural_bidir_seed3_eb,zz_known,16,9,4,0.0667184442281723,4096
neural_eb,neural_bidir_seed4_eb,zz_known,16,9,4,0.06640839576721191,4096
constant_mean_eb,none,zz_known,20,9,4,0.07718217372894287,4096
summary_ridge_eb,none,zz_known,20,9,4,0.0643903836607933,4096
neural_eb,neural_bidir_seed0_eb,zz_known,20,9,4,0.06284599751234055,4096
neural_eb,neural_bidir_seed1_eb,zz_known,20,9,4,0.06361919641494751,4096
neural_eb,neural_bidir_seed2_eb,zz_known,20,9,4,0.06270626932382584,4096
neural_eb,neural_bidir_seed3_eb,zz_known,20,9,4,0.06291992962360382,4096
neural_eb,neural_bidir_seed4_eb,zz_known,20,9,4,0.06264075636863708,4096
dfe,none,zz_known,24,9,4,0.07512661814689636,0
constant_mean_eb,none,zz_known,24,9,4,0.0708499625325203,4096
neural_eb,neural_bidir_seed0_eb,zz_known,24,9,4,0.05888853967189789,4096
neural_eb,neural_bidir_seed1_eb,zz_known,24,9,4,0.05961308628320694,4096
neural_eb,neural_bidir_seed2_eb,zz_known,24,9,4,0.05881059169769287,4096
neural_eb,neural_bidir_seed3_eb,zz_known,24,9,4,0.05895405635237694,4096
neural_eb,neural_bidir_seed4_eb,zz_known,24,9,4,0.05876284837722778,4096
dfe,none,zz_known,28,9,4,0.06729927659034729,0
summary_ridge_eb,none,zz_known,28,9,4,0.056363243609666824,4096
dfe,none,zz_known,32,9,4,0.0652412474155426,0
constant_mean_eb,none,zz_known,32,9,4,0.06250343471765518,4096
summary_ridge_eb,none,zz_known,32,9,4,0.05507076904177666,4096
neural_eb,neural_bidir_seed0_eb,zz_known,32,9,4,0.05325956642627716,4096
neural_eb,neural_bidir_seed1_eb,zz_known,32,9,4,0.0537814199924469,4096
neural_eb,neural_bidir_seed2_eb,zz_known,32,9,4,0.05320466682314873,4096
neural_eb,neural_bidir_seed3_eb,zz_known,32,9,4,0.053271688520908356,4096
neural_eb,neural_bidir_seed4_eb,zz_known,32,9,4,0.05311505123972893,4096
constant_mean_eb,none,zz_known,36,9,4,0.058331917971372604,4096
summary_ridge_eb,none,zz_known,36,9,4,0.05215705931186676,4096
neural_eb,neural_bidir_seed0_eb,zz_known,36,9,4,0.050949789583683014,4096
neural_eb,neural_bidir_seed1_eb,zz_known,36,9,4,0.05141117423772812,4096
neural_eb,neural_bidir_seed2_eb,zz_known,36,9,4,0.050931334495544434,4096
neural_eb,neural_bidir_seed3_eb,zz_known,36,9,4,0.05106906592845917,4096
neural_eb,neural_bidir_seed4_eb,zz_known,36,9,4,0.05086716637015343,4096
dfe,none,zz_known,40,9,4,0.05728844180703163,0
neural_eb,neural_bidir_seed0_eb,zz_known,40,9,4,0.048886045813560486,4096
neural_eb,neural_bidir_seed1_eb,zz_known,40,9,4,0.049303144216537476,4096
neural_eb,neural_bidir_seed2_eb,zz_known,40,9,4,0.048821013420820236,4096
neural_eb,neural_bidir_seed3_eb,zz_known,40,9,4,0.0488906130194664,4096
neural_eb,neural_bidir_seed4_eb,zz_known,40,9,4,0.048778511583805084,4096
dfe,none,zz_known,44,9,4,0.05478229373693466,0
constant_mean_eb,none,zz_known,44,9,4,0.053222328424453735,4096
summary_ridge_eb,none,zz_known,44,9,4,0.04851503297686577,4096
dfe,none,zz_known,48,9,4,0.0525120310485363,0
constant_mean_eb,none,zz_known,52,9,4,0.04870219901204109,4096
neural_eb,neural_bidir_seed0_eb,zz_known,52,9,4,0.044048383831977844,4096
neural_eb,neural_bidir_seed1_eb,zz_known,52,9,4,0.04435037076473236,4096
neural_eb,neural_bidir_seed2_eb,zz_known,52,9,4,0.04403359815478325,4096
neural_eb,neural_bidir_seed3_eb,zz_known,52,9,4,0.04404316842556,4096
neural_eb,neural_bidir_seed4_eb,zz_known,52,9,4,0.04400988668203354,4096
dfe,none,zz_known,56,9,4,0.04846987500786781,0
summary_ridge_eb,none,zz_known,56,9,4,0.042983636260032654,4096
constant_mean_eb,none,zz_known,64,9,4,0.044810160994529724,4096
dfe,none,zz_known,68,9,4,0.04425624758005142,0
summary_ridge_eb,none,zz_known,72,9,4,0.03899045288562775,4096
neural_eb,neural_bidir_seed0_eb,zz_known,72,9,4,0.03868088498711586,4096
neural_eb,neural_bidir_seed1_eb,zz_known,72,9,4,0.038909196853637695,4096
neural_eb,neural_bidir_seed2_eb,zz_known,72,9,4,0.03864892199635506,4096
neural_eb,neural_bidir_seed3_eb,zz_known,72,9,4,0.03866897523403168,4096
neural_eb,neural_bidir_seed4_eb,zz_known,72,9,4,0.038600578904151917,4096
constant_mean_eb,none,zz_known,80,9,4,0.03860185295343399,4096
dfe,none,zz_known,84,9,4,0.038665905594825745,0
summary_ridge_eb,none,zz_known,96,9,4,0.034279465675354004,4096
neural_eb,neural_bidir_seed0_eb,zz_known,96,9,4,0.034100551158189774,4096
neural_eb,neural_bidir_seed1_eb,zz_known,96,9,4,0.034243810921907425,4096
neural_eb,neural_bidir_seed2_eb,zz_known,96,9,4,0.03410946577787399,4096
neural_eb,neural_bidir_seed3_eb,zz_known,96,9,4,0.03411082923412323,4096
neural_eb,neural_bidir_seed4_eb,zz_known,96,9,4,0.03407669812440872,4096
dfe,none,zz_known,128,9,4,0.031903933733701706,0
constant_mean_eb,none,zz_known,128,9,4,0.031451545655727386,4096
dfe,none,zz_known,192,9,4,0.026128413155674934,0
constant_mean_eb,none,zz_known,192,9,4,0.026002613827586174,4096
summary_ridge_eb,none,zz_known,192,9,4,0.025360267609357834,4096
neural_eb,neural_bidir_seed0_eb,zz_known,192,9,4,0.025275500491261482,4096
neural_eb,neural_bidir_seed1_eb,zz_known,192,9,4,0.02532307803630829,4096
neural_eb,neural_bidir_seed2_eb,zz_known,192,9,4,0.02527269721031189,4096
neural_eb,neural_bidir_seed3_eb,zz_known,192,9,4,0.02528386004269123,4096
neural_eb,neural_bidir_seed4_eb,zz_known,192,9,4,0.025257226079702377,4096
constant_mean_prior,none,none,0,10,0,0.18602493405342102,4096
constant_median_prior,none,none,0,10,0,0.17698152363300323,4096
summary_ridge_prior,none,none,0,10,0,0.09548476338386536,4096
product_affine_prior,none,none,0,10,0,0.10858127474784851,4096
exact_marginal_affine_prior,none,none,0,10,0,0.10526600480079651,4096
neural_prior,neural_bidir_seed0_prior,none,0,10,0,0.08633972704410553,4096
neural_prior,neural_bidir_seed1_prior,none,0,10,0,0.08902863413095474,4096
neural_prior,neural_bidir_seed2_prior,none,0,10,0,0.08617722243070602,4096
neural_prior,neural_bidir_seed3_prior,none,0,10,0,0.08621519804000854,4096
neural_prior,neural_bidir_seed4_prior,none,0,10,0,0.08585602045059204,4096
summary_ridge_eb,none,zz_known,12,10,0,0.07463137805461884,4096
neural_eb,neural_bidir_seed0_eb,zz_known,12,10,0,0.0725211650133133,4096
neural_eb,neural_bidir_seed1_eb,zz_known,12,10,0,0.07374538481235504,4096
neural_eb,neural_bidir_seed2_eb,zz_known,12,10,0,0.07247868180274963,4096
neural_eb,neural_bidir_seed3_eb,zz_known,12,10,0,0.07248383015394211,4096
neural_eb,neural_bidir_seed4_eb,zz_known,12,10,0,0.07232920825481415,4096
summary_ridge_eb,none,zz_known,16,10,0,0.06635455787181854,4096
neural_eb,neural_bidir_seed0_eb,zz_known,16,10,0,0.06343156844377518,4096
neural_eb,neural_bidir_seed1_eb,zz_known,16,10,0,0.0644528716802597,4096
neural_eb,neural_bidir_seed2_eb,zz_known,16,10,0,0.06341426074504852,4096
neural_eb,neural_bidir_seed3_eb,zz_known,16,10,0,0.06353602558374405,4096
neural_eb,neural_bidir_seed4_eb,zz_known,16,10,0,0.06333272159099579,4096
constant_mean_eb,none,zz_known,20,10,0,0.07550804316997528,4096
summary_ridge_eb,none,zz_known,20,10,0,0.06238092482089996,4096
neural_eb,neural_bidir_seed0_eb,zz_known,20,10,0,0.06079172343015671,4096
neural_eb,neural_bidir_seed1_eb,zz_known,20,10,0,0.06166171655058861,4096
neural_eb,neural_bidir_seed2_eb,zz_known,20,10,0,0.060732483863830566,4096
neural_eb,neural_bidir_seed3_eb,zz_known,20,10,0,0.06079190969467163,4096
neural_eb,neural_bidir_seed4_eb,zz_known,20,10,0,0.06065032631158829,4096
dfe,none,zz_known,24,10,0,0.0737389326095581,0
constant_mean_eb,none,zz_known,24,10,0,0.07018329203128815,4096
neural_eb,neural_bidir_seed0_eb,zz_known,24,10,0,0.057381100952625275,4096
neural_eb,neural_bidir_seed1_eb,zz_known,24,10,0,0.058115698397159576,4096
neural_eb,neural_bidir_seed2_eb,zz_known,24,10,0,0.05738506838679314,4096
neural_eb,neural_bidir_seed3_eb,zz_known,24,10,0,0.05738597363233566,4096
neural_eb,neural_bidir_seed4_eb,zz_known,24,10,0,0.05725652724504471,4096
dfe,none,zz_known,28,10,0,0.06944786012172699,0
summary_ridge_eb,none,zz_known,28,10,0,0.05718851089477539,4096
dfe,none,zz_known,32,10,0,0.06340007483959198,0
constant_mean_eb,none,zz_known,32,10,0,0.061334509402513504,4096
summary_ridge_eb,none,zz_known,32,10,0,0.05386209487915039,4096
neural_eb,neural_bidir_seed0_eb,zz_known,32,10,0,0.05237144976854324,4096
neural_eb,neural_bidir_seed1_eb,zz_known,32,10,0,0.05296110361814499,4096
neural_eb,neural_bidir_seed2_eb,zz_known,32,10,0,0.0523768812417984,4096
neural_eb,neural_bidir_seed3_eb,zz_known,32,10,0,0.052327439188957214,4096
neural_eb,neural_bidir_seed4_eb,zz_known,32,10,0,0.052290722727775574,4096
constant_mean_eb,none,zz_known,36,10,0,0.05740268528461456,4096
summary_ridge_eb,none,zz_known,36,10,0,0.051485564559698105,4096
neural_eb,neural_bidir_seed0_eb,zz_known,36,10,0,0.049807194620370865,4096
neural_eb,neural_bidir_seed1_eb,zz_known,36,10,0,0.0503084771335125,4096
neural_eb,neural_bidir_seed2_eb,zz_known,36,10,0,0.049788471311330795,4096
neural_eb,neural_bidir_seed3_eb,zz_known,36,10,0,0.04984121769666672,4096
neural_eb,neural_bidir_seed4_eb,zz_known,36,10,0,0.049719713628292084,4096
dfe,none,zz_known,40,10,0,0.05806157737970352,0
neural_eb,neural_bidir_seed0_eb,zz_known,40,10,0,0.04856104403734207,4096
neural_eb,neural_bidir_seed1_eb,zz_known,40,10,0,0.04903312772512436,4096
neural_eb,neural_bidir_seed2_eb,zz_known,40,10,0,0.04856456071138382,4096
neural_eb,neural_bidir_seed3_eb,zz_known,40,10,0,0.0485960878431797,4096
neural_eb,neural_bidir_seed4_eb,zz_known,40,10,0,0.048518043011426926,4096
dfe,none,zz_known,44,10,0,0.054240334779024124,0
constant_mean_eb,none,zz_known,44,10,0,0.052619099617004395,4096
summary_ridge_eb,none,zz_known,44,10,0,0.04751225560903549,4096
dfe,none,zz_known,48,10,0,0.052088990807533264,0
constant_mean_eb,none,zz_known,52,10,0,0.048420198261737823,4096
neural_eb,neural_bidir_seed0_eb,zz_known,52,10,0,0.04376928508281708,4096
neural_eb,neural_bidir_seed1_eb,zz_known,52,10,0,0.04407520592212677,4096
neural_eb,neural_bidir_seed2_eb,zz_known,52,10,0,0.04377475380897522,4096
neural_eb,neural_bidir_seed3_eb,zz_known,52,10,0,0.043818045407533646,4096
neural_eb,neural_bidir_seed4_eb,zz_known,52,10,0,0.0437166690826416,4096
dfe,none,zz_known,56,10,0,0.04872032254934311,0
summary_ridge_eb,none,zz_known,56,10,0,0.04362139478325844,4096
constant_mean_eb,none,zz_known,64,10,0,0.043984003365039825,4096
dfe,none,zz_known,68,10,0,0.04355181008577347,0
summary_ridge_eb,none,zz_known,72,10,0,0.03971320018172264,4096
neural_eb,neural_bidir_seed0_eb,zz_known,72,10,0,0.03882482275366783,4096
neural_eb,neural_bidir_seed1_eb,zz_known,72,10,0,0.0390515998005867,4096
neural_eb,neural_bidir_seed2_eb,zz_known,72,10,0,0.03882307931780815,4096
neural_eb,neural_bidir_seed3_eb,zz_known,72,10,0,0.038830727338790894,4096
neural_eb,neural_bidir_seed4_eb,zz_known,72,10,0,0.03882363438606262,4096
constant_mean_eb,none,zz_known,80,10,0,0.03924400359392166,4096
dfe,none,zz_known,84,10,0,0.04008147120475769,0
summary_ridge_eb,none,zz_known,96,10,0,0.034161850810050964,4096
neural_eb,neural_bidir_seed0_eb,zz_known,96,10,0,0.0336291640996933,4096
neural_eb,neural_bidir_seed1_eb,zz_known,96,10,0,0.03380637988448143,4096
neural_eb,neural_bidir_seed2_eb,zz_known,96,10,0,0.033627212047576904,4096
neural_eb,neural_bidir_seed3_eb,zz_known,96,10,0,0.03361509367823601,4096
neural_eb,neural_bidir_seed4_eb,zz_known,96,10,0,0.03359858691692352,4096
dfe,none,zz_known,128,10,0,0.03194174915552139,0
constant_mean_eb,none,zz_known,128,10,0,0.03155411034822464,4096
dfe,none,zz_known,192,10,0,0.025777652859687805,0
constant_mean_eb,none,zz_known,192,10,0,0.025488439947366714,4096
summary_ridge_eb,none,zz_known,192,10,0,0.02495066449046135,4096
neural_eb,neural_bidir_seed0_eb,zz_known,192,10,0,0.02467924728989601,4096
neural_eb,neural_bidir_seed1_eb,zz_known,192,10,0,0.02474515326321125,4096
neural_eb,neural_bidir_seed2_eb,zz_known,192,10,0,0.02467961795628071,4096
neural_eb,neural_bidir_seed3_eb,zz_known,192,10,0,0.024669097736477852,4096
neural_eb,neural_bidir_seed4_eb,zz_known,192,10,0,0.024662557989358902,4096
constant_mean_prior,none,none,0,10,1,0.1840587556362152,4096
constant_median_prior,none,none,0,10,1,0.16838017106056213,4096
summary_ridge_prior,none,none,0,10,1,0.09364056587219238,4096
product_affine_prior,none,none,0,10,1,0.10583479702472687,4096
exact_marginal_affine_prior,none,none,0,10,1,0.10246588289737701,4096
neural_prior,neural_bidir_seed0_prior,none,0,10,1,0.08483434468507767,4096
neural_prior,neural_bidir_seed1_prior,none,0,10,1,0.0870898962020874,4096
neural_prior,neural_bidir_seed2_prior,none,0,10,1,0.08488242328166962,4096
neural_prior,neural_bidir_seed3_prior,none,0,10,1,0.08501147478818893,4096
neural_prior,neural_bidir_seed4_prior,none,0,10,1,0.084348663687706,4096
summary_ridge_eb,none,zz_known,12,10,1,0.07714824378490448,4096
neural_eb,neural_bidir_seed0_eb,zz_known,12,10,1,0.07327379286289215,4096
neural_eb,neural_bidir_seed1_eb,zz_known,12,10,1,0.07432284951210022,4096
neural_eb,neural_bidir_seed2_eb,zz_known,12,10,1,0.07332481443881989,4096
neural_eb,neural_bidir_seed3_eb,zz_known,12,10,1,0.07354811578989029,4096
neural_eb,neural_bidir_seed4_eb,zz_known,12,10,1,0.07295620441436768,4096
summary_ridge_eb,none,zz_known,16,10,1,0.06941916793584824,4096
neural_eb,neural_bidir_seed0_eb,zz_known,16,10,1,0.06678646802902222,4096
neural_eb,neural_bidir_seed1_eb,zz_known,16,10,1,0.0676950141787529,4096
neural_eb,neural_bidir_seed2_eb,zz_known,16,10,1,0.0668463185429573,4096
neural_eb,neural_bidir_seed3_eb,zz_known,16,10,1,0.0669245645403862,4096
neural_eb,neural_bidir_seed4_eb,zz_known,16,10,1,0.06648137420415878,4096
constant_mean_eb,none,zz_known,20,10,1,0.07586443424224854,4096
summary_ridge_eb,none,zz_known,20,10,1,0.06537410616874695,4096
neural_eb,neural_bidir_seed0_eb,zz_known,20,10,1,0.0623488612473011,4096
neural_eb,neural_bidir_seed1_eb,zz_known,20,10,1,0.06293704360723495,4096
neural_eb,neural_bidir_seed2_eb,zz_known,20,10,1,0.06236899644136429,4096
neural_eb,neural_bidir_seed3_eb,zz_known,20,10,1,0.06260187923908234,4096
neural_eb,neural_bidir_seed4_eb,zz_known,20,10,1,0.062080688774585724,4096
dfe,none,zz_known,24,10,1,0.07394517958164215,0
constant_mean_eb,none,zz_known,24,10,1,0.06993071734905243,4096
neural_eb,neural_bidir_seed0_eb,zz_known,24,10,1,0.058991216123104095,4096
neural_eb,neural_bidir_seed1_eb,zz_known,24,10,1,0.05947253108024597,4096
neural_eb,neural_bidir_seed2_eb,zz_known,24,10,1,0.05907299369573593,4096
neural_eb,neural_bidir_seed3_eb,zz_known,24,10,1,0.059263959527015686,4096
neural_eb,neural_bidir_seed4_eb,zz_known,24,10,1,0.05869220569729805,4096
dfe,none,zz_known,28,10,1,0.07007443904876709,0
summary_ridge_eb,none,zz_known,28,10,1,0.0584072582423687,4096
dfe,none,zz_known,32,10,1,0.06375804543495178,0
constant_mean_eb,none,zz_known,32,10,1,0.06070924550294876,4096
summary_ridge_eb,none,zz_known,32,10,1,0.05553395301103592,4096
neural_eb,neural_bidir_seed0_eb,zz_known,32,10,1,0.05354994535446167,4096
neural_eb,neural_bidir_seed1_eb,zz_known,32,10,1,0.05381017178297043,4096
neural_eb,neural_bidir_seed2_eb,zz_known,32,10,1,0.05361518636345863,4096
neural_eb,neural_bidir_seed3_eb,zz_known,32,10,1,0.05381275713443756,4096
neural_eb,neural_bidir_seed4_eb,zz_known,32,10,1,0.05331908166408539,4096
constant_mean_eb,none,zz_known,36,10,1,0.05831603705883026,4096
summary_ridge_eb,none,zz_known,36,10,1,0.05368408188223839,4096
neural_eb,neural_bidir_seed0_eb,zz_known,36,10,1,0.051462557166814804,4096
neural_eb,neural_bidir_seed1_eb,zz_known,36,10,1,0.05165683478116989,4096
neural_eb,neural_bidir_seed2_eb,zz_known,36,10,1,0.051477473229169846,4096
neural_eb,neural_bidir_seed3_eb,zz_known,36,10,1,0.05168352276086807,4096
neural_eb,neural_bidir_seed4_eb,zz_known,36,10,1,0.05123431980609894,4096
dfe,none,zz_known,40,10,1,0.057804323732852936,0
neural_eb,neural_bidir_seed0_eb,zz_known,40,10,1,0.0494547039270401,4096
neural_eb,neural_bidir_seed1_eb,zz_known,40,10,1,0.04971155524253845,4096
neural_eb,neural_bidir_seed2_eb,zz_known,40,10,1,0.04946686699986458,4096
neural_eb,neural_bidir_seed3_eb,zz_known,40,10,1,0.04961318150162697,4096
neural_eb,neural_bidir_seed4_eb,zz_known,40,10,1,0.04924158751964569,4096
dfe,none,zz_known,44,10,1,0.054056886583566666,0
constant_mean_eb,none,zz_known,44,10,1,0.05202364921569824,4096
summary_ridge_eb,none,zz_known,44,10,1,0.04866296052932739,4096
dfe,none,zz_known,48,10,1,0.05323445796966553,0
constant_mean_eb,none,zz_known,52,10,1,0.049200572073459625,4096
neural_eb,neural_bidir_seed0_eb,zz_known,52,10,1,0.04550301656126976,4096
neural_eb,neural_bidir_seed1_eb,zz_known,52,10,1,0.04561766982078552,4096
neural_eb,neural_bidir_seed2_eb,zz_known,52,10,1,0.04553880915045738,4096
neural_eb,neural_bidir_seed3_eb,zz_known,52,10,1,0.045634232461452484,4096
neural_eb,neural_bidir_seed4_eb,zz_known,52,10,1,0.04530777782201767,4096
dfe,none,zz_known,56,10,1,0.047282978892326355,0
summary_ridge_eb,none,zz_known,56,10,1,0.04404640197753906,4096
constant_mean_eb,none,zz_known,64,10,1,0.04420037567615509,4096
dfe,none,zz_known,68,10,1,0.04399661347270012,0
summary_ridge_eb,none,zz_known,72,10,1,0.04039891064167023,4096
neural_eb,neural_bidir_seed0_eb,zz_known,72,10,1,0.03984636440873146,4096
neural_eb,neural_bidir_seed1_eb,zz_known,72,10,1,0.03989694267511368,4096
neural_eb,neural_bidir_seed2_eb,zz_known,72,10,1,0.03985264524817467,4096
neural_eb,neural_bidir_seed3_eb,zz_known,72,10,1,0.03995002061128616,4096
neural_eb,neural_bidir_seed4_eb,zz_known,72,10,1,0.03969774395227432,4096
constant_mean_eb,none,zz_known,80,10,1,0.03900003060698509,4096
dfe,none,zz_known,84,10,1,0.03958667814731598,0
summary_ridge_eb,none,zz_known,96,10,1,0.035309530794620514,4096
neural_eb,neural_bidir_seed0_eb,zz_known,96,10,1,0.03463315963745117,4096
neural_eb,neural_bidir_seed1_eb,zz_known,96,10,1,0.03464813530445099,4096
neural_eb,neural_bidir_seed2_eb,zz_known,96,10,1,0.03464873507618904,4096
neural_eb,neural_bidir_seed3_eb,zz_known,96,10,1,0.034668754786252975,4096
neural_eb,neural_bidir_seed4_eb,zz_known,96,10,1,0.03452146798372269,4096
dfe,none,zz_known,128,10,1,0.031996678560972214,0
constant_mean_eb,none,zz_known,128,10,1,0.03155020996928215,4096
dfe,none,zz_known,192,10,1,0.02658897452056408,0
constant_mean_eb,none,zz_known,192,10,1,0.02638852596282959,4096
summary_ridge_eb,none,zz_known,192,10,1,0.026113614439964294,4096
neural_eb,neural_bidir_seed0_eb,zz_known,192,10,1,0.025587979704141617,4096
neural_eb,neural_bidir_seed1_eb,zz_known,192,10,1,0.02559230476617813,4096
neural_eb,neural_bidir_seed2_eb,zz_known,192,10,1,0.025575634092092514,4096
neural_eb,neural_bidir_seed3_eb,zz_known,192,10,1,0.025619065389037132,4096
neural_eb,neural_bidir_seed4_eb,zz_known,192,10,1,0.025516431778669357,4096
constant_mean_prior,none,none,0,10,2,0.18048498034477234,4096
constant_median_prior,none,none,0,10,2,0.16978049278259277,4096
summary_ridge_prior,none,none,0,10,2,0.09356672316789627,4096
product_affine_prior,none,none,0,10,2,0.10678514093160629,4096
exact_marginal_affine_prior,none,none,0,10,2,0.10352573543787003,4096
neural_prior,neural_bidir_seed0_prior,none,0,10,2,0.08726116269826889,4096
neural_prior,neural_bidir_seed1_prior,none,0,10,2,0.09008590877056122,4096
neural_prior,neural_bidir_seed2_prior,none,0,10,2,0.08704644441604614,4096
neural_prior,neural_bidir_seed3_prior,none,0,10,2,0.08701777458190918,4096
neural_prior,neural_bidir_seed4_prior,none,0,10,2,0.08673064410686493,4096
summary_ridge_eb,none,zz_known,12,10,2,0.07417276501655579,4096
neural_eb,neural_bidir_seed0_eb,zz_known,12,10,2,0.07243280857801437,4096
neural_eb,neural_bidir_seed1_eb,zz_known,12,10,2,0.07364621758460999,4096
neural_eb,neural_bidir_seed2_eb,zz_known,12,10,2,0.07244262099266052,4096
neural_eb,neural_bidir_seed3_eb,zz_known,12,10,2,0.07244723290205002,4096
neural_eb,neural_bidir_seed4_eb,zz_known,12,10,2,0.07223662734031677,4096
summary_ridge_eb,none,zz_known,16,10,2,0.06612531840801239,4096
neural_eb,neural_bidir_seed0_eb,zz_known,16,10,2,0.06451231241226196,4096
neural_eb,neural_bidir_seed1_eb,zz_known,16,10,2,0.06543418765068054,4096
neural_eb,neural_bidir_seed2_eb,zz_known,16,10,2,0.06450192630290985,4096
neural_eb,neural_bidir_seed3_eb,zz_known,16,10,2,0.06450927257537842,4096
neural_eb,neural_bidir_seed4_eb,zz_known,16,10,2,0.064297616481781,4096
constant_mean_eb,none,zz_known,20,10,2,0.0766165629029274,4096
summary_ridge_eb,none,zz_known,20,10,2,0.06336402893066406,4096
neural_eb,neural_bidir_seed0_eb,zz_known,20,10,2,0.06237604841589928,4096
neural_eb,neural_bidir_seed1_eb,zz_known,20,10,2,0.06319458782672882,4096
neural_eb,neural_bidir_seed2_eb,zz_known,20,10,2,0.062378592789173126,4096
neural_eb,neural_bidir_seed3_eb,zz_known,20,10,2,0.06243334710597992,4096
neural_eb,neural_bidir_seed4_eb,zz_known,20,10,2,0.06223355978727341,4096
dfe,none,zz_known,24,10,2,0.07472681999206543,0
constant_mean_eb,none,zz_known,24,10,2,0.07085102796554565,4096
neural_eb,neural_bidir_seed0_eb,zz_known,24,10,2,0.05782560259103775,4096
neural_eb,neural_bidir_seed1_eb,zz_known,24,10,2,0.05857226997613907,4096
neural_eb,neural_bidir_seed2_eb,zz_known,24,10,2,0.05775873363018036,4096
neural_eb,neural_bidir_seed3_eb,zz_known,24,10,2,0.05782177299261093,4096
neural_eb,neural_bidir_seed4_eb,zz_known,24,10,2,0.05764209106564522,4096
dfe,none,zz_known,28,10,2,0.06897640228271484,0
summary_ridge_eb,none,zz_known,28,10,2,0.05682041868567467,4096
dfe,none,zz_known,32,10,2,0.06304025650024414,0
constant_mean_eb,none,zz_known,32,10,2,0.060482174158096313,4096
summary_ridge_eb,none,zz_known,32,10,2,0.05335642397403717,4096
neural_eb,neural_bidir_seed0_eb,zz_known,32,10,2,0.05212011933326721,4096
neural_eb,neural_bidir_seed1_eb,zz_known,32,10,2,0.05263867974281311,4096
neural_eb,neural_bidir_seed2_eb,zz_known,32,10,2,0.05212332680821419,4096
neural_eb,neural_bidir_seed3_eb,zz_known,32,10,2,0.052188239991664886,4096
neural_eb,neural_bidir_seed4_eb,zz_known,32,10,2,0.05202395096421242,4096
constant_mean_eb,none,zz_known,36,10,2,0.05822588503360748,4096
summary_ridge_eb,none,zz_known,36,10,2,0.052582576870918274,4096
neural_eb,neural_bidir_seed0_eb,zz_known,36,10,2,0.051082588732242584,4096
neural_eb,neural_bidir_seed1_eb,zz_known,36,10,2,0.05153850466012955,4096
neural_eb,neural_bidir_seed2_eb,zz_known,36,10,2,0.0511147677898407,4096
neural_eb,neural_bidir_seed3_eb,zz_known,36,10,2,0.051173388957977295,4096
neural_eb,neural_bidir_seed4_eb,zz_known,36,10,2,0.051050350069999695,4096
dfe,none,zz_known,40,10,2,0.05694549158215523,0
neural_eb,neural_bidir_seed0_eb,zz_known,40,10,2,0.049317941069602966,4096
neural_eb,neural_bidir_seed1_eb,zz_known,40,10,2,0.049734629690647125,4096
neural_eb,neural_bidir_seed2_eb,zz_known,40,10,2,0.04934130981564522,4096
neural_eb,neural_bidir_seed3_eb,zz_known,40,10,2,0.04938871040940285,4096
neural_eb,neural_bidir_seed4_eb,zz_known,40,10,2,0.04922232776880264,4096
dfe,none,zz_known,44,10,2,0.054656267166137695,0
constant_mean_eb,none,zz_known,44,10,2,0.05297018215060234,4096
summary_ridge_eb,none,zz_known,44,10,2,0.048297591507434845,4096
dfe,none,zz_known,48,10,2,0.052037313580513,0
constant_mean_eb,none,zz_known,52,10,2,0.04944424331188202,4096
neural_eb,neural_bidir_seed0_eb,zz_known,52,10,2,0.04467714577913284,4096
neural_eb,neural_bidir_seed1_eb,zz_known,52,10,2,0.044996682554483414,4096
neural_eb,neural_bidir_seed2_eb,zz_known,52,10,2,0.04468509182333946,4096
neural_eb,neural_bidir_seed3_eb,zz_known,52,10,2,0.04472918063402176,4096
neural_eb,neural_bidir_seed4_eb,zz_known,52,10,2,0.04459953308105469,4096
dfe,none,zz_known,56,10,2,0.0493316613137722,0
summary_ridge_eb,none,zz_known,56,10,2,0.044226713478565216,4096
constant_mean_eb,none,zz_known,64,10,2,0.044062405824661255,4096
dfe,none,zz_known,68,10,2,0.04300384223461151,0
summary_ridge_eb,none,zz_known,72,10,2,0.039397209882736206,4096
neural_eb,neural_bidir_seed0_eb,zz_known,72,10,2,0.039100900292396545,4096
neural_eb,neural_bidir_seed1_eb,zz_known,72,10,2,0.03929905593395233,4096
neural_eb,neural_bidir_seed2_eb,zz_known,72,10,2,0.039094988256692886,4096
neural_eb,neural_bidir_seed3_eb,zz_known,72,10,2,0.039108436554670334,4096
neural_eb,neural_bidir_seed4_eb,zz_known,72,10,2,0.03905273601412773,4096
constant_mean_eb,none,zz_known,80,10,2,0.039752550423145294,4096
dfe,none,zz_known,84,10,2,0.03919479623436928,0
summary_ridge_eb,none,zz_known,96,10,2,0.035249676555395126,4096
neural_eb,neural_bidir_seed0_eb,zz_known,96,10,2,0.034660495817661285,4096
neural_eb,neural_bidir_seed1_eb,zz_known,96,10,2,0.03474514186382294,4096
neural_eb,neural_bidir_seed2_eb,zz_known,96,10,2,0.03466859832406044,4096
neural_eb,neural_bidir_seed3_eb,zz_known,96,10,2,0.03471827134490013,4096
neural_eb,neural_bidir_seed4_eb,zz_known,96,10,2,0.03458709269762039,4096
dfe,none,zz_known,128,10,2,0.0317443385720253,0
constant_mean_eb,none,zz_known,128,10,2,0.031398892402648926,4096
dfe,none,zz_known,192,10,2,0.02579614892601967,0
constant_mean_eb,none,zz_known,192,10,2,0.025555603206157684,4096
summary_ridge_eb,none,zz_known,192,10,2,0.025502275675535202,4096
neural_eb,neural_bidir_seed0_eb,zz_known,192,10,2,0.024909332394599915,4096
neural_eb,neural_bidir_seed1_eb,zz_known,192,10,2,0.02493170276284218,4096
neural_eb,neural_bidir_seed2_eb,zz_known,192,10,2,0.02492019347846508,4096
neural_eb,neural_bidir_seed3_eb,zz_known,192,10,2,0.024956297129392624,4096
neural_eb,neural_bidir_seed4_eb,zz_known,192,10,2,0.024904031306505203,4096
constant_mean_prior,none,none,0,10,3,0.17940059304237366,4096
constant_median_prior,none,none,0,10,3,0.1654042750597,4096
summary_ridge_prior,none,none,0,10,3,0.09248559921979904,4096
product_affine_prior,none,none,0,10,3,0.10660115629434586,4096
exact_marginal_affine_prior,none,none,0,10,3,0.10338959097862244,4096
neural_prior,neural_bidir_seed0_prior,none,0,10,3,0.08729884773492813,4096
neural_prior,neural_bidir_seed1_prior,none,0,10,3,0.08998654782772064,4096
neural_prior,neural_bidir_seed2_prior,none,0,10,3,0.08714855462312698,4096
neural_prior,neural_bidir_seed3_prior,none,0,10,3,0.08717350661754608,4096
neural_prior,neural_bidir_seed4_prior,none,0,10,3,0.08679085969924927,4096
summary_ridge_eb,none,zz_known,12,10,3,0.07477680593729019,4096
neural_eb,neural_bidir_seed0_eb,zz_known,12,10,3,0.07304292172193527,4096
neural_eb,neural_bidir_seed1_eb,zz_known,12,10,3,0.07401396334171295,4096
neural_eb,neural_bidir_seed2_eb,zz_known,12,10,3,0.07298402488231659,4096
neural_eb,neural_bidir_seed3_eb,zz_known,12,10,3,0.0731004923582077,4096
neural_eb,neural_bidir_seed4_eb,zz_known,12,10,3,0.07270105928182602,4096
summary_ridge_eb,none,zz_known,16,10,3,0.06725161522626877,4096
neural_eb,neural_bidir_seed0_eb,zz_known,16,10,3,0.06733541190624237,4096
neural_eb,neural_bidir_seed1_eb,zz_known,16,10,3,0.06821838021278381,4096
neural_eb,neural_bidir_seed2_eb,zz_known,16,10,3,0.06731308996677399,4096
neural_eb,neural_bidir_seed3_eb,zz_known,16,10,3,0.06747801601886749,4096
neural_eb,neural_bidir_seed4_eb,zz_known,16,10,3,0.06713028252124786,4096
constant_mean_eb,none,zz_known,20,10,3,0.0764537826180458,4096
summary_ridge_eb,none,zz_known,20,10,3,0.0632665827870369,4096
neural_eb,neural_bidir_seed0_eb,zz_known,20,10,3,0.06276845932006836,4096
neural_eb,neural_bidir_seed1_eb,zz_known,20,10,3,0.06357911229133606,4096
neural_eb,neural_bidir_seed2_eb,zz_known,20,10,3,0.06279860436916351,4096
neural_eb,neural_bidir_seed3_eb,zz_known,20,10,3,0.0627845972776413,4096
neural_eb,neural_bidir_seed4_eb,zz_known,20,10,3,0.06255123019218445,4096
dfe,none,zz_known,24,10,3,0.07496148347854614,0
constant_mean_eb,none,zz_known,24,10,3,0.07100322097539902,4096
neural_eb,neural_bidir_seed0_eb,zz_known,24,10,3,0.05969446152448654,4096
neural_eb,neural_bidir_seed1_eb,zz_known,24,10,3,0.060346126556396484,4096
neural_eb,neural_bidir_seed2_eb,zz_known,24,10,3,0.059703387320041656,4096
neural_eb,neural_bidir_seed3_eb,zz_known,24,10,3,0.05980057269334793,4096
neural_eb,neural_bidir_seed4_eb,zz_known,24,10,3,0.05947572737932205,4096
dfe,none,zz_known,28,10,3,0.06933716684579849,0
summary_ridge_eb,none,zz_known,28,10,3,0.05670908838510513,4096
dfe,none,zz_known,32,10,3,0.06424036622047424,0
constant_mean_eb,none,zz_known,32,10,3,0.06113261729478836,4096
summary_ridge_eb,none,zz_known,32,10,3,0.05334603786468506,4096
neural_eb,neural_bidir_seed0_eb,zz_known,32,10,3,0.05328274518251419,4096
neural_eb,neural_bidir_seed1_eb,zz_known,32,10,3,0.0536971241235733,4096
neural_eb,neural_bidir_seed2_eb,zz_known,32,10,3,0.053277790546417236,4096
neural_eb,neural_bidir_seed3_eb,zz_known,32,10,3,0.053413260728120804,4096
neural_eb,neural_bidir_seed4_eb,zz_known,32,10,3,0.053133442997932434,4096
constant_mean_eb,none,zz_known,36,10,3,0.057268790900707245,4096
summary_ridge_eb,none,zz_known,36,10,3,0.05035997927188873,4096
neural_eb,neural_bidir_seed0_eb,zz_known,36,10,3,0.05089641734957695,4096
neural_eb,neural_bidir_seed1_eb,zz_known,36,10,3,0.05129322037100792,4096
neural_eb,neural_bidir_seed2_eb,zz_known,36,10,3,0.05092744156718254,4096
neural_eb,neural_bidir_seed3_eb,zz_known,36,10,3,0.050877414643764496,4096
neural_eb,neural_bidir_seed4_eb,zz_known,36,10,3,0.05072132498025894,4096
dfe,none,zz_known,40,10,3,0.05773293226957321,0
neural_eb,neural_bidir_seed0_eb,zz_known,40,10,3,0.04917154088616371,4096
neural_eb,neural_bidir_seed1_eb,zz_known,40,10,3,0.04945303499698639,4096
neural_eb,neural_bidir_seed2_eb,zz_known,40,10,3,0.049156688153743744,4096
neural_eb,neural_bidir_seed3_eb,zz_known,40,10,3,0.04925086721777916,4096
neural_eb,neural_bidir_seed4_eb,zz_known,40,10,3,0.04900166392326355,4096
dfe,none,zz_known,44,10,3,0.05510309338569641,0
constant_mean_eb,none,zz_known,44,10,3,0.05289624631404877,4096
summary_ridge_eb,none,zz_known,44,10,3,0.04725974053144455,4096
dfe,none,zz_known,48,10,3,0.05273234099149704,0
constant_mean_eb,none,zz_known,52,10,3,0.04869895800948143,4096
neural_eb,neural_bidir_seed0_eb,zz_known,52,10,3,0.044414084404706955,4096
neural_eb,neural_bidir_seed1_eb,zz_known,52,10,3,0.04461364448070526,4096
neural_eb,neural_bidir_seed2_eb,zz_known,52,10,3,0.044438496232032776,4096
neural_eb,neural_bidir_seed3_eb,zz_known,52,10,3,0.04451967030763626,4096
neural_eb,neural_bidir_seed4_eb,zz_known,52,10,3,0.04434498772025108,4096
dfe,none,zz_known,56,10,3,0.04754488915205002,0
summary_ridge_eb,none,zz_known,56,10,3,0.04305066168308258,4096
constant_mean_eb,none,zz_known,64,10,3,0.0431520938873291,4096
dfe,none,zz_known,68,10,3,0.04374942556023598,0
summary_ridge_eb,none,zz_known,72,10,3,0.039197664707899094,4096
neural_eb,neural_bidir_seed0_eb,zz_known,72,10,3,0.03917583450675011,4096
neural_eb,neural_bidir_seed1_eb,zz_known,72,10,3,0.03925773501396179,4096
neural_eb,neural_bidir_seed2_eb,zz_known,72,10,3,0.03916340693831444,4096
neural_eb,neural_bidir_seed3_eb,zz_known,72,10,3,0.039221085608005524,4096
neural_eb,neural_bidir_seed4_eb,zz_known,72,10,3,0.03910059854388237,4096
constant_mean_eb,none,zz_known,80,10,3,0.039749979972839355,4096
dfe,none,zz_known,84,10,3,0.03919299691915512,0
summary_ridge_eb,none,zz_known,96,10,3,0.033794619143009186,4096
neural_eb,neural_bidir_seed0_eb,zz_known,96,10,3,0.034257352352142334,4096
neural_eb,neural_bidir_seed1_eb,zz_known,96,10,3,0.03428763151168823,4096
neural_eb,neural_bidir_seed2_eb,zz_known,96,10,3,0.034247517585754395,4096
neural_eb,neural_bidir_seed3_eb,zz_known,96,10,3,0.034279268234968185,4096
neural_eb,neural_bidir_seed4_eb,zz_known,96,10,3,0.034177470952272415,4096
dfe,none,zz_known,128,10,3,0.03197275474667549,0
constant_mean_eb,none,zz_known,128,10,3,0.031719669699668884,4096
dfe,none,zz_known,192,10,3,0.026308434084057808,0
constant_mean_eb,none,zz_known,192,10,3,0.02612479031085968,4096
summary_ridge_eb,none,zz_known,192,10,3,0.025495052337646484,4096
neural_eb,neural_bidir_seed0_eb,zz_known,192,10,3,0.02558579295873642,4096
neural_eb,neural_bidir_seed1_eb,zz_known,192,10,3,0.025616850703954697,4096
neural_eb,neural_bidir_seed2_eb,zz_known,192,10,3,0.025587785989046097,4096
neural_eb,neural_bidir_seed3_eb,zz_known,192,10,3,0.025590363889932632,4096
neural_eb,neural_bidir_seed4_eb,zz_known,192,10,3,0.025561045855283737,4096
constant_mean_prior,none,none,0,10,4,0.1808987706899643,4096
constant_median_prior,none,none,0,10,4,0.16719838976860046,4096
summary_ridge_prior,none,none,0,10,4,0.09369398653507233,4096
product_affine_prior,none,none,0,10,4,0.10597728192806244,4096
exact_marginal_affine_prior,none,none,0,10,4,0.1026860773563385,4096
neural_prior,neural_bidir_seed0_prior,none,0,10,4,0.08645206689834595,4096
neural_prior,neural_bidir_seed1_prior,none,0,10,4,0.08890096098184586,4096
neural_prior,neural_bidir_seed2_prior,none,0,10,4,0.08641967177391052,4096
neural_prior,neural_bidir_seed3_prior,none,0,10,4,0.08647055178880692,4096
neural_prior,neural_bidir_seed4_prior,none,0,10,4,0.08598935604095459,4096
summary_ridge_eb,none,zz_known,12,10,4,0.07617294788360596,4096
neural_eb,neural_bidir_seed0_eb,zz_known,12,10,4,0.0750388652086258,4096
neural_eb,neural_bidir_seed1_eb,zz_known,12,10,4,0.07607267796993256,4096
neural_eb,neural_bidir_seed2_eb,zz_known,12,10,4,0.07507704943418503,4096
neural_eb,neural_bidir_seed3_eb,zz_known,12,10,4,0.07522859424352646,4096
neural_eb,neural_bidir_seed4_eb,zz_known,12,10,4,0.07475239783525467,4096
summary_ridge_eb,none,zz_known,16,10,4,0.06973055005073547,4096
neural_eb,neural_bidir_seed0_eb,zz_known,16,10,4,0.06831152737140656,4096
neural_eb,neural_bidir_seed1_eb,zz_known,16,10,4,0.0692179948091507,4096
neural_eb,neural_bidir_seed2_eb,zz_known,16,10,4,0.06830668449401855,4096
neural_eb,neural_bidir_seed3_eb,zz_known,16,10,4,0.06842756271362305,4096
neural_eb,neural_bidir_seed4_eb,zz_known,16,10,4,0.06813295185565948,4096
constant_mean_eb,none,zz_known,20,10,4,0.07455416023731232,4096
summary_ridge_eb,none,zz_known,20,10,4,0.06246846169233322,4096
neural_eb,neural_bidir_seed0_eb,zz_known,20,10,4,0.06257198005914688,4096
neural_eb,neural_bidir_seed1_eb,zz_known,20,10,4,0.06331031024456024,4096
neural_eb,neural_bidir_seed2_eb,zz_known,20,10,4,0.06259632110595703,4096
neural_eb,neural_bidir_seed3_eb,zz_known,20,10,4,0.06265956163406372,4096
neural_eb,neural_bidir_seed4_eb,zz_known,20,10,4,0.06232501566410065,4096
dfe,none,zz_known,24,10,4,0.07314717024564743,0
constant_mean_eb,none,zz_known,24,10,4,0.06932051479816437,4096
neural_eb,neural_bidir_seed0_eb,zz_known,24,10,4,0.05875033140182495,4096
neural_eb,neural_bidir_seed1_eb,zz_known,24,10,4,0.05930321663618088,4096
neural_eb,neural_bidir_seed2_eb,zz_known,24,10,4,0.05874815210700035,4096
neural_eb,neural_bidir_seed3_eb,zz_known,24,10,4,0.05883166566491127,4096
neural_eb,neural_bidir_seed4_eb,zz_known,24,10,4,0.05859322100877762,4096
dfe,none,zz_known,28,10,4,0.06831736862659454,0
summary_ridge_eb,none,zz_known,28,10,4,0.05611516535282135,4096
dfe,none,zz_known,32,10,4,0.06560711562633514,0
constant_mean_eb,none,zz_known,32,10,4,0.06277824193239212,4096
summary_ridge_eb,none,zz_known,32,10,4,0.055104415863752365,4096
neural_eb,neural_bidir_seed0_eb,zz_known,32,10,4,0.05508510768413544,4096
neural_eb,neural_bidir_seed1_eb,zz_known,32,10,4,0.05540436506271362,4096
neural_eb,neural_bidir_seed2_eb,zz_known,32,10,4,0.05509024113416672,4096
neural_eb,neural_bidir_seed3_eb,zz_known,32,10,4,0.055246397852897644,4096
neural_eb,neural_bidir_seed4_eb,zz_known,32,10,4,0.05496282875537872,4096
constant_mean_eb,none,zz_known,36,10,4,0.05834845453500748,4096
summary_ridge_eb,none,zz_known,36,10,4,0.051240526139736176,4096
neural_eb,neural_bidir_seed0_eb,zz_known,36,10,4,0.051236025989055634,4096
neural_eb,neural_bidir_seed1_eb,zz_known,36,10,4,0.0515480674803257,4096
neural_eb,neural_bidir_seed2_eb,zz_known,36,10,4,0.05126576870679855,4096
neural_eb,neural_bidir_seed3_eb,zz_known,36,10,4,0.05139750614762306,4096
neural_eb,neural_bidir_seed4_eb,zz_known,36,10,4,0.05110732838511467,4096
dfe,none,zz_known,40,10,4,0.056543655693531036,0
neural_eb,neural_bidir_seed0_eb,zz_known,40,10,4,0.0492323637008667,4096
neural_eb,neural_bidir_seed1_eb,zz_known,40,10,4,0.049499306827783585,4096
neural_eb,neural_bidir_seed2_eb,zz_known,40,10,4,0.049254730343818665,4096
neural_eb,neural_bidir_seed3_eb,zz_known,40,10,4,0.04936349764466286,4096
neural_eb,neural_bidir_seed4_eb,zz_known,40,10,4,0.049061745405197144,4096
dfe,none,zz_known,44,10,4,0.05458078905940056,0
constant_mean_eb,none,zz_known,44,10,4,0.052736297249794006,4096
summary_ridge_eb,none,zz_known,44,10,4,0.048185139894485474,4096
dfe,none,zz_known,48,10,4,0.05169425159692764,0
constant_mean_eb,none,zz_known,52,10,4,0.048148490488529205,4096
neural_eb,neural_bidir_seed0_eb,zz_known,52,10,4,0.0450105145573616,4096
neural_eb,neural_bidir_seed1_eb,zz_known,52,10,4,0.04515756666660309,4096
neural_eb,neural_bidir_seed2_eb,zz_known,52,10,4,0.045025914907455444,4096
neural_eb,neural_bidir_seed3_eb,zz_known,52,10,4,0.045101098716259,4096
neural_eb,neural_bidir_seed4_eb,zz_known,52,10,4,0.044931452721357346,4096
dfe,none,zz_known,56,10,4,0.04878148064017296,0
summary_ridge_eb,none,zz_known,56,10,4,0.04400262609124184,4096
constant_mean_eb,none,zz_known,64,10,4,0.04426893964409828,4096
dfe,none,zz_known,68,10,4,0.043800391256809235,0
summary_ridge_eb,none,zz_known,72,10,4,0.04010988399386406,4096
neural_eb,neural_bidir_seed0_eb,zz_known,72,10,4,0.03998582810163498,4096
neural_eb,neural_bidir_seed1_eb,zz_known,72,10,4,0.040062300860881805,4096
neural_eb,neural_bidir_seed2_eb,zz_known,72,10,4,0.039986226707696915,4096
neural_eb,neural_bidir_seed3_eb,zz_known,72,10,4,0.04011831432580948,4096
neural_eb,neural_bidir_seed4_eb,zz_known,72,10,4,0.03987806290388107,4096
constant_mean_eb,none,zz_known,80,10,4,0.03974781557917595,4096
dfe,none,zz_known,84,10,4,0.03977707773447037,0
summary_ridge_eb,none,zz_known,96,10,4,0.03481652960181236,4096
neural_eb,neural_bidir_seed0_eb,zz_known,96,10,4,0.03494364768266678,4096
neural_eb,neural_bidir_seed1_eb,zz_known,96,10,4,0.03499197959899902,4096
neural_eb,neural_bidir_seed2_eb,zz_known,96,10,4,0.03496256470680237,4096
neural_eb,neural_bidir_seed3_eb,zz_known,96,10,4,0.03502475470304489,4096
neural_eb,neural_bidir_seed4_eb,zz_known,96,10,4,0.034899137914180756,4096
dfe,none,zz_known,128,10,4,0.031815554946660995,0
constant_mean_eb,none,zz_known,128,10,4,0.031377121806144714,4096
dfe,none,zz_known,192,10,4,0.025646405294537544,0
constant_mean_eb,none,zz_known,192,10,4,0.025421567261219025,4096
summary_ridge_eb,none,zz_known,192,10,4,0.025094281882047653,4096
neural_eb,neural_bidir_seed0_eb,zz_known,192,10,4,0.025073880329728127,4096
neural_eb,neural_bidir_seed1_eb,zz_known,192,10,4,0.025058375671505928,4096
neural_eb,neural_bidir_seed2_eb,zz_known,192,10,4,0.02508454956114292,4096
neural_eb,neural_bidir_seed3_eb,zz_known,192,10,4,0.02512882463634014,4096
neural_eb,neural_bidir_seed4_eb,zz_known,192,10,4,0.02506500482559204,4096
constant_mean_prior,none,none,0,11,0,0.17105144262313843,4096
constant_median_prior,none,none,0,11,0,0.1654042750597,4096
summary_ridge_prior,none,none,0,11,0,0.09590235352516174,4096
product_affine_prior,none,none,0,11,0,0.1083582192659378,4096
exact_marginal_affine_prior,none,none,0,11,0,0.10494208335876465,4096
neural_prior,neural_bidir_seed0_prior,none,0,11,0,0.08688820898532867,4096
neural_prior,neural_bidir_seed1_prior,none,0,11,0,0.09002333879470825,4096
neural_prior,neural_bidir_seed2_prior,none,0,11,0,0.08714548498392105,4096
neural_prior,neural_bidir_seed3_prior,none,0,11,0,0.08690619468688965,4096
neural_prior,neural_bidir_seed4_prior,none,0,11,0,0.08594387024641037,4096
summary_ridge_eb,none,zz_known,12,11,0,0.07626723498106003,4096
neural_eb,neural_bidir_seed0_eb,zz_known,12,11,0,0.07290109246969223,4096
neural_eb,neural_bidir_seed1_eb,zz_known,12,11,0,0.07413190603256226,4096
neural_eb,neural_bidir_seed2_eb,zz_known,12,11,0,0.07303561270236969,4096
neural_eb,neural_bidir_seed3_eb,zz_known,12,11,0,0.07303866744041443,4096
neural_eb,neural_bidir_seed4_eb,zz_known,12,11,0,0.07253831624984741,4096
summary_ridge_eb,none,zz_known,16,11,0,0.06870079040527344,4096
neural_eb,neural_bidir_seed0_eb,zz_known,16,11,0,0.06606050580739975,4096
neural_eb,neural_bidir_seed1_eb,zz_known,16,11,0,0.06715500354766846,4096
neural_eb,neural_bidir_seed2_eb,zz_known,16,11,0,0.06614826619625092,4096
neural_eb,neural_bidir_seed3_eb,zz_known,16,11,0,0.0661536157131195,4096
neural_eb,neural_bidir_seed4_eb,zz_known,16,11,0,0.06578527390956879,4096
constant_mean_eb,none,zz_known,20,11,0,0.07541397213935852,4096
summary_ridge_eb,none,zz_known,20,11,0,0.06284946948289871,4096
neural_eb,neural_bidir_seed0_eb,zz_known,20,11,0,0.06040458008646965,4096
neural_eb,neural_bidir_seed1_eb,zz_known,20,11,0,0.06137440353631973,4096
neural_eb,neural_bidir_seed2_eb,zz_known,20,11,0,0.06047406792640686,4096
neural_eb,neural_bidir_seed3_eb,zz_known,20,11,0,0.060436055064201355,4096
neural_eb,neural_bidir_seed4_eb,zz_known,20,11,0,0.06017761677503586,4096
dfe,none,zz_known,24,11,0,0.07465896010398865,0
constant_mean_eb,none,zz_known,24,11,0,0.07054796814918518,4096
neural_eb,neural_bidir_seed0_eb,zz_known,24,11,0,0.058609336614608765,4096
neural_eb,neural_bidir_seed1_eb,zz_known,24,11,0,0.05933014303445816,4096
neural_eb,neural_bidir_seed2_eb,zz_known,24,11,0,0.058672599494457245,4096
neural_eb,neural_bidir_seed3_eb,zz_known,24,11,0,0.058659978210926056,4096
neural_eb,neural_bidir_seed4_eb,zz_known,24,11,0,0.05838571488857269,4096
dfe,none,zz_known,28,11,0,0.06844370067119598,0
summary_ridge_eb,none,zz_known,28,11,0,0.055987223982810974,4096
dfe,none,zz_known,32,11,0,0.06419259309768677,0
constant_mean_eb,none,zz_known,32,11,0,0.060977522283792496,4096
summary_ridge_eb,none,zz_known,32,11,0,0.05414724349975586,4096
neural_eb,neural_bidir_seed0_eb,zz_known,32,11,0,0.052299126982688904,4096
neural_eb,neural_bidir_seed1_eb,zz_known,32,11,0,0.05283000320196152,4096
neural_eb,neural_bidir_seed2_eb,zz_known,32,11,0,0.052366673946380615,4096
neural_eb,neural_bidir_seed3_eb,zz_known,32,11,0,0.05242377147078514,4096
neural_eb,neural_bidir_seed4_eb,zz_known,32,11,0,0.05217905715107918,4096
constant_mean_eb,none,zz_known,36,11,0,0.05875503644347191,4096
summary_ridge_eb,none,zz_known,36,11,0,0.05235528200864792,4096
neural_eb,neural_bidir_seed0_eb,zz_known,36,11,0,0.05042713135480881,4096
neural_eb,neural_bidir_seed1_eb,zz_known,36,11,0,0.05095132440328598,4096
neural_eb,neural_bidir_seed2_eb,zz_known,36,11,0,0.0504450798034668,4096
neural_eb,neural_bidir_seed3_eb,zz_known,36,11,0,0.05051001161336899,4096
neural_eb,neural_bidir_seed4_eb,zz_known,36,11,0,0.05023736506700516,4096
dfe,none,zz_known,40,11,0,0.056613318622112274,0
neural_eb,neural_bidir_seed0_eb,zz_known,40,11,0,0.04811831936240196,4096
neural_eb,neural_bidir_seed1_eb,zz_known,40,11,0,0.048620399087667465,4096
neural_eb,neural_bidir_seed2_eb,zz_known,40,11,0,0.048154108226299286,4096
neural_eb,neural_bidir_seed3_eb,zz_known,40,11,0,0.04817454144358635,4096
neural_eb,neural_bidir_seed4_eb,zz_known,40,11,0,0.048004794865846634,4096
dfe,none,zz_known,44,11,0,0.05373087152838707,0
constant_mean_eb,none,zz_known,44,11,0,0.051940470933914185,4096
summary_ridge_eb,none,zz_known,44,11,0,0.04696844145655632,4096
dfe,none,zz_known,48,11,0,0.05188301205635071,0
constant_mean_eb,none,zz_known,52,11,0,0.04783550649881363,4096
neural_eb,neural_bidir_seed0_eb,zz_known,52,11,0,0.04375246912240982,4096
neural_eb,neural_bidir_seed1_eb,zz_known,52,11,0,0.04399558901786804,4096
neural_eb,neural_bidir_seed2_eb,zz_known,52,11,0,0.043755512684583664,4096
neural_eb,neural_bidir_seed3_eb,zz_known,52,11,0,0.043842580169439316,4096
neural_eb,neural_bidir_seed4_eb,zz_known,52,11,0,0.04365179315209389,4096
dfe,none,zz_known,56,11,0,0.0479009672999382,0
summary_ridge_eb,none,zz_known,56,11,0,0.0427941232919693,4096
constant_mean_eb,none,zz_known,64,11,0,0.0442957729101181,4096
dfe,none,zz_known,68,11,0,0.04442443698644638,0
summary_ridge_eb,none,zz_known,72,11,0,0.03876417875289917,4096
neural_eb,neural_bidir_seed0_eb,zz_known,72,11,0,0.03836191073060036,4096
neural_eb,neural_bidir_seed1_eb,zz_known,72,11,0,0.038565319031476974,4096
neural_eb,neural_bidir_seed2_eb,zz_known,72,11,0,0.03835103660821915,4096
neural_eb,neural_bidir_seed3_eb,zz_known,72,11,0,0.038367077708244324,4096
neural_eb,neural_bidir_seed4_eb,zz_known,72,11,0,0.03828269988298416,4096
constant_mean_eb,none,zz_known,80,11,0,0.039128996431827545,4096
dfe,none,zz_known,84,11,0,0.03886830806732178,0
summary_ridge_eb,none,zz_known,96,11,0,0.03414572775363922,4096
neural_eb,neural_bidir_seed0_eb,zz_known,96,11,0,0.03376924991607666,4096
neural_eb,neural_bidir_seed1_eb,zz_known,96,11,0,0.03391553461551666,4096
neural_eb,neural_bidir_seed2_eb,zz_known,96,11,0,0.033776529133319855,4096
neural_eb,neural_bidir_seed3_eb,zz_known,96,11,0,0.03380285203456879,4096
neural_eb,neural_bidir_seed4_eb,zz_known,96,11,0,0.033740147948265076,4096
dfe,none,zz_known,128,11,0,0.03193490207195282,0
constant_mean_eb,none,zz_known,128,11,0,0.03132204711437225,4096
dfe,none,zz_known,192,11,0,0.026244256645441055,0
constant_mean_eb,none,zz_known,192,11,0,0.025987379252910614,4096
summary_ridge_eb,none,zz_known,192,11,0,0.02539529651403427,4096
neural_eb,neural_bidir_seed0_eb,zz_known,192,11,0,0.025244221091270447,4096
neural_eb,neural_bidir_seed1_eb,zz_known,192,11,0,0.02530553564429283,4096
neural_eb,neural_bidir_seed2_eb,zz_known,192,11,0,0.025251038372516632,4096
neural_eb,neural_bidir_seed3_eb,zz_known,192,11,0,0.025264104828238487,4096
neural_eb,neural_bidir_seed4_eb,zz_known,192,11,0,0.025228800252079964,4096
constant_mean_prior,none,none,0,11,1,0.17628522217273712,4096
constant_median_prior,none,none,0,11,1,0.16838017106056213,4096
summary_ridge_prior,none,none,0,11,1,0.09107553958892822,4096
product_affine_prior,none,none,0,11,1,0.108482226729393,4096
exact_marginal_affine_prior,none,none,0,11,1,0.10487775504589081,4096
neural_prior,neural_bidir_seed0_prior,none,0,11,1,0.08779177814722061,4096
neural_prior,neural_bidir_seed1_prior,none,0,11,1,0.0910051167011261,4096
neural_prior,neural_bidir_seed2_prior,none,0,11,1,0.08812788128852844,4096
neural_prior,neural_bidir_seed3_prior,none,0,11,1,0.08784795552492142,4096
neural_prior,neural_bidir_seed4_prior,none,0,11,1,0.08686520904302597,4096
summary_ridge_eb,none,zz_known,12,11,1,0.07443183660507202,4096
neural_eb,neural_bidir_seed0_eb,zz_known,12,11,1,0.07288764417171478,4096
neural_eb,neural_bidir_seed1_eb,zz_known,12,11,1,0.0741351991891861,4096
neural_eb,neural_bidir_seed2_eb,zz_known,12,11,1,0.07304200530052185,4096
neural_eb,neural_bidir_seed3_eb,zz_known,12,11,1,0.07305106520652771,4096
neural_eb,neural_bidir_seed4_eb,zz_known,12,11,1,0.07254225760698318,4096
summary_ridge_eb,none,zz_known,16,11,1,0.06782731413841248,4096
neural_eb,neural_bidir_seed0_eb,zz_known,16,11,1,0.06709897518157959,4096
neural_eb,neural_bidir_seed1_eb,zz_known,16,11,1,0.06826506555080414,4096
neural_eb,neural_bidir_seed2_eb,zz_known,16,11,1,0.06720179319381714,4096
neural_eb,neural_bidir_seed3_eb,zz_known,16,11,1,0.06714622676372528,4096
neural_eb,neural_bidir_seed4_eb,zz_known,16,11,1,0.06671255826950073,4096
constant_mean_eb,none,zz_known,20,11,1,0.07665878534317017,4096
summary_ridge_eb,none,zz_known,20,11,1,0.06314224004745483,4096
neural_eb,neural_bidir_seed0_eb,zz_known,20,11,1,0.062398143112659454,4096
neural_eb,neural_bidir_seed1_eb,zz_known,20,11,1,0.06325709819793701,4096
neural_eb,neural_bidir_seed2_eb,zz_known,20,11,1,0.06247472018003464,4096
neural_eb,neural_bidir_seed3_eb,zz_known,20,11,1,0.062475696206092834,4096
neural_eb,neural_bidir_seed4_eb,zz_known,20,11,1,0.06208518519997597,4096
dfe,none,zz_known,24,11,1,0.07322588562965393,0
constant_mean_eb,none,zz_known,24,11,1,0.06918001919984818,4096
neural_eb,neural_bidir_seed0_eb,zz_known,24,11,1,0.05850687995553017,4096
neural_eb,neural_bidir_seed1_eb,zz_known,24,11,1,0.059242133051157,4096
neural_eb,neural_bidir_seed2_eb,zz_known,24,11,1,0.05853215977549553,4096
neural_eb,neural_bidir_seed3_eb,zz_known,24,11,1,0.058516114950180054,4096
neural_eb,neural_bidir_seed4_eb,zz_known,24,11,1,0.05824669077992439,4096
dfe,none,zz_known,28,11,1,0.06853137165307999,0
summary_ridge_eb,none,zz_known,28,11,1,0.05613938719034195,4096
dfe,none,zz_known,32,11,1,0.06315646320581436,0
constant_mean_eb,none,zz_known,32,11,1,0.06014091148972511,4096
summary_ridge_eb,none,zz_known,32,11,1,0.05231361836194992,4096
neural_eb,neural_bidir_seed0_eb,zz_known,32,11,1,0.052206993103027344,4096
neural_eb,neural_bidir_seed1_eb,zz_known,32,11,1,0.052860308438539505,4096
neural_eb,neural_bidir_seed2_eb,zz_known,32,11,1,0.05227619409561157,4096
neural_eb,neural_bidir_seed3_eb,zz_known,32,11,1,0.05221059173345566,4096
neural_eb,neural_bidir_seed4_eb,zz_known,32,11,1,0.052005939185619354,4096
constant_mean_eb,none,zz_known,36,11,1,0.05843913555145264,4096
summary_ridge_eb,none,zz_known,36,11,1,0.050970409065485,4096
neural_eb,neural_bidir_seed0_eb,zz_known,36,11,1,0.05107028782367706,4096
neural_eb,neural_bidir_seed1_eb,zz_known,36,11,1,0.05158659815788269,4096
neural_eb,neural_bidir_seed2_eb,zz_known,36,11,1,0.051094043999910355,4096
neural_eb,neural_bidir_seed3_eb,zz_known,36,11,1,0.05105788633227348,4096
neural_eb,neural_bidir_seed4_eb,zz_known,36,11,1,0.05089041218161583,4096
dfe,none,zz_known,40,11,1,0.057149168103933334,0
neural_eb,neural_bidir_seed0_eb,zz_known,40,11,1,0.049618858844041824,4096
neural_eb,neural_bidir_seed1_eb,zz_known,40,11,1,0.050055671483278275,4096
neural_eb,neural_bidir_seed2_eb,zz_known,40,11,1,0.04964820668101311,4096
neural_eb,neural_bidir_seed3_eb,zz_known,40,11,1,0.049569595605134964,4096
neural_eb,neural_bidir_seed4_eb,zz_known,40,11,1,0.04948671907186508,4096
dfe,none,zz_known,44,11,1,0.05437164753675461,0
constant_mean_eb,none,zz_known,44,11,1,0.052598871290683746,4096
summary_ridge_eb,none,zz_known,44,11,1,0.046563535928726196,4096
dfe,none,zz_known,48,11,1,0.051913000643253326,0
constant_mean_eb,none,zz_known,52,11,1,0.047543615102767944,4096
neural_eb,neural_bidir_seed0_eb,zz_known,52,11,1,0.04299091920256615,4096
neural_eb,neural_bidir_seed1_eb,zz_known,52,11,1,0.04334145039319992,4096
neural_eb,neural_bidir_seed2_eb,zz_known,52,11,1,0.04306172579526901,4096
neural_eb,neural_bidir_seed3_eb,zz_known,52,11,1,0.04300900176167488,4096
neural_eb,neural_bidir_seed4_eb,zz_known,52,11,1,0.04291358217597008,4096
dfe,none,zz_known,56,11,1,0.04875531792640686,0
summary_ridge_eb,none,zz_known,56,11,1,0.04330488294363022,4096
constant_mean_eb,none,zz_known,64,11,1,0.04409868270158768,4096
dfe,none,zz_known,68,11,1,0.044033363461494446,0
summary_ridge_eb,none,zz_known,72,11,1,0.038763824850320816,4096
neural_eb,neural_bidir_seed0_eb,zz_known,72,11,1,0.03901740163564682,4096
neural_eb,neural_bidir_seed1_eb,zz_known,72,11,1,0.039261914789676666,4096
neural_eb,neural_bidir_seed2_eb,zz_known,72,11,1,0.039015866816043854,4096
neural_eb,neural_bidir_seed3_eb,zz_known,72,11,1,0.03900338336825371,4096
neural_eb,neural_bidir_seed4_eb,zz_known,72,11,1,0.03892476111650467,4096
constant_mean_eb,none,zz_known,80,11,1,0.03914424777030945,4096
dfe,none,zz_known,84,11,1,0.03982282429933548,0
summary_ridge_eb,none,zz_known,96,11,1,0.0343218632042408,4096
neural_eb,neural_bidir_seed0_eb,zz_known,96,11,1,0.034549400210380554,4096
neural_eb,neural_bidir_seed1_eb,zz_known,96,11,1,0.034714214503765106,4096
neural_eb,neural_bidir_seed2_eb,zz_known,96,11,1,0.03455612063407898,4096
neural_eb,neural_bidir_seed3_eb,zz_known,96,11,1,0.03453592583537102,4096
neural_eb,neural_bidir_seed4_eb,zz_known,96,11,1,0.03449997678399086,4096
dfe,none,zz_known,128,11,1,0.03201574087142944,0
constant_mean_eb,none,zz_known,128,11,1,0.031713634729385376,4096
dfe,none,zz_known,192,11,1,0.025774072855710983,0
constant_mean_eb,none,zz_known,192,11,1,0.025623545050621033,4096
summary_ridge_eb,none,zz_known,192,11,1,0.025029532611370087,4096
neural_eb,neural_bidir_seed0_eb,zz_known,192,11,1,0.025069348514080048,4096
neural_eb,neural_bidir_seed1_eb,zz_known,192,11,1,0.025119755417108536,4096
neural_eb,neural_bidir_seed2_eb,zz_known,192,11,1,0.025071613490581512,4096
neural_eb,neural_bidir_seed3_eb,zz_known,192,11,1,0.02506794035434723,4096
neural_eb,neural_bidir_seed4_eb,zz_known,192,11,1,0.025062769651412964,4096
constant_mean_prior,none,none,0,11,2,0.17205259203910828,4096
constant_median_prior,none,none,0,11,2,0.1654042750597,4096
summary_ridge_prior,none,none,0,11,2,0.09335453808307648,4096
product_affine_prior,none,none,0,11,2,0.10787171125411987,4096
exact_marginal_affine_prior,none,none,0,11,2,0.10442991554737091,4096
neural_prior,neural_bidir_seed0_prior,none,0,11,2,0.08646808564662933,4096
neural_prior,neural_bidir_seed1_prior,none,0,11,2,0.08958517014980316,4096
neural_prior,neural_bidir_seed2_prior,none,0,11,2,0.08678248524665833,4096
neural_prior,neural_bidir_seed3_prior,none,0,11,2,0.08654839545488358,4096
neural_prior,neural_bidir_seed4_prior,none,0,11,2,0.0854998528957367,4096
summary_ridge_eb,none,zz_known,12,11,2,0.07596941292285919,4096
neural_eb,neural_bidir_seed0_eb,zz_known,12,11,2,0.07322803139686584,4096
neural_eb,neural_bidir_seed1_eb,zz_known,12,11,2,0.07451379299163818,4096
neural_eb,neural_bidir_seed2_eb,zz_known,12,11,2,0.07334010303020477,4096
neural_eb,neural_bidir_seed3_eb,zz_known,12,11,2,0.0732971727848053,4096
neural_eb,neural_bidir_seed4_eb,zz_known,12,11,2,0.0728234276175499,4096
summary_ridge_eb,none,zz_known,16,11,2,0.06753424555063248,4096
neural_eb,neural_bidir_seed0_eb,zz_known,16,11,2,0.0656149834394455,4096
neural_eb,neural_bidir_seed1_eb,zz_known,16,11,2,0.0667162835597992,4096
neural_eb,neural_bidir_seed2_eb,zz_known,16,11,2,0.0657593160867691,4096
neural_eb,neural_bidir_seed3_eb,zz_known,16,11,2,0.06562793999910355,4096
neural_eb,neural_bidir_seed4_eb,zz_known,16,11,2,0.06531791388988495,4096
constant_mean_eb,none,zz_known,20,11,2,0.07356005907058716,4096
summary_ridge_eb,none,zz_known,20,11,2,0.0622253343462944,4096
neural_eb,neural_bidir_seed0_eb,zz_known,20,11,2,0.059478141367435455,4096
neural_eb,neural_bidir_seed1_eb,zz_known,20,11,2,0.06034122407436371,4096
neural_eb,neural_bidir_seed2_eb,zz_known,20,11,2,0.05951745808124542,4096
neural_eb,neural_bidir_seed3_eb,zz_known,20,11,2,0.05950744450092316,4096
neural_eb,neural_bidir_seed4_eb,zz_known,20,11,2,0.0592476986348629,4096
dfe,none,zz_known,24,11,2,0.07432067394256592,0
constant_mean_eb,none,zz_known,24,11,2,0.07025130838155746,4096
neural_eb,neural_bidir_seed0_eb,zz_known,24,11,2,0.058477576822042465,4096
neural_eb,neural_bidir_seed1_eb,zz_known,24,11,2,0.05928253009915352,4096
neural_eb,neural_bidir_seed2_eb,zz_known,24,11,2,0.058552008122205734,4096
neural_eb,neural_bidir_seed3_eb,zz_known,24,11,2,0.058560971170663834,4096
neural_eb,neural_bidir_seed4_eb,zz_known,24,11,2,0.05819202587008476,4096
dfe,none,zz_known,28,11,2,0.06768831610679626,0
summary_ridge_eb,none,zz_known,28,11,2,0.055754516273736954,4096
dfe,none,zz_known,32,11,2,0.0634097158908844,0
constant_mean_eb,none,zz_known,32,11,2,0.06041930243372917,4096
summary_ridge_eb,none,zz_known,32,11,2,0.052631884813308716,4096
neural_eb,neural_bidir_seed0_eb,zz_known,32,11,2,0.05201214551925659,4096
neural_eb,neural_bidir_seed1_eb,zz_known,32,11,2,0.05261483043432236,4096
neural_eb,neural_bidir_seed2_eb,zz_known,32,11,2,0.0519954115152359,4096
neural_eb,neural_bidir_seed3_eb,zz_known,32,11,2,0.051947448402643204,4096
neural_eb,neural_bidir_seed4_eb,zz_known,32,11,2,0.05185253545641899,4096
constant_mean_eb,none,zz_known,36,11,2,0.05804343521595001,4096
summary_ridge_eb,none,zz_known,36,11,2,0.05157991498708725,4096
neural_eb,neural_bidir_seed0_eb,zz_known,36,11,2,0.05089147016406059,4096
neural_eb,neural_bidir_seed1_eb,zz_known,36,11,2,0.05142298340797424,4096
neural_eb,neural_bidir_seed2_eb,zz_known,36,11,2,0.05093858391046524,4096
neural_eb,neural_bidir_seed3_eb,zz_known,36,11,2,0.050896063446998596,4096
neural_eb,neural_bidir_seed4_eb,zz_known,36,11,2,0.05074428766965866,4096
dfe,none,zz_known,40,11,2,0.0564672127366066,0
neural_eb,neural_bidir_seed0_eb,zz_known,40,11,2,0.04864482954144478,4096
neural_eb,neural_bidir_seed1_eb,zz_known,40,11,2,0.04914741963148117,4096
neural_eb,neural_bidir_seed2_eb,zz_known,40,11,2,0.048657383769750595,4096
neural_eb,neural_bidir_seed3_eb,zz_known,40,11,2,0.048695482313632965,4096
neural_eb,neural_bidir_seed4_eb,zz_known,40,11,2,0.0485529825091362,4096
dfe,none,zz_known,44,11,2,0.054493993520736694,0
constant_mean_eb,none,zz_known,44,11,2,0.05292166769504547,4096
summary_ridge_eb,none,zz_known,44,11,2,0.048008620738983154,4096
dfe,none,zz_known,48,11,2,0.05168707296252251,0
constant_mean_eb,none,zz_known,52,11,2,0.04883423447608948,4096
neural_eb,neural_bidir_seed0_eb,zz_known,52,11,2,0.04384149610996246,4096
neural_eb,neural_bidir_seed1_eb,zz_known,52,11,2,0.044235266745090485,4096
neural_eb,neural_bidir_seed2_eb,zz_known,52,11,2,0.04388899356126785,4096
neural_eb,neural_bidir_seed3_eb,zz_known,52,11,2,0.04386231303215027,4096
neural_eb,neural_bidir_seed4_eb,zz_known,52,11,2,0.04378604143857956,4096
dfe,none,zz_known,56,11,2,0.04863476753234863,0
summary_ridge_eb,none,zz_known,56,11,2,0.04323679581284523,4096
constant_mean_eb,none,zz_known,64,11,2,0.043360643088817596,4096
dfe,none,zz_known,68,11,2,0.04298694431781769,0
summary_ridge_eb,none,zz_known,72,11,2,0.039489854127168655,4096
neural_eb,neural_bidir_seed0_eb,zz_known,72,11,2,0.03889642655849457,4096
neural_eb,neural_bidir_seed1_eb,zz_known,72,11,2,0.03913025185465813,4096
neural_eb,neural_bidir_seed2_eb,zz_known,72,11,2,0.03891293704509735,4096
neural_eb,neural_bidir_seed3_eb,zz_known,72,11,2,0.03894177824258804,4096
neural_eb,neural_bidir_seed4_eb,zz_known,72,11,2,0.03882646560668945,4096
constant_mean_eb,none,zz_known,80,11,2,0.039269931614398956,4096
dfe,none,zz_known,84,11,2,0.03874164819717407,0
summary_ridge_eb,none,zz_known,96,11,2,0.03488104045391083,4096
neural_eb,neural_bidir_seed0_eb,zz_known,96,11,2,0.03470228612422943,4096
neural_eb,neural_bidir_seed1_eb,zz_known,96,11,2,0.03487048298120499,4096
neural_eb,neural_bidir_seed2_eb,zz_known,96,11,2,0.03470835089683533,4096
neural_eb,neural_bidir_seed3_eb,zz_known,96,11,2,0.03472427278757095,4096
neural_eb,neural_bidir_seed4_eb,zz_known,96,11,2,0.03466883301734924,4096
dfe,none,zz_known,128,11,2,0.03188249468803406,0
constant_mean_eb,none,zz_known,128,11,2,0.03155773878097534,4096
dfe,none,zz_known,192,11,2,0.02597009763121605,0
constant_mean_eb,none,zz_known,192,11,2,0.025813309475779533,4096
summary_ridge_eb,none,zz_known,192,11,2,0.025081932544708252,4096
neural_eb,neural_bidir_seed0_eb,zz_known,192,11,2,0.02509099803864956,4096
neural_eb,neural_bidir_seed1_eb,zz_known,192,11,2,0.025153614580631256,4096
neural_eb,neural_bidir_seed2_eb,zz_known,192,11,2,0.025094423443078995,4096
neural_eb,neural_bidir_seed3_eb,zz_known,192,11,2,0.02508424036204815,4096
neural_eb,neural_bidir_seed4_eb,zz_known,192,11,2,0.025095276534557343,4096
constant_mean_prior,none,none,0,11,3,0.171837717294693,4096
constant_median_prior,none,none,0,11,3,0.16719838976860046,4096
summary_ridge_prior,none,none,0,11,3,0.09343978762626648,4096
product_affine_prior,none,none,0,11,3,0.10918593406677246,4096
exact_marginal_affine_prior,none,none,0,11,3,0.10577656328678131,4096
neural_prior,neural_bidir_seed0_prior,none,0,11,3,0.08754120022058487,4096
neural_prior,neural_bidir_seed1_prior,none,0,11,3,0.09069691598415375,4096
neural_prior,neural_bidir_seed2_prior,none,0,11,3,0.08783700317144394,4096
neural_prior,neural_bidir_seed3_prior,none,0,11,3,0.08762200176715851,4096
neural_prior,neural_bidir_seed4_prior,none,0,11,3,0.08643773943185806,4096
summary_ridge_eb,none,zz_known,12,11,3,0.07610795646905899,4096
neural_eb,neural_bidir_seed0_eb,zz_known,12,11,3,0.0728335976600647,4096
neural_eb,neural_bidir_seed1_eb,zz_known,12,11,3,0.07413788884878159,4096
neural_eb,neural_bidir_seed2_eb,zz_known,12,11,3,0.07302498817443848,4096
neural_eb,neural_bidir_seed3_eb,zz_known,12,11,3,0.07297974824905396,4096
neural_eb,neural_bidir_seed4_eb,zz_known,12,11,3,0.07238154858350754,4096
summary_ridge_eb,none,zz_known,16,11,3,0.06822958588600159,4096
neural_eb,neural_bidir_seed0_eb,zz_known,16,11,3,0.06585951894521713,4096
neural_eb,neural_bidir_seed1_eb,zz_known,16,11,3,0.06689813733100891,4096
neural_eb,neural_bidir_seed2_eb,zz_known,16,11,3,0.0659540668129921,4096
neural_eb,neural_bidir_seed3_eb,zz_known,16,11,3,0.0659361183643341,4096
neural_eb,neural_bidir_seed4_eb,zz_known,16,11,3,0.06545975804328918,4096
constant_mean_eb,none,zz_known,20,11,3,0.07541954517364502,4096
summary_ridge_eb,none,zz_known,20,11,3,0.06363111734390259,4096
neural_eb,neural_bidir_seed0_eb,zz_known,20,11,3,0.061836011707782745,4096
neural_eb,neural_bidir_seed1_eb,zz_known,20,11,3,0.06276487559080124,4096
neural_eb,neural_bidir_seed2_eb,zz_known,20,11,3,0.061954014003276825,4096
neural_eb,neural_bidir_seed3_eb,zz_known,20,11,3,0.06191789731383324,4096
neural_eb,neural_bidir_seed4_eb,zz_known,20,11,3,0.061521947383880615,4096
dfe,none,zz_known,24,11,3,0.07390909641981125,0
constant_mean_eb,none,zz_known,24,11,3,0.0697089359164238,4096
neural_eb,neural_bidir_seed0_eb,zz_known,24,11,3,0.058122847229242325,4096
neural_eb,neural_bidir_seed1_eb,zz_known,24,11,3,0.0588809996843338,4096
neural_eb,neural_bidir_seed2_eb,zz_known,24,11,3,0.0581899918615818,4096
neural_eb,neural_bidir_seed3_eb,zz_known,24,11,3,0.05824120342731476,4096
neural_eb,neural_bidir_seed4_eb,zz_known,24,11,3,0.057873331010341644,4096
dfe,none,zz_known,28,11,3,0.06744210422039032,0
summary_ridge_eb,none,zz_known,28,11,3,0.055549513548612595,4096
dfe,none,zz_known,32,11,3,0.06391702592372894,0
constant_mean_eb,none,zz_known,32,11,3,0.06084956228733063,4096
summary_ridge_eb,none,zz_known,32,11,3,0.053128622472286224,4096
neural_eb,neural_bidir_seed0_eb,zz_known,32,11,3,0.0520661361515522,4096
neural_eb,neural_bidir_seed1_eb,zz_known,32,11,3,0.052675843238830566,4096
neural_eb,neural_bidir_seed2_eb,zz_known,32,11,3,0.0520666278898716,4096
neural_eb,neural_bidir_seed3_eb,zz_known,32,11,3,0.05207176133990288,4096
neural_eb,neural_bidir_seed4_eb,zz_known,32,11,3,0.05186866968870163,4096
constant_mean_eb,none,zz_known,36,11,3,0.05722208693623543,4096
summary_ridge_eb,none,zz_known,36,11,3,0.05102728679776192,4096
neural_eb,neural_bidir_seed0_eb,zz_known,36,11,3,0.05008339509367943,4096
neural_eb,neural_bidir_seed1_eb,zz_known,36,11,3,0.05054906755685806,4096
neural_eb,neural_bidir_seed2_eb,zz_known,36,11,3,0.05011137202382088,4096
neural_eb,neural_bidir_seed3_eb,zz_known,36,11,3,0.05010472983121872,4096
neural_eb,neural_bidir_seed4_eb,zz_known,36,11,3,0.04989209771156311,4096
dfe,none,zz_known,40,11,3,0.05807872861623764,0
neural_eb,neural_bidir_seed0_eb,zz_known,40,11,3,0.049018505960702896,4096
neural_eb,neural_bidir_seed1_eb,zz_known,40,11,3,0.04950153827667236,4096
neural_eb,neural_bidir_seed2_eb,zz_known,40,11,3,0.049090366810560226,4096
neural_eb,neural_bidir_seed3_eb,zz_known,40,11,3,0.04910586401820183,4096
neural_eb,neural_bidir_seed4_eb,zz_known,40,11,3,0.04878026247024536,4096
dfe,none,zz_known,44,11,3,0.054315872490406036,0
constant_mean_eb,none,zz_known,44,11,3,0.05256294459104538,4096
summary_ridge_eb,none,zz_known,44,11,3,0.04773710295557976,4096
dfe,none,zz_known,48,11,3,0.052037421613931656,0
constant_mean_eb,none,zz_known,52,11,3,0.04847490042448044,4096
neural_eb,neural_bidir_seed0_eb,zz_known,52,11,3,0.043736837804317474,4096
neural_eb,neural_bidir_seed1_eb,zz_known,52,11,3,0.04404632747173309,4096
neural_eb,neural_bidir_seed2_eb,zz_known,52,11,3,0.04373766481876373,4096
neural_eb,neural_bidir_seed3_eb,zz_known,52,11,3,0.04374536871910095,4096
neural_eb,neural_bidir_seed4_eb,zz_known,52,11,3,0.04361904039978981,4096
dfe,none,zz_known,56,11,3,0.04772648215293884,0
summary_ridge_eb,none,zz_known,56,11,3,0.043345317244529724,4096
constant_mean_eb,none,zz_known,64,11,3,0.04353945702314377,4096
dfe,none,zz_known,68,11,3,0.044341329485177994,0
summary_ridge_eb,none,zz_known,72,11,3,0.038720495998859406,4096
neural_eb,neural_bidir_seed0_eb,zz_known,72,11,3,0.038295626640319824,4096
neural_eb,neural_bidir_seed1_eb,zz_known,72,11,3,0.03849291428923607,4096
neural_eb,neural_bidir_seed2_eb,zz_known,72,11,3,0.03830903023481369,4096
neural_eb,neural_bidir_seed3_eb,zz_known,72,11,3,0.038305580615997314,4096
neural_eb,neural_bidir_seed4_eb,zz_known,72,11,3,0.03821602463722229,4096
constant_mean_eb,none,zz_known,80,11,3,0.040076278150081635,4096
dfe,none,zz_known,84,11,3,0.0393538735806942,0
summary_ridge_eb,none,zz_known,96,11,3,0.034765083342790604,4096
neural_eb,neural_bidir_seed0_eb,zz_known,96,11,3,0.03449844568967819,4096
neural_eb,neural_bidir_seed1_eb,zz_known,96,11,3,0.03464801609516144,4096
neural_eb,neural_bidir_seed2_eb,zz_known,96,11,3,0.03450264036655426,4096
neural_eb,neural_bidir_seed3_eb,zz_known,96,11,3,0.03450082242488861,4096
neural_eb,neural_bidir_seed4_eb,zz_known,96,11,3,0.03445097804069519,4096
dfe,none,zz_known,128,11,3,0.031602952629327774,0
constant_mean_eb,none,zz_known,128,11,3,0.031016498804092407,4096
dfe,none,zz_known,192,11,3,0.026078034192323685,0
constant_mean_eb,none,zz_known,192,11,3,0.02584385871887207,4096
summary_ridge_eb,none,zz_known,192,11,3,0.025230618193745613,4096
neural_eb,neural_bidir_seed0_eb,zz_known,192,11,3,0.025256812572479248,4096
neural_eb,neural_bidir_seed1_eb,zz_known,192,11,3,0.02532026171684265,4096
neural_eb,neural_bidir_seed2_eb,zz_known,192,11,3,0.02526164799928665,4096
neural_eb,neural_bidir_seed3_eb,zz_known,192,11,3,0.025255892425775528,4096
neural_eb,neural_bidir_seed4_eb,zz_known,192,11,3,0.02525634504854679,4096
constant_mean_prior,none,none,0,11,4,0.17403149604797363,4096
constant_median_prior,none,none,0,11,4,0.16838017106056213,4096
summary_ridge_prior,none,none,0,11,4,0.09504949301481247,4096
product_affine_prior,none,none,0,11,4,0.10880782455205917,4096
exact_marginal_affine_prior,none,none,0,11,4,0.10535673797130585,4096
neural_prior,neural_bidir_seed0_prior,none,0,11,4,0.08805780112743378,4096
neural_prior,neural_bidir_seed1_prior,none,0,11,4,0.09134453535079956,4096
neural_prior,neural_bidir_seed2_prior,none,0,11,4,0.08837790787220001,4096
neural_prior,neural_bidir_seed3_prior,none,0,11,4,0.08815905451774597,4096
neural_prior,neural_bidir_seed4_prior,none,0,11,4,0.0869908481836319,4096
summary_ridge_eb,none,zz_known,12,11,4,0.07483541965484619,4096
neural_eb,neural_bidir_seed0_eb,zz_known,12,11,4,0.07249109447002411,4096
neural_eb,neural_bidir_seed1_eb,zz_known,12,11,4,0.07393668591976166,4096
neural_eb,neural_bidir_seed2_eb,zz_known,12,11,4,0.07258979976177216,4096
neural_eb,neural_bidir_seed3_eb,zz_known,12,11,4,0.07247294485569,4096
neural_eb,neural_bidir_seed4_eb,zz_known,12,11,4,0.07201334834098816,4096
summary_ridge_eb,none,zz_known,16,11,4,0.06897594034671783,4096
neural_eb,neural_bidir_seed0_eb,zz_known,16,11,4,0.06623525172472,4096
neural_eb,neural_bidir_seed1_eb,zz_known,16,11,4,0.06741970777511597,4096
neural_eb,neural_bidir_seed2_eb,zz_known,16,11,4,0.06638054549694061,4096
neural_eb,neural_bidir_seed3_eb,zz_known,16,11,4,0.06639529764652252,4096
neural_eb,neural_bidir_seed4_eb,zz_known,16,11,4,0.06586521863937378,4096
constant_mean_eb,none,zz_known,20,11,4,0.07559867203235626,4096
summary_ridge_eb,none,zz_known,20,11,4,0.06319823861122131,4096
neural_eb,neural_bidir_seed0_eb,zz_known,20,11,4,0.061440616846084595,4096
neural_eb,neural_bidir_seed1_eb,zz_known,20,11,4,0.062437545508146286,4096
neural_eb,neural_bidir_seed2_eb,zz_known,20,11,4,0.061497531831264496,4096
neural_eb,neural_bidir_seed3_eb,zz_known,20,11,4,0.06152141094207764,4096
neural_eb,neural_bidir_seed4_eb,zz_known,20,11,4,0.06113409623503685,4096
dfe,none,zz_known,24,11,4,0.07307593524456024,0
constant_mean_eb,none,zz_known,24,11,4,0.0695372074842453,4096
neural_eb,neural_bidir_seed0_eb,zz_known,24,11,4,0.05764416232705116,4096
neural_eb,neural_bidir_seed1_eb,zz_known,24,11,4,0.05837923660874367,4096
neural_eb,neural_bidir_seed2_eb,zz_known,24,11,4,0.057703565806150436,4096
neural_eb,neural_bidir_seed3_eb,zz_known,24,11,4,0.05777312442660332,4096
neural_eb,neural_bidir_seed4_eb,zz_known,24,11,4,0.057374902069568634,4096
dfe,none,zz_known,28,11,4,0.06788922101259232,0
summary_ridge_eb,none,zz_known,28,11,4,0.05567079037427902,4096
dfe,none,zz_known,32,11,4,0.06317758560180664,0
constant_mean_eb,none,zz_known,32,11,4,0.0605926513671875,4096
summary_ridge_eb,none,zz_known,32,11,4,0.05347901210188866,4096
neural_eb,neural_bidir_seed0_eb,zz_known,32,11,4,0.05249582231044769,4096
neural_eb,neural_bidir_seed1_eb,zz_known,32,11,4,0.053109314292669296,4096
neural_eb,neural_bidir_seed2_eb,zz_known,32,11,4,0.05255816876888275,4096
neural_eb,neural_bidir_seed3_eb,zz_known,32,11,4,0.052519384771585464,4096
neural_eb,neural_bidir_seed4_eb,zz_known,32,11,4,0.05231853947043419,4096
constant_mean_eb,none,zz_known,36,11,4,0.05852110683917999,4096
summary_ridge_eb,none,zz_known,36,11,4,0.05197622999548912,4096
neural_eb,neural_bidir_seed0_eb,zz_known,36,11,4,0.05137777328491211,4096
neural_eb,neural_bidir_seed1_eb,zz_known,36,11,4,0.051931336522102356,4096
neural_eb,neural_bidir_seed2_eb,zz_known,36,11,4,0.05137709528207779,4096
neural_eb,neural_bidir_seed3_eb,zz_known,36,11,4,0.051332198083400726,4096
neural_eb,neural_bidir_seed4_eb,zz_known,36,11,4,0.05117306113243103,4096
dfe,none,zz_known,40,11,4,0.057930655777454376,0
neural_eb,neural_bidir_seed0_eb,zz_known,40,11,4,0.04843392223119736,4096
neural_eb,neural_bidir_seed1_eb,zz_known,40,11,4,0.04893597215414047,4096
neural_eb,neural_bidir_seed2_eb,zz_known,40,11,4,0.048485659062862396,4096
neural_eb,neural_bidir_seed3_eb,zz_known,40,11,4,0.04847061261534691,4096
neural_eb,neural_bidir_seed4_eb,zz_known,40,11,4,0.04827030003070831,4096
dfe,none,zz_known,44,11,4,0.054103970527648926,0
constant_mean_eb,none,zz_known,44,11,4,0.05247485265135765,4096
summary_ridge_eb,none,zz_known,44,11,4,0.0473753921687603,4096
dfe,none,zz_known,48,11,4,0.05218898132443428,0
constant_mean_eb,none,zz_known,52,11,4,0.04854274541139603,4096
neural_eb,neural_bidir_seed0_eb,zz_known,52,11,4,0.04398993030190468,4096
neural_eb,neural_bidir_seed1_eb,zz_known,52,11,4,0.0443408340215683,4096
neural_eb,neural_bidir_seed2_eb,zz_known,52,11,4,0.044043831527233124,4096
neural_eb,neural_bidir_seed3_eb,zz_known,52,11,4,0.044010940939188004,4096
neural_eb,neural_bidir_seed4_eb,zz_known,52,11,4,0.04391363263130188,4096
dfe,none,zz_known,56,11,4,0.04830707237124443,0
summary_ridge_eb,none,zz_known,56,11,4,0.04361928254365921,4096
constant_mean_eb,none,zz_known,64,11,4,0.04357818886637688,4096
dfe,none,zz_known,68,11,4,0.04295489564538002,0
summary_ridge_eb,none,zz_known,72,11,4,0.03937752917408943,4096
neural_eb,neural_bidir_seed0_eb,zz_known,72,11,4,0.0390249639749527,4096
neural_eb,neural_bidir_seed1_eb,zz_known,72,11,4,0.039251554757356644,4096
neural_eb,neural_bidir_seed2_eb,zz_known,72,11,4,0.039032943546772,4096
neural_eb,neural_bidir_seed3_eb,zz_known,72,11,4,0.03903726488351822,4096
neural_eb,neural_bidir_seed4_eb,zz_known,72,11,4,0.03894616290926933,4096
constant_mean_eb,none,zz_known,80,11,4,0.038766585290431976,4096
dfe,none,zz_known,84,11,4,0.03892135247588158,0
summary_ridge_eb,none,zz_known,96,11,4,0.034819066524505615,4096
neural_eb,neural_bidir_seed0_eb,zz_known,96,11,4,0.034230008721351624,4096
neural_eb,neural_bidir_seed1_eb,zz_known,96,11,4,0.034388989210128784,4096
neural_eb,neural_bidir_seed2_eb,zz_known,96,11,4,0.03423904627561569,4096
neural_eb,neural_bidir_seed3_eb,zz_known,96,11,4,0.03423740714788437,4096
neural_eb,neural_bidir_seed4_eb,zz_known,96,11,4,0.03417271748185158,4096
dfe,none,zz_known,128,11,4,0.03182372450828552,0
constant_mean_eb,none,zz_known,128,11,4,0.031323596835136414,4096
dfe,none,zz_known,192,11,4,0.026263080537319183,0
constant_mean_eb,none,zz_known,192,11,4,0.026159368455410004,4096
summary_ridge_eb,none,zz_known,192,11,4,0.025574177503585815,4096
neural_eb,neural_bidir_seed0_eb,zz_known,192,11,4,0.02560838684439659,4096
neural_eb,neural_bidir_seed1_eb,zz_known,192,11,4,0.02566372975707054,4096
neural_eb,neural_bidir_seed2_eb,zz_known,192,11,4,0.025614136829972267,4096
neural_eb,neural_bidir_seed3_eb,zz_known,192,11,4,0.02559777721762657,4096
neural_eb,neural_bidir_seed4_eb,zz_known,192,11,4,0.02560867927968502,4096
constant_mean_prior,none,none,0,12,0,0.17717263102531433,4096
constant_median_prior,none,none,0,12,0,0.16626541316509247,4096
summary_ridge_prior,none,none,0,12,0,0.09638473391532898,4096
product_affine_prior,none,none,0,12,0,0.1095394715666771,4096
exact_marginal_affine_prior,none,none,0,12,0,0.10609057545661926,4096
neural_prior,neural_bidir_seed0_prior,none,0,12,0,0.08464667946100235,4096
neural_prior,neural_bidir_seed1_prior,none,0,12,0,0.0870494395494461,4096
neural_prior,neural_bidir_seed2_prior,none,0,12,0,0.08457596600055695,4096
neural_prior,neural_bidir_seed3_prior,none,0,12,0,0.0848100334405899,4096
neural_prior,neural_bidir_seed4_prior,none,0,12,0,0.08397950977087021,4096
summary_ridge_eb,none,zz_known,12,12,0,0.07480090856552124,4096
neural_eb,neural_bidir_seed0_eb,zz_known,12,12,0,0.07131165266036987,4096
neural_eb,neural_bidir_seed1_eb,zz_known,12,12,0,0.07236608117818832,4096
neural_eb,neural_bidir_seed2_eb,zz_known,12,12,0,0.07120118290185928,4096
neural_eb,neural_bidir_seed3_eb,zz_known,12,12,0,0.07132693380117416,4096
neural_eb,neural_bidir_seed4_eb,zz_known,12,12,0,0.07100579887628555,4096
summary_ridge_eb,none,zz_known,16,12,0,0.06982235610485077,4096
neural_eb,neural_bidir_seed0_eb,zz_known,16,12,0,0.06627841293811798,4096
neural_eb,neural_bidir_seed1_eb,zz_known,16,12,0,0.06713996827602386,4096
neural_eb,neural_bidir_seed2_eb,zz_known,16,12,0,0.06620073318481445,4096
neural_eb,neural_bidir_seed3_eb,zz_known,16,12,0,0.06628280878067017,4096
neural_eb,neural_bidir_seed4_eb,zz_known,16,12,0,0.06590014696121216,4096
constant_mean_eb,none,zz_known,20,12,0,0.07663096487522125,4096
summary_ridge_eb,none,zz_known,20,12,0,0.06376200914382935,4096
neural_eb,neural_bidir_seed0_eb,zz_known,20,12,0,0.06138303503394127,4096
neural_eb,neural_bidir_seed1_eb,zz_known,20,12,0,0.06217772886157036,4096
neural_eb,neural_bidir_seed2_eb,zz_known,20,12,0,0.06127864867448807,4096
neural_eb,neural_bidir_seed3_eb,zz_known,20,12,0,0.06127937510609627,4096
neural_eb,neural_bidir_seed4_eb,zz_known,20,12,0,0.06116194278001785,4096
dfe,none,zz_known,24,12,0,0.07372428476810455,0
constant_mean_eb,none,zz_known,24,12,0,0.06923596560955048,4096
neural_eb,neural_bidir_seed0_eb,zz_known,24,12,0,0.057438068091869354,4096
neural_eb,neural_bidir_seed1_eb,zz_known,24,12,0,0.058113522827625275,4096
neural_eb,neural_bidir_seed2_eb,zz_known,24,12,0,0.057406261563301086,4096
neural_eb,neural_bidir_seed3_eb,zz_known,24,12,0,0.057334937155246735,4096
neural_eb,neural_bidir_seed4_eb,zz_known,24,12,0,0.05721195042133331,4096
dfe,none,zz_known,28,12,0,0.06846307963132858,0
summary_ridge_eb,none,zz_known,28,12,0,0.05693221092224121,4096
dfe,none,zz_known,32,12,0,0.06357923150062561,0
constant_mean_eb,none,zz_known,32,12,0,0.0609312504529953,4096
summary_ridge_eb,none,zz_known,32,12,0,0.054063890129327774,4096
neural_eb,neural_bidir_seed0_eb,zz_known,32,12,0,0.05291607230901718,4096
neural_eb,neural_bidir_seed1_eb,zz_known,32,12,0,0.053354859352111816,4096
neural_eb,neural_bidir_seed2_eb,zz_known,32,12,0,0.05284994840621948,4096
neural_eb,neural_bidir_seed3_eb,zz_known,32,12,0,0.05288609117269516,4096
neural_eb,neural_bidir_seed4_eb,zz_known,32,12,0,0.05274950712919235,4096
constant_mean_eb,none,zz_known,36,12,0,0.05880160629749298,4096
summary_ridge_eb,none,zz_known,36,12,0,0.0524173378944397,4096
neural_eb,neural_bidir_seed0_eb,zz_known,36,12,0,0.05091515928506851,4096
neural_eb,neural_bidir_seed1_eb,zz_known,36,12,0,0.051369331777095795,4096
neural_eb,neural_bidir_seed2_eb,zz_known,36,12,0,0.05081811174750328,4096
neural_eb,neural_bidir_seed3_eb,zz_known,36,12,0,0.05086343735456467,4096
neural_eb,neural_bidir_seed4_eb,zz_known,36,12,0,0.05072272568941116,4096
dfe,none,zz_known,40,12,0,0.05756823346018791,0
neural_eb,neural_bidir_seed0_eb,zz_known,40,12,0,0.04907434061169624,4096
neural_eb,neural_bidir_seed1_eb,zz_known,40,12,0,0.049500722438097,4096
neural_eb,neural_bidir_seed2_eb,zz_known,40,12,0,0.049041882157325745,4096
neural_eb,neural_bidir_seed3_eb,zz_known,40,12,0,0.049046747386455536,4096
neural_eb,neural_bidir_seed4_eb,zz_known,40,12,0,0.04898502677679062,4096
dfe,none,zz_known,44,12,0,0.053393129259347916,0
constant_mean_eb,none,zz_known,44,12,0,0.051962681114673615,4096
summary_ridge_eb,none,zz_known,44,12,0,0.04733263701200485,4096
dfe,none,zz_known,48,12,0,0.05091921240091324,0
constant_mean_eb,none,zz_known,52,12,0,0.04786890745162964,4096
neural_eb,neural_bidir_seed0_eb,zz_known,52,12,0,0.04375550523400307,4096
neural_eb,neural_bidir_seed1_eb,zz_known,52,12,0,0.04401974380016327,4096
neural_eb,neural_bidir_seed2_eb,zz_known,52,12,0,0.04372755438089371,4096
neural_eb,neural_bidir_seed3_eb,zz_known,52,12,0,0.043757908046245575,4096
neural_eb,neural_bidir_seed4_eb,zz_known,52,12,0,0.04366043210029602,4096
dfe,none,zz_known,56,12,0,0.04820442199707031,0
summary_ridge_eb,none,zz_known,56,12,0,0.043615229427814484,4096
constant_mean_eb,none,zz_known,64,12,0,0.04418399557471275,4096
dfe,none,zz_known,68,12,0,0.0436638779938221,0
summary_ridge_eb,none,zz_known,72,12,0,0.03906458988785744,4096
neural_eb,neural_bidir_seed0_eb,zz_known,72,12,0,0.03855312243103981,4096
neural_eb,neural_bidir_seed1_eb,zz_known,72,12,0,0.03876034915447235,4096
neural_eb,neural_bidir_seed2_eb,zz_known,72,12,0,0.03852616995573044,4096
neural_eb,neural_bidir_seed3_eb,zz_known,72,12,0,0.03854326903820038,4096
neural_eb,neural_bidir_seed4_eb,zz_known,72,12,0,0.03848451003432274,4096
constant_mean_eb,none,zz_known,80,12,0,0.038538869470357895,4096
dfe,none,zz_known,84,12,0,0.03915402293205261,0
summary_ridge_eb,none,zz_known,96,12,0,0.034804921597242355,4096
neural_eb,neural_bidir_seed0_eb,zz_known,96,12,0,0.0346820168197155,4096
neural_eb,neural_bidir_seed1_eb,zz_known,96,12,0,0.034833043813705444,4096
neural_eb,neural_bidir_seed2_eb,zz_known,96,12,0,0.034677911549806595,4096
neural_eb,neural_bidir_seed3_eb,zz_known,96,12,0,0.034651514142751694,4096
neural_eb,neural_bidir_seed4_eb,zz_known,96,12,0,0.03468229994177818,4096
dfe,none,zz_known,128,12,0,0.03243965655565262,0
constant_mean_eb,none,zz_known,128,12,0,0.03225088119506836,4096
dfe,none,zz_known,192,12,0,0.026250094175338745,0
constant_mean_eb,none,zz_known,192,12,0,0.026025816798210144,4096
summary_ridge_eb,none,zz_known,192,12,0,0.025379076600074768,4096
neural_eb,neural_bidir_seed0_eb,zz_known,192,12,0,0.025308072566986084,4096
neural_eb,neural_bidir_seed1_eb,zz_known,192,12,0,0.025347787886857986,4096
neural_eb,neural_bidir_seed2_eb,zz_known,192,12,0,0.025307366624474525,4096
neural_eb,neural_bidir_seed3_eb,zz_known,192,12,0,0.02531476318836212,4096
neural_eb,neural_bidir_seed4_eb,zz_known,192,12,0,0.02528984844684601,4096
constant_mean_prior,none,none,0,12,1,0.1745051145553589,4096
constant_median_prior,none,none,0,12,1,0.16567540168762207,4096
summary_ridge_prior,none,none,0,12,1,0.09526430070400238,4096
product_affine_prior,none,none,0,12,1,0.10995098948478699,4096
exact_marginal_affine_prior,none,none,0,12,1,0.10670413076877594,4096
neural_prior,neural_bidir_seed0_prior,none,0,12,1,0.08609627187252045,4096
neural_prior,neural_bidir_seed1_prior,none,0,12,1,0.08857069909572601,4096
neural_prior,neural_bidir_seed2_prior,none,0,12,1,0.08592580258846283,4096
neural_prior,neural_bidir_seed3_prior,none,0,12,1,0.08623867481946945,4096
neural_prior,neural_bidir_seed4_prior,none,0,12,1,0.08543805778026581,4096
summary_ridge_eb,none,zz_known,12,12,1,0.0760689377784729,4096
neural_eb,neural_bidir_seed0_eb,zz_known,12,12,1,0.07313019782304764,4096
neural_eb,neural_bidir_seed1_eb,zz_known,12,12,1,0.07416475564241409,4096
neural_eb,neural_bidir_seed2_eb,zz_known,12,12,1,0.07299850881099701,4096
neural_eb,neural_bidir_seed3_eb,zz_known,12,12,1,0.07315461337566376,4096
neural_eb,neural_bidir_seed4_eb,zz_known,12,12,1,0.07282644510269165,4096
summary_ridge_eb,none,zz_known,16,12,1,0.06705017387866974,4096
neural_eb,neural_bidir_seed0_eb,zz_known,16,12,1,0.0655808076262474,4096
neural_eb,neural_bidir_seed1_eb,zz_known,16,12,1,0.06645006686449051,4096
neural_eb,neural_bidir_seed2_eb,zz_known,16,12,1,0.0654459223151207,4096
neural_eb,neural_bidir_seed3_eb,zz_known,16,12,1,0.06548254191875458,4096
neural_eb,neural_bidir_seed4_eb,zz_known,16,12,1,0.0653534084558487,4096
constant_mean_eb,none,zz_known,20,12,1,0.07506939023733139,4096
summary_ridge_eb,none,zz_known,20,12,1,0.062259264290332794,4096
neural_eb,neural_bidir_seed0_eb,zz_known,20,12,1,0.0605587437748909,4096
neural_eb,neural_bidir_seed1_eb,zz_known,20,12,1,0.06126091256737709,4096
neural_eb,neural_bidir_seed2_eb,zz_known,20,12,1,0.06048079952597618,4096
neural_eb,neural_bidir_seed3_eb,zz_known,20,12,1,0.060494083911180496,4096
neural_eb,neural_bidir_seed4_eb,zz_known,20,12,1,0.06034974753856659,4096
dfe,none,zz_known,24,12,1,0.0720590204000473,0
constant_mean_eb,none,zz_known,24,12,1,0.06868495047092438,4096
neural_eb,neural_bidir_seed0_eb,zz_known,24,12,1,0.05711670219898224,4096
neural_eb,neural_bidir_seed1_eb,zz_known,24,12,1,0.05768869072198868,4096
neural_eb,neural_bidir_seed2_eb,zz_known,24,12,1,0.05702708289027214,4096
neural_eb,neural_bidir_seed3_eb,zz_known,24,12,1,0.057027533650398254,4096
neural_eb,neural_bidir_seed4_eb,zz_known,24,12,1,0.05693148821592331,4096
dfe,none,zz_known,28,12,1,0.06811156868934631,0
summary_ridge_eb,none,zz_known,28,12,1,0.056623220443725586,4096
dfe,none,zz_known,32,12,1,0.06352327764034271,0
constant_mean_eb,none,zz_known,32,12,1,0.06067679822444916,4096
summary_ridge_eb,none,zz_known,32,12,1,0.05328340455889702,4096
neural_eb,neural_bidir_seed0_eb,zz_known,32,12,1,0.05268564820289612,4096
neural_eb,neural_bidir_seed1_eb,zz_known,32,12,1,0.05318208038806915,4096
neural_eb,neural_bidir_seed2_eb,zz_known,32,12,1,0.052602462470531464,4096
neural_eb,neural_bidir_seed3_eb,zz_known,32,12,1,0.052605971693992615,4096
neural_eb,neural_bidir_seed4_eb,zz_known,32,12,1,0.052558377385139465,4096
constant_mean_eb,none,zz_known,36,12,1,0.05787711963057518,4096
summary_ridge_eb,none,zz_known,36,12,1,0.05213674157857895,4096
neural_eb,neural_bidir_seed0_eb,zz_known,36,12,1,0.050966776907444,4096
neural_eb,neural_bidir_seed1_eb,zz_known,36,12,1,0.051324695348739624,4096
neural_eb,neural_bidir_seed2_eb,zz_known,36,12,1,0.05086391419172287,4096
neural_eb,neural_bidir_seed3_eb,zz_known,36,12,1,0.05093777924776077,4096
neural_eb,neural_bidir_seed4_eb,zz_known,36,12,1,0.05080503225326538,4096
dfe,none,zz_known,40,12,1,0.05648116022348404,0
neural_eb,neural_bidir_seed0_eb,zz_known,40,12,1,0.04791184514760971,4096
neural_eb,neural_bidir_seed1_eb,zz_known,40,12,1,0.04830952733755112,4096
neural_eb,neural_bidir_seed2_eb,zz_known,40,12,1,0.04790044203400612,4096
neural_eb,neural_bidir_seed3_eb,zz_known,40,12,1,0.04786442220211029,4096
neural_eb,neural_bidir_seed4_eb,zz_known,40,12,1,0.04783286526799202,4096
dfe,none,zz_known,44,12,1,0.05415757745504379,0
constant_mean_eb,none,zz_known,44,12,1,0.051923997700214386,4096
summary_ridge_eb,none,zz_known,44,12,1,0.04725011810660362,4096
dfe,none,zz_known,48,12,1,0.05127841234207153,0
constant_mean_eb,none,zz_known,52,12,1,0.04858698695898056,4096
neural_eb,neural_bidir_seed0_eb,zz_known,52,12,1,0.04339874908328056,4096
neural_eb,neural_bidir_seed1_eb,zz_known,52,12,1,0.04370015487074852,4096
neural_eb,neural_bidir_seed2_eb,zz_known,52,12,1,0.04336053878068924,4096
neural_eb,neural_bidir_seed3_eb,zz_known,52,12,1,0.04337840527296066,4096
neural_eb,neural_bidir_seed4_eb,zz_known,52,12,1,0.04332524538040161,4096
dfe,none,zz_known,56,12,1,0.04774235934019089,0
summary_ridge_eb,none,zz_known,56,12,1,0.042645975947380066,4096
constant_mean_eb,none,zz_known,64,12,1,0.04383248835802078,4096
dfe,none,zz_known,68,12,1,0.043342724442481995,0
summary_ridge_eb,none,zz_known,72,12,1,0.039038144052028656,4096
neural_eb,neural_bidir_seed0_eb,zz_known,72,12,1,0.038837701082229614,4096
neural_eb,neural_bidir_seed1_eb,zz_known,72,12,1,0.03902646154165268,4096
neural_eb,neural_bidir_seed2_eb,zz_known,72,12,1,0.038804035633802414,4096
neural_eb,neural_bidir_seed3_eb,zz_known,72,12,1,0.03881925344467163,4096
neural_eb,neural_bidir_seed4_eb,zz_known,72,12,1,0.038787152618169785,4096
constant_mean_eb,none,zz_known,80,12,1,0.03924281895160675,4096
dfe,none,zz_known,84,12,1,0.03974045813083649,0
summary_ridge_eb,none,zz_known,96,12,1,0.03446315973997116,4096
neural_eb,neural_bidir_seed0_eb,zz_known,96,12,1,0.03419426828622818,4096
neural_eb,neural_bidir_seed1_eb,zz_known,96,12,1,0.034322816878557205,4096
neural_eb,neural_bidir_seed2_eb,zz_known,96,12,1,0.03419125825166702,4096
neural_eb,neural_bidir_seed3_eb,zz_known,96,12,1,0.034197427332401276,4096
neural_eb,neural_bidir_seed4_eb,zz_known,96,12,1,0.03416799008846283,4096
dfe,none,zz_known,128,12,1,0.031541988253593445,0
constant_mean_eb,none,zz_known,128,12,1,0.031170520931482315,4096
dfe,none,zz_known,192,12,1,0.02626168355345726,0
constant_mean_eb,none,zz_known,192,12,1,0.026073411107063293,4096
summary_ridge_eb,none,zz_known,192,12,1,0.025380292907357216,4096
neural_eb,neural_bidir_seed0_eb,zz_known,192,12,1,0.025363437831401825,4096
neural_eb,neural_bidir_seed1_eb,zz_known,192,12,1,0.025407565757632256,4096
neural_eb,neural_bidir_seed2_eb,zz_known,192,12,1,0.025350533425807953,4096
neural_eb,neural_bidir_seed3_eb,zz_known,192,12,1,0.02536282129585743,4096
neural_eb,neural_bidir_seed4_eb,zz_known,192,12,1,0.02534922957420349,4096
constant_mean_prior,none,none,0,12,2,0.17468465864658356,4096
constant_median_prior,none,none,0,12,2,0.16626541316509247,4096
summary_ridge_prior,none,none,0,12,2,0.09867940098047256,4096
product_affine_prior,none,none,0,12,2,0.10950883477926254,4096
exact_marginal_affine_prior,none,none,0,12,2,0.1062556654214859,4096
neural_prior,neural_bidir_seed0_prior,none,0,12,2,0.08594195544719696,4096
neural_prior,neural_bidir_seed1_prior,none,0,12,2,0.08852821588516235,4096
neural_prior,neural_bidir_seed2_prior,none,0,12,2,0.08586283773183823,4096
neural_prior,neural_bidir_seed3_prior,none,0,12,2,0.0861646980047226,4096
neural_prior,neural_bidir_seed4_prior,none,0,12,2,0.0853421539068222,4096
summary_ridge_eb,none,zz_known,12,12,2,0.07687446475028992,4096
neural_eb,neural_bidir_seed0_eb,zz_known,12,12,2,0.07310207188129425,4096
neural_eb,neural_bidir_seed1_eb,zz_known,12,12,2,0.07419908046722412,4096
neural_eb,neural_bidir_seed2_eb,zz_known,12,12,2,0.07304707914590836,4096
neural_eb,neural_bidir_seed3_eb,zz_known,12,12,2,0.0730726420879364,4096
neural_eb,neural_bidir_seed4_eb,zz_known,12,12,2,0.0728701502084732,4096
summary_ridge_eb,none,zz_known,16,12,2,0.06892047822475433,4096
neural_eb,neural_bidir_seed0_eb,zz_known,16,12,2,0.06654080003499985,4096
neural_eb,neural_bidir_seed1_eb,zz_known,16,12,2,0.06748621165752411,4096
neural_eb,neural_bidir_seed2_eb,zz_known,16,12,2,0.06646442413330078,4096
neural_eb,neural_bidir_seed3_eb,zz_known,16,12,2,0.06635782867670059,4096
neural_eb,neural_bidir_seed4_eb,zz_known,16,12,2,0.06625928729772568,4096
constant_mean_eb,none,zz_known,20,12,2,0.07443542778491974,4096
summary_ridge_eb,none,zz_known,20,12,2,0.06326732784509659,4096
neural_eb,neural_bidir_seed0_eb,zz_known,20,12,2,0.06088155135512352,4096
neural_eb,neural_bidir_seed1_eb,zz_known,20,12,2,0.06164073199033737,4096
neural_eb,neural_bidir_seed2_eb,zz_known,20,12,2,0.060869209468364716,4096
neural_eb,neural_bidir_seed3_eb,zz_known,20,12,2,0.0609004981815815,4096
neural_eb,neural_bidir_seed4_eb,zz_known,20,12,2,0.06081174314022064,4096
dfe,none,zz_known,24,12,2,0.07383528351783752,0
constant_mean_eb,none,zz_known,24,12,2,0.06957203149795532,4096
neural_eb,neural_bidir_seed0_eb,zz_known,24,12,2,0.05802420526742935,4096
neural_eb,neural_bidir_seed1_eb,zz_known,24,12,2,0.05866186320781708,4096
neural_eb,neural_bidir_seed2_eb,zz_known,24,12,2,0.05796581134200096,4096
neural_eb,neural_bidir_seed3_eb,zz_known,24,12,2,0.058046020567417145,4096
neural_eb,neural_bidir_seed4_eb,zz_known,24,12,2,0.057876087725162506,4096
dfe,none,zz_known,28,12,2,0.06845610588788986,0
summary_ridge_eb,none,zz_known,28,12,2,0.056952495127916336,4096
dfe,none,zz_known,32,12,2,0.06295354664325714,0
constant_mean_eb,none,zz_known,32,12,2,0.06016537547111511,4096
summary_ridge_eb,none,zz_known,32,12,2,0.05331877991557121,4096
neural_eb,neural_bidir_seed0_eb,zz_known,32,12,2,0.052190739661455154,4096
neural_eb,neural_bidir_seed1_eb,zz_known,32,12,2,0.052677612751722336,4096
neural_eb,neural_bidir_seed2_eb,zz_known,32,12,2,0.05213477462530136,4096
neural_eb,neural_bidir_seed3_eb,zz_known,32,12,2,0.05213778465986252,4096
neural_eb,neural_bidir_seed4_eb,zz_known,32,12,2,0.052054423838853836,4096
constant_mean_eb,none,zz_known,36,12,2,0.05889883637428284,4096
summary_ridge_eb,none,zz_known,36,12,2,0.05209239572286606,4096
neural_eb,neural_bidir_seed0_eb,zz_known,36,12,2,0.05075614154338837,4096
neural_eb,neural_bidir_seed1_eb,zz_known,36,12,2,0.05122284218668938,4096
neural_eb,neural_bidir_seed2_eb,zz_known,36,12,2,0.0507187619805336,4096
neural_eb,neural_bidir_seed3_eb,zz_known,36,12,2,0.05076396465301514,4096
neural_eb,neural_bidir_seed4_eb,zz_known,36,12,2,0.05060416832566261,4096
dfe,none,zz_known,40,12,2,0.057331837713718414,0
neural_eb,neural_bidir_seed0_eb,zz_known,40,12,2,0.0485367476940155,4096
neural_eb,neural_bidir_seed1_eb,zz_known,40,12,2,0.0489792674779892,4096
neural_eb,neural_bidir_seed2_eb,zz_known,40,12,2,0.04850903898477554,4096
neural_eb,neural_bidir_seed3_eb,zz_known,40,12,2,0.04857361316680908,4096
neural_eb,neural_bidir_seed4_eb,zz_known,40,12,2,0.0484253466129303,4096
dfe,none,zz_known,44,12,2,0.05443621426820755,0
constant_mean_eb,none,zz_known,44,12,2,0.05275481194257736,4096
summary_ridge_eb,none,zz_known,44,12,2,0.04767398163676262,4096
dfe,none,zz_known,48,12,2,0.05257118493318558,0
constant_mean_eb,none,zz_known,52,12,2,0.048105910420417786,4096
neural_eb,neural_bidir_seed0_eb,zz_known,52,12,2,0.04332197457551956,4096
neural_eb,neural_bidir_seed1_eb,zz_known,52,12,2,0.04357059299945831,4096
neural_eb,neural_bidir_seed2_eb,zz_known,52,12,2,0.04327613487839699,4096
neural_eb,neural_bidir_seed3_eb,zz_known,52,12,2,0.04333937168121338,4096
neural_eb,neural_bidir_seed4_eb,zz_known,52,12,2,0.043277375400066376,4096
dfe,none,zz_known,56,12,2,0.047659873962402344,0
summary_ridge_eb,none,zz_known,56,12,2,0.042630113661289215,4096
constant_mean_eb,none,zz_known,64,12,2,0.04431069642305374,4096
dfe,none,zz_known,68,12,2,0.04365293309092522,0
summary_ridge_eb,none,zz_known,72,12,2,0.03815837949514389,4096
neural_eb,neural_bidir_seed0_eb,zz_known,72,12,2,0.03763628378510475,4096
neural_eb,neural_bidir_seed1_eb,zz_known,72,12,2,0.0377979576587677,4096
neural_eb,neural_bidir_seed2_eb,zz_known,72,12,2,0.037614572793245316,4096
neural_eb,neural_bidir_seed3_eb,zz_known,72,12,2,0.03768359124660492,4096
neural_eb,neural_bidir_seed4_eb,zz_known,72,12,2,0.03760278970003128,4096
constant_mean_eb,none,zz_known,80,12,2,0.039576176553964615,4096
dfe,none,zz_known,84,12,2,0.0389217734336853,0
summary_ridge_eb,none,zz_known,96,12,2,0.03403741121292114,4096
neural_eb,neural_bidir_seed0_eb,zz_known,96,12,2,0.03378523886203766,4096
neural_eb,neural_bidir_seed1_eb,zz_known,96,12,2,0.03394564986228943,4096
neural_eb,neural_bidir_seed2_eb,zz_known,96,12,2,0.03377947956323624,4096
neural_eb,neural_bidir_seed3_eb,zz_known,96,12,2,0.033769696950912476,4096
neural_eb,neural_bidir_seed4_eb,zz_known,96,12,2,0.033752478659152985,4096
dfe,none,zz_known,128,12,2,0.031618937849998474,0
constant_mean_eb,none,zz_known,128,12,2,0.031315241008996964,4096
dfe,none,zz_known,192,12,2,0.025979606434702873,0
constant_mean_eb,none,zz_known,192,12,2,0.025658918544650078,4096
summary_ridge_eb,none,zz_known,192,12,2,0.024967212229967117,4096
neural_eb,neural_bidir_seed0_eb,zz_known,192,12,2,0.02490118518471718,4096
neural_eb,neural_bidir_seed1_eb,zz_known,192,12,2,0.02495935931801796,4096
neural_eb,neural_bidir_seed2_eb,zz_known,192,12,2,0.024898294359445572,4096
neural_eb,neural_bidir_seed3_eb,zz_known,192,12,2,0.024895796552300453,4096
neural_eb,neural_bidir_seed4_eb,zz_known,192,12,2,0.02488156594336033,4096
constant_mean_prior,none,none,0,12,3,0.17634804546833038,4096
constant_median_prior,none,none,0,12,3,0.16626541316509247,4096
summary_ridge_prior,none,none,0,12,3,0.09595055878162384,4096
product_affine_prior,none,none,0,12,3,0.11092280596494675,4096
exact_marginal_affine_prior,none,none,0,12,3,0.10760864615440369,4096
neural_prior,neural_bidir_seed0_prior,none,0,12,3,0.0865841880440712,4096
neural_prior,neural_bidir_seed1_prior,none,0,12,3,0.08907724171876907,4096
neural_prior,neural_bidir_seed2_prior,none,0,12,3,0.08646616339683533,4096
neural_prior,neural_bidir_seed3_prior,none,0,12,3,0.08697102963924408,4096
neural_prior,neural_bidir_seed4_prior,none,0,12,3,0.08589698374271393,4096
summary_ridge_eb,none,zz_known,12,12,3,0.07614200562238693,4096
neural_eb,neural_bidir_seed0_eb,zz_known,12,12,3,0.07277264446020126,4096
neural_eb,neural_bidir_seed1_eb,zz_known,12,12,3,0.0738079771399498,4096
neural_eb,neural_bidir_seed2_eb,zz_known,12,12,3,0.07265222072601318,4096
neural_eb,neural_bidir_seed3_eb,zz_known,12,12,3,0.0728469043970108,4096
neural_eb,neural_bidir_seed4_eb,zz_known,12,12,3,0.07243452966213226,4096
summary_ridge_eb,none,zz_known,16,12,3,0.06944219022989273,4096
neural_eb,neural_bidir_seed0_eb,zz_known,16,12,3,0.06634896993637085,4096
neural_eb,neural_bidir_seed1_eb,zz_known,16,12,3,0.06723009049892426,4096
neural_eb,neural_bidir_seed2_eb,zz_known,16,12,3,0.0662635862827301,4096
neural_eb,neural_bidir_seed3_eb,zz_known,16,12,3,0.06641888618469238,4096
neural_eb,neural_bidir_seed4_eb,zz_known,16,12,3,0.066086545586586,4096
constant_mean_eb,none,zz_known,20,12,3,0.076134592294693,4096
summary_ridge_eb,none,zz_known,20,12,3,0.06410948932170868,4096
neural_eb,neural_bidir_seed0_eb,zz_known,20,12,3,0.06236962601542473,4096
neural_eb,neural_bidir_seed1_eb,zz_known,20,12,3,0.06316303461790085,4096
neural_eb,neural_bidir_seed2_eb,zz_known,20,12,3,0.0623156912624836,4096
neural_eb,neural_bidir_seed3_eb,zz_known,20,12,3,0.062398239970207214,4096
neural_eb,neural_bidir_seed4_eb,zz_known,20,12,3,0.06213921308517456,4096
dfe,none,zz_known,24,12,3,0.07463784515857697,0
constant_mean_eb,none,zz_known,24,12,3,0.07005083560943604,4096
neural_eb,neural_bidir_seed0_eb,zz_known,24,12,3,0.05848757177591324,4096
neural_eb,neural_bidir_seed1_eb,zz_known,24,12,3,0.05915983021259308,4096
neural_eb,neural_bidir_seed2_eb,zz_known,24,12,3,0.058453842997550964,4096
neural_eb,neural_bidir_seed3_eb,zz_known,24,12,3,0.05858180671930313,4096
neural_eb,neural_bidir_seed4_eb,zz_known,24,12,3,0.058305300772190094,4096
dfe,none,zz_known,28,12,3,0.06887486577033997,0
summary_ridge_eb,none,zz_known,28,12,3,0.057879287749528885,4096
dfe,none,zz_known,32,12,3,0.06375177949666977,0
constant_mean_eb,none,zz_known,32,12,3,0.06140829622745514,4096
summary_ridge_eb,none,zz_known,32,12,3,0.05432575196027756,4096
neural_eb,neural_bidir_seed0_eb,zz_known,32,12,3,0.05293121561408043,4096
neural_eb,neural_bidir_seed1_eb,zz_known,32,12,3,0.05339142307639122,4096
neural_eb,neural_bidir_seed2_eb,zz_known,32,12,3,0.05285821110010147,4096
neural_eb,neural_bidir_seed3_eb,zz_known,32,12,3,0.05295751988887787,4096
neural_eb,neural_bidir_seed4_eb,zz_known,32,12,3,0.052791107445955276,4096
constant_mean_eb,none,zz_known,36,12,3,0.05857047066092491,4096
summary_ridge_eb,none,zz_known,36,12,3,0.05181790515780449,4096
neural_eb,neural_bidir_seed0_eb,zz_known,36,12,3,0.05058898776769638,4096
neural_eb,neural_bidir_seed1_eb,zz_known,36,12,3,0.051055993884801865,4096
neural_eb,neural_bidir_seed2_eb,zz_known,36,12,3,0.05053815618157387,4096
neural_eb,neural_bidir_seed3_eb,zz_known,36,12,3,0.050634026527404785,4096
neural_eb,neural_bidir_seed4_eb,zz_known,36,12,3,0.05048888921737671,4096
dfe,none,zz_known,40,12,3,0.057619862258434296,0
neural_eb,neural_bidir_seed0_eb,zz_known,40,12,3,0.04830915108323097,4096
neural_eb,neural_bidir_seed1_eb,zz_known,40,12,3,0.04867374524474144,4096
neural_eb,neural_bidir_seed2_eb,zz_known,40,12,3,0.04826585575938225,4096
neural_eb,neural_bidir_seed3_eb,zz_known,40,12,3,0.048345889896154404,4096
neural_eb,neural_bidir_seed4_eb,zz_known,40,12,3,0.04817851632833481,4096
dfe,none,zz_known,44,12,3,0.05445937439799309,0
constant_mean_eb,none,zz_known,44,12,3,0.05258655920624733,4096
summary_ridge_eb,none,zz_known,44,12,3,0.047783125191926956,4096
dfe,none,zz_known,48,12,3,0.05189133435487747,0
constant_mean_eb,none,zz_known,52,12,3,0.04938219115138054,4096
neural_eb,neural_bidir_seed0_eb,zz_known,52,12,3,0.04488350450992584,4096
neural_eb,neural_bidir_seed1_eb,zz_known,52,12,3,0.04516181722283363,4096
neural_eb,neural_bidir_seed2_eb,zz_known,52,12,3,0.0448763482272625,4096
neural_eb,neural_bidir_seed3_eb,zz_known,52,12,3,0.044918544590473175,4096
neural_eb,neural_bidir_seed4_eb,zz_known,52,12,3,0.044821493327617645,4096
dfe,none,zz_known,56,12,3,0.048393599689006805,0
summary_ridge_eb,none,zz_known,56,12,3,0.04363500326871872,4096
constant_mean_eb,none,zz_known,64,12,3,0.04358258098363876,4096
dfe,none,zz_known,68,12,3,0.04346253722906113,0
summary_ridge_eb,none,zz_known,72,12,3,0.03815324604511261,4096
neural_eb,neural_bidir_seed0_eb,zz_known,72,12,3,0.03792407363653183,4096
neural_eb,neural_bidir_seed1_eb,zz_known,72,12,3,0.03813481330871582,4096
neural_eb,neural_bidir_seed2_eb,zz_known,72,12,3,0.037898458540439606,4096
neural_eb,neural_bidir_seed3_eb,zz_known,72,12,3,0.03789214417338371,4096
neural_eb,neural_bidir_seed4_eb,zz_known,72,12,3,0.037860140204429626,4096
constant_mean_eb,none,zz_known,80,12,3,0.0397040955722332,4096
dfe,none,zz_known,84,12,3,0.03919775038957596,0
summary_ridge_eb,none,zz_known,96,12,3,0.03436737507581711,4096
neural_eb,neural_bidir_seed0_eb,zz_known,96,12,3,0.03402461111545563,4096
neural_eb,neural_bidir_seed1_eb,zz_known,96,12,3,0.03415878117084503,4096
neural_eb,neural_bidir_seed2_eb,zz_known,96,12,3,0.034024160355329514,4096
neural_eb,neural_bidir_seed3_eb,zz_known,96,12,3,0.03401566296815872,4096
neural_eb,neural_bidir_seed4_eb,zz_known,96,12,3,0.034001342952251434,4096
dfe,none,zz_known,128,12,3,0.032406046986579895,0
constant_mean_eb,none,zz_known,128,12,3,0.03192848339676857,4096
dfe,none,zz_known,192,12,3,0.026111431419849396,0
constant_mean_eb,none,zz_known,192,12,3,0.025856325402855873,4096
summary_ridge_eb,none,zz_known,192,12,3,0.025077223777770996,4096
neural_eb,neural_bidir_seed0_eb,zz_known,192,12,3,0.025071220472455025,4096
neural_eb,neural_bidir_seed1_eb,zz_known,192,12,3,0.025137590244412422,4096
neural_eb,neural_bidir_seed2_eb,zz_known,192,12,3,0.025067130103707314,4096
neural_eb,neural_bidir_seed3_eb,zz_known,192,12,3,0.025066973641514778,4096
neural_eb,neural_bidir_seed4_eb,zz_known,192,12,3,0.025062499567866325,4096
constant_mean_prior,none,none,0,12,4,0.17615993320941925,4096
constant_median_prior,none,none,0,12,4,0.16978049278259277,4096
summary_ridge_prior,none,none,0,12,4,0.09510992467403412,4096
product_affine_prior,none,none,0,12,4,0.11046362668275833,4096
exact_marginal_affine_prior,none,none,0,12,4,0.10710605978965759,4096
neural_prior,neural_bidir_seed0_prior,none,0,12,4,0.08544044941663742,4096
neural_prior,neural_bidir_seed1_prior,none,0,12,4,0.08785106241703033,4096
neural_prior,neural_bidir_seed2_prior,none,0,12,4,0.08531410247087479,4096
neural_prior,neural_bidir_seed3_prior,none,0,12,4,0.08567024767398834,4096
neural_prior,neural_bidir_seed4_prior,none,0,12,4,0.08472952246665955,4096
summary_ridge_eb,none,zz_known,12,12,4,0.07726579904556274,4096
neural_eb,neural_bidir_seed0_eb,zz_known,12,12,4,0.0725380927324295,4096
neural_eb,neural_bidir_seed1_eb,zz_known,12,12,4,0.07359525561332703,4096
neural_eb,neural_bidir_seed2_eb,zz_known,12,12,4,0.07241906225681305,4096
neural_eb,neural_bidir_seed3_eb,zz_known,12,12,4,0.07257673144340515,4096
neural_eb,neural_bidir_seed4_eb,zz_known,12,12,4,0.07212139666080475,4096
summary_ridge_eb,none,zz_known,16,12,4,0.07062198966741562,4096
neural_eb,neural_bidir_seed0_eb,zz_known,16,12,4,0.06753677129745483,4096
neural_eb,neural_bidir_seed1_eb,zz_known,16,12,4,0.06830208003520966,4096
neural_eb,neural_bidir_seed2_eb,zz_known,16,12,4,0.06741324067115784,4096
neural_eb,neural_bidir_seed3_eb,zz_known,16,12,4,0.06749773025512695,4096
neural_eb,neural_bidir_seed4_eb,zz_known,16,12,4,0.06727638840675354,4096
constant_mean_eb,none,zz_known,20,12,4,0.07421495020389557,4096
summary_ridge_eb,none,zz_known,20,12,4,0.06316728889942169,4096
neural_eb,neural_bidir_seed0_eb,zz_known,20,12,4,0.06124795973300934,4096
neural_eb,neural_bidir_seed1_eb,zz_known,20,12,4,0.0619109608232975,4096
neural_eb,neural_bidir_seed2_eb,zz_known,20,12,4,0.06114892289042473,4096
neural_eb,neural_bidir_seed3_eb,zz_known,20,12,4,0.06118056923151016,4096
neural_eb,neural_bidir_seed4_eb,zz_known,20,12,4,0.06101871281862259,4096
dfe,none,zz_known,24,12,4,0.07500738650560379,0
constant_mean_eb,none,zz_known,24,12,4,0.07087992131710052,4096
neural_eb,neural_bidir_seed0_eb,zz_known,24,12,4,0.05968658626079559,4096
neural_eb,neural_bidir_seed1_eb,zz_known,24,12,4,0.060288071632385254,4096
neural_eb,neural_bidir_seed2_eb,zz_known,24,12,4,0.05955364555120468,4096
neural_eb,neural_bidir_seed3_eb,zz_known,24,12,4,0.05967610329389572,4096
neural_eb,neural_bidir_seed4_eb,zz_known,24,12,4,0.05947741121053696,4096
dfe,none,zz_known,28,12,4,0.06964477896690369,0
summary_ridge_eb,none,zz_known,28,12,4,0.05871884897351265,4096
dfe,none,zz_known,32,12,4,0.06444740295410156,0
constant_mean_eb,none,zz_known,32,12,4,0.061390556395053864,4096
summary_ridge_eb,none,zz_known,32,12,4,0.05478907376527786,4096
neural_eb,neural_bidir_seed0_eb,zz_known,32,12,4,0.05320744588971138,4096
neural_eb,neural_bidir_seed1_eb,zz_known,32,12,4,0.0536448135972023,4096
neural_eb,neural_bidir_seed2_eb,zz_known,32,12,4,0.05310105159878731,4096
neural_eb,neural_bidir_seed3_eb,zz_known,32,12,4,0.05311843007802963,4096
neural_eb,neural_bidir_seed4_eb,zz_known,32,12,4,0.05304441973567009,4096
constant_mean_eb,none,zz_known,36,12,4,0.05812951922416687,4096
summary_ridge_eb,none,zz_known,36,12,4,0.05165710300207138,4096
neural_eb,neural_bidir_seed0_eb,zz_known,36,12,4,0.05018734931945801,4096
neural_eb,neural_bidir_seed1_eb,zz_known,36,12,4,0.050588566809892654,4096
neural_eb,neural_bidir_seed2_eb,zz_known,36,12,4,0.050102293491363525,4096
neural_eb,neural_bidir_seed3_eb,zz_known,36,12,4,0.05012102052569389,4096
neural_eb,neural_bidir_seed4_eb,zz_known,36,12,4,0.05003129690885544,4096
dfe,none,zz_known,40,12,4,0.05662211775779724,0
neural_eb,neural_bidir_seed0_eb,zz_known,40,12,4,0.04888325184583664,4096
neural_eb,neural_bidir_seed1_eb,zz_known,40,12,4,0.04922952502965927,4096
neural_eb,neural_bidir_seed2_eb,zz_known,40,12,4,0.048816606402397156,4096
neural_eb,neural_bidir_seed3_eb,zz_known,40,12,4,0.04882797598838806,4096
neural_eb,neural_bidir_seed4_eb,zz_known,40,12,4,0.0487581342458725,4096
dfe,none,zz_known,44,12,4,0.055305365473032,0
constant_mean_eb,none,zz_known,44,12,4,0.053269680589437485,4096
summary_ridge_eb,none,zz_known,44,12,4,0.04844154790043831,4096
dfe,none,zz_known,48,12,4,0.05219513550400734,0
constant_mean_eb,none,zz_known,52,12,4,0.046406090259552,4096
neural_eb,neural_bidir_seed0_eb,zz_known,52,12,4,0.042301829904317856,4096
neural_eb,neural_bidir_seed1_eb,zz_known,52,12,4,0.04257110506296158,4096
neural_eb,neural_bidir_seed2_eb,zz_known,52,12,4,0.04226837679743767,4096
neural_eb,neural_bidir_seed3_eb,zz_known,52,12,4,0.042262155562639236,4096
neural_eb,neural_bidir_seed4_eb,zz_known,52,12,4,0.042217399924993515,4096
dfe,none,zz_known,56,12,4,0.04886095970869064,0
summary_ridge_eb,none,zz_known,56,12,4,0.04405975714325905,4096
constant_mean_eb,none,zz_known,64,12,4,0.04466526210308075,4096
dfe,none,zz_known,68,12,4,0.04337935149669647,0
summary_ridge_eb,none,zz_known,72,12,4,0.03877145051956177,4096
neural_eb,neural_bidir_seed0_eb,zz_known,72,12,4,0.0383165143430233,4096
neural_eb,neural_bidir_seed1_eb,zz_known,72,12,4,0.03849899396300316,4096
neural_eb,neural_bidir_seed2_eb,zz_known,72,12,4,0.03828354924917221,4096
neural_eb,neural_bidir_seed3_eb,zz_known,72,12,4,0.03831760585308075,4096
neural_eb,neural_bidir_seed4_eb,zz_known,72,12,4,0.038283027708530426,4096
constant_mean_eb,none,zz_known,80,12,4,0.03967449069023132,4096
dfe,none,zz_known,84,12,4,0.03957166522741318,0
summary_ridge_eb,none,zz_known,96,12,4,0.03459986671805382,4096
neural_eb,neural_bidir_seed0_eb,zz_known,96,12,4,0.03421073034405708,4096
neural_eb,neural_bidir_seed1_eb,zz_known,96,12,4,0.03432049602270126,4096
neural_eb,neural_bidir_seed2_eb,zz_known,96,12,4,0.03419749438762665,4096
neural_eb,neural_bidir_seed3_eb,zz_known,96,12,4,0.034218039363622665,4096
neural_eb,neural_bidir_seed4_eb,zz_known,96,12,4,0.034169670194387436,4096
dfe,none,zz_known,128,12,4,0.03162446618080139,0
constant_mean_eb,none,zz_known,128,12,4,0.03129638731479645,4096
dfe,none,zz_known,192,12,4,0.026256456971168518,0
constant_mean_eb,none,zz_known,192,12,4,0.026166275143623352,4096
summary_ridge_eb,none,zz_known,192,12,4,0.025428522378206253,4096
neural_eb,neural_bidir_seed0_eb,zz_known,192,12,4,0.02520003542304039,4096
neural_eb,neural_bidir_seed1_eb,zz_known,192,12,4,0.025254227221012115,4096
neural_eb,neural_bidir_seed2_eb,zz_known,192,12,4,0.02518060989677906,4096
neural_eb,neural_bidir_seed3_eb,zz_known,192,12,4,0.025199025869369507,4096
neural_eb,neural_bidir_seed4_eb,zz_known,192,12,4,0.025173863396048546,4096
constant_mean_prior,none,none,0,13,0,0.1704501062631607,4096
constant_median_prior,none,none,0,13,0,0.1654042750597,4096
summary_ridge_prior,none,none,0,13,0,0.10066171735525131,4096
product_affine_prior,none,none,0,13,0,0.11190131306648254,4096
exact_marginal_affine_prior,none,none,0,13,0,0.10892115533351898,4096
neural_prior,neural_bidir_seed0_prior,none,0,13,0,0.08670997619628906,4096
neural_prior,neural_bidir_seed1_prior,none,0,13,0,0.0889463722705841,4096
neural_prior,neural_bidir_seed2_prior,none,0,13,0,0.08666279166936874,4096
neural_prior,neural_bidir_seed3_prior,none,0,13,0,0.08693354576826096,4096
neural_prior,neural_bidir_seed4_prior,none,0,13,0,0.08616670221090317,4096
summary_ridge_eb,none,zz_known,12,13,0,0.07778206467628479,4096
neural_eb,neural_bidir_seed0_eb,zz_known,12,13,0,0.07279812544584274,4096
neural_eb,neural_bidir_seed1_eb,zz_known,12,13,0,0.07385900616645813,4096
neural_eb,neural_bidir_seed2_eb,zz_known,12,13,0,0.07286395877599716,4096
neural_eb,neural_bidir_seed3_eb,zz_known,12,13,0,0.07296015322208405,4096
neural_eb,neural_bidir_seed4_eb,zz_known,12,13,0,0.07276994735002518,4096
summary_ridge_eb,none,zz_known,16,13,0,0.06900034844875336,4096
neural_eb,neural_bidir_seed0_eb,zz_known,16,13,0,0.06546279788017273,4096
neural_eb,neural_bidir_seed1_eb,zz_known,16,13,0,0.06632839143276215,4096
neural_eb,neural_bidir_seed2_eb,zz_known,16,13,0,0.06549608707427979,4096
neural_eb,neural_bidir_seed3_eb,zz_known,16,13,0,0.06564114987850189,4096
neural_eb,neural_bidir_seed4_eb,zz_known,16,13,0,0.06539806723594666,4096
constant_mean_eb,none,zz_known,20,13,0,0.07509323954582214,4096
summary_ridge_eb,none,zz_known,20,13,0,0.06466808170080185,4096
neural_eb,neural_bidir_seed0_eb,zz_known,20,13,0,0.06094412878155708,4096
neural_eb,neural_bidir_seed1_eb,zz_known,20,13,0,0.06162926182150841,4096
neural_eb,neural_bidir_seed2_eb,zz_known,20,13,0,0.06098267063498497,4096
neural_eb,neural_bidir_seed3_eb,zz_known,20,13,0,0.06123630702495575,4096
neural_eb,neural_bidir_seed4_eb,zz_known,20,13,0,0.0609138086438179,4096
dfe,none,zz_known,24,13,0,0.07445282489061356,0
constant_mean_eb,none,zz_known,24,13,0,0.07046561688184738,4096
neural_eb,neural_bidir_seed0_eb,zz_known,24,13,0,0.05912585183978081,4096
neural_eb,neural_bidir_seed1_eb,zz_known,24,13,0,0.05963828042149544,4096
neural_eb,neural_bidir_seed2_eb,zz_known,24,13,0,0.05916249752044678,4096
neural_eb,neural_bidir_seed3_eb,zz_known,24,13,0,0.05931902676820755,4096
neural_eb,neural_bidir_seed4_eb,zz_known,24,13,0,0.059062857180833817,4096
dfe,none,zz_known,28,13,0,0.06877696514129639,0
summary_ridge_eb,none,zz_known,28,13,0,0.05759343504905701,4096
dfe,none,zz_known,32,13,0,0.06351534277200699,0
constant_mean_eb,none,zz_known,32,13,0,0.06063148379325867,4096
summary_ridge_eb,none,zz_known,32,13,0,0.05418021231889725,4096
neural_eb,neural_bidir_seed0_eb,zz_known,32,13,0,0.05290363356471062,4096
neural_eb,neural_bidir_seed1_eb,zz_known,32,13,0,0.053356267511844635,4096
neural_eb,neural_bidir_seed2_eb,zz_known,32,13,0,0.05290824919939041,4096
neural_eb,neural_bidir_seed3_eb,zz_known,32,13,0,0.05299614369869232,4096
neural_eb,neural_bidir_seed4_eb,zz_known,32,13,0,0.052853941917419434,4096
constant_mean_eb,none,zz_known,36,13,0,0.058984704315662384,4096
summary_ridge_eb,none,zz_known,36,13,0,0.053569141775369644,4096
neural_eb,neural_bidir_seed0_eb,zz_known,36,13,0,0.051665354520082474,4096
neural_eb,neural_bidir_seed1_eb,zz_known,36,13,0,0.05204756185412407,4096
neural_eb,neural_bidir_seed2_eb,zz_known,36,13,0,0.051732998341321945,4096
neural_eb,neural_bidir_seed3_eb,zz_known,36,13,0,0.05177074298262596,4096
neural_eb,neural_bidir_seed4_eb,zz_known,36,13,0,0.05169638246297836,4096
dfe,none,zz_known,40,13,0,0.05762983858585358,0
neural_eb,neural_bidir_seed0_eb,zz_known,40,13,0,0.04926345497369766,4096
neural_eb,neural_bidir_seed1_eb,zz_known,40,13,0,0.049664922058582306,4096
neural_eb,neural_bidir_seed2_eb,zz_known,40,13,0,0.04934825748205185,4096
neural_eb,neural_bidir_seed3_eb,zz_known,40,13,0,0.04938694089651108,4096
neural_eb,neural_bidir_seed4_eb,zz_known,40,13,0,0.049341291189193726,4096
dfe,none,zz_known,44,13,0,0.05428798496723175,0
constant_mean_eb,none,zz_known,44,13,0,0.052252739667892456,4096
summary_ridge_eb,none,zz_known,44,13,0,0.048284608870744705,4096
dfe,none,zz_known,48,13,0,0.052565354853868484,0
constant_mean_eb,none,zz_known,52,13,0,0.049070052802562714,4096
neural_eb,neural_bidir_seed0_eb,zz_known,52,13,0,0.04459049180150032,4096
neural_eb,neural_bidir_seed1_eb,zz_known,52,13,0,0.04487299919128418,4096
neural_eb,neural_bidir_seed2_eb,zz_known,52,13,0,0.04461343586444855,4096
neural_eb,neural_bidir_seed3_eb,zz_known,52,13,0,0.04468095675110817,4096
neural_eb,neural_bidir_seed4_eb,zz_known,52,13,0,0.04461583495140076,4096
dfe,none,zz_known,56,13,0,0.04712174832820892,0
summary_ridge_eb,none,zz_known,56,13,0,0.04289890453219414,4096
constant_mean_eb,none,zz_known,64,13,0,0.044433485716581345,4096
dfe,none,zz_known,68,13,0,0.04406171292066574,0
summary_ridge_eb,none,zz_known,72,13,0,0.03869914263486862,4096
neural_eb,neural_bidir_seed0_eb,zz_known,72,13,0,0.0387176088988781,4096
neural_eb,neural_bidir_seed1_eb,zz_known,72,13,0,0.03887147456407547,4096
neural_eb,neural_bidir_seed2_eb,zz_known,72,13,0,0.03874931111931801,4096
neural_eb,neural_bidir_seed3_eb,zz_known,72,13,0,0.03880136460065842,4096
neural_eb,neural_bidir_seed4_eb,zz_known,72,13,0,0.03879771754145622,4096
constant_mean_eb,none,zz_known,80,13,0,0.03900616988539696,4096
dfe,none,zz_known,84,13,0,0.039485830813646317,0
summary_ridge_eb,none,zz_known,96,13,0,0.03440184146165848,4096
neural_eb,neural_bidir_seed0_eb,zz_known,96,13,0,0.034212395548820496,4096
neural_eb,neural_bidir_seed1_eb,zz_known,96,13,0,0.0343356728553772,4096
neural_eb,neural_bidir_seed2_eb,zz_known,96,13,0,0.03422548621892929,4096
neural_eb,neural_bidir_seed3_eb,zz_known,96,13,0,0.03426896035671234,4096
neural_eb,neural_bidir_seed4_eb,zz_known,96,13,0,0.03426837921142578,4096
dfe,none,zz_known,128,13,0,0.031382232904434204,0
constant_mean_eb,none,zz_known,128,13,0,0.030890457332134247,4096
dfe,none,zz_known,192,13,0,0.02586647868156433,0
constant_mean_eb,none,zz_known,192,13,0,0.025696154683828354,4096
summary_ridge_eb,none,zz_known,192,13,0,0.025083571672439575,4096
neural_eb,neural_bidir_seed0_eb,zz_known,192,13,0,0.024912163615226746,4096
neural_eb,neural_bidir_seed1_eb,zz_known,192,13,0,0.024953875690698624,4096
neural_eb,neural_bidir_seed2_eb,zz_known,192,13,0,0.02490772120654583,4096
neural_eb,neural_bidir_seed3_eb,zz_known,192,13,0,0.02491251565515995,4096
neural_eb,neural_bidir_seed4_eb,zz_known,192,13,0,0.024922408163547516,4096
constant_mean_prior,none,none,0,13,1,0.16941098868846893,4096
constant_median_prior,none,none,0,13,1,0.16544568538665771,4096
summary_ridge_prior,none,none,0,13,1,0.10303565859794617,4096
product_affine_prior,none,none,0,13,1,0.11371025443077087,4096
exact_marginal_affine_prior,none,none,0,13,1,0.11087152361869812,4096
neural_prior,neural_bidir_seed0_prior,none,0,13,1,0.08944288641214371,4096
neural_prior,neural_bidir_seed1_prior,none,0,13,1,0.09167544543743134,4096
neural_prior,neural_bidir_seed2_prior,none,0,13,1,0.08930829912424088,4096
neural_prior,neural_bidir_seed3_prior,none,0,13,1,0.08967499434947968,4096
neural_prior,neural_bidir_seed4_prior,none,0,13,1,0.08882234990596771,4096
summary_ridge_eb,none,zz_known,12,13,1,0.07710683345794678,4096
neural_eb,neural_bidir_seed0_eb,zz_known,12,13,1,0.07291024923324585,4096
neural_eb,neural_bidir_seed1_eb,zz_known,12,13,1,0.07392465323209763,4096
neural_eb,neural_bidir_seed2_eb,zz_known,12,13,1,0.07290694117546082,4096
neural_eb,neural_bidir_seed3_eb,zz_known,12,13,1,0.07301058620214462,4096
neural_eb,neural_bidir_seed4_eb,zz_known,12,13,1,0.07272015511989594,4096
summary_ridge_eb,none,zz_known,16,13,1,0.06862476468086243,4096
neural_eb,neural_bidir_seed0_eb,zz_known,16,13,1,0.06557288765907288,4096
neural_eb,neural_bidir_seed1_eb,zz_known,16,13,1,0.06642413884401321,4096
neural_eb,neural_bidir_seed2_eb,zz_known,16,13,1,0.06562891602516174,4096
neural_eb,neural_bidir_seed3_eb,zz_known,16,13,1,0.06569615006446838,4096
neural_eb,neural_bidir_seed4_eb,zz_known,16,13,1,0.06551764905452728,4096
constant_mean_eb,none,zz_known,20,13,1,0.07503175735473633,4096
summary_ridge_eb,none,zz_known,20,13,1,0.06493140757083893,4096
neural_eb,neural_bidir_seed0_eb,zz_known,20,13,1,0.06200253218412399,4096
neural_eb,neural_bidir_seed1_eb,zz_known,20,13,1,0.06268994510173798,4096
neural_eb,neural_bidir_seed2_eb,zz_known,20,13,1,0.06212502717971802,4096
neural_eb,neural_bidir_seed3_eb,zz_known,20,13,1,0.06219194829463959,4096
neural_eb,neural_bidir_seed4_eb,zz_known,20,13,1,0.0620293989777565,4096
dfe,none,zz_known,24,13,1,0.0736742690205574,0
constant_mean_eb,none,zz_known,24,13,1,0.06964918971061707,4096
neural_eb,neural_bidir_seed0_eb,zz_known,24,13,1,0.05915210396051407,4096
neural_eb,neural_bidir_seed1_eb,zz_known,24,13,1,0.05976451188325882,4096
neural_eb,neural_bidir_seed2_eb,zz_known,24,13,1,0.05927913263440132,4096
neural_eb,neural_bidir_seed3_eb,zz_known,24,13,1,0.059283025562763214,4096
neural_eb,neural_bidir_seed4_eb,zz_known,24,13,1,0.059197798371315,4096
dfe,none,zz_known,28,13,1,0.06752379238605499,0
summary_ridge_eb,none,zz_known,28,13,1,0.05644722282886505,4096
dfe,none,zz_known,32,13,1,0.06347081810235977,0
constant_mean_eb,none,zz_known,32,13,1,0.06037944555282593,4096
summary_ridge_eb,none,zz_known,32,13,1,0.05395910143852234,4096
neural_eb,neural_bidir_seed0_eb,zz_known,32,13,1,0.052666228264570236,4096
neural_eb,neural_bidir_seed1_eb,zz_known,32,13,1,0.053129471838474274,4096
neural_eb,neural_bidir_seed2_eb,zz_known,32,13,1,0.052709393203258514,4096
neural_eb,neural_bidir_seed3_eb,zz_known,32,13,1,0.0527765229344368,4096
neural_eb,neural_bidir_seed4_eb,zz_known,32,13,1,0.052685320377349854,4096
constant_mean_eb,none,zz_known,36,13,1,0.05818735808134079,4096
summary_ridge_eb,none,zz_known,36,13,1,0.05191609635949135,4096
neural_eb,neural_bidir_seed0_eb,zz_known,36,13,1,0.051192089915275574,4096
neural_eb,neural_bidir_seed1_eb,zz_known,36,13,1,0.05163672938942909,4096
neural_eb,neural_bidir_seed2_eb,zz_known,36,13,1,0.05125758796930313,4096
neural_eb,neural_bidir_seed3_eb,zz_known,36,13,1,0.051222775131464005,4096
neural_eb,neural_bidir_seed4_eb,zz_known,36,13,1,0.051228150725364685,4096
dfe,none,zz_known,40,13,1,0.057012952864170074,0
neural_eb,neural_bidir_seed0_eb,zz_known,40,13,1,0.048616617918014526,4096
neural_eb,neural_bidir_seed1_eb,zz_known,40,13,1,0.04896332323551178,4096
neural_eb,neural_bidir_seed2_eb,zz_known,40,13,1,0.04876760393381119,4096
neural_eb,neural_bidir_seed3_eb,zz_known,40,13,1,0.04876885190606117,4096
neural_eb,neural_bidir_seed4_eb,zz_known,40,13,1,0.0487247109413147,4096
dfe,none,zz_known,44,13,1,0.05496829003095627,0
constant_mean_eb,none,zz_known,44,13,1,0.052914611995220184,4096
summary_ridge_eb,none,zz_known,44,13,1,0.0487847663462162,4096
dfe,none,zz_known,48,13,1,0.05197766423225403,0
constant_mean_eb,none,zz_known,52,13,1,0.04943476617336273,4096
neural_eb,neural_bidir_seed0_eb,zz_known,52,13,1,0.04531265050172806,4096
neural_eb,neural_bidir_seed1_eb,zz_known,52,13,1,0.04563232511281967,4096
neural_eb,neural_bidir_seed2_eb,zz_known,52,13,1,0.045402124524116516,4096
neural_eb,neural_bidir_seed3_eb,zz_known,52,13,1,0.04535125941038132,4096
neural_eb,neural_bidir_seed4_eb,zz_known,52,13,1,0.0453425869345665,4096
dfe,none,zz_known,56,13,1,0.04777710512280464,0
summary_ridge_eb,none,zz_known,56,13,1,0.04375634714961052,4096
constant_mean_eb,none,zz_known,64,13,1,0.04421790689229965,4096
dfe,none,zz_known,68,13,1,0.04437447339296341,0
summary_ridge_eb,none,zz_known,72,13,1,0.03894856944680214,4096
neural_eb,neural_bidir_seed0_eb,zz_known,72,13,1,0.0389450304210186,4096
neural_eb,neural_bidir_seed1_eb,zz_known,72,13,1,0.03910805284976959,4096
neural_eb,neural_bidir_seed2_eb,zz_known,72,13,1,0.03901100158691406,4096
neural_eb,neural_bidir_seed3_eb,zz_known,72,13,1,0.03898056596517563,4096
neural_eb,neural_bidir_seed4_eb,zz_known,72,13,1,0.039021287113428116,4096
constant_mean_eb,none,zz_known,80,13,1,0.03941350802779198,4096
dfe,none,zz_known,84,13,1,0.03855437785387039,0
summary_ridge_eb,none,zz_known,96,13,1,0.03536883741617203,4096
neural_eb,neural_bidir_seed0_eb,zz_known,96,13,1,0.03512389212846756,4096
neural_eb,neural_bidir_seed1_eb,zz_known,96,13,1,0.03520961105823517,4096
neural_eb,neural_bidir_seed2_eb,zz_known,96,13,1,0.035165298730134964,4096
neural_eb,neural_bidir_seed3_eb,zz_known,96,13,1,0.03517561033368111,4096
neural_eb,neural_bidir_seed4_eb,zz_known,96,13,1,0.035149477422237396,4096
dfe,none,zz_known,128,13,1,0.031986020505428314,0
constant_mean_eb,none,zz_known,128,13,1,0.03155022859573364,4096
dfe,none,zz_known,192,13,1,0.025388531386852264,0
constant_mean_eb,none,zz_known,192,13,1,0.02516048029065132,4096
summary_ridge_eb,none,zz_known,192,13,1,0.02467615157365799,4096
neural_eb,neural_bidir_seed0_eb,zz_known,192,13,1,0.024540957063436508,4096
neural_eb,neural_bidir_seed1_eb,zz_known,192,13,1,0.02457115799188614,4096
neural_eb,neural_bidir_seed2_eb,zz_known,192,13,1,0.0245647169649601,4096
neural_eb,neural_bidir_seed3_eb,zz_known,192,13,1,0.024570215493440628,4096
neural_eb,neural_bidir_seed4_eb,zz_known,192,13,1,0.02456589788198471,4096
constant_mean_prior,none,none,0,13,2,0.17704518139362335,4096
constant_median_prior,none,none,0,13,2,0.16978049278259277,4096
summary_ridge_prior,none,none,0,13,2,0.09582573175430298,4096
product_affine_prior,none,none,0,13,2,0.10844719409942627,4096
exact_marginal_affine_prior,none,none,0,13,2,0.10510070621967316,4096
neural_prior,neural_bidir_seed0_prior,none,0,13,2,0.0848730206489563,4096
neural_prior,neural_bidir_seed1_prior,none,0,13,2,0.08728029578924179,4096
neural_prior,neural_bidir_seed2_prior,none,0,13,2,0.08476836234331131,4096
neural_prior,neural_bidir_seed3_prior,none,0,13,2,0.08478155732154846,4096
neural_prior,neural_bidir_seed4_prior,none,0,13,2,0.08416116237640381,4096
summary_ridge_eb,none,zz_known,12,13,2,0.07718430459499359,4096
neural_eb,neural_bidir_seed0_eb,zz_known,12,13,2,0.07270464301109314,4096
neural_eb,neural_bidir_seed1_eb,zz_known,12,13,2,0.07392509281635284,4096
neural_eb,neural_bidir_seed2_eb,zz_known,12,13,2,0.07267853617668152,4096
neural_eb,neural_bidir_seed3_eb,zz_known,12,13,2,0.07261202484369278,4096
neural_eb,neural_bidir_seed4_eb,zz_known,12,13,2,0.07240504771471024,4096
summary_ridge_eb,none,zz_known,16,13,2,0.0693889856338501,4096
neural_eb,neural_bidir_seed0_eb,zz_known,16,13,2,0.06619977205991745,4096
neural_eb,neural_bidir_seed1_eb,zz_known,16,13,2,0.06713549047708511,4096
neural_eb,neural_bidir_seed2_eb,zz_known,16,13,2,0.06620921939611435,4096
neural_eb,neural_bidir_seed3_eb,zz_known,16,13,2,0.06619592010974884,4096
neural_eb,neural_bidir_seed4_eb,zz_known,16,13,2,0.0659521073102951,4096
constant_mean_eb,none,zz_known,20,13,2,0.07493245601654053,4096
summary_ridge_eb,none,zz_known,20,13,2,0.06481678038835526,4096
neural_eb,neural_bidir_seed0_eb,zz_known,20,13,2,0.061456985771656036,4096
neural_eb,neural_bidir_seed1_eb,zz_known,20,13,2,0.062232911586761475,4096
neural_eb,neural_bidir_seed2_eb,zz_known,20,13,2,0.06143709644675255,4096
neural_eb,neural_bidir_seed3_eb,zz_known,20,13,2,0.06147319823503494,4096
neural_eb,neural_bidir_seed4_eb,zz_known,20,13,2,0.06125292181968689,4096
dfe,none,zz_known,24,13,2,0.0731290727853775,0
constant_mean_eb,none,zz_known,24,13,2,0.06861823052167892,4096
neural_eb,neural_bidir_seed0_eb,zz_known,24,13,2,0.057699646800756454,4096
neural_eb,neural_bidir_seed1_eb,zz_known,24,13,2,0.05838221684098244,4096
neural_eb,neural_bidir_seed2_eb,zz_known,24,13,2,0.057701293379068375,4096
neural_eb,neural_bidir_seed3_eb,zz_known,24,13,2,0.0577084943652153,4096
neural_eb,neural_bidir_seed4_eb,zz_known,24,13,2,0.0575452484190464,4096
dfe,none,zz_known,28,13,2,0.06859347969293594,0
summary_ridge_eb,none,zz_known,28,13,2,0.05665876343846321,4096
dfe,none,zz_known,32,13,2,0.06349246203899384,0
constant_mean_eb,none,zz_known,32,13,2,0.060835812240839005,4096
summary_ridge_eb,none,zz_known,32,13,2,0.053439341485500336,4096
neural_eb,neural_bidir_seed0_eb,zz_known,32,13,2,0.05168824642896652,4096
neural_eb,neural_bidir_seed1_eb,zz_known,32,13,2,0.05225777626037598,4096
neural_eb,neural_bidir_seed2_eb,zz_known,32,13,2,0.051683321595191956,4096
neural_eb,neural_bidir_seed3_eb,zz_known,32,13,2,0.05167079716920853,4096
neural_eb,neural_bidir_seed4_eb,zz_known,32,13,2,0.051581330597400665,4096
constant_mean_eb,none,zz_known,36,13,2,0.05849847197532654,4096
summary_ridge_eb,none,zz_known,36,13,2,0.05256140977144241,4096
neural_eb,neural_bidir_seed0_eb,zz_known,36,13,2,0.050678715109825134,4096
neural_eb,neural_bidir_seed1_eb,zz_known,36,13,2,0.05113498866558075,4096
neural_eb,neural_bidir_seed2_eb,zz_known,36,13,2,0.05065257102251053,4096
neural_eb,neural_bidir_seed3_eb,zz_known,36,13,2,0.05067003518342972,4096
neural_eb,neural_bidir_seed4_eb,zz_known,36,13,2,0.0505538135766983,4096
dfe,none,zz_known,40,13,2,0.05745502561330795,0
neural_eb,neural_bidir_seed0_eb,zz_known,40,13,2,0.04928400367498398,4096
neural_eb,neural_bidir_seed1_eb,zz_known,40,13,2,0.04970681667327881,4096
neural_eb,neural_bidir_seed2_eb,zz_known,40,13,2,0.049253787845373154,4096
neural_eb,neural_bidir_seed3_eb,zz_known,40,13,2,0.049190737307071686,4096
neural_eb,neural_bidir_seed4_eb,zz_known,40,13,2,0.04913650080561638,4096
dfe,none,zz_known,44,13,2,0.05330422893166542,0
constant_mean_eb,none,zz_known,44,13,2,0.05159332975745201,4096
summary_ridge_eb,none,zz_known,44,13,2,0.04742640256881714,4096
dfe,none,zz_known,48,13,2,0.05122566595673561,0
constant_mean_eb,none,zz_known,52,13,2,0.0493917241692543,4096
neural_eb,neural_bidir_seed0_eb,zz_known,52,13,2,0.04482150077819824,4096
neural_eb,neural_bidir_seed1_eb,zz_known,52,13,2,0.04509849473834038,4096
neural_eb,neural_bidir_seed2_eb,zz_known,52,13,2,0.04480249434709549,4096
neural_eb,neural_bidir_seed3_eb,zz_known,52,13,2,0.044804781675338745,4096
neural_eb,neural_bidir_seed4_eb,zz_known,52,13,2,0.044716060161590576,4096
dfe,none,zz_known,56,13,2,0.047936663031578064,0
summary_ridge_eb,none,zz_known,56,13,2,0.043460406363010406,4096
constant_mean_eb,none,zz_known,64,13,2,0.043667666614055634,4096
dfe,none,zz_known,68,13,2,0.043708935379981995,0
summary_ridge_eb,none,zz_known,72,13,2,0.039766184985637665,4096
neural_eb,neural_bidir_seed0_eb,zz_known,72,13,2,0.03883993998169899,4096
neural_eb,neural_bidir_seed1_eb,zz_known,72,13,2,0.03902900218963623,4096
neural_eb,neural_bidir_seed2_eb,zz_known,72,13,2,0.03881419450044632,4096
neural_eb,neural_bidir_seed3_eb,zz_known,72,13,2,0.03883107751607895,4096
neural_eb,neural_bidir_seed4_eb,zz_known,72,13,2,0.038771938532590866,4096
constant_mean_eb,none,zz_known,80,13,2,0.04012710973620415,4096
dfe,none,zz_known,84,13,2,0.03950045257806778,0
summary_ridge_eb,none,zz_known,96,13,2,0.034713976085186005,4096
neural_eb,neural_bidir_seed0_eb,zz_known,96,13,2,0.03432441130280495,4096
neural_eb,neural_bidir_seed1_eb,zz_known,96,13,2,0.03445398062467575,4096
neural_eb,neural_bidir_seed2_eb,zz_known,96,13,2,0.0343308299779892,4096
neural_eb,neural_bidir_seed3_eb,zz_known,96,13,2,0.03436044976115227,4096
neural_eb,neural_bidir_seed4_eb,zz_known,96,13,2,0.03430785983800888,4096
dfe,none,zz_known,128,13,2,0.03187239170074463,0
constant_mean_eb,none,zz_known,128,13,2,0.03158961236476898,4096
dfe,none,zz_known,192,13,2,0.02577192895114422,0
constant_mean_eb,none,zz_known,192,13,2,0.025420494377613068,4096
summary_ridge_eb,none,zz_known,192,13,2,0.024754328653216362,4096
neural_eb,neural_bidir_seed0_eb,zz_known,192,13,2,0.02461903542280197,4096
neural_eb,neural_bidir_seed1_eb,zz_known,192,13,2,0.024683676660060883,4096
neural_eb,neural_bidir_seed2_eb,zz_known,192,13,2,0.024619927629828453,4096
neural_eb,neural_bidir_seed3_eb,zz_known,192,13,2,0.024622909724712372,4096
neural_eb,neural_bidir_seed4_eb,zz_known,192,13,2,0.02460361458361149,4096
constant_mean_prior,none,none,0,13,3,0.16879495978355408,4096
constant_median_prior,none,none,0,13,3,0.16544568538665771,4096
summary_ridge_prior,none,none,0,13,3,0.10325713455677032,4096
product_affine_prior,none,none,0,13,3,0.11480028927326202,4096
exact_marginal_affine_prior,none,none,0,13,3,0.11204987019300461,4096
neural_prior,neural_bidir_seed0_prior,none,0,13,3,0.09204533696174622,4096
neural_prior,neural_bidir_seed1_prior,none,0,13,3,0.09425531327724457,4096
neural_prior,neural_bidir_seed2_prior,none,0,13,3,0.09187503159046173,4096
neural_prior,neural_bidir_seed3_prior,none,0,13,3,0.09211345762014389,4096
neural_prior,neural_bidir_seed4_prior,none,0,13,3,0.09138965606689453,4096
summary_ridge_eb,none,zz_known,12,13,3,0.0786258727312088,4096
neural_eb,neural_bidir_seed0_eb,zz_known,12,13,3,0.07426372170448303,4096
neural_eb,neural_bidir_seed1_eb,zz_known,12,13,3,0.07512937486171722,4096
neural_eb,neural_bidir_seed2_eb,zz_known,12,13,3,0.07417809218168259,4096
neural_eb,neural_bidir_seed3_eb,zz_known,12,13,3,0.07433392107486725,4096
neural_eb,neural_bidir_seed4_eb,zz_known,12,13,3,0.07401429116725922,4096
summary_ridge_eb,none,zz_known,16,13,3,0.06978054344654083,4096
neural_eb,neural_bidir_seed0_eb,zz_known,16,13,3,0.06682251393795013,4096
neural_eb,neural_bidir_seed1_eb,zz_known,16,13,3,0.06755049526691437,4096
neural_eb,neural_bidir_seed2_eb,zz_known,16,13,3,0.06683312356472015,4096
neural_eb,neural_bidir_seed3_eb,zz_known,16,13,3,0.06696811318397522,4096
neural_eb,neural_bidir_seed4_eb,zz_known,16,13,3,0.06664691865444183,4096
constant_mean_eb,none,zz_known,20,13,3,0.07481884956359863,4096
summary_ridge_eb,none,zz_known,20,13,3,0.06419506669044495,4096
neural_eb,neural_bidir_seed0_eb,zz_known,20,13,3,0.06176150217652321,4096
neural_eb,neural_bidir_seed1_eb,zz_known,20,13,3,0.06237048655748367,4096
neural_eb,neural_bidir_seed2_eb,zz_known,20,13,3,0.061694853007793427,4096
neural_eb,neural_bidir_seed3_eb,zz_known,20,13,3,0.06183338537812233,4096
neural_eb,neural_bidir_seed4_eb,zz_known,20,13,3,0.061590857803821564,4096
dfe,none,zz_known,24,13,3,0.0750289261341095,0
constant_mean_eb,none,zz_known,24,13,3,0.07042843103408813,4096
neural_eb,neural_bidir_seed0_eb,zz_known,24,13,3,0.05969736725091934,4096
neural_eb,neural_bidir_seed1_eb,zz_known,24,13,3,0.06023738533258438,4096
neural_eb,neural_bidir_seed2_eb,zz_known,24,13,3,0.05964425578713417,4096
neural_eb,neural_bidir_seed3_eb,zz_known,24,13,3,0.05975133925676346,4096
neural_eb,neural_bidir_seed4_eb,zz_known,24,13,3,0.05954211577773094,4096
dfe,none,zz_known,28,13,3,0.06829427182674408,0
summary_ridge_eb,none,zz_known,28,13,3,0.05749545618891716,4096
dfe,none,zz_known,32,13,3,0.06387749314308167,0
constant_mean_eb,none,zz_known,32,13,3,0.06066878139972687,4096
summary_ridge_eb,none,zz_known,32,13,3,0.054252997040748596,4096
neural_eb,neural_bidir_seed0_eb,zz_known,32,13,3,0.05297891050577164,4096
neural_eb,neural_bidir_seed1_eb,zz_known,32,13,3,0.053410910069942474,4096
neural_eb,neural_bidir_seed2_eb,zz_known,32,13,3,0.052989982068538666,4096
neural_eb,neural_bidir_seed3_eb,zz_known,32,13,3,0.05308680981397629,4096
neural_eb,neural_bidir_seed4_eb,zz_known,32,13,3,0.05287964642047882,4096
constant_mean_eb,none,zz_known,36,13,3,0.05814400315284729,4096
summary_ridge_eb,none,zz_known,36,13,3,0.05249801278114319,4096
neural_eb,neural_bidir_seed0_eb,zz_known,36,13,3,0.05128563940525055,4096
neural_eb,neural_bidir_seed1_eb,zz_known,36,13,3,0.05159938707947731,4096
neural_eb,neural_bidir_seed2_eb,zz_known,36,13,3,0.05122566595673561,4096
neural_eb,neural_bidir_seed3_eb,zz_known,36,13,3,0.051326580345630646,4096
neural_eb,neural_bidir_seed4_eb,zz_known,36,13,3,0.051172949373722076,4096
dfe,none,zz_known,40,13,3,0.05653834342956543,0
neural_eb,neural_bidir_seed0_eb,zz_known,40,13,3,0.048919402062892914,4096
neural_eb,neural_bidir_seed1_eb,zz_known,40,13,3,0.049307048320770264,4096
neural_eb,neural_bidir_seed2_eb,zz_known,40,13,3,0.048947516828775406,4096
neural_eb,neural_bidir_seed3_eb,zz_known,40,13,3,0.048995837569236755,4096
neural_eb,neural_bidir_seed4_eb,zz_known,40,13,3,0.04889485985040665,4096
dfe,none,zz_known,44,13,3,0.05494591221213341,0
constant_mean_eb,none,zz_known,44,13,3,0.05338578671216965,4096
summary_ridge_eb,none,zz_known,44,13,3,0.04885386675596237,4096
dfe,none,zz_known,48,13,3,0.05202241241931915,0
constant_mean_eb,none,zz_known,52,13,3,0.04908815026283264,4096
neural_eb,neural_bidir_seed0_eb,zz_known,52,13,3,0.04488480091094971,4096
neural_eb,neural_bidir_seed1_eb,zz_known,52,13,3,0.04510825127363205,4096
neural_eb,neural_bidir_seed2_eb,zz_known,52,13,3,0.04488951340317726,4096
neural_eb,neural_bidir_seed3_eb,zz_known,52,13,3,0.044942520558834076,4096
neural_eb,neural_bidir_seed4_eb,zz_known,52,13,3,0.04483650624752045,4096
dfe,none,zz_known,56,13,3,0.04902219399809837,0
summary_ridge_eb,none,zz_known,56,13,3,0.04402635246515274,4096
constant_mean_eb,none,zz_known,64,13,3,0.04504949599504471,4096
dfe,none,zz_known,68,13,3,0.044186465442180634,0
summary_ridge_eb,none,zz_known,72,13,3,0.040133506059646606,4096
neural_eb,neural_bidir_seed0_eb,zz_known,72,13,3,0.03980753570795059,4096
neural_eb,neural_bidir_seed1_eb,zz_known,72,13,3,0.04000890627503395,4096
neural_eb,neural_bidir_seed2_eb,zz_known,72,13,3,0.03982878848910332,4096
neural_eb,neural_bidir_seed3_eb,zz_known,72,13,3,0.03984511271119118,4096
neural_eb,neural_bidir_seed4_eb,zz_known,72,13,3,0.03980110585689545,4096
constant_mean_eb,none,zz_known,80,13,3,0.038955673575401306,4096
dfe,none,zz_known,84,13,3,0.039002008736133575,0
summary_ridge_eb,none,zz_known,96,13,3,0.03433027118444443,4096
neural_eb,neural_bidir_seed0_eb,zz_known,96,13,3,0.03440132737159729,4096
neural_eb,neural_bidir_seed1_eb,zz_known,96,13,3,0.03450187295675278,4096
neural_eb,neural_bidir_seed2_eb,zz_known,96,13,3,0.03442133218050003,4096
neural_eb,neural_bidir_seed3_eb,zz_known,96,13,3,0.03445698320865631,4096
neural_eb,neural_bidir_seed4_eb,zz_known,96,13,3,0.03441469371318817,4096
dfe,none,zz_known,128,13,3,0.03194456174969673,0
constant_mean_eb,none,zz_known,128,13,3,0.03142794221639633,4096
dfe,none,zz_known,192,13,3,0.025591008365154266,0
constant_mean_eb,none,zz_known,192,13,3,0.02536204271018505,4096
summary_ridge_eb,none,zz_known,192,13,3,0.024870198220014572,4096
neural_eb,neural_bidir_seed0_eb,zz_known,192,13,3,0.024623960256576538,4096
neural_eb,neural_bidir_seed1_eb,zz_known,192,13,3,0.024640195071697235,4096
neural_eb,neural_bidir_seed2_eb,zz_known,192,13,3,0.02463143691420555,4096
neural_eb,neural_bidir_seed3_eb,zz_known,192,13,3,0.024656420573592186,4096
neural_eb,neural_bidir_seed4_eb,zz_known,192,13,3,0.02462027221918106,4096
constant_mean_prior,none,none,0,13,4,0.17444562911987305,4096
constant_median_prior,none,none,0,13,4,0.16567540168762207,4096
summary_ridge_prior,none,none,0,13,4,0.09471362829208374,4096
product_affine_prior,none,none,0,13,4,0.10851964354515076,4096
exact_marginal_affine_prior,none,none,0,13,4,0.10530634224414825,4096
neural_prior,neural_bidir_seed0_prior,none,0,13,4,0.08515548706054688,4096
neural_prior,neural_bidir_seed1_prior,none,0,13,4,0.08756786584854126,4096
neural_prior,neural_bidir_seed2_prior,none,0,13,4,0.08503662794828415,4096
neural_prior,neural_bidir_seed3_prior,none,0,13,4,0.08501061797142029,4096
neural_prior,neural_bidir_seed4_prior,none,0,13,4,0.0844835638999939,4096
summary_ridge_eb,none,zz_known,12,13,4,0.07459834218025208,4096
neural_eb,neural_bidir_seed0_eb,zz_known,12,13,4,0.07123981416225433,4096
neural_eb,neural_bidir_seed1_eb,zz_known,12,13,4,0.07228025794029236,4096
neural_eb,neural_bidir_seed2_eb,zz_known,12,13,4,0.07121030986309052,4096
neural_eb,neural_bidir_seed3_eb,zz_known,12,13,4,0.07131288200616837,4096
neural_eb,neural_bidir_seed4_eb,zz_known,12,13,4,0.07098245620727539,4096
summary_ridge_eb,none,zz_known,16,13,4,0.06802040338516235,4096
neural_eb,neural_bidir_seed0_eb,zz_known,16,13,4,0.06504802405834198,4096
neural_eb,neural_bidir_seed1_eb,zz_known,16,13,4,0.06591613590717316,4096
neural_eb,neural_bidir_seed2_eb,zz_known,16,13,4,0.06500869989395142,4096
neural_eb,neural_bidir_seed3_eb,zz_known,16,13,4,0.0652117133140564,4096
neural_eb,neural_bidir_seed4_eb,zz_known,16,13,4,0.06486114859580994,4096
constant_mean_eb,none,zz_known,20,13,4,0.07533039152622223,4096
summary_ridge_eb,none,zz_known,20,13,4,0.06318186223506927,4096
neural_eb,neural_bidir_seed0_eb,zz_known,20,13,4,0.06102466583251953,4096
neural_eb,neural_bidir_seed1_eb,zz_known,20,13,4,0.06185127794742584,4096
neural_eb,neural_bidir_seed2_eb,zz_known,20,13,4,0.0610450878739357,4096
neural_eb,neural_bidir_seed3_eb,zz_known,20,13,4,0.0611533597111702,4096
neural_eb,neural_bidir_seed4_eb,zz_known,20,13,4,0.06089215353131294,4096
dfe,none,zz_known,24,13,4,0.07362045347690582,0
constant_mean_eb,none,zz_known,24,13,4,0.06894063949584961,4096
neural_eb,neural_bidir_seed0_eb,zz_known,24,13,4,0.05773648992180824,4096
neural_eb,neural_bidir_seed1_eb,zz_known,24,13,4,0.058342281728982925,4096
neural_eb,neural_bidir_seed2_eb,zz_known,24,13,4,0.057750314474105835,4096
neural_eb,neural_bidir_seed3_eb,zz_known,24,13,4,0.057834193110466,4096
neural_eb,neural_bidir_seed4_eb,zz_known,24,13,4,0.05760113149881363,4096
dfe,none,zz_known,28,13,4,0.06860622763633728,0
summary_ridge_eb,none,zz_known,28,13,4,0.05609120428562164,4096
dfe,none,zz_known,32,13,4,0.06396139413118362,0
constant_mean_eb,none,zz_known,32,13,4,0.060738593339920044,4096
summary_ridge_eb,none,zz_known,32,13,4,0.0531388595700264,4096
neural_eb,neural_bidir_seed0_eb,zz_known,32,13,4,0.05235585570335388,4096
neural_eb,neural_bidir_seed1_eb,zz_known,32,13,4,0.05295207351446152,4096
neural_eb,neural_bidir_seed2_eb,zz_known,32,13,4,0.05238736793398857,4096
neural_eb,neural_bidir_seed3_eb,zz_known,32,13,4,0.05244006961584091,4096
neural_eb,neural_bidir_seed4_eb,zz_known,32,13,4,0.05226387456059456,4096
constant_mean_eb,none,zz_known,36,13,4,0.057921115309000015,4096
summary_ridge_eb,none,zz_known,36,13,4,0.05197928100824356,4096
neural_eb,neural_bidir_seed0_eb,zz_known,36,13,4,0.05074670910835266,4096
neural_eb,neural_bidir_seed1_eb,zz_known,36,13,4,0.0512407086789608,4096
neural_eb,neural_bidir_seed2_eb,zz_known,36,13,4,0.05077625811100006,4096
neural_eb,neural_bidir_seed3_eb,zz_known,36,13,4,0.05090440809726715,4096
neural_eb,neural_bidir_seed4_eb,zz_known,36,13,4,0.05068270117044449,4096
dfe,none,zz_known,40,13,4,0.05677269399166107,0
neural_eb,neural_bidir_seed0_eb,zz_known,40,13,4,0.04842866584658623,4096
neural_eb,neural_bidir_seed1_eb,zz_known,40,13,4,0.04880362004041672,4096
neural_eb,neural_bidir_seed2_eb,zz_known,40,13,4,0.048434607684612274,4096
neural_eb,neural_bidir_seed3_eb,zz_known,40,13,4,0.048470016568899155,4096
neural_eb,neural_bidir_seed4_eb,zz_known,40,13,4,0.04832236468791962,4096
dfe,none,zz_known,44,13,4,0.05432121828198433,0
constant_mean_eb,none,zz_known,44,13,4,0.05245655030012131,4096
summary_ridge_eb,none,zz_known,44,13,4,0.04726477339863777,4096
dfe,none,zz_known,48,13,4,0.051925480365753174,0
constant_mean_eb,none,zz_known,52,13,4,0.04919533431529999,4096
neural_eb,neural_bidir_seed0_eb,zz_known,52,13,4,0.0442175567150116,4096
neural_eb,neural_bidir_seed1_eb,zz_known,52,13,4,0.04457379877567291,4096
neural_eb,neural_bidir_seed2_eb,zz_known,52,13,4,0.04419573396444321,4096
neural_eb,neural_bidir_seed3_eb,zz_known,52,13,4,0.04424906522035599,4096
neural_eb,neural_bidir_seed4_eb,zz_known,52,13,4,0.04411211237311363,4096
dfe,none,zz_known,56,13,4,0.04760999232530594,0
summary_ridge_eb,none,zz_known,56,13,4,0.04261161759495735,4096
constant_mean_eb,none,zz_known,64,13,4,0.04410281032323837,4096
dfe,none,zz_known,68,13,4,0.04315299540758133,0
summary_ridge_eb,none,zz_known,72,13,4,0.03916127234697342,4096
neural_eb,neural_bidir_seed0_eb,zz_known,72,13,4,0.03881462290883064,4096
neural_eb,neural_bidir_seed1_eb,zz_known,72,13,4,0.03902950510382652,4096
neural_eb,neural_bidir_seed2_eb,zz_known,72,13,4,0.03885878622531891,4096
neural_eb,neural_bidir_seed3_eb,zz_known,72,13,4,0.03890193998813629,4096
neural_eb,neural_bidir_seed4_eb,zz_known,72,13,4,0.03875435143709183,4096
constant_mean_eb,none,zz_known,80,13,4,0.0391698032617569,4096
dfe,none,zz_known,84,13,4,0.039229828864336014,0
summary_ridge_eb,none,zz_known,96,13,4,0.03421327471733093,4096
neural_eb,neural_bidir_seed0_eb,zz_known,96,13,4,0.03436849266290665,4096
neural_eb,neural_bidir_seed1_eb,zz_known,96,13,4,0.03454001992940903,4096
neural_eb,neural_bidir_seed2_eb,zz_known,96,13,4,0.034387312829494476,4096
neural_eb,neural_bidir_seed3_eb,zz_known,96,13,4,0.03440164402127266,4096
neural_eb,neural_bidir_seed4_eb,zz_known,96,13,4,0.03436194360256195,4096
dfe,none,zz_known,128,13,4,0.03130638971924782,0
constant_mean_eb,none,zz_known,128,13,4,0.030920274555683136,4096
dfe,none,zz_known,192,13,4,0.026132866740226746,0
constant_mean_eb,none,zz_known,192,13,4,0.02592192217707634,4096
summary_ridge_eb,none,zz_known,192,13,4,0.02514611929655075,4096
neural_eb,neural_bidir_seed0_eb,zz_known,192,13,4,0.025266706943511963,4096
neural_eb,neural_bidir_seed1_eb,zz_known,192,13,4,0.025317519903182983,4096
neural_eb,neural_bidir_seed2_eb,zz_known,192,13,4,0.025272831320762634,4096
neural_eb,neural_bidir_seed3_eb,zz_known,192,13,4,0.02528168447315693,4096
neural_eb,neural_bidir_seed4_eb,zz_known,192,13,4,0.02527058869600296,4096
constant_mean_prior,none,none,0,14,0,0.16964006423950195,4096
constant_median_prior,none,none,0,14,0,0.16567540168762207,4096
summary_ridge_prior,none,none,0,14,0,0.10633023083209991,4096
product_affine_prior,none,none,0,14,0,0.11423661559820175,4096
exact_marginal_affine_prior,none,none,0,14,0,0.11121492832899094,4096
neural_prior,neural_bidir_seed0_prior,none,0,14,0,0.08787138015031815,4096
neural_prior,neural_bidir_seed1_prior,none,0,14,0,0.09038539230823517,4096
neural_prior,neural_bidir_seed2_prior,none,0,14,0,0.08814769983291626,4096
neural_prior,neural_bidir_seed3_prior,none,0,14,0,0.08890347182750702,4096
neural_prior,neural_bidir_seed4_prior,none,0,14,0,0.08793622255325317,4096
summary_ridge_eb,none,zz_known,12,14,0,0.07947851717472076,4096
neural_eb,neural_bidir_seed0_eb,zz_known,12,14,0,0.07350742816925049,4096
neural_eb,neural_bidir_seed1_eb,zz_known,12,14,0,0.0745144784450531,4096
neural_eb,neural_bidir_seed2_eb,zz_known,12,14,0,0.07364316284656525,4096
neural_eb,neural_bidir_seed3_eb,zz_known,12,14,0,0.07395648956298828,4096
neural_eb,neural_bidir_seed4_eb,zz_known,12,14,0,0.07363563776016235,4096
summary_ridge_eb,none,zz_known,16,14,0,0.07124000787734985,4096
neural_eb,neural_bidir_seed0_eb,zz_known,16,14,0,0.06707240641117096,4096
neural_eb,neural_bidir_seed1_eb,zz_known,16,14,0,0.06783191859722137,4096
neural_eb,neural_bidir_seed2_eb,zz_known,16,14,0,0.06715594232082367,4096
neural_eb,neural_bidir_seed3_eb,zz_known,16,14,0,0.06737391650676727,4096
neural_eb,neural_bidir_seed4_eb,zz_known,16,14,0,0.06712464988231659,4096
constant_mean_eb,none,zz_known,20,14,0,0.07496416568756104,4096
summary_ridge_eb,none,zz_known,20,14,0,0.06543786823749542,4096
neural_eb,neural_bidir_seed0_eb,zz_known,20,14,0,0.06133877485990524,4096
neural_eb,neural_bidir_seed1_eb,zz_known,20,14,0,0.06198014318943024,4096
neural_eb,neural_bidir_seed2_eb,zz_known,20,14,0,0.06147252023220062,4096
neural_eb,neural_bidir_seed3_eb,zz_known,20,14,0,0.06174039840698242,4096
neural_eb,neural_bidir_seed4_eb,zz_known,20,14,0,0.06143739074468613,4096
dfe,none,zz_known,24,14,0,0.07381418347358704,0
constant_mean_eb,none,zz_known,24,14,0,0.06924287974834442,4096
neural_eb,neural_bidir_seed0_eb,zz_known,24,14,0,0.05788740515708923,4096
neural_eb,neural_bidir_seed1_eb,zz_known,24,14,0,0.05837676674127579,4096
neural_eb,neural_bidir_seed2_eb,zz_known,24,14,0,0.057971782982349396,4096
neural_eb,neural_bidir_seed3_eb,zz_known,24,14,0,0.05820859223604202,4096
neural_eb,neural_bidir_seed4_eb,zz_known,24,14,0,0.05789509415626526,4096
dfe,none,zz_known,28,14,0,0.06908929347991943,0
summary_ridge_eb,none,zz_known,28,14,0,0.05882647633552551,4096
dfe,none,zz_known,32,14,0,0.06389901041984558,0
constant_mean_eb,none,zz_known,32,14,0,0.06122878938913345,4096
summary_ridge_eb,none,zz_known,32,14,0,0.055271755903959274,4096
neural_eb,neural_bidir_seed0_eb,zz_known,32,14,0,0.05256520211696625,4096
neural_eb,neural_bidir_seed1_eb,zz_known,32,14,0,0.053052954375743866,4096
neural_eb,neural_bidir_seed2_eb,zz_known,32,14,0,0.052614957094192505,4096
neural_eb,neural_bidir_seed3_eb,zz_known,32,14,0,0.052702877670526505,4096
neural_eb,neural_bidir_seed4_eb,zz_known,32,14,0,0.05257076025009155,4096
constant_mean_eb,none,zz_known,36,14,0,0.05720746889710426,4096
summary_ridge_eb,none,zz_known,36,14,0,0.05234052240848541,4096
neural_eb,neural_bidir_seed0_eb,zz_known,36,14,0,0.05029908940196037,4096
neural_eb,neural_bidir_seed1_eb,zz_known,36,14,0,0.050658099353313446,4096
neural_eb,neural_bidir_seed2_eb,zz_known,36,14,0,0.050334349274635315,4096
neural_eb,neural_bidir_seed3_eb,zz_known,36,14,0,0.05043942481279373,4096
neural_eb,neural_bidir_seed4_eb,zz_known,36,14,0,0.05026184022426605,4096
dfe,none,zz_known,40,14,0,0.05627354606986046,0
neural_eb,neural_bidir_seed0_eb,zz_known,40,14,0,0.04782573878765106,4096
neural_eb,neural_bidir_seed1_eb,zz_known,40,14,0,0.04817364737391472,4096
neural_eb,neural_bidir_seed2_eb,zz_known,40,14,0,0.04791470244526863,4096
neural_eb,neural_bidir_seed3_eb,zz_known,40,14,0,0.04801633954048157,4096
neural_eb,neural_bidir_seed4_eb,zz_known,40,14,0,0.04786337912082672,4096
dfe,none,zz_known,44,14,0,0.055046096444129944,0
constant_mean_eb,none,zz_known,44,14,0,0.0529051348567009,4096
summary_ridge_eb,none,zz_known,44,14,0,0.049081072211265564,4096
dfe,none,zz_known,48,14,0,0.052120134234428406,0
constant_mean_eb,none,zz_known,52,14,0,0.04949722811579704,4096
neural_eb,neural_bidir_seed0_eb,zz_known,52,14,0,0.04451480135321617,4096
neural_eb,neural_bidir_seed1_eb,zz_known,52,14,0,0.044772323220968246,4096
neural_eb,neural_bidir_seed2_eb,zz_known,52,14,0,0.04453562572598457,4096
neural_eb,neural_bidir_seed3_eb,zz_known,52,14,0,0.04460836201906204,4096
neural_eb,neural_bidir_seed4_eb,zz_known,52,14,0,0.04453499987721443,4096
dfe,none,zz_known,56,14,0,0.048152923583984375,0
summary_ridge_eb,none,zz_known,56,14,0,0.043555062264204025,4096
constant_mean_eb,none,zz_known,64,14,0,0.0435030460357666,4096
dfe,none,zz_known,68,14,0,0.04380488023161888,0
summary_ridge_eb,none,zz_known,72,14,0,0.039215750992298126,4096
neural_eb,neural_bidir_seed0_eb,zz_known,72,14,0,0.038477033376693726,4096
neural_eb,neural_bidir_seed1_eb,zz_known,72,14,0,0.03865959867835045,4096
neural_eb,neural_bidir_seed2_eb,zz_known,72,14,0,0.03848115727305412,4096
neural_eb,neural_bidir_seed3_eb,zz_known,72,14,0,0.038521554321050644,4096
neural_eb,neural_bidir_seed4_eb,zz_known,72,14,0,0.03847265988588333,4096
constant_mean_eb,none,zz_known,80,14,0,0.03993970528244972,4096
dfe,none,zz_known,84,14,0,0.0383814238011837,0
summary_ridge_eb,none,zz_known,96,14,0,0.034806493669748306,4096
neural_eb,neural_bidir_seed0_eb,zz_known,96,14,0,0.03441399335861206,4096
neural_eb,neural_bidir_seed1_eb,zz_known,96,14,0,0.03457315266132355,4096
neural_eb,neural_bidir_seed2_eb,zz_known,96,14,0,0.034429676830768585,4096
neural_eb,neural_bidir_seed3_eb,zz_known,96,14,0,0.03445039689540863,4096
neural_eb,neural_bidir_seed4_eb,zz_known,96,14,0,0.03440586104989052,4096
dfe,none,zz_known,128,14,0,0.03236176818609238,0
constant_mean_eb,none,zz_known,128,14,0,0.032227396965026855,4096
dfe,none,zz_known,192,14,0,0.025987420231103897,0
constant_mean_eb,none,zz_known,192,14,0,0.025825154036283493,4096
summary_ridge_eb,none,zz_known,192,14,0,0.025164349004626274,4096
neural_eb,neural_bidir_seed0_eb,zz_known,192,14,0,0.024932701140642166,4096
neural_eb,neural_bidir_seed1_eb,zz_known,192,14,0,0.024986885488033295,4096
neural_eb,neural_bidir_seed2_eb,zz_known,192,14,0,0.024946846067905426,4096
neural_eb,neural_bidir_seed3_eb,zz_known,192,14,0,0.024972394108772278,4096
neural_eb,neural_bidir_seed4_eb,zz_known,192,14,0,0.02494211308658123,4096
constant_mean_prior,none,none,0,14,1,0.17084845900535583,4096
constant_median_prior,none,none,0,14,1,0.16719838976860046,4096
summary_ridge_prior,none,none,0,14,1,0.09865850955247879,4096
product_affine_prior,none,none,0,14,1,0.11075860261917114,4096
exact_marginal_affine_prior,none,none,0,14,1,0.10748342424631119,4096
neural_prior,neural_bidir_seed0_prior,none,0,14,1,0.08573993295431137,4096
neural_prior,neural_bidir_seed1_prior,none,0,14,1,0.08852088451385498,4096
neural_prior,neural_bidir_seed2_prior,none,0,14,1,0.08585755527019501,4096
neural_prior,neural_bidir_seed3_prior,none,0,14,1,0.08627939224243164,4096
neural_prior,neural_bidir_seed4_prior,none,0,14,1,0.08563486486673355,4096
summary_ridge_eb,none,zz_known,12,14,1,0.07758156210184097,4096
neural_eb,neural_bidir_seed0_eb,zz_known,12,14,1,0.07452236860990524,4096
neural_eb,neural_bidir_seed1_eb,zz_known,12,14,1,0.07572916895151138,4096
neural_eb,neural_bidir_seed2_eb,zz_known,12,14,1,0.07464063167572021,4096
neural_eb,neural_bidir_seed3_eb,zz_known,12,14,1,0.07484324276447296,4096
neural_eb,neural_bidir_seed4_eb,zz_known,12,14,1,0.07459358870983124,4096
summary_ridge_eb,none,zz_known,16,14,1,0.06877072155475616,4096
neural_eb,neural_bidir_seed0_eb,zz_known,16,14,1,0.06602635234594345,4096
neural_eb,neural_bidir_seed1_eb,zz_known,16,14,1,0.067053884267807,4096
neural_eb,neural_bidir_seed2_eb,zz_known,16,14,1,0.066098652780056,4096
neural_eb,neural_bidir_seed3_eb,zz_known,16,14,1,0.06626173853874207,4096
neural_eb,neural_bidir_seed4_eb,zz_known,16,14,1,0.06611201912164688,4096
constant_mean_eb,none,zz_known,20,14,1,0.0749923512339592,4096
summary_ridge_eb,none,zz_known,20,14,1,0.06396658718585968,4096
neural_eb,neural_bidir_seed0_eb,zz_known,20,14,1,0.061099253594875336,4096
neural_eb,neural_bidir_seed1_eb,zz_known,20,14,1,0.061950117349624634,4096
neural_eb,neural_bidir_seed2_eb,zz_known,20,14,1,0.06114931404590607,4096
neural_eb,neural_bidir_seed3_eb,zz_known,20,14,1,0.06129785627126694,4096
neural_eb,neural_bidir_seed4_eb,zz_known,20,14,1,0.06113030016422272,4096
dfe,none,zz_known,24,14,1,0.07514040917158127,0
constant_mean_eb,none,zz_known,24,14,1,0.0706576481461525,4096
neural_eb,neural_bidir_seed0_eb,zz_known,24,14,1,0.058980051428079605,4096
neural_eb,neural_bidir_seed1_eb,zz_known,24,14,1,0.059690576046705246,4096
neural_eb,neural_bidir_seed2_eb,zz_known,24,14,1,0.05900208279490471,4096
neural_eb,neural_bidir_seed3_eb,zz_known,24,14,1,0.05916681885719299,4096
neural_eb,neural_bidir_seed4_eb,zz_known,24,14,1,0.05902533605694771,4096
dfe,none,zz_known,28,14,1,0.06814921647310257,0
summary_ridge_eb,none,zz_known,28,14,1,0.05696001648902893,4096
dfe,none,zz_known,32,14,1,0.0647183358669281,0
constant_mean_eb,none,zz_known,32,14,1,0.060481779277324677,4096
summary_ridge_eb,none,zz_known,32,14,1,0.05383220687508583,4096
neural_eb,neural_bidir_seed0_eb,zz_known,32,14,1,0.052317481487989426,4096
neural_eb,neural_bidir_seed1_eb,zz_known,32,14,1,0.05282560735940933,4096
neural_eb,neural_bidir_seed2_eb,zz_known,32,14,1,0.05238214507699013,4096
neural_eb,neural_bidir_seed3_eb,zz_known,32,14,1,0.052478689700365067,4096
neural_eb,neural_bidir_seed4_eb,zz_known,32,14,1,0.0523606576025486,4096
constant_mean_eb,none,zz_known,36,14,1,0.056863151490688324,4096
summary_ridge_eb,none,zz_known,36,14,1,0.05240167677402496,4096
neural_eb,neural_bidir_seed0_eb,zz_known,36,14,1,0.05018317699432373,4096
neural_eb,neural_bidir_seed1_eb,zz_known,36,14,1,0.05060700327157974,4096
neural_eb,neural_bidir_seed2_eb,zz_known,36,14,1,0.05016401782631874,4096
neural_eb,neural_bidir_seed3_eb,zz_known,36,14,1,0.05025702714920044,4096
neural_eb,neural_bidir_seed4_eb,zz_known,36,14,1,0.050160251557826996,4096
dfe,none,zz_known,40,14,1,0.05775117874145508,0
neural_eb,neural_bidir_seed0_eb,zz_known,40,14,1,0.04933585599064827,4096
neural_eb,neural_bidir_seed1_eb,zz_known,40,14,1,0.049723707139492035,4096
neural_eb,neural_bidir_seed2_eb,zz_known,40,14,1,0.049341149628162384,4096
neural_eb,neural_bidir_seed3_eb,zz_known,40,14,1,0.049422845244407654,4096
neural_eb,neural_bidir_seed4_eb,zz_known,40,14,1,0.04934665560722351,4096
dfe,none,zz_known,44,14,1,0.053143635392189026,0
constant_mean_eb,none,zz_known,44,14,1,0.051178254187107086,4096
summary_ridge_eb,none,zz_known,44,14,1,0.04746779426932335,4096
dfe,none,zz_known,48,14,1,0.05278230458498001,0
constant_mean_eb,none,zz_known,52,14,1,0.04810269922018051,4096
neural_eb,neural_bidir_seed0_eb,zz_known,52,14,1,0.0434996634721756,4096
neural_eb,neural_bidir_seed1_eb,zz_known,52,14,1,0.043868131935596466,4096
neural_eb,neural_bidir_seed2_eb,zz_known,52,14,1,0.043501127511262894,4096
neural_eb,neural_bidir_seed3_eb,zz_known,52,14,1,0.043552786111831665,4096
neural_eb,neural_bidir_seed4_eb,zz_known,52,14,1,0.04352753609418869,4096
dfe,none,zz_known,56,14,1,0.04751625657081604,0
summary_ridge_eb,none,zz_known,56,14,1,0.04334104061126709,4096
constant_mean_eb,none,zz_known,64,14,1,0.043686456978321075,4096
dfe,none,zz_known,68,14,1,0.043628990650177,0
summary_ridge_eb,none,zz_known,72,14,1,0.039896026253700256,4096
neural_eb,neural_bidir_seed0_eb,zz_known,72,14,1,0.03938334435224533,4096
neural_eb,neural_bidir_seed1_eb,zz_known,72,14,1,0.03958965092897415,4096
neural_eb,neural_bidir_seed2_eb,zz_known,72,14,1,0.039395518600940704,4096
neural_eb,neural_bidir_seed3_eb,zz_known,72,14,1,0.039413727819919586,4096
neural_eb,neural_bidir_seed4_eb,zz_known,72,14,1,0.03937807306647301,4096
constant_mean_eb,none,zz_known,80,14,1,0.03959863260388374,4096
dfe,none,zz_known,84,14,1,0.03903324156999588,0
summary_ridge_eb,none,zz_known,96,14,1,0.03449634462594986,4096
neural_eb,neural_bidir_seed0_eb,zz_known,96,14,1,0.034309931099414825,4096
neural_eb,neural_bidir_seed1_eb,zz_known,96,14,1,0.03449670225381851,4096
neural_eb,neural_bidir_seed2_eb,zz_known,96,14,1,0.034312717616558075,4096
neural_eb,neural_bidir_seed3_eb,zz_known,96,14,1,0.03431958332657814,4096
neural_eb,neural_bidir_seed4_eb,zz_known,96,14,1,0.03432578593492508,4096
dfe,none,zz_known,128,14,1,0.0322597473859787,0
constant_mean_eb,none,zz_known,128,14,1,0.03179536014795303,4096
dfe,none,zz_known,192,14,1,0.02603783644735813,0
constant_mean_eb,none,zz_known,192,14,1,0.02596389129757881,4096
summary_ridge_eb,none,zz_known,192,14,1,0.025221507996320724,4096
neural_eb,neural_bidir_seed0_eb,zz_known,192,14,1,0.025053685531020164,4096
neural_eb,neural_bidir_seed1_eb,zz_known,192,14,1,0.025131292641162872,4096
neural_eb,neural_bidir_seed2_eb,zz_known,192,14,1,0.02506030537188053,4096
neural_eb,neural_bidir_seed3_eb,zz_known,192,14,1,0.02506318874657154,4096
neural_eb,neural_bidir_seed4_eb,zz_known,192,14,1,0.02507038414478302,4096
constant_mean_prior,none,none,0,14,2,0.17030343413352966,4096
constant_median_prior,none,none,0,14,2,0.16567540168762207,4096
summary_ridge_prior,none,none,0,14,2,0.10347176343202591,4096
product_affine_prior,none,none,0,14,2,0.11068342626094818,4096
exact_marginal_affine_prior,none,none,0,14,2,0.10744087398052216,4096
neural_prior,neural_bidir_seed0_prior,none,0,14,2,0.08469945192337036,4096
neural_prior,neural_bidir_seed1_prior,none,0,14,2,0.08717711269855499,4096
neural_prior,neural_bidir_seed2_prior,none,0,14,2,0.0848037451505661,4096
neural_prior,neural_bidir_seed3_prior,none,0,14,2,0.08509933948516846,4096
neural_prior,neural_bidir_seed4_prior,none,0,14,2,0.08439932763576508,4096
summary_ridge_eb,none,zz_known,12,14,2,0.0787697434425354,4096
neural_eb,neural_bidir_seed0_eb,zz_known,12,14,2,0.0720607191324234,4096
neural_eb,neural_bidir_seed1_eb,zz_known,12,14,2,0.07317417860031128,4096
neural_eb,neural_bidir_seed2_eb,zz_known,12,14,2,0.07208485901355743,4096
neural_eb,neural_bidir_seed3_eb,zz_known,12,14,2,0.07222575694322586,4096
neural_eb,neural_bidir_seed4_eb,zz_known,12,14,2,0.07183215022087097,4096
summary_ridge_eb,none,zz_known,16,14,2,0.07065361738204956,4096
neural_eb,neural_bidir_seed0_eb,zz_known,16,14,2,0.06570298969745636,4096
neural_eb,neural_bidir_seed1_eb,zz_known,16,14,2,0.06652811169624329,4096
neural_eb,neural_bidir_seed2_eb,zz_known,16,14,2,0.06568321585655212,4096
neural_eb,neural_bidir_seed3_eb,zz_known,16,14,2,0.06578183174133301,4096
neural_eb,neural_bidir_seed4_eb,zz_known,16,14,2,0.06548814475536346,4096
constant_mean_eb,none,zz_known,20,14,2,0.07507641613483429,4096
summary_ridge_eb,none,zz_known,20,14,2,0.06557248532772064,4096
neural_eb,neural_bidir_seed0_eb,zz_known,20,14,2,0.06120413541793823,4096
neural_eb,neural_bidir_seed1_eb,zz_known,20,14,2,0.06194264441728592,4096
neural_eb,neural_bidir_seed2_eb,zz_known,20,14,2,0.061207957565784454,4096
neural_eb,neural_bidir_seed3_eb,zz_known,20,14,2,0.061288829892873764,4096
neural_eb,neural_bidir_seed4_eb,zz_known,20,14,2,0.06109761819243431,4096
dfe,none,zz_known,24,14,2,0.07381938397884369,0
constant_mean_eb,none,zz_known,24,14,2,0.06987061351537704,4096
neural_eb,neural_bidir_seed0_eb,zz_known,24,14,2,0.0574871301651001,4096
neural_eb,neural_bidir_seed1_eb,zz_known,24,14,2,0.058160148561000824,4096
neural_eb,neural_bidir_seed2_eb,zz_known,24,14,2,0.05748362839221954,4096
neural_eb,neural_bidir_seed3_eb,zz_known,24,14,2,0.057563383132219315,4096
neural_eb,neural_bidir_seed4_eb,zz_known,24,14,2,0.05731917545199394,4096
dfe,none,zz_known,28,14,2,0.06765371561050415,0
summary_ridge_eb,none,zz_known,28,14,2,0.05800136551260948,4096
dfe,none,zz_known,32,14,2,0.06317131221294403,0
constant_mean_eb,none,zz_known,32,14,2,0.06054317206144333,4096
summary_ridge_eb,none,zz_known,32,14,2,0.054425280541181564,4096
neural_eb,neural_bidir_seed0_eb,zz_known,32,14,2,0.05162043496966362,4096
neural_eb,neural_bidir_seed1_eb,zz_known,32,14,2,0.05213337391614914,4096
neural_eb,neural_bidir_seed2_eb,zz_known,32,14,2,0.05161895975470543,4096
neural_eb,neural_bidir_seed3_eb,zz_known,32,14,2,0.05166499316692352,4096
neural_eb,neural_bidir_seed4_eb,zz_known,32,14,2,0.051513053476810455,4096
constant_mean_eb,none,zz_known,36,14,2,0.057559773325920105,4096
summary_ridge_eb,none,zz_known,36,14,2,0.05288439989089966,4096
neural_eb,neural_bidir_seed0_eb,zz_known,36,14,2,0.050370652228593826,4096
neural_eb,neural_bidir_seed1_eb,zz_known,36,14,2,0.050767067819833755,4096
neural_eb,neural_bidir_seed2_eb,zz_known,36,14,2,0.050358857959508896,4096
neural_eb,neural_bidir_seed3_eb,zz_known,36,14,2,0.050372667610645294,4096
neural_eb,neural_bidir_seed4_eb,zz_known,36,14,2,0.05022450536489487,4096
dfe,none,zz_known,40,14,2,0.05720590800046921,0
neural_eb,neural_bidir_seed0_eb,zz_known,40,14,2,0.04850596934556961,4096
neural_eb,neural_bidir_seed1_eb,zz_known,40,14,2,0.0488923005759716,4096
neural_eb,neural_bidir_seed2_eb,zz_known,40,14,2,0.04848869889974594,4096
neural_eb,neural_bidir_seed3_eb,zz_known,40,14,2,0.04857424274086952,4096
neural_eb,neural_bidir_seed4_eb,zz_known,40,14,2,0.048422906547784805,4096
dfe,none,zz_known,44,14,2,0.05457226559519768,0
constant_mean_eb,none,zz_known,44,14,2,0.052534691989421844,4096
summary_ridge_eb,none,zz_known,44,14,2,0.04859855771064758,4096
dfe,none,zz_known,48,14,2,0.051408685743808746,0
constant_mean_eb,none,zz_known,52,14,2,0.04871080815792084,4096
neural_eb,neural_bidir_seed0_eb,zz_known,52,14,2,0.04424440488219261,4096
neural_eb,neural_bidir_seed1_eb,zz_known,52,14,2,0.04457399249076843,4096
neural_eb,neural_bidir_seed2_eb,zz_known,52,14,2,0.04424296319484711,4096
neural_eb,neural_bidir_seed3_eb,zz_known,52,14,2,0.04432385414838791,4096
neural_eb,neural_bidir_seed4_eb,zz_known,52,14,2,0.04413748160004616,4096
dfe,none,zz_known,56,14,2,0.04723268002271652,0
summary_ridge_eb,none,zz_known,56,14,2,0.04385515674948692,4096
constant_mean_eb,none,zz_known,64,14,2,0.044023945927619934,4096
dfe,none,zz_known,68,14,2,0.04444839805364609,0
summary_ridge_eb,none,zz_known,72,14,2,0.03957387059926987,4096
neural_eb,neural_bidir_seed0_eb,zz_known,72,14,2,0.03877019137144089,4096
neural_eb,neural_bidir_seed1_eb,zz_known,72,14,2,0.0390038788318634,4096
neural_eb,neural_bidir_seed2_eb,zz_known,72,14,2,0.03874538093805313,4096
neural_eb,neural_bidir_seed3_eb,zz_known,72,14,2,0.03871792554855347,4096
neural_eb,neural_bidir_seed4_eb,zz_known,72,14,2,0.03872639313340187,4096
constant_mean_eb,none,zz_known,80,14,2,0.03856920450925827,4096
dfe,none,zz_known,84,14,2,0.0395495630800724,0
summary_ridge_eb,none,zz_known,96,14,2,0.03460904583334923,4096
neural_eb,neural_bidir_seed0_eb,zz_known,96,14,2,0.03398310765624046,4096
neural_eb,neural_bidir_seed1_eb,zz_known,96,14,2,0.03412116318941116,4096
neural_eb,neural_bidir_seed2_eb,zz_known,96,14,2,0.03395358473062515,4096
neural_eb,neural_bidir_seed3_eb,zz_known,96,14,2,0.03396887332201004,4096
neural_eb,neural_bidir_seed4_eb,zz_known,96,14,2,0.03391595184803009,4096
dfe,none,zz_known,128,14,2,0.03179040923714638,0
constant_mean_eb,none,zz_known,128,14,2,0.03115774318575859,4096
dfe,none,zz_known,192,14,2,0.026190921664237976,0
constant_mean_eb,none,zz_known,192,14,2,0.026027394458651543,4096
summary_ridge_eb,none,zz_known,192,14,2,0.025567639619112015,4096
neural_eb,neural_bidir_seed0_eb,zz_known,192,14,2,0.025264423340559006,4096
neural_eb,neural_bidir_seed1_eb,zz_known,192,14,2,0.025312667712569237,4096
neural_eb,neural_bidir_seed2_eb,zz_known,192,14,2,0.025258541107177734,4096
neural_eb,neural_bidir_seed3_eb,zz_known,192,14,2,0.02526390179991722,4096
neural_eb,neural_bidir_seed4_eb,zz_known,192,14,2,0.025238528847694397,4096
constant_mean_prior,none,none,0,14,3,0.1706482619047165,4096
constant_median_prior,none,none,0,14,3,0.16626541316509247,4096
summary_ridge_prior,none,none,0,14,3,0.10190820693969727,4096
product_affine_prior,none,none,0,14,3,0.10940510779619217,4096
exact_marginal_affine_prior,none,none,0,14,3,0.10605255514383316,4096
neural_prior,neural_bidir_seed0_prior,none,0,14,3,0.08403231203556061,4096
neural_prior,neural_bidir_seed1_prior,none,0,14,3,0.08637188374996185,4096
neural_prior,neural_bidir_seed2_prior,none,0,14,3,0.08406798541545868,4096
neural_prior,neural_bidir_seed3_prior,none,0,14,3,0.0842316746711731,4096
neural_prior,neural_bidir_seed4_prior,none,0,14,3,0.08361543715000153,4096
summary_ridge_eb,none,zz_known,12,14,3,0.07911898195743561,4096
neural_eb,neural_bidir_seed0_eb,zz_known,12,14,3,0.07195677608251572,4096
neural_eb,neural_bidir_seed1_eb,zz_known,12,14,3,0.0729932188987732,4096
neural_eb,neural_bidir_seed2_eb,zz_known,12,14,3,0.07196690142154694,4096
neural_eb,neural_bidir_seed3_eb,zz_known,12,14,3,0.07209984958171844,4096
neural_eb,neural_bidir_seed4_eb,zz_known,12,14,3,0.07176420092582703,4096
summary_ridge_eb,none,zz_known,16,14,3,0.06909807026386261,4096
neural_eb,neural_bidir_seed0_eb,zz_known,16,14,3,0.06473495066165924,4096
neural_eb,neural_bidir_seed1_eb,zz_known,16,14,3,0.06560513377189636,4096
neural_eb,neural_bidir_seed2_eb,zz_known,16,14,3,0.06471512466669083,4096
neural_eb,neural_bidir_seed3_eb,zz_known,16,14,3,0.06472575664520264,4096
neural_eb,neural_bidir_seed4_eb,zz_known,16,14,3,0.06453942507505417,4096
constant_mean_eb,none,zz_known,20,14,3,0.0757804811000824,4096
summary_ridge_eb,none,zz_known,20,14,3,0.06646968424320221,4096
neural_eb,neural_bidir_seed0_eb,zz_known,20,14,3,0.062137894332408905,4096
neural_eb,neural_bidir_seed1_eb,zz_known,20,14,3,0.06283913552761078,4096
neural_eb,neural_bidir_seed2_eb,zz_known,20,14,3,0.06212134659290314,4096
neural_eb,neural_bidir_seed3_eb,zz_known,20,14,3,0.062199510633945465,4096
neural_eb,neural_bidir_seed4_eb,zz_known,20,14,3,0.06192176043987274,4096
dfe,none,zz_known,24,14,3,0.07566988468170166,0
constant_mean_eb,none,zz_known,24,14,3,0.07137039303779602,4096
neural_eb,neural_bidir_seed0_eb,zz_known,24,14,3,0.059330932796001434,4096
neural_eb,neural_bidir_seed1_eb,zz_known,24,14,3,0.0599258616566658,4096
neural_eb,neural_bidir_seed2_eb,zz_known,24,14,3,0.05932438373565674,4096
neural_eb,neural_bidir_seed3_eb,zz_known,24,14,3,0.05940335988998413,4096
neural_eb,neural_bidir_seed4_eb,zz_known,24,14,3,0.0591178834438324,4096
dfe,none,zz_known,28,14,3,0.06795158982276917,0
summary_ridge_eb,none,zz_known,28,14,3,0.057651132345199585,4096
dfe,none,zz_known,32,14,3,0.06426054239273071,0
constant_mean_eb,none,zz_known,32,14,3,0.06069379299879074,4096
summary_ridge_eb,none,zz_known,32,14,3,0.05529550835490227,4096
neural_eb,neural_bidir_seed0_eb,zz_known,32,14,3,0.05257554352283478,4096
neural_eb,neural_bidir_seed1_eb,zz_known,32,14,3,0.05301502346992493,4096
neural_eb,neural_bidir_seed2_eb,zz_known,32,14,3,0.05257969722151756,4096
neural_eb,neural_bidir_seed3_eb,zz_known,32,14,3,0.05266503989696503,4096
neural_eb,neural_bidir_seed4_eb,zz_known,32,14,3,0.052452098578214645,4096
constant_mean_eb,none,zz_known,36,14,3,0.057465746998786926,4096
summary_ridge_eb,none,zz_known,36,14,3,0.05154285579919815,4096
neural_eb,neural_bidir_seed0_eb,zz_known,36,14,3,0.04999677091836929,4096
neural_eb,neural_bidir_seed1_eb,zz_known,36,14,3,0.05038868635892868,4096
neural_eb,neural_bidir_seed2_eb,zz_known,36,14,3,0.04993586987257004,4096
neural_eb,neural_bidir_seed3_eb,zz_known,36,14,3,0.050010766834020615,4096
neural_eb,neural_bidir_seed4_eb,zz_known,36,14,3,0.049814365804195404,4096
dfe,none,zz_known,40,14,3,0.05668225511908531,0
neural_eb,neural_bidir_seed0_eb,zz_known,40,14,3,0.04805777966976166,4096
neural_eb,neural_bidir_seed1_eb,zz_known,40,14,3,0.04840516671538353,4096
neural_eb,neural_bidir_seed2_eb,zz_known,40,14,3,0.04800260812044144,4096
neural_eb,neural_bidir_seed3_eb,zz_known,40,14,3,0.04809700697660446,4096
neural_eb,neural_bidir_seed4_eb,zz_known,40,14,3,0.04793095588684082,4096
dfe,none,zz_known,44,14,3,0.05413675680756569,0
constant_mean_eb,none,zz_known,44,14,3,0.05246063694357872,4096
summary_ridge_eb,none,zz_known,44,14,3,0.04837064445018768,4096
dfe,none,zz_known,48,14,3,0.05244412273168564,0
constant_mean_eb,none,zz_known,52,14,3,0.04827015474438667,4096
neural_eb,neural_bidir_seed0_eb,zz_known,52,14,3,0.04334437847137451,4096
neural_eb,neural_bidir_seed1_eb,zz_known,52,14,3,0.043539173901081085,4096
neural_eb,neural_bidir_seed2_eb,zz_known,52,14,3,0.04329237714409828,4096
neural_eb,neural_bidir_seed3_eb,zz_known,52,14,3,0.04336632415652275,4096
neural_eb,neural_bidir_seed4_eb,zz_known,52,14,3,0.04322522133588791,4096
dfe,none,zz_known,56,14,3,0.04854143410921097,0
summary_ridge_eb,none,zz_known,56,14,3,0.043673835694789886,4096
constant_mean_eb,none,zz_known,64,14,3,0.04437270015478134,4096
dfe,none,zz_known,68,14,3,0.043978624045848846,0
summary_ridge_eb,none,zz_known,72,14,3,0.03953162580728531,4096
neural_eb,neural_bidir_seed0_eb,zz_known,72,14,3,0.038664720952510834,4096
neural_eb,neural_bidir_seed1_eb,zz_known,72,14,3,0.038829997181892395,4096
neural_eb,neural_bidir_seed2_eb,zz_known,72,14,3,0.038621414452791214,4096
neural_eb,neural_bidir_seed3_eb,zz_known,72,14,3,0.03864365816116333,4096
neural_eb,neural_bidir_seed4_eb,zz_known,72,14,3,0.03857319429516792,4096
constant_mean_eb,none,zz_known,80,14,3,0.03975196182727814,4096
dfe,none,zz_known,84,14,3,0.039138518273830414,0
summary_ridge_eb,none,zz_known,96,14,3,0.034708570688962936,4096
neural_eb,neural_bidir_seed0_eb,zz_known,96,14,3,0.03398311510682106,4096
neural_eb,neural_bidir_seed1_eb,zz_known,96,14,3,0.03407512977719307,4096
neural_eb,neural_bidir_seed2_eb,zz_known,96,14,3,0.033961221575737,4096
neural_eb,neural_bidir_seed3_eb,zz_known,96,14,3,0.03399273753166199,4096
neural_eb,neural_bidir_seed4_eb,zz_known,96,14,3,0.033891625702381134,4096
dfe,none,zz_known,128,14,3,0.0314006507396698,0
constant_mean_eb,none,zz_known,128,14,3,0.03110114485025406,4096
dfe,none,zz_known,192,14,3,0.02571958489716053,0
constant_mean_eb,none,zz_known,192,14,3,0.02539033070206642,4096
summary_ridge_eb,none,zz_known,192,14,3,0.02481570467352867,4096
neural_eb,neural_bidir_seed0_eb,zz_known,192,14,3,0.024658365175127983,4096
neural_eb,neural_bidir_seed1_eb,zz_known,192,14,3,0.02469765953719616,4096
neural_eb,neural_bidir_seed2_eb,zz_known,192,14,3,0.02463974989950657,4096
neural_eb,neural_bidir_seed3_eb,zz_known,192,14,3,0.024655770510435104,4096
neural_eb,neural_bidir_seed4_eb,zz_known,192,14,3,0.024619054049253464,4096
constant_mean_prior,none,none,0,14,4,0.16973362863063812,4096
constant_median_prior,none,none,0,14,4,0.16719838976860046,4096
summary_ridge_prior,none,none,0,14,4,0.10168284922838211,4096
product_affine_prior,none,none,0,14,4,0.11151540279388428,4096
exact_marginal_affine_prior,none,none,0,14,4,0.10834487527608871,4096
neural_prior,neural_bidir_seed0_prior,none,0,14,4,0.0860799178481102,4096
neural_prior,neural_bidir_seed1_prior,none,0,14,4,0.08878162503242493,4096
neural_prior,neural_bidir_seed2_prior,none,0,14,4,0.08622749894857407,4096
neural_prior,neural_bidir_seed3_prior,none,0,14,4,0.08660276234149933,4096
neural_prior,neural_bidir_seed4_prior,none,0,14,4,0.08595569431781769,4096
summary_ridge_eb,none,zz_known,12,14,4,0.07861258834600449,4096
neural_eb,neural_bidir_seed0_eb,zz_known,12,14,4,0.07312279939651489,4096
neural_eb,neural_bidir_seed1_eb,zz_known,12,14,4,0.0742795318365097,4096
neural_eb,neural_bidir_seed2_eb,zz_known,12,14,4,0.07317794114351273,4096
neural_eb,neural_bidir_seed3_eb,zz_known,12,14,4,0.0732727199792862,4096
neural_eb,neural_bidir_seed4_eb,zz_known,12,14,4,0.07302772998809814,4096
summary_ridge_eb,none,zz_known,16,14,4,0.07133734226226807,4096
neural_eb,neural_bidir_seed0_eb,zz_known,16,14,4,0.06600740551948547,4096
neural_eb,neural_bidir_seed1_eb,zz_known,16,14,4,0.06679274141788483,4096
neural_eb,neural_bidir_seed2_eb,zz_known,16,14,4,0.06595435738563538,4096
neural_eb,neural_bidir_seed3_eb,zz_known,16,14,4,0.06614810228347778,4096
neural_eb,neural_bidir_seed4_eb,zz_known,16,14,4,0.06581918895244598,4096
constant_mean_eb,none,zz_known,20,14,4,0.07558713853359222,4096
summary_ridge_eb,none,zz_known,20,14,4,0.06441560387611389,4096
neural_eb,neural_bidir_seed0_eb,zz_known,20,14,4,0.06060677021741867,4096
neural_eb,neural_bidir_seed1_eb,zz_known,20,14,4,0.06141253560781479,4096
neural_eb,neural_bidir_seed2_eb,zz_known,20,14,4,0.06052573770284653,4096
neural_eb,neural_bidir_seed3_eb,zz_known,20,14,4,0.06064317747950554,4096
neural_eb,neural_bidir_seed4_eb,zz_known,20,14,4,0.06039208546280861,4096
dfe,none,zz_known,24,14,4,0.0735463798046112,0
constant_mean_eb,none,zz_known,24,14,4,0.07031237334012985,4096
neural_eb,neural_bidir_seed0_eb,zz_known,24,14,4,0.058113954961299896,4096
neural_eb,neural_bidir_seed1_eb,zz_known,24,14,4,0.058784451335668564,4096
neural_eb,neural_bidir_seed2_eb,zz_known,24,14,4,0.0581306517124176,4096
neural_eb,neural_bidir_seed3_eb,zz_known,24,14,4,0.058261703699827194,4096
neural_eb,neural_bidir_seed4_eb,zz_known,24,14,4,0.05807504802942276,4096
dfe,none,zz_known,28,14,4,0.06836725026369095,0
summary_ridge_eb,none,zz_known,28,14,4,0.0568695142865181,4096
dfe,none,zz_known,32,14,4,0.06478165090084076,0
constant_mean_eb,none,zz_known,32,14,4,0.06133665889501572,4096
summary_ridge_eb,none,zz_known,32,14,4,0.05470297113060951,4096
neural_eb,neural_bidir_seed0_eb,zz_known,32,14,4,0.05310794711112976,4096
neural_eb,neural_bidir_seed1_eb,zz_known,32,14,4,0.053582072257995605,4096
neural_eb,neural_bidir_seed2_eb,zz_known,32,14,4,0.053053438663482666,4096
neural_eb,neural_bidir_seed3_eb,zz_known,32,14,4,0.05317403003573418,4096
neural_eb,neural_bidir_seed4_eb,zz_known,32,14,4,0.052935678511857986,4096
constant_mean_eb,none,zz_known,36,14,4,0.05669154226779938,4096
summary_ridge_eb,none,zz_known,36,14,4,0.0517573356628418,4096
neural_eb,neural_bidir_seed0_eb,zz_known,36,14,4,0.04966958612203598,4096
neural_eb,neural_bidir_seed1_eb,zz_known,36,14,4,0.050003569573163986,4096
neural_eb,neural_bidir_seed2_eb,zz_known,36,14,4,0.049604304134845734,4096
neural_eb,neural_bidir_seed3_eb,zz_known,36,14,4,0.04966340586543083,4096
neural_eb,neural_bidir_seed4_eb,zz_known,36,14,4,0.04948655515909195,4096
dfe,none,zz_known,40,14,4,0.05714092031121254,0
neural_eb,neural_bidir_seed0_eb,zz_known,40,14,4,0.04872243478894234,4096
neural_eb,neural_bidir_seed1_eb,zz_known,40,14,4,0.04914611577987671,4096
neural_eb,neural_bidir_seed2_eb,zz_known,40,14,4,0.04868042469024658,4096
neural_eb,neural_bidir_seed3_eb,zz_known,40,14,4,0.048673562705516815,4096
neural_eb,neural_bidir_seed4_eb,zz_known,40,14,4,0.04856998845934868,4096
dfe,none,zz_known,44,14,4,0.053615450859069824,0
constant_mean_eb,none,zz_known,44,14,4,0.051733553409576416,4096
summary_ridge_eb,none,zz_known,44,14,4,0.04754066839814186,4096
dfe,none,zz_known,48,14,4,0.051742762327194214,0
constant_mean_eb,none,zz_known,52,14,4,0.04866688698530197,4096
neural_eb,neural_bidir_seed0_eb,zz_known,52,14,4,0.043845854699611664,4096
neural_eb,neural_bidir_seed1_eb,zz_known,52,14,4,0.04410130903124809,4096
neural_eb,neural_bidir_seed2_eb,zz_known,52,14,4,0.04379655420780182,4096
neural_eb,neural_bidir_seed3_eb,zz_known,52,14,4,0.04381442815065384,4096
neural_eb,neural_bidir_seed4_eb,zz_known,52,14,4,0.043690405786037445,4096
dfe,none,zz_known,56,14,4,0.04786217212677002,0
summary_ridge_eb,none,zz_known,56,14,4,0.04338733106851578,4096
constant_mean_eb,none,zz_known,64,14,4,0.04381166398525238,4096
dfe,none,zz_known,68,14,4,0.04399631544947624,0
summary_ridge_eb,none,zz_known,72,14,4,0.03924386203289032,4096
neural_eb,neural_bidir_seed0_eb,zz_known,72,14,4,0.038479678332805634,4096
neural_eb,neural_bidir_seed1_eb,zz_known,72,14,4,0.03865865245461464,4096
neural_eb,neural_bidir_seed2_eb,zz_known,72,14,4,0.03844165802001953,4096
neural_eb,neural_bidir_seed3_eb,zz_known,72,14,4,0.03847286105155945,4096
neural_eb,neural_bidir_seed4_eb,zz_known,72,14,4,0.03839602321386337,4096
constant_mean_eb,none,zz_known,80,14,4,0.03998667746782303,4096
dfe,none,zz_known,84,14,4,0.03998070955276489,0
summary_ridge_eb,none,zz_known,96,14,4,0.03485613316297531,4096
neural_eb,neural_bidir_seed0_eb,zz_known,96,14,4,0.034458525478839874,4096
neural_eb,neural_bidir_seed1_eb,zz_known,96,14,4,0.034547191113233566,4096
neural_eb,neural_bidir_seed2_eb,zz_known,96,14,4,0.034428685903549194,4096
neural_eb,neural_bidir_seed3_eb,zz_known,96,14,4,0.034480106085538864,4096
neural_eb,neural_bidir_seed4_eb,zz_known,96,14,4,0.03439037874341011,4096
dfe,none,zz_known,128,14,4,0.0320587083697319,0
constant_mean_eb,none,zz_known,128,14,4,0.03142910078167915,4096
dfe,none,zz_known,192,14,4,0.02618812397122383,0
constant_mean_eb,none,zz_known,192,14,4,0.026030078530311584,4096
summary_ridge_eb,none,zz_known,192,14,4,0.02532411739230156,4096
neural_eb,neural_bidir_seed0_eb,zz_known,192,14,4,0.025145620107650757,4096
neural_eb,neural_bidir_seed1_eb,zz_known,192,14,4,0.025209147483110428,4096
neural_eb,neural_bidir_seed2_eb,zz_known,192,14,4,0.025137875229120255,4096
neural_eb,neural_bidir_seed3_eb,zz_known,192,14,4,0.025123467668890953,4096
neural_eb,neural_bidir_seed4_eb,zz_known,192,14,4,0.025116633623838425,4096
constant_mean_prior,none,none,0,15,0,0.16726483404636383,4096
constant_median_prior,none,none,0,15,0,0.16774418950080872,4096
summary_ridge_prior,none,none,0,15,0,0.09717436134815216,4096
product_affine_prior,none,none,0,15,0,0.11104267835617065,4096
exact_marginal_affine_prior,none,none,0,15,0,0.10782237350940704,4096
neural_prior,neural_bidir_seed0_prior,none,0,15,0,0.08825962245464325,4096
neural_prior,neural_bidir_seed1_prior,none,0,15,0,0.09087655693292618,4096
neural_prior,neural_bidir_seed2_prior,none,0,15,0,0.08798485994338989,4096
neural_prior,neural_bidir_seed3_prior,none,0,15,0,0.08794815838336945,4096
neural_prior,neural_bidir_seed4_prior,none,0,15,0,0.08778811991214752,4096
summary_ridge_eb,none,zz_known,12,15,0,0.0769006684422493,4096
neural_eb,neural_bidir_seed0_eb,zz_known,12,15,0,0.07386191189289093,4096
neural_eb,neural_bidir_seed1_eb,zz_known,12,15,0,0.07474343478679657,4096
neural_eb,neural_bidir_seed2_eb,zz_known,12,15,0,0.07367689907550812,4096
neural_eb,neural_bidir_seed3_eb,zz_known,12,15,0,0.07375192642211914,4096
neural_eb,neural_bidir_seed4_eb,zz_known,12,15,0,0.0735950917005539,4096
summary_ridge_eb,none,zz_known,16,15,0,0.06953244656324387,4096
neural_eb,neural_bidir_seed0_eb,zz_known,16,15,0,0.06669539213180542,4096
neural_eb,neural_bidir_seed1_eb,zz_known,16,15,0,0.06753475964069366,4096
neural_eb,neural_bidir_seed2_eb,zz_known,16,15,0,0.06658453494310379,4096
neural_eb,neural_bidir_seed3_eb,zz_known,16,15,0,0.06671340763568878,4096
neural_eb,neural_bidir_seed4_eb,zz_known,16,15,0,0.06647561490535736,4096
constant_mean_eb,none,zz_known,20,15,0,0.07596912980079651,4096
summary_ridge_eb,none,zz_known,20,15,0,0.06548261642456055,4096
neural_eb,neural_bidir_seed0_eb,zz_known,20,15,0,0.06372155249118805,4096
neural_eb,neural_bidir_seed1_eb,zz_known,20,15,0,0.06441619992256165,4096
neural_eb,neural_bidir_seed2_eb,zz_known,20,15,0,0.06358090043067932,4096
neural_eb,neural_bidir_seed3_eb,zz_known,20,15,0,0.0635278970003128,4096
neural_eb,neural_bidir_seed4_eb,zz_known,20,15,0,0.06351067125797272,4096
dfe,none,zz_known,24,15,0,0.07414136826992035,0
constant_mean_eb,none,zz_known,24,15,0,0.0701281800866127,4096
neural_eb,neural_bidir_seed0_eb,zz_known,24,15,0,0.05950191989541054,4096
neural_eb,neural_bidir_seed1_eb,zz_known,24,15,0,0.05998461693525314,4096
neural_eb,neural_bidir_seed2_eb,zz_known,24,15,0,0.05936197191476822,4096
neural_eb,neural_bidir_seed3_eb,zz_known,24,15,0,0.059454161673784256,4096
neural_eb,neural_bidir_seed4_eb,zz_known,24,15,0,0.059299536049366,4096
dfe,none,zz_known,28,15,0,0.06886723637580872,0
summary_ridge_eb,none,zz_known,28,15,0,0.05684198811650276,4096
dfe,none,zz_known,32,15,0,0.06411115825176239,0
constant_mean_eb,none,zz_known,32,15,0,0.06054561585187912,4096
summary_ridge_eb,none,zz_known,32,15,0,0.054719097912311554,4096
neural_eb,neural_bidir_seed0_eb,zz_known,32,15,0,0.053825851529836655,4096
neural_eb,neural_bidir_seed1_eb,zz_known,32,15,0,0.05411112308502197,4096
neural_eb,neural_bidir_seed2_eb,zz_known,32,15,0,0.05368812382221222,4096
neural_eb,neural_bidir_seed3_eb,zz_known,32,15,0,0.0537802055478096,4096
neural_eb,neural_bidir_seed4_eb,zz_known,32,15,0,0.05365123599767685,4096
constant_mean_eb,none,zz_known,36,15,0,0.05748812109231949,4096
summary_ridge_eb,none,zz_known,36,15,0,0.05187547206878662,4096
neural_eb,neural_bidir_seed0_eb,zz_known,36,15,0,0.05099731683731079,4096
neural_eb,neural_bidir_seed1_eb,zz_known,36,15,0,0.05131431296467781,4096
neural_eb,neural_bidir_seed2_eb,zz_known,36,15,0,0.05088590085506439,4096
neural_eb,neural_bidir_seed3_eb,zz_known,36,15,0,0.05094071477651596,4096
neural_eb,neural_bidir_seed4_eb,zz_known,36,15,0,0.050808824598789215,4096
dfe,none,zz_known,40,15,0,0.056644707918167114,0
neural_eb,neural_bidir_seed0_eb,zz_known,40,15,0,0.04914851114153862,4096
neural_eb,neural_bidir_seed1_eb,zz_known,40,15,0,0.049423445016145706,4096
neural_eb,neural_bidir_seed2_eb,zz_known,40,15,0,0.04902799800038338,4096
neural_eb,neural_bidir_seed3_eb,zz_known,40,15,0,0.049026891589164734,4096
neural_eb,neural_bidir_seed4_eb,zz_known,40,15,0,0.04898610711097717,4096
dfe,none,zz_known,44,15,0,0.0543525330722332,0
constant_mean_eb,none,zz_known,44,15,0,0.05275721102952957,4096
summary_ridge_eb,none,zz_known,44,15,0,0.04833687096834183,4096
dfe,none,zz_known,48,15,0,0.05165202543139458,0
constant_mean_eb,none,zz_known,52,15,0,0.04838138446211815,4096
neural_eb,neural_bidir_seed0_eb,zz_known,52,15,0,0.0447305291891098,4096
neural_eb,neural_bidir_seed1_eb,zz_known,52,15,0,0.04492351785302162,4096
neural_eb,neural_bidir_seed2_eb,zz_known,52,15,0,0.044664476066827774,4096
neural_eb,neural_bidir_seed3_eb,zz_known,52,15,0,0.044665247201919556,4096
neural_eb,neural_bidir_seed4_eb,zz_known,52,15,0,0.04461370408535004,4096
dfe,none,zz_known,56,15,0,0.04833761975169182,0
summary_ridge_eb,none,zz_known,56,15,0,0.04378623142838478,4096
constant_mean_eb,none,zz_known,64,15,0,0.04419022053480148,4096
dfe,none,zz_known,68,15,0,0.04376370459794998,0
summary_ridge_eb,none,zz_known,72,15,0,0.039204493165016174,4096
neural_eb,neural_bidir_seed0_eb,zz_known,72,15,0,0.03901015967130661,4096
neural_eb,neural_bidir_seed1_eb,zz_known,72,15,0,0.03909183293581009,4096
neural_eb,neural_bidir_seed2_eb,zz_known,72,15,0,0.038948580622673035,4096
neural_eb,neural_bidir_seed3_eb,zz_known,72,15,0,0.038963329046964645,4096
neural_eb,neural_bidir_seed4_eb,zz_known,72,15,0,0.03895597532391548,4096
constant_mean_eb,none,zz_known,80,15,0,0.039791930466890335,4096
dfe,none,zz_known,84,15,0,0.0393705777823925,0
summary_ridge_eb,none,zz_known,96,15,0,0.03513745218515396,4096
neural_eb,neural_bidir_seed0_eb,zz_known,96,15,0,0.03482416644692421,4096
neural_eb,neural_bidir_seed1_eb,zz_known,96,15,0,0.03490893170237541,4096
neural_eb,neural_bidir_seed2_eb,zz_known,96,15,0,0.034780681133270264,4096
neural_eb,neural_bidir_seed3_eb,zz_known,96,15,0,0.03477148711681366,4096
neural_eb,neural_bidir_seed4_eb,zz_known,96,15,0,0.0347735732793808,4096
dfe,none,zz_known,128,15,0,0.032123908400535583,0
constant_mean_eb,none,zz_known,128,15,0,0.031731247901916504,4096
dfe,none,zz_known,192,15,0,0.026155738160014153,0
constant_mean_eb,none,zz_known,192,15,0,0.02591565065085888,4096
summary_ridge_eb,none,zz_known,192,15,0,0.02532002329826355,4096
neural_eb,neural_bidir_seed0_eb,zz_known,192,15,0,0.02516867034137249,4096
neural_eb,neural_bidir_seed1_eb,zz_known,192,15,0,0.0252058282494545,4096
neural_eb,neural_bidir_seed2_eb,zz_known,192,15,0,0.025154994800686836,4096
neural_eb,neural_bidir_seed3_eb,zz_known,192,15,0,0.025160785764455795,4096
neural_eb,neural_bidir_seed4_eb,zz_known,192,15,0,0.025150775909423828,4096
constant_mean_prior,none,none,0,15,1,0.16684532165527344,4096
constant_median_prior,none,none,0,15,1,0.16584572196006775,4096
summary_ridge_prior,none,none,0,15,1,0.09912574291229248,4096
product_affine_prior,none,none,0,15,1,0.11282480508089066,4096
exact_marginal_affine_prior,none,none,0,15,1,0.10973072797060013,4096
neural_prior,neural_bidir_seed0_prior,none,0,15,1,0.09123562276363373,4096
neural_prior,neural_bidir_seed1_prior,none,0,15,1,0.09412490576505661,4096
neural_prior,neural_bidir_seed2_prior,none,0,15,1,0.09115525335073471,4096
neural_prior,neural_bidir_seed3_prior,none,0,15,1,0.09109945595264435,4096
neural_prior,neural_bidir_seed4_prior,none,0,15,1,0.0908534899353981,4096
summary_ridge_eb,none,zz_known,12,15,1,0.07756547629833221,4096
neural_eb,neural_bidir_seed0_eb,zz_known,12,15,1,0.07452981173992157,4096
neural_eb,neural_bidir_seed1_eb,zz_known,12,15,1,0.07555070519447327,4096
neural_eb,neural_bidir_seed2_eb,zz_known,12,15,1,0.07445312291383743,4096
neural_eb,neural_bidir_seed3_eb,zz_known,12,15,1,0.07454951107501984,4096
neural_eb,neural_bidir_seed4_eb,zz_known,12,15,1,0.07430101186037064,4096
summary_ridge_eb,none,zz_known,16,15,1,0.06798651814460754,4096
neural_eb,neural_bidir_seed0_eb,zz_known,16,15,1,0.0658150166273117,4096
neural_eb,neural_bidir_seed1_eb,zz_known,16,15,1,0.06650561094284058,4096
neural_eb,neural_bidir_seed2_eb,zz_known,16,15,1,0.06566981971263885,4096
neural_eb,neural_bidir_seed3_eb,zz_known,16,15,1,0.0657525360584259,4096
neural_eb,neural_bidir_seed4_eb,zz_known,16,15,1,0.06555989384651184,4096
constant_mean_eb,none,zz_known,20,15,1,0.07545915246009827,4096
summary_ridge_eb,none,zz_known,20,15,1,0.06418948620557785,4096
neural_eb,neural_bidir_seed0_eb,zz_known,20,15,1,0.06297054886817932,4096
neural_eb,neural_bidir_seed1_eb,zz_known,20,15,1,0.06367582827806473,4096
neural_eb,neural_bidir_seed2_eb,zz_known,20,15,1,0.06290550529956818,4096
neural_eb,neural_bidir_seed3_eb,zz_known,20,15,1,0.06286285817623138,4096
neural_eb,neural_bidir_seed4_eb,zz_known,20,15,1,0.06278887391090393,4096
dfe,none,zz_known,24,15,1,0.07272607833147049,0
constant_mean_eb,none,zz_known,24,15,1,0.06903428584337234,4096
neural_eb,neural_bidir_seed0_eb,zz_known,24,15,1,0.05866233631968498,4096
neural_eb,neural_bidir_seed1_eb,zz_known,24,15,1,0.059243835508823395,4096
neural_eb,neural_bidir_seed2_eb,zz_known,24,15,1,0.05861898511648178,4096
neural_eb,neural_bidir_seed3_eb,zz_known,24,15,1,0.058699630200862885,4096
neural_eb,neural_bidir_seed4_eb,zz_known,24,15,1,0.05858524888753891,4096
dfe,none,zz_known,28,15,1,0.06734935939311981,0
summary_ridge_eb,none,zz_known,28,15,1,0.057345855981111526,4096
dfe,none,zz_known,32,15,1,0.06472766399383545,0
constant_mean_eb,none,zz_known,32,15,1,0.06133716180920601,4096
summary_ridge_eb,none,zz_known,32,15,1,0.05419345572590828,4096
neural_eb,neural_bidir_seed0_eb,zz_known,32,15,1,0.053092554211616516,4096
neural_eb,neural_bidir_seed1_eb,zz_known,32,15,1,0.05357092618942261,4096
neural_eb,neural_bidir_seed2_eb,zz_known,32,15,1,0.053045839071273804,4096
neural_eb,neural_bidir_seed3_eb,zz_known,32,15,1,0.053090475499629974,4096
neural_eb,neural_bidir_seed4_eb,zz_known,32,15,1,0.05303259938955307,4096
constant_mean_eb,none,zz_known,36,15,1,0.057559236884117126,4096
summary_ridge_eb,none,zz_known,36,15,1,0.05153626948595047,4096
neural_eb,neural_bidir_seed0_eb,zz_known,36,15,1,0.05089876800775528,4096
neural_eb,neural_bidir_seed1_eb,zz_known,36,15,1,0.05132031440734863,4096
neural_eb,neural_bidir_seed2_eb,zz_known,36,15,1,0.05086307227611542,4096
neural_eb,neural_bidir_seed3_eb,zz_known,36,15,1,0.05084806680679321,4096
neural_eb,neural_bidir_seed4_eb,zz_known,36,15,1,0.05078120157122612,4096
dfe,none,zz_known,40,15,1,0.05634697899222374,0
neural_eb,neural_bidir_seed0_eb,zz_known,40,15,1,0.04790197312831879,4096
neural_eb,neural_bidir_seed1_eb,zz_known,40,15,1,0.04826529324054718,4096
neural_eb,neural_bidir_seed2_eb,zz_known,40,15,1,0.047859933227300644,4096
neural_eb,neural_bidir_seed3_eb,zz_known,40,15,1,0.047835975885391235,4096
neural_eb,neural_bidir_seed4_eb,zz_known,40,15,1,0.04783966392278671,4096
dfe,none,zz_known,44,15,1,0.05371085926890373,0
constant_mean_eb,none,zz_known,44,15,1,0.051631927490234375,4096
summary_ridge_eb,none,zz_known,44,15,1,0.04764823615550995,4096
dfe,none,zz_known,48,15,1,0.052711211144924164,0
constant_mean_eb,none,zz_known,52,15,1,0.048772454261779785,4096
neural_eb,neural_bidir_seed0_eb,zz_known,52,15,1,0.0445680171251297,4096
neural_eb,neural_bidir_seed1_eb,zz_known,52,15,1,0.04481946676969528,4096
neural_eb,neural_bidir_seed2_eb,zz_known,52,15,1,0.044501885771751404,4096
neural_eb,neural_bidir_seed3_eb,zz_known,52,15,1,0.04454713314771652,4096
neural_eb,neural_bidir_seed4_eb,zz_known,52,15,1,0.0444931834936142,4096
dfe,none,zz_known,56,15,1,0.04781946539878845,0
summary_ridge_eb,none,zz_known,56,15,1,0.04303964227437973,4096
constant_mean_eb,none,zz_known,64,15,1,0.043069664388895035,4096
dfe,none,zz_known,68,15,1,0.044378411024808884,0
summary_ridge_eb,none,zz_known,72,15,1,0.0392405204474926,4096
neural_eb,neural_bidir_seed0_eb,zz_known,72,15,1,0.0389430895447731,4096
neural_eb,neural_bidir_seed1_eb,zz_known,72,15,1,0.03910370171070099,4096
neural_eb,neural_bidir_seed2_eb,zz_known,72,15,1,0.038924939930438995,4096
neural_eb,neural_bidir_seed3_eb,zz_known,72,15,1,0.03894659876823425,4096
neural_eb,neural_bidir_seed4_eb,zz_known,72,15,1,0.03891177475452423,4096
constant_mean_eb,none,zz_known,80,15,1,0.03959466144442558,4096
dfe,none,zz_known,84,15,1,0.03934556618332863,0
summary_ridge_eb,none,zz_known,96,15,1,0.034513603895902634,4096
neural_eb,neural_bidir_seed0_eb,zz_known,96,15,1,0.03437245637178421,4096
neural_eb,neural_bidir_seed1_eb,zz_known,96,15,1,0.034465909004211426,4096
neural_eb,neural_bidir_seed2_eb,zz_known,96,15,1,0.03435225039720535,4096
neural_eb,neural_bidir_seed3_eb,zz_known,96,15,1,0.034346483647823334,4096
neural_eb,neural_bidir_seed4_eb,zz_known,96,15,1,0.03433312475681305,4096
dfe,none,zz_known,128,15,1,0.03178132325410843,0
constant_mean_eb,none,zz_known,128,15,1,0.03131995350122452,4096
dfe,none,zz_known,192,15,1,0.02623620629310608,0
constant_mean_eb,none,zz_known,192,15,1,0.026025310158729553,4096
summary_ridge_eb,none,zz_known,192,15,1,0.025408772751688957,4096
neural_eb,neural_bidir_seed0_eb,zz_known,192,15,1,0.025288067758083344,4096
neural_eb,neural_bidir_seed1_eb,zz_known,192,15,1,0.02532348595559597,4096
neural_eb,neural_bidir_seed2_eb,zz_known,192,15,1,0.025280799716711044,4096
neural_eb,neural_bidir_seed3_eb,zz_known,192,15,1,0.02528885193169117,4096
neural_eb,neural_bidir_seed4_eb,zz_known,192,15,1,0.025270357728004456,4096
constant_mean_prior,none,none,0,15,2,0.16706734895706177,4096
constant_median_prior,none,none,0,15,2,0.16544568538665771,4096
summary_ridge_prior,none,none,0,15,2,0.09751614183187485,4096
product_affine_prior,none,none,0,15,2,0.11155243217945099,4096
exact_marginal_affine_prior,none,none,0,15,2,0.10834956914186478,4096
neural_prior,neural_bidir_seed0_prior,none,0,15,2,0.08876515924930573,4096
neural_prior,neural_bidir_seed1_prior,none,0,15,2,0.09143953770399094,4096
neural_prior,neural_bidir_seed2_prior,none,0,15,2,0.08848908543586731,4096
neural_prior,neural_bidir_seed3_prior,none,0,15,2,0.08846788108348846,4096
neural_prior,neural_bidir_seed4_prior,none,0,15,2,0.08828993141651154,4096
summary_ridge_eb,none,zz_known,12,15,2,0.0757635310292244,4096
neural_eb,neural_bidir_seed0_eb,zz_known,12,15,2,0.07347594201564789,4096
neural_eb,neural_bidir_seed1_eb,zz_known,12,15,2,0.07439224421977997,4096
neural_eb,neural_bidir_seed2_eb,zz_known,12,15,2,0.07327711582183838,4096
neural_eb,neural_bidir_seed3_eb,zz_known,12,15,2,0.07341460138559341,4096
neural_eb,neural_bidir_seed4_eb,zz_known,12,15,2,0.07321140915155411,4096
summary_ridge_eb,none,zz_known,16,15,2,0.06877218186855316,4096
neural_eb,neural_bidir_seed0_eb,zz_known,16,15,2,0.06660540401935577,4096
neural_eb,neural_bidir_seed1_eb,zz_known,16,15,2,0.06731481105089188,4096
neural_eb,neural_bidir_seed2_eb,zz_known,16,15,2,0.06643592566251755,4096
neural_eb,neural_bidir_seed3_eb,zz_known,16,15,2,0.06663204729557037,4096
neural_eb,neural_bidir_seed4_eb,zz_known,16,15,2,0.06642581522464752,4096
constant_mean_eb,none,zz_known,20,15,2,0.07497432827949524,4096
summary_ridge_eb,none,zz_known,20,15,2,0.06461995095014572,4096
neural_eb,neural_bidir_seed0_eb,zz_known,20,15,2,0.06241568922996521,4096
neural_eb,neural_bidir_seed1_eb,zz_known,20,15,2,0.0630066841840744,4096
neural_eb,neural_bidir_seed2_eb,zz_known,20,15,2,0.06228189542889595,4096
neural_eb,neural_bidir_seed3_eb,zz_known,20,15,2,0.062354594469070435,4096
neural_eb,neural_bidir_seed4_eb,zz_known,20,15,2,0.062174029648303986,4096
dfe,none,zz_known,24,15,2,0.07510024309158325,0
constant_mean_eb,none,zz_known,24,15,2,0.07028652727603912,4096
neural_eb,neural_bidir_seed0_eb,zz_known,24,15,2,0.059899624437093735,4096
neural_eb,neural_bidir_seed1_eb,zz_known,24,15,2,0.0604008212685585,4096
neural_eb,neural_bidir_seed2_eb,zz_known,24,15,2,0.0597851499915123,4096
neural_eb,neural_bidir_seed3_eb,zz_known,24,15,2,0.05986632779240608,4096
neural_eb,neural_bidir_seed4_eb,zz_known,24,15,2,0.059717290103435516,4096
dfe,none,zz_known,28,15,2,0.06954997032880783,0
summary_ridge_eb,none,zz_known,28,15,2,0.05766671895980835,4096
dfe,none,zz_known,32,15,2,0.06420665234327316,0
constant_mean_eb,none,zz_known,32,15,2,0.06139975041151047,4096
summary_ridge_eb,none,zz_known,32,15,2,0.05533968284726143,4096
neural_eb,neural_bidir_seed0_eb,zz_known,32,15,2,0.05430559068918228,4096
neural_eb,neural_bidir_seed1_eb,zz_known,32,15,2,0.05467453598976135,4096
neural_eb,neural_bidir_seed2_eb,zz_known,32,15,2,0.05419725924730301,4096
neural_eb,neural_bidir_seed3_eb,zz_known,32,15,2,0.05427917465567589,4096
neural_eb,neural_bidir_seed4_eb,zz_known,32,15,2,0.05420635640621185,4096
constant_mean_eb,none,zz_known,36,15,2,0.05807410553097725,4096
summary_ridge_eb,none,zz_known,36,15,2,0.05236399173736572,4096
neural_eb,neural_bidir_seed0_eb,zz_known,36,15,2,0.05181281641125679,4096
neural_eb,neural_bidir_seed1_eb,zz_known,36,15,2,0.0521707609295845,4096
neural_eb,neural_bidir_seed2_eb,zz_known,36,15,2,0.051718298345804214,4096
neural_eb,neural_bidir_seed3_eb,zz_known,36,15,2,0.0517314076423645,4096
neural_eb,neural_bidir_seed4_eb,zz_known,36,15,2,0.051666710525751114,4096
dfe,none,zz_known,40,15,2,0.05725545436143875,0
neural_eb,neural_bidir_seed0_eb,zz_known,40,15,2,0.04916215315461159,4096
neural_eb,neural_bidir_seed1_eb,zz_known,40,15,2,0.049514040350914,4096
neural_eb,neural_bidir_seed2_eb,zz_known,40,15,2,0.049059927463531494,4096
neural_eb,neural_bidir_seed3_eb,zz_known,40,15,2,0.0490543395280838,4096
neural_eb,neural_bidir_seed4_eb,zz_known,40,15,2,0.049068890511989594,4096
dfe,none,zz_known,44,15,2,0.05418086796998978,0
constant_mean_eb,none,zz_known,44,15,2,0.05219126492738724,4096
summary_ridge_eb,none,zz_known,44,15,2,0.048142556101083755,4096
dfe,none,zz_known,48,15,2,0.052108149975538254,0
constant_mean_eb,none,zz_known,52,15,2,0.047945406287908554,4096
neural_eb,neural_bidir_seed0_eb,zz_known,52,15,2,0.04369903355836868,4096
neural_eb,neural_bidir_seed1_eb,zz_known,52,15,2,0.04387328773736954,4096
neural_eb,neural_bidir_seed2_eb,zz_known,52,15,2,0.043632082641124725,4096
neural_eb,neural_bidir_seed3_eb,zz_known,52,15,2,0.043652065098285675,4096
neural_eb,neural_bidir_seed4_eb,zz_known,52,15,2,0.043584927916526794,4096
dfe,none,zz_known,56,15,2,0.047629229724407196,0
summary_ridge_eb,none,zz_known,56,15,2,0.04337530583143234,4096
constant_mean_eb,none,zz_known,64,15,2,0.043099019676446915,4096
dfe,none,zz_known,68,15,2,0.04334912821650505,0
summary_ridge_eb,none,zz_known,72,15,2,0.03985545411705971,4096
neural_eb,neural_bidir_seed0_eb,zz_known,72,15,2,0.03949124738574028,4096
neural_eb,neural_bidir_seed1_eb,zz_known,72,15,2,0.03965263441205025,4096
neural_eb,neural_bidir_seed2_eb,zz_known,72,15,2,0.039443813264369965,4096
neural_eb,neural_bidir_seed3_eb,zz_known,72,15,2,0.03943197429180145,4096
neural_eb,neural_bidir_seed4_eb,zz_known,72,15,2,0.039407290518283844,4096
constant_mean_eb,none,zz_known,80,15,2,0.03880487382411957,4096
dfe,none,zz_known,84,15,2,0.03963553532958031,0
summary_ridge_eb,none,zz_known,96,15,2,0.03517583757638931,4096
neural_eb,neural_bidir_seed0_eb,zz_known,96,15,2,0.03524114936590195,4096
neural_eb,neural_bidir_seed1_eb,zz_known,96,15,2,0.0353514701128006,4096
neural_eb,neural_bidir_seed2_eb,zz_known,96,15,2,0.035220369696617126,4096
neural_eb,neural_bidir_seed3_eb,zz_known,96,15,2,0.0351991131901741,4096
neural_eb,neural_bidir_seed4_eb,zz_known,96,15,2,0.03519008308649063,4096
dfe,none,zz_known,128,15,2,0.03158317133784294,0
constant_mean_eb,none,zz_known,128,15,2,0.031205471605062485,4096
dfe,none,zz_known,192,15,2,0.025906451046466827,0
constant_mean_eb,none,zz_known,192,15,2,0.025655101984739304,4096
summary_ridge_eb,none,zz_known,192,15,2,0.025137310847640038,4096
neural_eb,neural_bidir_seed0_eb,zz_known,192,15,2,0.025137942284345627,4096
neural_eb,neural_bidir_seed1_eb,zz_known,192,15,2,0.02515556663274765,4096
neural_eb,neural_bidir_seed2_eb,zz_known,192,15,2,0.02511986903846264,4096
neural_eb,neural_bidir_seed3_eb,zz_known,192,15,2,0.025115814059972763,4096
neural_eb,neural_bidir_seed4_eb,zz_known,192,15,2,0.02512202039361,4096
constant_mean_prior,none,none,0,15,3,0.1684209406375885,4096
constant_median_prior,none,none,0,15,3,0.16544568538665771,4096
summary_ridge_prior,none,none,0,15,3,0.0952971875667572,4096
product_affine_prior,none,none,0,15,3,0.11102709174156189,4096
exact_marginal_affine_prior,none,none,0,15,3,0.10777990520000458,4096
neural_prior,neural_bidir_seed0_prior,none,0,15,3,0.08764048665761948,4096
neural_prior,neural_bidir_seed1_prior,none,0,15,3,0.09057563543319702,4096
neural_prior,neural_bidir_seed2_prior,none,0,15,3,0.08763345330953598,4096
neural_prior,neural_bidir_seed3_prior,none,0,15,3,0.08765712380409241,4096
neural_prior,neural_bidir_seed4_prior,none,0,15,3,0.08723330497741699,4096
summary_ridge_eb,none,zz_known,12,15,3,0.07646086812019348,4096
neural_eb,neural_bidir_seed0_eb,zz_known,12,15,3,0.07410255074501038,4096
neural_eb,neural_bidir_seed1_eb,zz_known,12,15,3,0.0751572847366333,4096
neural_eb,neural_bidir_seed2_eb,zz_known,12,15,3,0.07402835786342621,4096
neural_eb,neural_bidir_seed3_eb,zz_known,12,15,3,0.07412364333868027,4096
neural_eb,neural_bidir_seed4_eb,zz_known,12,15,3,0.07388027012348175,4096
summary_ridge_eb,none,zz_known,16,15,3,0.06823986768722534,4096
neural_eb,neural_bidir_seed0_eb,zz_known,16,15,3,0.06640467047691345,4096
neural_eb,neural_bidir_seed1_eb,zz_known,16,15,3,0.06735926121473312,4096
neural_eb,neural_bidir_seed2_eb,zz_known,16,15,3,0.06642352044582367,4096
neural_eb,neural_bidir_seed3_eb,zz_known,16,15,3,0.06650491058826447,4096
neural_eb,neural_bidir_seed4_eb,zz_known,16,15,3,0.06630415469408035,4096
constant_mean_eb,none,zz_known,20,15,3,0.07501894235610962,4096
summary_ridge_eb,none,zz_known,20,15,3,0.06349484622478485,4096
neural_eb,neural_bidir_seed0_eb,zz_known,20,15,3,0.06209278851747513,4096
neural_eb,neural_bidir_seed1_eb,zz_known,20,15,3,0.06287160515785217,4096
neural_eb,neural_bidir_seed2_eb,zz_known,20,15,3,0.06208903342485428,4096
neural_eb,neural_bidir_seed3_eb,zz_known,20,15,3,0.06215363368391991,4096
neural_eb,neural_bidir_seed4_eb,zz_known,20,15,3,0.06197182089090347,4096
dfe,none,zz_known,24,15,3,0.0740172490477562,0
constant_mean_eb,none,zz_known,24,15,3,0.06890632212162018,4096
neural_eb,neural_bidir_seed0_eb,zz_known,24,15,3,0.05830632522702217,4096
neural_eb,neural_bidir_seed1_eb,zz_known,24,15,3,0.05891646817326546,4096
neural_eb,neural_bidir_seed2_eb,zz_known,24,15,3,0.05822131410241127,4096
neural_eb,neural_bidir_seed3_eb,zz_known,24,15,3,0.05825987830758095,4096
neural_eb,neural_bidir_seed4_eb,zz_known,24,15,3,0.058198705315589905,4096
dfe,none,zz_known,28,15,3,0.0690426230430603,0
summary_ridge_eb,none,zz_known,28,15,3,0.05734463781118393,4096
dfe,none,zz_known,32,15,3,0.06341494619846344,0
constant_mean_eb,none,zz_known,32,15,3,0.06016191840171814,4096
summary_ridge_eb,none,zz_known,32,15,3,0.053846750408411026,4096
neural_eb,neural_bidir_seed0_eb,zz_known,32,15,3,0.05229448899626732,4096
neural_eb,neural_bidir_seed1_eb,zz_known,32,15,3,0.05265776813030243,4096
neural_eb,neural_bidir_seed2_eb,zz_known,32,15,3,0.052250467240810394,4096
neural_eb,neural_bidir_seed3_eb,zz_known,32,15,3,0.052342288196086884,4096
neural_eb,neural_bidir_seed4_eb,zz_known,32,15,3,0.05214611068367958,4096
constant_mean_eb,none,zz_known,36,15,3,0.05741191655397415,4096
summary_ridge_eb,none,zz_known,36,15,3,0.05139296501874924,4096
neural_eb,neural_bidir_seed0_eb,zz_known,36,15,3,0.05071111395955086,4096
neural_eb,neural_bidir_seed1_eb,zz_known,36,15,3,0.05114758014678955,4096
neural_eb,neural_bidir_seed2_eb,zz_known,36,15,3,0.05067247524857521,4096
neural_eb,neural_bidir_seed3_eb,zz_known,36,15,3,0.05072564631700516,4096
neural_eb,neural_bidir_seed4_eb,zz_known,36,15,3,0.05060359835624695,4096
dfe,none,zz_known,40,15,3,0.05631953105330467,0
neural_eb,neural_bidir_seed0_eb,zz_known,40,15,3,0.0484074205160141,4096
neural_eb,neural_bidir_seed1_eb,zz_known,40,15,3,0.04874763265252113,4096
neural_eb,neural_bidir_seed2_eb,zz_known,40,15,3,0.048338692635297775,4096
neural_eb,neural_bidir_seed3_eb,zz_known,40,15,3,0.04837734252214432,4096
neural_eb,neural_bidir_seed4_eb,zz_known,40,15,3,0.0482901930809021,4096
dfe,none,zz_known,44,15,3,0.0546846017241478,0
constant_mean_eb,none,zz_known,44,15,3,0.0522427037358284,4096
summary_ridge_eb,none,zz_known,44,15,3,0.04761113226413727,4096
dfe,none,zz_known,48,15,3,0.05172912776470184,0
constant_mean_eb,none,zz_known,52,15,3,0.04800004884600639,4096
neural_eb,neural_bidir_seed0_eb,zz_known,52,15,3,0.043567508459091187,4096
neural_eb,neural_bidir_seed1_eb,zz_known,52,15,3,0.043835945427417755,4096
neural_eb,neural_bidir_seed2_eb,zz_known,52,15,3,0.04354546219110489,4096
neural_eb,neural_bidir_seed3_eb,zz_known,52,15,3,0.043592631816864014,4096
neural_eb,neural_bidir_seed4_eb,zz_known,52,15,3,0.0435287207365036,4096
dfe,none,zz_known,56,15,3,0.047690924257040024,0
summary_ridge_eb,none,zz_known,56,15,3,0.04283231869339943,4096
constant_mean_eb,none,zz_known,64,15,3,0.04448271915316582,4096
dfe,none,zz_known,68,15,3,0.04470161721110344,0
summary_ridge_eb,none,zz_known,72,15,3,0.03856153413653374,4096
neural_eb,neural_bidir_seed0_eb,zz_known,72,15,3,0.038301389664411545,4096
neural_eb,neural_bidir_seed1_eb,zz_known,72,15,3,0.038466356694698334,4096
neural_eb,neural_bidir_seed2_eb,zz_known,72,15,3,0.03828565776348114,4096
neural_eb,neural_bidir_seed3_eb,zz_known,72,15,3,0.03830304741859436,4096
neural_eb,neural_bidir_seed4_eb,zz_known,72,15,3,0.03825687617063522,4096
constant_mean_eb,none,zz_known,80,15,3,0.03915039449930191,4096
dfe,none,zz_known,84,15,3,0.040152061730623245,0
summary_ridge_eb,none,zz_known,96,15,3,0.034650154411792755,4096
neural_eb,neural_bidir_seed0_eb,zz_known,96,15,3,0.03424413874745369,4096
neural_eb,neural_bidir_seed1_eb,zz_known,96,15,3,0.034396857023239136,4096
neural_eb,neural_bidir_seed2_eb,zz_known,96,15,3,0.03424892574548721,4096
neural_eb,neural_bidir_seed3_eb,zz_known,96,15,3,0.03426109254360199,4096
neural_eb,neural_bidir_seed4_eb,zz_known,96,15,3,0.03421647846698761,4096
dfe,none,zz_known,128,15,3,0.031886227428913116,0
constant_mean_eb,none,zz_known,128,15,3,0.03148529678583145,4096
dfe,none,zz_known,192,15,3,0.026097118854522705,0
constant_mean_eb,none,zz_known,192,15,3,0.02597954124212265,4096
summary_ridge_eb,none,zz_known,192,15,3,0.02513922192156315,4096
neural_eb,neural_bidir_seed0_eb,zz_known,192,15,3,0.02509745955467224,4096
neural_eb,neural_bidir_seed1_eb,zz_known,192,15,3,0.025167593732476234,4096
neural_eb,neural_bidir_seed2_eb,zz_known,192,15,3,0.025095056742429733,4096
neural_eb,neural_bidir_seed3_eb,zz_known,192,15,3,0.02510332688689232,4096
neural_eb,neural_bidir_seed4_eb,zz_known,192,15,3,0.025082768872380257,4096
constant_mean_prior,none,none,0,15,4,0.16582517325878143,4096
constant_median_prior,none,none,0,15,4,0.16584572196006775,4096
summary_ridge_prior,none,none,0,15,4,0.10128574073314667,4096
product_affine_prior,none,none,0,15,4,0.1134466603398323,4096
exact_marginal_affine_prior,none,none,0,15,4,0.11034490913152695,4096
neural_prior,neural_bidir_seed0_prior,none,0,15,4,0.09215390682220459,4096
neural_prior,neural_bidir_seed1_prior,none,0,15,4,0.09482475370168686,4096
neural_prior,neural_bidir_seed2_prior,none,0,15,4,0.09181138873100281,4096
neural_prior,neural_bidir_seed3_prior,none,0,15,4,0.0917198657989502,4096
neural_prior,neural_bidir_seed4_prior,none,0,15,4,0.09172967821359634,4096
summary_ridge_eb,none,zz_known,12,15,4,0.07980628311634064,4096
neural_eb,neural_bidir_seed0_eb,zz_known,12,15,4,0.07637698948383331,4096
neural_eb,neural_bidir_seed1_eb,zz_known,12,15,4,0.07710891962051392,4096
neural_eb,neural_bidir_seed2_eb,zz_known,12,15,4,0.07615453004837036,4096
neural_eb,neural_bidir_seed3_eb,zz_known,12,15,4,0.076323501765728,4096
neural_eb,neural_bidir_seed4_eb,zz_known,12,15,4,0.07618863135576248,4096
summary_ridge_eb,none,zz_known,16,15,4,0.0700366348028183,4096
neural_eb,neural_bidir_seed0_eb,zz_known,16,15,4,0.06867684423923492,4096
neural_eb,neural_bidir_seed1_eb,zz_known,16,15,4,0.06931693106889725,4096
neural_eb,neural_bidir_seed2_eb,zz_known,16,15,4,0.06842613220214844,4096
neural_eb,neural_bidir_seed3_eb,zz_known,16,15,4,0.0685051903128624,4096
neural_eb,neural_bidir_seed4_eb,zz_known,16,15,4,0.06832833588123322,4096
constant_mean_eb,none,zz_known,20,15,4,0.07384712994098663,4096
summary_ridge_eb,none,zz_known,20,15,4,0.06484046578407288,4096
neural_eb,neural_bidir_seed0_eb,zz_known,20,15,4,0.06357763707637787,4096
neural_eb,neural_bidir_seed1_eb,zz_known,20,15,4,0.06398725509643555,4096
neural_eb,neural_bidir_seed2_eb,zz_known,20,15,4,0.06334657222032547,4096
neural_eb,neural_bidir_seed3_eb,zz_known,20,15,4,0.06341078877449036,4096
neural_eb,neural_bidir_seed4_eb,zz_known,20,15,4,0.06336230039596558,4096
dfe,none,zz_known,24,15,4,0.0729944258928299,0
constant_mean_eb,none,zz_known,24,15,4,0.06849031150341034,4096
neural_eb,neural_bidir_seed0_eb,zz_known,24,15,4,0.059940844774246216,4096
neural_eb,neural_bidir_seed1_eb,zz_known,24,15,4,0.06022614985704422,4096
neural_eb,neural_bidir_seed2_eb,zz_known,24,15,4,0.059737324714660645,4096
neural_eb,neural_bidir_seed3_eb,zz_known,24,15,4,0.0598013810813427,4096
neural_eb,neural_bidir_seed4_eb,zz_known,24,15,4,0.05980553850531578,4096
dfe,none,zz_known,28,15,4,0.06826701760292053,0
summary_ridge_eb,none,zz_known,28,15,4,0.05747821182012558,4096
dfe,none,zz_known,32,15,4,0.06455770134925842,0
constant_mean_eb,none,zz_known,32,15,4,0.06147416681051254,4096
summary_ridge_eb,none,zz_known,32,15,4,0.05573856085538864,4096
neural_eb,neural_bidir_seed0_eb,zz_known,32,15,4,0.054592568427324295,4096
neural_eb,neural_bidir_seed1_eb,zz_known,32,15,4,0.054797761142253876,4096
neural_eb,neural_bidir_seed2_eb,zz_known,32,15,4,0.05440260469913483,4096
neural_eb,neural_bidir_seed3_eb,zz_known,32,15,4,0.05451067537069321,4096
neural_eb,neural_bidir_seed4_eb,zz_known,32,15,4,0.05441750958561897,4096
constant_mean_eb,none,zz_known,36,15,4,0.05827369540929794,4096
summary_ridge_eb,none,zz_known,36,15,4,0.05297572910785675,4096
neural_eb,neural_bidir_seed0_eb,zz_known,36,15,4,0.052211128175258636,4096
neural_eb,neural_bidir_seed1_eb,zz_known,36,15,4,0.05243302136659622,4096
neural_eb,neural_bidir_seed2_eb,zz_known,36,15,4,0.05208402872085571,4096
neural_eb,neural_bidir_seed3_eb,zz_known,36,15,4,0.05217926204204559,4096
neural_eb,neural_bidir_seed4_eb,zz_known,36,15,4,0.05210968106985092,4096
dfe,none,zz_known,40,15,4,0.056391261518001556,0
neural_eb,neural_bidir_seed0_eb,zz_known,40,15,4,0.048967257142066956,4096
neural_eb,neural_bidir_seed1_eb,zz_known,40,15,4,0.049104951322078705,4096
neural_eb,neural_bidir_seed2_eb,zz_known,40,15,4,0.04883233457803726,4096
neural_eb,neural_bidir_seed3_eb,zz_known,40,15,4,0.048902444541454315,4096
neural_eb,neural_bidir_seed4_eb,zz_known,40,15,4,0.048834189772605896,4096
dfe,none,zz_known,44,15,4,0.05453616380691528,0
constant_mean_eb,none,zz_known,44,15,4,0.0526399202644825,4096
summary_ridge_eb,none,zz_known,44,15,4,0.04859498143196106,4096
dfe,none,zz_known,48,15,4,0.05380706861615181,0
constant_mean_eb,none,zz_known,52,15,4,0.04810956493020058,4096
neural_eb,neural_bidir_seed0_eb,zz_known,52,15,4,0.044972293078899384,4096
neural_eb,neural_bidir_seed1_eb,zz_known,52,15,4,0.04501203075051308,4096
neural_eb,neural_bidir_seed2_eb,zz_known,52,15,4,0.044850923120975494,4096
neural_eb,neural_bidir_seed3_eb,zz_known,52,15,4,0.044953037053346634,4096
neural_eb,neural_bidir_seed4_eb,zz_known,52,15,4,0.04491102695465088,4096
dfe,none,zz_known,56,15,4,0.04735194891691208,0
summary_ridge_eb,none,zz_known,56,15,4,0.04326293244957924,4096
constant_mean_eb,none,zz_known,64,15,4,0.044175341725349426,4096
dfe,none,zz_known,68,15,4,0.04389011859893799,0
summary_ridge_eb,none,zz_known,72,15,4,0.03981514275074005,4096
neural_eb,neural_bidir_seed0_eb,zz_known,72,15,4,0.0398804247379303,4096
neural_eb,neural_bidir_seed1_eb,zz_known,72,15,4,0.03995523601770401,4096
neural_eb,neural_bidir_seed2_eb,zz_known,72,15,4,0.03976484388113022,4096
neural_eb,neural_bidir_seed3_eb,zz_known,72,15,4,0.039781734347343445,4096
neural_eb,neural_bidir_seed4_eb,zz_known,72,15,4,0.03980529308319092,4096
constant_mean_eb,none,zz_known,80,15,4,0.04005562514066696,4096
dfe,none,zz_known,84,15,4,0.03983766958117485,0
summary_ridge_eb,none,zz_known,96,15,4,0.03497004508972168,4096
neural_eb,neural_bidir_seed0_eb,zz_known,96,15,4,0.03500913083553314,4096
neural_eb,neural_bidir_seed1_eb,zz_known,96,15,4,0.03502520173788071,4096
neural_eb,neural_bidir_seed2_eb,zz_known,96,15,4,0.034949179738759995,4096
neural_eb,neural_bidir_seed3_eb,zz_known,96,15,4,0.03494638577103615,4096
neural_eb,neural_bidir_seed4_eb,zz_known,96,15,4,0.03494814783334732,4096
dfe,none,zz_known,128,15,4,0.032066237181425095,0
constant_mean_eb,none,zz_known,128,15,4,0.03170665353536606,4096
dfe,none,zz_known,192,15,4,0.025980696082115173,0
constant_mean_eb,none,zz_known,192,15,4,0.02572432905435562,4096
summary_ridge_eb,none,zz_known,192,15,4,0.025123942643404007,4096
neural_eb,neural_bidir_seed0_eb,zz_known,192,15,4,0.025293592363595963,4096
neural_eb,neural_bidir_seed1_eb,zz_known,192,15,4,0.025301754474639893,4096
neural_eb,neural_bidir_seed2_eb,zz_known,192,15,4,0.025257909670472145,4096
neural_eb,neural_bidir_seed3_eb,zz_known,192,15,4,0.025246545672416687,4096
neural_eb,neural_bidir_seed4_eb,zz_known,192,15,4,0.02528255432844162,4096
constant_mean_prior,none,none,0,16,0,0.17074815928936005,4096
constant_median_prior,none,none,0,16,0,0.16719838976860046,4096
summary_ridge_prior,none,none,0,16,0,0.10128140449523926,4096
product_affine_prior,none,none,0,16,0,0.10991044342517853,4096
exact_marginal_affine_prior,none,none,0,16,0,0.10661079734563828,4096
neural_prior,neural_bidir_seed0_prior,none,0,16,0,0.08544608950614929,4096
neural_prior,neural_bidir_seed1_prior,none,0,16,0,0.08799175918102264,4096
neural_prior,neural_bidir_seed2_prior,none,0,16,0,0.08537522703409195,4096
neural_prior,neural_bidir_seed3_prior,none,0,16,0,0.08559970557689667,4096
neural_prior,neural_bidir_seed4_prior,none,0,16,0,0.08483251184225082,4096
summary_ridge_eb,none,zz_known,12,16,0,0.07504331320524216,4096
neural_eb,neural_bidir_seed0_eb,zz_known,12,16,0,0.07063945382833481,4096
neural_eb,neural_bidir_seed1_eb,zz_known,12,16,0,0.07181291282176971,4096
neural_eb,neural_bidir_seed2_eb,zz_known,12,16,0,0.07062357664108276,4096
neural_eb,neural_bidir_seed3_eb,zz_known,12,16,0,0.07064268738031387,4096
neural_eb,neural_bidir_seed4_eb,zz_known,12,16,0,0.07038387656211853,4096
summary_ridge_eb,none,zz_known,16,16,0,0.068355992436409,4096
neural_eb,neural_bidir_seed0_eb,zz_known,16,16,0,0.06458507478237152,4096
neural_eb,neural_bidir_seed1_eb,zz_known,16,16,0,0.06556877493858337,4096
neural_eb,neural_bidir_seed2_eb,zz_known,16,16,0,0.06458102911710739,4096
neural_eb,neural_bidir_seed3_eb,zz_known,16,16,0,0.06467495858669281,4096
neural_eb,neural_bidir_seed4_eb,zz_known,16,16,0,0.06436876207590103,4096
constant_mean_eb,none,zz_known,20,16,0,0.07398732751607895,4096
summary_ridge_eb,none,zz_known,20,16,0,0.06357477605342865,4096
neural_eb,neural_bidir_seed0_eb,zz_known,20,16,0,0.06030202656984329,4096
neural_eb,neural_bidir_seed1_eb,zz_known,20,16,0,0.061097703874111176,4096
neural_eb,neural_bidir_seed2_eb,zz_known,20,16,0,0.06030217185616493,4096
neural_eb,neural_bidir_seed3_eb,zz_known,20,16,0,0.060356393456459045,4096
neural_eb,neural_bidir_seed4_eb,zz_known,20,16,0,0.060095153748989105,4096
dfe,none,zz_known,24,16,0,0.0726262778043747,0
constant_mean_eb,none,zz_known,24,16,0,0.06832956522703171,4096
neural_eb,neural_bidir_seed0_eb,zz_known,24,16,0,0.056210584938526154,4096
neural_eb,neural_bidir_seed1_eb,zz_known,24,16,0,0.05684658885002136,4096
neural_eb,neural_bidir_seed2_eb,zz_known,24,16,0,0.05621927231550217,4096
neural_eb,neural_bidir_seed3_eb,zz_known,24,16,0,0.05628926306962967,4096
neural_eb,neural_bidir_seed4_eb,zz_known,24,16,0,0.05607253313064575,4096
dfe,none,zz_known,28,16,0,0.06915250420570374,0
summary_ridge_eb,none,zz_known,28,16,0,0.05645676702260971,4096
dfe,none,zz_known,32,16,0,0.06388018280267715,0
constant_mean_eb,none,zz_known,32,16,0,0.06106692552566528,4096
summary_ridge_eb,none,zz_known,32,16,0,0.054163023829460144,4096
neural_eb,neural_bidir_seed0_eb,zz_known,32,16,0,0.05197818577289581,4096
neural_eb,neural_bidir_seed1_eb,zz_known,32,16,0,0.05249442160129547,4096
neural_eb,neural_bidir_seed2_eb,zz_known,32,16,0,0.05194023624062538,4096
neural_eb,neural_bidir_seed3_eb,zz_known,32,16,0,0.05205080658197403,4096
neural_eb,neural_bidir_seed4_eb,zz_known,32,16,0,0.05187280476093292,4096
constant_mean_eb,none,zz_known,36,16,0,0.05738268792629242,4096
summary_ridge_eb,none,zz_known,36,16,0,0.05128525197505951,4096
neural_eb,neural_bidir_seed0_eb,zz_known,36,16,0,0.04956413060426712,4096
neural_eb,neural_bidir_seed1_eb,zz_known,36,16,0,0.0499955378472805,4096
neural_eb,neural_bidir_seed2_eb,zz_known,36,16,0,0.049559276551008224,4096
neural_eb,neural_bidir_seed3_eb,zz_known,36,16,0,0.04965420439839363,4096
neural_eb,neural_bidir_seed4_eb,zz_known,36,16,0,0.04946758598089218,4096
dfe,none,zz_known,40,16,0,0.05665434151887894,0
neural_eb,neural_bidir_seed0_eb,zz_known,40,16,0,0.048042453825473785,4096
neural_eb,neural_bidir_seed1_eb,zz_known,40,16,0,0.04842834919691086,4096
neural_eb,neural_bidir_seed2_eb,zz_known,40,16,0,0.04803260415792465,4096
neural_eb,neural_bidir_seed3_eb,zz_known,40,16,0,0.048079878091812134,4096
neural_eb,neural_bidir_seed4_eb,zz_known,40,16,0,0.04797787219285965,4096
dfe,none,zz_known,44,16,0,0.05485417693853378,0
constant_mean_eb,none,zz_known,44,16,0,0.05372197926044464,4096
summary_ridge_eb,none,zz_known,44,16,0,0.04841298609972,4096
dfe,none,zz_known,48,16,0,0.051830537617206573,0
constant_mean_eb,none,zz_known,52,16,0,0.04817228019237518,4096
neural_eb,neural_bidir_seed0_eb,zz_known,52,16,0,0.04378066211938858,4096
neural_eb,neural_bidir_seed1_eb,zz_known,52,16,0,0.04408203810453415,4096
neural_eb,neural_bidir_seed2_eb,zz_known,52,16,0,0.04380607604980469,4096
neural_eb,neural_bidir_seed3_eb,zz_known,52,16,0,0.04384502023458481,4096
neural_eb,neural_bidir_seed4_eb,zz_known,52,16,0,0.043713781982660294,4096
dfe,none,zz_known,56,16,0,0.04801613837480545,0
summary_ridge_eb,none,zz_known,56,16,0,0.04284793511033058,4096
constant_mean_eb,none,zz_known,64,16,0,0.0431600920855999,4096
dfe,none,zz_known,68,16,0,0.04252675548195839,0
summary_ridge_eb,none,zz_known,72,16,0,0.03872404247522354,4096
neural_eb,neural_bidir_seed0_eb,zz_known,72,16,0,0.0380905419588089,4096
neural_eb,neural_bidir_seed1_eb,zz_known,72,16,0,0.03831600397825241,4096
neural_eb,neural_bidir_seed2_eb,zz_known,72,16,0,0.038105420768260956,4096
neural_eb,neural_bidir_seed3_eb,zz_known,72,16,0,0.038148704916238785,4096
neural_eb,neural_bidir_seed4_eb,zz_known,72,16,0,0.03805533051490784,4096
constant_mean_eb,none,zz_known,80,16,0,0.040144920349121094,4096
dfe,none,zz_known,84,16,0,0.039227478206157684,0
summary_ridge_eb,none,zz_known,96,16,0,0.034727487713098526,4096
neural_eb,neural_bidir_seed0_eb,zz_known,96,16,0,0.034184157848358154,4096
neural_eb,neural_bidir_seed1_eb,zz_known,96,16,0,0.03431235998868942,4096
neural_eb,neural_bidir_seed2_eb,zz_known,96,16,0,0.03418358787894249,4096
neural_eb,neural_bidir_seed3_eb,zz_known,96,16,0,0.03421042859554291,4096
neural_eb,neural_bidir_seed4_eb,zz_known,96,16,0,0.03412696719169617,4096
dfe,none,zz_known,128,16,0,0.03215900808572769,0
constant_mean_eb,none,zz_known,128,16,0,0.03181559592485428,4096
dfe,none,zz_known,192,16,0,0.025682482868433,0
constant_mean_eb,none,zz_known,192,16,0,0.02556237205862999,4096
summary_ridge_eb,none,zz_known,192,16,0,0.02492222934961319,4096
neural_eb,neural_bidir_seed0_eb,zz_known,192,16,0,0.024698656052350998,4096
neural_eb,neural_bidir_seed1_eb,zz_known,192,16,0,0.024754192680120468,4096
neural_eb,neural_bidir_seed2_eb,zz_known,192,16,0,0.024703435599803925,4096
neural_eb,neural_bidir_seed3_eb,zz_known,192,16,0,0.024708859622478485,4096
neural_eb,neural_bidir_seed4_eb,zz_known,192,16,0,0.024693477898836136,4096
constant_mean_prior,none,none,0,16,1,0.1687101423740387,4096
constant_median_prior,none,none,0,16,1,0.16567540168762207,4096
summary_ridge_prior,none,none,0,16,1,0.10092049837112427,4096
product_affine_prior,none,none,0,16,1,0.11052373051643372,4096
exact_marginal_affine_prior,none,none,0,16,1,0.10731612145900726,4096
neural_prior,neural_bidir_seed0_prior,none,0,16,1,0.08752351999282837,4096
neural_prior,neural_bidir_seed1_prior,none,0,16,1,0.09033888578414917,4096
neural_prior,neural_bidir_seed2_prior,none,0,16,1,0.08747856318950653,4096
neural_prior,neural_bidir_seed3_prior,none,0,16,1,0.08747471868991852,4096
neural_prior,neural_bidir_seed4_prior,none,0,16,1,0.08672915399074554,4096
summary_ridge_eb,none,zz_known,12,16,1,0.07595249265432358,4096
neural_eb,neural_bidir_seed0_eb,zz_known,12,16,1,0.07115133851766586,4096
neural_eb,neural_bidir_seed1_eb,zz_known,12,16,1,0.07229197025299072,4096
neural_eb,neural_bidir_seed2_eb,zz_known,12,16,1,0.07114482671022415,4096
neural_eb,neural_bidir_seed3_eb,zz_known,12,16,1,0.07111243903636932,4096
neural_eb,neural_bidir_seed4_eb,zz_known,12,16,1,0.07083070278167725,4096
summary_ridge_eb,none,zz_known,16,16,1,0.06871838867664337,4096
neural_eb,neural_bidir_seed0_eb,zz_known,16,16,1,0.06515379250049591,4096
neural_eb,neural_bidir_seed1_eb,zz_known,16,16,1,0.06610654294490814,4096
neural_eb,neural_bidir_seed2_eb,zz_known,16,16,1,0.06515886634588242,4096
neural_eb,neural_bidir_seed3_eb,zz_known,16,16,1,0.06516522169113159,4096
neural_eb,neural_bidir_seed4_eb,zz_known,16,16,1,0.064911387860775,4096
constant_mean_eb,none,zz_known,20,16,1,0.07620599120855331,4096
summary_ridge_eb,none,zz_known,20,16,1,0.06478455662727356,4096
neural_eb,neural_bidir_seed0_eb,zz_known,20,16,1,0.06144500896334648,4096
neural_eb,neural_bidir_seed1_eb,zz_known,20,16,1,0.06225108355283737,4096
neural_eb,neural_bidir_seed2_eb,zz_known,20,16,1,0.06146639585494995,4096
neural_eb,neural_bidir_seed3_eb,zz_known,20,16,1,0.061526067554950714,4096
neural_eb,neural_bidir_seed4_eb,zz_known,20,16,1,0.0611799880862236,4096
dfe,none,zz_known,24,16,1,0.07288020849227905,0
constant_mean_eb,none,zz_known,24,16,1,0.0681915134191513,4096
neural_eb,neural_bidir_seed0_eb,zz_known,24,16,1,0.0569484643638134,4096
neural_eb,neural_bidir_seed1_eb,zz_known,24,16,1,0.05758476257324219,4096
neural_eb,neural_bidir_seed2_eb,zz_known,24,16,1,0.056971386075019836,4096
neural_eb,neural_bidir_seed3_eb,zz_known,24,16,1,0.05700886622071266,4096
neural_eb,neural_bidir_seed4_eb,zz_known,24,16,1,0.05679839476943016,4096
dfe,none,zz_known,28,16,1,0.06832963973283768,0
summary_ridge_eb,none,zz_known,28,16,1,0.056392230093479156,4096
dfe,none,zz_known,32,16,1,0.06304032355546951,0
constant_mean_eb,none,zz_known,32,16,1,0.06029879301786423,4096
summary_ridge_eb,none,zz_known,32,16,1,0.05400301516056061,4096
neural_eb,neural_bidir_seed0_eb,zz_known,32,16,1,0.05218525230884552,4096
neural_eb,neural_bidir_seed1_eb,zz_known,32,16,1,0.052623093128204346,4096
neural_eb,neural_bidir_seed2_eb,zz_known,32,16,1,0.05218992009758949,4096
neural_eb,neural_bidir_seed3_eb,zz_known,32,16,1,0.05221543461084366,4096
neural_eb,neural_bidir_seed4_eb,zz_known,32,16,1,0.05203908681869507,4096
constant_mean_eb,none,zz_known,36,16,1,0.057763032615184784,4096
summary_ridge_eb,none,zz_known,36,16,1,0.051703520119190216,4096
neural_eb,neural_bidir_seed0_eb,zz_known,36,16,1,0.050124332308769226,4096
neural_eb,neural_bidir_seed1_eb,zz_known,36,16,1,0.05056256800889969,4096
neural_eb,neural_bidir_seed2_eb,zz_known,36,16,1,0.050155654549598694,4096
neural_eb,neural_bidir_seed3_eb,zz_known,36,16,1,0.05026631057262421,4096
neural_eb,neural_bidir_seed4_eb,zz_known,36,16,1,0.04997991397976875,4096
dfe,none,zz_known,40,16,1,0.05769246071577072,0
neural_eb,neural_bidir_seed0_eb,zz_known,40,16,1,0.04910381883382797,4096
neural_eb,neural_bidir_seed1_eb,zz_known,40,16,1,0.049523189663887024,4096
neural_eb,neural_bidir_seed2_eb,zz_known,40,16,1,0.04910352826118469,4096
neural_eb,neural_bidir_seed3_eb,zz_known,40,16,1,0.049148641526699066,4096
neural_eb,neural_bidir_seed4_eb,zz_known,40,16,1,0.0490272156894207,4096
dfe,none,zz_known,44,16,1,0.05420713871717453,0
constant_mean_eb,none,zz_known,44,16,1,0.05221984162926674,4096
summary_ridge_eb,none,zz_known,44,16,1,0.047489143908023834,4096
dfe,none,zz_known,48,16,1,0.05167094245553017,0
constant_mean_eb,none,zz_known,52,16,1,0.04830775037407875,4096
neural_eb,neural_bidir_seed0_eb,zz_known,52,16,1,0.043140996247529984,4096
neural_eb,neural_bidir_seed1_eb,zz_known,52,16,1,0.04346487671136856,4096
neural_eb,neural_bidir_seed2_eb,zz_known,52,16,1,0.04313557595014572,4096
neural_eb,neural_bidir_seed3_eb,zz_known,52,16,1,0.04314934462308884,4096
neural_eb,neural_bidir_seed4_eb,zz_known,52,16,1,0.0430561788380146,4096
dfe,none,zz_known,56,16,1,0.04862302541732788,0
summary_ridge_eb,none,zz_known,56,16,1,0.042565956711769104,4096
constant_mean_eb,none,zz_known,64,16,1,0.04415958374738693,4096
dfe,none,zz_known,68,16,1,0.04355650767683983,0
summary_ridge_eb,none,zz_known,72,16,1,0.03875931724905968,4096
neural_eb,neural_bidir_seed0_eb,zz_known,72,16,1,0.03802953660488129,4096
neural_eb,neural_bidir_seed1_eb,zz_known,72,16,1,0.03823526203632355,4096
neural_eb,neural_bidir_seed2_eb,zz_known,72,16,1,0.03801966458559036,4096
neural_eb,neural_bidir_seed3_eb,zz_known,72,16,1,0.03809516131877899,4096
neural_eb,neural_bidir_seed4_eb,zz_known,72,16,1,0.03798643499612808,4096
constant_mean_eb,none,zz_known,80,16,1,0.04014899581670761,4096
dfe,none,zz_known,84,16,1,0.039729952812194824,0
summary_ridge_eb,none,zz_known,96,16,1,0.03482221066951752,4096
neural_eb,neural_bidir_seed0_eb,zz_known,96,16,1,0.034328803420066833,4096
neural_eb,neural_bidir_seed1_eb,zz_known,96,16,1,0.034466005861759186,4096
neural_eb,neural_bidir_seed2_eb,zz_known,96,16,1,0.0343300960958004,4096
neural_eb,neural_bidir_seed3_eb,zz_known,96,16,1,0.0343819186091423,4096
neural_eb,neural_bidir_seed4_eb,zz_known,96,16,1,0.03428718075156212,4096
dfe,none,zz_known,128,16,1,0.03195663541555405,0
constant_mean_eb,none,zz_known,128,16,1,0.03142523393034935,4096
dfe,none,zz_known,192,16,1,0.025993525981903076,0
constant_mean_eb,none,zz_known,192,16,1,0.0257562305778265,4096
summary_ridge_eb,none,zz_known,192,16,1,0.02513638138771057,4096
neural_eb,neural_bidir_seed0_eb,zz_known,192,16,1,0.02493966557085514,4096
neural_eb,neural_bidir_seed1_eb,zz_known,192,16,1,0.02499174326658249,4096
neural_eb,neural_bidir_seed2_eb,zz_known,192,16,1,0.02494334988296032,4096
neural_eb,neural_bidir_seed3_eb,zz_known,192,16,1,0.02494458481669426,4096
neural_eb,neural_bidir_seed4_eb,zz_known,192,16,1,0.024935055524110794,4096
constant_mean_prior,none,none,0,16,2,0.17049945890903473,4096
constant_median_prior,none,none,0,16,2,0.1654042750597,4096
summary_ridge_prior,none,none,0,16,2,0.0985601395368576,4096
product_affine_prior,none,none,0,16,2,0.10837028175592422,4096
exact_marginal_affine_prior,none,none,0,16,2,0.10491660237312317,4096
neural_prior,neural_bidir_seed0_prior,none,0,16,2,0.08400601148605347,4096
neural_prior,neural_bidir_seed1_prior,none,0,16,2,0.08633644878864288,4096
neural_prior,neural_bidir_seed2_prior,none,0,16,2,0.08399298787117004,4096
neural_prior,neural_bidir_seed3_prior,none,0,16,2,0.0840596854686737,4096
neural_prior,neural_bidir_seed4_prior,none,0,16,2,0.0835159420967102,4096
summary_ridge_eb,none,zz_known,12,16,2,0.07518161833286285,4096
neural_eb,neural_bidir_seed0_eb,zz_known,12,16,2,0.07102164626121521,4096
neural_eb,neural_bidir_seed1_eb,zz_known,12,16,2,0.07227131724357605,4096
neural_eb,neural_bidir_seed2_eb,zz_known,12,16,2,0.07109371572732925,4096
neural_eb,neural_bidir_seed3_eb,zz_known,12,16,2,0.071116141974926,4096
neural_eb,neural_bidir_seed4_eb,zz_known,12,16,2,0.0707404613494873,4096
summary_ridge_eb,none,zz_known,16,16,2,0.06910780072212219,4096
neural_eb,neural_bidir_seed0_eb,zz_known,16,16,2,0.06572859734296799,4096
neural_eb,neural_bidir_seed1_eb,zz_known,16,16,2,0.0667436420917511,4096
neural_eb,neural_bidir_seed2_eb,zz_known,16,16,2,0.06572544574737549,4096
neural_eb,neural_bidir_seed3_eb,zz_known,16,16,2,0.06582209467887878,4096
neural_eb,neural_bidir_seed4_eb,zz_known,16,16,2,0.06547937542200089,4096
constant_mean_eb,none,zz_known,20,16,2,0.07511337846517563,4096
summary_ridge_eb,none,zz_known,20,16,2,0.06391929090023041,4096
neural_eb,neural_bidir_seed0_eb,zz_known,20,16,2,0.06002524495124817,4096
neural_eb,neural_bidir_seed1_eb,zz_known,20,16,2,0.060797303915023804,4096
neural_eb,neural_bidir_seed2_eb,zz_known,20,16,2,0.06000161170959473,4096
neural_eb,neural_bidir_seed3_eb,zz_known,20,16,2,0.06017960608005524,4096
neural_eb,neural_bidir_seed4_eb,zz_known,20,16,2,0.05982605367898941,4096
dfe,none,zz_known,24,16,2,0.07427136600017548,0
constant_mean_eb,none,zz_known,24,16,2,0.06986098736524582,4096
neural_eb,neural_bidir_seed0_eb,zz_known,24,16,2,0.057564787566661835,4096
neural_eb,neural_bidir_seed1_eb,zz_known,24,16,2,0.05834486708045006,4096
neural_eb,neural_bidir_seed2_eb,zz_known,24,16,2,0.057632286101579666,4096
neural_eb,neural_bidir_seed3_eb,zz_known,24,16,2,0.05768086016178131,4096
neural_eb,neural_bidir_seed4_eb,zz_known,24,16,2,0.05744507163763046,4096
dfe,none,zz_known,28,16,2,0.06722342222929001,0
summary_ridge_eb,none,zz_known,28,16,2,0.05683249235153198,4096
dfe,none,zz_known,32,16,2,0.06387916207313538,0
constant_mean_eb,none,zz_known,32,16,2,0.060916170477867126,4096
summary_ridge_eb,none,zz_known,32,16,2,0.05429180711507797,4096
neural_eb,neural_bidir_seed0_eb,zz_known,32,16,2,0.05253494530916214,4096
neural_eb,neural_bidir_seed1_eb,zz_known,32,16,2,0.05304940789937973,4096
neural_eb,neural_bidir_seed2_eb,zz_known,32,16,2,0.05250631272792816,4096
neural_eb,neural_bidir_seed3_eb,zz_known,32,16,2,0.05255967378616333,4096
neural_eb,neural_bidir_seed4_eb,zz_known,32,16,2,0.05239281803369522,4096
constant_mean_eb,none,zz_known,36,16,2,0.058619022369384766,4096
summary_ridge_eb,none,zz_known,36,16,2,0.052435267716646194,4096
neural_eb,neural_bidir_seed0_eb,zz_known,36,16,2,0.05170179158449173,4096
neural_eb,neural_bidir_seed1_eb,zz_known,36,16,2,0.05221918225288391,4096
neural_eb,neural_bidir_seed2_eb,zz_known,36,16,2,0.051672570407390594,4096
neural_eb,neural_bidir_seed3_eb,zz_known,36,16,2,0.051621221005916595,4096
neural_eb,neural_bidir_seed4_eb,zz_known,36,16,2,0.05159826576709747,4096
dfe,none,zz_known,40,16,2,0.05692048743367195,0
neural_eb,neural_bidir_seed0_eb,zz_known,40,16,2,0.048129018396139145,4096
neural_eb,neural_bidir_seed1_eb,zz_known,40,16,2,0.048512160778045654,4096
neural_eb,neural_bidir_seed2_eb,zz_known,40,16,2,0.04811130464076996,4096
neural_eb,neural_bidir_seed3_eb,zz_known,40,16,2,0.048150282353162766,4096
neural_eb,neural_bidir_seed4_eb,zz_known,40,16,2,0.04800541698932648,4096
dfe,none,zz_known,44,16,2,0.05467184633016586,0
constant_mean_eb,none,zz_known,44,16,2,0.052800338715314865,4096
summary_ridge_eb,none,zz_known,44,16,2,0.047765035182237625,4096
dfe,none,zz_known,48,16,2,0.05214237421751022,0
constant_mean_eb,none,zz_known,52,16,2,0.04822942242026329,4096
neural_eb,neural_bidir_seed0_eb,zz_known,52,16,2,0.04392252862453461,4096
neural_eb,neural_bidir_seed1_eb,zz_known,52,16,2,0.044241271913051605,4096
neural_eb,neural_bidir_seed2_eb,zz_known,52,16,2,0.04396798461675644,4096
neural_eb,neural_bidir_seed3_eb,zz_known,52,16,2,0.04397232457995415,4096
neural_eb,neural_bidir_seed4_eb,zz_known,52,16,2,0.04389270767569542,4096
dfe,none,zz_known,56,16,2,0.04904751852154732,0
summary_ridge_eb,none,zz_known,56,16,2,0.044552262872457504,4096
constant_mean_eb,none,zz_known,64,16,2,0.0446123331785202,4096
dfe,none,zz_known,68,16,2,0.04291142523288727,0
summary_ridge_eb,none,zz_known,72,16,2,0.03869785740971565,4096
neural_eb,neural_bidir_seed0_eb,zz_known,72,16,2,0.038030702620744705,4096
neural_eb,neural_bidir_seed1_eb,zz_known,72,16,2,0.03821466863155365,4096
neural_eb,neural_bidir_seed2_eb,zz_known,72,16,2,0.03803174942731857,4096
neural_eb,neural_bidir_seed3_eb,zz_known,72,16,2,0.03806416690349579,4096
neural_eb,neural_bidir_seed4_eb,zz_known,72,16,2,0.03800465911626816,4096
constant_mean_eb,none,zz_known,80,16,2,0.04024985060095787,4096
dfe,none,zz_known,84,16,2,0.03941735252737999,0
summary_ridge_eb,none,zz_known,96,16,2,0.034750498831272125,4096
neural_eb,neural_bidir_seed0_eb,zz_known,96,16,2,0.03392110392451286,4096
neural_eb,neural_bidir_seed1_eb,zz_known,96,16,2,0.03404871001839638,4096
neural_eb,neural_bidir_seed2_eb,zz_known,96,16,2,0.03391401469707489,4096
neural_eb,neural_bidir_seed3_eb,zz_known,96,16,2,0.033926576375961304,4096
neural_eb,neural_bidir_seed4_eb,zz_known,96,16,2,0.03390252962708473,4096
dfe,none,zz_known,128,16,2,0.032198093831539154,0
constant_mean_eb,none,zz_known,128,16,2,0.031580600887537,4096
dfe,none,zz_known,192,16,2,0.02601722627878189,0
constant_mean_eb,none,zz_known,192,16,2,0.025679361075162888,4096
summary_ridge_eb,none,zz_known,192,16,2,0.02508772537112236,4096
neural_eb,neural_bidir_seed0_eb,zz_known,192,16,2,0.024993425235152245,4096
neural_eb,neural_bidir_seed1_eb,zz_known,192,16,2,0.025046762079000473,4096
neural_eb,neural_bidir_seed2_eb,zz_known,192,16,2,0.02500024624168873,4096
neural_eb,neural_bidir_seed3_eb,zz_known,192,16,2,0.024990664795041084,4096
neural_eb,neural_bidir_seed4_eb,zz_known,192,16,2,0.024977853521704674,4096
constant_mean_prior,none,none,0,16,3,0.1683395504951477,4096
constant_median_prior,none,none,0,16,3,0.16544568538665771,4096
summary_ridge_prior,none,none,0,16,3,0.10287532210350037,4096
product_affine_prior,none,none,0,16,3,0.11215329170227051,4096
exact_marginal_affine_prior,none,none,0,16,3,0.10913916677236557,4096
neural_prior,neural_bidir_seed0_prior,none,0,16,3,0.09036429971456528,4096
neural_prior,neural_bidir_seed1_prior,none,0,16,3,0.09311148524284363,4096
neural_prior,neural_bidir_seed2_prior,none,0,16,3,0.09042737632989883,4096
neural_prior,neural_bidir_seed3_prior,none,0,16,3,0.09055233001708984,4096
neural_prior,neural_bidir_seed4_prior,none,0,16,3,0.0898328572511673,4096
summary_ridge_eb,none,zz_known,12,16,3,0.07729121297597885,4096
neural_eb,neural_bidir_seed0_eb,zz_known,12,16,3,0.07286818325519562,4096
neural_eb,neural_bidir_seed1_eb,zz_known,12,16,3,0.07400456070899963,4096
neural_eb,neural_bidir_seed2_eb,zz_known,12,16,3,0.07289338111877441,4096
neural_eb,neural_bidir_seed3_eb,zz_known,12,16,3,0.0729788988828659,4096
neural_eb,neural_bidir_seed4_eb,zz_known,12,16,3,0.0726156085729599,4096
summary_ridge_eb,none,zz_known,16,16,3,0.06988503038883209,4096
neural_eb,neural_bidir_seed0_eb,zz_known,16,16,3,0.06599606573581696,4096
neural_eb,neural_bidir_seed1_eb,zz_known,16,16,3,0.06696593761444092,4096
neural_eb,neural_bidir_seed2_eb,zz_known,16,16,3,0.06599905341863632,4096
neural_eb,neural_bidir_seed3_eb,zz_known,16,16,3,0.06608124077320099,4096
neural_eb,neural_bidir_seed4_eb,zz_known,16,16,3,0.06576644629240036,4096
constant_mean_eb,none,zz_known,20,16,3,0.07423682510852814,4096
summary_ridge_eb,none,zz_known,20,16,3,0.06268683075904846,4096
neural_eb,neural_bidir_seed0_eb,zz_known,20,16,3,0.060341693460941315,4096
neural_eb,neural_bidir_seed1_eb,zz_known,20,16,3,0.061100903898477554,4096
neural_eb,neural_bidir_seed2_eb,zz_known,20,16,3,0.060358960181474686,4096
neural_eb,neural_bidir_seed3_eb,zz_known,20,16,3,0.06035782769322395,4096
neural_eb,neural_bidir_seed4_eb,zz_known,20,16,3,0.06016847491264343,4096
dfe,none,zz_known,24,16,3,0.07518403232097626,0
constant_mean_eb,none,zz_known,24,16,3,0.07135870307683945,4096
neural_eb,neural_bidir_seed0_eb,zz_known,24,16,3,0.058831848204135895,4096
neural_eb,neural_bidir_seed1_eb,zz_known,24,16,3,0.059503600001335144,4096
neural_eb,neural_bidir_seed2_eb,zz_known,24,16,3,0.058800049126148224,4096
neural_eb,neural_bidir_seed3_eb,zz_known,24,16,3,0.05887404829263687,4096
neural_eb,neural_bidir_seed4_eb,zz_known,24,16,3,0.05869114398956299,4096
dfe,none,zz_known,28,16,3,0.06971924751996994,0
summary_ridge_eb,none,zz_known,28,16,3,0.05797509849071503,4096
dfe,none,zz_known,32,16,3,0.06376498937606812,0
constant_mean_eb,none,zz_known,32,16,3,0.060498446226119995,4096
summary_ridge_eb,none,zz_known,32,16,3,0.053038641810417175,4096
neural_eb,neural_bidir_seed0_eb,zz_known,32,16,3,0.051886409521102905,4096
neural_eb,neural_bidir_seed1_eb,zz_known,32,16,3,0.05241231620311737,4096
neural_eb,neural_bidir_seed2_eb,zz_known,32,16,3,0.05192346125841141,4096
neural_eb,neural_bidir_seed3_eb,zz_known,32,16,3,0.05193416029214859,4096
neural_eb,neural_bidir_seed4_eb,zz_known,32,16,3,0.0518103763461113,4096
constant_mean_eb,none,zz_known,36,16,3,0.05868764966726303,4096
summary_ridge_eb,none,zz_known,36,16,3,0.052795425057411194,4096
neural_eb,neural_bidir_seed0_eb,zz_known,36,16,3,0.05131552368402481,4096
neural_eb,neural_bidir_seed1_eb,zz_known,36,16,3,0.051755934953689575,4096
neural_eb,neural_bidir_seed2_eb,zz_known,36,16,3,0.051304370164871216,4096
neural_eb,neural_bidir_seed3_eb,zz_known,36,16,3,0.05134715139865875,4096
neural_eb,neural_bidir_seed4_eb,zz_known,36,16,3,0.051170557737350464,4096
dfe,none,zz_known,40,16,3,0.05828925222158432,0
neural_eb,neural_bidir_seed0_eb,zz_known,40,16,3,0.04969293624162674,4096
neural_eb,neural_bidir_seed1_eb,zz_known,40,16,3,0.050069138407707214,4096
neural_eb,neural_bidir_seed2_eb,zz_known,40,16,3,0.04969506710767746,4096
neural_eb,neural_bidir_seed3_eb,zz_known,40,16,3,0.04973509907722473,4096
neural_eb,neural_bidir_seed4_eb,zz_known,40,16,3,0.049621809273958206,4096
dfe,none,zz_known,44,16,3,0.053532958030700684,0
constant_mean_eb,none,zz_known,44,16,3,0.052602820098400116,4096
summary_ridge_eb,none,zz_known,44,16,3,0.049020662903785706,4096
dfe,none,zz_known,48,16,3,0.05302378907799721,0
constant_mean_eb,none,zz_known,52,16,3,0.04973267763853073,4096
neural_eb,neural_bidir_seed0_eb,zz_known,52,16,3,0.04474110156297684,4096
neural_eb,neural_bidir_seed1_eb,zz_known,52,16,3,0.04504969343543053,4096
neural_eb,neural_bidir_seed2_eb,zz_known,52,16,3,0.04474466294050217,4096
neural_eb,neural_bidir_seed3_eb,zz_known,52,16,3,0.04475492238998413,4096
neural_eb,neural_bidir_seed4_eb,zz_known,52,16,3,0.04465949535369873,4096
dfe,none,zz_known,56,16,3,0.04767511785030365,0
summary_ridge_eb,none,zz_known,56,16,3,0.043056800961494446,4096
constant_mean_eb,none,zz_known,64,16,3,0.04403900355100632,4096
dfe,none,zz_known,68,16,3,0.04304361343383789,0
summary_ridge_eb,none,zz_known,72,16,3,0.03927251324057579,4096
neural_eb,neural_bidir_seed0_eb,zz_known,72,16,3,0.03854944556951523,4096
neural_eb,neural_bidir_seed1_eb,zz_known,72,16,3,0.03864622861146927,4096
neural_eb,neural_bidir_seed2_eb,zz_known,72,16,3,0.038538239896297455,4096
neural_eb,neural_bidir_seed3_eb,zz_known,72,16,3,0.038612138479948044,4096
neural_eb,neural_bidir_seed4_eb,zz_known,72,16,3,0.03849310427904129,4096
constant_mean_eb,none,zz_known,80,16,3,0.03958798944950104,4096
dfe,none,zz_known,84,16,3,0.03953300416469574,0
summary_ridge_eb,none,zz_known,96,16,3,0.03555039316415787,4096
neural_eb,neural_bidir_seed0_eb,zz_known,96,16,3,0.03483394905924797,4096
neural_eb,neural_bidir_seed1_eb,zz_known,96,16,3,0.03489183634519577,4096
neural_eb,neural_bidir_seed2_eb,zz_known,96,16,3,0.03482227772474289,4096
neural_eb,neural_bidir_seed3_eb,zz_known,96,16,3,0.03486301749944687,4096
neural_eb,neural_bidir_seed4_eb,zz_known,96,16,3,0.03478480130434036,4096
dfe,none,zz_known,128,16,3,0.031223490834236145,0
constant_mean_eb,none,zz_known,128,16,3,0.030921483412384987,4096
dfe,none,zz_known,192,16,3,0.02600998803973198,0
constant_mean_eb,none,zz_known,192,16,3,0.025967838242650032,4096
summary_ridge_eb,none,zz_known,192,16,3,0.025369025766849518,4096
neural_eb,neural_bidir_seed0_eb,zz_known,192,16,3,0.025267085060477257,4096
neural_eb,neural_bidir_seed1_eb,zz_known,192,16,3,0.025289183482527733,4096
neural_eb,neural_bidir_seed2_eb,zz_known,192,16,3,0.02526586875319481,4096
neural_eb,neural_bidir_seed3_eb,zz_known,192,16,3,0.02527587115764618,4096
neural_eb,neural_bidir_seed4_eb,zz_known,192,16,3,0.025262702256441116,4096
constant_mean_prior,none,none,0,16,4,0.1691865473985672,4096
constant_median_prior,none,none,0,16,4,0.16567540168762207,4096
summary_ridge_prior,none,none,0,16,4,0.10470549762248993,4096
product_affine_prior,none,none,0,16,4,0.11158939450979233,4096
exact_marginal_affine_prior,none,none,0,16,4,0.10852503776550293,4096
neural_prior,neural_bidir_seed0_prior,none,0,16,4,0.08924441039562225,4096
neural_prior,neural_bidir_seed1_prior,none,0,16,4,0.09205853939056396,4096
neural_prior,neural_bidir_seed2_prior,none,0,16,4,0.08932720124721527,4096
neural_prior,neural_bidir_seed3_prior,none,0,16,4,0.0895591676235199,4096
neural_prior,neural_bidir_seed4_prior,none,0,16,4,0.088625468313694,4096
summary_ridge_eb,none,zz_known,12,16,4,0.07621443271636963,4096
neural_eb,neural_bidir_seed0_eb,zz_known,12,16,4,0.07113056629896164,4096
neural_eb,neural_bidir_seed1_eb,zz_known,12,16,4,0.07233631610870361,4096
neural_eb,neural_bidir_seed2_eb,zz_known,12,16,4,0.07117031514644623,4096
neural_eb,neural_bidir_seed3_eb,zz_known,12,16,4,0.07120006531476974,4096
neural_eb,neural_bidir_seed4_eb,zz_known,12,16,4,0.07091641426086426,4096
summary_ridge_eb,none,zz_known,16,16,4,0.06918877363204956,4096
neural_eb,neural_bidir_seed0_eb,zz_known,16,16,4,0.06542898714542389,4096
neural_eb,neural_bidir_seed1_eb,zz_known,16,16,4,0.06647579371929169,4096
neural_eb,neural_bidir_seed2_eb,zz_known,16,16,4,0.06548608839511871,4096
neural_eb,neural_bidir_seed3_eb,zz_known,16,16,4,0.06560095399618149,4096
neural_eb,neural_bidir_seed4_eb,zz_known,16,16,4,0.0652323067188263,4096
constant_mean_eb,none,zz_known,20,16,4,0.07722432911396027,4096
summary_ridge_eb,none,zz_known,20,16,4,0.06621833145618439,4096
neural_eb,neural_bidir_seed0_eb,zz_known,20,16,4,0.06153515726327896,4096
neural_eb,neural_bidir_seed1_eb,zz_known,20,16,4,0.062448900192976,4096
neural_eb,neural_bidir_seed2_eb,zz_known,20,16,4,0.06154562532901764,4096
neural_eb,neural_bidir_seed3_eb,zz_known,20,16,4,0.06161486357450485,4096
neural_eb,neural_bidir_seed4_eb,zz_known,20,16,4,0.06133995205163956,4096
dfe,none,zz_known,24,16,4,0.07367991656064987,0
constant_mean_eb,none,zz_known,24,16,4,0.06986507773399353,4096
neural_eb,neural_bidir_seed0_eb,zz_known,24,16,4,0.05727805197238922,4096
neural_eb,neural_bidir_seed1_eb,zz_known,24,16,4,0.05797651410102844,4096
neural_eb,neural_bidir_seed2_eb,zz_known,24,16,4,0.05728732794523239,4096
neural_eb,neural_bidir_seed3_eb,zz_known,24,16,4,0.057445064187049866,4096
neural_eb,neural_bidir_seed4_eb,zz_known,24,16,4,0.05712383612990379,4096
dfe,none,zz_known,28,16,4,0.06768123060464859,0
summary_ridge_eb,none,zz_known,28,16,4,0.0568217933177948,4096
dfe,none,zz_known,32,16,4,0.06439074873924255,0
constant_mean_eb,none,zz_known,32,16,4,0.06148555129766464,4096
summary_ridge_eb,none,zz_known,32,16,4,0.054922737181186676,4096
neural_eb,neural_bidir_seed0_eb,zz_known,32,16,4,0.05246323347091675,4096
neural_eb,neural_bidir_seed1_eb,zz_known,32,16,4,0.05299857258796692,4096
neural_eb,neural_bidir_seed2_eb,zz_known,32,16,4,0.052478447556495667,4096
neural_eb,neural_bidir_seed3_eb,zz_known,32,16,4,0.05251254886388779,4096
neural_eb,neural_bidir_seed4_eb,zz_known,32,16,4,0.05236236751079559,4096
constant_mean_eb,none,zz_known,36,16,4,0.05785290151834488,4096
summary_ridge_eb,none,zz_known,36,16,4,0.05305175483226776,4096
neural_eb,neural_bidir_seed0_eb,zz_known,36,16,4,0.050738561898469925,4096
neural_eb,neural_bidir_seed1_eb,zz_known,36,16,4,0.05117230862379074,4096
neural_eb,neural_bidir_seed2_eb,zz_known,36,16,4,0.050746068358421326,4096
neural_eb,neural_bidir_seed3_eb,zz_known,36,16,4,0.05083613470196724,4096
neural_eb,neural_bidir_seed4_eb,zz_known,36,16,4,0.050632402300834656,4096
dfe,none,zz_known,40,16,4,0.057511746883392334,0
neural_eb,neural_bidir_seed0_eb,zz_known,40,16,4,0.048888303339481354,4096
neural_eb,neural_bidir_seed1_eb,zz_known,40,16,4,0.04929131269454956,4096
neural_eb,neural_bidir_seed2_eb,zz_known,40,16,4,0.04890063405036926,4096
neural_eb,neural_bidir_seed3_eb,zz_known,40,16,4,0.04898757115006447,4096
neural_eb,neural_bidir_seed4_eb,zz_known,40,16,4,0.04884157329797745,4096
dfe,none,zz_known,44,16,4,0.054248370230197906,0
constant_mean_eb,none,zz_known,44,16,4,0.052485451102256775,4096
summary_ridge_eb,none,zz_known,44,16,4,0.047898054122924805,4096
dfe,none,zz_known,48,16,4,0.05189860612154007,0
constant_mean_eb,none,zz_known,52,16,4,0.04884061962366104,4096
neural_eb,neural_bidir_seed0_eb,zz_known,52,16,4,0.04415024816989899,4096
neural_eb,neural_bidir_seed1_eb,zz_known,52,16,4,0.04447491466999054,4096
neural_eb,neural_bidir_seed2_eb,zz_known,52,16,4,0.04416332021355629,4096
neural_eb,neural_bidir_seed3_eb,zz_known,52,16,4,0.04415999352931976,4096
neural_eb,neural_bidir_seed4_eb,zz_known,52,16,4,0.044104427099227905,4096
dfe,none,zz_known,56,16,4,0.048411548137664795,0
summary_ridge_eb,none,zz_known,56,16,4,0.04451337456703186,4096
constant_mean_eb,none,zz_known,64,16,4,0.04333948716521263,4096
dfe,none,zz_known,68,16,4,0.04362756013870239,0
summary_ridge_eb,none,zz_known,72,16,4,0.03883805125951767,4096
neural_eb,neural_bidir_seed0_eb,zz_known,72,16,4,0.03820335865020752,4096
neural_eb,neural_bidir_seed1_eb,zz_known,72,16,4,0.0384361706674099,4096
neural_eb,neural_bidir_seed2_eb,zz_known,72,16,4,0.03819158300757408,4096
neural_eb,neural_bidir_seed3_eb,zz_known,72,16,4,0.038197897374629974,4096
neural_eb,neural_bidir_seed4_eb,zz_known,72,16,4,0.03815638646483421,4096
constant_mean_eb,none,zz_known,80,16,4,0.039693161845207214,4096
dfe,none,zz_known,84,16,4,0.039878927171230316,0
summary_ridge_eb,none,zz_known,96,16,4,0.03514055535197258,4096
neural_eb,neural_bidir_seed0_eb,zz_known,96,16,4,0.034431569278240204,4096
neural_eb,neural_bidir_seed1_eb,zz_known,96,16,4,0.034548304975032806,4096
neural_eb,neural_bidir_seed2_eb,zz_known,96,16,4,0.03442511707544327,4096
neural_eb,neural_bidir_seed3_eb,zz_known,96,16,4,0.03446545451879501,4096
neural_eb,neural_bidir_seed4_eb,zz_known,96,16,4,0.03440982848405838,4096
dfe,none,zz_known,128,16,4,0.03186844289302826,0
constant_mean_eb,none,zz_known,128,16,4,0.031545352190732956,4096
dfe,none,zz_known,192,16,4,0.025761205703020096,0
constant_mean_eb,none,zz_known,192,16,4,0.025768529623746872,4096
summary_ridge_eb,none,zz_known,192,16,4,0.025167040526866913,4096
neural_eb,neural_bidir_seed0_eb,zz_known,192,16,4,0.025049623101949692,4096
neural_eb,neural_bidir_seed1_eb,zz_known,192,16,4,0.02511591464281082,4096
neural_eb,neural_bidir_seed2_eb,zz_known,192,16,4,0.025054723024368286,4096
neural_eb,neural_bidir_seed3_eb,zz_known,192,16,4,0.025049839168787003,4096
neural_eb,neural_bidir_seed4_eb,zz_known,192,16,4,0.025053147226572037,4096
constant_mean_prior,none,none,0,17,0,0.16621966660022736,4096
constant_median_prior,none,none,0,17,0,0.1665978580713272,4096
summary_ridge_prior,none,none,0,17,0,0.10537900775671005,4096
product_affine_prior,none,none,0,17,0,0.11944057792425156,4096
exact_marginal_affine_prior,none,none,0,17,0,0.11659170687198639,4096
neural_prior,neural_bidir_seed0_prior,none,0,17,0,0.09412266314029694,4096
neural_prior,neural_bidir_seed1_prior,none,0,17,0,0.0965135395526886,4096
neural_prior,neural_bidir_seed2_prior,none,0,17,0,0.0941101461648941,4096
neural_prior,neural_bidir_seed3_prior,none,0,17,0,0.0952213853597641,4096
neural_prior,neural_bidir_seed4_prior,none,0,17,0,0.09335079789161682,4096
summary_ridge_eb,none,zz_known,12,17,0,0.077699676156044,4096
neural_eb,neural_bidir_seed0_eb,zz_known,12,17,0,0.075250044465065,4096
neural_eb,neural_bidir_seed1_eb,zz_known,12,17,0,0.07616259157657623,4096
neural_eb,neural_bidir_seed2_eb,zz_known,12,17,0,0.07523040473461151,4096
neural_eb,neural_bidir_seed3_eb,zz_known,12,17,0,0.07554590702056885,4096
neural_eb,neural_bidir_seed4_eb,zz_known,12,17,0,0.07504281401634216,4096
summary_ridge_eb,none,zz_known,16,17,0,0.07131406664848328,4096
neural_eb,neural_bidir_seed0_eb,zz_known,16,17,0,0.06838071346282959,4096
neural_eb,neural_bidir_seed1_eb,zz_known,16,17,0,0.0691603273153305,4096
neural_eb,neural_bidir_seed2_eb,zz_known,16,17,0,0.06840580701828003,4096
neural_eb,neural_bidir_seed3_eb,zz_known,16,17,0,0.06869353353977203,4096
neural_eb,neural_bidir_seed4_eb,zz_known,16,17,0,0.06818559765815735,4096
constant_mean_eb,none,zz_known,20,17,0,0.07552680373191833,4096
summary_ridge_eb,none,zz_known,20,17,0,0.0644862949848175,4096
neural_eb,neural_bidir_seed0_eb,zz_known,20,17,0,0.06278249621391296,4096
neural_eb,neural_bidir_seed1_eb,zz_known,20,17,0,0.06338214129209518,4096
neural_eb,neural_bidir_seed2_eb,zz_known,20,17,0,0.06273552030324936,4096
neural_eb,neural_bidir_seed3_eb,zz_known,20,17,0,0.0629214197397232,4096
neural_eb,neural_bidir_seed4_eb,zz_known,20,17,0,0.0625908374786377,4096
dfe,none,zz_known,24,17,0,0.07270623743534088,0
constant_mean_eb,none,zz_known,24,17,0,0.06895171105861664,4096
neural_eb,neural_bidir_seed0_eb,zz_known,24,17,0,0.05858846753835678,4096
neural_eb,neural_bidir_seed1_eb,zz_known,24,17,0,0.059149619191884995,4096
neural_eb,neural_bidir_seed2_eb,zz_known,24,17,0,0.05851854756474495,4096
neural_eb,neural_bidir_seed3_eb,zz_known,24,17,0,0.058780983090400696,4096
neural_eb,neural_bidir_seed4_eb,zz_known,24,17,0,0.05846334993839264,4096
dfe,none,zz_known,28,17,0,0.06785042583942413,0
summary_ridge_eb,none,zz_known,28,17,0,0.058071792125701904,4096
dfe,none,zz_known,32,17,0,0.06325943768024445,0
constant_mean_eb,none,zz_known,32,17,0,0.060826078057289124,4096
summary_ridge_eb,none,zz_known,32,17,0,0.054293885827064514,4096
neural_eb,neural_bidir_seed0_eb,zz_known,32,17,0,0.05273051559925079,4096
neural_eb,neural_bidir_seed1_eb,zz_known,32,17,0,0.05312182754278183,4096
neural_eb,neural_bidir_seed2_eb,zz_known,32,17,0,0.0526987686753273,4096
neural_eb,neural_bidir_seed3_eb,zz_known,32,17,0,0.05282893776893616,4096
neural_eb,neural_bidir_seed4_eb,zz_known,32,17,0,0.05265793949365616,4096
constant_mean_eb,none,zz_known,36,17,0,0.058192405849695206,4096
summary_ridge_eb,none,zz_known,36,17,0,0.052229419350624084,4096
neural_eb,neural_bidir_seed0_eb,zz_known,36,17,0,0.051245395094156265,4096
neural_eb,neural_bidir_seed1_eb,zz_known,36,17,0,0.051609598100185394,4096
neural_eb,neural_bidir_seed2_eb,zz_known,36,17,0,0.05121638998389244,4096
neural_eb,neural_bidir_seed3_eb,zz_known,36,17,0,0.05137856304645538,4096
neural_eb,neural_bidir_seed4_eb,zz_known,36,17,0,0.051157496869564056,4096
dfe,none,zz_known,40,17,0,0.05658862739801407,0
neural_eb,neural_bidir_seed0_eb,zz_known,40,17,0,0.04971148818731308,4096
neural_eb,neural_bidir_seed1_eb,zz_known,40,17,0,0.050060972571372986,4096
neural_eb,neural_bidir_seed2_eb,zz_known,40,17,0,0.049697816371917725,4096
neural_eb,neural_bidir_seed3_eb,zz_known,40,17,0,0.04976417124271393,4096
neural_eb,neural_bidir_seed4_eb,zz_known,40,17,0,0.049649909138679504,4096
dfe,none,zz_known,44,17,0,0.053801536560058594,0
constant_mean_eb,none,zz_known,44,17,0,0.051967885345220566,4096
summary_ridge_eb,none,zz_known,44,17,0,0.047865644097328186,4096
dfe,none,zz_known,48,17,0,0.05327676609158516,0
constant_mean_eb,none,zz_known,52,17,0,0.048460572957992554,4096
neural_eb,neural_bidir_seed0_eb,zz_known,52,17,0,0.04462685436010361,4096
neural_eb,neural_bidir_seed1_eb,zz_known,52,17,0,0.04483021795749664,4096
neural_eb,neural_bidir_seed2_eb,zz_known,52,17,0,0.04462030902504921,4096
neural_eb,neural_bidir_seed3_eb,zz_known,52,17,0,0.044692881405353546,4096
neural_eb,neural_bidir_seed4_eb,zz_known,52,17,0,0.044564470648765564,4096
dfe,none,zz_known,56,17,0,0.04772191494703293,0
summary_ridge_eb,none,zz_known,56,17,0,0.04395041614770889,4096
constant_mean_eb,none,zz_known,64,17,0,0.044865235686302185,4096
dfe,none,zz_known,68,17,0,0.04345769062638283,0
summary_ridge_eb,none,zz_known,72,17,0,0.039807360619306564,4096
neural_eb,neural_bidir_seed0_eb,zz_known,72,17,0,0.03947586566209793,4096
neural_eb,neural_bidir_seed1_eb,zz_known,72,17,0,0.039592549204826355,4096
neural_eb,neural_bidir_seed2_eb,zz_known,72,17,0,0.03946814313530922,4096
neural_eb,neural_bidir_seed3_eb,zz_known,72,17,0,0.03953638672828674,4096
neural_eb,neural_bidir_seed4_eb,zz_known,72,17,0,0.03943357616662979,4096
constant_mean_eb,none,zz_known,80,17,0,0.04012851044535637,4096
dfe,none,zz_known,84,17,0,0.039430297911167145,0
summary_ridge_eb,none,zz_known,96,17,0,0.03461574763059616,4096
neural_eb,neural_bidir_seed0_eb,zz_known,96,17,0,0.03455948829650879,4096
neural_eb,neural_bidir_seed1_eb,zz_known,96,17,0,0.03468860685825348,4096
neural_eb,neural_bidir_seed2_eb,zz_known,96,17,0,0.034564193338155746,4096
neural_eb,neural_bidir_seed3_eb,zz_known,96,17,0,0.034576550126075745,4096
neural_eb,neural_bidir_seed4_eb,zz_known,96,17,0,0.03453914076089859,4096
dfe,none,zz_known,128,17,0,0.03160528838634491,0
constant_mean_eb,none,zz_known,128,17,0,0.0312921367585659,4096
dfe,none,zz_known,192,17,0,0.025835663080215454,0
constant_mean_eb,none,zz_known,192,17,0,0.025728095322847366,4096
summary_ridge_eb,none,zz_known,192,17,0,0.025146115571260452,4096
neural_eb,neural_bidir_seed0_eb,zz_known,192,17,0,0.025067605078220367,4096
neural_eb,neural_bidir_seed1_eb,zz_known,192,17,0,0.025108549743890762,4096
neural_eb,neural_bidir_seed2_eb,zz_known,192,17,0,0.025060463696718216,4096
neural_eb,neural_bidir_seed3_eb,zz_known,192,17,0,0.02506941184401512,4096
neural_eb,neural_bidir_seed4_eb,zz_known,192,17,0,0.025056276470422745,4096
constant_mean_prior,none,none,0,17,1,0.16608977317810059,4096
constant_median_prior,none,none,0,17,1,0.16584572196006775,4096
summary_ridge_prior,none,none,0,17,1,0.1088654175400734,4096
product_affine_prior,none,none,0,17,1,0.12095481157302856,4096
exact_marginal_affine_prior,none,none,0,17,1,0.11823761463165283,4096
neural_prior,neural_bidir_seed0_prior,none,0,17,1,0.09614115953445435,4096
neural_prior,neural_bidir_seed1_prior,none,0,17,1,0.09812697768211365,4096
neural_prior,neural_bidir_seed2_prior,none,0,17,1,0.09608529508113861,4096
neural_prior,neural_bidir_seed3_prior,none,0,17,1,0.09713248908519745,4096
neural_prior,neural_bidir_seed4_prior,none,0,17,1,0.09523352235555649,4096
summary_ridge_eb,none,zz_known,12,17,1,0.07974591851234436,4096
neural_eb,neural_bidir_seed0_eb,zz_known,12,17,1,0.07637187838554382,4096
neural_eb,neural_bidir_seed1_eb,zz_known,12,17,1,0.07732529193162918,4096
neural_eb,neural_bidir_seed2_eb,zz_known,12,17,1,0.07627668976783752,4096
neural_eb,neural_bidir_seed3_eb,zz_known,12,17,1,0.07661790400743484,4096
neural_eb,neural_bidir_seed4_eb,zz_known,12,17,1,0.07602981477975845,4096
summary_ridge_eb,none,zz_known,16,17,1,0.07214608788490295,4096
neural_eb,neural_bidir_seed0_eb,zz_known,16,17,1,0.06978656351566315,4096
neural_eb,neural_bidir_seed1_eb,zz_known,16,17,1,0.07069210708141327,4096
neural_eb,neural_bidir_seed2_eb,zz_known,16,17,1,0.06977563351392746,4096
neural_eb,neural_bidir_seed3_eb,zz_known,16,17,1,0.06994763016700745,4096
neural_eb,neural_bidir_seed4_eb,zz_known,16,17,1,0.06967583298683167,4096
constant_mean_eb,none,zz_known,20,17,1,0.07619626820087433,4096
summary_ridge_eb,none,zz_known,20,17,1,0.06661130487918854,4096
neural_eb,neural_bidir_seed0_eb,zz_known,20,17,1,0.06345736980438232,4096
neural_eb,neural_bidir_seed1_eb,zz_known,20,17,1,0.06412270665168762,4096
neural_eb,neural_bidir_seed2_eb,zz_known,20,17,1,0.0634535625576973,4096
neural_eb,neural_bidir_seed3_eb,zz_known,20,17,1,0.06367121636867523,4096
neural_eb,neural_bidir_seed4_eb,zz_known,20,17,1,0.06331812590360641,4096
dfe,none,zz_known,24,17,1,0.07509099692106247,0
constant_mean_eb,none,zz_known,24,17,1,0.0719226822257042,4096
neural_eb,neural_bidir_seed0_eb,zz_known,24,17,1,0.06142275780439377,4096
neural_eb,neural_bidir_seed1_eb,zz_known,24,17,1,0.06205827742815018,4096
neural_eb,neural_bidir_seed2_eb,zz_known,24,17,1,0.06132790446281433,4096
neural_eb,neural_bidir_seed3_eb,zz_known,24,17,1,0.06154071167111397,4096
neural_eb,neural_bidir_seed4_eb,zz_known,24,17,1,0.061304450035095215,4096
dfe,none,zz_known,28,17,1,0.06880762428045273,0
summary_ridge_eb,none,zz_known,28,17,1,0.058066412806510925,4096
dfe,none,zz_known,32,17,1,0.0620887354016304,0
constant_mean_eb,none,zz_known,32,17,1,0.060596249997615814,4096
summary_ridge_eb,none,zz_known,32,17,1,0.054244399070739746,4096
neural_eb,neural_bidir_seed0_eb,zz_known,32,17,1,0.05355069041252136,4096
neural_eb,neural_bidir_seed1_eb,zz_known,32,17,1,0.05406304448843002,4096
neural_eb,neural_bidir_seed2_eb,zz_known,32,17,1,0.0535275898873806,4096
neural_eb,neural_bidir_seed3_eb,zz_known,32,17,1,0.05355600267648697,4096
neural_eb,neural_bidir_seed4_eb,zz_known,32,17,1,0.05355061590671539,4096
constant_mean_eb,none,zz_known,36,17,1,0.058566030114889145,4096
summary_ridge_eb,none,zz_known,36,17,1,0.052936993539333344,4096
neural_eb,neural_bidir_seed0_eb,zz_known,36,17,1,0.051867879927158356,4096
neural_eb,neural_bidir_seed1_eb,zz_known,36,17,1,0.05233568325638771,4096
neural_eb,neural_bidir_seed2_eb,zz_known,36,17,1,0.05184690281748772,4096
neural_eb,neural_bidir_seed3_eb,zz_known,36,17,1,0.051986806094646454,4096
neural_eb,neural_bidir_seed4_eb,zz_known,36,17,1,0.05185788869857788,4096
dfe,none,zz_known,40,17,1,0.056296683847904205,0
neural_eb,neural_bidir_seed0_eb,zz_known,40,17,1,0.05001159757375717,4096
neural_eb,neural_bidir_seed1_eb,zz_known,40,17,1,0.0504358634352684,4096
neural_eb,neural_bidir_seed2_eb,zz_known,40,17,1,0.04997425898909569,4096
neural_eb,neural_bidir_seed3_eb,zz_known,40,17,1,0.050052233040332794,4096
neural_eb,neural_bidir_seed4_eb,zz_known,40,17,1,0.05001728981733322,4096
dfe,none,zz_known,44,17,1,0.055250316858291626,0
constant_mean_eb,none,zz_known,44,17,1,0.053820252418518066,4096
summary_ridge_eb,none,zz_known,44,17,1,0.04942740499973297,4096
dfe,none,zz_known,48,17,1,0.051594704389572144,0
constant_mean_eb,none,zz_known,52,17,1,0.04877621307969093,4096
neural_eb,neural_bidir_seed0_eb,zz_known,52,17,1,0.04538723826408386,4096
neural_eb,neural_bidir_seed1_eb,zz_known,52,17,1,0.04566791653633118,4096
neural_eb,neural_bidir_seed2_eb,zz_known,52,17,1,0.045371897518634796,4096
neural_eb,neural_bidir_seed3_eb,zz_known,52,17,1,0.04540557414293289,4096
neural_eb,neural_bidir_seed4_eb,zz_known,52,17,1,0.04539882391691208,4096
dfe,none,zz_known,56,17,1,0.0488545261323452,0
summary_ridge_eb,none,zz_known,56,17,1,0.04483848810195923,4096
constant_mean_eb,none,zz_known,64,17,1,0.04403335601091385,4096
dfe,none,zz_known,68,17,1,0.04374869912862778,0
summary_ridge_eb,none,zz_known,72,17,1,0.039799682796001434,4096
neural_eb,neural_bidir_seed0_eb,zz_known,72,17,1,0.03932366892695427,4096
neural_eb,neural_bidir_seed1_eb,zz_known,72,17,1,0.03948153555393219,4096
neural_eb,neural_bidir_seed2_eb,zz_known,72,17,1,0.03930042311549187,4096
neural_eb,neural_bidir_seed3_eb,zz_known,72,17,1,0.039373286068439484,4096
neural_eb,neural_bidir_seed4_eb,zz_known,72,17,1,0.03929971158504486,4096
constant_mean_eb,none,zz_known,80,17,1,0.03997538983821869,4096
dfe,none,zz_known,84,17,1,0.039627186954021454,0
summary_ridge_eb,none,zz_known,96,17,1,0.03540433198213577,4096
neural_eb,neural_bidir_seed0_eb,zz_known,96,17,1,0.03521796315908432,4096
neural_eb,neural_bidir_seed1_eb,zz_known,96,17,1,0.0353398472070694,4096
neural_eb,neural_bidir_seed2_eb,zz_known,96,17,1,0.035184331238269806,4096
neural_eb,neural_bidir_seed3_eb,zz_known,96,17,1,0.03523261845111847,4096
neural_eb,neural_bidir_seed4_eb,zz_known,96,17,1,0.035188354551792145,4096
dfe,none,zz_known,128,17,1,0.03222887963056564,0
constant_mean_eb,none,zz_known,128,17,1,0.03176427632570267,4096
dfe,none,zz_known,192,17,1,0.025851331651210785,0
constant_mean_eb,none,zz_known,192,17,1,0.02590886875987053,4096
summary_ridge_eb,none,zz_known,192,17,1,0.02526947855949402,4096
neural_eb,neural_bidir_seed0_eb,zz_known,192,17,1,0.02538730576634407,4096
neural_eb,neural_bidir_seed1_eb,zz_known,192,17,1,0.02545911818742752,4096
neural_eb,neural_bidir_seed2_eb,zz_known,192,17,1,0.025390736758708954,4096
neural_eb,neural_bidir_seed3_eb,zz_known,192,17,1,0.02538006752729416,4096
neural_eb,neural_bidir_seed4_eb,zz_known,192,17,1,0.02540302276611328,4096
constant_mean_prior,none,none,0,17,2,0.16761243343353271,4096
constant_median_prior,none,none,0,17,2,0.16544568538665771,4096
summary_ridge_prior,none,none,0,17,2,0.1044836938381195,4096
product_affine_prior,none,none,0,17,2,0.11654867976903915,4096
exact_marginal_affine_prior,none,none,0,17,2,0.11363333463668823,4096
neural_prior,neural_bidir_seed0_prior,none,0,17,2,0.09012368321418762,4096
neural_prior,neural_bidir_seed1_prior,none,0,17,2,0.09253406524658203,4096
neural_prior,neural_bidir_seed2_prior,none,0,17,2,0.09011182188987732,4096
neural_prior,neural_bidir_seed3_prior,none,0,17,2,0.0911041647195816,4096
neural_prior,neural_bidir_seed4_prior,none,0,17,2,0.08932147920131683,4096
summary_ridge_eb,none,zz_known,12,17,2,0.0780501440167427,4096
neural_eb,neural_bidir_seed0_eb,zz_known,12,17,2,0.07313121110200882,4096
neural_eb,neural_bidir_seed1_eb,zz_known,12,17,2,0.07408154010772705,4096
neural_eb,neural_bidir_seed2_eb,zz_known,12,17,2,0.07314954698085785,4096
neural_eb,neural_bidir_seed3_eb,zz_known,12,17,2,0.0735488161444664,4096
neural_eb,neural_bidir_seed4_eb,zz_known,12,17,2,0.07291100174188614,4096
summary_ridge_eb,none,zz_known,16,17,2,0.07209627330303192,4096
neural_eb,neural_bidir_seed0_eb,zz_known,16,17,2,0.0681292712688446,4096
neural_eb,neural_bidir_seed1_eb,zz_known,16,17,2,0.06892846524715424,4096
neural_eb,neural_bidir_seed2_eb,zz_known,16,17,2,0.06808444112539291,4096
neural_eb,neural_bidir_seed3_eb,zz_known,16,17,2,0.06835132837295532,4096
neural_eb,neural_bidir_seed4_eb,zz_known,16,17,2,0.0678994357585907,4096
constant_mean_eb,none,zz_known,20,17,2,0.07589590549468994,4096
summary_ridge_eb,none,zz_known,20,17,2,0.06535308063030243,4096
neural_eb,neural_bidir_seed0_eb,zz_known,20,17,2,0.061787769198417664,4096
neural_eb,neural_bidir_seed1_eb,zz_known,20,17,2,0.062471840530633926,4096
neural_eb,neural_bidir_seed2_eb,zz_known,20,17,2,0.06178092956542969,4096
neural_eb,neural_bidir_seed3_eb,zz_known,20,17,2,0.06200101971626282,4096
neural_eb,neural_bidir_seed4_eb,zz_known,20,17,2,0.061550576239824295,4096
dfe,none,zz_known,24,17,2,0.07366316765546799,0
constant_mean_eb,none,zz_known,24,17,2,0.06931164115667343,4096
neural_eb,neural_bidir_seed0_eb,zz_known,24,17,2,0.0586165115237236,4096
neural_eb,neural_bidir_seed1_eb,zz_known,24,17,2,0.05928483605384827,4096
neural_eb,neural_bidir_seed2_eb,zz_known,24,17,2,0.058577150106430054,4096
neural_eb,neural_bidir_seed3_eb,zz_known,24,17,2,0.05867721140384674,4096
neural_eb,neural_bidir_seed4_eb,zz_known,24,17,2,0.058540746569633484,4096
dfe,none,zz_known,28,17,2,0.06845010817050934,0
summary_ridge_eb,none,zz_known,28,17,2,0.057902902364730835,4096
dfe,none,zz_known,32,17,2,0.06475826352834702,0
constant_mean_eb,none,zz_known,32,17,2,0.0615391805768013,4096
summary_ridge_eb,none,zz_known,32,17,2,0.054815568029880524,4096
neural_eb,neural_bidir_seed0_eb,zz_known,32,17,2,0.05324173718690872,4096
neural_eb,neural_bidir_seed1_eb,zz_known,32,17,2,0.05376940220594406,4096
neural_eb,neural_bidir_seed2_eb,zz_known,32,17,2,0.05321483314037323,4096
neural_eb,neural_bidir_seed3_eb,zz_known,32,17,2,0.05325118452310562,4096
neural_eb,neural_bidir_seed4_eb,zz_known,32,17,2,0.053104009479284286,4096
constant_mean_eb,none,zz_known,36,17,2,0.057887330651283264,4096
summary_ridge_eb,none,zz_known,36,17,2,0.052746303379535675,4096
neural_eb,neural_bidir_seed0_eb,zz_known,36,17,2,0.05122922360897064,4096
neural_eb,neural_bidir_seed1_eb,zz_known,36,17,2,0.05165158957242966,4096
neural_eb,neural_bidir_seed2_eb,zz_known,36,17,2,0.05120895802974701,4096
neural_eb,neural_bidir_seed3_eb,zz_known,36,17,2,0.051347192376852036,4096
neural_eb,neural_bidir_seed4_eb,zz_known,36,17,2,0.05116955190896988,4096
dfe,none,zz_known,40,17,2,0.057197920978069305,0
neural_eb,neural_bidir_seed0_eb,zz_known,40,17,2,0.049771979451179504,4096
neural_eb,neural_bidir_seed1_eb,zz_known,40,17,2,0.05024456977844238,4096
neural_eb,neural_bidir_seed2_eb,zz_known,40,17,2,0.049742430448532104,4096
neural_eb,neural_bidir_seed3_eb,zz_known,40,17,2,0.04973243176937103,4096
neural_eb,neural_bidir_seed4_eb,zz_known,40,17,2,0.04971081390976906,4096
dfe,none,zz_known,44,17,2,0.055392827838659286,0
constant_mean_eb,none,zz_known,44,17,2,0.0536777600646019,4096
summary_ridge_eb,none,zz_known,44,17,2,0.049235839396715164,4096
dfe,none,zz_known,48,17,2,0.0519745908677578,0
constant_mean_eb,none,zz_known,52,17,2,0.04910604655742645,4096
neural_eb,neural_bidir_seed0_eb,zz_known,52,17,2,0.044564299285411835,4096
neural_eb,neural_bidir_seed1_eb,zz_known,52,17,2,0.04485037922859192,4096
neural_eb,neural_bidir_seed2_eb,zz_known,52,17,2,0.04453757032752037,4096
neural_eb,neural_bidir_seed3_eb,zz_known,52,17,2,0.0445970855653286,4096
neural_eb,neural_bidir_seed4_eb,zz_known,52,17,2,0.044527165591716766,4096
dfe,none,zz_known,56,17,2,0.04739153012633324,0
summary_ridge_eb,none,zz_known,56,17,2,0.04341328889131546,4096
constant_mean_eb,none,zz_known,64,17,2,0.044901613146066666,4096
dfe,none,zz_known,68,17,2,0.04310077056288719,0
summary_ridge_eb,none,zz_known,72,17,2,0.03983871266245842,4096
neural_eb,neural_bidir_seed0_eb,zz_known,72,17,2,0.03907579928636551,4096
neural_eb,neural_bidir_seed1_eb,zz_known,72,17,2,0.03925811126828194,4096
neural_eb,neural_bidir_seed2_eb,zz_known,72,17,2,0.03907027840614319,4096
neural_eb,neural_bidir_seed3_eb,zz_known,72,17,2,0.0390920452773571,4096
neural_eb,neural_bidir_seed4_eb,zz_known,72,17,2,0.03906363248825073,4096
constant_mean_eb,none,zz_known,80,17,2,0.03925018012523651,4096
dfe,none,zz_known,84,17,2,0.038918107748031616,0
summary_ridge_eb,none,zz_known,96,17,2,0.034948211163282394,4096
neural_eb,neural_bidir_seed0_eb,zz_known,96,17,2,0.03469882532954216,4096
neural_eb,neural_bidir_seed1_eb,zz_known,96,17,2,0.03486662358045578,4096
neural_eb,neural_bidir_seed2_eb,zz_known,96,17,2,0.03470517322421074,4096
neural_eb,neural_bidir_seed3_eb,zz_known,96,17,2,0.03469559922814369,4096
neural_eb,neural_bidir_seed4_eb,zz_known,96,17,2,0.034694306552410126,4096
dfe,none,zz_known,128,17,2,0.03150036931037903,0
constant_mean_eb,none,zz_known,128,17,2,0.0311923548579216,4096
dfe,none,zz_known,192,17,2,0.026021698489785194,0
constant_mean_eb,none,zz_known,192,17,2,0.025807321071624756,4096
summary_ridge_eb,none,zz_known,192,17,2,0.0251555684953928,4096
neural_eb,neural_bidir_seed0_eb,zz_known,192,17,2,0.025221655145287514,4096
neural_eb,neural_bidir_seed1_eb,zz_known,192,17,2,0.02529917284846306,4096
neural_eb,neural_bidir_seed2_eb,zz_known,192,17,2,0.025210198014974594,4096
neural_eb,neural_bidir_seed3_eb,zz_known,192,17,2,0.025186734274029732,4096
neural_eb,neural_bidir_seed4_eb,zz_known,192,17,2,0.025228984653949738,4096
constant_mean_prior,none,none,0,17,3,0.16638852655887604,4096
constant_median_prior,none,none,0,17,3,0.16544568538665771,4096
summary_ridge_prior,none,none,0,17,3,0.10934309661388397,4096
product_affine_prior,none,none,0,17,3,0.11914514005184174,4096
exact_marginal_affine_prior,none,none,0,17,3,0.11637954413890839,4096
neural_prior,neural_bidir_seed0_prior,none,0,17,3,0.09423180669546127,4096
neural_prior,neural_bidir_seed1_prior,none,0,17,3,0.0966147929430008,4096
neural_prior,neural_bidir_seed2_prior,none,0,17,3,0.09424370527267456,4096
neural_prior,neural_bidir_seed3_prior,none,0,17,3,0.09536280483007431,4096
neural_prior,neural_bidir_seed4_prior,none,0,17,3,0.09346070885658264,4096
summary_ridge_eb,none,zz_known,12,17,3,0.08004139363765717,4096
neural_eb,neural_bidir_seed0_eb,zz_known,12,17,3,0.07597896456718445,4096
neural_eb,neural_bidir_seed1_eb,zz_known,12,17,3,0.07693798840045929,4096
neural_eb,neural_bidir_seed2_eb,zz_known,12,17,3,0.07594336569309235,4096
neural_eb,neural_bidir_seed3_eb,zz_known,12,17,3,0.07621552050113678,4096
neural_eb,neural_bidir_seed4_eb,zz_known,12,17,3,0.07568348944187164,4096
summary_ridge_eb,none,zz_known,16,17,3,0.07125474512577057,4096
neural_eb,neural_bidir_seed0_eb,zz_known,16,17,3,0.06781242787837982,4096
neural_eb,neural_bidir_seed1_eb,zz_known,16,17,3,0.0684935599565506,4096
neural_eb,neural_bidir_seed2_eb,zz_known,16,17,3,0.0677984207868576,4096
neural_eb,neural_bidir_seed3_eb,zz_known,16,17,3,0.0681283175945282,4096
neural_eb,neural_bidir_seed4_eb,zz_known,16,17,3,0.0675986260175705,4096
constant_mean_eb,none,zz_known,20,17,3,0.07555343955755234,4096
summary_ridge_eb,none,zz_known,20,17,3,0.06687378883361816,4096
neural_eb,neural_bidir_seed0_eb,zz_known,20,17,3,0.06348524987697601,4096
neural_eb,neural_bidir_seed1_eb,zz_known,20,17,3,0.06404378265142441,4096
neural_eb,neural_bidir_seed2_eb,zz_known,20,17,3,0.06344512104988098,4096
neural_eb,neural_bidir_seed3_eb,zz_known,20,17,3,0.06371375918388367,4096
neural_eb,neural_bidir_seed4_eb,zz_known,20,17,3,0.0632486343383789,4096
dfe,none,zz_known,24,17,3,0.07461678981781006,0
constant_mean_eb,none,zz_known,24,17,3,0.07038869708776474,4096
neural_eb,neural_bidir_seed0_eb,zz_known,24,17,3,0.06004895642399788,4096
neural_eb,neural_bidir_seed1_eb,zz_known,24,17,3,0.060534704476594925,4096
neural_eb,neural_bidir_seed2_eb,zz_known,24,17,3,0.06004399061203003,4096
neural_eb,neural_bidir_seed3_eb,zz_known,24,17,3,0.060240257531404495,4096
neural_eb,neural_bidir_seed4_eb,zz_known,24,17,3,0.05992286279797554,4096
dfe,none,zz_known,28,17,3,0.06775231659412384,0
summary_ridge_eb,none,zz_known,28,17,3,0.05761294811964035,4096
dfe,none,zz_known,32,17,3,0.06435470283031464,0
constant_mean_eb,none,zz_known,32,17,3,0.06176257133483887,4096
summary_ridge_eb,none,zz_known,32,17,3,0.05619281902909279,4096
neural_eb,neural_bidir_seed0_eb,zz_known,32,17,3,0.054509300738573074,4096
neural_eb,neural_bidir_seed1_eb,zz_known,32,17,3,0.05489388108253479,4096
neural_eb,neural_bidir_seed2_eb,zz_known,32,17,3,0.05448249727487564,4096
neural_eb,neural_bidir_seed3_eb,zz_known,32,17,3,0.05464351177215576,4096
neural_eb,neural_bidir_seed4_eb,zz_known,32,17,3,0.05438694730401039,4096
constant_mean_eb,none,zz_known,36,17,3,0.05725434422492981,4096
summary_ridge_eb,none,zz_known,36,17,3,0.05259529873728752,4096
neural_eb,neural_bidir_seed0_eb,zz_known,36,17,3,0.05111568048596382,4096
neural_eb,neural_bidir_seed1_eb,zz_known,36,17,3,0.05144085735082626,4096
neural_eb,neural_bidir_seed2_eb,zz_known,36,17,3,0.0510639064013958,4096
neural_eb,neural_bidir_seed3_eb,zz_known,36,17,3,0.051144279539585114,4096
neural_eb,neural_bidir_seed4_eb,zz_known,36,17,3,0.051050346344709396,4096
dfe,none,zz_known,40,17,3,0.057886190712451935,0
neural_eb,neural_bidir_seed0_eb,zz_known,40,17,3,0.049568600952625275,4096
neural_eb,neural_bidir_seed1_eb,zz_known,40,17,3,0.04989497736096382,4096
neural_eb,neural_bidir_seed2_eb,zz_known,40,17,3,0.04954462870955467,4096
neural_eb,neural_bidir_seed3_eb,zz_known,40,17,3,0.0496644489467144,4096
neural_eb,neural_bidir_seed4_eb,zz_known,40,17,3,0.049471817910671234,4096
dfe,none,zz_known,44,17,3,0.05483422428369522,0
constant_mean_eb,none,zz_known,44,17,3,0.05263452231884003,4096
summary_ridge_eb,none,zz_known,44,17,3,0.04910087585449219,4096
dfe,none,zz_known,48,17,3,0.05240354314446449,0
constant_mean_eb,none,zz_known,52,17,3,0.048703089356422424,4096
neural_eb,neural_bidir_seed0_eb,zz_known,52,17,3,0.04470016062259674,4096
neural_eb,neural_bidir_seed1_eb,zz_known,52,17,3,0.04494732618331909,4096
neural_eb,neural_bidir_seed2_eb,zz_known,52,17,3,0.044669248163700104,4096
neural_eb,neural_bidir_seed3_eb,zz_known,52,17,3,0.04475587606430054,4096
neural_eb,neural_bidir_seed4_eb,zz_known,52,17,3,0.0446450337767601,4096
dfe,none,zz_known,56,17,3,0.048059869557619095,0
summary_ridge_eb,none,zz_known,56,17,3,0.044403716921806335,4096
constant_mean_eb,none,zz_known,64,17,3,0.04396502673625946,4096
dfe,none,zz_known,68,17,3,0.042957909405231476,0
summary_ridge_eb,none,zz_known,72,17,3,0.03936861455440521,4096
neural_eb,neural_bidir_seed0_eb,zz_known,72,17,3,0.038771238178014755,4096
neural_eb,neural_bidir_seed1_eb,zz_known,72,17,3,0.03893762081861496,4096
neural_eb,neural_bidir_seed2_eb,zz_known,72,17,3,0.038764528930187225,4096
neural_eb,neural_bidir_seed3_eb,zz_known,72,17,3,0.03880573436617851,4096
neural_eb,neural_bidir_seed4_eb,zz_known,72,17,3,0.03876000642776489,4096
constant_mean_eb,none,zz_known,80,17,3,0.03901686519384384,4096
dfe,none,zz_known,84,17,3,0.03915419057011604,0
summary_ridge_eb,none,zz_known,96,17,3,0.03514882177114487,4096
neural_eb,neural_bidir_seed0_eb,zz_known,96,17,3,0.03464493900537491,4096
neural_eb,neural_bidir_seed1_eb,zz_known,96,17,3,0.03475511819124222,4096
neural_eb,neural_bidir_seed2_eb,zz_known,96,17,3,0.03464523330330849,4096
neural_eb,neural_bidir_seed3_eb,zz_known,96,17,3,0.034679412841796875,4096
neural_eb,neural_bidir_seed4_eb,zz_known,96,17,3,0.03462154418230057,4096
dfe,none,zz_known,128,17,3,0.032161567360162735,0
constant_mean_eb,none,zz_known,128,17,3,0.031779710203409195,4096
dfe,none,zz_known,192,17,3,0.02581297606229782,0
constant_mean_eb,none,zz_known,192,17,3,0.025601614266633987,4096
summary_ridge_eb,none,zz_known,192,17,3,0.025050239637494087,4096
neural_eb,neural_bidir_seed0_eb,zz_known,192,17,3,0.024720527231693268,4096
neural_eb,neural_bidir_seed1_eb,zz_known,192,17,3,0.02476002275943756,4096
neural_eb,neural_bidir_seed2_eb,zz_known,192,17,3,0.024709969758987427,4096
neural_eb,neural_bidir_seed3_eb,zz_known,192,17,3,0.024742530658841133,4096
neural_eb,neural_bidir_seed4_eb,zz_known,192,17,3,0.02471085451543331,4096
constant_mean_prior,none,none,0,17,4,0.1660694032907486,4096
constant_median_prior,none,none,0,17,4,0.16544568538665771,4096
summary_ridge_prior,none,none,0,17,4,0.10718344151973724,4096
product_affine_prior,none,none,0,17,4,0.12100394070148468,4096
exact_marginal_affine_prior,none,none,0,17,4,0.11825203895568848,4096
neural_prior,neural_bidir_seed0_prior,none,0,17,4,0.09621050953865051,4096
neural_prior,neural_bidir_seed1_prior,none,0,17,4,0.09841279685497284,4096
neural_prior,neural_bidir_seed2_prior,none,0,17,4,0.0961945652961731,4096
neural_prior,neural_bidir_seed3_prior,none,0,17,4,0.09725390374660492,4096
neural_prior,neural_bidir_seed4_prior,none,0,17,4,0.09528873860836029,4096
summary_ridge_eb,none,zz_known,12,17,4,0.07913767546415329,4096
neural_eb,neural_bidir_seed0_eb,zz_known,12,17,4,0.07557907700538635,4096
neural_eb,neural_bidir_seed1_eb,zz_known,12,17,4,0.0764148086309433,4096
neural_eb,neural_bidir_seed2_eb,zz_known,12,17,4,0.07555956393480301,4096
neural_eb,neural_bidir_seed3_eb,zz_known,12,17,4,0.0758751630783081,4096
neural_eb,neural_bidir_seed4_eb,zz_known,12,17,4,0.07523053884506226,4096
summary_ridge_eb,none,zz_known,16,17,4,0.07176260650157928,4096
neural_eb,neural_bidir_seed0_eb,zz_known,16,17,4,0.06849776208400726,4096
neural_eb,neural_bidir_seed1_eb,zz_known,16,17,4,0.06913819909095764,4096
neural_eb,neural_bidir_seed2_eb,zz_known,16,17,4,0.06853459775447845,4096
neural_eb,neural_bidir_seed3_eb,zz_known,16,17,4,0.06881998479366302,4096
neural_eb,neural_bidir_seed4_eb,zz_known,16,17,4,0.06831401586532593,4096
constant_mean_eb,none,zz_known,20,17,4,0.0764189139008522,4096
summary_ridge_eb,none,zz_known,20,17,4,0.06679008901119232,4096
neural_eb,neural_bidir_seed0_eb,zz_known,20,17,4,0.06366316229104996,4096
neural_eb,neural_bidir_seed1_eb,zz_known,20,17,4,0.06415924429893494,4096
neural_eb,neural_bidir_seed2_eb,zz_known,20,17,4,0.06364449858665466,4096
neural_eb,neural_bidir_seed3_eb,zz_known,20,17,4,0.06391656398773193,4096
neural_eb,neural_bidir_seed4_eb,zz_known,20,17,4,0.06342533230781555,4096
dfe,none,zz_known,24,17,4,0.07252254337072372,0
constant_mean_eb,none,zz_known,24,17,4,0.06911900639533997,4096
neural_eb,neural_bidir_seed0_eb,zz_known,24,17,4,0.059259600937366486,4096
neural_eb,neural_bidir_seed1_eb,zz_known,24,17,4,0.05977614223957062,4096
neural_eb,neural_bidir_seed2_eb,zz_known,24,17,4,0.05922718346118927,4096
neural_eb,neural_bidir_seed3_eb,zz_known,24,17,4,0.05941091477870941,4096
neural_eb,neural_bidir_seed4_eb,zz_known,24,17,4,0.05911619961261749,4096
dfe,none,zz_known,28,17,4,0.06899939477443695,0
summary_ridge_eb,none,zz_known,28,17,4,0.05906136333942413,4096
dfe,none,zz_known,32,17,4,0.065191850066185,0
constant_mean_eb,none,zz_known,32,17,4,0.06225457787513733,4096
summary_ridge_eb,none,zz_known,32,17,4,0.055903296917676926,4096
neural_eb,neural_bidir_seed0_eb,zz_known,32,17,4,0.05441214144229889,4096
neural_eb,neural_bidir_seed1_eb,zz_known,32,17,4,0.05479993298649788,4096
neural_eb,neural_bidir_seed2_eb,zz_known,32,17,4,0.054383859038352966,4096
neural_eb,neural_bidir_seed3_eb,zz_known,32,17,4,0.054565105587244034,4096
neural_eb,neural_bidir_seed4_eb,zz_known,32,17,4,0.05425184220075607,4096
constant_mean_eb,none,zz_known,36,17,4,0.057377636432647705,4096
summary_ridge_eb,none,zz_known,36,17,4,0.05253390222787857,4096
neural_eb,neural_bidir_seed0_eb,zz_known,36,17,4,0.05178166925907135,4096
neural_eb,neural_bidir_seed1_eb,zz_known,36,17,4,0.05213067680597305,4096
neural_eb,neural_bidir_seed2_eb,zz_known,36,17,4,0.051780689507722855,4096
neural_eb,neural_bidir_seed3_eb,zz_known,36,17,4,0.05186254158616066,4096
neural_eb,neural_bidir_seed4_eb,zz_known,36,17,4,0.05173591524362564,4096
dfe,none,zz_known,40,17,4,0.056887395679950714,0
neural_eb,neural_bidir_seed0_eb,zz_known,40,17,4,0.04860145226120949,4096
neural_eb,neural_bidir_seed1_eb,zz_known,40,17,4,0.048911310732364655,4096
neural_eb,neural_bidir_seed2_eb,zz_known,40,17,4,0.04857904464006424,4096
neural_eb,neural_bidir_seed3_eb,zz_known,40,17,4,0.04865649342536926,4096
neural_eb,neural_bidir_seed4_eb,zz_known,40,17,4,0.048451948910951614,4096
dfe,none,zz_known,44,17,4,0.05537092685699463,0
constant_mean_eb,none,zz_known,44,17,4,0.053467392921447754,4096
summary_ridge_eb,none,zz_known,44,17,4,0.04943729192018509,4096
dfe,none,zz_known,48,17,4,0.05260824039578438,0
constant_mean_eb,none,zz_known,52,17,4,0.048776138573884964,4096
neural_eb,neural_bidir_seed0_eb,zz_known,52,17,4,0.04474518448114395,4096
neural_eb,neural_bidir_seed1_eb,zz_known,52,17,4,0.04497203230857849,4096
neural_eb,neural_bidir_seed2_eb,zz_known,52,17,4,0.044717464596033096,4096
neural_eb,neural_bidir_seed3_eb,zz_known,52,17,4,0.04476485028862953,4096
neural_eb,neural_bidir_seed4_eb,zz_known,52,17,4,0.04471675306558609,4096
dfe,none,zz_known,56,17,4,0.04950525611639023,0
summary_ridge_eb,none,zz_known,56,17,4,0.04495595023036003,4096
constant_mean_eb,none,zz_known,64,17,4,0.04459146782755852,4096
dfe,none,zz_known,68,17,4,0.043587662279605865,0
summary_ridge_eb,none,zz_known,72,17,4,0.039368633180856705,4096
neural_eb,neural_bidir_seed0_eb,zz_known,72,17,4,0.03873446583747864,4096
neural_eb,neural_bidir_seed1_eb,zz_known,72,17,4,0.0388539582490921,4096
neural_eb,neural_bidir_seed2_eb,zz_known,72,17,4,0.038719937205314636,4096
neural_eb,neural_bidir_seed3_eb,zz_known,72,17,4,0.03878238797187805,4096
neural_eb,neural_bidir_seed4_eb,zz_known,72,17,4,0.038708750158548355,4096
constant_mean_eb,none,zz_known,80,17,4,0.03977610170841217,4096
dfe,none,zz_known,84,17,4,0.03997427225112915,0
summary_ridge_eb,none,zz_known,96,17,4,0.03449825197458267,4096
neural_eb,neural_bidir_seed0_eb,zz_known,96,17,4,0.033962950110435486,4096
neural_eb,neural_bidir_seed1_eb,zz_known,96,17,4,0.03407857194542885,4096
neural_eb,neural_bidir_seed2_eb,zz_known,96,17,4,0.033958010375499725,4096
neural_eb,neural_bidir_seed3_eb,zz_known,96,17,4,0.03398776426911354,4096
neural_eb,neural_bidir_seed4_eb,zz_known,96,17,4,0.03391461819410324,4096
dfe,none,zz_known,128,17,4,0.031879544258117676,0
constant_mean_eb,none,zz_known,128,17,4,0.03158922120928764,4096
dfe,none,zz_known,192,17,4,0.02593230828642845,0
constant_mean_eb,none,zz_known,192,17,4,0.02587367594242096,4096
summary_ridge_eb,none,zz_known,192,17,4,0.025164678692817688,4096
neural_eb,neural_bidir_seed0_eb,zz_known,192,17,4,0.025053853169083595,4096
neural_eb,neural_bidir_seed1_eb,zz_known,192,17,4,0.02510097622871399,4096
neural_eb,neural_bidir_seed2_eb,zz_known,192,17,4,0.02504761517047882,4096
neural_eb,neural_bidir_seed3_eb,zz_known,192,17,4,0.025065019726753235,4096
neural_eb,neural_bidir_seed4_eb,zz_known,192,17,4,0.02503514289855957,4096
constant_mean_prior,none,none,0,18,0,0.17136111855506897,4096
constant_median_prior,none,none,0,18,0,0.1654042750597,4096
summary_ridge_prior,none,none,0,18,0,0.09640838205814362,4096
product_affine_prior,none,none,0,18,0,0.1109100878238678,4096
exact_marginal_affine_prior,none,none,0,18,0,0.10748844593763351,4096
neural_prior,neural_bidir_seed0_prior,none,0,18,0,0.08923026919364929,4096
neural_prior,neural_bidir_seed1_prior,none,0,18,0,0.09205202758312225,4096
neural_prior,neural_bidir_seed2_prior,none,0,18,0,0.08925650268793106,4096
neural_prior,neural_bidir_seed3_prior,none,0,18,0,0.08924592286348343,4096
neural_prior,neural_bidir_seed4_prior,none,0,18,0,0.08849893510341644,4096
summary_ridge_eb,none,zz_known,12,18,0,0.07474643737077713,4096
neural_eb,neural_bidir_seed0_eb,zz_known,12,18,0,0.07374730706214905,4096
neural_eb,neural_bidir_seed1_eb,zz_known,12,18,0,0.07485979050397873,4096
neural_eb,neural_bidir_seed2_eb,zz_known,12,18,0,0.07374393939971924,4096
neural_eb,neural_bidir_seed3_eb,zz_known,12,18,0,0.073782779276371,4096
neural_eb,neural_bidir_seed4_eb,zz_known,12,18,0,0.07344210147857666,4096
summary_ridge_eb,none,zz_known,16,18,0,0.06855033338069916,4096
neural_eb,neural_bidir_seed0_eb,zz_known,16,18,0,0.06675465404987335,4096
neural_eb,neural_bidir_seed1_eb,zz_known,16,18,0,0.0676555186510086,4096
neural_eb,neural_bidir_seed2_eb,zz_known,16,18,0,0.06682697683572769,4096
neural_eb,neural_bidir_seed3_eb,zz_known,16,18,0,0.0668334811925888,4096
neural_eb,neural_bidir_seed4_eb,zz_known,16,18,0,0.06652535498142242,4096
constant_mean_eb,none,zz_known,20,18,0,0.07580456882715225,4096
summary_ridge_eb,none,zz_known,20,18,0,0.0648631602525711,4096
neural_eb,neural_bidir_seed0_eb,zz_known,20,18,0,0.06332480907440186,4096
neural_eb,neural_bidir_seed1_eb,zz_known,20,18,0,0.06399156153202057,4096
neural_eb,neural_bidir_seed2_eb,zz_known,20,18,0,0.06337511539459229,4096
neural_eb,neural_bidir_seed3_eb,zz_known,20,18,0,0.06351578235626221,4096
neural_eb,neural_bidir_seed4_eb,zz_known,20,18,0,0.06310401111841202,4096
dfe,none,zz_known,24,18,0,0.07346722483634949,0
constant_mean_eb,none,zz_known,24,18,0,0.0695917010307312,4096
neural_eb,neural_bidir_seed0_eb,zz_known,24,18,0,0.05843494087457657,4096
neural_eb,neural_bidir_seed1_eb,zz_known,24,18,0,0.0590919628739357,4096
neural_eb,neural_bidir_seed2_eb,zz_known,24,18,0,0.0584627240896225,4096
neural_eb,neural_bidir_seed3_eb,zz_known,24,18,0,0.05853115767240524,4096
neural_eb,neural_bidir_seed4_eb,zz_known,24,18,0,0.0582963265478611,4096
dfe,none,zz_known,28,18,0,0.06794136762619019,0
summary_ridge_eb,none,zz_known,28,18,0,0.056127823889255524,4096
dfe,none,zz_known,32,18,0,0.0627066045999527,0
constant_mean_eb,none,zz_known,32,18,0,0.05959629267454147,4096
summary_ridge_eb,none,zz_known,32,18,0,0.05353729426860809,4096
neural_eb,neural_bidir_seed0_eb,zz_known,32,18,0,0.05224914103746414,4096
neural_eb,neural_bidir_seed1_eb,zz_known,32,18,0,0.05263441056013107,4096
neural_eb,neural_bidir_seed2_eb,zz_known,32,18,0,0.052269402891397476,4096
neural_eb,neural_bidir_seed3_eb,zz_known,32,18,0,0.05233907699584961,4096
neural_eb,neural_bidir_seed4_eb,zz_known,32,18,0,0.05209832265973091,4096
constant_mean_eb,none,zz_known,36,18,0,0.05786995589733124,4096
summary_ridge_eb,none,zz_known,36,18,0,0.051924929022789,4096
neural_eb,neural_bidir_seed0_eb,zz_known,36,18,0,0.05118731036782265,4096
neural_eb,neural_bidir_seed1_eb,zz_known,36,18,0,0.0516032874584198,4096
neural_eb,neural_bidir_seed2_eb,zz_known,36,18,0,0.05124378204345703,4096
neural_eb,neural_bidir_seed3_eb,zz_known,36,18,0,0.051255278289318085,4096
neural_eb,neural_bidir_seed4_eb,zz_known,36,18,0,0.05109318345785141,4096
dfe,none,zz_known,40,18,0,0.05649872124195099,0
neural_eb,neural_bidir_seed0_eb,zz_known,40,18,0,0.04887355864048004,4096
neural_eb,neural_bidir_seed1_eb,zz_known,40,18,0,0.0492434948682785,4096
neural_eb,neural_bidir_seed2_eb,zz_known,40,18,0,0.04888411611318588,4096
neural_eb,neural_bidir_seed3_eb,zz_known,40,18,0,0.04887649416923523,4096
neural_eb,neural_bidir_seed4_eb,zz_known,40,18,0,0.04877939820289612,4096
dfe,none,zz_known,44,18,0,0.05413652956485748,0
constant_mean_eb,none,zz_known,44,18,0,0.051927000284194946,4096
summary_ridge_eb,none,zz_known,44,18,0,0.0477159321308136,4096
dfe,none,zz_known,48,18,0,0.05224759131669998,0
constant_mean_eb,none,zz_known,52,18,0,0.04922036826610565,4096
neural_eb,neural_bidir_seed0_eb,zz_known,52,18,0,0.04442421346902847,4096
neural_eb,neural_bidir_seed1_eb,zz_known,52,18,0,0.04473252594470978,4096
neural_eb,neural_bidir_seed2_eb,zz_known,52,18,0,0.04443322494626045,4096
neural_eb,neural_bidir_seed3_eb,zz_known,52,18,0,0.044397592544555664,4096
neural_eb,neural_bidir_seed4_eb,zz_known,52,18,0,0.04431258887052536,4096
dfe,none,zz_known,56,18,0,0.04837666451931,0
summary_ridge_eb,none,zz_known,56,18,0,0.04319354519248009,4096
constant_mean_eb,none,zz_known,64,18,0,0.04476744681596756,4096
dfe,none,zz_known,68,18,0,0.04425733536481857,0
summary_ridge_eb,none,zz_known,72,18,0,0.03936197981238365,4096
neural_eb,neural_bidir_seed0_eb,zz_known,72,18,0,0.038762107491493225,4096
neural_eb,neural_bidir_seed1_eb,zz_known,72,18,0,0.03893846273422241,4096
neural_eb,neural_bidir_seed2_eb,zz_known,72,18,0,0.03878672420978546,4096
neural_eb,neural_bidir_seed3_eb,zz_known,72,18,0,0.03884414583444595,4096
neural_eb,neural_bidir_seed4_eb,zz_known,72,18,0,0.03871998190879822,4096
constant_mean_eb,none,zz_known,80,18,0,0.03959665447473526,4096
dfe,none,zz_known,84,18,0,0.03887508064508438,0
summary_ridge_eb,none,zz_known,96,18,0,0.035027340054512024,4096
neural_eb,neural_bidir_seed0_eb,zz_known,96,18,0,0.034732721745967865,4096
neural_eb,neural_bidir_seed1_eb,zz_known,96,18,0,0.034860461950302124,4096
neural_eb,neural_bidir_seed2_eb,zz_known,96,18,0,0.034736230969429016,4096
neural_eb,neural_bidir_seed3_eb,zz_known,96,18,0,0.03475533425807953,4096
neural_eb,neural_bidir_seed4_eb,zz_known,96,18,0,0.03466811031103134,4096
dfe,none,zz_known,128,18,0,0.03240243345499039,0
constant_mean_eb,none,zz_known,128,18,0,0.031860556453466415,4096
dfe,none,zz_known,192,18,0,0.02607608214020729,0
constant_mean_eb,none,zz_known,192,18,0,0.025862716138362885,4096
summary_ridge_eb,none,zz_known,192,18,0,0.025354228913784027,4096
neural_eb,neural_bidir_seed0_eb,zz_known,192,18,0,0.025324802845716476,4096
neural_eb,neural_bidir_seed1_eb,zz_known,192,18,0,0.025362104177474976,4096
neural_eb,neural_bidir_seed2_eb,zz_known,192,18,0,0.02532249316573143,4096
neural_eb,neural_bidir_seed3_eb,zz_known,192,18,0,0.02532150037586689,4096
neural_eb,neural_bidir_seed4_eb,zz_known,192,18,0,0.025307364761829376,4096
constant_mean_prior,none,none,0,18,1,0.16892363131046295,4096
constant_median_prior,none,none,0,18,1,0.1665978580713272,4096
summary_ridge_prior,none,none,0,18,1,0.09527622163295746,4096
product_affine_prior,none,none,0,18,1,0.1099485456943512,4096
exact_marginal_affine_prior,none,none,0,18,1,0.1066443920135498,4096
neural_prior,neural_bidir_seed0_prior,none,0,18,1,0.08945819735527039,4096
neural_prior,neural_bidir_seed1_prior,none,0,18,1,0.09236660599708557,4096
neural_prior,neural_bidir_seed2_prior,none,0,18,1,0.08928129822015762,4096
neural_prior,neural_bidir_seed3_prior,none,0,18,1,0.0891425758600235,4096
neural_prior,neural_bidir_seed4_prior,none,0,18,1,0.0885549932718277,4096
summary_ridge_eb,none,zz_known,12,18,1,0.07455995678901672,4096
neural_eb,neural_bidir_seed0_eb,zz_known,12,18,1,0.07332249730825424,4096
neural_eb,neural_bidir_seed1_eb,zz_known,12,18,1,0.07451529800891876,4096
neural_eb,neural_bidir_seed2_eb,zz_known,12,18,1,0.07324016839265823,4096
neural_eb,neural_bidir_seed3_eb,zz_known,12,18,1,0.0731429010629654,4096
neural_eb,neural_bidir_seed4_eb,zz_known,12,18,1,0.07296222448348999,4096
summary_ridge_eb,none,zz_known,16,18,1,0.07006484270095825,4096
neural_eb,neural_bidir_seed0_eb,zz_known,16,18,1,0.06802592426538467,4096
neural_eb,neural_bidir_seed1_eb,zz_known,16,18,1,0.06897824257612228,4096
neural_eb,neural_bidir_seed2_eb,zz_known,16,18,1,0.06799342483282089,4096
neural_eb,neural_bidir_seed3_eb,zz_known,16,18,1,0.0680120587348938,4096
neural_eb,neural_bidir_seed4_eb,zz_known,16,18,1,0.0677589476108551,4096
constant_mean_eb,none,zz_known,20,18,1,0.07566194981336594,4096
summary_ridge_eb,none,zz_known,20,18,1,0.06371285021305084,4096
neural_eb,neural_bidir_seed0_eb,zz_known,20,18,1,0.06185748428106308,4096
neural_eb,neural_bidir_seed1_eb,zz_known,20,18,1,0.06260866671800613,4096
neural_eb,neural_bidir_seed2_eb,zz_known,20,18,1,0.0618135929107666,4096
neural_eb,neural_bidir_seed3_eb,zz_known,20,18,1,0.06181325018405914,4096
neural_eb,neural_bidir_seed4_eb,zz_known,20,18,1,0.06160907447338104,4096
dfe,none,zz_known,24,18,1,0.07433176040649414,0
constant_mean_eb,none,zz_known,24,18,1,0.06954316794872284,4096
neural_eb,neural_bidir_seed0_eb,zz_known,24,18,1,0.058315929025411606,4096
neural_eb,neural_bidir_seed1_eb,zz_known,24,18,1,0.05904417484998703,4096
neural_eb,neural_bidir_seed2_eb,zz_known,24,18,1,0.058299146592617035,4096
neural_eb,neural_bidir_seed3_eb,zz_known,24,18,1,0.058255385607481,4096
neural_eb,neural_bidir_seed4_eb,zz_known,24,18,1,0.05814017355442047,4096
dfe,none,zz_known,28,18,1,0.06735898554325104,0
summary_ridge_eb,none,zz_known,28,18,1,0.05525524541735649,4096
dfe,none,zz_known,32,18,1,0.06311450898647308,0
constant_mean_eb,none,zz_known,32,18,1,0.06041340157389641,4096
summary_ridge_eb,none,zz_known,32,18,1,0.05324062705039978,4096
neural_eb,neural_bidir_seed0_eb,zz_known,32,18,1,0.05269547924399376,4096
neural_eb,neural_bidir_seed1_eb,zz_known,32,18,1,0.05322563648223877,4096
neural_eb,neural_bidir_seed2_eb,zz_known,32,18,1,0.052594125270843506,4096
neural_eb,neural_bidir_seed3_eb,zz_known,32,18,1,0.052518147975206375,4096
neural_eb,neural_bidir_seed4_eb,zz_known,32,18,1,0.05251302570104599,4096
constant_mean_eb,none,zz_known,36,18,1,0.057225681841373444,4096
summary_ridge_eb,none,zz_known,36,18,1,0.05090092867612839,4096
neural_eb,neural_bidir_seed0_eb,zz_known,36,18,1,0.05040012300014496,4096
neural_eb,neural_bidir_seed1_eb,zz_known,36,18,1,0.05088479444384575,4096
neural_eb,neural_bidir_seed2_eb,zz_known,36,18,1,0.05038124695420265,4096
neural_eb,neural_bidir_seed3_eb,zz_known,36,18,1,0.050358325242996216,4096
neural_eb,neural_bidir_seed4_eb,zz_known,36,18,1,0.050295088440179825,4096
dfe,none,zz_known,40,18,1,0.056722987443208694,0
neural_eb,neural_bidir_seed0_eb,zz_known,40,18,1,0.04802373796701431,4096
neural_eb,neural_bidir_seed1_eb,zz_known,40,18,1,0.04841597378253937,4096
neural_eb,neural_bidir_seed2_eb,zz_known,40,18,1,0.0479864701628685,4096
neural_eb,neural_bidir_seed3_eb,zz_known,40,18,1,0.04798624664545059,4096
neural_eb,neural_bidir_seed4_eb,zz_known,40,18,1,0.04790996015071869,4096
dfe,none,zz_known,44,18,1,0.05490988492965698,0
constant_mean_eb,none,zz_known,44,18,1,0.05302633345127106,4096
summary_ridge_eb,none,zz_known,44,18,1,0.04735812172293663,4096
dfe,none,zz_known,48,18,1,0.05148034915328026,0
constant_mean_eb,none,zz_known,52,18,1,0.04827459156513214,4096
neural_eb,neural_bidir_seed0_eb,zz_known,52,18,1,0.0439361035823822,4096
neural_eb,neural_bidir_seed1_eb,zz_known,52,18,1,0.04419932886958122,4096
neural_eb,neural_bidir_seed2_eb,zz_known,52,18,1,0.04388649761676788,4096
neural_eb,neural_bidir_seed3_eb,zz_known,52,18,1,0.04393724352121353,4096
neural_eb,neural_bidir_seed4_eb,zz_known,52,18,1,0.04385840892791748,4096
dfe,none,zz_known,56,18,1,0.04846522957086563,0
summary_ridge_eb,none,zz_known,56,18,1,0.043141212314367294,4096
constant_mean_eb,none,zz_known,64,18,1,0.043430596590042114,4096
dfe,none,zz_known,68,18,1,0.04348171502351761,0
summary_ridge_eb,none,zz_known,72,18,1,0.03929557278752327,4096
neural_eb,neural_bidir_seed0_eb,zz_known,72,18,1,0.03860723227262497,4096
neural_eb,neural_bidir_seed1_eb,zz_known,72,18,1,0.038841553032398224,4096
neural_eb,neural_bidir_seed2_eb,zz_known,72,18,1,0.03859572857618332,4096
neural_eb,neural_bidir_seed3_eb,zz_known,72,18,1,0.03856826201081276,4096
neural_eb,neural_bidir_seed4_eb,zz_known,72,18,1,0.03854946047067642,4096
constant_mean_eb,none,zz_known,80,18,1,0.03977847099304199,4096
dfe,none,zz_known,84,18,1,0.03897995501756668,0
summary_ridge_eb,none,zz_known,96,18,1,0.034048423171043396,4096
neural_eb,neural_bidir_seed0_eb,zz_known,96,18,1,0.03384275734424591,4096
neural_eb,neural_bidir_seed1_eb,zz_known,96,18,1,0.03399764001369476,4096
neural_eb,neural_bidir_seed2_eb,zz_known,96,18,1,0.033836424350738525,4096
neural_eb,neural_bidir_seed3_eb,zz_known,96,18,1,0.03382732719182968,4096
neural_eb,neural_bidir_seed4_eb,zz_known,96,18,1,0.033817972987890244,4096
dfe,none,zz_known,128,18,1,0.03187067061662674,0
constant_mean_eb,none,zz_known,128,18,1,0.03142162412405014,4096
dfe,none,zz_known,192,18,1,0.026126248762011528,0
constant_mean_eb,none,zz_known,192,18,1,0.025855479761958122,4096
summary_ridge_eb,none,zz_known,192,18,1,0.025226233527064323,4096
neural_eb,neural_bidir_seed0_eb,zz_known,192,18,1,0.025193095207214355,4096
neural_eb,neural_bidir_seed1_eb,zz_known,192,18,1,0.025239570066332817,4096
neural_eb,neural_bidir_seed2_eb,zz_known,192,18,1,0.025177663192152977,4096
neural_eb,neural_bidir_seed3_eb,zz_known,192,18,1,0.025192968547344208,4096
neural_eb,neural_bidir_seed4_eb,zz_known,192,18,1,0.025188688188791275,4096
constant_mean_prior,none,none,0,18,2,0.17517058551311493,4096
constant_median_prior,none,none,0,18,2,0.1654042750597,4096
summary_ridge_prior,none,none,0,18,2,0.09740795940160751,4096
product_affine_prior,none,none,0,18,2,0.10953272879123688,4096
exact_marginal_affine_prior,none,none,0,18,2,0.10591119527816772,4096
neural_prior,neural_bidir_seed0_prior,none,0,18,2,0.0846858024597168,4096
neural_prior,neural_bidir_seed1_prior,none,0,18,2,0.08713788539171219,4096
neural_prior,neural_bidir_seed2_prior,none,0,18,2,0.0847594365477562,4096
neural_prior,neural_bidir_seed3_prior,none,0,18,2,0.08501708507537842,4096
neural_prior,neural_bidir_seed4_prior,none,0,18,2,0.08419539034366608,4096
summary_ridge_eb,none,zz_known,12,18,2,0.07698620110750198,4096
neural_eb,neural_bidir_seed0_eb,zz_known,12,18,2,0.07225307077169418,4096
neural_eb,neural_bidir_seed1_eb,zz_known,12,18,2,0.07335882633924484,4096
neural_eb,neural_bidir_seed2_eb,zz_known,12,18,2,0.07233835756778717,4096
neural_eb,neural_bidir_seed3_eb,zz_known,12,18,2,0.07254792749881744,4096
neural_eb,neural_bidir_seed4_eb,zz_known,12,18,2,0.07198119163513184,4096
summary_ridge_eb,none,zz_known,16,18,2,0.06990046799182892,4096
neural_eb,neural_bidir_seed0_eb,zz_known,16,18,2,0.06586814671754837,4096
neural_eb,neural_bidir_seed1_eb,zz_known,16,18,2,0.0667414516210556,4096
neural_eb,neural_bidir_seed2_eb,zz_known,16,18,2,0.06589789688587189,4096
neural_eb,neural_bidir_seed3_eb,zz_known,16,18,2,0.06617649644613266,4096
neural_eb,neural_bidir_seed4_eb,zz_known,16,18,2,0.06568537652492523,4096
constant_mean_eb,none,zz_known,20,18,2,0.07730557024478912,4096
summary_ridge_eb,none,zz_known,20,18,2,0.0653243213891983,4096
neural_eb,neural_bidir_seed0_eb,zz_known,20,18,2,0.06192313879728317,4096
neural_eb,neural_bidir_seed1_eb,zz_known,20,18,2,0.0627250224351883,4096
neural_eb,neural_bidir_seed2_eb,zz_known,20,18,2,0.06202990189194679,4096
neural_eb,neural_bidir_seed3_eb,zz_known,20,18,2,0.062276653945446014,4096
neural_eb,neural_bidir_seed4_eb,zz_known,20,18,2,0.061829254031181335,4096
dfe,none,zz_known,24,18,2,0.07459376752376556,0
constant_mean_eb,none,zz_known,24,18,2,0.06925364583730698,4096
neural_eb,neural_bidir_seed0_eb,zz_known,24,18,2,0.05789471045136452,4096
neural_eb,neural_bidir_seed1_eb,zz_known,24,18,2,0.058550287038087845,4096
neural_eb,neural_bidir_seed2_eb,zz_known,24,18,2,0.057974591851234436,4096
neural_eb,neural_bidir_seed3_eb,zz_known,24,18,2,0.05807742476463318,4096
neural_eb,neural_bidir_seed4_eb,zz_known,24,18,2,0.05781885236501694,4096
dfe,none,zz_known,28,18,2,0.06804285943508148,0
summary_ridge_eb,none,zz_known,28,18,2,0.05662672966718674,4096
dfe,none,zz_known,32,18,2,0.06535716354846954,0
constant_mean_eb,none,zz_known,32,18,2,0.06224783509969711,4096
summary_ridge_eb,none,zz_known,32,18,2,0.055585797876119614,4096
neural_eb,neural_bidir_seed0_eb,zz_known,32,18,2,0.05337969958782196,4096
neural_eb,neural_bidir_seed1_eb,zz_known,32,18,2,0.05391348898410797,4096
neural_eb,neural_bidir_seed2_eb,zz_known,32,18,2,0.05348091572523117,4096
neural_eb,neural_bidir_seed3_eb,zz_known,32,18,2,0.05360380560159683,4096
neural_eb,neural_bidir_seed4_eb,zz_known,32,18,2,0.05331047624349594,4096
constant_mean_eb,none,zz_known,36,18,2,0.058895111083984375,4096
summary_ridge_eb,none,zz_known,36,18,2,0.05305249243974686,4096
neural_eb,neural_bidir_seed0_eb,zz_known,36,18,2,0.05064139515161514,4096
neural_eb,neural_bidir_seed1_eb,zz_known,36,18,2,0.05099623650312424,4096
neural_eb,neural_bidir_seed2_eb,zz_known,36,18,2,0.05067836865782738,4096
neural_eb,neural_bidir_seed3_eb,zz_known,36,18,2,0.050811268389225006,4096
neural_eb,neural_bidir_seed4_eb,zz_known,36,18,2,0.05058841034770012,4096
dfe,none,zz_known,40,18,2,0.055787958204746246,0
neural_eb,neural_bidir_seed0_eb,zz_known,40,18,2,0.04786886274814606,4096
neural_eb,neural_bidir_seed1_eb,zz_known,40,18,2,0.04821527749300003,4096
neural_eb,neural_bidir_seed2_eb,zz_known,40,18,2,0.04786386340856552,4096
neural_eb,neural_bidir_seed3_eb,zz_known,40,18,2,0.04790505766868591,4096
neural_eb,neural_bidir_seed4_eb,zz_known,40,18,2,0.04779363051056862,4096
dfe,none,zz_known,44,18,2,0.05396875739097595,0
constant_mean_eb,none,zz_known,44,18,2,0.051800891757011414,4096
summary_ridge_eb,none,zz_known,44,18,2,0.04732133448123932,4096
dfe,none,zz_known,48,18,2,0.05106658861041069,0
constant_mean_eb,none,zz_known,52,18,2,0.047657132148742676,4096
neural_eb,neural_bidir_seed0_eb,zz_known,52,18,2,0.04295039176940918,4096
neural_eb,neural_bidir_seed1_eb,zz_known,52,18,2,0.04325044900178909,4096
neural_eb,neural_bidir_seed2_eb,zz_known,52,18,2,0.042964741587638855,4096
neural_eb,neural_bidir_seed3_eb,zz_known,52,18,2,0.04301120340824127,4096
neural_eb,neural_bidir_seed4_eb,zz_known,52,18,2,0.04290282726287842,4096
dfe,none,zz_known,56,18,2,0.04867464303970337,0
summary_ridge_eb,none,zz_known,56,18,2,0.04427490755915642,4096
constant_mean_eb,none,zz_known,64,18,2,0.04358064383268356,4096
dfe,none,zz_known,68,18,2,0.04349822923541069,0
summary_ridge_eb,none,zz_known,72,18,2,0.03939647227525711,4096
neural_eb,neural_bidir_seed0_eb,zz_known,72,18,2,0.03917212784290314,4096
neural_eb,neural_bidir_seed1_eb,zz_known,72,18,2,0.03940172493457794,4096
neural_eb,neural_bidir_seed2_eb,zz_known,72,18,2,0.039188649505376816,4096
neural_eb,neural_bidir_seed3_eb,zz_known,72,18,2,0.03920812904834747,4096
neural_eb,neural_bidir_seed4_eb,zz_known,72,18,2,0.03915954753756523,4096
constant_mean_eb,none,zz_known,80,18,2,0.039625559002161026,4096
dfe,none,zz_known,84,18,2,0.03896075487136841,0
summary_ridge_eb,none,zz_known,96,18,2,0.03393509238958359,4096
neural_eb,neural_bidir_seed0_eb,zz_known,96,18,2,0.033433947712183,4096
neural_eb,neural_bidir_seed1_eb,zz_known,96,18,2,0.03355410695075989,4096
neural_eb,neural_bidir_seed2_eb,zz_known,96,18,2,0.03341895341873169,4096
neural_eb,neural_bidir_seed3_eb,zz_known,96,18,2,0.03346152976155281,4096
neural_eb,neural_bidir_seed4_eb,zz_known,96,18,2,0.03339559584856033,4096
dfe,none,zz_known,128,18,2,0.03207956254482269,0
constant_mean_eb,none,zz_known,128,18,2,0.03173535317182541,4096
dfe,none,zz_known,192,18,2,0.02630825713276863,0
constant_mean_eb,none,zz_known,192,18,2,0.026078009977936745,4096
summary_ridge_eb,none,zz_known,192,18,2,0.025508854538202286,4096
neural_eb,neural_bidir_seed0_eb,zz_known,192,18,2,0.025540098547935486,4096
neural_eb,neural_bidir_seed1_eb,zz_known,192,18,2,0.025596577674150467,4096
neural_eb,neural_bidir_seed2_eb,zz_known,192,18,2,0.025541139766573906,4096
neural_eb,neural_bidir_seed3_eb,zz_known,192,18,2,0.02552812173962593,4096
neural_eb,neural_bidir_seed4_eb,zz_known,192,18,2,0.025530122220516205,4096
constant_mean_prior,none,none,0,18,3,0.17105144262313843,4096
constant_median_prior,none,none,0,18,3,0.1654042750597,4096
summary_ridge_prior,none,none,0,18,3,0.09747755527496338,4096
product_affine_prior,none,none,0,18,3,0.10859382152557373,4096
exact_marginal_affine_prior,none,none,0,18,3,0.10507184267044067,4096
neural_prior,neural_bidir_seed0_prior,none,0,18,3,0.08561040461063385,4096
neural_prior,neural_bidir_seed1_prior,none,0,18,3,0.08833057433366776,4096
neural_prior,neural_bidir_seed2_prior,none,0,18,3,0.08551550656557083,4096
neural_prior,neural_bidir_seed3_prior,none,0,18,3,0.08551754057407379,4096
neural_prior,neural_bidir_seed4_prior,none,0,18,3,0.08480808883905411,4096
summary_ridge_eb,none,zz_known,12,18,3,0.07725964486598969,4096
neural_eb,neural_bidir_seed0_eb,zz_known,12,18,3,0.07247578352689743,4096
neural_eb,neural_bidir_seed1_eb,zz_known,12,18,3,0.07366890460252762,4096
neural_eb,neural_bidir_seed2_eb,zz_known,12,18,3,0.07250887155532837,4096
neural_eb,neural_bidir_seed3_eb,zz_known,12,18,3,0.07255882024765015,4096
neural_eb,neural_bidir_seed4_eb,zz_known,12,18,3,0.0721806138753891,4096
summary_ridge_eb,none,zz_known,16,18,3,0.06832514703273773,4096
neural_eb,neural_bidir_seed0_eb,zz_known,16,18,3,0.064840167760849,4096
neural_eb,neural_bidir_seed1_eb,zz_known,16,18,3,0.06584688276052475,4096
neural_eb,neural_bidir_seed2_eb,zz_known,16,18,3,0.06484223902225494,4096
neural_eb,neural_bidir_seed3_eb,zz_known,16,18,3,0.06495457887649536,4096
neural_eb,neural_bidir_seed4_eb,zz_known,16,18,3,0.06453895568847656,4096
constant_mean_eb,none,zz_known,20,18,3,0.07501090317964554,4096
summary_ridge_eb,none,zz_known,20,18,3,0.06414715945720673,4096
neural_eb,neural_bidir_seed0_eb,zz_known,20,18,3,0.061783336102962494,4096
neural_eb,neural_bidir_seed1_eb,zz_known,20,18,3,0.06261369585990906,4096
neural_eb,neural_bidir_seed2_eb,zz_known,20,18,3,0.0617600679397583,4096
neural_eb,neural_bidir_seed3_eb,zz_known,20,18,3,0.0617709681391716,4096
neural_eb,neural_bidir_seed4_eb,zz_known,20,18,3,0.06156070902943611,4096
dfe,none,zz_known,24,18,3,0.07476374506950378,0
constant_mean_eb,none,zz_known,24,18,3,0.07009583711624146,4096
neural_eb,neural_bidir_seed0_eb,zz_known,24,18,3,0.05842513591051102,4096
neural_eb,neural_bidir_seed1_eb,zz_known,24,18,3,0.05911637097597122,4096
neural_eb,neural_bidir_seed2_eb,zz_known,24,18,3,0.058437280356884,4096
neural_eb,neural_bidir_seed3_eb,zz_known,24,18,3,0.0584888830780983,4096
neural_eb,neural_bidir_seed4_eb,zz_known,24,18,3,0.05824846401810646,4096
dfe,none,zz_known,28,18,3,0.06893432140350342,0
summary_ridge_eb,none,zz_known,28,18,3,0.05706093832850456,4096
dfe,none,zz_known,32,18,3,0.06294776499271393,0
constant_mean_eb,none,zz_known,32,18,3,0.06046838313341141,4096
summary_ridge_eb,none,zz_known,32,18,3,0.05462772399187088,4096
neural_eb,neural_bidir_seed0_eb,zz_known,32,18,3,0.052240677177906036,4096
neural_eb,neural_bidir_seed1_eb,zz_known,32,18,3,0.05275006592273712,4096
neural_eb,neural_bidir_seed2_eb,zz_known,32,18,3,0.05223046988248825,4096
neural_eb,neural_bidir_seed3_eb,zz_known,32,18,3,0.0522906519472599,4096
neural_eb,neural_bidir_seed4_eb,zz_known,32,18,3,0.052072636783123016,4096
constant_mean_eb,none,zz_known,36,18,3,0.05796806514263153,4096
summary_ridge_eb,none,zz_known,36,18,3,0.052186500281095505,4096
neural_eb,neural_bidir_seed0_eb,zz_known,36,18,3,0.049396857619285583,4096
neural_eb,neural_bidir_seed1_eb,zz_known,36,18,3,0.04980940371751785,4096
neural_eb,neural_bidir_seed2_eb,zz_known,36,18,3,0.049391016364097595,4096
neural_eb,neural_bidir_seed3_eb,zz_known,36,18,3,0.049439094960689545,4096
neural_eb,neural_bidir_seed4_eb,zz_known,36,18,3,0.04926348105072975,4096
dfe,none,zz_known,40,18,3,0.056291788816452026,0
neural_eb,neural_bidir_seed0_eb,zz_known,40,18,3,0.04871068894863129,4096
neural_eb,neural_bidir_seed1_eb,zz_known,40,18,3,0.049100011587142944,4096
neural_eb,neural_bidir_seed2_eb,zz_known,40,18,3,0.04871629178524017,4096
neural_eb,neural_bidir_seed3_eb,zz_known,40,18,3,0.04873435199260712,4096
neural_eb,neural_bidir_seed4_eb,zz_known,40,18,3,0.04863981157541275,4096
dfe,none,zz_known,44,18,3,0.05303753912448883,0
constant_mean_eb,none,zz_known,44,18,3,0.05107360705733299,4096
summary_ridge_eb,none,zz_known,44,18,3,0.04685705900192261,4096
dfe,none,zz_known,48,18,3,0.05248145014047623,0
constant_mean_eb,none,zz_known,52,18,3,0.04807565361261368,4096
neural_eb,neural_bidir_seed0_eb,zz_known,52,18,3,0.043485306203365326,4096
neural_eb,neural_bidir_seed1_eb,zz_known,52,18,3,0.04377385973930359,4096
neural_eb,neural_bidir_seed2_eb,zz_known,52,18,3,0.04347366839647293,4096
neural_eb,neural_bidir_seed3_eb,zz_known,52,18,3,0.0434812493622303,4096
neural_eb,neural_bidir_seed4_eb,zz_known,52,18,3,0.043378107249736786,4096
dfe,none,zz_known,56,18,3,0.047172483056783676,0
summary_ridge_eb,none,zz_known,56,18,3,0.042710818350315094,4096
constant_mean_eb,none,zz_known,64,18,3,0.04360359162092209,4096
dfe,none,zz_known,68,18,3,0.043072327971458435,0
summary_ridge_eb,none,zz_known,72,18,3,0.03945845365524292,4096
neural_eb,neural_bidir_seed0_eb,zz_known,72,18,3,0.0387398861348629,4096
neural_eb,neural_bidir_seed1_eb,zz_known,72,18,3,0.038988254964351654,4096
neural_eb,neural_bidir_seed2_eb,zz_known,72,18,3,0.03875886648893356,4096
neural_eb,neural_bidir_seed3_eb,zz_known,72,18,3,0.03876502439379692,4096
neural_eb,neural_bidir_seed4_eb,zz_known,72,18,3,0.03868183121085167,4096
constant_mean_eb,none,zz_known,80,18,3,0.03951939195394516,4096
dfe,none,zz_known,84,18,3,0.039077818393707275,0
summary_ridge_eb,none,zz_known,96,18,3,0.034991152584552765,4096
neural_eb,neural_bidir_seed0_eb,zz_known,96,18,3,0.034178756177425385,4096
neural_eb,neural_bidir_seed1_eb,zz_known,96,18,3,0.03430658206343651,4096
neural_eb,neural_bidir_seed2_eb,zz_known,96,18,3,0.03418023884296417,4096
neural_eb,neural_bidir_seed3_eb,zz_known,96,18,3,0.0342085175216198,4096
neural_eb,neural_bidir_seed4_eb,zz_known,96,18,3,0.0341508686542511,4096
dfe,none,zz_known,128,18,3,0.031687211245298386,0
constant_mean_eb,none,zz_known,128,18,3,0.0313495472073555,4096
dfe,none,zz_known,192,18,3,0.025757405906915665,0
constant_mean_eb,none,zz_known,192,18,3,0.025660386309027672,4096
summary_ridge_eb,none,zz_known,192,18,3,0.025171857327222824,4096
neural_eb,neural_bidir_seed0_eb,zz_known,192,18,3,0.025097504258155823,4096
neural_eb,neural_bidir_seed1_eb,zz_known,192,18,3,0.02514607459306717,4096
neural_eb,neural_bidir_seed2_eb,zz_known,192,18,3,0.025091618299484253,4096
neural_eb,neural_bidir_seed3_eb,zz_known,192,18,3,0.025087187066674232,4096
neural_eb,neural_bidir_seed4_eb,zz_known,192,18,3,0.02509072609245777,4096
constant_mean_prior,none,none,0,18,4,0.17199869453907013,4096
constant_median_prior,none,none,0,18,4,0.16567540168762207,4096
summary_ridge_prior,none,none,0,18,4,0.09593422710895538,4096
product_affine_prior,none,none,0,18,4,0.10881145298480988,4096
exact_marginal_affine_prior,none,none,0,18,4,0.1052323579788208,4096
neural_prior,neural_bidir_seed0_prior,none,0,18,4,0.08492901921272278,4096
neural_prior,neural_bidir_seed1_prior,none,0,18,4,0.08756458759307861,4096
neural_prior,neural_bidir_seed2_prior,none,0,18,4,0.08493459969758987,4096
neural_prior,neural_bidir_seed3_prior,none,0,18,4,0.08498929440975189,4096
neural_prior,neural_bidir_seed4_prior,none,0,18,4,0.08427472412586212,4096
summary_ridge_eb,none,zz_known,12,18,4,0.07633758336305618,4096
neural_eb,neural_bidir_seed0_eb,zz_known,12,18,4,0.07245033234357834,4096
neural_eb,neural_bidir_seed1_eb,zz_known,12,18,4,0.07361957430839539,4096
neural_eb,neural_bidir_seed2_eb,zz_known,12,18,4,0.07251429557800293,4096
neural_eb,neural_bidir_seed3_eb,zz_known,12,18,4,0.07265762239694595,4096
neural_eb,neural_bidir_seed4_eb,zz_known,12,18,4,0.07215605676174164,4096
summary_ridge_eb,none,zz_known,16,18,4,0.06901051849126816,4096
neural_eb,neural_bidir_seed0_eb,zz_known,16,18,4,0.06696982681751251,4096
neural_eb,neural_bidir_seed1_eb,zz_known,16,18,4,0.06802359223365784,4096
neural_eb,neural_bidir_seed2_eb,zz_known,16,18,4,0.06698308140039444,4096
neural_eb,neural_bidir_seed3_eb,zz_known,16,18,4,0.06702138483524323,4096
neural_eb,neural_bidir_seed4_eb,zz_known,16,18,4,0.06670331954956055,4096
constant_mean_eb,none,zz_known,20,18,4,0.0745902881026268,4096
summary_ridge_eb,none,zz_known,20,18,4,0.06315925717353821,4096
neural_eb,neural_bidir_seed0_eb,zz_known,20,18,4,0.06047553941607475,4096
neural_eb,neural_bidir_seed1_eb,zz_known,20,18,4,0.06135264039039612,4096
neural_eb,neural_bidir_seed2_eb,zz_known,20,18,4,0.06051933020353317,4096
neural_eb,neural_bidir_seed3_eb,zz_known,20,18,4,0.06057512015104294,4096
neural_eb,neural_bidir_seed4_eb,zz_known,20,18,4,0.06029491499066353,4096
dfe,none,zz_known,24,18,4,0.0749245136976242,0
constant_mean_eb,none,zz_known,24,18,4,0.07061004638671875,4096
neural_eb,neural_bidir_seed0_eb,zz_known,24,18,4,0.05849155783653259,4096
neural_eb,neural_bidir_seed1_eb,zz_known,24,18,4,0.059184737503528595,4096
neural_eb,neural_bidir_seed2_eb,zz_known,24,18,4,0.05851978063583374,4096
neural_eb,neural_bidir_seed3_eb,zz_known,24,18,4,0.058559760451316833,4096
neural_eb,neural_bidir_seed4_eb,zz_known,24,18,4,0.05838280916213989,4096
dfe,none,zz_known,28,18,4,0.06862558424472809,0
summary_ridge_eb,none,zz_known,28,18,4,0.056782085448503494,4096
dfe,none,zz_known,32,18,4,0.06268556416034698,0
constant_mean_eb,none,zz_known,32,18,4,0.059578415006399155,4096
summary_ridge_eb,none,zz_known,32,18,4,0.053288597613573074,4096
neural_eb,neural_bidir_seed0_eb,zz_known,32,18,4,0.05165775120258331,4096
neural_eb,neural_bidir_seed1_eb,zz_known,32,18,4,0.05208100751042366,4096
neural_eb,neural_bidir_seed2_eb,zz_known,32,18,4,0.05163173750042915,4096
neural_eb,neural_bidir_seed3_eb,zz_known,32,18,4,0.05173538625240326,4096
neural_eb,neural_bidir_seed4_eb,zz_known,32,18,4,0.05150216445326805,4096
constant_mean_eb,none,zz_known,36,18,4,0.05871681869029999,4096
summary_ridge_eb,none,zz_known,36,18,4,0.0523809939622879,4096
neural_eb,neural_bidir_seed0_eb,zz_known,36,18,4,0.05107637494802475,4096
neural_eb,neural_bidir_seed1_eb,zz_known,36,18,4,0.05158912390470505,4096
neural_eb,neural_bidir_seed2_eb,zz_known,36,18,4,0.051086146384477615,4096
neural_eb,neural_bidir_seed3_eb,zz_known,36,18,4,0.05114379897713661,4096
neural_eb,neural_bidir_seed4_eb,zz_known,36,18,4,0.05095600336790085,4096
dfe,none,zz_known,40,18,4,0.05759621039032936,0
neural_eb,neural_bidir_seed0_eb,zz_known,40,18,4,0.04917609319090843,4096
neural_eb,neural_bidir_seed1_eb,zz_known,40,18,4,0.04962385818362236,4096
neural_eb,neural_bidir_seed2_eb,zz_known,40,18,4,0.04917793720960617,4096
neural_eb,neural_bidir_seed3_eb,zz_known,40,18,4,0.04921606555581093,4096
neural_eb,neural_bidir_seed4_eb,zz_known,40,18,4,0.04905559867620468,4096
dfe,none,zz_known,44,18,4,0.054396647959947586,0
constant_mean_eb,none,zz_known,44,18,4,0.052214428782463074,4096
summary_ridge_eb,none,zz_known,44,18,4,0.04785970598459244,4096
dfe,none,zz_known,48,18,4,0.052490394562482834,0
constant_mean_eb,none,zz_known,52,18,4,0.04846850410103798,4096
neural_eb,neural_bidir_seed0_eb,zz_known,52,18,4,0.043957971036434174,4096
neural_eb,neural_bidir_seed1_eb,zz_known,52,18,4,0.04426354169845581,4096
neural_eb,neural_bidir_seed2_eb,zz_known,52,18,4,0.04393167048692703,4096
neural_eb,neural_bidir_seed3_eb,zz_known,52,18,4,0.043937232345342636,4096
neural_eb,neural_bidir_seed4_eb,zz_known,52,18,4,0.04389750212430954,4096
dfe,none,zz_known,56,18,4,0.04826250299811363,0
summary_ridge_eb,none,zz_known,56,18,4,0.04345683008432388,4096
constant_mean_eb,none,zz_known,64,18,4,0.043909598141908646,4096
dfe,none,zz_known,68,18,4,0.04383889213204384,0
summary_ridge_eb,none,zz_known,72,18,4,0.03886360302567482,4096
neural_eb,neural_bidir_seed0_eb,zz_known,72,18,4,0.038482822477817535,4096
neural_eb,neural_bidir_seed1_eb,zz_known,72,18,4,0.038680944591760635,4096
neural_eb,neural_bidir_seed2_eb,zz_known,72,18,4,0.03846608102321625,4096
neural_eb,neural_bidir_seed3_eb,zz_known,72,18,4,0.03847350925207138,4096
neural_eb,neural_bidir_seed4_eb,zz_known,72,18,4,0.038423214107751846,4096
constant_mean_eb,none,zz_known,80,18,4,0.03970160707831383,4096
dfe,none,zz_known,84,18,4,0.038685474544763565,0
summary_ridge_eb,none,zz_known,96,18,4,0.03420868515968323,4096
neural_eb,neural_bidir_seed0_eb,zz_known,96,18,4,0.03379128500819206,4096
neural_eb,neural_bidir_seed1_eb,zz_known,96,18,4,0.0339231863617897,4096
neural_eb,neural_bidir_seed2_eb,zz_known,96,18,4,0.033785127103328705,4096
neural_eb,neural_bidir_seed3_eb,zz_known,96,18,4,0.03378596529364586,4096
neural_eb,neural_bidir_seed4_eb,zz_known,96,18,4,0.0337696298956871,4096
dfe,none,zz_known,128,18,4,0.032116543501615524,0
constant_mean_eb,none,zz_known,128,18,4,0.03176548331975937,4096
dfe,none,zz_known,192,18,4,0.025957245379686356,0
constant_mean_eb,none,zz_known,192,18,4,0.02577567845582962,4096
summary_ridge_eb,none,zz_known,192,18,4,0.025217005982995033,4096
neural_eb,neural_bidir_seed0_eb,zz_known,192,18,4,0.024968788027763367,4096
neural_eb,neural_bidir_seed1_eb,zz_known,192,18,4,0.025021880865097046,4096
neural_eb,neural_bidir_seed2_eb,zz_known,192,18,4,0.024966737255454063,4096
neural_eb,neural_bidir_seed3_eb,zz_known,192,18,4,0.02497432753443718,4096
neural_eb,neural_bidir_seed4_eb,zz_known,192,18,4,0.024953758344054222,4096
constant_mean_prior,none,none,0,19,0,0.17125746607780457,4096
constant_median_prior,none,none,0,19,0,0.16544568538665771,4096
summary_ridge_prior,none,none,0,19,0,0.09533827751874924,4096
product_affine_prior,none,none,0,19,0,0.1096283420920372,4096
exact_marginal_affine_prior,none,none,0,19,0,0.10641053318977356,4096
neural_prior,neural_bidir_seed0_prior,none,0,19,0,0.08789307624101639,4096
neural_prior,neural_bidir_seed1_prior,none,0,19,0,0.0910559743642807,4096
neural_prior,neural_bidir_seed2_prior,none,0,19,0,0.0879332572221756,4096
neural_prior,neural_bidir_seed3_prior,none,0,19,0,0.08802234381437302,4096
neural_prior,neural_bidir_seed4_prior,none,0,19,0,0.08748900145292282,4096
summary_ridge_eb,none,zz_known,12,19,0,0.07568009197711945,4096
neural_eb,neural_bidir_seed0_eb,zz_known,12,19,0,0.07322142273187637,4096
neural_eb,neural_bidir_seed1_eb,zz_known,12,19,0,0.07449457049369812,4096
neural_eb,neural_bidir_seed2_eb,zz_known,12,19,0,0.07335072755813599,4096
neural_eb,neural_bidir_seed3_eb,zz_known,12,19,0,0.07338285446166992,4096
neural_eb,neural_bidir_seed4_eb,zz_known,12,19,0,0.0730421394109726,4096
summary_ridge_eb,none,zz_known,16,19,0,0.06917932629585266,4096
neural_eb,neural_bidir_seed0_eb,zz_known,16,19,0,0.06784916669130325,4096
neural_eb,neural_bidir_seed1_eb,zz_known,16,19,0,0.068805031478405,4096
neural_eb,neural_bidir_seed2_eb,zz_known,16,19,0,0.06788930296897888,4096
neural_eb,neural_bidir_seed3_eb,zz_known,16,19,0,0.06797758489847183,4096
neural_eb,neural_bidir_seed4_eb,zz_known,16,19,0,0.06775472313165665,4096
constant_mean_eb,none,zz_known,20,19,0,0.07753802090883255,4096
summary_ridge_eb,none,zz_known,20,19,0,0.06465151906013489,4096
neural_eb,neural_bidir_seed0_eb,zz_known,20,19,0,0.06340169161558151,4096
neural_eb,neural_bidir_seed1_eb,zz_known,20,19,0,0.06430880725383759,4096
neural_eb,neural_bidir_seed2_eb,zz_known,20,19,0,0.0634407177567482,4096
neural_eb,neural_bidir_seed3_eb,zz_known,20,19,0,0.06353005766868591,4096
neural_eb,neural_bidir_seed4_eb,zz_known,20,19,0,0.0632612481713295,4096
dfe,none,zz_known,24,19,0,0.07335978001356125,0
constant_mean_eb,none,zz_known,24,19,0,0.06820783764123917,4096
neural_eb,neural_bidir_seed0_eb,zz_known,24,19,0,0.05849331617355347,4096
neural_eb,neural_bidir_seed1_eb,zz_known,24,19,0,0.059150632470846176,4096
neural_eb,neural_bidir_seed2_eb,zz_known,24,19,0,0.05852692574262619,4096
neural_eb,neural_bidir_seed3_eb,zz_known,24,19,0,0.05861020088195801,4096
neural_eb,neural_bidir_seed4_eb,zz_known,24,19,0,0.05838378891348839,4096
dfe,none,zz_known,28,19,0,0.06832006573677063,0
summary_ridge_eb,none,zz_known,28,19,0,0.05591769888997078,4096
dfe,none,zz_known,32,19,0,0.06371057033538818,0
constant_mean_eb,none,zz_known,32,19,0,0.06040679290890694,4096
summary_ridge_eb,none,zz_known,32,19,0,0.05425841361284256,4096
neural_eb,neural_bidir_seed0_eb,zz_known,32,19,0,0.053478773683309555,4096
neural_eb,neural_bidir_seed1_eb,zz_known,32,19,0,0.0539693646132946,4096
neural_eb,neural_bidir_seed2_eb,zz_known,32,19,0,0.05352013558149338,4096
neural_eb,neural_bidir_seed3_eb,zz_known,32,19,0,0.05349723994731903,4096
neural_eb,neural_bidir_seed4_eb,zz_known,32,19,0,0.05343596264719963,4096
constant_mean_eb,none,zz_known,36,19,0,0.05762659013271332,4096
summary_ridge_eb,none,zz_known,36,19,0,0.052089668810367584,4096
neural_eb,neural_bidir_seed0_eb,zz_known,36,19,0,0.05132264643907547,4096
neural_eb,neural_bidir_seed1_eb,zz_known,36,19,0,0.05177360773086548,4096
neural_eb,neural_bidir_seed2_eb,zz_known,36,19,0,0.051335401833057404,4096
neural_eb,neural_bidir_seed3_eb,zz_known,36,19,0,0.051393214613199234,4096
neural_eb,neural_bidir_seed4_eb,zz_known,36,19,0,0.05126083642244339,4096
dfe,none,zz_known,40,19,0,0.057087242603302,0
neural_eb,neural_bidir_seed0_eb,zz_known,40,19,0,0.049332186579704285,4096
neural_eb,neural_bidir_seed1_eb,zz_known,40,19,0,0.04971509426832199,4096
neural_eb,neural_bidir_seed2_eb,zz_known,40,19,0,0.04933254048228264,4096
neural_eb,neural_bidir_seed3_eb,zz_known,40,19,0,0.049430184066295624,4096
neural_eb,neural_bidir_seed4_eb,zz_known,40,19,0,0.049261968582868576,4096
dfe,none,zz_known,44,19,0,0.05349225550889969,0
constant_mean_eb,none,zz_known,44,19,0,0.05195200443267822,4096
summary_ridge_eb,none,zz_known,44,19,0,0.04686109349131584,4096
dfe,none,zz_known,48,19,0,0.05218671262264252,0
constant_mean_eb,none,zz_known,52,19,0,0.04820515215396881,4096
neural_eb,neural_bidir_seed0_eb,zz_known,52,19,0,0.04396793246269226,4096
neural_eb,neural_bidir_seed1_eb,zz_known,52,19,0,0.04430627077817917,4096
neural_eb,neural_bidir_seed2_eb,zz_known,52,19,0,0.043997131288051605,4096
neural_eb,neural_bidir_seed3_eb,zz_known,52,19,0,0.044013962149620056,4096
neural_eb,neural_bidir_seed4_eb,zz_known,52,19,0,0.043966278433799744,4096
dfe,none,zz_known,56,19,0,0.048318587243556976,0
summary_ridge_eb,none,zz_known,56,19,0,0.04369964450597763,4096
constant_mean_eb,none,zz_known,64,19,0,0.043369878083467484,4096
dfe,none,zz_known,68,19,0,0.04452282935380936,0
summary_ridge_eb,none,zz_known,72,19,0,0.038824472576379776,4096
neural_eb,neural_bidir_seed0_eb,zz_known,72,19,0,0.038806140422821045,4096
neural_eb,neural_bidir_seed1_eb,zz_known,72,19,0,0.03904353082180023,4096
neural_eb,neural_bidir_seed2_eb,zz_known,72,19,0,0.038818396627902985,4096
neural_eb,neural_bidir_seed3_eb,zz_known,72,19,0,0.03883342444896698,4096
neural_eb,neural_bidir_seed4_eb,zz_known,72,19,0,0.03879278525710106,4096
constant_mean_eb,none,zz_known,80,19,0,0.038349803537130356,4096
dfe,none,zz_known,84,19,0,0.03906472027301788,0
summary_ridge_eb,none,zz_known,96,19,0,0.03465060144662857,4096
neural_eb,neural_bidir_seed0_eb,zz_known,96,19,0,0.03439134359359741,4096
neural_eb,neural_bidir_seed1_eb,zz_known,96,19,0,0.0345134511590004,4096
neural_eb,neural_bidir_seed2_eb,zz_known,96,19,0,0.03439285606145859,4096
neural_eb,neural_bidir_seed3_eb,zz_known,96,19,0,0.03440968319773674,4096
neural_eb,neural_bidir_seed4_eb,zz_known,96,19,0,0.03438316285610199,4096
dfe,none,zz_known,128,19,0,0.03200548142194748,0
constant_mean_eb,none,zz_known,128,19,0,0.03169742226600647,4096
dfe,none,zz_known,192,19,0,0.02602989971637726,0
constant_mean_eb,none,zz_known,192,19,0,0.025839127600193024,4096
summary_ridge_eb,none,zz_known,192,19,0,0.025166794657707214,4096
neural_eb,neural_bidir_seed0_eb,zz_known,192,19,0,0.02509106695652008,4096
neural_eb,neural_bidir_seed1_eb,zz_known,192,19,0,0.02513628825545311,4096
neural_eb,neural_bidir_seed2_eb,zz_known,192,19,0,0.025091098621487617,4096
neural_eb,neural_bidir_seed3_eb,zz_known,192,19,0,0.025103440508246422,4096
neural_eb,neural_bidir_seed4_eb,zz_known,192,19,0,0.025082437321543694,4096
constant_mean_prior,none,none,0,19,1,0.17100034654140472,4096
constant_median_prior,none,none,0,19,1,0.1654042750597,4096
summary_ridge_prior,none,none,0,19,1,0.09454043954610825,4096
product_affine_prior,none,none,0,19,1,0.10997112095355988,4096
exact_marginal_affine_prior,none,none,0,19,1,0.1067918986082077,4096
neural_prior,neural_bidir_seed0_prior,none,0,19,1,0.08801707625389099,4096
neural_prior,neural_bidir_seed1_prior,none,0,19,1,0.09106992185115814,4096
neural_prior,neural_bidir_seed2_prior,none,0,19,1,0.08798196911811829,4096
neural_prior,neural_bidir_seed3_prior,none,0,19,1,0.08807350695133209,4096
neural_prior,neural_bidir_seed4_prior,none,0,19,1,0.08759547770023346,4096
summary_ridge_eb,none,zz_known,12,19,1,0.07587383687496185,4096
neural_eb,neural_bidir_seed0_eb,zz_known,12,19,1,0.07409735023975372,4096
neural_eb,neural_bidir_seed1_eb,zz_known,12,19,1,0.07533520460128784,4096
neural_eb,neural_bidir_seed2_eb,zz_known,12,19,1,0.07409526407718658,4096
neural_eb,neural_bidir_seed3_eb,zz_known,12,19,1,0.0741846114397049,4096
neural_eb,neural_bidir_seed4_eb,zz_known,12,19,1,0.07393370568752289,4096
summary_ridge_eb,none,zz_known,16,19,1,0.06806622445583344,4096
neural_eb,neural_bidir_seed0_eb,zz_known,16,19,1,0.06608828157186508,4096
neural_eb,neural_bidir_seed1_eb,zz_known,16,19,1,0.06703411042690277,4096
neural_eb,neural_bidir_seed2_eb,zz_known,16,19,1,0.06606213003396988,4096
neural_eb,neural_bidir_seed3_eb,zz_known,16,19,1,0.06609225273132324,4096
neural_eb,neural_bidir_seed4_eb,zz_known,16,19,1,0.0658821389079094,4096
constant_mean_eb,none,zz_known,20,19,1,0.0737786740064621,4096
summary_ridge_eb,none,zz_known,20,19,1,0.0627194494009018,4096
neural_eb,neural_bidir_seed0_eb,zz_known,20,19,1,0.061604760587215424,4096
neural_eb,neural_bidir_seed1_eb,zz_known,20,19,1,0.062391698360443115,4096
neural_eb,neural_bidir_seed2_eb,zz_known,20,19,1,0.06154550984501839,4096
neural_eb,neural_bidir_seed3_eb,zz_known,20,19,1,0.06154051050543785,4096
neural_eb,neural_bidir_seed4_eb,zz_known,20,19,1,0.06143362447619438,4096
dfe,none,zz_known,24,19,1,0.0736769437789917,0
constant_mean_eb,none,zz_known,24,19,1,0.06959361582994461,4096
neural_eb,neural_bidir_seed0_eb,zz_known,24,19,1,0.058147694915533066,4096
neural_eb,neural_bidir_seed1_eb,zz_known,24,19,1,0.05887974053621292,4096
neural_eb,neural_bidir_seed2_eb,zz_known,24,19,1,0.05813194811344147,4096
neural_eb,neural_bidir_seed3_eb,zz_known,24,19,1,0.05819619074463844,4096
neural_eb,neural_bidir_seed4_eb,zz_known,24,19,1,0.05798085033893585,4096
dfe,none,zz_known,28,19,1,0.06792193651199341,0
summary_ridge_eb,none,zz_known,28,19,1,0.05617344006896019,4096
dfe,none,zz_known,32,19,1,0.06287886202335358,0
constant_mean_eb,none,zz_known,32,19,1,0.06020582094788551,4096
summary_ridge_eb,none,zz_known,32,19,1,0.0534038320183754,4096
neural_eb,neural_bidir_seed0_eb,zz_known,32,19,1,0.05305929109454155,4096
neural_eb,neural_bidir_seed1_eb,zz_known,32,19,1,0.05361765995621681,4096
neural_eb,neural_bidir_seed2_eb,zz_known,32,19,1,0.05309635028243065,4096
neural_eb,neural_bidir_seed3_eb,zz_known,32,19,1,0.05313333123922348,4096
neural_eb,neural_bidir_seed4_eb,zz_known,32,19,1,0.05303655564785004,4096
constant_mean_eb,none,zz_known,36,19,1,0.05715575069189072,4096
summary_ridge_eb,none,zz_known,36,19,1,0.05070119723677635,4096
neural_eb,neural_bidir_seed0_eb,zz_known,36,19,1,0.050555817782878876,4096
neural_eb,neural_bidir_seed1_eb,zz_known,36,19,1,0.05100467428565025,4096
neural_eb,neural_bidir_seed2_eb,zz_known,36,19,1,0.0505201630294323,4096
neural_eb,neural_bidir_seed3_eb,zz_known,36,19,1,0.050476543605327606,4096
neural_eb,neural_bidir_seed4_eb,zz_known,36,19,1,0.05047124624252319,4096
dfe,none,zz_known,40,19,1,0.05632556974887848,0
neural_eb,neural_bidir_seed0_eb,zz_known,40,19,1,0.047833703458309174,4096
neural_eb,neural_bidir_seed1_eb,zz_known,40,19,1,0.04820358008146286,4096
neural_eb,neural_bidir_seed2_eb,zz_known,40,19,1,0.04783816635608673,4096
neural_eb,neural_bidir_seed3_eb,zz_known,40,19,1,0.047880180180072784,4096
neural_eb,neural_bidir_seed4_eb,zz_known,40,19,1,0.04773688316345215,4096
dfe,none,zz_known,44,19,1,0.05484474077820778,0
constant_mean_eb,none,zz_known,44,19,1,0.05265443027019501,4096
summary_ridge_eb,none,zz_known,44,19,1,0.04786981642246246,4096
dfe,none,zz_known,48,19,1,0.052792951464653015,0
constant_mean_eb,none,zz_known,52,19,1,0.04779227077960968,4096
neural_eb,neural_bidir_seed0_eb,zz_known,52,19,1,0.04368013143539429,4096
neural_eb,neural_bidir_seed1_eb,zz_known,52,19,1,0.04401741176843643,4096
neural_eb,neural_bidir_seed2_eb,zz_known,52,19,1,0.04368889704346657,4096
neural_eb,neural_bidir_seed3_eb,zz_known,52,19,1,0.04365850239992142,4096
neural_eb,neural_bidir_seed4_eb,zz_known,52,19,1,0.04363211989402771,4096
dfe,none,zz_known,56,19,1,0.04800179600715637,0
summary_ridge_eb,none,zz_known,56,19,1,0.043255213648080826,4096
constant_mean_eb,none,zz_known,64,19,1,0.04387231916189194,4096
dfe,none,zz_known,68,19,1,0.04445581138134003,0
summary_ridge_eb,none,zz_known,72,19,1,0.0381966233253479,4096
neural_eb,neural_bidir_seed0_eb,zz_known,72,19,1,0.03793586045503616,4096
neural_eb,neural_bidir_seed1_eb,zz_known,72,19,1,0.038136422634124756,4096
neural_eb,neural_bidir_seed2_eb,zz_known,72,19,1,0.03793350234627724,4096
neural_eb,neural_bidir_seed3_eb,zz_known,72,19,1,0.03794371336698532,4096
neural_eb,neural_bidir_seed4_eb,zz_known,72,19,1,0.0379202701151371,4096
constant_mean_eb,none,zz_known,80,19,1,0.03900151699781418,4096
dfe,none,zz_known,84,19,1,0.039644960314035416,0
summary_ridge_eb,none,zz_known,96,19,1,0.034039318561553955,4096
neural_eb,neural_bidir_seed0_eb,zz_known,96,19,1,0.034331515431404114,4096
neural_eb,neural_bidir_seed1_eb,zz_known,96,19,1,0.03446108102798462,4096
neural_eb,neural_bidir_seed2_eb,zz_known,96,19,1,0.03430844843387604,4096
neural_eb,neural_bidir_seed3_eb,zz_known,96,19,1,0.034301143139600754,4096
neural_eb,neural_bidir_seed4_eb,zz_known,96,19,1,0.03429560363292694,4096
dfe,none,zz_known,128,19,1,0.031714823096990585,0
constant_mean_eb,none,zz_known,128,19,1,0.031223135069012642,4096
dfe,none,zz_known,192,19,1,0.025999542325735092,0
constant_mean_eb,none,zz_known,192,19,1,0.02580375224351883,4096
summary_ridge_eb,none,zz_known,192,19,1,0.025050600990653038,4096
neural_eb,neural_bidir_seed0_eb,zz_known,192,19,1,0.02504778280854225,4096
neural_eb,neural_bidir_seed1_eb,zz_known,192,19,1,0.025105733424425125,4096
neural_eb,neural_bidir_seed2_eb,zz_known,192,19,1,0.02503858506679535,4096
neural_eb,neural_bidir_seed3_eb,zz_known,192,19,1,0.025038570165634155,4096
neural_eb,neural_bidir_seed4_eb,zz_known,192,19,1,0.02504211664199829,4096
constant_mean_prior,none,none,0,19,2,0.16987448930740356,4096
constant_median_prior,none,none,0,19,2,0.16567540168762207,4096
summary_ridge_prior,none,none,0,19,2,0.0987766832113266,4096
product_affine_prior,none,none,0,19,2,0.11281244456768036,4096
exact_marginal_affine_prior,none,none,0,19,2,0.10983362793922424,4096
neural_prior,neural_bidir_seed0_prior,none,0,19,2,0.09237132966518402,4096
neural_prior,neural_bidir_seed1_prior,none,0,19,2,0.09534139931201935,4096
neural_prior,neural_bidir_seed2_prior,none,0,19,2,0.09244054555892944,4096
neural_prior,neural_bidir_seed3_prior,none,0,19,2,0.0925801545381546,4096
neural_prior,neural_bidir_seed4_prior,none,0,19,2,0.09200973063707352,4096
summary_ridge_eb,none,zz_known,12,19,2,0.07717239856719971,4096
neural_eb,neural_bidir_seed0_eb,zz_known,12,19,2,0.07442289590835571,4096
neural_eb,neural_bidir_seed1_eb,zz_known,12,19,2,0.0754886269569397,4096
neural_eb,neural_bidir_seed2_eb,zz_known,12,19,2,0.07448194921016693,4096
neural_eb,neural_bidir_seed3_eb,zz_known,12,19,2,0.07463368028402328,4096
neural_eb,neural_bidir_seed4_eb,zz_known,12,19,2,0.0742778554558754,4096
summary_ridge_eb,none,zz_known,16,19,2,0.06988617777824402,4096
neural_eb,neural_bidir_seed0_eb,zz_known,16,19,2,0.06798086315393448,4096
neural_eb,neural_bidir_seed1_eb,zz_known,16,19,2,0.06889832019805908,4096
neural_eb,neural_bidir_seed2_eb,zz_known,16,19,2,0.06808041781187057,4096
neural_eb,neural_bidir_seed3_eb,zz_known,16,19,2,0.06813821196556091,4096
neural_eb,neural_bidir_seed4_eb,zz_known,16,19,2,0.06787672638893127,4096
constant_mean_eb,none,zz_known,20,19,2,0.07447317242622375,4096
summary_ridge_eb,none,zz_known,20,19,2,0.0641041174530983,4096
neural_eb,neural_bidir_seed0_eb,zz_known,20,19,2,0.06189689040184021,4096
neural_eb,neural_bidir_seed1_eb,zz_known,20,19,2,0.0625654086470604,4096
neural_eb,neural_bidir_seed2_eb,zz_known,20,19,2,0.061947062611579895,4096
neural_eb,neural_bidir_seed3_eb,zz_known,20,19,2,0.062060944736003876,4096
neural_eb,neural_bidir_seed4_eb,zz_known,20,19,2,0.06178267300128937,4096
dfe,none,zz_known,24,19,2,0.07618352770805359,0
constant_mean_eb,none,zz_known,24,19,2,0.07141898572444916,4096
neural_eb,neural_bidir_seed0_eb,zz_known,24,19,2,0.06069556251168251,4096
neural_eb,neural_bidir_seed1_eb,zz_known,24,19,2,0.06138293817639351,4096
neural_eb,neural_bidir_seed2_eb,zz_known,24,19,2,0.060753703117370605,4096
neural_eb,neural_bidir_seed3_eb,zz_known,24,19,2,0.06074794381856918,4096
neural_eb,neural_bidir_seed4_eb,zz_known,24,19,2,0.06054643541574478,4096
dfe,none,zz_known,28,19,2,0.06780862808227539,0
summary_ridge_eb,none,zz_known,28,19,2,0.057299256324768066,4096
dfe,none,zz_known,32,19,2,0.06358508765697479,0
constant_mean_eb,none,zz_known,32,19,2,0.06111420691013336,4096
summary_ridge_eb,none,zz_known,32,19,2,0.05504380166530609,4096
neural_eb,neural_bidir_seed0_eb,zz_known,32,19,2,0.0537426695227623,4096
neural_eb,neural_bidir_seed1_eb,zz_known,32,19,2,0.0542403906583786,4096
neural_eb,neural_bidir_seed2_eb,zz_known,32,19,2,0.05378023535013199,4096
neural_eb,neural_bidir_seed3_eb,zz_known,32,19,2,0.05386786907911301,4096
neural_eb,neural_bidir_seed4_eb,zz_known,32,19,2,0.053703613579273224,4096
constant_mean_eb,none,zz_known,36,19,2,0.05892118066549301,4096
summary_ridge_eb,none,zz_known,36,19,2,0.05271175876259804,4096
neural_eb,neural_bidir_seed0_eb,zz_known,36,19,2,0.0520668625831604,4096
neural_eb,neural_bidir_seed1_eb,zz_known,36,19,2,0.05258633941411972,4096
neural_eb,neural_bidir_seed2_eb,zz_known,36,19,2,0.05213445425033569,4096
neural_eb,neural_bidir_seed3_eb,zz_known,36,19,2,0.05216890573501587,4096
neural_eb,neural_bidir_seed4_eb,zz_known,36,19,2,0.052042823284864426,4096
dfe,none,zz_known,40,19,2,0.057732388377189636,0
neural_eb,neural_bidir_seed0_eb,zz_known,40,19,2,0.04938412830233574,4096
neural_eb,neural_bidir_seed1_eb,zz_known,40,19,2,0.04978984221816063,4096
neural_eb,neural_bidir_seed2_eb,zz_known,40,19,2,0.04941728338599205,4096
neural_eb,neural_bidir_seed3_eb,zz_known,40,19,2,0.04947911202907562,4096
neural_eb,neural_bidir_seed4_eb,zz_known,40,19,2,0.0493289977312088,4096
dfe,none,zz_known,44,19,2,0.05477409437298775,0
constant_mean_eb,none,zz_known,44,19,2,0.05267468839883804,4096
summary_ridge_eb,none,zz_known,44,19,2,0.04819189012050629,4096
dfe,none,zz_known,48,19,2,0.052037693560123444,0
constant_mean_eb,none,zz_known,52,19,2,0.048603929579257965,4096
neural_eb,neural_bidir_seed0_eb,zz_known,52,19,2,0.0438370518386364,4096
neural_eb,neural_bidir_seed1_eb,zz_known,52,19,2,0.044143132865428925,4096
neural_eb,neural_bidir_seed2_eb,zz_known,52,19,2,0.043858323246240616,4096
neural_eb,neural_bidir_seed3_eb,zz_known,52,19,2,0.043845392763614655,4096
neural_eb,neural_bidir_seed4_eb,zz_known,52,19,2,0.04379163682460785,4096
dfe,none,zz_known,56,19,2,0.04793044924736023,0
summary_ridge_eb,none,zz_known,56,19,2,0.04300076887011528,4096
constant_mean_eb,none,zz_known,64,19,2,0.043650418519973755,4096
dfe,none,zz_known,68,19,2,0.043150171637535095,0
summary_ridge_eb,none,zz_known,72,19,2,0.039128586649894714,4096
neural_eb,neural_bidir_seed0_eb,zz_known,72,19,2,0.03873463720083237,4096
neural_eb,neural_bidir_seed1_eb,zz_known,72,19,2,0.03895317763090134,4096
neural_eb,neural_bidir_seed2_eb,zz_known,72,19,2,0.038760434836149216,4096
neural_eb,neural_bidir_seed3_eb,zz_known,72,19,2,0.038768474012613297,4096
neural_eb,neural_bidir_seed4_eb,zz_known,72,19,2,0.038724251091480255,4096
constant_mean_eb,none,zz_known,80,19,2,0.039641909301280975,4096
dfe,none,zz_known,84,19,2,0.03915651887655258,0
summary_ridge_eb,none,zz_known,96,19,2,0.03456052020192146,4096
neural_eb,neural_bidir_seed0_eb,zz_known,96,19,2,0.03411111608147621,4096
neural_eb,neural_bidir_seed1_eb,zz_known,96,19,2,0.034237124025821686,4096
neural_eb,neural_bidir_seed2_eb,zz_known,96,19,2,0.03412461280822754,4096
neural_eb,neural_bidir_seed3_eb,zz_known,96,19,2,0.0341307669878006,4096
neural_eb,neural_bidir_seed4_eb,zz_known,96,19,2,0.0340992696583271,4096
dfe,none,zz_known,128,19,2,0.0317503847181797,0
constant_mean_eb,none,zz_known,128,19,2,0.03136969357728958,4096
dfe,none,zz_known,192,19,2,0.026156876236200333,0
constant_mean_eb,none,zz_known,192,19,2,0.02592996507883072,4096
summary_ridge_eb,none,zz_known,192,19,2,0.025504151359200478,4096
neural_eb,neural_bidir_seed0_eb,zz_known,192,19,2,0.02527892403304577,4096
neural_eb,neural_bidir_seed1_eb,zz_known,192,19,2,0.025312617421150208,4096
neural_eb,neural_bidir_seed2_eb,zz_known,192,19,2,0.025277888402342796,4096
neural_eb,neural_bidir_seed3_eb,zz_known,192,19,2,0.02529154159128666,4096
neural_eb,neural_bidir_seed4_eb,zz_known,192,19,2,0.025268753990530968,4096
constant_mean_prior,none,none,0,19,3,0.1704501062631607,4096
constant_median_prior,none,none,0,19,3,0.16584572196006775,4096
summary_ridge_prior,none,none,0,19,3,0.09829548001289368,4096
product_affine_prior,none,none,0,19,3,0.1137026846408844,4096
exact_marginal_affine_prior,none,none,0,19,3,0.11073210090398788,4096
neural_prior,neural_bidir_seed0_prior,none,0,19,3,0.09310402721166611,4096
neural_prior,neural_bidir_seed1_prior,none,0,19,3,0.09601952880620956,4096
neural_prior,neural_bidir_seed2_prior,none,0,19,3,0.09324194490909576,4096
neural_prior,neural_bidir_seed3_prior,none,0,19,3,0.09324175119400024,4096
neural_prior,neural_bidir_seed4_prior,none,0,19,3,0.09274086356163025,4096
summary_ridge_eb,none,zz_known,12,19,3,0.07431367039680481,4096
neural_eb,neural_bidir_seed0_eb,zz_known,12,19,3,0.07250718772411346,4096
neural_eb,neural_bidir_seed1_eb,zz_known,12,19,3,0.07356372475624084,4096
neural_eb,neural_bidir_seed2_eb,zz_known,12,19,3,0.0726226419210434,4096
neural_eb,neural_bidir_seed3_eb,zz_known,12,19,3,0.0726461112499237,4096
neural_eb,neural_bidir_seed4_eb,zz_known,12,19,3,0.07241185754537582,4096
summary_ridge_eb,none,zz_known,16,19,3,0.06951521337032318,4096
neural_eb,neural_bidir_seed0_eb,zz_known,16,19,3,0.06802481412887573,4096
neural_eb,neural_bidir_seed1_eb,zz_known,16,19,3,0.06899258494377136,4096
neural_eb,neural_bidir_seed2_eb,zz_known,16,19,3,0.06811361014842987,4096
neural_eb,neural_bidir_seed3_eb,zz_known,16,19,3,0.06814512610435486,4096
neural_eb,neural_bidir_seed4_eb,zz_known,16,19,3,0.06786886602640152,4096
constant_mean_eb,none,zz_known,20,19,3,0.07421290874481201,4096
summary_ridge_eb,none,zz_known,20,19,3,0.06343451887369156,4096
neural_eb,neural_bidir_seed0_eb,zz_known,20,19,3,0.06183499097824097,4096
neural_eb,neural_bidir_seed1_eb,zz_known,20,19,3,0.06254462897777557,4096
neural_eb,neural_bidir_seed2_eb,zz_known,20,19,3,0.06192187964916229,4096
neural_eb,neural_bidir_seed3_eb,zz_known,20,19,3,0.0620076023042202,4096
neural_eb,neural_bidir_seed4_eb,zz_known,20,19,3,0.061700254678726196,4096
dfe,none,zz_known,24,19,3,0.07355821877717972,0
constant_mean_eb,none,zz_known,24,19,3,0.06921941041946411,4096
neural_eb,neural_bidir_seed0_eb,zz_known,24,19,3,0.058435678482055664,4096
neural_eb,neural_bidir_seed1_eb,zz_known,24,19,3,0.05901314690709114,4096
neural_eb,neural_bidir_seed2_eb,zz_known,24,19,3,0.05848927050828934,4096
neural_eb,neural_bidir_seed3_eb,zz_known,24,19,3,0.05854155123233795,4096
neural_eb,neural_bidir_seed4_eb,zz_known,24,19,3,0.058357011526823044,4096
dfe,none,zz_known,28,19,3,0.06766851246356964,0
summary_ridge_eb,none,zz_known,28,19,3,0.055690474808216095,4096
dfe,none,zz_known,32,19,3,0.06485214084386826,0
constant_mean_eb,none,zz_known,32,19,3,0.060856811702251434,4096
summary_ridge_eb,none,zz_known,32,19,3,0.054074376821517944,4096
neural_eb,neural_bidir_seed0_eb,zz_known,32,19,3,0.053443849086761475,4096
neural_eb,neural_bidir_seed1_eb,zz_known,32,19,3,0.05396446958184242,4096
neural_eb,neural_bidir_seed2_eb,zz_known,32,19,3,0.053522855043411255,4096
neural_eb,neural_bidir_seed3_eb,zz_known,32,19,3,0.0535612478852272,4096
neural_eb,neural_bidir_seed4_eb,zz_known,32,19,3,0.05340620502829552,4096
constant_mean_eb,none,zz_known,36,19,3,0.05811415612697601,4096
summary_ridge_eb,none,zz_known,36,19,3,0.052031807601451874,4096
neural_eb,neural_bidir_seed0_eb,zz_known,36,19,3,0.05100993067026138,4096
neural_eb,neural_bidir_seed1_eb,zz_known,36,19,3,0.05147559940814972,4096
neural_eb,neural_bidir_seed2_eb,zz_known,36,19,3,0.05106499046087265,4096
neural_eb,neural_bidir_seed3_eb,zz_known,36,19,3,0.05109221488237381,4096
neural_eb,neural_bidir_seed4_eb,zz_known,36,19,3,0.05097709596157074,4096
dfe,none,zz_known,40,19,3,0.05692832171916962,0
neural_eb,neural_bidir_seed0_eb,zz_known,40,19,3,0.04882387816905975,4096
neural_eb,neural_bidir_seed1_eb,zz_known,40,19,3,0.0492020882666111,4096
neural_eb,neural_bidir_seed2_eb,zz_known,40,19,3,0.04880768060684204,4096
neural_eb,neural_bidir_seed3_eb,zz_known,40,19,3,0.048833541572093964,4096
neural_eb,neural_bidir_seed4_eb,zz_known,40,19,3,0.048752740025520325,4096
dfe,none,zz_known,44,19,3,0.05492369830608368,0
constant_mean_eb,none,zz_known,44,19,3,0.05328124016523361,4096
summary_ridge_eb,none,zz_known,44,19,3,0.04850810766220093,4096
dfe,none,zz_known,48,19,3,0.05180554836988449,0
constant_mean_eb,none,zz_known,52,19,3,0.048302531242370605,4096
neural_eb,neural_bidir_seed0_eb,zz_known,52,19,3,0.0442381352186203,4096
neural_eb,neural_bidir_seed1_eb,zz_known,52,19,3,0.0445183590054512,4096
neural_eb,neural_bidir_seed2_eb,zz_known,52,19,3,0.04426421970129013,4096
neural_eb,neural_bidir_seed3_eb,zz_known,52,19,3,0.044277459383010864,4096
neural_eb,neural_bidir_seed4_eb,zz_known,52,19,3,0.04420596361160278,4096
dfe,none,zz_known,56,19,3,0.04923179745674133,0
summary_ridge_eb,none,zz_known,56,19,3,0.0438547246158123,4096
constant_mean_eb,none,zz_known,64,19,3,0.04365519806742668,4096
dfe,none,zz_known,68,19,3,0.04358028993010521,0
summary_ridge_eb,none,zz_known,72,19,3,0.03998909145593643,4096
neural_eb,neural_bidir_seed0_eb,zz_known,72,19,3,0.039535172283649445,4096
neural_eb,neural_bidir_seed1_eb,zz_known,72,19,3,0.03974275290966034,4096
neural_eb,neural_bidir_seed2_eb,zz_known,72,19,3,0.039549894630908966,4096
neural_eb,neural_bidir_seed3_eb,zz_known,72,19,3,0.03956293314695358,4096
neural_eb,neural_bidir_seed4_eb,zz_known,72,19,3,0.03950703516602516,4096
constant_mean_eb,none,zz_known,80,19,3,0.03975304216146469,4096
dfe,none,zz_known,84,19,3,0.0384325310587883,0
summary_ridge_eb,none,zz_known,96,19,3,0.034735098481178284,4096
neural_eb,neural_bidir_seed0_eb,zz_known,96,19,3,0.03477374464273453,4096
neural_eb,neural_bidir_seed1_eb,zz_known,96,19,3,0.03490428999066353,4096
neural_eb,neural_bidir_seed2_eb,zz_known,96,19,3,0.03477367386221886,4096
neural_eb,neural_bidir_seed3_eb,zz_known,96,19,3,0.03476719185709953,4096
neural_eb,neural_bidir_seed4_eb,zz_known,96,19,3,0.034742653369903564,4096
dfe,none,zz_known,128,19,3,0.03131440281867981,0
constant_mean_eb,none,zz_known,128,19,3,0.030950877815485,4096
dfe,none,zz_known,192,19,3,0.02563553676009178,0
constant_mean_eb,none,zz_known,192,19,3,0.02551545947790146,4096
summary_ridge_eb,none,zz_known,192,19,3,0.024861980229616165,4096
neural_eb,neural_bidir_seed0_eb,zz_known,192,19,3,0.024827852845191956,4096
neural_eb,neural_bidir_seed1_eb,zz_known,192,19,3,0.024875517934560776,4096
neural_eb,neural_bidir_seed2_eb,zz_known,192,19,3,0.024825619533658028,4096
neural_eb,neural_bidir_seed3_eb,zz_known,192,19,3,0.02483249455690384,4096
neural_eb,neural_bidir_seed4_eb,zz_known,192,19,3,0.02482645772397518,4096
constant_mean_prior,none,none,0,19,4,0.17327897250652313,4096
constant_median_prior,none,none,0,19,4,0.16719838976860046,4096
summary_ridge_prior,none,none,0,19,4,0.09662499278783798,4096
product_affine_prior,none,none,0,19,4,0.11020421981811523,4096
exact_marginal_affine_prior,none,none,0,19,4,0.10686825960874557,4096
neural_prior,neural_bidir_seed0_prior,none,0,19,4,0.08618806302547455,4096
neural_prior,neural_bidir_seed1_prior,none,0,19,4,0.08913041651248932,4096
neural_prior,neural_bidir_seed2_prior,none,0,19,4,0.0863267183303833,4096
neural_prior,neural_bidir_seed3_prior,none,0,19,4,0.08648465573787689,4096
neural_prior,neural_bidir_seed4_prior,none,0,19,4,0.08584590256214142,4096
summary_ridge_eb,none,zz_known,12,19,4,0.07621228694915771,4096
neural_eb,neural_bidir_seed0_eb,zz_known,12,19,4,0.07296186685562134,4096
neural_eb,neural_bidir_seed1_eb,zz_known,12,19,4,0.07412181049585342,4096
neural_eb,neural_bidir_seed2_eb,zz_known,12,19,4,0.07309115678071976,4096
neural_eb,neural_bidir_seed3_eb,zz_known,12,19,4,0.07326015084981918,4096
neural_eb,neural_bidir_seed4_eb,zz_known,12,19,4,0.07292413711547852,4096
summary_ridge_eb,none,zz_known,16,19,4,0.07030396163463593,4096
neural_eb,neural_bidir_seed0_eb,zz_known,16,19,4,0.06725169718265533,4096
neural_eb,neural_bidir_seed1_eb,zz_known,16,19,4,0.0681464746594429,4096
neural_eb,neural_bidir_seed2_eb,zz_known,16,19,4,0.06738222390413284,4096
neural_eb,neural_bidir_seed3_eb,zz_known,16,19,4,0.06763192266225815,4096
neural_eb,neural_bidir_seed4_eb,zz_known,16,19,4,0.06716378033161163,4096
constant_mean_eb,none,zz_known,20,19,4,0.07461448013782501,4096
summary_ridge_eb,none,zz_known,20,19,4,0.06341245770454407,4096
neural_eb,neural_bidir_seed0_eb,zz_known,20,19,4,0.06078721955418587,4096
neural_eb,neural_bidir_seed1_eb,zz_known,20,19,4,0.06162126362323761,4096
neural_eb,neural_bidir_seed2_eb,zz_known,20,19,4,0.06090308725833893,4096
neural_eb,neural_bidir_seed3_eb,zz_known,20,19,4,0.06105177104473114,4096
neural_eb,neural_bidir_seed4_eb,zz_known,20,19,4,0.06080363690853119,4096
dfe,none,zz_known,24,19,4,0.07430258393287659,0
constant_mean_eb,none,zz_known,24,19,4,0.06988447904586792,4096
neural_eb,neural_bidir_seed0_eb,zz_known,24,19,4,0.05876699090003967,4096
neural_eb,neural_bidir_seed1_eb,zz_known,24,19,4,0.05943286418914795,4096
neural_eb,neural_bidir_seed2_eb,zz_known,24,19,4,0.058850422501564026,4096
neural_eb,neural_bidir_seed3_eb,zz_known,24,19,4,0.05899758264422417,4096
neural_eb,neural_bidir_seed4_eb,zz_known,24,19,4,0.05881199240684509,4096
dfe,none,zz_known,28,19,4,0.0696113109588623,0
summary_ridge_eb,none,zz_known,28,19,4,0.05860266089439392,4096
dfe,none,zz_known,32,19,4,0.06527421623468399,0
constant_mean_eb,none,zz_known,32,19,4,0.06218815967440605,4096
summary_ridge_eb,none,zz_known,32,19,4,0.0548383854329586,4096
neural_eb,neural_bidir_seed0_eb,zz_known,32,19,4,0.05385267734527588,4096
neural_eb,neural_bidir_seed1_eb,zz_known,32,19,4,0.05443359166383743,4096
neural_eb,neural_bidir_seed2_eb,zz_known,32,19,4,0.053957149386405945,4096
neural_eb,neural_bidir_seed3_eb,zz_known,32,19,4,0.05404162034392357,4096
neural_eb,neural_bidir_seed4_eb,zz_known,32,19,4,0.05391509085893631,4096
constant_mean_eb,none,zz_known,36,19,4,0.056142620742321014,4096
summary_ridge_eb,none,zz_known,36,19,4,0.05062812939286232,4096
neural_eb,neural_bidir_seed0_eb,zz_known,36,19,4,0.04924949258565903,4096
neural_eb,neural_bidir_seed1_eb,zz_known,36,19,4,0.04967331886291504,4096
neural_eb,neural_bidir_seed2_eb,zz_known,36,19,4,0.049317486584186554,4096
neural_eb,neural_bidir_seed3_eb,zz_known,36,19,4,0.04945321008563042,4096
neural_eb,neural_bidir_seed4_eb,zz_known,36,19,4,0.04920893907546997,4096
dfe,none,zz_known,40,19,4,0.05686347931623459,0
neural_eb,neural_bidir_seed0_eb,zz_known,40,19,4,0.04912300407886505,4096
neural_eb,neural_bidir_seed1_eb,zz_known,40,19,4,0.04948430880904198,4096
neural_eb,neural_bidir_seed2_eb,zz_known,40,19,4,0.049177639186382294,4096
neural_eb,neural_bidir_seed3_eb,zz_known,40,19,4,0.04931485652923584,4096
neural_eb,neural_bidir_seed4_eb,zz_known,40,19,4,0.0491206981241703,4096
dfe,none,zz_known,44,19,4,0.05467488616704941,0
constant_mean_eb,none,zz_known,44,19,4,0.05279487371444702,4096
summary_ridge_eb,none,zz_known,44,19,4,0.04820868372917175,4096
dfe,none,zz_known,48,19,4,0.05133165419101715,0
constant_mean_eb,none,zz_known,52,19,4,0.04772958531975746,4096
neural_eb,neural_bidir_seed0_eb,zz_known,52,19,4,0.04363951086997986,4096
neural_eb,neural_bidir_seed1_eb,zz_known,52,19,4,0.04388921707868576,4096
neural_eb,neural_bidir_seed2_eb,zz_known,52,19,4,0.04365438595414162,4096
neural_eb,neural_bidir_seed3_eb,zz_known,52,19,4,0.04369190335273743,4096
neural_eb,neural_bidir_seed4_eb,zz_known,52,19,4,0.04359917715191841,4096
dfe,none,zz_known,56,19,4,0.048494476824998856,0
summary_ridge_eb,none,zz_known,56,19,4,0.04385310411453247,4096
constant_mean_eb,none,zz_known,64,19,4,0.043548475950956345,4096
dfe,none,zz_known,68,19,4,0.04356970638036728,0
summary_ridge_eb,none,zz_known,72,19,4,0.03928395360708237,4096
neural_eb,neural_bidir_seed0_eb,zz_known,72,19,4,0.03878282010555267,4096
neural_eb,neural_bidir_seed1_eb,zz_known,72,19,4,0.03898163139820099,4096
neural_eb,neural_bidir_seed2_eb,zz_known,72,19,4,0.03880252689123154,4096
neural_eb,neural_bidir_seed3_eb,zz_known,72,19,4,0.03884774446487427,4096
neural_eb,neural_bidir_seed4_eb,zz_known,72,19,4,0.03878217190504074,4096
constant_mean_eb,none,zz_known,80,19,4,0.040108539164066315,4096
dfe,none,zz_known,84,19,4,0.03944956138730049,0
summary_ridge_eb,none,zz_known,96,19,4,0.03477291017770767,4096
neural_eb,neural_bidir_seed0_eb,zz_known,96,19,4,0.034550294280052185,4096
neural_eb,neural_bidir_seed1_eb,zz_known,96,19,4,0.03467345982789993,4096
neural_eb,neural_bidir_seed2_eb,zz_known,96,19,4,0.03456365689635277,4096
neural_eb,neural_bidir_seed3_eb,zz_known,96,19,4,0.034593500196933746,4096
neural_eb,neural_bidir_seed4_eb,zz_known,96,19,4,0.03451740741729736,4096
dfe,none,zz_known,128,19,4,0.031128788366913795,0
constant_mean_eb,none,zz_known,128,19,4,0.030785415321588516,4096
dfe,none,zz_known,192,19,4,0.02589407004415989,0
constant_mean_eb,none,zz_known,192,19,4,0.02565370872616768,4096
summary_ridge_eb,none,zz_known,192,19,4,0.025034572929143906,4096
neural_eb,neural_bidir_seed0_eb,zz_known,192,19,4,0.024904748424887657,4096
neural_eb,neural_bidir_seed1_eb,zz_known,192,19,4,0.0249645859003067,4096
neural_eb,neural_bidir_seed2_eb,zz_known,192,19,4,0.024899184703826904,4096
neural_eb,neural_bidir_seed3_eb,zz_known,192,19,4,0.02490898221731186,4096
neural_eb,neural_bidir_seed4_eb,zz_known,192,19,4,0.024888306856155396,4096
