family,base,length,grid_n,empirical_span,worst_case_lower_bound,uniform_discrete_bayes_mae,span_increase_from_previous
zz,0,24,15,0.3221604114141048,0.1610802057070524,0.08262664373423086,0.0
zz,1,8,15,0.1206967565013276,0.0603483782506638,0.032096601080230755,0.0
zz,2,24,15,0.3542435950905247,0.17712179754526236,0.09188419343776397,0.0
zz,3,16,15,0.2998665729848359,0.14993328649241794,0.07894978856017663,0.0
zz,4,16,15,0.3511638203581291,0.17558191017906455,0.09215379920960258,0.0
zz,5,16,15,0.37257178670454094,0.18628589335227047,0.09734601823036888,0.0
zz,6,24,15,0.056234903894803456,0.028117451947401728,0.015052442433768893,0.0
zz,7,16,15,0.32268640106235474,0.16134320053117737,0.08482585373037278,0.0
zz,8,24,15,0.15609904392454377,0.07804952196227188,0.04081889641266264,0.0
zz,9,8,15,0.06388277205660897,0.031941386028304486,0.01699103065400923,0.0
zz,10,8,15,0.08813283529407212,0.04406641764703606,0.02343667588845457,0.0
zz,11,8,15,0.13002469679068152,0.06501234839534076,0.03451778582436338,0.0
zz,12,8,15,0.09228493618091849,0.04614246809045924,0.024545540352218623,0.0
zz,13,16,15,0.34841980151510016,0.17420990075755008,0.09121456525954977,0.0
zz,14,24,15,0.3143959854803915,0.15719799274019575,0.0808119115554978,0.0
zz,15,16,15,0.35358976306494494,0.17679488153247247,0.09258738113669066,0.0
zz,16,24,15,0.2926930228367042,0.1463465114183521,0.07524921558735669,0.0
zz,17,8,15,0.10145004256443069,0.05072502128221534,0.02696201950171914,0.0
zz,18,24,15,0.17102577756458526,0.08551288878229263,0.0448717785291503,0.0
zz,19,24,15,0.12151628988232571,0.060758144941162856,0.03213147676974433,0.0
zz,20,16,15,0.3546236789235857,0.17731183946179285,0.0927397729329878,0.0
zz,21,8,15,0.10522156803441207,0.052610784017206036,0.02792975066142578,0.0
zz,22,16,15,0.3109755028387757,0.15548775141938784,0.08142079466239548,0.0
zz,23,16,15,0.34655601046102147,0.17327800523051073,0.09085715163154333,0.0
zz,24,16,15,0.31209546432920005,0.15604773216460002,0.08152011698469175,0.0
zz,25,8,15,0.11223331447408258,0.05611665723704129,0.029826393006360245,0.0
zz,26,24,15,0.34106726632322526,0.17053363316161263,0.0866329519763598,0.0
zz,27,16,15,0.28529717400116295,0.14264858700058147,0.07491041991772797,0.0
zz,28,24,15,0.282795070869343,0.1413975354346715,0.0737948391541248,0.0
zz,29,24,15,0.0562219515058654,0.0281109757529327,0.013544639487617968,0.0
zz,30,24,15,0.2444627567306794,0.1222313783653397,0.06235272384904895,0.0
zz,31,24,15,0.2202067734659956,0.1101033867329978,0.05636294408488223,0.0
zz,32,8,15,0.09704793406941215,0.04852396703470607,0.025802116621853683,0.0
zz,33,16,15,0.3613924518978144,0.1806962259489072,0.09468721393842054,0.0
zz,34,8,15,0.08309748083994928,0.04154874041997464,0.022073362092827932,0.0
zz,35,8,15,0.09520021897661246,0.04760010948830623,0.02530722321996962,0.0
zz,36,24,15,0.3264431840342678,0.1632215920171339,0.0844270216146613,0.0
zz,37,16,15,0.30688857825549265,0.15344428912774633,0.08054457050259357,0.0
zz,38,24,15,0.262298722645501,0.1311493613227505,0.06763079101344165,0.0
zz,39,8,15,0.09748204269322047,0.048741021346610236,0.025921581648557106,0.0
zz,40,24,15,0.361015539181477,0.1805077695907385,0.0929374906685451,0.0
zz,41,8,15,0.06822666854923032,0.03411333427461516,0.018137646068416103,0.0
zz,42,24,15,0.30230027089117506,0.15115013544558753,0.07817316599204355,0.0
zz,43,24,15,0.1352690777814769,0.06763453889073845,0.03429062418058697,0.0
zz,44,16,15,0.36393474003516113,0.18196737001758057,0.0953022865481517,0.0
zz,45,16,15,0.3444738047474192,0.1722369023737096,0.09040531436905393,0.0
zz,46,16,15,0.3644054561883364,0.1822027280941682,0.09541434529982272,0.0
zz,47,24,15,0.3605934270069091,0.18029671350345455,0.0927467593091174,0.0
zz,48,16,15,0.35598209987159657,0.17799104993579828,0.09334796275766728,0.0
zz,49,24,15,0.06786031319466812,0.03393015659733406,0.017606446046868403,0.0
zz,50,8,15,0.11301270154074305,0.05650635077037153,0.030006161107165846,0.0
zz,51,8,15,0.09003805589662828,0.04501902794831414,0.023908426884257487,0.0
zz,52,24,15,0.2447890180310539,0.12239450901552695,0.0632342971547445,0.0
zz,53,24,15,0.34042067179790886,0.17021033589895443,0.08772071292088937,0.0
zz,54,8,15,0.10781859760613666,0.05390929880306833,0.02867255182968424,0.0
zz,55,24,15,0.05929149747474527,0.029645748737372635,0.01249112238016816,0.0
zz,56,24,15,0.08354926034421173,0.041774630172105864,0.021347521422822344,0.0
zz,57,16,15,0.3721520564684839,0.18607602823424196,0.0971438715928412,0.0
zz,58,8,15,0.09316792242169913,0.04658396121084957,0.024781041792974585,0.0
zz,59,8,15,0.051694929023293756,0.025847464511646878,0.013720399474280527,0.0
zz,60,24,15,0.2722017329920001,0.13610086649600006,0.07046440377618422,0.0
zz,61,16,15,0.32291378112204727,0.16145689056102364,0.0849472949252135,0.0
zz,62,24,15,0.20437257662964964,0.10218628831482482,0.05277361910979561,0.0
zz,63,24,15,0.36645503488183073,0.18322751744091537,0.0942196009671707,0.0
zz,64,8,15,0.08204133188998919,0.041020665944994594,0.02181183132909976,0.0
zz,65,24,15,0.3396239065793352,0.1698119532896676,0.08692502252813122,0.0
zz,66,16,15,0.3465688473775955,0.17328442368879776,0.09104496459283243,0.0
zz,67,24,15,0.2239059477861458,0.1119529738930729,0.05751487531488792,0.0
zz,68,16,15,0.37503929306916467,0.18751964653458233,0.0979748029163425,0.0
zz,69,8,15,0.11788780671332122,0.05894390335666061,0.031311346847318386,0.0
zz,70,16,15,0.3557842658783823,0.17789213293919115,0.09306899361777363,0.0
zz,71,16,15,0.3273873203860148,0.1636936601930074,0.08621695351665724,0.0
zz,72,8,15,0.052270879000684944,0.026135439500342472,0.013904721125474117,0.0
zz,73,16,15,0.33873773365686144,0.16936886682843072,0.08867988387981346,0.0
zz,74,16,15,0.35292118066613704,0.17646059033306852,0.09271223062359904,0.0
zz,75,8,15,0.10030436710100754,0.05015218355050377,0.02665089036003166,0.0
zz,76,24,15,0.289997062067456,0.144998531033728,0.07443686436836446,0.0
zz,77,8,15,0.1466136332063822,0.0733068166031911,0.03893030180627268,0.0
zz,78,8,15,0.09636415940011012,0.04818207970005506,0.02563415892848985,0.0
zz,79,8,15,0.10009403649787296,0.05004701824893648,0.026603267145767374,0.0
zz,80,24,15,0.08737769177334676,0.04368884588667338,0.021268577572465523,0.0
zz,81,8,15,0.13786653286333184,0.06893326643166592,0.03663158151872737,0.0
zz,82,16,15,0.3647188805250948,0.1823594402625474,0.0955065011345216,0.0
zz,83,24,15,0.244623707184595,0.1223118535922975,0.06258091715845626,0.0
zz,84,24,15,0.08234798211863831,0.041173991059319154,0.021606559508569798,0.0
zz,85,16,15,0.3559090560945902,0.1779545280472951,0.09324955718750852,0.0
zz,86,24,15,0.28390288444445083,0.14195144222222542,0.07412278107733426,0.0
zz,87,24,15,0.2526219365038975,0.12631096825194876,0.06566470708948052,0.0
zz,88,16,15,0.35874453217684,0.17937226608842,0.09401686182990257,0.0
zz,89,16,15,0.33957527251666497,0.16978763625833249,0.08928648877962654,0.0
zz,90,24,15,0.13122118411917272,0.06561059205958636,0.03430544045728183,0.0
zz,91,8,15,0.08608906771507807,0.043044533857539036,0.022886852102799674,0.0
zz,92,8,15,0.06643274162144419,0.033216370810722096,0.01765519155454498,0.0
zz,93,8,15,0.09590899114484919,0.047954495572424594,0.025517172969952404,0.0
zz,94,8,15,0.09702764733181535,0.048513823665907674,0.025781529553125907,0.0
zz,95,8,15,0.09033961358915144,0.04516980679457572,0.024015459833039366,0.0
zz,96,8,15,0.08950294861749086,0.04475147430874543,0.023791990518492404,0.0
zz,97,16,15,0.36086674633494975,0.18043337316747488,0.09458612027293373,0.0
zz,98,16,15,0.35948297549868313,0.17974148774934157,0.09396643368550817,0.0
zz,99,16,15,0.3489389649827955,0.17446948249139774,0.0914414675803871,0.0
zz,100,16,15,0.35243855472255553,0.17621927736127777,0.09255355778076085,0.0
zz,101,16,15,0.370210329462797,0.1851051647313985,0.09688677413360018,0.0
zz,102,16,15,0.3466284274496194,0.1733142137248097,0.09112600357279052,0.0
zz,103,24,15,0.39454640326150703,0.19727320163075351,0.10130889293249029,0.0
zz,104,24,15,0.07868263094323419,0.039341315471617094,0.020600188962726602,0.0
zz,105,24,15,0.27415214165259816,0.13707607082629908,0.07003817078970372,0.0
zz,106,8,15,0.1023415506985712,0.0511707753492856,0.027202027779041422,0.0
zz,107,16,15,0.35241770039194764,0.17620885019597382,0.09235133984095115,0.0
zz,108,8,15,0.1313959187440622,0.0656979593720311,0.03492175508550599,0.0
zz,109,24,15,0.4298388040158221,0.21491940200791104,0.11034121324198298,0.0
zz,110,8,15,0.08197914578530718,0.04098957289265359,0.021784415391290463,0.0
zz,111,16,15,0.3675399835786013,0.18376999178930065,0.09624963882140307,0.0
zz,112,8,15,0.13744034588374854,0.06872017294187427,0.03649824023687303,0.0
zz,113,24,15,0.2389796091558142,0.1194898045779071,0.0598005963707272,0.0
zz,114,24,15,0.39747333090736886,0.19873666545368443,0.1021651479351757,0.0
zz,115,16,15,0.3615798189085132,0.1807899094542566,0.09449478274967563,0.0
zz,116,24,15,0.35187245471913103,0.17593622735956552,0.09051400854515404,0.0
zz,117,8,15,0.14333417273146148,0.07166708636573074,0.038101135600705806,0.0
zz,118,24,15,0.27896442439521163,0.13948221219760581,0.07212393325121216,0.0
zz,119,8,15,0.10919624023823626,0.05459812011911813,0.029004280203840042,0.0
zz,120,16,15,0.2902483111383233,0.14512415556916164,0.07632163803197646,0.0
zz,121,24,15,0.42212514785269983,0.21106257392634992,0.10911329552443752,0.0
zz,122,16,15,0.28803683425558363,0.14401841712779181,0.07584514534245108,0.0
zz,123,8,15,0.10579409160802411,0.052897045804012055,0.028109660091319447,0.0
zz,124,8,15,0.16278913465594802,0.08139456732797401,0.04330182461390054,0.0
zz,125,24,15,0.3739201730639786,0.1869600865319893,0.0960554406097782,0.0
zz,126,16,15,0.34737591129072876,0.17368795564536438,0.09109500026545221,0.0
zz,127,24,15,0.14062679565489017,0.07031339782744508,0.037071661943616295,0.0
zz,128,24,15,0.2354450811339403,0.11772254056697015,0.0602160682652025,0.0
zz,129,24,15,0.40849494421448895,0.20424747210724448,0.10406686368304277,0.0
zz,130,8,15,0.1443102981603953,0.07215514908019766,0.038322583114361077,0.0
zz,131,24,15,0.1494102938826603,0.07470514694133015,0.039260272506407304,0.0
zz,132,24,15,0.3427677632985413,0.17138388164927065,0.08861876188248204,0.0
zz,133,16,15,0.3390632032489642,0.1695316016244821,0.0892457979761056,0.0
zz,134,8,15,0.09321002002885048,0.04660501001442524,0.024769563084578547,0.0
zz,135,16,15,0.3558636872184142,0.1779318436092071,0.09335752693472692,0.0
zz,136,16,15,0.36227564907008364,0.18113782453504182,0.09499280937208514,0.0
zz,137,8,15,0.06249242052212001,0.031246210261060003,0.016608155853753238,0.0
zz,138,8,15,0.09856551689875692,0.04928275844937846,0.02622044939908136,0.0
zz,139,16,15,0.33020341201706327,0.16510170600853163,0.08671121414730662,0.0
zz,140,8,15,0.08827604681881884,0.04413802340940942,0.023474589434005808,0.0
zz,141,24,15,0.3283410787573178,0.1641705393786589,0.08438986821979741,0.0
zz,142,24,15,0.09142113301203797,0.045710566506018985,0.02395682852404856,0.0
zz,143,24,15,0.2219631289931122,0.1109815644965561,0.05813893460765183,0.0
zz,144,16,15,0.3630382383885309,0.18151911919426544,0.09513416124363458,0.0
zz,145,24,15,0.0995955687372172,0.0497977843686086,0.02514520963642968,0.0
zz,146,8,15,0.10567821957812717,0.05283910978906359,0.028114191008887915,0.0
zz,147,16,15,0.3573809252905652,0.1786904626452826,0.09371563289647972,0.0
zz,148,24,15,0.3285583767770347,0.16427918838851735,0.0855670896095782,0.0
zz,149,24,15,0.2529804850858558,0.1264902425429279,0.06528846760853453,0.0
zz,150,24,15,0.03569651395478651,0.017848256977393256,0.007771005887947354,0.0
zz,151,24,15,0.07761990625232718,0.03880995312616359,0.02133182041976602,0.0
zz,152,8,15,0.10930250100645722,0.05465125050322861,0.02906850881847689,0.0
zz,153,16,15,0.34083858996413796,0.17041929498206898,0.08953312256367633,0.0
zz,154,16,15,0.36977440977047205,0.18488720488523602,0.09661325761547213,0.0
zz,155,24,15,0.23701558406253342,0.11850779203126671,0.06062404323792198,0.0
zz,156,24,15,0.029528996508739414,0.014764498254369707,0.006329304741598026,0.0
zz,157,8,15,0.04748569006500525,0.023742845032502624,0.01263978741065169,0.0
zz,158,8,15,0.0863690615171051,0.04318453075855255,0.022937522605744103,0.0
zz,159,8,15,0.10085446482865412,0.05042723241432706,0.026800655779605474,0.0
zz,160,16,15,0.37513185068715194,0.18756592534357597,0.09814034566264423,0.0
zz,161,16,15,0.34215477729933114,0.17107738864966557,0.08953033760154053,0.0
zz,162,8,15,0.07166548290893415,0.035832741454467076,0.019048914684664964,0.0
zz,163,8,15,0.09654511957447376,0.04827255978723688,0.025655931309664096,0.0
zz,164,16,15,0.362590902201852,0.181295451100926,0.0949853170378809,0.0
zz,165,8,15,0.08281747377276849,0.041408736886384245,0.022014835032487984,0.0
zz,166,8,15,0.07902523333489475,0.039512616667447376,0.021006181391883948,0.0
zz,167,16,15,0.35322437522809236,0.17661218761404618,0.09272925195535997,0.0
zz,168,16,15,0.3125295264586234,0.1562647632293117,0.08185932344645673,0.0
zz,169,16,15,0.3695514553849656,0.1847757276924828,0.09673050368537907,0.0
zz,170,24,15,0.3384693632838939,0.16923468164194694,0.08745798106778206,0.0
zz,171,16,15,0.34267353402180856,0.17133676701090428,0.09006493181931433,0.0
zz,172,16,15,0.34431584277369987,0.17215792138684993,0.09037615901891224,0.0
zz,173,8,15,0.10141223294038448,0.05070611647019224,0.026957638349723527,0.0
zz,174,24,15,0.13768126258537772,0.06884063129268886,0.03600813619069709,0.0
zz,175,8,15,0.12851850458738967,0.06425925229369484,0.03417697792170118,0.0
zz,176,24,15,0.22191506484883472,0.11095753242441736,0.05736852621957963,0.0
zz,177,8,15,0.13111217078316983,0.06555608539158492,0.03483468688722197,0.0
zz,178,8,15,0.08917932107962412,0.04458966053981206,0.023712836508713666,0.0
zz,179,24,15,0.29961167296183094,0.14980583648091547,0.07673196585197242,0.0
zz,180,16,15,0.3524255370254724,0.1762127685127362,0.09219576965039597,0.0
zz,181,8,15,0.1194510639386861,0.05972553196934305,0.03176082644601167,0.0
zz,182,16,15,0.3548023624759268,0.1774011812379634,0.09305553673963493,0.0
zz,183,24,15,0.4021544073198201,0.20107720365991005,0.10437243700271992,0.0
zz,184,16,15,0.29574291665728253,0.14787145832864126,0.07743424803683739,0.0
zz,185,24,15,0.026085203554972125,0.013042601777486063,0.006423476818357599,0.0
zz,186,16,15,0.33581648709219036,0.16790824354609518,0.08821785191944304,0.0
zz,187,16,15,0.3442293644968275,0.17211468224841375,0.09053946610116502,0.0
zz,188,8,15,0.12989652832013654,0.06494826416006827,0.03455475929539533,0.0
zz,189,24,15,0.2586665407418516,0.1293332703709258,0.06714559394785226,0.0
zz,190,8,15,0.13149165569598886,0.06574582784799443,0.034924745290716715,0.0
zz,191,8,15,0.13325855385810936,0.06662927692905468,0.035408711670089216,0.0
zz,192,8,15,0.09771830363236933,0.048859151816184665,0.025971246713533524,0.0
zz,193,8,15,0.07516754213201415,0.03758377106600708,0.019972341592459107,0.0
zz,194,24,15,0.4150759851350883,0.20753799256754416,0.10535842505350512,0.0
zz,195,24,15,0.12266303725414918,0.06133151862707459,0.0322185573181822,0.0
zz,196,24,15,0.2394668140335537,0.11973340701677684,0.06280013417275603,0.0
zz,197,24,15,0.3630462752144594,0.1815231376072297,0.09390844662097633,0.0
zz,198,16,15,0.31759201149582206,0.15879600574791103,0.08320310098500157,0.0
zz,199,8,15,0.07726708173771046,0.03863354086885523,0.020523872783624827,0.0
zz,200,8,15,0.0443260640484634,0.0221630320242317,0.011791333534863613,0.0
zz,201,24,15,0.20074742752679892,0.10037371376339946,0.0515864959392798,0.0
zz,202,24,15,0.1954296511268571,0.09771482556342855,0.05004345318124743,0.0
zz,203,8,15,0.10976433044795342,0.05488216522397671,0.029192264946411937,0.0
zz,204,16,15,0.3310076702153908,0.1655038351076954,0.08679860997012658,0.0
zz,205,8,15,0.07669342157113745,0.03834671078556873,0.020413150031124427,0.0
zz,206,8,15,0.05802577786766405,0.029012888933832026,0.015430498219917746,0.0
zz,207,24,15,0.050840563430325725,0.025420281715162862,0.013792160550005468,0.0
zz,208,16,15,0.35343145830134304,0.17671572915067152,0.09274074909766307,0.0
zz,209,8,15,0.06131576240128045,0.030657881200640225,0.016302002343271282,0.0
zz,210,8,15,0.11167519120832747,0.05583759560416374,0.029701678105203914,0.0
zz,211,8,15,0.08279296938795355,0.041396484693976776,0.021988246251781744,0.0
zz,212,16,15,0.3337346321534447,0.16686731607672234,0.08735730942755833,0.0
zz,213,16,15,0.3364836669313202,0.1682418334656601,0.08834720427534237,0.0
zz,214,16,15,0.3637147038473453,0.18185735192367264,0.09512506734632883,0.0
zz,215,16,15,0.3206523757248795,0.16032618786243974,0.08441231094965027,0.0
zz,216,24,15,0.31598369174134944,0.15799184587067472,0.08162642696279537,0.0
zz,217,16,15,0.320864939557836,0.160432469778918,0.08427327208125437,0.0
zz,218,24,15,0.42374836658026066,0.21187418329013033,0.10943070659157289,0.0
zz,219,8,15,0.10002213574235952,0.05001106787117976,0.02661364249029574,0.0
zz,220,8,15,0.08225439562382242,0.04112719781191121,0.021871347291899775,0.0
zz,221,8,15,0.1415535153481624,0.0707767576740812,0.03760582143914253,0.0
zz,222,16,15,0.35069908574047903,0.17534954287023952,0.09193961188837295,0.0
zz,223,24,15,0.11786456518622113,0.05893228259311056,0.030811189520448187,0.0
zz,224,24,15,0.25698169254747705,0.12849084627373852,0.06695640230700427,0.0
zz,225,24,15,0.2590732499710904,0.1295366249855452,0.06657694916973243,0.0
zz,226,24,15,0.3694752507243402,0.1847376253621701,0.09523117979322926,0.0
zz,227,16,15,0.34732162626922425,0.17366081313461212,0.09111396454998871,0.0
zz,228,8,15,0.1304836183572473,0.06524180917862366,0.034655884289671604,0.0
zz,229,16,15,0.36193247402750117,0.18096623701375059,0.09481770278191128,0.0
zz,230,16,15,0.3197268485522446,0.1598634242761223,0.084175616598364,0.0
zz,231,16,15,0.34410154736257514,0.17205077368128757,0.09040597417418693,0.0
zz,232,24,15,0.31961577267286656,0.15980788633643328,0.08231897963140594,0.0
zz,233,24,15,0.29233849582678906,0.14616924791339453,0.07524217278754346,0.0
zz,234,24,15,0.3515311310909221,0.17576556554546105,0.09058718825017478,0.0
zz,235,24,15,0.3434238964041454,0.1717119482020727,0.08879918993702066,0.0
zz,236,16,15,0.3458259284945314,0.1729129642472657,0.09093867002760894,0.0
zz,237,16,15,0.34420184725201486,0.17210092362600743,0.09013259624053518,0.0
zz,238,16,15,0.35640840344809266,0.17820420172404633,0.09339150650555753,0.0
zz,239,24,15,0.0668616260064358,0.0334308130032179,0.017725651382764124,0.0
zz,240,8,15,0.10113648048756818,0.05056824024378409,0.02686582884341803,0.0
zz,241,24,15,0.11755651319729038,0.05877825659864519,0.029457831298633285,0.0
zz,242,24,15,0.02376450637427724,0.01188225318713862,0.005058544914103724,0.0
zz,243,24,15,0.053909147085150655,0.026954573542575327,0.014543014091951167,0.0
zz,244,16,15,0.35193764868091204,0.17596882434045602,0.09234582151156376,0.0
zz,245,16,15,0.3313594833905817,0.16567974169529084,0.08729080704265328,0.0
zz,246,16,15,0.3450501652050463,0.17252508260252314,0.09074896435659684,0.0
zz,247,16,15,0.3004704444134956,0.1502352222067478,0.07904450983727014,0.0
zz,248,24,15,0.276096123282575,0.1380480616412875,0.07127573974188031,0.0
zz,249,16,15,0.2990869355824435,0.14954346779122174,0.07821746440019657,0.0
zz,250,16,15,0.32272295061512474,0.16136147530756237,0.0849356923973486,0.0
zz,251,16,15,0.31820226080731007,0.15910113040365503,0.08367222809290421,0.0
zz,252,8,15,0.14103774847897788,0.07051887423948894,0.03750001992726731,0.0
zz,253,16,15,0.3530249052857357,0.17651245264286786,0.09265917601277315,0.0
zz,254,8,15,0.021032061987029005,0.010516030993514502,0.005592882258195564,0.0
zz,255,8,15,0.11155843783322628,0.05577921891661314,0.029655634651932786,0.0
zz,256,8,15,0.1292915567148013,0.06464577835740065,0.03430253838592498,0.0
zz,257,24,15,0.2883771755851236,0.1441885877925618,0.07483388585989537,0.0
zz,258,8,15,0.06174729441214122,0.03087364720607061,0.016420190298315384,0.0
zz,259,24,15,0.3384633423335345,0.16923167116676724,0.08782639191490836,0.0
zz,260,8,15,0.10478570477300142,0.05239285238650071,0.027827140763054408,0.0
zz,261,24,15,0.3457364193172848,0.1728682096586424,0.08826304441534391,0.0
zz,262,8,15,0.1419333019851256,0.0709666509925628,0.037731415100939365,0.0
zz,263,8,15,0.07535819571184188,0.03767909785592094,0.01999469388383984,0.0
zz,264,16,15,0.3510387433493654,0.1755193716746827,0.09191943552750195,0.0
zz,265,24,15,0.344587266034746,0.172293633017373,0.0882561947725167,0.0
zz,266,16,15,0.35349486525832197,0.17674743262916098,0.09273593329715915,0.0
zz,267,8,15,0.06711678480969208,0.03355839240484604,0.017855501799278136,0.0
zz,268,24,15,0.28703296535780365,0.14351648267890182,0.07431068867149081,0.0
zz,269,8,15,0.08882454222860836,0.04441227111430418,0.023632404865311114,0.0
zz,270,8,15,0.08152942258352813,0.040764711291764066,0.021677930177203007,0.0
zz,271,8,15,0.08497803426128114,0.04248901713064057,0.022575371488673678,0.0
zz,272,24,15,0.3092806846742512,0.1546403423371256,0.07982285057700622,0.0
zz,273,16,15,0.3672578437228221,0.18362892186141105,0.09621121439858633,0.0
zz,274,16,15,0.34336933908941064,0.17168466954470532,0.09030486615421698,0.0
zz,275,8,15,0.11794704859369542,0.05897352429684771,0.03134425227601456,0.0
zz,276,16,15,0.3555984252745342,0.1777992126372671,0.09332907068278382,0.0
zz,277,8,15,0.09990235861925889,0.049951179309629445,0.026532266836354488,0.0
zz,278,16,15,0.35814592523681366,0.17907296261840683,0.09344559741463224,0.0
zz,279,24,15,0.2446509826116134,0.1223254913058067,0.06312489331720589,0.0
zz,280,16,15,0.3180001419143478,0.1590000709571739,0.08347973966742277,0.0
zz,281,8,15,0.1032889570068598,0.0516444785034299,0.02745091543906258,0.0
zz,282,16,15,0.2663242164318822,0.1331621082159411,0.0701060679241027,0.0
zz,283,24,15,0.19968505388154725,0.09984252694077363,0.05267621261118657,0.0
zz,284,24,15,0.28173879896603526,0.14086939948301763,0.07233564846170358,0.0
zz,285,24,15,0.04627809956428708,0.02313904978214354,0.010702457947604901,0.0
zz,286,8,15,0.07660868933262321,0.03830434466631161,0.020389362214954628,0.0
zz,287,8,15,0.14205299046611275,0.07102649523305637,0.03777162489631206,0.0
zz,288,16,15,0.3500830654357828,0.1750415327178914,0.09186974287192724,0.0
zz,289,16,15,0.3657282299905705,0.18286411499528524,0.09581494870160588,0.0
zz,290,16,15,0.36211740369497586,0.18105870184748793,0.09460416192327524,0.0
zz,291,16,15,0.3360522766280876,0.1680261383140438,0.08835611673265419,0.0
zz,292,24,15,0.02095086276169328,0.01047543138084664,0.005198032056691874,0.0
zz,293,24,15,0.29639667723470475,0.14819833861735238,0.07592944881453881,0.0
zz,294,24,15,0.1037866987634461,0.05189334938172305,0.027648068853448858,0.0
zz,295,24,15,0.31212719597691885,0.15606359798845942,0.08053098256445308,0.0
zz,296,16,15,0.3634035057990836,0.1817017528995418,0.0952045209882102,0.0
zz,297,8,15,0.0800173814464582,0.0400086907232291,0.021292918310648435,0.0
zz,298,16,15,0.3398119397138061,0.16990596985690304,0.08915022890206693,0.0
zz,299,24,15,0.3558824365394302,0.1779412182697151,0.0918983237935425,0.0
zz,300,8,15,0.10909952182321336,0.05454976091160668,0.028995864990951192,0.0
zz,301,24,15,0.02866890609779016,0.01433445304889508,0.006167734201579511,0.0
zz,302,16,15,0.36470270864987864,0.18235135432493932,0.09521766601856728,0.0
zz,303,24,15,0.2861744010897538,0.1430872005448769,0.07275655499319171,0.0
zz,304,8,15,0.08172433530576584,0.04086216765288292,0.021741859665807387,0.0
zz,305,8,15,0.11184905206716445,0.05592452603358222,0.02969784622792886,0.0
zz,306,16,15,0.3466675029026095,0.17333375145130475,0.09089041990160382,0.0
zz,307,8,15,0.07549162484544458,0.03774581242272229,0.020064990580012602,0.0
zz,308,16,15,0.36267358983678005,0.18133679491839003,0.09506159360320131,0.0
zz,309,16,15,0.3409035098934429,0.17045175494672146,0.08940322981037302,0.0
zz,310,24,15,0.0645961480024036,0.0322980740012018,0.01699268769083697,0.0
zz,311,24,15,0.2809045391025423,0.14045226955127116,0.07345750483539042,0.0
zz,312,24,15,0.225583341404858,0.112791670702429,0.05775199884965776,0.0
zz,313,16,15,0.33566271203343934,0.16783135601671967,0.08839767164373365,0.0
zz,314,24,15,0.30717921317175967,0.15358960658587983,0.07928165193030016,0.0
zz,315,16,15,0.34967635153380894,0.17483817576690447,0.09185179449641752,0.0
zz,316,16,15,0.35037145303604567,0.17518572651802283,0.09180016869765102,0.0
zz,317,16,15,0.35832914803791316,0.17916457401895658,0.09395986696288966,0.0
zz,318,24,15,0.2351240182703377,0.11756200913516884,0.0608211544156745,0.0
zz,319,24,15,0.15201752913399103,0.07600876456699551,0.03946493998896913,0.0
zz,320,24,15,0.2949218036730732,0.1474609018365366,0.07664473817862748,0.0
zz,321,24,15,0.408967455257205,0.2044837276286025,0.10551382836572681,0.0
zz,322,24,15,0.046650074436654865,0.023325037218327432,0.010127340544952557,0.0
zz,323,8,15,0.0791656942461263,0.03958284712306315,0.021025081240836938,0.0
zz,324,24,15,0.02382445921521026,0.01191222960760513,0.005171588288340859,0.0
zz,325,8,15,0.08140551649821082,0.04070275824910541,0.021653480296795258,0.0
zz,326,16,15,0.3524225904550913,0.17621129522754564,0.09211524314932888,0.0
zz,327,24,15,0.1107206877104493,0.05536034385522465,0.028802515473997974,0.0
zz,328,24,15,0.1319884362395325,0.06599421811976625,0.03500676857697638,0.0
zz,329,24,15,0.433967314473902,0.216983657236951,0.11162315698370273,0.0
zz,330,16,15,0.33943400350034447,0.16971700175017224,0.08916885932351491,0.0
zz,331,16,15,0.3422280555172813,0.17111402775864065,0.0898616335965836,0.0
zz,332,8,15,0.07792001003077365,0.03896000501538682,0.020715188882914036,0.0
zz,333,8,15,0.07758476554477667,0.038792382772388334,0.020633580177324026,0.0
zz,334,8,15,0.13297438282097285,0.06648719141048642,0.03533999774518753,0.0
zz,335,16,15,0.311688668062889,0.1558443340314445,0.0812356784282072,0.0
zz,336,8,15,0.13677405018259048,0.06838702509129524,0.036378500074024475,0.0
zz,337,16,15,0.3621818978311998,0.1810909489155999,0.09485663475478291,0.0
zz,338,24,15,0.25943710011075094,0.12971855005537547,0.06683153926819171,0.0
zz,339,16,15,0.3430643362779274,0.1715321681389637,0.0901609696883117,0.0
zz,340,16,15,0.35146958172732257,0.17573479086366128,0.09206966001968317,0.0
zz,341,8,15,0.1230578748441552,0.0615289374220776,0.03269964954359049,0.0
zz,342,8,15,0.12344414820678318,0.06172207410339159,0.03278793381760783,0.0
zz,343,24,15,0.3835082976231302,0.1917541488115651,0.09847694633489797,0.0
zz,344,16,15,0.3608449794307802,0.1804224897153901,0.09421367633615799,0.0
zz,345,16,15,0.3425219425729863,0.17126097128649315,0.08995473857799731,0.0
zz,346,16,15,0.3683621563534858,0.1841810781767429,0.09639135583186935,0.0
zz,347,8,15,0.06492109138158308,0.03246054569079154,0.017263213544490445,0.0
zz,348,24,15,0.26354283724340033,0.13177141862170016,0.06851290077316448,0.0
zz,349,16,15,0.35392717074026325,0.17696358537013163,0.09287383493682516,0.0
zz,350,8,15,0.10694933845187415,0.05347466922593708,0.02842721171240452,0.0
zz,351,8,15,0.08467809358638145,0.04233904679319073,0.02249217623124032,0.0
zz,352,16,15,0.3364782586532661,0.16823912932663304,0.08860182829381241,0.0
zz,353,24,15,0.1456756865194413,0.07283784325972065,0.03597245632403116,0.0
zz,354,16,15,0.331941897175449,0.1659709485877245,0.08700945545840463,0.0
zz,355,8,15,0.12172039586371697,0.060860197931858484,0.03235986951035856,0.0
zz,356,24,15,0.3352302325608456,0.1676151162804228,0.08686855868912949,0.0
zz,357,16,15,0.3563964364598733,0.17819821822993664,0.09344522875321473,0.0
zz,358,24,15,0.23375765502994145,0.11687882751497072,0.060082400965241985,0.0
zz,359,8,15,0.12359152942739382,0.06179576471369691,0.03284178736137431,0.0
zz,360,16,15,0.3068385108775423,0.15341925543877116,0.08073268539545198,0.0
zz,361,8,15,0.06886706268990617,0.03443353134495308,0.018323549460876783,0.0
zz,362,8,15,0.151880046665975,0.0759400233329875,0.04037229423374545,0.0
zz,363,24,15,0.018152083360714943,0.009076041680357472,0.0050102256917219515,0.0
zz,364,16,15,0.35339110521960915,0.17669555260980457,0.09278390990528582,0.0
zz,365,24,15,0.27339320035877923,0.13669660017938962,0.071156863897784,0.0
zz,366,24,15,0.06806535349488851,0.03403267674744426,0.01642212407921816,0.0
zz,367,16,15,0.3381285690107217,0.16906428450536085,0.08892152036708462,0.0
zz,368,24,15,0.35283865435768325,0.17641932717884162,0.09137147871304453,0.0
zz,369,8,15,0.06805546752618252,0.03402773376309126,0.018088756603760428,0.0
zz,370,16,15,0.31394145270407814,0.15697072635203907,0.0828504790861267,0.0
zz,371,8,15,0.07447513965744879,0.03723756982872439,0.019787137030926813,0.0
zz,372,8,15,0.13258723461795796,0.06629361730897898,0.03522069051588248,0.0
zz,373,16,15,0.35502673596899337,0.17751336798449668,0.09320882541886923,0.0
zz,374,16,15,0.33239176239911117,0.16619588119955558,0.08747735922145775,0.0
zz,375,8,15,0.13250167096677656,0.06625083548338828,0.03520929457854036,0.0
zz,376,16,15,0.37264139396143414,0.18632069698071707,0.09722246962770133,0.0
zz,377,24,15,0.39031341948418485,0.19515670974209243,0.10081909517537753,0.0
zz,378,8,15,0.09710896508410283,0.048554482542051414,0.02581286351822672,0.0
zz,379,8,15,0.12978513881243336,0.06489256940621668,0.03447969694118298,0.0
zz,380,8,15,0.0794435822089633,0.03972179110448165,0.021135359209565694,0.0
zz,381,24,15,0.16571203225412878,0.08285601612706439,0.041788782768206585,0.0
zz,382,24,15,0.13333987929832375,0.06666993964916187,0.034863744904218334,0.0
zz,383,24,15,0.3407741464460119,0.17038707322300595,0.08715463279007972,0.0
zz,384,8,15,0.08021945298524902,0.04010972649262451,0.021305315575658387,0.0
zz,385,24,15,0.0956462871885696,0.0478231435942848,0.025269092689962098,0.0
zz,386,16,15,0.34966602091261345,0.17483301045630673,0.09184890590410026,0.0
zz,387,8,15,0.05231570892895432,0.02615785446447716,0.01390378830943127,0.0
zz,388,16,15,0.3388198479618158,0.1694099239809079,0.08906718079883852,0.0
zz,389,16,15,0.30988534802162315,0.15494267401081158,0.08119348793317425,0.0
zz,390,24,15,0.25643757633581077,0.12821878816790538,0.06685668223261643,0.0
zz,391,24,15,0.3775820325444922,0.1887910162722461,0.0974797701788006,0.0
zz,392,24,15,0.1165489463940712,0.0582744731970356,0.02992285949500999,0.0
zz,393,16,15,0.36645496986704273,0.18322748493352137,0.09594173541295033,0.0
zz,394,16,15,0.31704353961917536,0.15852176980958768,0.08328023161797224,0.0
zz,395,8,15,0.10154128455693068,0.05077064227846534,0.027018619930027077,0.0
zz,396,16,15,0.34275189158895514,0.17137594579447757,0.08976343038794653,0.0
zz,397,8,15,0.16792704195706326,0.08396352097853163,0.044660479172456156,0.0
zz,398,16,15,0.37317204337588505,0.18658602168794253,0.09731125548388384,0.0
zz,399,24,15,0.409984117196624,0.204992058598312,0.10564275254803909,0.0
zz,400,24,15,0.09668463425641138,0.04834231712820569,0.023952055942622473,0.0
zz,401,24,15,0.2061504683211851,0.10307523416059255,0.05408168608856388,0.0
zz,402,16,15,0.3581998891396647,0.17909994456983236,0.09380686065421431,0.0
zz,403,8,15,0.11589278013925375,0.057946390069626874,0.03081305250765075,0.0
zz,404,24,15,0.34101150762018295,0.17050575381009148,0.08813435154077257,0.0
zz,405,8,15,0.08173511709626391,0.040867558548131955,0.021745788806850873,0.0
zz,406,16,15,0.3679943982816283,0.18399719914081414,0.09629094430146808,0.0
zz,407,8,15,0.08724542275879499,0.043622711379397494,0.02320921604898103,0.0
zz,408,8,15,0.061997914955414846,0.030998957477707423,0.016481749592837696,0.0
zz,409,16,15,0.3488581922460874,0.1744290961230437,0.0913032117413955,0.0
zz,410,16,15,0.3401621959325286,0.1700810979662643,0.08934030204149075,0.0
zz,411,16,15,0.35612304736070644,0.17806152368035322,0.09332097828707213,0.0
zz,412,8,15,0.07696748187787561,0.038483740938937805,0.0204568685102911,0.0
zz,413,16,15,0.320433508712462,0.160216754356231,0.0843329737285232,0.0
zz,414,16,15,0.34061653246818674,0.17030826623409337,0.08910356800583732,0.0
zz,415,24,15,0.27967753806689555,0.13983876903344777,0.07221271753264076,0.0
zz,416,8,15,0.1142502294756298,0.0571251147378149,0.03038710741078025,0.0
zz,417,24,15,0.1939646652763282,0.0969823326381641,0.0501529338678618,0.0
zz,418,24,15,0.20748979972496298,0.10374489986248149,0.054231293797190654,0.0
zz,419,16,15,0.32660242817354823,0.16330121408677412,0.08560098755910218,0.0
zz,420,8,15,0.08004797513816286,0.04002398756908143,0.021267486611114734,0.0
zz,421,16,15,0.34994409099586105,0.17497204549793052,0.09193666941047024,0.0
zz,422,16,15,0.3498582050754019,0.17492910253770094,0.09185948872344053,0.0
zz,423,8,15,0.08789178261109698,0.04394589130554849,0.023359452363843076,0.0
zz,424,24,15,0.4009470412905949,0.20047352064529744,0.10186054039243395,0.0
zz,425,24,15,0.3694276663430913,0.18471383317154566,0.09481528673717168,0.0
zz,426,8,15,0.11658026332431426,0.05829013166215713,0.030966620829174635,0.0
zz,427,16,15,0.3702790756080603,0.18513953780403014,0.09686750660731143,0.0
zz,428,16,15,0.35215529177164606,0.17607764588582303,0.09235790654510137,0.0
zz,429,24,15,0.1870327645585776,0.0935163822792888,0.047762577154338653,0.0
zz,430,24,15,0.24740511347598754,0.12370255673799377,0.06273069293570598,0.0
zz,431,24,15,0.4146562964271691,0.20732814821358456,0.10687914036909581,0.0
zz,432,8,15,0.13906507013840486,0.06953253506920243,0.03698109492608577,0.0
zz,433,16,15,0.34885043503181734,0.17442521751590867,0.09163944430903057,0.0
zz,434,16,15,0.3643529571431736,0.1821764785715868,0.095452836414153,0.0
zz,435,8,15,0.16360175522878428,0.08180087761439214,0.04348405741819997,0.0
zz,436,16,15,0.36630033704985643,0.18315016852492821,0.09590120228839254,0.0
zz,437,16,15,0.3468545472799973,0.17342727363999866,0.09101179774249248,0.0
zz,438,8,15,0.10806569936645116,0.05403284968322558,0.028738513323551002,0.0
zz,439,16,15,0.349609684521463,0.1748048422607315,0.09181624876734278,0.0
zz,440,24,15,0.3176436180697968,0.1588218090348984,0.08196245876430193,0.0
zz,441,16,15,0.34729687681082805,0.17364843840541402,0.091132147992726,0.0
zz,442,24,15,0.016415879008618184,0.008207939504309092,0.0039031206478938652,0.0
zz,443,16,15,0.33384063900412914,0.16692031950206457,0.08741640012017167,0.0
zz,444,24,15,0.3038250154255514,0.1519125077127757,0.07814897582021642,0.0
zz,445,16,15,0.334487473397088,0.167243736698544,0.08794777114279849,0.0
zz,446,8,15,0.14528245334077505,0.07264122667038753,0.03862746276526926,0.0
zz,447,16,15,0.33508828495149023,0.16754414247574512,0.08775927387161601,0.0
zz,448,8,15,0.10192068521692799,0.05096034260846399,0.027117027077462004,0.0
zz,449,8,15,0.19732169613765493,0.09866084806882747,0.05241022327676854,0.0
zz,450,16,15,0.3713345364102053,0.18566726820510265,0.09712652868288775,0.0
zz,451,16,15,0.32465207847168265,0.16232603923584132,0.08518011178992697,0.0
zz,452,24,15,0.3967498198788263,0.19837490993941315,0.10187882385847882,0.0
zz,453,16,15,0.3569978214010925,0.17849891070054624,0.09371012496757951,0.0
zz,454,24,15,0.2721875390195727,0.13609376950978636,0.07051766254259464,0.0
zz,455,24,15,0.265173958352435,0.1325869791762175,0.0684506433216671,0.0
zz,456,24,15,0.23785209901169727,0.11892604950584863,0.06109021044254632,0.0
zz,457,16,15,0.32536908622499383,0.16268454311249692,0.08519363234713342,0.0
zz,458,8,15,0.08544930924465344,0.04272465462232672,0.022714906660424163,0.0
zz,459,8,15,0.12240845502956665,0.06120422751478333,0.032515732560865665,0.0
zz,460,24,15,0.30297234800937234,0.15148617400468617,0.07801400942386369,0.0
zz,461,8,15,0.08136951954178406,0.04068475977089203,0.021642387551137485,0.0
zz,462,16,15,0.35951153889816484,0.17975576944908242,0.09431162220600105,0.0
zz,463,8,15,0.0892033368417815,0.04460166842089075,0.02371728411763512,0.0
zz,464,24,15,0.4024722049478382,0.2012361024739191,0.10337012488446316,0.0
zz,465,16,15,0.354270534608764,0.177135267304382,0.09286384907659993,0.0
zz,466,8,15,0.061689626704106604,0.030844813352053302,0.016404383339001974,0.0
zz,467,8,15,0.09741415998944603,0.04870707999472301,0.02589073450091368,0.0
zz,468,16,15,0.3233977973981475,0.16169889869907375,0.0848350036792839,0.0
zz,469,24,15,0.30101754159465105,0.15050877079732553,0.07754141977302516,0.0
zz,470,24,15,0.31883767615536585,0.15941883807768292,0.08288475618173724,0.0
zz,471,8,15,0.09421022082550268,0.04710511041275134,0.02504224687985494,0.0
zz,472,8,15,0.14420343603565366,0.07210171801782683,0.03832718398270815,0.0
zz,473,16,15,0.37307296619511354,0.18653648309755677,0.0972699406766231,0.0
zz,474,8,15,0.09601558604394544,0.04800779302197272,0.02554044920761169,0.0
zz,475,24,15,0.270191257555054,0.135095628777527,0.07061991481593313,0.0
zz,476,16,15,0.3529718580984428,0.1764859290492214,0.09255572210387257,0.0
zz,477,24,15,0.24259796984067647,0.12129898492033823,0.06178472549901273,0.0
zz,478,8,15,0.16086960522020533,0.08043480261010266,0.04278114732088136,0.0
zz,479,8,15,0.05667268101743994,0.02833634050871997,0.015077416301177256,0.0
zz,480,24,15,0.30419334253845715,0.15209667126922857,0.07838803106275502,0.0
zz,481,16,15,0.3535936617597049,0.17679683087985246,0.09283190699326772,0.0
zz,482,16,15,0.37068996841638957,0.18534498420819479,0.09689093931677886,0.0
zz,483,16,15,0.33123312065418875,0.16561656032709438,0.08686909258882505,0.0
zz,484,16,15,0.31806677574295805,0.15903338787147903,0.08346643540698227,0.0
zz,485,8,15,0.0535892616530822,0.0267946308265411,0.014247732670373306,0.0
zz,486,16,15,0.36932588894278673,0.18466294447139336,0.09638319977571622,0.0
zz,487,16,15,0.3571942481829757,0.17859712409148784,0.09324922086887148,0.0
zz,488,16,15,0.3321103284985777,0.16605516424928884,0.0874727864420671,0.0
zz,489,24,15,0.19368996391847493,0.09684498195923746,0.05092206748683254,0.0
zz,490,24,15,0.2605539641375755,0.13027698206878774,0.0659714356040621,0.0
zz,491,8,15,0.11403175719271375,0.05701587859635687,0.03026232414718939,0.0
zz,492,8,15,0.15024507368315998,0.07512253684157999,0.03994102407737794,0.0
zz,493,16,15,0.3578648129665158,0.1789324064832579,0.09379061909878514,0.0
zz,494,24,15,0.13797137365125428,0.06898568682562714,0.03576617562847697,0.0
zz,495,24,15,0.0877900619596853,0.04389503097984265,0.02332371454529194,0.0
zz,496,24,15,0.18429492748807988,0.09214746374403994,0.04713563289731502,0.0
zz,497,8,15,0.09747289746560506,0.04873644873280253,0.025920150780122147,0.0
zz,498,24,15,0.2989040969470133,0.14945204847350665,0.07648631389048943,0.0
zz,499,24,15,0.22982510555986183,0.11491255277993091,0.05920877961631309,0.0
zz,500,16,15,0.3099267273438427,0.15496336367192134,0.08114026234764121,0.0
zz,501,24,15,0.11767982495815738,0.05883991247907869,0.0304807416112521,0.0
zz,502,16,15,0.28144872482566735,0.14072436241283368,0.07403748617597387,0.0
zz,503,8,15,0.13426051505254166,0.06713025752627083,0.03568930004784969,0.0
zz,504,16,15,0.34441564425014853,0.17220782212507427,0.09048993197898438,0.0
zz,505,8,15,0.0888541567215193,0.04442707836075965,0.023636454343030314,0.0
zz,506,8,15,0.15981155776749423,0.07990577888374711,0.04247336906126553,0.0
zz,507,24,15,0.3408732251081284,0.1704366125540642,0.08627543552268949,0.0
zz,508,16,15,0.3183000232971792,0.1591500116485896,0.0838051038073355,0.0
zz,509,16,15,0.30664056705120113,0.15332028352560056,0.08084363373348585,0.0
zz,510,8,15,0.0867849422461433,0.04339247112307165,0.023076094668144007,0.0
zz,511,8,15,0.12042559509614292,0.06021279754807146,0.03199339867397013,0.0
zz,512,24,15,0.17201802276381978,0.08600901138190989,0.04415165920140781,0.0
zz,513,8,15,0.08016307112319376,0.04008153556159688,0.021273101353176695,0.0
zz,514,24,15,0.1566432093343712,0.0783216046671856,0.0411521278073815,0.0
zz,515,16,15,0.33745718772542144,0.16872859386271072,0.08878938009581733,0.0
zz,516,16,15,0.3210290999944799,0.16051454999723996,0.0845380237557384,0.0
zz,517,24,15,0.028357282100132553,0.014178641050066276,0.006743785011943208,0.0
zz,518,24,15,0.24066056416664638,0.12033028208332319,0.06219061770103386,0.0
zz,519,16,15,0.3356868593151427,0.16784342965757135,0.0883158678812038,0.0
zz,520,8,15,0.11267012294313661,0.056335061471568304,0.02993109095376741,0.0
zz,521,8,15,0.09840128706999629,0.049200643534998145,0.02617749241370604,0.0
zz,522,24,15,0.10696723245669382,0.05348361622834691,0.028157804459101005,0.0
zz,523,24,15,0.24869861101774413,0.12434930550887206,0.06337163337059383,0.0
zz,524,24,15,0.0298011279228525,0.01490056396142625,0.006266917108636446,0.0
zz,525,24,15,0.3771515855701472,0.1885757927850736,0.0978647038016301,0.0
zz,526,24,15,0.22284909026802957,0.11142454513401479,0.05731276973890242,0.0
zz,527,24,15,0.17685476263587557,0.08842738131793779,0.046100137302488714,0.0
zz,528,24,15,0.06229124855469059,0.031145624277345296,0.016455492262761214,0.0
zz,529,24,15,0.38487757452563676,0.19243878726281838,0.09961355300698492,0.0
zz,530,24,15,0.18754607411532692,0.09377303705766346,0.049270772117286,0.0
zz,531,24,15,0.30398252488116173,0.15199126244058087,0.07843753930733265,0.0
zz,532,16,15,0.3434438085682844,0.1717219042841422,0.09031639910188541,0.0
zz,533,16,15,0.32284236123292925,0.16142118061646463,0.084767836731684,0.0
zz,534,8,15,0.12564205343493473,0.06282102671746737,0.03339031129794516,0.0
zz,535,24,15,0.16680411442125156,0.08340205721062578,0.0436827515969043,0.0
zz,536,8,15,0.12080834077326275,0.06040417038663137,0.03211696046005965,0.0
zz,537,8,15,0.1296270884020264,0.0648135442010132,0.03445003292729352,0.0
zz,538,8,15,0.06489639168728933,0.03244819584364467,0.017221019655093484,0.0
zz,539,24,15,0.28464499592368164,0.14232249796184082,0.07385613758928576,0.0
zz,540,8,15,0.1303161277776882,0.0651580638888441,0.03458025412655351,0.0
zz,541,16,15,0.37346712157052764,0.18673356078526382,0.09763646746770387,0.0
zz,542,24,15,0.19554585870375527,0.09777292935187763,0.050117279234859376,0.0
zz,543,24,15,0.3193845805296473,0.15969229026482365,0.0821294858306778,0.0
zz,544,8,15,0.15199536324189883,0.07599768162094941,0.04040428709200059,0.0
zz,545,24,15,0.14238834050291987,0.07119417025145994,0.03666988435991492,0.0
zz,546,16,15,0.32482589041588533,0.16241294520794267,0.08522361484614685,0.0
zz,547,24,15,0.31514371076366066,0.15757185538183033,0.08103166995667914,0.0
zz,548,24,15,0.2996435656360483,0.14982178281802416,0.07826517519159909,0.0
zz,549,24,15,0.30612368028939047,0.15306184014469523,0.07895770338532548,0.0
zz,550,16,15,0.37375548778331613,0.18687774389165807,0.09768865504506638,0.0
zz,551,16,15,0.35649064296386346,0.17824532148193173,0.09356998506718621,0.0
zz,552,8,15,0.10353583796836774,0.05176791898418387,0.027541990895619824,0.0
zz,553,24,15,0.15775047365716038,0.07887523682858019,0.04086336257559398,0.0
zz,554,16,15,0.3483258078261804,0.1741629039130902,0.0914213574751671,0.0
zz,555,16,15,0.35325217550177745,0.17662608775088873,0.0926871690163587,0.0
zz,556,24,15,0.3169809448548776,0.1584904724274388,0.08177595763397304,0.0
zz,557,8,15,0.1567545146911392,0.0783772573455696,0.041670780567044284,0.0
zz,558,8,15,0.07882011942029521,0.039410059710147605,0.020951983975308723,0.0
zz,559,8,15,0.12642289158900466,0.06321144579450233,0.033636853845151964,0.0
zz,560,8,15,0.1032473327073602,0.0516236663536801,0.027453368546641082,0.0
zz,561,16,15,0.35265298793074357,0.17632649396537178,0.09227287265937609,0.0
zz,562,8,15,0.058114966262126644,0.029057483131063322,0.01545966374172818,0.0
zz,563,24,15,0.2233844923399302,0.1116922461699651,0.05800065374309611,0.0
zz,564,16,15,0.3776321479788346,0.1888160739894173,0.09864885424454396,0.0
zz,565,24,15,0.02054344366299865,0.010271721831499325,0.005169987727132327,0.0
zz,566,8,15,0.10856730679139137,0.054283653395695686,0.028866782657352017,0.0
zz,567,24,15,0.2903252305230546,0.1451626152615273,0.07440982658922204,0.0
zz,568,24,15,0.22494102872790994,0.11247051436395497,0.0589407788494068,0.0
zz,569,16,15,0.3292904925351421,0.16464524626757104,0.08676480404124293,0.0
zz,570,16,15,0.3702506068131006,0.1851253034065503,0.09670525407625573,0.0
zz,571,8,15,0.10094574203427764,0.05047287101713882,0.026867002093502724,0.0
zz,572,24,15,0.11918098387776571,0.059590491938882856,0.031087837288791935,0.0
zz,573,16,15,0.2601843187407855,0.13009215937039276,0.06835876923441121,0.0
zz,574,8,15,0.09893083996141783,0.04946541998070891,0.026309089252804826,0.0
zz,575,8,15,0.0974078905466873,0.04870394527334365,0.025894395539730955,0.0
zz,576,16,15,0.3711829332220879,0.18559146661104395,0.09699650156371814,0.0
zz,577,24,15,0.4055454426241131,0.20277272131205654,0.10497384515467252,0.0
zz,578,24,15,0.025704707266301863,0.012852353633150931,0.0067818581417955605,0.0
zz,579,8,15,0.12842586050456561,0.06421293025228281,0.03413215016462693,0.0
zz,580,24,15,0.27251861371241176,0.13625930685620588,0.07008980412831363,0.0
zz,581,8,15,0.13511662484036557,0.06755831242018279,0.03591302587418185,0.0
zz,582,16,15,0.35107815453559044,0.17553907726779522,0.09222157834890189,0.0
zz,583,16,15,0.32642531425925325,0.16321265712962663,0.0850821587248582,0.0
zz,584,16,15,0.37495517324670025,0.18747758662335012,0.09792657108776041,0.0
zz,585,8,15,0.11296345001506125,0.056481725007530625,0.030025128489113095,0.0
zz,586,24,15,0.2806847570321944,0.1403423785160972,0.07244351413141793,0.0
zz,587,8,15,0.11845253463608763,0.05922626731804381,0.031514363331154344,0.0
zz,588,8,15,0.058179666445792866,0.029089833222896433,0.015466946017737734,0.0
zz,589,16,15,0.3203962894444629,0.16019814472223146,0.08438907623758059,0.0
zz,590,16,15,0.3330386813121543,0.16651934065607715,0.08724450587476724,0.0
zz,591,16,15,0.37772181445326325,0.18886090722663162,0.09861325403750305,0.0
zz,592,16,15,0.31474419942974924,0.15737209971487462,0.08284944791788487,0.0
zz,593,24,15,0.339000496819439,0.1695002484097195,0.08713021920775615,0.0
zz,594,16,15,0.31537676606853576,0.15768838303426788,0.08302595635644829,0.0
zz,595,24,15,0.2216314994913546,0.1108157497456773,0.056511645254024946,0.0
zz,596,8,15,0.05433827459386287,0.027169137296931434,0.014445196560172284,0.0
zz,597,24,15,0.29430398902758903,0.14715199451379452,0.07659212326546695,0.0
zz,598,24,15,0.4165647239336741,0.20828236196683705,0.10681686937015426,0.0
zz,599,16,15,0.2891272357073105,0.14456361785365526,0.07603425582978438,0.0
zz,600,16,15,0.3466009200085183,0.17330046000425914,0.09101417585879634,0.0
zz,601,16,15,0.3293625533837656,0.1646812766918828,0.08624140682252054,0.0
zz,602,8,15,0.13863399415725852,0.06931699707862926,0.03684294056612317,0.0
zz,603,8,15,0.08109796717376483,0.040548983586882414,0.021561193571343295,0.0
zz,604,16,15,0.3403948070456394,0.1701974035228197,0.08948209911537537,0.0
zz,605,16,15,0.3545489860061537,0.17727449300307685,0.09308252768545254,0.0
zz,606,24,15,0.33884170035204997,0.16942085017602498,0.08733128021033824,0.0
zz,607,8,15,0.12171835500546602,0.06085917750273301,0.03235890322561017,0.0
zz,608,24,15,0.2967587959399013,0.14837939796995064,0.07677021799486389,0.0
zz,609,8,15,0.12832384654608986,0.06416192327304493,0.034097836933046806,0.0
zz,610,16,15,0.35405549590429325,0.17702774795214662,0.09285241635162358,0.0
zz,611,24,15,0.17376504918276953,0.08688252459138476,0.04508323403659717,0.0
zz,612,24,15,0.2657575284751694,0.1328787642375847,0.06882154924960443,0.0
zz,613,24,15,0.19840973468060744,0.09920486734030372,0.05140230005211756,0.0
zz,614,16,15,0.34594536929453146,0.17297268464726573,0.09099390999727903,0.0
zz,615,8,15,0.13141335542841537,0.06570667771420768,0.03492649083487427,0.0
zz,616,16,15,0.3659729489831065,0.18298647449155325,0.09585391461433218,0.0
zz,617,16,15,0.36320518022211423,0.18160259011105712,0.09488437331533926,0.0
zz,618,16,15,0.3546261199480539,0.17731305997402694,0.09298551933191405,0.0
zz,619,24,15,0.3801429736813658,0.1900714868406829,0.09816951349080302,0.0
zz,620,24,15,0.37096366426629634,0.18548183213314817,0.09468693489456868,0.0
zz,621,24,15,0.19026701095583287,0.09513350547791644,0.048936210415858696,0.0
zz,622,16,15,0.3392571664915225,0.16962858324576124,0.08914482828147753,0.0
zz,623,24,15,0.22073913548137816,0.11036956774068908,0.05792451535357983,0.0
zz,624,8,15,0.09234283369528828,0.04617141684764414,0.02456894447511005,0.0
zz,625,16,15,0.35365887954863096,0.17682943977431548,0.09287463978421742,0.0
zz,626,24,15,0.18579143099192622,0.09289571549596311,0.04873218333066165,0.0
zz,627,8,15,0.14197310480154746,0.07098655240077373,0.0377446570012996,0.0
zz,628,24,15,0.4146210177196543,0.20731050885982716,0.10538311792162997,0.0
zz,629,24,15,0.33877886558635245,0.16938943279317623,0.08746614471669746,0.0
zz,630,16,15,0.3653136230846603,0.18265681154233016,0.0954113392730654,0.0
zz,631,16,15,0.34476472450220297,0.17238236225110148,0.08999101717746497,0.0
zz,632,8,15,0.14094935679968645,0.07047467839984323,0.03742191700950484,0.0
zz,633,16,15,0.330673989694166,0.165336994847083,0.08702005799630315,0.0
zz,634,16,15,0.3210889908568625,0.16054449542843124,0.083796900958357,0.0
zz,635,8,15,0.06270426657472983,0.031352133287364914,0.016662953588143455,0.0
zz,636,24,15,0.3392629090088847,0.16963145450444236,0.08740593381744725,0.0
zz,637,16,15,0.35048854709212257,0.17524427354606129,0.09206909862469576,0.0
zz,638,16,15,0.3266016340898546,0.1633008170449273,0.08582741534528741,0.0
zz,639,16,15,0.36692878817492364,0.18346439408746182,0.09593610801807623,0.0
zz,640,8,15,0.10341148355299046,0.05170574177649523,0.027517274605620916,0.0
zz,641,8,15,0.1528289539034381,0.07641447695171905,0.04065688633417231,0.0
zz,642,8,15,0.10672571265382347,0.053362856326911734,0.028372318212882677,0.0
zz,643,16,15,0.3626471881636312,0.1813235940818156,0.09504038974425119,0.0
zz,644,16,15,0.3445023232614943,0.17225116163074716,0.08994241896614025,0.0
zz,645,16,15,0.35701983770884177,0.17850991885442088,0.09341867036717467,0.0
zz,646,8,15,0.078020827606055,0.0390104138030275,0.020749291466953316,0.0
zz,647,24,15,0.39009797001962687,0.19504898500981344,0.10025163106924502,0.0
zz,648,8,15,0.12488644321302966,0.06244322160651483,0.033213495668252685,0.0
zz,649,24,15,0.23462756956503852,0.11731378478251926,0.060874916183922774,0.0
zz,650,24,15,0.17729993604394795,0.08864996802197397,0.046046827248468904,0.0
zz,651,16,15,0.3660782586591279,0.18303912932956395,0.09592798172279872,0.0
zz,652,8,15,0.12966837458343783,0.06483418729171891,0.034473771751513484,0.0
zz,653,24,15,0.1030251119408897,0.05151255597044485,0.025360149782489152,0.0
zz,654,8,15,0.08805302757422873,0.04402651378711436,0.023405371998237903,0.0
zz,655,16,15,0.37949529620876826,0.18974764810438413,0.09902716759287071,0.0
zz,656,24,15,0.2986827023231059,0.14934135116155295,0.07692087963333881,0.0
zz,657,24,15,0.31940568866557917,0.15970284433278958,0.0817815769725423,0.0
zz,658,24,15,0.35152126515423016,0.17576063257711508,0.08938292314839617,0.0
zz,659,8,15,0.07233189140030694,0.03616594570015347,0.019237461776879166,0.0
zz,660,8,15,0.056708914642154995,0.028354457321077498,0.015083763306642465,0.0
zz,661,16,15,0.32853232420024425,0.16426616210012213,0.0862674018829255,0.0
zz,662,8,15,0.09459235298856972,0.04729617649428486,0.025152031680812134,0.0
zz,663,8,15,0.04885215129230758,0.02442607564615379,0.01298819995675325,0.0
zz,664,24,15,0.3840758172373121,0.19203790861865605,0.09880678702748832,0.0
zz,665,16,15,0.30219982466381634,0.15109991233190817,0.07919606070096676,0.0
zz,666,24,15,0.2230986283054547,0.11154931415272736,0.05780632271110513,0.0
zz,667,24,15,0.232008339012178,0.116004169506089,0.05951328958147717,0.0
zz,668,16,15,0.36296080369920536,0.18148040184960268,0.09516300499456055,0.0
zz,669,8,15,0.08337765180496759,0.041688825902483795,0.022159922612493776,0.0
zz,670,8,15,0.06846214044573695,0.034231070222868476,0.018194653377162993,0.0
zz,671,24,15,0.2688781529061173,0.13443907645305864,0.06970928069357335,0.0
zz,672,16,15,0.35728469212359615,0.17864234606179807,0.09375198297862627,0.0
zz,673,16,15,0.32977950020983665,0.16488975010491833,0.0866904855326909,0.0
zz,674,8,15,0.05108784510509612,0.02554392255254806,0.0135807604947896,0.0
zz,675,24,15,0.42647608448340063,0.21323804224170032,0.11025819317732495,0.0
zz,676,16,15,0.3499455087094647,0.17497275435473236,0.09184190833321276,0.0
zz,677,16,15,0.3731873689548473,0.18659368447742364,0.0975574026989793,0.0
zz,678,24,15,0.1907743267423348,0.0953871633711674,0.04998505138963439,0.0
zz,679,16,15,0.34803323723421187,0.17401661861710593,0.09128076144463006,0.0
zz,680,8,15,0.08227284690159775,0.041136423450798876,0.021871262270482448,0.0
zz,681,24,15,0.012539011034080172,0.006269505517040086,0.002795313338113629,0.0
zz,682,8,15,0.11992459825109492,0.05996229912554746,0.03187942720367876,0.0
zz,683,8,15,0.10330550100248537,0.051652750501242684,0.027438199250370793,0.0
zz,684,8,15,0.10458265996740257,0.052291329983701285,0.027830208288198304,0.0
zz,685,8,15,0.12601275340290474,0.06300637670145237,0.03347545567698909,0.0
zz,686,16,15,0.3344256309954148,0.1672128154977074,0.08777994434490027,0.0
zz,687,8,15,0.09858356419500836,0.04929178209750418,0.02620473831331045,0.0
zz,688,8,15,0.08964277262579057,0.044821386312895284,0.023814120281180802,0.0
zz,689,24,15,0.18238202400115613,0.09119101200057807,0.0476949795579184,0.0
zz,690,8,15,0.11168007379192668,0.05584003689596334,0.02970487533523803,0.0
zz,691,16,15,0.3356759331112164,0.1678379665556082,0.08812230597346486,0.0
zz,692,8,15,0.053156766588698834,0.026578383294349417,0.014127855322841257,0.0
zz,693,16,15,0.35160437775733466,0.17580218887866733,0.0923397405990906,0.0
zz,694,8,15,0.12322302089751214,0.06161151044875607,0.03272325812009074,0.0
zz,695,8,15,0.11856617083241039,0.059283085416205195,0.03152521152209188,0.0
zz,696,8,15,0.05873990838861276,0.02936995419430638,0.01563379367832767,0.0
zz,697,24,15,0.31687830548637463,0.15843915274318732,0.08054437433851501,0.0
zz,698,24,15,0.27161100421355333,0.13580550210677667,0.07023631383830621,0.0
zz,699,24,15,0.3296202293533975,0.16481011467669876,0.08445846486620587,0.0
zz,700,8,15,0.08970187660213902,0.04485093830106951,0.02385286614120712,0.0
zz,701,24,15,0.05461912359043691,0.027309561795218457,0.013711541807796653,0.0
zz,702,8,15,0.1065301917511221,0.05326509587556105,0.02832006678759491,0.0
zz,703,8,15,0.1323132852849277,0.06615664264246385,0.035142722516582535,0.0
zz,704,16,15,0.3289512276023331,0.16447561380116654,0.08657902807329657,0.0
zz,705,24,15,0.38586095478902904,0.19293047739451452,0.09945267193968381,0.0
zz,706,24,15,0.28185887274894517,0.14092943637447258,0.07295568271673493,0.0
zz,707,16,15,0.3653883480173431,0.18269417400867155,0.0952409214048494,0.0
zz,708,24,15,0.3457168996442531,0.17285844982212656,0.08939233991006369,0.0
zz,709,24,15,0.38292242536384147,0.19146121268192073,0.09890222811175702,0.0
zz,710,24,15,0.3427773752779381,0.17138868763896906,0.08763410180952731,0.0
zz,711,24,15,0.24213720178399836,0.12106860089199918,0.06279405461707815,0.0
zz,712,8,15,0.0767271645878701,0.03836358229393505,0.020393987651546364,0.0
zz,713,8,15,0.07238006455046253,0.036190032275231265,0.01925409627755185,0.0
zz,714,16,15,0.36405325665265925,0.18202662832632963,0.09532898898274975,0.0
zz,715,24,15,0.3438463728992605,0.17192318644963026,0.08935655204352111,0.0
zz,716,24,15,0.3778686102272224,0.1889343051136112,0.0968820570140315,0.0
zz,717,24,15,0.3724649642887605,0.18623248214438026,0.09692382900976451,0.0
zz,718,24,15,0.369687790826086,0.184843895413043,0.09604337856341953,0.0
zz,719,8,15,0.09155984252265703,0.045779921261328516,0.02433711324914915,0.0
zz,720,16,15,0.3595373219787693,0.17976866098938465,0.09378257955708295,0.0
zz,721,16,15,0.3571761783487569,0.17858808917437846,0.09343087586632073,0.0
zz,722,24,15,0.1416166183626857,0.07080830918134284,0.036464627196812274,0.0
zz,723,24,15,0.27384878497494425,0.13692439248747212,0.07085271910212644,0.0
zz,724,16,15,0.36541659533573656,0.18270829766786828,0.09570799692670778,0.0
zz,725,8,15,0.11235279295726053,0.056176396478630264,0.02989112157199719,0.0
zz,726,16,15,0.35459219428900113,0.17729609714450056,0.09307323164014898,0.0
zz,727,8,15,0.08166513974955703,0.04083256987477851,0.021693182132553075,0.0
zz,728,16,15,0.3591543091025215,0.17957715455126075,0.09395592187310627,0.0
zz,729,24,15,0.03355081166957341,0.016775405834786705,0.008657353376275982,0.0
zz,730,8,15,0.19905656936791855,0.09952828468395927,0.05283996798097439,0.0
zz,731,16,15,0.3391766388058707,0.16958831940293534,0.08878762649236273,0.0
zz,732,8,15,0.14126043820464096,0.07063021910232048,0.037566853919247925,0.0
zz,733,16,15,0.3209085843667285,0.16045429218336424,0.08365553264515442,0.0
zz,734,16,15,0.3540293081015806,0.1770146540507903,0.09264233650450432,0.0
zz,735,8,15,0.09203694042324517,0.046018470211622586,0.024476074636161135,0.0
zz,736,24,15,0.07012426219569368,0.03506213109784684,0.018774319480176667,0.0
zz,737,8,15,0.12082039887479401,0.060410199437397005,0.03209759882604038,0.0
zz,738,24,15,0.1510193740423238,0.0755096870211619,0.039403559939039545,0.0
zz,739,24,15,0.30883397992717493,0.15441698996358746,0.07919094479156798,0.0
zz,740,16,15,0.32902886860526365,0.16451443430263182,0.08620950866181228,0.0
zz,741,8,15,0.08465921947478539,0.04232960973739269,0.022496665442290068,0.0
zz,742,16,15,0.35196052851649634,0.17598026425824817,0.09240965714688612,0.0
zz,743,24,15,0.31637235063857294,0.15818617531928647,0.08160166615731303,0.0
zz,744,8,15,0.08096874694636114,0.04048437347318057,0.021529941415372417,0.0
zz,745,8,15,0.18435954377669422,0.09217977188834711,0.04897930716247542,0.0
zz,746,24,15,0.17484405443577022,0.08742202721788511,0.04603099785327588,0.0
zz,747,24,15,0.05958961287662451,0.029794806438312255,0.013866445271392979,0.0
zz,748,8,15,0.06526156481548695,0.032630782407743475,0.017355870437112272,0.0
zz,749,8,15,0.13478990347734043,0.06739495173867022,0.0358575095564267,0.0
zz,750,24,15,0.22238888308829496,0.11119444154414748,0.05752111390738661,0.0
zz,751,8,15,0.05901593462645549,0.029507967313227745,0.015689063533554527,0.0
zz,752,8,15,0.13396254072399594,0.06698127036199797,0.03558597664063539,0.0
zz,753,24,15,0.2984718357666092,0.1492359178833046,0.07711196829781888,0.0
zz,754,24,15,0.24733603732387302,0.12366801866193651,0.064534707928712,0.0
zz,755,8,15,0.08448381312371778,0.04224190656185889,0.02245823891047037,0.0
zz,756,24,15,0.2865553065582155,0.14327765327910774,0.07398538719692001,0.0
zz,757,24,15,0.09303273955738911,0.046516369778694555,0.024248029827732307,0.0
zz,758,24,15,0.13812586349064176,0.06906293174532088,0.03617616710854188,0.0
zz,759,24,15,0.30136848343349665,0.15068424171674832,0.07757637316237426,0.0
zz,760,16,15,0.3793145026882154,0.1896572513441077,0.09882610252349502,0.0
zz,761,24,15,0.14843216178969648,0.07421608089484824,0.03861128685284121,0.0
zz,762,24,15,0.26501605459845423,0.13250802729922712,0.06758251641635325,0.0
zz,763,24,15,0.3233385039133376,0.1616692519566688,0.08386193176148898,0.0
zz,764,16,15,0.32735264078001347,0.16367632039000674,0.08619537023038713,0.0
zz,765,16,15,0.35115740401385476,0.17557870200692738,0.09211747720437356,0.0
zz,766,24,15,0.3105538855944,0.1552769427972,0.07990590626316028,0.0
zz,767,8,15,0.10855014872007629,0.054275074360038145,0.028871457265276415,0.0
zz,768,8,15,0.06761252437827558,0.03380626218913779,0.01796548964049356,0.0
zz,769,8,15,0.1328407789939523,0.06642038949697615,0.03526840335206623,0.0
zz,770,8,15,0.11428688600529535,0.057143443002647676,0.030364670363384513,0.0
zz,771,8,15,0.10154207564493734,0.05077103782246867,0.026967431469025922,0.0
zz,772,8,15,0.09270816924438219,0.046354084622191094,0.024667444466873634,0.0
zz,773,16,15,0.3492344554786416,0.1746172277393208,0.09172554445243791,0.0
zz,774,24,15,0.01793920165472712,0.00896960082736356,0.004064407607998965,0.0
zz,775,16,15,0.36488720943934133,0.18244360471967067,0.09552583134061061,0.0
zz,776,8,15,0.1378503986297232,0.0689251993148616,0.03666479043320387,0.0
zz,777,24,15,0.1659412088119216,0.0829706044059608,0.04241232788441077,0.0
zz,778,16,15,0.30494379709356534,0.15247189854678267,0.07986944845342571,0.0
zz,779,16,15,0.30537956154092855,0.15268978077046427,0.0800776800802842,0.0
zz,780,8,15,0.14931503265897828,0.07465751632948914,0.03968812319370488,0.0
zz,781,24,15,0.09730393759130207,0.048651968795651035,0.025327773554352073,0.0
zz,782,24,15,0.2951252510836796,0.1475626255418398,0.07598937911344862,0.0
zz,783,24,15,0.28801612638296337,0.14400806319148168,0.07413910475300553,0.0
zz,784,8,15,0.13179735705415352,0.06589867852707676,0.03498056557172281,0.0
zz,785,16,15,0.3574725852550925,0.17873629262754626,0.09379773045855963,0.0
zz,786,8,15,0.14337691939641106,0.07168845969820553,0.03809053607473922,0.0
zz,787,8,15,0.09036973423630013,0.04518486711815006,0.02404012446483565,0.0
zz,788,8,15,0.11677823014658484,0.05838911507329242,0.03102918074903914,0.0
zz,789,16,15,0.3567673670467051,0.17838368352335254,0.09351055975524884,0.0
zz,790,24,15,0.43856570390251504,0.21928285195125752,0.11299175962485081,0.0
zz,791,24,15,0.310829801126506,0.155414900563253,0.08078929516765833,0.0
zz,792,8,15,0.15439020925896763,0.07719510462948381,0.04105952003502982,0.0
zz,793,8,15,0.05935867144354612,0.02967933572177306,0.01576802594201895,0.0
zz,794,24,15,0.27386191476914556,0.13693095738457278,0.07009290286575007,0.0
zz,795,8,15,0.10563852667205265,0.05281926333602632,0.028089424621629364,0.0
zz,796,8,15,0.10331188004337999,0.051655940021689994,0.027466084401624465,0.0
zz,797,24,15,0.20177151755338754,0.10088575877669377,0.05273761055451127,0.0
zz,798,16,15,0.3069433850790536,0.1534716925395268,0.0806600626155745,0.0
zz,799,8,15,0.05433132519356698,0.02716566259678349,0.014438016985009941,0.0
zz,800,24,15,0.1788700229739453,0.08943501148697265,0.04678816735407439,0.0
zz,801,24,15,0.2942906506285159,0.14714532531425795,0.07636505606535658,0.0
zz,802,16,15,0.35502286462505805,0.17751143231252903,0.09313297971140312,0.0
zz,803,8,15,0.07870253179149345,0.03935126589574672,0.020918106292769585,0.0
zz,804,16,15,0.35742987845052393,0.17871493922526197,0.09362877538570077,0.0
zz,805,8,15,0.0586060661293204,0.0293030330646602,0.015576139933890199,0.0
zz,806,24,15,0.2791764002751606,0.1395882001375803,0.0724706030970756,0.0
zz,807,16,15,0.34475091573330824,0.17237545786665412,0.09040159082642993,0.0
zz,808,24,15,0.3797627199663479,0.18988135998317396,0.09669805005050595,0.0
zz,809,24,15,0.3126293465134983,0.15631467325674914,0.08116134078963612,0.0
zz,810,24,15,0.07050498397991645,0.03525249198995822,0.01862548110386372,0.0
zz,811,16,15,0.3244382546429664,0.1622191273214832,0.08540310293289238,0.0
zz,812,8,15,0.13039240125799112,0.06519620062899556,0.03469923852953503,0.0
zz,813,16,15,0.3615729726431045,0.18078648632155225,0.09481140884429468,0.0
zz,814,16,15,0.33907366755320045,0.16953683377660023,0.08906520772963974,0.0
zz,815,8,15,0.10038179168693206,0.05019089584346603,0.026678917187414403,0.0
zz,816,16,15,0.348656694096678,0.174328347048339,0.09154547479274543,0.0
zz,817,8,15,0.07211465099987335,0.03605732549993668,0.01918588614202,0.0
zz,818,16,15,0.3479538879982062,0.1739769439991031,0.09139986795945906,0.0
zz,819,8,15,0.1093732302459054,0.0546866151229527,0.029077575001311598,0.0
zz,820,24,15,0.1604995918121244,0.0802497959060622,0.04182047409332124,0.0
zz,821,24,15,0.07580773339451036,0.03790386669725518,0.01986482692748811,0.0
zz,822,8,15,0.06881002034947747,0.03440501017473874,0.018305732152146037,0.0
zz,823,8,15,0.09490953816096281,0.04745476908048141,0.02525361846860358,0.0
zz,824,8,15,0.10945110809348912,0.05472555404674456,0.029061609204216743,0.0
zz,825,16,15,0.34911151482822256,0.17455575741411128,0.09119995900285774,0.0
zz,826,16,15,0.29856653437532893,0.14928326718766446,0.07849704841574097,0.0
zz,827,24,15,0.28391147885929335,0.14195573942964668,0.07352590361602816,0.0
zz,828,16,15,0.37470823924356994,0.18735411962178497,0.09792945452900284,0.0
zz,829,24,15,0.22534860586457361,0.11267430293228681,0.05804797190253536,0.0
zz,830,16,15,0.3723058267459084,0.1861529133729542,0.09712855534915345,0.0
zz,831,8,15,0.11323309385252378,0.05661654692626189,0.030118818717764156,0.0
zz,832,24,15,0.27805167170234013,0.13902583585117007,0.07181804572969484,0.0
zz,833,24,15,0.24195423650625042,0.12097711825312521,0.062350037944008146,0.0
zz,834,24,15,0.38522085598813105,0.19261042799406553,0.100195683321577,0.0
zz,835,24,15,0.2860884748047515,0.14304423740237576,0.07358458184270979,0.0
zz,836,24,15,0.2704035107625137,0.13520175538125684,0.0705658446375578,0.0
zz,837,16,15,0.3416986141181594,0.1708493070590797,0.08958104022613718,0.0
zz,838,16,15,0.3141649551190043,0.15708247755950214,0.08233117748001692,0.0
zz,839,24,15,0.21291592173103357,0.10645796086551679,0.054951591697728015,0.0
zz,840,16,15,0.3550813443477354,0.1775406721738677,0.09316372735646154,0.0
zz,841,8,15,0.12715961998815728,0.06357980999407864,0.03381496115558423,0.0
zz,842,16,15,0.3099339343503237,0.15496696717516184,0.08159478019660753,0.0
zz,843,24,15,0.2207106166195422,0.1103553083097711,0.05765706554949598,0.0
zz,844,16,15,0.34794989567553153,0.17397494783776576,0.09142356690000784,0.0
zz,845,16,15,0.25894154766394917,0.12947077383197458,0.06782805204718612,0.0
zz,846,16,15,0.3421238808175242,0.1710619404087621,0.0900127145767418,0.0
zz,847,8,15,0.08082303680549663,0.040411518402748314,0.021485444475465076,0.0
zz,848,24,15,0.298096246759605,0.1490481233798025,0.0763386638032267,0.0
zz,849,8,15,0.0748531891546953,0.03742659457734765,0.019906400338992002,0.0
zz,850,16,15,0.37430911173484716,0.18715455586742358,0.09784677077014489,0.0
zz,851,24,15,0.30769057058802024,0.15384528529401012,0.0787716162613461,0.0
zz,852,16,15,0.36168282041793165,0.18084141020896582,0.0948366151409725,0.0
zz,853,16,15,0.3168047411236833,0.15840237056184164,0.08284268760131987,0.0
zz,854,16,15,0.3529411702450716,0.1764705851225358,0.09206813074865566,0.0
zz,855,24,15,0.08299093104092725,0.041495465520463626,0.021594617383857193,0.0
zz,856,24,15,0.27903976295482485,0.13951988147741243,0.07048537942391818,0.0
zz,857,16,15,0.33893544146104515,0.16946772073052258,0.08922035389677722,0.0
zz,858,8,15,0.11237755409055139,0.056188777045275695,0.029893752734444456,0.0
zz,859,8,15,0.10280008581672762,0.05140004290836381,0.027325321732488406,0.0
zz,860,24,15,0.19427403644774516,0.09713701822387258,0.05042304738337795,0.0
zz,861,24,15,0.15580064980195923,0.07790032490097962,0.04046274084722171,0.0
zz,862,24,15,0.3527757794623614,0.1763878897311807,0.09022032251643947,0.0
zz,863,16,15,0.36571422283251154,0.18285711141625577,0.0957563893564024,0.0
zz,864,8,15,0.07890711332732492,0.03945355666366246,0.020974237047718013,0.0
zz,865,24,15,0.3137724906923775,0.15688624534618875,0.08058686603575309,0.0
zz,866,16,15,0.3274600860105671,0.16373004300528354,0.08586629479950658,0.0
zz,867,24,15,0.2807958050824748,0.1403979025412374,0.07303670681543918,0.0
zz,868,16,15,0.38119585613956,0.19059792806978,0.09924029162373374,0.0
zz,869,24,15,0.3877291181564974,0.1938645590782487,0.10017045661494622,0.0
zz,870,8,15,0.1038745297612721,0.05193726488063605,0.02760297113124323,0.0
zz,871,24,15,0.3083838280321658,0.1541919140160829,0.07893701888114135,0.0
zz,872,16,15,0.2967602052096955,0.14838010260484774,0.07751961298959548,0.0
zz,873,16,15,0.3425654370496494,0.1712827185248247,0.08969038209832557,0.0
zz,874,8,15,0.1284950135809767,0.06424750679048835,0.034160325667158514,0.0
zz,875,8,15,0.1636039293281153,0.08180196466405765,0.043496426956312645,0.0
zz,876,16,15,0.3249333569809757,0.16246667849048785,0.08522920053881461,0.0
zz,877,8,15,0.1290155328556929,0.06450776642784645,0.034259549707296916,0.0
zz,878,16,15,0.341445103934095,0.1707225519670475,0.0895231567533418,0.0
zz,879,16,15,0.31280574767189795,0.15640287383594897,0.08244593627743756,0.0
zz,880,16,15,0.36809797116697796,0.18404898558348898,0.09604829301445864,0.0
zz,881,8,15,0.07555002553034018,0.03777501276517009,0.020087233374265975,0.0
zz,882,8,15,0.10133270985388143,0.050666354926940715,0.026956097651623958,0.0
zz,883,16,15,0.3727531259592104,0.1863765629796052,0.09715681666660964,0.0
zz,884,24,15,0.39021410997533557,0.19510705498766778,0.10083110584778605,0.0
zz,885,8,15,0.0715520879169591,0.03577604395847955,0.0190085349385944,0.0
zz,886,16,15,0.3245120049243343,0.16225600246216715,0.08555896365163897,0.0
zz,887,24,15,0.38212491518748626,0.19106245759374313,0.09889730409505464,0.0
zz,888,16,15,0.34227506925606277,0.17113753462803138,0.08980396150688229,0.0
zz,889,24,15,0.2534956086660983,0.12674780433304916,0.06450226397502429,0.0
zz,890,16,15,0.2580158004114147,0.12900790020570735,0.06775309378499987,0.0
zz,891,16,15,0.33289881273332855,0.16644940636666428,0.08733911449464919,0.0
zz,892,16,15,0.3425879696470987,0.17129398482354935,0.09006926009380428,0.0
zz,893,16,15,0.36750532458209506,0.18375266229104753,0.09605252488343466,0.0
zz,894,8,15,0.08591003972902289,0.042955019864511446,0.022812227838430073,0.0
zz,895,8,15,0.08203100530321372,0.04101550265160686,0.021825932666856195,0.0
zz,896,8,15,0.12883811723093785,0.06441905861546893,0.03416628984361914,0.0
zz,897,8,15,0.15318684239786806,0.07659342119893403,0.040733850490191834,0.0
zz,898,8,15,0.11486260187954678,0.05743130093977339,0.03053720841213364,0.0
zz,899,24,15,0.2597842101471326,0.1298921050735663,0.06773079809315921,0.0
zz,900,16,15,0.3600829061214989,0.18004145306074945,0.0944131015742446,0.0
zz,901,24,15,0.06696377370024181,0.03348188685012091,0.01845574487232725,0.0
zz,902,24,15,0.2384165419766506,0.1192082709883253,0.061889214082925116,0.0
zz,903,8,15,0.092845952652853,0.0464229763264265,0.02467409312413739,0.0
zz,904,24,15,0.05181696828496224,0.02590848414248112,0.013786009222078444,0.0
zz,905,24,15,0.1628115738148076,0.0814057869074038,0.04279738266853353,0.0
zz,906,8,15,0.12725458689488367,0.06362729344744184,0.033817743033673166,0.0
zz,907,16,15,0.3539278008826878,0.1769639004413439,0.09291223003535135,0.0
zz,908,8,15,0.0973734361021128,0.0486867180510564,0.02589326593893188,0.0
zz,909,24,15,0.2831055724940367,0.14155278624701834,0.07361027532644834,0.0
zz,910,8,15,0.05994659514186962,0.02997329757093481,0.015934108374201304,0.0
zz,911,24,15,0.33852402932160197,0.16926201466080099,0.08755653762599953,0.0
zz,912,16,15,0.3614894978260028,0.1807447489130014,0.0947014177085841,0.0
zz,913,16,15,0.35022576171347297,0.17511288085673649,0.09195587774945671,0.0
zz,914,8,15,0.12001851902644989,0.060009259513224944,0.03189435759054233,0.0
zz,915,24,15,0.17403709183588423,0.08701854591794211,0.04492657451723473,0.0
zz,916,16,15,0.3596973676947803,0.17984868384739014,0.09425874742748133,0.0
zz,917,24,15,0.26998683989030037,0.13499341994515018,0.06979608836512025,0.0
zz,918,8,15,0.11773394850579744,0.05886697425289872,0.031274693775246463,0.0
zz,919,24,15,0.3925441211622762,0.1962720605811381,0.1011290869436165,0.0
zz,920,24,15,0.31936295616076027,0.15968147808038013,0.08228044143416906,0.0
zz,921,16,15,0.3567518771359546,0.1783759385679773,0.09361241342172531,0.0
zz,922,16,15,0.3518848247654146,0.1759424123827073,0.09222461524162656,0.0
zz,923,8,15,0.15123579387646213,0.07561789693823107,0.04017876420100852,0.0
zz,924,8,15,0.08699802579787785,0.04349901289893893,0.023137173832683655,0.0
zz,925,16,15,0.3415646221612797,0.17078231108063985,0.08981673439093055,0.0
zz,926,8,15,0.14756527185422297,0.07378263592711148,0.03921847968423173,0.0
zz,927,24,15,0.06995990487320314,0.03497995243660157,0.01860043551248512,0.0
zz,928,16,15,0.3658120236096227,0.18290601180481136,0.09568769645861745,0.0
zz,929,16,15,0.35932303162547163,0.17966151581273582,0.09419854300890113,0.0
zz,930,16,15,0.36077557524775355,0.18038778762387678,0.09451111555700283,0.0
zz,931,24,15,0.2498781621134046,0.1249390810567023,0.06426818043896039,0.0
zz,932,24,15,0.20791157499417565,0.10395578749708782,0.053078363745932305,0.0
zz,933,24,15,0.1384618919562411,0.06923094597812054,0.03573263167568341,0.0
zz,934,8,15,0.10314897274461843,0.051574486372309214,0.027441145290365638,0.0
zz,935,16,15,0.3022811092825447,0.15114055464127235,0.07893121326092387,0.0
zz,936,16,15,0.36461492137223517,0.18230746068611758,0.09553742436404199,0.0
zz,937,8,15,0.10093154145776873,0.05046577072888436,0.026822941491282015,0.0
zz,938,24,15,0.05996023288116892,0.02998011644058446,0.01573065980846977,0.0
zz,939,8,15,0.12477055007388516,0.06238527503694258,0.03314383185086611,0.0
zz,940,16,15,0.35512192999020586,0.17756096499510293,0.09290139309491062,0.0
zz,941,8,15,0.12097928019506277,0.06048964009753138,0.03215254997427648,0.0
zz,942,8,15,0.08584278997007089,0.042921394985035444,0.022816632433650005,0.0
zz,943,16,15,0.3274086879770803,0.16370434398854014,0.08599466958802833,0.0
zz,944,8,15,0.05366594428895188,0.02683297214447594,0.014268272814639509,0.0
zz,945,24,15,0.08153631925128252,0.04076815962564126,0.021479853369343806,0.0
zz,946,16,15,0.3818690246344905,0.19093451231724526,0.09926885668804021,0.0
zz,947,24,15,0.38831441587686066,0.19415720793843033,0.09935695534644132,0.0
zz,948,8,15,0.08771707254443117,0.04385853627221559,0.02332405832854647,0.0
zz,949,8,15,0.10913397407865144,0.05456698703932572,0.02903015201025234,0.0
zz,950,24,15,0.0812276694786514,0.0406138347393257,0.02077364986481234,0.0
zz,951,16,15,0.30116213819159915,0.15058106909579957,0.07885976275418584,0.0
zz,952,24,15,0.38769023521028073,0.19384511760514037,0.09945418856831525,0.0
zz,953,24,15,0.39555545277851545,0.19777772638925772,0.10148232207848269,0.0
zz,954,24,15,0.38332133708599325,0.19166066854299663,0.09913807549294208,0.0
zz,955,8,15,0.06227157490473911,0.031135787452369557,0.01654882995246819,0.0
zz,956,8,15,0.15005513085404742,0.07502756542702371,0.039866963485089106,0.0
zz,957,8,15,0.14994491911440017,0.07497245955720008,0.03987205963037777,0.0
zz,958,16,15,0.3671890552683825,0.18359452763419126,0.09571935688119317,0.0
zz,959,16,15,0.35152382836878504,0.17576191418439252,0.09192641456492219,0.0
zz,960,24,15,0.23003096713192644,0.11501548356596322,0.05962949554492827,0.0
zz,961,8,15,0.09212008231266555,0.046060041156332776,0.024503259746442296,0.0
zz,962,16,15,0.35027918477616815,0.17513959238808408,0.0919796923653078,0.0
zz,963,16,15,0.3009783868507876,0.1504891934253938,0.0789890966205864,0.0
zz,964,24,15,0.040525801117419435,0.020262900558709718,0.010389004195619186,0.0
zz,965,16,15,0.3252610266404,0.1626305133202,0.08564100279113607,0.0
zz,966,8,15,0.13514698781416834,0.06757349390708417,0.035894093907938886,0.0
zz,967,8,15,0.11917022996578153,0.05958511498289076,0.03166557667781676,0.0
zz,968,16,15,0.3409963256523834,0.1704981628261917,0.08969378007962388,0.0
zz,969,8,15,0.11954133884662443,0.05977066942331222,0.0317468758717456,0.0
zz,970,8,15,0.09260936142001386,0.04630468071000693,0.02462886586674872,0.0
zz,971,16,15,0.34753750672789263,0.17376875336394632,0.09131399293965876,0.0
zz,972,16,15,0.361949498574179,0.1809747492870895,0.09482108919421992,0.0
zz,973,16,15,0.34717104718952013,0.17358552359476007,0.09103286667070296,0.0
zz,974,8,15,0.09326007576297835,0.04663003788148917,0.02478404082033135,0.0
zz,975,8,15,0.11637452849094121,0.058187264245470605,0.03092987074782203,0.0
zz,976,8,15,0.06418669406154875,0.03209334703077438,0.01705920409516656,0.0
zz,977,8,15,0.07191299271319318,0.03595649635659659,0.019118930586925518,0.0
zz,978,8,15,0.08131485078127709,0.040657425390638546,0.021622470037752077,0.0
zz,979,24,15,0.03266674228700672,0.01633337114350336,0.008774752821008617,0.0
zz,980,24,15,0.15759279579077945,0.07879639789538972,0.04055625828707379,0.0
zz,981,16,15,0.3500654809653838,0.1750327404826919,0.09196031478372964,0.0
zz,982,24,15,0.03614088128391102,0.01807044064195551,0.0077002259759438195,0.0
zz,983,8,15,0.1456322405470467,0.07281612027352335,0.03867687615673118,0.0
zz,984,24,15,0.39563235021854826,0.19781617510927413,0.10061738385856073,0.0
zz,985,8,15,0.10290936021264585,0.051454680106322925,0.027346441282855807,0.0
zz,986,8,15,0.0961018889344658,0.0480509444672329,0.025549398898548157,0.0
zz,987,16,15,0.29746268887234373,0.14873134443617186,0.07807891624475911,0.0
zz,988,16,15,0.35469781950121687,0.17734890975060844,0.09309544197719312,0.0
zz,989,24,15,0.3606946582984511,0.18034732914922555,0.09314955022670715,0.0
zz,990,8,15,0.10965875033211792,0.05482937516605896,0.029120036924607053,0.0
zz,991,8,15,0.08486862538646212,0.04243431269323106,0.022577098910745958,0.0
zz,992,24,15,0.18205820830645758,0.09102910415322879,0.04601522798480109,0.0
zz,993,16,15,0.3555455346518032,0.1777727673259016,0.09324160345741485,0.0
zz,994,24,15,0.26308581897704975,0.13154290948852487,0.06821661658667048,0.0
zz,995,8,15,0.08746001200688924,0.04373000600344462,0.02326033927788956,0.0
zz,996,16,15,0.3523018871298086,0.1761509435649043,0.09251968506921276,0.0
zz,997,16,15,0.3705281332372632,0.1852640666186316,0.09699894213341936,0.0
zz,998,24,15,0.19404808282876188,0.09702404141438094,0.05015107951066596,0.0
zz,999,16,15,0.3554398026520394,0.1777199013260197,0.09332366968966763,0.0
zz,1000,16,15,0.3659640652946149,0.18298203264730745,0.09582759970029962,0.0
zz,1001,8,15,0.12050081052136574,0.06025040526068287,0.03202359238313175,0.0
zz,1002,24,15,0.23813271140767375,0.11906635570383688,0.06209648106089483,0.0
zz,1003,16,15,0.32762889662208605,0.16381444831104303,0.08584241097412879,0.0
zz,1004,24,15,0.18843074614949043,0.09421537307474522,0.04884189147851006,0.0
zz,1005,24,15,0.28007658743463826,0.14003829371731913,0.07242503623376899,0.0
zz,1006,8,15,0.12682558256911247,0.06341279128455624,0.03370269929687404,0.0
zz,1007,16,15,0.35720826882563295,0.17860413441281647,0.09371298841204002,0.0
zz,1008,16,15,0.3465564028057554,0.1732782014028777,0.0905557466478006,0.0
zz,1009,16,15,0.3487860476011909,0.17439302380059546,0.09155020469266868,0.0
zz,1010,24,15,0.3085459808646438,0.1542729904323219,0.07992730387463685,0.0
zz,1011,8,15,0.14605368304214217,0.07302684152107108,0.038759979647071695,0.0
zz,1012,8,15,0.06463349050555622,0.03231674525277811,0.01719058048438725,0.0
zz,1013,24,15,0.08126434910263042,0.04063217455131521,0.022131504967142102,0.0
zz,1014,8,15,0.11562851305960031,0.057814256529800157,0.030692118471047646,0.0
zz,1015,8,15,0.15760611567848343,0.07880305783924171,0.04187781355126537,0.0
zz,1016,8,15,0.13983541749097228,0.06991770874548614,0.03713861978587934,0.0
zz,1017,16,15,0.36006846820985716,0.18003423410492858,0.09417927669361813,0.0
zz,1018,8,15,0.08180931594984509,0.04090465797492254,0.02174839028836423,0.0
zz,1019,8,15,0.11544396927704681,0.057721984638523405,0.030695165312844278,0.0
zz,1020,16,15,0.3392903447779935,0.16964517238899676,0.08880201176348175,0.0
zz,1021,8,15,0.11002022508996745,0.055010112544983725,0.029255456868842285,0.0
zz,1022,24,15,0.23758074494776601,0.11879037247388301,0.06144924653394839,0.0
zz,1023,8,15,0.10226885351838899,0.051134426759194496,0.027195175051792083,0.0
zz,1024,24,15,0.12992043097187755,0.06496021548593878,0.03393374414624694,0.0
zz,1025,8,15,0.14324217279468732,0.07162108639734366,0.03809916986331066,0.0
zz,1026,16,15,0.37428486103353914,0.18714243051676957,0.09786224580763334,0.0
zz,1027,24,15,0.2752050247903616,0.1376025123951808,0.07057796535782848,0.0
zz,1028,16,15,0.3506794030520476,0.1753397015260238,0.09170753848076765,0.0
zz,1029,24,15,0.048502114268639096,0.024251057134319548,0.012733299472288089,0.0
zz,1030,24,15,0.27434264493793925,0.13717132246896963,0.06960226847759829,0.0
zz,1031,24,15,0.10920271681467647,0.054601358407338235,0.027762477014091007,0.0
zz,1032,8,15,0.06140445073351275,0.030702225366756375,0.0163216024033294,0.0
zz,1033,24,15,0.3087520049552709,0.15437600247763544,0.07868847848419697,0.0
zz,1034,8,15,0.0935865455095618,0.0467932727547809,0.02491291211055146,0.0
zz,1035,16,15,0.37005020111280185,0.18502510055640092,0.09686066504282344,0.0
zz,1036,8,15,0.1453420226037082,0.0726710113018541,0.038640554541363385,0.0
zz,1037,16,15,0.354036596138279,0.1770182980691395,0.09286646666167736,0.0
zz,1038,8,15,0.11671866737520242,0.05835933368760121,0.03104685065117476,0.0
zz,1039,24,15,0.3410473118870415,0.17052365594352076,0.08826566033722547,0.0
zz,1040,24,15,0.20061948708968796,0.10030974354484398,0.05156750167542204,0.0
zz,1041,16,15,0.3442372081151942,0.1721186040575971,0.090490396175612,0.0
zz,1042,24,15,0.16154391298946078,0.08077195649473039,0.04242774069063762,0.0
zz,1043,16,15,0.3352716824156484,0.1676358412078242,0.0882303141073763,0.0
zz,1044,16,15,0.36654061788509934,0.18327030894254967,0.09581854190549054,0.0
zz,1045,24,15,0.02445552418824859,0.012227762094124295,0.005709498998238641,0.0
zz,1046,16,15,0.3598777221902868,0.1799388610951434,0.09435662407560762,0.0
zz,1047,8,15,0.09755627232787112,0.04877813616393556,0.02594180723434101,0.0
zz,1048,8,15,0.11589968131664663,0.057949840658323315,0.03082830335728733,0.0
zz,1049,24,15,0.11462826962424022,0.05731413481212011,0.030135223187782046,0.0
zz,1050,8,15,0.08947557845255116,0.04473778922627558,0.023802023399794283,0.0
zz,1051,16,15,0.3489917129887926,0.1744958564943963,0.09160499208306347,0.0
zz,1052,8,15,0.15510266167024955,0.07755133083512478,0.04120710111684141,0.0
zz,1053,8,15,0.12636878165943877,0.06318439082971938,0.03359646369497139,0.0
zz,1054,24,15,0.22898414087383775,0.11449207043691888,0.05912396014848625,0.0
zz,1055,8,15,0.10722203474425185,0.053611017372125924,0.028495659255195562,0.0
zz,1056,8,15,0.13018094496893862,0.06509047248446931,0.0345944683880557,0.0
zz,1057,16,15,0.34840910092362376,0.17420455046181188,0.09151079813462436,0.0
zz,1058,8,15,0.07547501475388463,0.037737507376942314,0.020046531479254805,0.0
zz,1059,16,15,0.3820272170777388,0.1910136085388694,0.09955854073446421,0.0
zz,1060,16,15,0.3764524107756365,0.18822620538781826,0.09819929544828694,0.0
zz,1061,24,15,0.06234957176855521,0.031174785884277606,0.01598358485646589,0.0
zz,1062,24,15,0.37342931105649885,0.18671465552824942,0.0959624418613054,0.0
zz,1063,24,15,0.33375513731140993,0.16687756865570497,0.08585577030465165,0.0
zz,1064,24,15,0.25781141798358564,0.12890570899179282,0.06700245383992613,0.0
zz,1065,8,15,0.10725009221517035,0.05362504610758517,0.028501807317681784,0.0
zz,1066,24,15,0.37270644251827945,0.18635322125913972,0.09650515612901639,0.0
zz,1067,16,15,0.36031788795872677,0.18015894397936338,0.09447206357746876,0.0
zz,1068,16,15,0.33559735070373553,0.16779867535186777,0.08824693297940438,0.0
zz,1069,8,15,0.09801043568572176,0.04900521784286088,0.02601583964027119,0.0
zz,1070,8,15,0.09699094750281456,0.04849547375140728,0.025777788921912743,0.0
zz,1071,8,15,0.10633134433804281,0.053165672169021405,0.028267042767303786,0.0
zz,1072,16,15,0.3421948663858786,0.1710974331929393,0.0899395711113584,0.0
zz,1073,16,15,0.294195756907823,0.1470978784539115,0.07701046227330448,0.0
zz,1074,8,15,0.15798559084130093,0.07899279542065046,0.04197086345073134,0.0
zz,1075,24,15,0.328510210151745,0.1642551050758725,0.08442084899332404,0.0
zz,1076,8,15,0.10403258616905264,0.05201629308452632,0.027659845751527763,0.0
zz,1077,16,15,0.37272866634841323,0.18636433317420661,0.09731379687241269,0.0
zz,1078,8,15,0.08413742125983137,0.042068710629915684,0.02238520077845493,0.0
zz,1079,8,15,0.16678890419104586,0.08339445209552293,0.044294907066307405,0.0
zz,1080,24,15,0.3016424783367444,0.1508212391683722,0.07760284728478092,0.0
zz,1081,8,15,0.10309260970988166,0.05154630485494083,0.02741279048211848,0.0
zz,1082,24,15,0.3042473982064817,0.15212369910324086,0.07861741720000097,0.0
zz,1083,8,15,0.06501855789759514,0.03250927894879757,0.017291957121895827,0.0
zz,1084,8,15,0.06374570546140879,0.03187285273070439,0.016953977344435437,0.0
zz,1085,24,15,0.3728664882716064,0.1864332441358032,0.09686851172212921,0.0
zz,1086,16,15,0.35107673473378576,0.17553836736689288,0.09220895810422654,0.0
zz,1087,16,15,0.3626400085392599,0.18132000426962994,0.09473952346534652,0.0
zz,1088,16,15,0.3744173121973391,0.18720865609866955,0.09788487323633617,0.0
zz,1089,8,15,0.06381863394512444,0.03190931697256222,0.01697986233447933,0.0
zz,1090,16,15,0.37575971161927735,0.18787985580963867,0.09819192657767588,0.0
zz,1091,24,15,0.30097863673295666,0.15048931836647833,0.07780353284701369,0.0
zz,1092,8,15,0.1539423752515014,0.0769711876257507,0.040930146524758196,0.0
zz,1093,24,15,0.17968802772875467,0.08984401386437733,0.04725110432129055,0.0
zz,1094,8,15,0.08626675039249054,0.04313337519624527,0.022914817494653458,0.0
zz,1095,16,15,0.3551859062352006,0.1775929531176003,0.09314651234984181,0.0
zz,1096,16,15,0.3487894680977667,0.17439473404888334,0.09162363867609508,0.0
zz,1097,8,15,0.06466540039457858,0.03233270019728929,0.017206537808280572,0.0
zz,1098,24,15,0.3919830011336606,0.1959915005668303,0.10064609066397008,0.0
zz,1099,8,15,0.11233959550081551,0.05616979775040776,0.029885374753897253,0.0
zz,1100,24,15,0.3181754250258666,0.1590877125129333,0.08232513054622431,0.0
zz,1101,16,15,0.34813842475539547,0.17406921237769774,0.09131526711245226,0.0
zz,1102,24,15,0.23224054967452862,0.11612027483726431,0.059274741149698135,0.0
zz,1103,8,15,0.07811938560039078,0.03905969280019539,0.020763335485106487,0.0
zz,1104,24,15,0.2768093391024885,0.13840466955124425,0.07216980011191523,0.0
zz,1105,8,15,0.15254526213379022,0.07627263106689511,0.04055231674921624,0.0
zz,1106,16,15,0.33874451236546876,0.16937225618273438,0.0890798089561417,0.0
zz,1107,24,15,0.016000114282744893,0.008000057141372446,0.003571126110255622,0.0
zz,1108,16,15,0.33129618463276445,0.16564809231638222,0.08705341629748257,0.0
zz,1109,16,15,0.3638891891046946,0.1819445945523473,0.09530354711242792,0.0
zz,1110,16,15,0.36073225295898326,0.18036612647949163,0.0945239475530308,0.0
zz,1111,16,15,0.3082957951149836,0.1541478975574918,0.0810804663008299,0.0
zz,1112,16,15,0.3253604607885537,0.16268023039427684,0.08536132715312286,0.0
zz,1113,16,15,0.34480773475678894,0.17240386737839447,0.09042716192749113,0.0
zz,1114,24,15,0.17779460050126106,0.08889730025063053,0.04571502977498317,0.0
zz,1115,16,15,0.3442472336516814,0.1721236168258407,0.09027148781921077,0.0
zz,1116,8,15,0.15826281754192234,0.07913140877096117,0.04203399458251802,0.0
zz,1117,24,15,0.2662077882752506,0.1331038941376253,0.0688671445065865,0.0
zz,1118,24,15,0.16969266155726137,0.08484633077863069,0.044043373711605056,0.0
zz,1119,24,15,0.10095391100524997,0.05047695550262499,0.026169030352948926,0.0
zz,1120,8,15,0.08821582683007434,0.04410791341503717,0.02343016132648516,0.0
zz,1121,8,15,0.09674825440911594,0.04837412720455797,0.025722473738085064,0.0
zz,1122,8,15,0.1299500773253155,0.06497503866265775,0.03453666227455096,0.0
zz,1123,16,15,0.35270521235099395,0.17635260617549697,0.09241908035995691,0.0
zz,1124,8,15,0.06415256245029588,0.03207628122514794,0.017049428738851742,0.0
zz,1125,24,15,0.40514507912535624,0.20257253956267812,0.10299279711762994,0.0
zz,1126,16,15,0.3036320521082735,0.15181602605413674,0.07971883718611993,0.0
zz,1127,16,15,0.3568706504102318,0.1784353252051159,0.09356676844479374,0.0
zz,1128,16,15,0.3670431395590301,0.18352156977951506,0.09609692243476263,0.0
zz,1129,24,15,0.252578026511328,0.126289013255664,0.0651776334139073,0.0
zz,1130,8,15,0.07309768759054647,0.036548843795273234,0.019442371610981293,0.0
zz,1131,24,15,0.23213231496556896,0.11606615748278448,0.06082952382079078,0.0
zz,1132,16,15,0.33793130329365706,0.16896565164682853,0.0888231457242696,0.0
zz,1133,24,15,0.16313443209856615,0.08156721604928308,0.042539010425937614,0.0
zz,1134,24,15,0.3474313471058401,0.17371567355292006,0.09016083590999417,0.0
zz,1135,16,15,0.3432354564178403,0.17161772820892016,0.09023926005118206,0.0
zz,1136,8,15,0.14891424085002347,0.07445712042501174,0.03961873237180484,0.0
zz,1137,24,15,0.2712705005264841,0.13563525026324205,0.0696798659890638,0.0
zz,1138,8,15,0.07412852608343112,0.03706426304171556,0.01971727566983199,0.0
zz,1139,24,15,0.15777470259116194,0.07888735129558097,0.040402002672449894,0.0
zz,1140,16,15,0.3665584391813646,0.1832792195906823,0.09595187943309094,0.0
zz,1141,24,15,0.3211095876064341,0.16055479380321705,0.08306067925414047,0.0
zz,1142,16,15,0.3354147183519476,0.1677073591759738,0.08806085410428724,0.0
zz,1143,8,15,0.06970077463527569,0.03485038731763784,0.018542796221632272,0.0
zz,1144,8,15,0.07729962888540354,0.03864981444270177,0.020568669165291112,0.0
zz,1145,8,15,0.04919552705948049,0.024597763529740246,0.013067165370317203,0.0
zz,1146,16,15,0.3527449183782946,0.1763724591891473,0.09266176157608316,0.0
zz,1147,24,15,0.08144315701472077,0.040721578507360384,0.020885407788371464,0.0
zz,1148,16,15,0.3570380382809222,0.1785190191404611,0.09342162347233242,0.0
zz,1149,24,15,0.23480879926575704,0.11740439963287852,0.06083598846015616,0.0
zz,1150,24,15,0.3659885141637037,0.18299425708185185,0.09453698973215542,0.0
zz,1151,24,15,0.3217007816535565,0.16085039082677824,0.08212551907679147,0.0
zz,1152,16,15,0.35252113511959676,0.17626056755979838,0.0924451514724973,0.0
zz,1153,8,15,0.10340702719304096,0.05170351359652048,0.027497422579723065,0.0
zz,1154,16,15,0.35872130836030436,0.17936065418015218,0.09383586370526655,0.0
zz,1155,8,15,0.12244864795646437,0.06122432397823219,0.03255932971057822,0.0
zz,1156,24,15,0.15769951368673213,0.07884975684336606,0.04069040724649319,0.0
zz,1157,16,15,0.3464403959237846,0.1732201979618923,0.09104461480221553,0.0
zz,1158,8,15,0.11675753596958638,0.05837876798479319,0.031041747815905837,0.0
zz,1159,8,15,0.13213943938521044,0.06606971969260522,0.03508651350554746,0.0
zz,1160,8,15,0.10860863201764115,0.054304316008820575,0.02888039575296133,0.0
zz,1161,16,15,0.32838377702890026,0.16419188851445013,0.08621589951387917,0.0
zz,1162,16,15,0.3588288367137972,0.1794144183568986,0.09408889557045332,0.0
zz,1163,8,15,0.11609538240123318,0.05804769120061659,0.030851255521377775,0.0
zz,1164,8,15,0.08396461461861748,0.04198230730930874,0.022331478712986717,0.0
zz,1165,8,15,0.1227231249644889,0.06136156248224445,0.03256673107529229,0.0
zz,1166,24,15,0.2648156497019498,0.1324078248509749,0.06853839689790275,0.0
zz,1167,8,15,0.09219698510315688,0.04609849255157844,0.02450795299816726,0.0
zz,1168,8,15,0.11438863006569044,0.05719431503284522,0.030400557686663988,0.0
zz,1169,8,15,0.10674984076803651,0.053374920384018254,0.028388765424669758,0.0
zz,1170,8,15,0.11544147785203007,0.057720738926015036,0.030693333471244217,0.0
zz,1171,8,15,0.10353036312143937,0.051765181560719686,0.027546062618275347,0.0
zz,1172,16,15,0.3476078468857555,0.17380392344287776,0.09115905168187961,0.0
zz,1173,8,15,0.12610887755644207,0.06305443877822103,0.033480378606951654,0.0
zz,1174,8,15,0.05042717571838318,0.02521358785919159,0.013405355842133744,0.0
zz,1175,24,15,0.24212729278965214,0.12106364639482607,0.0625868768731056,0.0
zz,1176,24,15,0.4183037433603107,0.20915187168015534,0.10805216166862816,0.0
zz,1177,8,15,0.12655979945490103,0.06327989972745052,0.033588107941766046,0.0
zz,1178,24,15,0.23631155689613964,0.11815577844806982,0.060545711060542545,0.0
zz,1179,16,15,0.3772986396206868,0.1886493198103434,0.09860131321725701,0.0
zz,1180,24,15,0.12515621385939185,0.06257810692969593,0.031870618575599835,0.0
zz,1181,8,15,0.10022976583995791,0.050114882919978954,0.026638005186420847,0.0
zz,1182,16,15,0.3519467040605986,0.1759733520302993,0.09228697319993938,0.0
zz,1183,24,15,0.34555894961538314,0.17277947480769157,0.08897954881634042,0.0
zz,1184,16,15,0.33932119910996134,0.16966059955498067,0.08898903313785837,0.0
zz,1185,24,15,0.26115271602396867,0.13057635801198433,0.0677301194241029,0.0
zz,1186,24,15,0.33145161471055884,0.16572580735527942,0.08538234917694351,0.0
zz,1187,16,15,0.33515297700386837,0.16757648850193418,0.08808808484483611,0.0
zz,1188,16,15,0.35898518922203726,0.17949259461101863,0.09405578042736039,0.0
zz,1189,16,15,0.34878240932355514,0.17439120466177757,0.09133294899165345,0.0
zz,1190,16,15,0.34785696117748355,0.17392848058874177,0.09144694982088897,0.0
zz,1191,8,15,0.0803635821305494,0.0401817910652747,0.021372261091649705,0.0
zz,1192,8,15,0.11347207372548529,0.056736036862742645,0.030159056321929768,0.0
zz,1193,16,15,0.3534589073855329,0.17672945369276644,0.0926493661960323,0.0
zz,1194,24,15,0.12895561982484105,0.06447780991242053,0.033316843299587715,0.0
zz,1195,8,15,0.06838443490496471,0.034192217452482354,0.01819716513414289,0.0
zz,1196,16,15,0.3416614724824597,0.17083073624122985,0.08986778959820836,0.0
zz,1197,24,15,0.3176723231126799,0.15883616155633995,0.08188991174906106,0.0
zz,1198,16,15,0.3728887942122715,0.18644439710613575,0.09754613905246132,0.0
zz,1199,16,15,0.3481242333566315,0.17406211667831575,0.09123244404807303,0.0
zz,1200,16,15,0.3201161242666625,0.16005806213333126,0.08398611943587563,0.0
zz,1201,8,15,0.10024569645358117,0.050122848226790584,0.026653822375370898,0.0
zz,1202,16,15,0.3316871722559904,0.1658435861279952,0.08738054477280842,0.0
zz,1203,16,15,0.35766590250813657,0.17883295125406828,0.09335929324144154,0.0
zz,1204,8,15,0.10854050101118418,0.05427025050559209,0.028854293012307426,0.0
zz,1205,16,15,0.3428475544060772,0.1714237772030386,0.08986220967765153,0.0
zz,1206,8,15,0.10831024909399378,0.05415512454699689,0.028793043895459468,0.0
zz,1207,16,15,0.27610774315598136,0.13805387157799068,0.07247642259510914,0.0
zz,1208,24,15,0.28309690125763787,0.14154845062881893,0.07253311961747802,0.0
zz,1209,8,15,0.04699691375426751,0.023498456877133755,0.012504929525542696,0.0
zz,1210,8,15,0.07165086643672347,0.035825433218361735,0.019035902863492726,0.0
zz,1211,24,15,0.2482959562734706,0.1241479781367353,0.06465769444628724,0.0
zz,1212,24,15,0.4182460041342584,0.2091230020671292,0.10765651949347824,0.0
zz,1213,16,15,0.338973307080359,0.1694866535401795,0.08899034150425246,0.0
zz,1214,8,15,0.1654442945508336,0.0827221472754168,0.04399481851258534,0.0
zz,1215,8,15,0.06210804122028024,0.03105402061014012,0.01652551718757683,0.0
zz,1216,16,15,0.3384307299547793,0.16921536497738965,0.08878561085470316,0.0
zz,1217,16,15,0.29414614485093354,0.14707307242546677,0.07733838092199731,0.0
zz,1218,24,15,0.2607417951589889,0.13037089757949444,0.06820498408867777,0.0
zz,1219,16,15,0.3313465766636717,0.16567328833183584,0.08692936104094348,0.0
zz,1220,24,15,0.2671784322863846,0.1335892161431923,0.0690605033625229,0.0
zz,1221,8,15,0.09246294708156,0.04623147354078,0.024588763287589157,0.0
zz,1222,8,15,0.05826966640598741,0.029134833202993704,0.015496107006224865,0.0
zz,1223,16,15,0.35197450918709366,0.17598725459354683,0.09209646128823927,0.0
zz,1224,8,15,0.1676760685404859,0.08383803427024294,0.04455827295082334,0.0
zz,1225,16,15,0.3658463253512202,0.1829231626756101,0.09570386350478063,0.0
zz,1226,16,15,0.3660590764361393,0.18302953821806964,0.09566886353193586,0.0
zz,1227,16,15,0.3620157461352395,0.18100787306761976,0.09477287858092515,0.0
zz,1228,16,15,0.36183968184448856,0.18091984092224428,0.09485551962249177,0.0
zz,1229,24,15,0.33962034283243003,0.16981017141621502,0.08832596043269854,0.0
zz,1230,24,15,0.2627914534150908,0.1313957267075454,0.06734819660717853,0.0
zz,1231,8,15,0.058186210132949334,0.029093105066474667,0.015472711689893408,0.0
zz,1232,8,15,0.08623542793131844,0.04311771396565922,0.02290781741740004,0.0
zz,1233,8,15,0.08915287245841474,0.04457643622920737,0.023718694040646037,0.0
zz,1234,24,15,0.08673358924810032,0.04336679462405016,0.02172815246332756,0.0
zz,1235,16,15,0.344266824868634,0.172133412434317,0.09048668192553991,0.0
zz,1236,24,15,0.09321890990934822,0.04660945495467411,0.024211397160362493,0.0
zz,1237,24,15,0.40160129943065376,0.20080064971532688,0.10311394148018767,0.0
zz,1238,8,15,0.06485459468490773,0.032427297342453865,0.01723764355765039,0.0
zz,1239,16,15,0.34353078002595094,0.17176539001297547,0.0903023141349942,0.0
zz,1240,16,15,0.3346442856224483,0.16732214281122415,0.08800123803391238,0.0
zz,1241,8,15,0.10029082873250172,0.05014541436625086,0.026654671038801845,0.0
zz,1242,16,15,0.3494567422521778,0.1747283711260889,0.09167301470937907,0.0
zz,1243,8,15,0.11377010947624866,0.05688505473812433,0.030246723739926252,0.0
zz,1244,16,15,0.33560581988870414,0.16780290994435207,0.0883575347109695,0.0
zz,1245,8,15,0.14507280380960702,0.07253640190480351,0.03857549431607309,0.0
zz,1246,16,15,0.3081334678387665,0.15406673391938325,0.08077661879550203,0.0
zz,1247,16,15,0.33255067981233893,0.16627533990616947,0.08713962827076137,0.0
zz,1248,16,15,0.3460021181556513,0.17300105907782565,0.09056814347710164,0.0
zz,1249,8,15,0.10186488623024803,0.050932443115124015,0.027084461665122506,0.0
zz,1250,8,15,0.1030869629750486,0.0515434814875243,0.02742447759264645,0.0
zz,1251,24,15,0.19286009810239968,0.09643004905119984,0.050205476521741586,0.0
zz,1252,8,15,0.13632778715416682,0.06816389357708341,0.03622704712628444,0.0
zz,1253,16,15,0.35590904679002683,0.17795452339501341,0.09334998262061812,0.0
zz,1254,24,15,0.29435127134536854,0.14717563567268427,0.07555267491221143,0.0
zz,1255,24,15,0.27209531575033397,0.13604765787516698,0.06981254544555493,0.0
zz,1256,24,15,0.01843546594621681,0.009217732973108406,0.004995879603671187,0.0
zz,1257,16,15,0.3346869629978856,0.1673434814989428,0.08743473948390763,0.0
zz,1258,16,15,0.2825378404279742,0.1412689202139871,0.0744756839447586,0.0
zz,1259,16,15,0.3319122110066578,0.1659561055033289,0.08721898519513954,0.0
zz,1260,8,15,0.08390829083214701,0.04195414541607351,0.02232723485266912,0.0
zz,1261,24,15,0.23613304114284206,0.11806652057142103,0.06203214089390423,0.0
zz,1262,16,15,0.31770715812283334,0.15885357906141667,0.08338559782809947,0.0
zz,1263,8,15,0.07583372503158814,0.03791686251579407,0.020164711370219572,0.0
zz,1264,8,15,0.14115892789709933,0.07057946394854966,0.03756666503511636,0.0
zz,1265,16,15,0.30007852776185195,0.15003926388092598,0.07878044760139834,0.0
zz,1266,24,15,0.3951970719602128,0.1975985359801064,0.10213597492625794,0.0
zz,1267,24,15,0.28026702470211007,0.14013351235105503,0.0730261988599165,0.0
zz,1268,24,15,0.19183254029503072,0.09591627014751536,0.049656722605934706,0.0
zz,1269,24,15,0.06945644671992407,0.034728223359962035,0.018591013238426227,0.0
zz,1270,8,15,0.12101959168414078,0.06050979584207039,0.03217743209058432,0.0
zz,1271,8,15,0.10895875660773202,0.05447937830386601,0.028974642963931294,0.0
zz,1272,24,15,0.31317082686454567,0.15658541343227284,0.07956728385631057,0.0
zz,1273,24,15,0.2578419896693913,0.12892099483469566,0.06556470124514686,0.0
zz,1274,24,15,0.2135384850646846,0.1067692425323423,0.0547669759414606,0.0
zz,1275,16,15,0.3220861871110441,0.16104309355552204,0.08450949890990547,0.0
zz,1276,8,15,0.13758446549978431,0.06879223274989216,0.03658052070550873,0.0
zz,1277,8,15,0.14847172788044638,0.07423586394022319,0.039470692703023245,0.0
zz,1278,8,15,0.11210814753056109,0.05605407376528054,0.02978968478413669,0.0
zz,1279,24,15,0.24687117539776862,0.12343558769888431,0.06336271898892369,0.0
zz,1280,24,15,0.3215379900948583,0.16076899504742914,0.08227588633542413,0.0
zz,1281,16,15,0.3501647155551717,0.17508235777758585,0.09197000440184712,0.0
zz,1282,8,15,0.08064564176552402,0.04032282088276201,0.021459332525970824,0.0
zz,1283,16,15,0.37052098163494146,0.18526049081747073,0.09692377859178196,0.0
zz,1284,24,15,0.3429260053658222,0.1714630026829111,0.08847852118810459,0.0
zz,1285,24,15,0.2292574534791661,0.11462872673958305,0.05971923418118788,0.0
zz,1286,16,15,0.37750325653116223,0.18875162826558112,0.09858570869714539,0.0
zz,1287,24,15,0.031698461167086855,0.015849230583543428,0.008322969376880077,0.0
zz,1288,24,15,0.16264028857558094,0.08132014428779047,0.041714752659937314,0.0
zz,1289,16,15,0.35839744841738663,0.17919872420869332,0.09372922737874338,0.0
zz,1290,24,15,0.3112535163742165,0.15562675818710825,0.07927216156546474,0.0
zz,1291,8,15,0.13689814092071084,0.06844907046035542,0.03637567598653391,0.0
zz,1292,16,15,0.37383282850344085,0.18691641425172043,0.09770249718560334,0.0
zz,1293,16,15,0.33116778691560833,0.16558389345780417,0.08677194817262436,0.0
zz,1294,24,15,0.045829363064298745,0.022914681532149372,0.012679926058558836,0.0
zz,1295,8,15,0.15622562817363256,0.07811281408681628,0.04147867326599316,0.0
zz,1296,24,15,0.3606158277798922,0.1803079138899461,0.09304693712681937,0.0
zz,1297,24,15,0.26599653250354005,0.13299826625177003,0.06963138769034938,0.0
zz,1298,16,15,0.3366538844550473,0.16832694222752365,0.08851207565006909,0.0
zz,1299,8,15,0.1259117296570207,0.06295586482851034,0.03344332635846982,0.0
zz,1300,24,15,0.23366739341152634,0.11683369670576317,0.05994031735395644,0.0
zz,1301,8,15,0.11036854956189668,0.05518427478094834,0.029356586335254554,0.0
zz,1302,8,15,0.07555221198357054,0.03777610599178527,0.02008449298370974,0.0
zz,1303,16,15,0.3774715763183109,0.18873578815915545,0.09850846233463224,0.0
zz,1304,24,15,0.20432043093702815,0.10216021546851407,0.052541632153714816,0.0
zz,1305,8,15,0.10442983979839182,0.05221491989919591,0.02773746358642885,0.0
zz,1306,24,15,0.2862420725475175,0.14312103627375874,0.0738496282716723,0.0
zz,1307,16,15,0.308484451503311,0.1542422257516555,0.08083933750212172,0.0
zz,1308,8,15,0.14153715116715543,0.07076857558357771,0.03762329308142309,0.0
zz,1309,8,15,0.09662192534043001,0.04831096267021501,0.02572698621670455,0.0
zz,1310,8,15,0.08610354698735179,0.04305177349367589,0.022888274801673162,0.0
zz,1311,16,15,0.31577728493431134,0.15788864246715567,0.08282193876338965,0.0
zz,1312,8,15,0.11616585273116253,0.05808292636558127,0.030872438642317198,0.0
zz,1313,8,15,0.08329791602697989,0.041648958013489945,0.022167764891879046,0.0
zz,1314,8,15,0.1091658812736529,0.05458294063682645,0.02901920817794131,0.0
zz,1315,8,15,0.11763751854539362,0.05881875927269681,0.031239087354904844,0.0
zz,1316,24,15,0.2040524684268832,0.1020262342134416,0.05294207553571151,0.0
zz,1317,24,15,0.11631785706675696,0.05815892853337848,0.030398844144460986,0.0
zz,1318,24,15,0.2397716689006879,0.11988583445034395,0.061492898886100385,0.0
zz,1319,24,15,0.2284889052738998,0.1142444526369499,0.05956454123046832,0.0
zz,1320,24,15,0.25561721809679816,0.12780860904839908,0.06564673174712084,0.0
zz,1321,24,15,0.4247474966001372,0.2123737483000686,0.1087912479185813,0.0
zz,1322,16,15,0.3363834920733416,0.1681917460366708,0.08858402967031465,0.0
zz,1323,8,15,0.08555784765317953,0.042778923826589765,0.02275577839500951,0.0
zz,1324,16,15,0.35399943107980636,0.17699971553990318,0.09291165691796827,0.0
zz,1325,24,15,0.10107733748139969,0.050538668740699844,0.026644191963337196,0.0
zz,1326,24,15,0.205987000650771,0.1029935003253855,0.05336255487106331,0.0
zz,1327,24,15,0.30983892312814015,0.15491946156407008,0.08021821724351988,0.0
zz,1328,24,15,0.36985329084138396,0.18492664542069198,0.0945005226441257,0.0
zz,1329,24,15,0.18208667735133904,0.09104333867566952,0.04779748324796955,0.0
zz,1330,24,15,0.14035586683058798,0.07017793341529399,0.03651218871317496,0.0
zz,1331,24,15,0.2905112063048455,0.14525560315242275,0.0740547570103387,0.0
zz,1332,24,15,0.33613369554252925,0.16806684777126463,0.08687383597904144,0.0
zz,1333,16,15,0.34297971705941754,0.17148985852970877,0.09018440796631917,0.0
zz,1334,16,15,0.3228832546877295,0.16144162734386475,0.08466551512355815,0.0
zz,1335,16,15,0.3402003722023993,0.17010018610119965,0.08949753579013535,0.0
zz,1336,24,15,0.3141049421575169,0.15705247107875844,0.08017744205052008,0.0
zz,1337,8,15,0.10662901712147088,0.05331450856073544,0.028329863755396034,0.0
zz,1338,8,15,0.0921031263650871,0.04605156318254355,0.024498171645710776,0.0
zz,1339,24,15,0.35597154280525534,0.17798577140262767,0.09229548588731748,0.0
zz,1340,24,15,0.4082286557047933,0.20411432785239664,0.1055286935446033,0.0
zz,1341,24,15,0.06163917396836477,0.030819586984182384,0.015344383078300364,0.0
zz,1342,8,15,0.04336631416577219,0.021683157082886095,0.011534638921069445,0.0
zz,1343,16,15,0.3573829652007229,0.17869148260036144,0.09376861655364448,0.0
zz,1344,24,15,0.15380485957815726,0.07690242978907863,0.03978818217833734,0.0
zz,1345,24,15,0.34978295824225436,0.17489147912112718,0.0910874228651448,0.0
zz,1346,8,15,0.08762670568207775,0.04381335284103888,0.02327329998930845,0.0
zz,1347,16,15,0.33765576923502383,0.16882788461751191,0.08883079143844679,0.0
zz,1348,16,15,0.37702604209623625,0.18851302104811812,0.09851916884938446,0.0
zz,1349,16,15,0.2858366745766944,0.1429183372883472,0.07499011139911597,0.0
zz,1350,8,15,0.09375790462773748,0.04687895231386874,0.024922387793931817,0.0
zz,1351,8,15,0.1643728709408846,0.0821864354704423,0.04366379080602696,0.0
zz,1352,8,15,0.09432440178134727,0.04716220089067363,0.025086375294035738,0.0
zz,1353,16,15,0.3448557183084886,0.1724278591542443,0.09069118572972365,0.0
zz,1354,8,15,0.1168587486128988,0.0584293743064494,0.031079213871754895,0.0
zz,1355,8,15,0.15361358951738247,0.07680679475869123,0.040834975948261285,0.0
zz,1356,8,15,0.08280936140801787,0.041404680704008934,0.022011205669259286,0.0
zz,1357,8,15,0.1251627936647708,0.0625813968323854,0.03325805929701147,0.0
zz,1358,16,15,0.3393547749675614,0.1696773874837807,0.08900880553744879,0.0
zz,1359,16,15,0.3311650635659518,0.1655825317829759,0.08707298147167435,0.0
zz,1360,24,15,0.3389606561486951,0.16948032807434754,0.08715266101631612,0.0
zz,1361,8,15,0.07722066361592128,0.03861033180796064,0.020518765576446364,0.0
zz,1362,16,15,0.3499432549607284,0.1749716274803642,0.09192786153341721,0.0
zz,1363,24,15,0.3061094615850011,0.15305473079250054,0.07891060871976982,0.0
zz,1364,16,15,0.3513626263037233,0.17568131315186164,0.09192290368487935,0.0
zz,1365,8,15,0.13188416912715528,0.06594208456357764,0.03504828093753408,0.0
zz,1366,8,15,0.12596551417077584,0.06298275708538792,0.03349332182363362,0.0
zz,1367,16,15,0.3487824920465566,0.1743912460232783,0.09167195318120061,0.0
zz,1368,8,15,0.10819732112175862,0.05409866056087931,0.028775199285564622,0.0
zz,1369,8,15,0.06538023523109115,0.03269011761554558,0.017388247972970037,0.0
zz,1370,8,15,0.10200089205999419,0.05100044602999709,0.02713390236705604,0.0
zz,1371,24,15,0.37372048293258897,0.18686024146629449,0.09608491413497632,0.0
zz,1372,8,15,0.07704130421768707,0.038520652108843534,0.020462583869790274,0.0
zz,1373,8,15,0.06476846233706846,0.03238423116853423,0.01722736935965315,0.0
zz,1374,24,15,0.2843373051815923,0.14216865259079614,0.07270092476931518,0.0
zz,1375,8,15,0.08066578472704489,0.04033289236352244,0.02147487202233606,0.0
zz,1376,24,15,0.20821055642871616,0.10410527821435808,0.053529519395344956,0.0
zz,1377,16,15,0.3691320702451997,0.18456603512259984,0.0965031789753293,0.0
zz,1378,16,15,0.314135318632625,0.1570676593163125,0.08251793280815636,0.0
zz,1379,8,15,0.10736059834962852,0.05368029917481426,0.028545230305840774,0.0
zz,1380,16,15,0.369724430248398,0.184862215124199,0.09658900817970216,0.0
zz,1381,16,15,0.37980359998836205,0.18990179999418103,0.09908905567913241,0.0
zz,1382,16,15,0.36042099988708687,0.18021049994354343,0.09433501562884504,0.0
zz,1383,16,15,0.34488335589842556,0.17244167794921278,0.0906638249331034,0.0
zz,1384,16,15,0.35570202187320343,0.17785101093660172,0.09315264779626246,0.0
zz,1385,24,15,0.07575099812770092,0.03787549906385046,0.020159181051766475,0.0
zz,1386,8,15,0.11653711232739106,0.05826855616369553,0.030942536341932433,0.0
zz,1387,24,15,0.20264610852519602,0.10132305426259801,0.05116186767240782,0.0
zz,1388,24,15,0.29966550995177266,0.14983275497588633,0.07811831727157179,0.0
zz,1389,8,15,0.05582648438524496,0.02791324219262248,0.014840529147657492,0.0
zz,1390,16,15,0.32571549845970726,0.16285774922985363,0.08536666622163112,0.0
zz,1391,16,15,0.3687390403058961,0.18436952015294805,0.09627146256692234,0.0
zz,1392,16,15,0.3439321168457861,0.17196605842289306,0.09044724468981712,0.0
zz,1393,24,15,0.18200813604063032,0.09100406802031516,0.048025236253486266,0.0
zz,1394,8,15,0.10963058540874548,0.05481529270437274,0.029110689508321963,0.0
zz,1395,24,15,0.14696749765142747,0.07348374882571374,0.03888607375881878,0.0
zz,1396,8,15,0.09655432841056621,0.04827716420528311,0.02565040902762703,0.0
zz,1397,8,15,0.08034454335218222,0.04017227167609111,0.02135159701036601,0.0
zz,1398,8,15,0.16975849134505172,0.08487924567252586,0.045113096974671335,0.0
zz,1399,24,15,0.22671175821472828,0.11335587910736414,0.059253764995631245,0.0
zz,1400,16,15,0.3508500298424438,0.1754250149212219,0.09191123275360472,0.0
zz,1401,16,15,0.3739210505431519,0.18696052527157594,0.09769828823971335,0.0
zz,1402,24,15,0.3636051230654024,0.1818025615327012,0.09327861549556055,0.0
zz,1403,16,15,0.34011231546901466,0.17005615773450733,0.08917769751585143,0.0
zz,1404,24,15,0.38315262640396563,0.19157631320198282,0.0986444452348883,0.0
zz,1405,24,15,0.42915401618911,0.214577008094555,0.11059194683935587,0.0
zz,1406,24,15,0.3104493344935616,0.1552246672467808,0.08103269404683658,0.0
zz,1407,16,15,0.32594391278055246,0.16297195639027623,0.08580416028630529,0.0
zz,1408,16,15,0.352147848088303,0.1760739240441515,0.09208907333013885,0.0
zz,1409,8,15,0.14351500397665584,0.07175750198832792,0.03817563725235919,0.0
zz,1410,24,15,0.02984128671547237,0.014920643357736185,0.006225093557175691,0.0
zz,1411,24,15,0.380389408797682,0.190194704398841,0.09771308944634734,0.0
zz,1412,16,15,0.35200673075497435,0.17600336537748718,0.0921325585846728,0.0
zz,1413,8,15,0.10395969836192342,0.05197984918096171,0.027596857492268752,0.0
zz,1414,24,15,0.3583675612369085,0.17918378061845425,0.0921726970820085,0.0
zz,1415,16,15,0.31038554221539594,0.15519277110769797,0.08124998354872437,0.0
zz,1416,8,15,0.12858558659141228,0.06429279329570614,0.03417516829011028,0.0
zz,1417,16,15,0.31490237386243647,0.15745118693121823,0.0824035559781995,0.0
zz,1418,8,15,0.07885493432737112,0.03942746716368556,0.02096396873037152,0.0
zz,1419,24,15,0.3291947119779677,0.16459735598898384,0.08510099506902624,0.0
zz,1420,16,15,0.37503426219253416,0.18751713109626708,0.09793321867519131,0.0
zz,1421,16,15,0.32701194719145366,0.16350597359572683,0.08576168988003553,0.0
zz,1422,24,15,0.12928421980361232,0.06464210990180616,0.03388847006487212,0.0
zz,1423,24,15,0.33763934941256457,0.16881967470628229,0.08751652086101337,0.0
zz,1424,8,15,0.07246867116652456,0.03623433558326228,0.01924870103405656,0.0
zz,1425,16,15,0.3449385482780338,0.1724692741390169,0.09069884536531307,0.0
zz,1426,8,15,0.09650827796238548,0.04825413898119274,0.02566468468661707,0.0
zz,1427,24,15,0.03308451365966347,0.016542256829831736,0.008845934200077461,0.0
zz,1428,16,15,0.3665563598943877,0.18327817994719384,0.0959457585470718,0.0
zz,1429,8,15,0.08693535873983127,0.043467679369915635,0.023131423198919053,0.0
zz,1430,8,15,0.08566279759694695,0.042831398798473475,0.022780901214469264,0.0
zz,1431,24,15,0.19596261459656125,0.09798130729828063,0.051274318091841097,0.0
zz,1432,8,15,0.09208932162089578,0.04604466081044789,0.024475428504620752,0.0
zz,1433,24,15,0.20046631101700707,0.10023315550850354,0.05181477091097621,0.0
zz,1434,8,15,0.11805630510540488,0.05902815255270244,0.031360288368773706,0.0
zz,1435,8,15,0.06791379340465686,0.03395689670232843,0.018059566216016506,0.0
zz,1436,8,15,0.0657258495587294,0.0328629247793647,0.017487560253420516,0.0
zz,1437,16,15,0.36398719867181584,0.18199359933590792,0.0952602853549426,0.0
zz,1438,8,15,0.057525213782611995,0.028762606891305997,0.015273007084514022,0.0
zz,1439,24,15,0.09829537921606568,0.04914768960803284,0.02563509074293247,0.0
zz,1440,16,15,0.2955385583106671,0.14776927915533355,0.07753217062364666,0.0
zz,1441,8,15,0.07698829523271555,0.03849414761635778,0.02048237647904765,0.0
zz,1442,24,15,0.37815868052363283,0.18907934026181641,0.09794649466151768,0.0
zz,1443,16,15,0.3447208597498561,0.17236042987492806,0.09045848286218318,0.0
zz,1444,16,15,0.3509016844089269,0.17545084220446344,0.09198822212487297,0.0
zz,1445,16,15,0.3798391812946229,0.18991959064731145,0.09918272551927645,0.0
zz,1446,24,15,0.03288630033093515,0.016443150165467574,0.008784722480056285,0.0
zz,1447,24,15,0.15232064695123082,0.07616032347561541,0.0400534896472796,0.0
zz,1448,16,15,0.37261231940767026,0.18630615970383513,0.09752937925771105,0.0
zz,1449,24,15,0.2036572259380453,0.10182861296902265,0.05317499034612934,0.0
zz,1450,8,15,0.11564021082499565,0.057820105412497824,0.030705922186172754,0.0
zz,1451,16,15,0.32132314804050177,0.16066157402025089,0.0844311905453757,0.0
zz,1452,8,15,0.040380640218193764,0.020190320109096882,0.010731072971548872,0.0
zz,1453,24,15,0.2908317061686073,0.14541585308430366,0.07443242382290544,0.0
zz,1454,24,15,0.16088999486954725,0.08044499743477362,0.041835510047069084,0.0
zz,1455,16,15,0.3568171723465723,0.17840858617328614,0.0936417640352869,0.0
zz,1456,8,15,0.13283475039416437,0.06641737519708218,0.03529458700471953,0.0
zz,1457,24,15,0.070268274194489,0.0351341370972445,0.018297394252552394,0.0
zz,1458,8,15,0.07397952463738255,0.03698976231869128,0.01967206180821662,0.0
zz,1459,8,15,0.05902310448700543,0.029511552243502714,0.015686472418317065,0.0
zz,1460,16,15,0.3515297142026647,0.17576485710133236,0.09210297364358956,0.0
zz,1461,8,15,0.09918582661486242,0.04959291330743121,0.02638623595609187,0.0
zz,1462,24,15,0.07440441588713775,0.03720220794356888,0.01993322394155157,0.0
zz,1463,8,15,0.12961234167425462,0.06480617083712731,0.034432560594295974,0.0
zz,1464,16,15,0.3568227704957406,0.1784113852478703,0.09364838492582023,0.0
zz,1465,24,15,0.05868499031292085,0.029342495156460424,0.014867417649128294,0.0
zz,1466,16,15,0.36323876191546545,0.18161938095773272,0.09524637694598383,0.0
zz,1467,24,15,0.22317204276494218,0.11158602138247109,0.0573722446415613,0.0
zz,1468,24,15,0.3305168916668648,0.1652584458334324,0.08612221852582877,0.0
zz,1469,8,15,0.09640088720964579,0.048200443604822896,0.02560892304456739,0.0
zz,1470,8,15,0.06742163263118117,0.033710816315590586,0.017917510962746592,0.0
zz,1471,24,15,0.2306690822402465,0.11533454112012324,0.05940606511598933,0.0
zz,1472,16,15,0.3444479047935892,0.1722239523967946,0.09056303572818886,0.0
zz,1473,16,15,0.3283510821121862,0.1641755410560931,0.08620343848873226,0.0
zz,1474,8,15,0.12573192603182148,0.06286596301591074,0.0334557610211403,0.0
zz,1475,8,15,0.06994528758003749,0.03497264379001874,0.018597587944169422,0.0
zz,1476,24,15,0.08877446703929837,0.04438723351964918,0.023857212900730767,0.0
zz,1477,24,15,0.35769309548908657,0.17884654774454328,0.09228329244596616,0.0
zz,1478,8,15,0.11451918621491308,0.05725959310745654,0.03047561367086012,0.0
zz,1479,8,15,0.07639167158141058,0.03819583579070529,0.020305630130740302,0.0
zz,1480,16,15,0.2780928706885429,0.13904643534427144,0.0731198229107774,0.0
zz,1481,24,15,0.3031694288867516,0.1515847144433758,0.07706536901687301,0.0
zz,1482,8,15,0.15312919553090248,0.07656459776545124,0.040715892743795716,0.0
zz,1483,8,15,0.10286237914986185,0.051431189574930924,0.027315848775014615,0.0
zz,1484,16,15,0.3306995087701172,0.1653497543850586,0.08694329087275728,0.0
zz,1485,8,15,0.1273496374904578,0.0636748187452289,0.033830304605893605,0.0
zz,1486,16,15,0.34926449257927517,0.17463224628963758,0.0918107536457634,0.0
zz,1487,24,15,0.23945003692635072,0.11972501846317536,0.06169502545674892,0.0
zz,1488,16,15,0.3529378806690593,0.17646894033452964,0.09242600842360092,0.0
zz,1489,24,15,0.34084412043877177,0.17042206021938588,0.08788674877170939,0.0
zz,1490,16,15,0.3560420614107679,0.17802103070538394,0.09341683465567911,0.0
zz,1491,16,15,0.34549593684793106,0.17274796842396553,0.09074427060937319,0.0
zz,1492,24,15,0.08650692743470961,0.043253463717354806,0.0228274781987682,0.0
zz,1493,16,15,0.36309898651364503,0.18154949325682251,0.09488204265408667,0.0
zz,1494,8,15,0.10960137887588683,0.05480068943794342,0.029134119494753263,0.0
zz,1495,8,15,0.12749380514291275,0.06374690257145638,0.03387245725635204,0.0
zz,1496,8,15,0.10142637896502227,0.050713189482511134,0.026937043123528757,0.0
zz,1497,8,15,0.10682191977660793,0.053410959888303966,0.02839075591510103,0.0
zz,1498,8,15,0.16219362112184066,0.08109681056092033,0.04314309994867159,0.0
zz,1499,8,15,0.1608916539605711,0.08044582698028555,0.042785842210030116,0.0
zz,1500,8,15,0.12345501118126401,0.061727505590632004,0.03275669812857251,0.0
zz,1501,8,15,0.06394299230197487,0.03197149615098743,0.0170024175384128,0.0
zz,1502,16,15,0.31240897634871445,0.15620448817435723,0.08209503516779203,0.0
zz,1503,16,15,0.36774347743518543,0.18387173871759271,0.09621142676171471,0.0
zz,1504,24,15,0.39218511115214894,0.19609255557607447,0.100135404034539,0.0
zz,1505,16,15,0.3595370736710698,0.1797685368355349,0.09433891893569787,0.0
zz,1506,24,15,0.16135993984154473,0.08067996992077237,0.041348166230916084,0.0
zz,1507,24,15,0.37738314547503427,0.18869157273751713,0.09717994857780318,0.0
zz,1508,24,15,0.2997766548046973,0.14988832740234864,0.07816617937704916,0.0
zz,1509,24,15,0.18580453757414553,0.09290226878707276,0.048049197112152026,0.0
zz,1510,24,15,0.35897558147620523,0.17948779073810261,0.09308714103269142,0.0
zz,1511,16,15,0.34051141819505976,0.17025570909752988,0.08956347193825723,0.0
zz,1512,16,15,0.3423091780836479,0.17115458904182396,0.09003820687731379,0.0
zz,1513,8,15,0.12513681909876007,0.06256840954938003,0.033240182840294175,0.0
zz,1514,16,15,0.3443394077019126,0.1721697038509563,0.09028344955076917,0.0
zz,1515,24,15,0.3166502646838594,0.1583251323419297,0.08168901118604116,0.0
zz,1516,8,15,0.0899619253955195,0.04498096269775975,0.023908769998103926,0.0
zz,1517,16,15,0.34858965601548025,0.17429482800774013,0.09152953213435429,0.0
zz,1518,24,15,0.12450909124123155,0.062254545620615775,0.03227272040917008,0.0
zz,1519,16,15,0.35596230271489404,0.17798115135744702,0.09331624153057075,0.0
zz,1520,24,15,0.05317504365589665,0.026587521827948324,0.01477939018552918,0.0
zz,1521,8,15,0.11495440129685752,0.05747720064842876,0.030561331003397942,0.0
zz,1522,24,15,0.07589986818806138,0.03794993409403069,0.01894819876466033,0.0
zz,1523,24,15,0.3961321992931776,0.1980660996465888,0.10155311124578818,0.0
zz,1524,8,15,0.08014459328240153,0.040072296641200766,0.021312824641758047,0.0
zz,1525,8,15,0.08681494498072906,0.04340747249036453,0.02308004621523408,0.0
zz,1526,24,15,0.43489136262074846,0.21744568131037423,0.11175309504552994,0.0
zz,1527,8,15,0.07809849484370057,0.039049247421850286,0.020767801764181745,0.0
zz,1528,24,15,0.20097604062742125,0.10048802031371062,0.0521095334477686,0.0
zz,1529,8,15,0.08862766751931472,0.04431383375965736,0.02353868597357578,0.0
zz,1530,8,15,0.1047824761524524,0.0523912380762262,0.027848800752617843,0.0
zz,1531,24,15,0.37283631981629894,0.18641815990814947,0.09631822791399793,0.0
zz,1532,8,15,0.10050508000217895,0.050252540001089474,0.026718588670847834,0.0
zz,1533,16,15,0.33681854945738376,0.16840927472869188,0.08848598622542804,0.0
zz,1534,16,15,0.34779631235107156,0.17389815617553578,0.09097336968328454,0.0
zz,1535,24,15,0.2871495457346914,0.1435747728673457,0.07371495921860305,0.0
zz,1536,16,15,0.3578097914043632,0.1789048957021816,0.09363094156570688,0.0
zz,1537,16,15,0.378604831003538,0.189302415501769,0.09880533964622733,0.0
zz,1538,24,15,0.07139938372746996,0.03569969186373498,0.019269343991357504,0.0
zz,1539,24,15,0.32085373600559575,0.16042686800279787,0.0825915822687964,0.0
zz,1540,24,15,0.31185100884058115,0.15592550442029057,0.0812109809264748,0.0
zz,1541,24,15,0.32077682498136784,0.16038841249068392,0.08219605068657466,0.0
zz,1542,16,15,0.37127313219564406,0.18563656609782203,0.0969185436722864,0.0
zz,1543,16,15,0.3667792798372467,0.18338963991862334,0.09603167377827937,0.0
zz,1544,8,15,0.06546198870366493,0.032730994351832465,0.017398452063466834,0.0
zz,1545,24,15,0.3435771668039308,0.1717885834019654,0.08795440614635533,0.0
zz,1546,24,15,0.2571263351244256,0.1285631675622128,0.06674920049858955,0.0
zz,1547,24,15,0.2318300948161097,0.11591504740805485,0.05941406791579299,0.0
zz,1548,8,15,0.12851977817091442,0.06425988908545721,0.03416457428944042,0.0
zz,1549,16,15,0.3149463232312986,0.1574731616156493,0.08254156269526289,0.0
zz,1550,8,15,0.07778466202667689,0.038892331013338444,0.020696758619544817,0.0
zz,1551,16,15,0.35521832932687186,0.17760916466343593,0.09310815592397056,0.0
zz,1552,16,15,0.35870682279780197,0.17935341139890099,0.09406423226620064,0.0
zz,1553,16,15,0.35210348230846567,0.17605174115423283,0.09227787953687225,0.0
zz,1554,8,15,0.07840834818722597,0.03920417409361299,0.020829371552346033,0.0
zz,1555,24,15,0.2962647576662335,0.14813237883311675,0.07693971720124176,0.0
zz,1556,8,15,0.10376022369797899,0.051880111848989496,0.02757386702274025,0.0
zz,1557,16,15,0.3618601226403039,0.18093006132015196,0.09459611397144556,0.0
zz,1558,24,15,0.35872722197268814,0.17936361098634407,0.09249422322464536,0.0
zz,1559,16,15,0.3688345725036278,0.1844172862518139,0.0965018524089987,0.0
zz,1560,24,15,0.34742806839377005,0.17371403419688503,0.08742809660906904,0.0
zz,1561,8,15,0.073720422692092,0.036860211346046,0.019575718634645807,0.0
zz,1562,8,15,0.0716141474657861,0.03580707373289305,0.019035330110229967,0.0
zz,1563,24,15,0.2124405623649234,0.1062202811824617,0.05509613697566926,0.0
zz,1564,24,15,0.40622062272926396,0.20311031136463198,0.10425857671712097,0.0
zz,1565,8,15,0.09718848536810143,0.048594242684050715,0.02583582077117493,0.0
zz,1566,24,15,0.2117603230364812,0.1058801615182406,0.055045788784972315,0.0
zz,1567,24,15,0.08004696210009021,0.04002348105004511,0.021601704520204434,0.0
zz,1568,24,15,0.2749462324331653,0.13747311621658265,0.07105346172965006,0.0
zz,1569,16,15,0.3613482512622001,0.18067412563110005,0.09470689863053663,0.0
zz,1570,16,15,0.387055872500881,0.1935279362504405,0.1006804639376341,0.0
zz,1571,24,15,0.3095697731849716,0.1547848865924858,0.08060751196320656,0.0
zz,1572,24,15,0.2505568708675854,0.1252784354337927,0.06494958652950193,0.0
zz,1573,8,15,0.08793020283029518,0.04396510141514759,0.023393595293104977,0.0
zz,1574,8,15,0.13475334198074418,0.06737667099037209,0.03582783212702765,0.0
zz,1575,24,15,0.061610871836814574,0.030805435918407287,0.016321340433946795,0.0
zz,1576,16,15,0.37742325187298087,0.18871162593649043,0.09847347472847552,0.0
zz,1577,8,15,0.09177811009278869,0.045889055046394345,0.024397367227259232,0.0
zz,1578,8,15,0.11448048088654128,0.05724024044327064,0.030440525582002314,0.0
zz,1579,16,15,0.3002163742157071,0.15010818710785356,0.0790631109945337,0.0
zz,1580,16,15,0.3156629908331827,0.15783149541659136,0.08308269114702295,0.0
zz,1581,16,15,0.3535037838822303,0.17675189194111515,0.09277176429565683,0.0
zz,1582,24,15,0.42909443940156045,0.21454721970078022,0.1100336243167909,0.0
zz,1583,24,15,0.2959239588488199,0.14796197942440995,0.07645903573508586,0.0
zz,1584,16,15,0.3569506106192266,0.1784753053096133,0.09363594350723889,0.0
zz,1585,8,15,0.11037024968016262,0.05518512484008131,0.029326455572641724,0.0
zz,1586,8,15,0.10982187431911272,0.05491093715955636,0.029208160652684893,0.0
zz,1587,8,15,0.16814355712681056,0.08407177856340528,0.04473547488523082,0.0
zz,1588,24,15,0.10664519899090175,0.05332259949545087,0.027491431065360554,0.0
zz,1589,8,15,0.09112353070374324,0.04556176535187162,0.024249849855156807,0.0
zz,1590,16,15,0.3476354591991146,0.1738177295995573,0.09115848675016179,0.0
zz,1591,8,15,0.09340988021567231,0.04670494010783616,0.02485789226885034,0.0
zz,1592,8,15,0.10611563983384742,0.05305781991692371,0.028251529383001416,0.0
zz,1593,16,15,0.3484264855270636,0.1742132427635318,0.0915247333508214,0.0
zz,1594,24,15,0.13505741554191097,0.06752870777095549,0.035246710696431566,0.0
zz,1595,24,15,0.25011820136564583,0.12505910068282292,0.06398094648840907,0.0
zz,1596,8,15,0.1324646674138964,0.0662323337069482,0.03516947895127454,0.0
zz,1597,24,15,0.3100400490683124,0.1550200245341562,0.07977043182554906,0.0
zz,1598,8,15,0.0963378407593446,0.0481689203796723,0.025622955786939086,0.0
zz,1599,8,15,0.14245934423512474,0.07122967211756237,0.037854676508565256,0.0
zz,1600,8,15,0.07930861986625404,0.03965430993312702,0.02110016761109903,0.0
zz,1601,8,15,0.09165674991264616,0.04582837495632308,0.024397751712537923,0.0
zz,1602,8,15,0.08579908879738551,0.04289954439869276,0.022783020688144327,0.0
zz,1603,8,15,0.08955242215791803,0.044776211078959016,0.023814126584241143,0.0
zz,1604,24,15,0.3354730953435292,0.1677365476717646,0.08644754078087975,0.0
zz,1605,24,15,0.10811414012356457,0.054057070061782286,0.027632306516250503,0.0
zz,1606,24,15,0.3236226229620317,0.16181131148101585,0.08291561126493126,0.0
zz,1607,8,15,0.06988159277657813,0.034940796388289064,0.01856192583543474,0.0
zz,1608,16,15,0.3599667000911074,0.1799833500455537,0.09432230533301028,0.0
zz,1609,16,15,0.3554116659847141,0.17770583299235704,0.093177711572162,0.0
zz,1610,8,15,0.06808349539859826,0.03404174769929913,0.018114730178403742,0.0
zz,1611,24,15,0.3480089764657225,0.17400448823286124,0.08975200578329741,0.0
zz,1612,8,15,0.12533261599661505,0.06266630799830752,0.03328183439409171,0.0
zz,1613,24,15,0.05494845635094364,0.02747422817547182,0.014965944185994177,0.0
zz,1614,16,15,0.3457643369034822,0.1728821684517411,0.09087043165047702,0.0
zz,1615,16,15,0.3574168638172109,0.17870843190860544,0.09378759904406356,0.0
zz,1616,16,15,0.3607970598569251,0.18039852992846256,0.09455567360304623,0.0
zz,1617,8,15,0.0951207714574086,0.0475603857287043,0.02527528970183131,0.0
zz,1618,24,15,0.28246882869873774,0.14123441434936887,0.07274351007501105,0.0
zz,1619,8,15,0.09029713336942424,0.04514856668471212,0.024025718536631026,0.0
zz,1620,24,15,0.15457746612363443,0.07728873306181722,0.039726435783890575,0.0
zz,1621,24,15,0.10685549235942321,0.053427746179711605,0.028660602110809928,0.0
zz,1622,8,15,0.08149885064196294,0.04074942532098147,0.02166359199709924,0.0
zz,1623,16,15,0.3155235008470142,0.1577617504235071,0.0829133662706631,0.0
zz,1624,16,15,0.35789788964613445,0.17894894482306722,0.09387041107532569,0.0
zz,1625,24,15,0.35220934172729,0.176104670863645,0.09077715160309814,0.0
zz,1626,16,15,0.32116295173582476,0.16058147586791238,0.08436927818592213,0.0
zz,1627,8,15,0.09700945796266325,0.048504728981331624,0.025795542334677037,0.0
zz,1628,16,15,0.35848881008294653,0.17924440504147326,0.09387118854989528,0.0
zz,1629,24,15,0.20741506046331315,0.10370753023165658,0.05343039574719861,0.0
zz,1630,16,15,0.3220835733382942,0.1610417866691471,0.08436139296760406,0.0
zz,1631,8,15,0.14455826186463716,0.07227913093231858,0.038444370465327095,0.0
zz,1632,16,15,0.3694676760093154,0.1847338380046577,0.09631134109516257,0.0
zz,1633,16,15,0.37259153736422157,0.18629576868211078,0.09727757185606753,0.0
zz,1634,24,15,0.0851373450564708,0.0425686725282354,0.02339290470366282,0.0
zz,1635,24,15,0.06208634203560848,0.03104317101780424,0.013817606011287993,0.0
zz,1636,24,15,0.3525588833788272,0.1762794416894136,0.08991121995806868,0.0
zz,1637,16,15,0.35470789746484854,0.17735394873242427,0.09301906311078552,0.0
zz,1638,16,15,0.3547457991316282,0.1773728995658141,0.0929059944008619,0.0
zz,1639,24,15,0.2693834657763495,0.13469173288817474,0.06973551560612627,0.0
zz,1640,8,15,0.10726584751194301,0.05363292375597151,0.028509301126860877,0.0
zz,1641,24,15,0.10617048506393634,0.05308524253196817,0.027353956054612574,0.0
zz,1642,24,15,0.20607305192010142,0.10303652596005071,0.053899072543544826,0.0
zz,1643,16,15,0.32465540418956096,0.16232770209478048,0.08561071367906666,0.0
zz,1644,16,15,0.3747601242615981,0.18738006213079905,0.09781490701637026,0.0
zz,1645,8,15,0.15637389247341194,0.07818694623670597,0.0415501450473945,0.0
zz,1646,24,15,0.10603952076773354,0.05301976038386677,0.027991568049123092,0.0
zz,1647,16,15,0.3090782368473093,0.15453911842365464,0.08090274601185007,0.0
zz,1648,8,15,0.08624652934819799,0.04312326467409899,0.022928629228475442,0.0
zz,1649,24,15,0.025221888873991016,0.012610944436995508,0.005427052757342865,0.0
zz,1650,16,15,0.3450793976723634,0.1725396988361817,0.09071972259167572,0.0
zz,1651,8,15,0.11265672642394964,0.05632836321197482,0.02991740476559588,0.0
zz,1652,8,15,0.09674464245838843,0.048372321229194215,0.025722952574585907,0.0
zz,1653,24,15,0.41089019971783625,0.20544509985891812,0.10498629363082816,0.0
zz,1654,24,15,0.3766424290282018,0.1883212145141009,0.09777288061093332,0.0
zz,1655,24,15,0.06249008141517798,0.03124504070758899,0.01647133909624306,0.0
zz,1656,24,15,0.2681770527653091,0.13408852638265456,0.06928125627268997,0.0
zz,1657,8,15,0.11768091505688438,0.05884045752844219,0.03126555683785449,0.0
zz,1658,24,15,0.3624828635952942,0.1812414317976471,0.09365628550230871,0.0
zz,1659,24,15,0.16089533136709816,0.08044766568354908,0.041549619951255855,0.0
zz,1660,16,15,0.3320576998634256,0.1660288499317128,0.08748096492326442,0.0
zz,1661,8,15,0.0724043587309584,0.0362021793654792,0.01925498972135719,0.0
zz,1662,16,15,0.31751582694022146,0.15875791347011073,0.08341471039298456,0.0
zz,1663,8,15,0.10092647814045552,0.05046323907022776,0.026836006955703443,0.0
zz,1664,8,15,0.0814169319032978,0.0407084659516489,0.021632903903129396,0.0
zz,1665,24,15,0.3157322356647201,0.15786611783236004,0.08116681514244277,0.0
zz,1666,8,15,0.08012558168382888,0.04006279084191444,0.021313857679780706,0.0
zz,1667,8,15,0.09694329136194624,0.04847164568097312,0.02578542776341055,0.0
zz,1668,16,15,0.35335081228794774,0.17667540614397387,0.09275119830717427,0.0
zz,1669,16,15,0.34239957677813093,0.17119978838906547,0.08978663817587279,0.0
zz,1670,16,15,0.2857625995488402,0.1428812997744201,0.07479185006527812,0.0
zz,1671,8,15,0.13017506250927724,0.06508753125463862,0.03459627827859434,0.0
zz,1672,8,15,0.07041735750550293,0.035208678752751466,0.018723905112813168,0.0
zz,1673,16,15,0.31530385620079804,0.15765192810039902,0.08300627914718631,0.0
zz,1674,8,15,0.08126519238564689,0.040632596192823445,0.02158158284650224,0.0
zz,1675,24,15,0.20489773740219844,0.10244886870109922,0.05299394738686011,0.0
zz,1676,16,15,0.3723569903048557,0.18617849515242785,0.09734843138864263,0.0
zz,1677,8,15,0.06344193787878916,0.03172096893939458,0.016859746844000816,0.0
zz,1678,16,15,0.34866764003681483,0.17433382001840741,0.0910045230197367,0.0
zz,1679,16,15,0.3657274691089182,0.1828637345544591,0.09569448887396777,0.0
zz,1680,16,15,0.35643509827832254,0.17821754913916127,0.09334865383404191,0.0
zz,1681,16,15,0.37322492605625834,0.18661246302812917,0.0974034330921529,0.0
zz,1682,16,15,0.337291505613702,0.168645752806851,0.08880768024453693,0.0
zz,1683,8,15,0.11286709061462041,0.05643354530731021,0.0300190026360288,0.0
zz,1684,24,15,0.4241646841252309,0.21208234206261545,0.1096499952590658,0.0
zz,1685,16,15,0.32358901056540346,0.16179450528270173,0.0853006962774668,0.0
zz,1686,8,15,0.11592190920866485,0.057960954604332426,0.030848664067497755,0.0
zz,1687,16,15,0.35664211180474054,0.17832105590237027,0.09354090113688747,0.0
zz,1688,24,15,0.4179531517539968,0.2089765758769984,0.10710017875633855,0.0
zz,1689,24,15,0.29306348065138854,0.14653174032569427,0.07540970848384225,0.0
zz,1690,16,15,0.35557957017955977,0.17778978508977988,0.0933723484257457,0.0
zz,1691,8,15,0.10814709830125069,0.054073549150625344,0.028755941483619055,0.0
zz,1692,24,15,0.3630740906285581,0.18153704531427906,0.09392513212763967,0.0
zz,1693,24,15,0.29404979296320366,0.14702489648160183,0.07388826524282069,0.0
zz,1694,24,15,0.38057144568077494,0.19028572284038747,0.09802393930070599,0.0
zz,1695,16,15,0.35531054671792045,0.17765527335896023,0.09283225117457737,0.0
zz,1696,24,15,0.22313606114649315,0.11156803057324657,0.05746390937995619,0.0
zz,1697,16,15,0.36654341019527914,0.18327170509763957,0.09597087351347877,0.0
zz,1698,16,15,0.3256790421136117,0.16283952105680585,0.0851914547118605,0.0
zz,1699,16,15,0.32359284352432094,0.16179642176216047,0.08464924901291865,0.0
zz,1700,8,15,0.10157981728618792,0.05078990864309396,0.027020942634551157,0.0
zz,1701,16,15,0.3773184979451931,0.18865924897259656,0.0985689159760844,0.0
zz,1702,16,15,0.34011040495159695,0.17005520247579847,0.0894801958323123,0.0
zz,1703,24,15,0.2245900382327994,0.1122950191163997,0.05815646040786904,0.0
zz,1704,8,15,0.07333624060270483,0.036668120301352414,0.019505080919150826,0.0
zz,1705,16,15,0.3650403003789072,0.1825201501894536,0.09529042352822384,0.0
zz,1706,8,15,0.10189169799003461,0.05094584899501731,0.027115227627777367,0.0
zz,1707,8,15,0.09757621703487707,0.04878810851743853,0.02595853990386973,0.0
zz,1708,16,15,0.35384304968144564,0.17692152484072282,0.09284692096184351,0.0
zz,1709,24,15,0.3374786669492224,0.1687393334746112,0.08640242859244747,0.0
zz,1710,24,15,0.18307755879414772,0.09153877939707386,0.04687339612435999,0.0
zz,1711,8,15,0.10775096618336155,0.053875483091680776,0.028667077419020866,0.0
zz,1712,24,15,0.2551985594884758,0.1275992797442379,0.06585826326384835,0.0
zz,1713,8,15,0.1083265276487082,0.0541632638243541,0.02880131551534116,0.0
zz,1714,16,15,0.275480441839884,0.137740220919942,0.07252605609054624,0.0
zz,1715,8,15,0.060123991240072394,0.030061995620036197,0.015999909888718696,0.0
zz,1716,16,15,0.33143539020813173,0.16571769510406587,0.08694440148399943,0.0
zz,1717,24,15,0.3078379433321422,0.1539189716660711,0.07978399872366086,0.0
zz,1718,16,15,0.370200822732798,0.185100411366399,0.0966762430658419,0.0
zz,1719,16,15,0.3314941535734553,0.16574707678672765,0.08712835028521833,0.0
zz,1720,24,15,0.21353979660366773,0.10676989830183387,0.05389312658259867,0.0
zz,1721,16,15,0.34353692482783305,0.17176846241391652,0.09019178253886308,0.0
zz,1722,8,15,0.11693670691626501,0.058468353458132505,0.031062744432476024,0.0
zz,1723,24,15,0.3702035199178457,0.18510175995892286,0.09470355577768137,0.0
zz,1724,8,15,0.06977824530724408,0.03488912265362204,0.018550631662248247,0.0
zz,1725,24,15,0.20195897907010113,0.10097948953505057,0.0525213687915625,0.0
zz,1726,16,15,0.3381670570977108,0.1690835285488554,0.08896773831035813,0.0
zz,1727,8,15,0.14576626036699458,0.07288313018349729,0.038755727538057685,0.0
zz,1728,8,15,0.07182473254398258,0.03591236627199129,0.019094760487751553,0.0
zz,1729,24,15,0.2073783570884491,0.10368917854422455,0.05394839530635398,0.0
zz,1730,8,15,0.09429961665731679,0.047149808328658394,0.025084292215872547,0.0
zz,1731,16,15,0.35096953041548395,0.17548476520774198,0.09204220387798216,0.0
zz,1732,16,15,0.34194209149823585,0.17097104574911792,0.08990989131249448,0.0
zz,1733,16,15,0.33008467755193893,0.16504233877596947,0.08615074732065316,0.0
zz,1734,16,15,0.3799237179590008,0.1899618589795004,0.09915962179063395,0.0
zz,1735,8,15,0.07795632091492022,0.03897816045746011,0.020711216649528432,0.0
zz,1736,8,15,0.1312458511396104,0.0656229255698052,0.03490600969442136,0.0
zz,1737,24,15,0.4122531409461456,0.2061265704730728,0.1053076276188853,0.0
zz,1738,8,15,0.0967933644368959,0.04839668221844795,0.025739455419779976,0.0
zz,1739,24,15,0.2832170907338506,0.1416085453669253,0.0728449855130394,0.0
zz,1740,24,15,0.29824910409430483,0.14912455204715241,0.07682247899846462,0.0
zz,1741,24,15,0.2679748705826584,0.1339874352913292,0.06919561225524255,0.0
zz,1742,24,15,0.24568155592618268,0.12284077796309134,0.06398803577194749,0.0
zz,1743,8,15,0.11363038131424408,0.05681519065712204,0.030227548310631236,0.0
zz,1744,16,15,0.3642699381642004,0.1821349690821002,0.09542556161670099,0.0
zz,1745,8,15,0.0675019933005474,0.0337509966502737,0.017942449747140262,0.0
zz,1746,8,15,0.0703264804669208,0.0351632402334604,0.018692880438417346,0.0
zz,1747,24,15,0.19738904948902755,0.09869452474451378,0.051553415589350095,0.0
zz,1748,24,15,0.19626405152339094,0.09813202576169547,0.051098011864615246,0.0
zz,1749,24,15,0.29504338468542424,0.14752169234271212,0.07708127811542978,0.0
zz,1750,8,15,0.09171528875066937,0.04585764437533468,0.02437744009415962,0.0
zz,1751,24,15,0.3611839329326775,0.18059196646633874,0.09318933849192342,0.0
zz,1752,16,15,0.3213978817010267,0.16069894085051334,0.0843684774168557,0.0
zz,1753,16,15,0.2660895606172792,0.1330447803086396,0.07004919916917984,0.0
zz,1754,8,15,0.09362682510801135,0.04681341255400567,0.024888003718913167,0.0
zz,1755,8,15,0.09766175136636368,0.04883087568318184,0.025951616910269006,0.0
zz,1756,16,15,0.345513617910992,0.172756808955496,0.09030528742803844,0.0
zz,1757,8,15,0.10730871187513302,0.05365435593756651,0.028510882062121705,0.0
zz,1758,8,15,0.07231774972711613,0.036158874863558066,0.01923707859694792,0.0
zz,1759,8,15,0.08916565629415585,0.044582828147077924,0.02369213414417983,0.0
zz,1760,16,15,0.33252237972609544,0.16626118986304772,0.08731613497932275,0.0
zz,1761,24,15,0.18138568902171218,0.09069284451085609,0.04762848293546757,0.0
zz,1762,24,15,0.08356055518196837,0.04178027759098418,0.02192493411083591,0.0
zz,1763,8,15,0.12623338879827362,0.06311669439913681,0.033580367748563544,0.0
zz,1764,24,15,0.17799071214304693,0.08899535607152347,0.046206547290673104,0.0
zz,1765,24,15,0.20276914167954693,0.10138457083977347,0.052715715102138,0.0
zz,1766,8,15,0.16822510802103807,0.08411255401051904,0.044688593960520634,0.0
zz,1767,8,15,0.06391397419806388,0.03195698709903194,0.01699445260239242,0.0
zz,1768,8,15,0.09930085356768892,0.04965042678384446,0.026397074110416252,0.0
zz,1769,16,15,0.3568593846747879,0.17842969233739395,0.09365800620114001,0.0
zz,1770,8,15,0.09265105876990565,0.046325529384952824,0.02463522208989468,0.0
zz,1771,24,15,0.2333182300274433,0.11665911501372166,0.060188868646273416,0.0
zz,1772,16,15,0.3551094286462262,0.1775547143231131,0.09320666010246191,0.0
zz,1773,16,15,0.3469340478679188,0.1734670239339594,0.09103644049495888,0.0
zz,1774,8,15,0.11633513190221434,0.05816756595110717,0.03091327500421527,0.0
zz,1775,16,15,0.3111749730734536,0.1555874865367268,0.08154673350047041,0.0
zz,1776,24,15,0.4022741404558613,0.20113707022793065,0.10279447305636144,0.0
zz,1777,8,15,0.11230596679679083,0.05615298339839542,0.02984806068083279,0.0
zz,1778,8,15,0.09310189957511295,0.04655094978755647,0.02474278716333088,0.0
zz,1779,16,15,0.3369121355217074,0.1684560677608537,0.08840994906296287,0.0
zz,1780,16,15,0.37505716571938086,0.18752858285969043,0.09804018359067773,0.0
zz,1781,16,15,0.37723218003053216,0.18861609001526608,0.09857457046072532,0.0
zz,1782,24,15,0.1881400486979387,0.09407002434896936,0.049068234194295825,0.0
zz,1783,24,15,0.36305654882596194,0.18152827441298097,0.09385293317876502,0.0
zz,1784,16,15,0.308725911581245,0.1543629557906225,0.08100950091371419,0.0
zz,1785,8,15,0.09462708997937264,0.04731354498968632,0.0251610388324296,0.0
zz,1786,8,15,0.1416934886908452,0.0708467443454226,0.037602737055652494,0.0
zz,1787,8,15,0.13159936845462317,0.06579968422731158,0.0349268165582075,0.0
zz,1788,24,15,0.221010536223767,0.1105052681118835,0.05708178624139849,0.0
zz,1789,8,15,0.08993392292668279,0.04496696146334139,0.023929419099560263,0.0
zz,1790,24,15,0.18326083015968908,0.09163041507984454,0.048216843397191504,0.0
zz,1791,16,15,0.3539726276749902,0.1769863138374951,0.09262376130885289,0.0
zz,1792,8,15,0.08159687842025909,0.040798439210129545,0.021680655692897313,0.0
zz,1793,24,15,0.2527804918787687,0.12639024593938436,0.06538999671244722,0.0
zz,1794,24,15,0.38287859355137344,0.19143929677568672,0.09804070482505987,0.0
zz,1795,16,15,0.36992898559241283,0.18496449279620641,0.09645425513521418,0.0
zz,1796,16,15,0.3543184850805112,0.1771592425402556,0.09304214391432136,0.0
zz,1797,16,15,0.33409337269233624,0.16704668634616812,0.0875302278576743,0.0
zz,1798,24,15,0.2997792107757189,0.14988960538785945,0.07740911179754245,0.0
zz,1799,24,15,0.06835449357495638,0.03417724678747819,0.017795763268688078,0.0
zz,1800,16,15,0.3522027656703244,0.1761013828351622,0.09219985846897454,0.0
zz,1801,16,15,0.37574612627622506,0.18787306313811253,0.09815280252210165,0.0
zz,1802,8,15,0.12357903703572382,0.06178951851786191,0.032862058436484515,0.0
zz,1803,24,15,0.1642747221238251,0.08213736106191255,0.042522561959569015,0.0
zz,1804,24,15,0.2163871041691584,0.1081935520845792,0.05559917817356244,0.0
zz,1805,24,15,0.07754037605195518,0.03877018802597759,0.02058235058192835,0.0
zz,1806,16,15,0.3562360331449898,0.1781180165724949,0.09331650376562842,0.0
zz,1807,24,15,0.3295810095872198,0.1647905047936099,0.08536349687097225,0.0
zz,1808,8,15,0.09250285968042882,0.04625142984021441,0.02461301046268091,0.0
zz,1809,8,15,0.08929995993374917,0.04464997996687459,0.023744203193725374,0.0
zz,1810,24,15,0.26499893605939395,0.13249946802969698,0.06817558734510648,0.0
zz,1811,16,15,0.3387829256123148,0.1693914628061574,0.08881558761083969,0.0
zz,1812,16,15,0.35302642402950135,0.17651321201475068,0.09268276583453432,0.0
zz,1813,24,15,0.16952589247952216,0.08476294623976108,0.04464687709433903,0.0
zz,1814,16,15,0.3715055391984123,0.18575276959920614,0.09699970932008868,0.0
zz,1815,24,15,0.20300558135181976,0.10150279067590988,0.05257155014180323,0.0
zz,1816,24,15,0.136853525342435,0.0684267626712175,0.03556754431498256,0.0
zz,1817,16,15,0.3710637322772675,0.18553186613863376,0.09696408471710972,0.0
zz,1818,24,15,0.20701849131396158,0.10350924565698079,0.05232676293658347,0.0
zz,1819,8,15,0.1399040079271311,0.06995200396356555,0.03720021132471718,0.0
zz,1820,16,15,0.31968499869130995,0.15984249934565498,0.08364635076514373,0.0
zz,1821,8,15,0.08065607452409818,0.04032803726204909,0.02144762570344713,0.0
zz,1822,16,15,0.3339315553384795,0.16696577766923976,0.08757927277059989,0.0
zz,1823,8,15,0.08160907421955566,0.04080453710977783,0.021682411881820438,0.0
zz,1824,24,15,0.22324444916038147,0.11162222458019073,0.05751359462145416,0.0
zz,1825,16,15,0.36107659131751424,0.18053829565875712,0.09411510646567783,0.0
zz,1826,16,15,0.3508855429149219,0.17544277145746096,0.09211522315550409,0.0
zz,1827,24,15,0.1639698468902313,0.08198492344511565,0.04252285167898185,0.0
zz,1828,24,15,0.3869830712761798,0.1934915356380899,0.09921700328277273,0.0
zz,1829,16,15,0.32331666298635875,0.16165833149317937,0.0850521583566455,0.0
zz,1830,8,15,0.09401866410971149,0.047009332054855746,0.024997054998892147,0.0
zz,1831,8,15,0.060449798548857125,0.030224899274428563,0.01607369652369673,0.0
zz,1832,24,15,0.2563245521259042,0.1281622760629521,0.06567304499580326,0.0
zz,1833,16,15,0.34106965004051193,0.17053482502025596,0.08938700047298201,0.0
zz,1834,8,15,0.12197105576616507,0.060985527883082535,0.03238767366303187,0.0
zz,1835,8,15,0.0869593535224148,0.0434796767612074,0.023095822542030835,0.0
zz,1836,24,15,0.30786688836553466,0.15393344418276733,0.07988488885352195,0.0
zz,1837,24,15,0.24821022118493585,0.12410511059246793,0.06344329887788115,0.0
zz,1838,16,15,0.3651447667429167,0.18257238337145834,0.09568189036781449,0.0
zz,1839,16,15,0.35881922111015685,0.17940961055507842,0.09402993790294663,0.0
zz,1840,24,15,0.36322199355247475,0.18161099677623738,0.09327118982194223,0.0
zz,1841,8,15,0.07635218578001313,0.03817609289000656,0.020309808164444818,0.0
zz,1842,16,15,0.34553096210104456,0.17276548105052228,0.09027356860330077,0.0
zz,1843,16,15,0.3547938658319728,0.1773969329159864,0.09304047318053302,0.0
zz,1844,8,15,0.0427512531422779,0.02137562657113895,0.011363238557614511,0.0
zz,1845,8,15,0.11336145401377595,0.056680727006887976,0.030122618578065894,0.0
zz,1846,8,15,0.1414190653158066,0.0707095326579033,0.03761958956937008,0.0
zz,1847,24,15,0.11174157947995933,0.055870789739979665,0.02832185359701962,0.0
zz,1848,8,15,0.1771091646406922,0.0885545823203461,0.04710652263843644,0.0
zz,1849,8,15,0.0930863878461089,0.04654319392305445,0.024755152130123078,0.0
zz,1850,8,15,0.1413126741854947,0.07065633709274735,0.03757895172973871,0.0
zz,1851,24,15,0.36340885276755985,0.18170442638377993,0.09437378305117239,0.0
zz,1852,24,15,0.31196839806469223,0.15598419903234612,0.0807865356193978,0.0
zz,1853,8,15,0.1406751659400619,0.07033758297003095,0.03737866383707154,0.0
zz,1854,24,15,0.382528593781374,0.191264296890687,0.09839948507524961,0.0
zz,1855,24,15,0.26191125525998404,0.13095562762999202,0.06711079136683798,0.0
zz,1856,8,15,0.11891961529646322,0.05945980764823161,0.031591233744737164,0.0
zz,1857,24,15,0.05641676250416616,0.02820838125208308,0.014707659005359459,0.0
zz,1858,24,15,0.1185336068594306,0.0592668034297153,0.0301550629806555,0.0
zz,1859,8,15,0.06893329606876875,0.03446664803438437,0.018316625158608265,0.0
zz,1860,16,15,0.3406777535672276,0.1703388767836138,0.08930883847881385,0.0
zz,1861,8,15,0.19525348501190437,0.09762674250595219,0.05187014885145795,0.0
zz,1862,8,15,0.07483790461437223,0.037418952307186115,0.019890970212671714,0.0
zz,1863,16,15,0.38209810541496314,0.19104905270748157,0.09964271015562859,0.0
zz,1864,8,15,0.11612467891147715,0.058062339455738576,0.03083451325996201,0.0
zz,1865,16,15,0.33644637217385887,0.16822318608692943,0.08828945268591148,0.0
zz,1866,8,15,0.14879648531999867,0.07439824265999934,0.0394927704174819,0.0
zz,1867,8,15,0.05999419159814201,0.029997095799071005,0.015933225284275574,0.0
zz,1868,24,15,0.27569566887086394,0.13784783443543197,0.0701494321095656,0.0
zz,1869,16,15,0.3584921892202031,0.17924609461010155,0.09391880877431262,0.0
zz,1870,24,15,0.284702169261263,0.1423510846306315,0.07348610760703567,0.0
zz,1871,16,15,0.34121184441837016,0.17060592220918508,0.08948839058690769,0.0
zz,1872,16,15,0.3368065855722755,0.16840329278613775,0.0885072088987938,0.0
zz,1873,8,15,0.13458606131456385,0.06729303065728193,0.03578406292466493,0.0
zz,1874,8,15,0.08558599832076086,0.04279299916038043,0.0227659901725145,0.0
zz,1875,24,15,0.20616658578844174,0.10308329289422087,0.053582273156453475,0.0
zz,1876,8,15,0.10552151691015588,0.05276075845507794,0.028022380732962135,0.0
zz,1877,16,15,0.35769114196241314,0.17884557098120657,0.09383560175337742,0.0
zz,1878,24,15,0.20575048325870518,0.10287524162935259,0.053226971094811996,0.0
zz,1879,16,15,0.32568657155938374,0.16284328577969187,0.08582447580558082,0.0
zz,1880,8,15,0.09631009558342951,0.048155047791714756,0.025601579505825846,0.0
zz,1881,24,15,0.3680765664167963,0.18403828320839816,0.09516112088027394,0.0
zz,1882,24,15,0.042881170532887425,0.021440585266443712,0.011737748616931335,0.0
zz,1883,24,15,0.3593060354060499,0.17965301770302494,0.09193142696787088,0.0
zz,1884,16,15,0.33248789103825416,0.16624394551912708,0.08724938349532381,0.0
zz,1885,16,15,0.34675453104356246,0.17337726552178123,0.09113592905218354,0.0
zz,1886,24,15,0.3833698589971124,0.1916849294985562,0.09808862299288855,0.0
zz,1887,24,15,0.375818959475561,0.1879094797377805,0.09679859456750776,0.0
zz,1888,8,15,0.06705991126554289,0.033529955632771447,0.01782144701462897,0.0
zz,1889,24,15,0.19974523108152567,0.09987261554076284,0.051581501657834435,0.0
zz,1890,24,15,0.23271666951261422,0.11635833475630711,0.060910333107424185,0.0
zz,1891,16,15,0.3373303684906803,0.16866518424534016,0.08836962080126172,0.0
zz,1892,16,15,0.3750399386737254,0.1875199693368627,0.09809306058806215,0.0
zz,1893,8,15,0.08408023962744748,0.04204011981372374,0.022359935863663184,0.0
zz,1894,16,15,0.3151369533004508,0.1575684766502254,0.082700493549269,0.0
zz,1895,8,15,0.1144303145331792,0.0572151572665896,0.030380617967573815,0.0
zz,1896,24,15,0.2127622011189404,0.1063811005594702,0.05532267971118358,0.0
zz,1897,24,15,0.22042369486548608,0.11021184743274304,0.057550768742802114,0.0
zz,1898,24,15,0.18208333030176788,0.09104166515088394,0.04773438258256468,0.0
zz,1899,8,15,0.0982167011174161,0.04910835055870805,0.026091510593905347,0.0
zz,1900,8,15,0.08385014681577019,0.041925073407885094,0.022296717784517844,0.0
zz,1901,8,15,0.08821242334931279,0.04410621167465639,0.023416734385619746,0.0
zz,1902,24,15,0.3727541696545328,0.1863770848272664,0.09550587750115863,0.0
zz,1903,8,15,0.11344436779233402,0.05672218389616701,0.030167123889086416,0.0
zz,1904,24,15,0.18419951988381583,0.09209975994190792,0.04739702918806585,0.0
zz,1905,16,15,0.3423811586688428,0.1711905793344214,0.08964944128653977,0.0
zz,1906,8,15,0.0564298809401339,0.02821494047006695,0.015020561528906577,0.0
zz,1907,16,15,0.35168677152888805,0.17584338576444403,0.09222203827528852,0.0
zz,1908,16,15,0.3247729970496309,0.16238649852481546,0.08507165722315856,0.0
zz,1909,24,15,0.4070467842483142,0.2035233921241571,0.10539831517023085,0.0
zz,1910,24,15,0.30569055705060755,0.15284527852530377,0.07856553443623565,0.0
zz,1911,24,15,0.2904365410858033,0.14521827054290165,0.07497307905569087,0.0
zz,1912,8,15,0.10606083321651782,0.05303041660825891,0.028201859427051144,0.0
zz,1913,24,15,0.19793884172218987,0.09896942086109493,0.051375523590556374,0.0
zz,1914,8,15,0.07269643572469442,0.03634821786234721,0.019328137070080527,0.0
zz,1915,8,15,0.061668293666001794,0.030834146833000897,0.01638436203272431,0.0
zz,1916,8,15,0.07461886813395391,0.037309434066976954,0.019832273752920855,0.0
zz,1917,24,15,0.28819995956480476,0.14409997978240238,0.07439807987499872,0.0
zz,1918,8,15,0.09129196841645382,0.04564598420822691,0.024246345673851408,0.0
zz,1919,8,15,0.08535157203532218,0.04267578601766109,0.02268034608909851,0.0
zz,1920,8,15,0.09605970854075119,0.048029854270375594,0.025538021986009733,0.0
zz,1921,16,15,0.37753619213619527,0.18876809606809763,0.09868305797929104,0.0
zz,1922,8,15,0.15018766868035,0.075093834340175,0.03992598642552891,0.0
zz,1923,8,15,0.0980465001060784,0.0490232500530392,0.026042880795113358,0.0
zz,1924,24,15,0.17534086714906902,0.08767043357453451,0.0454681901027583,0.0
zz,1925,24,15,0.34126747589591033,0.17063373794795517,0.08825906987243232,0.0
zz,1926,24,15,0.10942945785506636,0.05471472892753318,0.02681234226769315,0.0
zz,1927,16,15,0.32232954593850865,0.16116477296925433,0.08501249263496266,0.0
zz,1928,8,15,0.08842600800507538,0.04421300400253769,0.023488824102500964,0.0
zz,1929,16,15,0.3463502965526788,0.1731751482763394,0.09100049893607866,0.0
zz,1930,16,15,0.34985102946963625,0.17492551473481813,0.09161268052494556,0.0
zz,1931,8,15,0.06808838740745127,0.034044193703725634,0.018075652222471088,0.0
zz,1932,24,15,0.2891994856793848,0.1445997428396924,0.07427246968406058,0.0
zz,1933,8,15,0.07335428246172859,0.036677141230864296,0.01951957330715661,0.0
zz,1934,8,15,0.09708312272964204,0.04854156136482102,0.025804176049955812,0.0
zz,1935,16,15,0.3477965444321882,0.1738982722160941,0.09119279522271348,0.0
zz,1936,24,15,0.10446011860435311,0.05223005930217656,0.02720713070972953,0.0
zz,1937,8,15,0.10091046485560284,0.05045523242780142,0.026804178283101058,0.0
zz,1938,16,15,0.3699689863933846,0.1849844931966923,0.0968417911175128,0.0
zz,1939,16,15,0.35612760007898714,0.17806380003949357,0.09328120130742243,0.0
zz,1940,16,15,0.36458958848617107,0.18229479424308553,0.09553009937992006,0.0
zz,1941,24,15,0.25700452771732085,0.12850226385866043,0.06612877381318918,0.0
zz,1942,24,15,0.2825079046520728,0.1412539523260364,0.07256249468673294,0.0
zz,1943,16,15,0.3383745887558185,0.16918729437790925,0.08900141380043372,0.0
zz,1944,24,15,0.13339980858245265,0.06669990429122633,0.03413698989208177,0.0
zz,1945,16,15,0.3368565151350585,0.16842825756752924,0.08856672912357653,0.0
zz,1946,16,15,0.3540538746677555,0.17702693733387775,0.09294444791833449,0.0
zz,1947,16,15,0.3737308208508823,0.18686541042544114,0.09778075397685071,0.0
zz,1948,24,15,0.12820816100729976,0.06410408050364988,0.032706925623992654,0.0
zz,1949,24,15,0.3955853922900323,0.19779269614501616,0.10134484831540225,0.0
zz,1950,8,15,0.0764692857772924,0.0382346428886462,0.020322666920922165,0.0
zz,1951,8,15,0.0701203860290932,0.0350601930145466,0.018628573040347648,0.0
zz,1952,24,15,0.09071670442552182,0.04535835221276091,0.024373807675314253,0.0
zz,1953,16,15,0.33512805324424666,0.16756402662212333,0.08774711378693824,0.0
zz,1954,16,15,0.3575196216379853,0.17875981081899264,0.09339942724653928,0.0
zz,1955,16,15,0.33381538969161956,0.16690769484580978,0.08746814319723599,0.0
zz,1956,16,15,0.3652559842116997,0.18262799210584985,0.0957159004734545,0.0
zz,1957,16,15,0.3048716171514996,0.1524358085757498,0.08017848620707112,0.0
zz,1958,8,15,0.11035027447729473,0.055175137238647365,0.029323757808548442,0.0
zz,1959,8,15,0.06748347598987214,0.03374173799493607,0.017946114008126533,0.0
zz,1960,8,15,0.17192607374523572,0.08596303687261786,0.045645297349788484,0.0
zz,1961,16,15,0.3792493555602553,0.18962467778012765,0.09898344616948701,0.0
zz,1962,16,15,0.3073214727061977,0.15366073635309885,0.08057306048704721,0.0
zz,1963,16,15,0.29982439585169296,0.14991219792584648,0.07854529986071215,0.0
zz,1964,8,15,0.12806530959296614,0.06403265479648307,0.03401995165154703,0.0
zz,1965,16,15,0.3673291976482355,0.18366459882411776,0.09604770823636276,0.0
zz,1966,8,15,0.13333870777840628,0.06666935388920314,0.03543485797091581,0.0
zz,1967,24,15,0.3022158305619198,0.1511079152809599,0.0780832380168899,0.0
zz,1968,16,15,0.3476084995482406,0.1738042497741203,0.09126729591938258,0.0
zz,1969,24,15,0.12809448765418596,0.06404724382709298,0.032681669266300784,0.0
zz,1970,16,15,0.3452440255850651,0.17262201279253256,0.09029232335059137,0.0
zz,1971,16,15,0.35811276677368337,0.17905638338684168,0.0937206911078964,0.0
zz,1972,16,15,0.37049654364188767,0.18524827182094383,0.09694663648613733,0.0
zz,1973,16,15,0.3415901611810854,0.1707950805905427,0.08985915225612988,0.0
zz,1974,8,15,0.10009986821681405,0.050049934108407024,0.026624184524448154,0.0
zz,1975,24,15,0.2965712371610806,0.1482856185805403,0.07620969604375151,0.0
zz,1976,24,15,0.2429420138968715,0.12147100694843575,0.06352266595951979,0.0
zz,1977,16,15,0.3695411208428636,0.1847705604214318,0.09676923015784657,0.0
zz,1978,8,15,0.1077364920071856,0.0538682460035928,0.02864306850675161,0.0
zz,1979,24,15,0.2204090455256908,0.1102045227628454,0.056931455269625265,0.0
zz,1980,8,15,0.09203737797106781,0.046018688985533907,0.02448989492386883,0.0
zz,1981,8,15,0.11250670006158414,0.05625335003079207,0.029910053752391072,0.0
zz,1982,16,15,0.3337096771762841,0.16685483858814204,0.08762061657437534,0.0
zz,1983,24,15,0.037907708780324845,0.018953854390162422,0.008357544420748009,0.0
zz,1984,16,15,0.3727835599337715,0.18639177996688575,0.0973786698810059,0.0
zz,1985,24,15,0.20572643206759747,0.10286321603379874,0.05310358132030563,0.0
zz,1986,8,15,0.11135541746955246,0.05567770873477623,0.029636883879684623,0.0
zz,1987,16,15,0.3129646254288326,0.1564823127144163,0.08199651979689376,0.0
zz,1988,8,15,0.12214371539483926,0.06107185769741963,0.03249479346241392,0.0
zz,1989,8,15,0.1408814175861386,0.0704407087930693,0.037463715982223554,0.0
zz,1990,16,15,0.3560662367376065,0.17803311836880326,0.09326372660713564,0.0
zz,1991,16,15,0.351504300450638,0.175752150225319,0.09235071725561388,0.0
zz,1992,16,15,0.3573242235456954,0.1786621117728477,0.09379135601968716,0.0
zz,1993,16,15,0.3685683086054936,0.1842841543027468,0.09645446079903483,0.0
zz,1994,24,15,0.09045229876836386,0.04522614938418193,0.02402980370764235,0.0
zz,1995,16,15,0.32481459743117613,0.16240729871558807,0.08530266623866509,0.0
zz,1996,16,15,0.3537097972176483,0.17685489860882414,0.09284309154169522,0.0
zz,1997,24,15,0.24812212012251963,0.12406106006125982,0.0640362492700031,0.0
zz,1998,8,15,0.09835719185194214,0.04917859592597107,0.026155787827106532,0.0
zz,1999,8,15,0.07502315655094549,0.037511578275472746,0.019949946162784834,0.0
zz,2000,8,15,0.1085932246336111,0.05429661231680555,0.028859491033442444,0.0
zz,2001,16,15,0.35927668167477167,0.17963834083738583,0.09425858045325444,0.0
zz,2002,8,15,0.1017587872350707,0.05087939361753535,0.027065892438231386,0.0
zz,2003,8,15,0.10969567912470002,0.05484783956235001,0.02913619029378042,0.0
zz,2004,24,15,0.24100434770626578,0.12050217385313289,0.06313964813645795,0.0
zz,2005,8,15,0.09400530084865488,0.04700265042432744,0.02499095702170723,0.0
zz,2006,16,15,0.36334263107347153,0.18167131553673577,0.09515359006445791,0.0
zz,2007,24,15,0.17112100434175936,0.08556050217087968,0.04433184601918238,0.0
zz,2008,8,15,0.15889032451430385,0.07944516225715192,0.042216307376259546,0.0
zz,2009,24,15,0.14158334705005243,0.07079167352502622,0.03705600651382552,0.0
zz,2010,24,15,0.31184052725144906,0.15592026362572453,0.07964362334373319,0.0
zz,2011,16,15,0.3369647144548731,0.16848235722743654,0.08871320935924042,0.0
zz,2012,8,15,0.06448153915065935,0.032240769575329675,0.01715599078016902,0.0
zz,2013,16,15,0.32173714169915624,0.16086857084957812,0.08394336579597995,0.0
zz,2014,24,15,0.23888069235152698,0.11944034617576349,0.061657777824552305,0.0
zz,2015,16,15,0.302287541892493,0.1511437709462465,0.07897275609465705,0.0
zz,2016,16,15,0.3522849277764165,0.17614246388820826,0.0924412375229636,0.0
zz,2017,8,15,0.07670495099588326,0.03835247549794163,0.02037920409266743,0.0
zz,2018,8,15,0.09318838221582726,0.04659419110791363,0.024785140503838274,0.0
zz,2019,8,15,0.15462893754779083,0.07731446877389542,0.041101176808398636,0.0
zz,2020,8,15,0.06029938349582653,0.030149691747913265,0.016026197902898668,0.0
zz,2021,8,15,0.12627066710117274,0.06313533355058637,0.033576762295734155,0.0
zz,2022,16,15,0.3709017949752908,0.1854508974876454,0.09697790142940987,0.0
zz,2023,24,15,0.034785203697650924,0.017392601848825462,0.009052417532867552,0.0
zz,2024,8,15,0.07824033579390055,0.039120167896950275,0.020777453003358478,0.0
zz,2025,16,15,0.3441586339020397,0.17207931695101986,0.09026384829481161,0.0
zz,2026,16,15,0.3701203536807467,0.18506017684037335,0.0968764835785309,0.0
zz,2027,16,15,0.35228347830023066,0.17614173915011533,0.0925029821345151,0.0
zz,2028,16,15,0.3481876362901236,0.1740938181450618,0.09141515916196823,0.0
zz,2029,8,15,0.0783454858784205,0.03917274293921025,0.020847909812080533,0.0
zz,2030,8,15,0.10736560004162354,0.05368280002081177,0.028558543810035315,0.0
zz,2031,8,15,0.09202882830780712,0.04601441415390356,0.02447080886920699,0.0
zz,2032,16,15,0.33615671777767964,0.16807835888883982,0.088251100281485,0.0
zz,2033,24,15,0.34246953633776256,0.17123476816888128,0.08746806155044468,0.0
zz,2034,8,15,0.11623797310037731,0.058118986550188656,0.03088203758198605,0.0
zz,2035,24,15,0.022440027085894987,0.011220013542947493,0.005338035047989868,0.0
zz,2036,24,15,0.04498190728508289,0.022490953642541445,0.011497563892615133,0.0
zz,2037,8,15,0.12975918588895008,0.06487959294447504,0.034450372472894696,0.0
zz,2038,24,15,0.060324222328825616,0.030162111164412808,0.01596001982388816,0.0
zz,2039,24,15,0.025688836340181265,0.012844418170090632,0.006340034146092887,0.0
zz,2040,8,15,0.1142383017757077,0.05711915088785385,0.030382254962711106,0.0
zz,2041,8,15,0.09958785814388371,0.049793929071941856,0.026447975794240165,0.0
zz,2042,16,15,0.3708665666247968,0.1854332833123984,0.09691087438570066,0.0
zz,2043,16,15,0.37171075260312314,0.18585537630156157,0.09725733004333713,0.0
zz,2044,24,15,0.2965391419941944,0.1482695709970972,0.07644183511268879,0.0
zz,2045,16,15,0.3607784608389415,0.18038923041947075,0.09458012364303553,0.0
zz,2046,16,15,0.34561485680978354,0.17280742840489177,0.09067382892220631,0.0
zz,2047,16,15,0.3530193015383756,0.1765096507691878,0.0927179218401185,0.0
zz,0,24,29,0.3221604114141048,0.1610802057070524,0.0798672564011065,0.0
zz,1,8,29,0.1206967565013276,0.0603483782506638,0.031120959329569348,0.0
zz,2,24,29,0.3542435950905247,0.17712179754526236,0.08890249854094778,0.0
zz,3,16,29,0.2998665729848359,0.14993328649241794,0.0764856043102995,0.0
zz,4,16,29,0.3511638203581291,0.17558191017906455,0.08925275362590653,0.0
zz,5,16,29,0.37257178670454094,0.18628589335227047,0.09424648320735743,0.0
zz,6,24,29,0.056234903894803456,0.028117451947401728,0.014602397489669704,0.0
zz,7,16,29,0.32268640106235474,0.16134320053117737,0.08216743296119983,0.0
zz,8,24,29,0.15609904392454377,0.07804952196227188,0.039521444586021,0.0
zz,9,8,29,0.06388277205660897,0.031941386028304486,0.01647478353506204,0.0
zz,10,8,29,0.08813283529407212,0.04406641764703606,0.02272424763110176,0.0
zz,11,8,29,0.13002469679068152,0.06501234839534076,0.03346373460624068,0.0
zz,12,8,29,0.09228493618091849,0.04614246809045924,0.02379978735093975,0.0
zz,13,16,29,0.34841980151510016,0.17420990075755008,0.08832504875678725,0.0
zz,14,24,29,0.3143959854803915,0.15719799274019575,0.07812792896920469,0.0
zz,15,16,29,0.35358976306494494,0.17679488153247247,0.08965598187810996,0.0
zz,16,24,29,0.2926930228367042,0.1463465114183521,0.0727513304801606,0.0
zz,17,8,29,0.10145004256443069,0.05072502128221534,0.026141128711321696,0.0
zz,18,24,29,0.17102577756458526,0.08551288878229263,0.043458078361656105,0.0
zz,19,24,29,0.12151628988232571,0.060758144941162856,0.031139565817083905,0.0
zz,20,16,29,0.3546236789235857,0.17731183946179285,0.08979379207891645,0.0
zz,21,8,29,0.10522156803441207,0.052610784017206036,0.02707658873988702,0.0
zz,22,16,29,0.3109755028387757,0.15548775141938784,0.07884226862927825,0.0
zz,23,16,29,0.34655601046102147,0.17327800523051073,0.08798972451184535,0.0
zz,24,16,29,0.31209546432920005,0.15604773216460002,0.07892244539471197,0.0
zz,25,8,29,0.11223331447408258,0.05611665723704129,0.028918174617639507,0.0
zz,26,24,29,0.34106726632322526,0.17053363316161263,0.0836683774022594,0.0
zz,27,16,29,0.28529717400116295,0.14264858700058147,0.07255562994184635,0.0
zz,28,24,29,0.282795070869343,0.1413975354346715,0.0714370620650322,0.0
zz,29,24,29,0.0562219515058654,0.0281109757529327,0.01306781528394078,0.0
zz,30,24,29,0.2444627567306794,0.1222313783653397,0.060240937801182934,0.0
zz,31,24,29,0.2202067734659956,0.1101033867329978,0.05447071602373054,0.0
zz,32,8,29,0.09704793406941215,0.04852396703470607,0.025017353973933572,0.0
zz,33,16,29,0.3613924518978144,0.1806962259489072,0.091693999484078,0.0
zz,34,8,29,0.08309748083994928,0.04154874041997464,0.021400406993740167,0.0
zz,35,8,29,0.09520021897661246,0.04760010948830623,0.024537217418277947,0.0
zz,36,24,29,0.3264431840342678,0.1632215920171339,0.08166679208031366,0.0
zz,37,16,29,0.30688857825549265,0.15344428912774633,0.07800978238862202,0.0
zz,38,24,29,0.262298722645501,0.1311493613227505,0.06540219112454292,0.0
zz,39,8,29,0.09748204269322047,0.048741021346610236,0.025133513764479386,0.0
zz,40,24,29,0.361015539181477,0.1805077695907385,0.0898628022706462,0.0
zz,41,8,29,0.06822666854923032,0.03411333427461516,0.01758585258544533,0.0
zz,42,24,29,0.30230027089117506,0.15115013544558753,0.0756163409893656,0.0
zz,43,24,29,0.1352690777814769,0.06763453889073845,0.03311197215924967,0.0
zz,44,16,29,0.36393474003516113,0.18196737001758057,0.09228541866247843,0.0
zz,45,16,29,0.3444738047474192,0.1722369023737096,0.08755990187471137,0.0
zz,46,16,29,0.3644054561883364,0.1822027280941682,0.09239301073322835,0.0
zz,47,24,29,0.3605934270069091,0.18029671350345455,0.08967156859597461,0.0
zz,48,16,29,0.35598209987159657,0.17799104993579828,0.09040355276469757,0.0
zz,49,24,29,0.06786031319466812,0.03393015659733406,0.017035131717716753,0.0
zz,50,8,29,0.11301270154074305,0.05650635077037153,0.02909024982435499,0.0
zz,51,8,29,0.09003805589662828,0.04501902794831414,0.023178829805732083,0.0
zz,52,24,29,0.2447890180310539,0.12239450901552695,0.061160455603137986,0.0
zz,53,24,29,0.34042067179790886,0.17021033589895443,0.08482565551219022,0.0
zz,54,8,29,0.10781859760613666,0.05390929880306833,0.027801040585339658,0.0
zz,55,24,29,0.059368164969178294,0.029684082484589147,0.011930885683223483,7.666749443302479e-05
zz,56,24,29,0.08360149784230808,0.04180074892115404,0.020629438597270042,5.2237498096352475e-05
zz,57,16,29,0.3721520564684839,0.18607602823424196,0.09404313420990787,0.0
zz,58,8,29,0.09316792242169913,0.04658396121084957,0.024028186294907352,0.0
zz,59,8,29,0.051694929023293756,0.025847464511646878,0.013301174835153948,0.0
zz,60,24,29,0.2722017329920001,0.13610086649600006,0.06816595003703813,0.0
zz,61,16,29,0.32291378112204727,0.16145689056102364,0.08229013346757406,0.0
zz,62,24,29,0.20437257662964964,0.10218628831482482,0.05104092886826468,0.0
zz,63,24,29,0.36645503488183073,0.18322751744091537,0.09109266236814045,0.0
zz,64,8,29,0.08204133188998919,0.041020665944994594,0.02114839263807641,0.0
zz,65,24,29,0.3396239065793352,0.1698119532896676,0.08400663125619273,0.0
zz,66,16,29,0.3465688473775955,0.17328442368879776,0.08818679206545062,0.0
zz,67,24,29,0.2239059477861458,0.1119529738930729,0.0556013755068353,0.0
zz,68,16,29,0.37503929306916467,0.18751964653458233,0.09485392696160534,0.0
zz,69,8,29,0.11788780671332122,0.05894390335666061,0.030356471964227374,0.0
zz,70,16,29,0.3557842658783823,0.17789213293919115,0.09011468123655172,0.0
zz,71,16,29,0.3273873203860148,0.1636936601930074,0.0835277067235649,0.0
zz,72,8,29,0.052270879000684944,0.026135439500342472,0.01348241946691577,0.0
zz,73,16,29,0.33873773365686144,0.16936886682843072,0.08587062022193878,0.0
zz,74,16,29,0.35292118066613704,0.17646059033306852,0.08980159100436831,0.0
zz,75,8,29,0.10030436710100754,0.05015218355050377,0.02583893311980486,0.0
zz,76,24,29,0.289997062067456,0.144998531033728,0.07195578196685103,0.0
zz,77,8,29,0.1466136332063822,0.0733068166031911,0.03774220886331216,0.0
zz,78,8,29,0.09636415940011012,0.04818207970005506,0.024855626560442278,0.0
zz,79,8,29,0.10009403649787296,0.05004701824893648,0.02579343100713417,0.0
zz,80,24,29,0.08737769177334676,0.04368884588667338,0.020490183661547343,0.0
zz,81,8,29,0.13786653286333184,0.06893326643166592,0.03551558219071626,0.0
zz,82,16,29,0.3647188805250948,0.1823594402625474,0.09248306323836465,0.0
zz,83,24,29,0.244623707184595,0.1223118535922975,0.06047729841123164,0.0
zz,84,24,29,0.08234798211863831,0.041173991059319154,0.020925515867177998,0.0
zz,85,16,29,0.3559090560945902,0.1779545280472951,0.09030172450437056,0.0
zz,86,24,29,0.28390288444445083,0.14195144222222542,0.07175768466863928,0.0
zz,87,24,29,0.2526219365038975,0.12631096825194876,0.06354521123003119,0.0
zz,88,16,29,0.35874453217684,0.17937226608842,0.09104675136735149,0.0
zz,89,16,29,0.33957527251666497,0.16978763625833249,0.08648999581449596,0.0
zz,90,24,29,0.13122118411917272,0.06561059205958636,0.0332143931625838,0.0
zz,91,8,29,0.08608906771507807,0.043044533857539036,0.022190623768114752,0.0
zz,92,8,29,0.06643274162144419,0.033216370810722096,0.017117625414806697,0.0
zz,93,8,29,0.09590899114484919,0.047954495572424594,0.024742525239596646,0.0
zz,94,8,29,0.09702764733181535,0.048513823665907674,0.02499616123433179,0.0
zz,95,8,29,0.09033961358915144,0.04516980679457572,0.02328478495253009,0.0
zz,96,8,29,0.08950294861749086,0.04475147430874543,0.02306802930802595,0.0
zz,97,16,29,0.36086674633494975,0.18043337316747488,0.0915991015946835,0.0
zz,98,16,29,0.35948297549868313,0.17974148774934157,0.09097783488888567,0.0
zz,99,16,29,0.3489389649827955,0.17446948249139774,0.0885522694168603,0.0
zz,100,16,29,0.35243855472255553,0.17621927736127777,0.08964529352900452,0.0
zz,101,16,29,0.370210329462797,0.1851051647313985,0.09381489451797935,0.0
zz,102,16,29,0.3466284274496194,0.1733142137248097,0.08827065809600211,0.0
zz,103,24,29,0.39454640326150703,0.19727320163075351,0.09793540350597255,0.0
zz,104,24,29,0.07868263094323419,0.039341315471617094,0.019947058745692928,0.0
zz,105,24,29,0.27415214165259816,0.13707607082629908,0.0676756430585304,0.0
zz,106,8,29,0.1023415506985712,0.0511707753492856,0.026374079002277836,0.0
zz,107,16,29,0.35241770039194764,0.17620885019597382,0.08943326251547526,0.0
zz,108,8,29,0.1313959187440622,0.0656979593720311,0.033858611917476654,0.0
zz,109,24,29,0.4298388040158221,0.21491940200791104,0.10666457031884237,0.0
zz,110,8,29,0.08197914578530718,0.04098957289265359,0.021120928342345684,0.0
zz,111,16,29,0.3675399835786013,0.18376999178930065,0.09320303336025253,0.0
zz,112,8,29,0.13744034588374854,0.06872017294187427,0.03538467230607025,0.0
zz,113,24,29,0.2389796091558142,0.1194898045779071,0.05767717449395245,0.0
zz,114,24,29,0.39747333090736886,0.19873666545368443,0.09877211560370591,0.0
zz,115,16,29,0.3615798189085132,0.1807899094542566,0.09148774298732455,0.0
zz,116,24,29,0.35187245471913103,0.17593622735956552,0.087513640806318,0.0
zz,117,8,29,0.14333417273146148,0.07166708636573074,0.03694172721033416,0.0
zz,118,24,29,0.27896442439521163,0.13948221219760581,0.06976393228181296,0.0
zz,119,8,29,0.10919624023823626,0.05459812011911813,0.028119878479843215,0.0
zz,120,16,29,0.2902483111383233,0.14512415556916164,0.07393162882688672,0.0
zz,121,24,29,0.42212514785269983,0.21106257392634992,0.1055410755237744,0.0
zz,122,16,29,0.28803683425558363,0.14401841712779181,0.07347867566214693,0.0
zz,123,8,29,0.10579409160802411,0.052897045804012055,0.02725327152788865,0.0
zz,124,8,29,0.16278913465594802,0.08139456732797401,0.04198652542760775,0.0
zz,125,24,29,0.3739201730639786,0.1869600865319893,0.09286051650176445,0.0
zz,126,16,29,0.34737591129072876,0.17368795564536438,0.08822193178064865,0.0
zz,127,24,29,0.14062679565489017,0.07031339782744508,0.035918143554522976,0.0
zz,128,24,29,0.2354450811339403,0.11772254056697015,0.05819047783526148,0.0
zz,129,24,29,0.40849494421448895,0.20424747210724448,0.10053207740222579,0.0
zz,130,8,29,0.1443102981603953,0.07215514908019766,0.03715335248950666,0.0
zz,131,24,29,0.1494102938826603,0.07470514694133015,0.03802825798142538,0.0
zz,132,24,29,0.3427677632985413,0.17138388164927065,0.08571885580019892,0.0
zz,133,16,29,0.3390632032489642,0.1695316016244821,0.08645828672226567,0.0
zz,134,8,29,0.09321002002885048,0.04660501001442524,0.024015218598580964,0.0
zz,135,16,29,0.3558636872184142,0.1779318436092071,0.09041613747948367,0.0
zz,136,16,29,0.36227564907008364,0.18113782453504182,0.09199604992930732,0.0
zz,137,8,29,0.06249242052212001,0.031246210261060003,0.016102481744742197,0.0
zz,138,8,29,0.09856551689875692,0.04928275844937846,0.02542416748273848,0.0
zz,139,16,29,0.33020341201706327,0.16510170600853163,0.0839862795546198,0.0
zz,140,8,29,0.08827604681881884,0.04413802340940942,0.02276099504346799,0.0
zz,141,24,29,0.3283410787573178,0.1641705393786589,0.08158653373228757,0.0
zz,142,24,29,0.09142113301203797,0.045710566506018985,0.023199243077439854,0.0
zz,143,24,29,0.2219631289931122,0.1109815644965561,0.056299285271151106,0.0
zz,144,16,29,0.3630382383885309,0.18151911919426544,0.09212810358532084,0.0
zz,145,24,29,0.0995955687372172,0.0497977843686086,0.02427124958178396,0.0
zz,146,8,29,0.10567821957812717,0.05283910978906359,0.02726052954567546,0.0
zz,147,16,29,0.3573809252905652,0.1786904626452826,0.0907596751852615,0.0
zz,148,24,29,0.3285583767770347,0.16427918838851735,0.08281912423862925,0.0
zz,149,24,29,0.2529804850858558,0.1264902425429279,0.06314216191239283,0.0
zz,150,24,29,0.03576438250606778,0.01788219125303389,0.0074393339481184425,6.786855128126934e-05
zz,151,24,29,0.07761990625232718,0.03880995312616359,0.020739273762985726,0.0
zz,152,8,29,0.10930250100645722,0.05465125050322861,0.02818507057063616,0.0
zz,153,16,29,0.34083858996413796,0.17041929498206898,0.08672189158807854,0.0
zz,154,16,29,0.36977440977047205,0.18488720488523602,0.09353690460049056,0.0
zz,155,24,29,0.23701558406253342,0.11850779203126671,0.05858545166899671,0.0
zz,156,24,29,0.029528996508739414,0.014764498254369707,0.006033053143526875,0.0
zz,157,8,29,0.04748569006500525,0.023742845032502624,0.012256550438765685,0.0
zz,158,8,29,0.0863690615171051,0.04318453075855255,0.02223782603999118,0.0
zz,159,8,29,0.10085446482865412,0.05042723241432706,0.02598442824964667,0.0
zz,160,16,29,0.37513185068715194,0.18756592534357597,0.09502586116896669,0.0
zz,161,16,29,0.34215477729933114,0.17107738864966557,0.08669053951670144,0.0
zz,162,8,29,0.07166548290893415,0.035832741454467076,0.018469161256064126,0.0
zz,163,8,29,0.09654511957447376,0.04827255978723688,0.024874601053483013,0.0
zz,164,16,29,0.362590902201852,0.181295451100926,0.09198137577198974,0.0
zz,165,8,29,0.08281747377276849,0.041408736886384245,0.021344950445569198,0.0
zz,166,8,29,0.07902523333489475,0.039512616667447376,0.020366941433371692,0.0
zz,167,16,29,0.35322437522809236,0.17661218761404618,0.08981292978728513,0.0
zz,168,16,29,0.3125295264586234,0.1562647632293117,0.07926954184902632,0.0
zz,169,16,29,0.3695514553849656,0.1847757276924828,0.09366487690328398,0.0
zz,170,24,29,0.3384693632838939,0.16923468164194694,0.0845918028884479,0.0
zz,171,16,29,0.34267353402180856,0.17133676701090428,0.08724109174395321,0.0
zz,172,16,29,0.34431584277369987,0.17215792138684993,0.08753267055932974,0.0
zz,173,8,29,0.10141223294038448,0.05070611647019224,0.026137340677389116,0.0
zz,174,24,29,0.13768126258537772,0.06884063129268886,0.034863962011841935,0.0
zz,175,8,29,0.12851850458738967,0.06425925229369484,0.033138127842286993,0.0
zz,176,24,29,0.22191506484883472,0.11095753242441736,0.05549049458514689,0.0
zz,177,8,29,0.13111217078316983,0.06555608539158492,0.033773249299124675,0.0
zz,178,8,29,0.08917932107962412,0.04458966053981206,0.02299184133069265,0.0
zz,179,24,29,0.29961167296183094,0.14980583648091547,0.07415986340804251,0.0
zz,180,16,29,0.3524255370254724,0.1762127685127362,0.08926961463247739,0.0
zz,181,8,29,0.1194510639386861,0.05972553196934305,0.030795025826053746,0.0
zz,182,16,29,0.3548023624759268,0.1774011812379634,0.09012173374565775,0.0
zz,183,24,29,0.4021544073198201,0.20107720365991005,0.10099068597024938,0.0
zz,184,16,29,0.29574291665728253,0.14787145832864126,0.0749821168885606,0.0
zz,185,24,29,0.026146612130284907,0.013073306065142454,0.006053576736467095,6.140857531278243e-05
zz,186,16,29,0.33581648709219036,0.16790824354609518,0.08544822922571997,0.0
zz,187,16,29,0.3442293644968275,0.17211468224841375,0.08770612991074245,0.0
zz,188,8,29,0.12989652832013654,0.06494826416006827,0.033505343967477015,0.0
zz,189,24,29,0.2586665407418516,0.1293332703709258,0.0649708387465622,0.0
zz,190,8,29,0.13149165569598886,0.06574582784799443,0.03385968999613144,0.0
zz,191,8,29,0.13325855385810936,0.06662927692905468,0.0343300881264932,0.0
zz,192,8,29,0.09771830363236933,0.048859151816184665,0.025180602157483696,0.0
zz,193,8,29,0.07516754213201415,0.03758377106600708,0.019363880932666784,0.0
zz,194,24,29,0.4150759851350883,0.20753799256754416,0.10174714356637284,0.0
zz,195,24,29,0.12266303725414918,0.06133151862707459,0.031206306177047036,0.0
zz,196,24,29,0.2394668140335537,0.11973340701677684,0.06081938778782205,0.0
zz,197,24,29,0.3630462752144594,0.1815231376072297,0.09083943807643863,0.0
zz,198,16,29,0.31759201149582206,0.15879600574791103,0.08057225865297894,0.0
zz,199,8,29,0.07726708173771046,0.03863354086885523,0.01989809660017314,0.0
zz,200,8,29,0.0443260640484634,0.0221630320242317,0.011433220592538009,0.0
zz,201,24,29,0.20074742752679892,0.10037371376339946,0.049871796517964355,0.0
zz,202,24,29,0.1954296511268571,0.09771482556342855,0.04836521516714162,0.0
zz,203,8,29,0.10976433044795342,0.05488216522397671,0.02830514136655453,0.0
zz,204,16,29,0.3310076702153908,0.1655038351076954,0.08406074783645953,0.0
zz,205,8,29,0.07669342157113745,0.03834671078556873,0.019794129991609673,0.0
zz,206,8,29,0.05802577786766405,0.029012888933832026,0.014961443908635986,0.0
zz,207,24,29,0.050840563430325725,0.025420281715162862,0.013394772501851494,0.0
zz,208,16,29,0.35343145830134304,0.17671572915067152,0.08982055182518035,0.0
zz,209,8,29,0.06131576240128045,0.030657881200640225,0.015806181813970976,0.0
zz,210,8,29,0.11167519120832747,0.05583759560416374,0.028799172129010658,0.0
zz,211,8,29,0.08279296938795355,0.041396484693976776,0.021317543027462058,0.0
zz,212,16,29,0.3337346321534447,0.16686731607672234,0.08458894794238664,0.0
zz,213,16,29,0.3364836669313202,0.1682418334656601,0.0855697584745491,0.0
zz,214,16,29,0.3637147038473453,0.18185735192367264,0.09210397550649412,0.0
zz,215,16,29,0.3206523757248795,0.16032618786243974,0.08177678255147604,0.0
zz,216,24,29,0.31598369174134944,0.15799184587067472,0.07894962365290618,0.0
zz,217,16,29,0.320864939557836,0.160432469778918,0.08162612516973806,0.0
zz,218,24,29,0.42374836658026066,0.21187418329013033,0.1058395923616921,0.0
zz,219,8,29,0.10002213574235952,0.05001106787117976,0.025805881845626905,0.0
zz,220,8,29,0.08225439562382242,0.04112719781191121,0.021206331091293516,0.0
zz,221,8,29,0.1415535153481624,0.0707767576740812,0.036459703001812865,0.0
zz,222,16,29,0.35069908574047903,0.17534954287023952,0.08903770513579609,0.0
zz,223,24,29,0.11786456518622113,0.05893228259311056,0.0298309610224198,0.0
zz,224,24,29,0.25698169254747705,0.12849084627373852,0.06480854333213193,0.0
zz,225,24,29,0.2590732499710904,0.1295366249855452,0.0643643433278642,0.0
zz,226,24,29,0.3694752507243402,0.1847376253621701,0.09209038300704896,0.0
zz,227,16,29,0.34732162626922425,0.17366081313461212,0.08824303796705976,0.0
zz,228,8,29,0.1304836183572473,0.06524180917862366,0.03359893704808163,0.0
zz,229,16,29,0.36193247402750117,0.18096623701375059,0.0918194581984085,0.0
zz,230,16,29,0.3197268485522446,0.1598634242761223,0.08154805067560979,0.0
zz,231,16,29,0.34410154736257514,0.17205077368128757,0.08756861992033042,0.0
zz,232,24,29,0.31961577267286656,0.15980788633643328,0.07959887849255488,0.0
zz,233,24,29,0.29233849582678906,0.14616924791339453,0.0727516175945285,0.0
zz,234,24,29,0.3515311310909221,0.17576556554546105,0.08759800350263035,0.0
zz,235,24,29,0.3434238964041454,0.1717119482020727,0.08589442777840917,0.0
zz,236,16,29,0.3458259284945314,0.1729129642472657,0.08809114316199874,0.0
zz,237,16,29,0.34420184725201486,0.17210092362600743,0.08727919543556316,0.0
zz,238,16,29,0.35640840344809266,0.17820420172404633,0.09044009321215764,0.0
zz,239,24,29,0.0668616260064358,0.0334308130032179,0.017181913478389866,0.0
zz,240,8,29,0.10113648048756818,0.05056824024378409,0.02604682399086729,0.0
zz,241,24,29,0.11755651319729038,0.05877825659864519,0.028416172695676496,0.0
zz,242,24,29,0.02376450637427724,0.01188225318713862,0.0048016544134332475,0.0
zz,243,24,29,0.053909147085150655,0.026954573542575327,0.014117321183154901,0.0
zz,244,16,29,0.35193764868091204,0.17596882434045602,0.08943781265433574,0.0
zz,245,16,29,0.3313594833905817,0.16567974169529084,0.08457034537591014,0.0
zz,246,16,29,0.3450501652050463,0.17252508260252314,0.08790853986989404,0.0
zz,247,16,29,0.3004704444134956,0.1502352222067478,0.0765721003565357,0.0
zz,248,24,29,0.276096123282575,0.1380480616412875,0.0689343265283779,0.0
zz,249,16,29,0.2990869355824435,0.14954346779122174,0.07573291974968228,0.0
zz,250,16,29,0.32272295061512474,0.16136147530756237,0.08228207095623707,0.0
zz,251,16,29,0.31820226080731007,0.15910113040365503,0.08105202096969535,0.0
zz,252,8,29,0.14103774847897788,0.07051887423948894,0.03635965913767056,0.0
zz,253,16,29,0.3530249052857357,0.17651245264286786,0.08974359583870237,0.0
zz,254,8,29,0.021032061987029005,0.010516030993514502,0.005422865151051021,0.0
zz,255,8,29,0.11155843783322628,0.05577921891661314,0.0287533130486508,0.0
zz,256,8,29,0.1292915567148013,0.06464577835740065,0.03325338571745588,0.0
zz,257,24,29,0.2883771755851236,0.1441885877925618,0.07240816844089142,0.0
zz,258,8,29,0.06174729441214122,0.03087364720607061,0.01592105538282759,0.0
zz,259,24,29,0.3384633423335345,0.16923167116676724,0.08497927559268043,0.0
zz,260,8,29,0.10478570477300142,0.05239285238650071,0.02697817559564825,0.0
zz,261,24,29,0.3457364193172848,0.1728682096586424,0.08528080212565502,0.0
zz,262,8,29,0.1419333019851256,0.0709666509925628,0.036583472924913936,0.0
zz,263,8,29,0.07535819571184188,0.03767909785592094,0.019383255931566683,0.0
zz,264,16,29,0.3510387433493654,0.1755193716746827,0.08900914931149406,0.0
zz,265,24,29,0.344587266034746,0.172293633017373,0.08529837363830442,0.0
zz,266,16,29,0.35349486525832197,0.17674743262916098,0.08981411145166146,0.0
zz,267,8,29,0.06711678480969208,0.03355839240484604,0.017313338705255355,0.0
zz,268,24,29,0.28703296535780365,0.14351648267890182,0.07188746369049595,0.0
zz,269,8,29,0.08882454222860836,0.04441227111430418,0.022914982297440167,0.0
zz,270,8,29,0.08152942258352813,0.040764711291764066,0.0210187425077917,0.0
zz,271,8,29,0.08497803426128114,0.04248901713064057,0.02188731222740693,0.0
zz,272,24,29,0.3092806846742512,0.1546403423371256,0.07719915405648387,0.0
zz,273,16,29,0.3672578437228221,0.18362892186141105,0.09316875495723041,0.0
zz,274,16,29,0.34336933908941064,0.17168466954470532,0.08747818899888239,0.0
zz,275,8,29,0.11794704859369542,0.05897352429684771,0.030389767366204204,0.0
zz,276,16,29,0.3555984252745342,0.1777992126372671,0.09039196131027086,0.0
zz,277,8,29,0.09990235861925889,0.049951179309629445,0.025722965562932968,0.0
zz,278,16,29,0.35814592523681366,0.17907296261840683,0.09045941698380344,0.0
zz,279,24,29,0.2446509826116134,0.1223254913058067,0.06104847285761009,0.0
zz,280,16,29,0.3180001419143478,0.1590000709571739,0.08085413383987017,0.0
zz,281,8,29,0.1032889570068598,0.0516444785034299,0.026615153669203903,0.0
zz,282,16,29,0.2663242164318822,0.1331621082159411,0.06791688464954024,0.0
zz,283,24,29,0.19968505388154725,0.09984252694077363,0.05104015516893363,0.0
zz,284,24,29,0.28173879896603526,0.14086939948301763,0.06992617312663017,0.0
zz,285,24,29,0.04627809956428708,0.02313904978214354,0.0102461166547867,0.0
zz,286,8,29,0.07660868933262321,0.03830434466631161,0.01977096352290539,0.0
zz,287,8,29,0.14205299046611275,0.07102649523305637,0.03662313978954386,0.0
zz,288,16,29,0.3500830654357828,0.1750415327178914,0.0889775980106273,0.0
zz,289,16,29,0.3657282299905705,0.18286411499528524,0.09278540077082119,0.0
zz,290,16,29,0.36211740369497586,0.18105870184748793,0.09159107136470049,0.0
zz,291,16,29,0.3360522766280876,0.1680261383140438,0.08558843301136633,0.0
zz,292,24,29,0.02095086276169328,0.01047543138084664,0.0048985059160630215,0.0
zz,293,24,29,0.29639667723470475,0.14819833861735238,0.07338598495414361,0.0
zz,294,24,29,0.1037866987634461,0.05189334938172305,0.02681120043982772,0.0
zz,295,24,29,0.31212719597691885,0.15606359798845942,0.07788185247495068,0.0
zz,296,16,29,0.3634035057990836,0.1817017528995418,0.0921941760618762,0.0
zz,297,8,29,0.0800173814464582,0.0400086907232291,0.020646818394187718,0.0
zz,298,16,29,0.3398119397138061,0.16990596985690304,0.08634170480341952,0.0
zz,299,24,29,0.3558824365394302,0.1779412182697151,0.0888819003753723,0.0
zz,300,8,29,0.10909952182321336,0.05454976091160668,0.028113121951681523,0.0
zz,301,24,29,0.028720430696080657,0.014360215348040328,0.005815067872054704,5.1524598290497714e-05
zz,302,16,29,0.36470270864987864,0.18235135432493932,0.09217990552055923,0.0
zz,303,24,29,0.2861744010897538,0.1430872005448769,0.07027255290703048,0.0
zz,304,8,29,0.08172433530576584,0.04086216765288292,0.021081709273212033,0.0
zz,305,8,29,0.11184905206716445,0.05592452603358222,0.028791398417023252,0.0
zz,306,16,29,0.3466675029026095,0.17333375145130475,0.08802226380800603,0.0
zz,307,8,29,0.07549162484544458,0.03774581242272229,0.01945423803777951,0.0
zz,308,16,29,0.36267358983678005,0.18133679491839003,0.09205973789756468,0.0
zz,309,16,29,0.3409035098934429,0.17045175494672146,0.08658399267211649,0.0
zz,310,24,29,0.0645961480024036,0.0322980740012018,0.016460646417483734,0.0
zz,311,24,29,0.2809045391025423,0.14045226955127116,0.07112343791503076,0.0
zz,312,24,29,0.225583341404858,0.112791670702429,0.055814188522684605,0.0
zz,313,16,29,0.33566271203343934,0.16783135601671967,0.08564051214500604,0.0
zz,314,24,29,0.30717921317175967,0.15358960658587983,0.07667583526533722,0.0
zz,315,16,29,0.34967635153380894,0.17483817576690447,0.08896751196483682,0.0
zz,316,16,29,0.35037145303604567,0.17518572651802283,0.088898266064451,0.0
zz,317,16,29,0.35832914803791316,0.17916457401895658,0.09099584023193745,0.0
zz,318,24,29,0.2351240182703377,0.11756200913516884,0.05883353306118614,0.0
zz,319,24,29,0.15201752913399103,0.07600876456699551,0.03818678798587291,0.0
zz,320,24,29,0.2949218036730732,0.1474609018365366,0.07416974592509762,0.0
zz,321,24,29,0.408967455257205,0.2044837276286025,0.10204280624757549,0.0
zz,322,24,29,0.046650074436654865,0.023325037218327432,0.009722186202500625,0.0
zz,323,8,29,0.0791656942461263,0.03958284712306315,0.020383771033823796,0.0
zz,324,24,29,0.02388564218930167,0.011942821094650835,0.004918329545762193,6.11829740914116e-05
zz,325,8,29,0.08140551649821082,0.04070275824910541,0.020995724905487907,0.0
zz,326,16,29,0.3524225904550913,0.17621129522754564,0.08918507287767029,0.0
zz,327,24,29,0.1107206877104493,0.05536034385522465,0.027874621267956357,0.0
zz,328,24,29,0.1319884362395325,0.06599421811976625,0.03393479652779875,0.0
zz,329,24,29,0.433967314473902,0.216983657236951,0.1079227116979759,0.0
zz,330,16,29,0.33943400350034447,0.16971700175017224,0.08636944334347597,0.0
zz,331,16,29,0.3422280555172813,0.17111402775864065,0.0870371063031847,0.0
zz,332,8,29,0.07792001003077365,0.03896000501538682,0.020085030705501765,0.0
zz,333,8,29,0.07758476554477667,0.038792382772388334,0.020006514074896353,0.0
zz,334,8,29,0.13297438282097285,0.06648719141048642,0.03426401847361388,0.0
zz,335,16,29,0.311688668062889,0.1558443340314445,0.07863236316229921,0.0
zz,336,8,29,0.13677405018259048,0.06838702509129524,0.035273228315109,0.0
zz,337,16,29,0.3621818978311998,0.1810909489155999,0.09185498016272031,0.0
zz,338,24,29,0.25943710011075094,0.12971855005537547,0.0646240010503517,0.0
zz,339,16,29,0.3430643362779274,0.1715321681389637,0.08733357150604495,0.0
zz,340,16,29,0.35146958172732257,0.17573479086366128,0.08915772507933643,0.0
zz,341,8,29,0.1230578748441552,0.0615289374220776,0.031703663730984155,0.0
zz,342,8,29,0.12344414820678318,0.06172207410339159,0.03178809407997421,0.0
zz,343,24,29,0.3835082976231302,0.1917541488115651,0.09519820083811176,0.0
zz,344,16,29,0.3608449794307802,0.1804224897153901,0.09120821867655819,0.0
zz,345,16,29,0.3425219425729863,0.17126097128649315,0.08712856755322913,0.0
zz,346,16,29,0.3683621563534858,0.1841810781767429,0.09333420816900592,0.0
zz,347,8,29,0.06492109138158308,0.03246054569079154,0.0167383740080545,0.0
zz,348,24,29,0.26354283724340033,0.13177141862170016,0.0663023097815186,0.0
zz,349,16,29,0.35392717074026325,0.17696358537013163,0.08994969895259503,0.0
zz,350,8,29,0.10694933845187415,0.05347466922593708,0.02756200842428951,0.0
zz,351,8,29,0.08467809358638145,0.04233904679319073,0.021806367689242875,0.0
zz,352,16,29,0.3364782586532661,0.16823912932663304,0.085837422148325,0.0
zz,353,24,29,0.1456756865194413,0.07283784325972065,0.03465345446566117,0.0
zz,354,16,29,0.331941897175449,0.1659709485877245,0.08426212781394549,0.0
zz,355,8,29,0.12172039586371697,0.060860197931858484,0.0313755001202711,0.0
zz,356,24,29,0.3352302325608456,0.1676151162804228,0.08404258254002452,0.0
zz,357,16,29,0.3563964364598733,0.17819821822993664,0.09049678705887157,0.0
zz,358,24,29,0.23375765502994145,0.11687882751497072,0.05808639230222285,0.0
zz,359,8,29,0.12359152942739382,0.06179576471369691,0.03184149914177423,0.0
zz,360,16,29,0.3068385108775423,0.15341925543877116,0.07820853893374366,0.0
zz,361,8,29,0.06886706268990617,0.03443353134495308,0.017767369812523397,0.0
zz,362,8,29,0.151880046665975,0.0759400233329875,0.03914373362529516,0.0
zz,363,24,29,0.018152083360714943,0.009076041680357472,0.0047265444829203565,0.0
zz,364,16,29,0.35339110521960915,0.17669555260980457,0.08986678255696702,0.0
zz,365,24,29,0.27339320035877923,0.13669660017938962,0.06886807832802855,0.0
zz,366,24,29,0.06814975159103787,0.03407487579551893,0.01582901694078957,8.439809614935179e-05
zz,367,16,29,0.3381285690107217,0.16906428450536085,0.0861377387486274,0.0
zz,368,24,29,0.35283865435768325,0.17641932717884162,0.08839402657292367,0.0
zz,369,8,29,0.06805546752618252,0.03402773376309126,0.017538176685088887,0.0
zz,370,16,29,0.31394145270407814,0.15697072635203907,0.08028053027896861,0.0
zz,371,8,29,0.07447513965744879,0.03723756982872439,0.01918421899691222,0.0
zz,372,8,29,0.13258723461795796,0.06629361730897898,0.03414701242704455,0.0
zz,373,16,29,0.35502673596899337,0.17751336798449668,0.09027794819164355,0.0
zz,374,16,29,0.33239176239911117,0.16619588119955558,0.08474407753443541,0.0
zz,375,8,29,0.13250167096677656,0.06625083548338828,0.03413688358968807,0.0
zz,376,16,29,0.37264139396143414,0.18632069698071707,0.0941151796081158,0.0
zz,377,24,29,0.39031341948418485,0.19515670974209243,0.09751235016238954,0.0
zz,378,8,29,0.09710896508410283,0.048554482542051414,0.02502732966462351,0.0
zz,379,8,29,0.12978513881243336,0.06489256940621668,0.03342887995374595,0.0
zz,380,8,29,0.0794435822089633,0.03972179110448165,0.020493645811694782,0.0
zz,381,24,29,0.16571203225412878,0.08285601612706439,0.04033258107656958,0.0
zz,382,24,29,0.13333987929832375,0.06666993964916187,0.03375505380365883,0.0
zz,383,24,29,0.3407741464460119,0.17038707322300595,0.08422336482582846,0.0
zz,384,8,29,0.08021945298524902,0.04010972649262451,0.020655488130339364,0.0
zz,385,24,29,0.0956462871885696,0.0478231435942848,0.0244872044225094,0.0
zz,386,16,29,0.34966602091261345,0.17483301045630673,0.08896470175029378,0.0
zz,387,8,29,0.05231570892895432,0.02615785446447716,0.013480473093099023,0.0
zz,388,16,29,0.3388198479618158,0.1694099239809079,0.08627584134516772,0.0
zz,389,16,29,0.30988534802162315,0.15494267401081158,0.07862695865737165,0.0
zz,390,24,29,0.25643757633581077,0.12821878816790538,0.06471545319677666,0.0
zz,391,24,29,0.3775820325444922,0.1887910162722461,0.09427823653950922,0.0
zz,392,24,29,0.1165489463940712,0.0582744731970356,0.028925806923392042,0.0
zz,393,16,29,0.36645496986704273,0.18322748493352137,0.09290292983749071,0.0
zz,394,16,29,0.31704353961917536,0.15852176980958768,0.08066513806906626,0.0
zz,395,8,29,0.10154128455693068,0.05077064227846534,0.02619862972854705,0.0
zz,396,16,29,0.34275189158895514,0.17137594579447757,0.08692258058677968,0.0
zz,397,8,29,0.16792704195706326,0.08396352097853163,0.04330326035060407,0.0
zz,398,16,29,0.37317204337588505,0.18658602168794253,0.09419699302915797,0.0
zz,399,24,29,0.409984117196624,0.204992058598312,0.10215621287432892,0.0
zz,400,24,29,0.09668569618056433,0.048342848090282164,0.023092817196521277,1.0619241529452594e-06
zz,401,24,29,0.2061504683211851,0.10307523416059255,0.05237746363738496,0.0
zz,402,16,29,0.3581998891396647,0.17909994456983236,0.09083786910055644,0.0
zz,403,8,29,0.11589278013925375,0.057946390069626874,0.029875937390449678,0.0
zz,404,24,29,0.34101150762018295,0.17050575381009148,0.08524770998046186,0.0
zz,405,8,29,0.08173511709626391,0.040867558548131955,0.021085604982069232,0.0
zz,406,16,29,0.3679943982816283,0.18399719914081414,0.09323663745350848,0.0
zz,407,8,29,0.08724542275879499,0.043622711379397494,0.02250439304991499,0.0
zz,408,8,29,0.061997914955414846,0.030998957477707423,0.015980330981267818,0.0
zz,409,16,29,0.3488581922460874,0.1744290961230437,0.08840871923723843,0.0
zz,410,16,29,0.3401621959325286,0.1700810979662643,0.08653388628017997,0.0
zz,411,16,29,0.35612304736070644,0.17806152368035322,0.09037214716385161,0.0
zz,412,8,29,0.07696748187787561,0.038483740938937805,0.019834155843411097,0.0
zz,413,16,29,0.320433508712462,0.160216754356231,0.08169814440322505,0.0
zz,414,16,29,0.34061653246818674,0.17030826623409337,0.08627530563675584,0.0
zz,415,24,29,0.27967753806689555,0.13983876903344777,0.06984158806013047,0.0
zz,416,8,29,0.1142502294756298,0.0571251147378149,0.02946381959299761,0.0
zz,417,24,29,0.1939646652763282,0.0969823326381641,0.048511977528032324,0.0
zz,418,24,29,0.20748979972496298,0.10374489986248149,0.052505557740461166,0.0
zz,419,16,29,0.32660242817354823,0.16330121408677412,0.08289740199358135,0.0
zz,420,8,29,0.08004797513816286,0.04002398756908143,0.020619438914501194,0.0
zz,421,16,29,0.34994409099586105,0.17497204549793052,0.08905092905684767,0.0
zz,422,16,29,0.3498582050754019,0.17492910253770094,0.08897167771005424,0.0
zz,423,8,29,0.08789178261109698,0.04394589130554849,0.022648308048392785,0.0
zz,424,24,29,0.4009470412905949,0.20047352064529744,0.09837665207284035,0.0
zz,425,24,29,0.3694276663430913,0.18471383317154566,0.09165439290006473,0.0
zz,426,8,29,0.11658026332431426,0.05829013166215713,0.03002246649310829,0.0
zz,427,16,29,0.3702790756080603,0.18513953780403014,0.0937931815120387,0.0
zz,428,16,29,0.35215529177164606,0.17607764588582303,0.08944580786141815,0.0
zz,429,24,29,0.1870327645585776,0.0935163822792888,0.046149697464751935,0.0
zz,430,24,29,0.24740511347598754,0.12370255673799377,0.06057454790307913,0.0
zz,431,24,29,0.4146562964271691,0.20732814821358456,0.10335455215391558,0.0
zz,432,8,29,0.13906507013840486,0.06953253506920243,0.035856967070921536,0.0
zz,433,16,29,0.34885043503181734,0.17442521751590867,0.08876219700209331,0.0
zz,434,16,29,0.3643529571431736,0.1821764785715868,0.092434585872764,0.0
zz,435,8,29,0.16360175522878428,0.08180087761439214,0.04216047401599505,0.0
zz,436,16,29,0.36630033704985643,0.18315016852492821,0.0928636884916934,0.0
zz,437,16,29,0.3468545472799973,0.17342727363999866,0.08814579174058604,0.0
zz,438,8,29,0.10806569936645116,0.05403284968322558,0.027865017111456176,0.0
zz,439,16,29,0.349609684521463,0.1748048422607315,0.08893158166103503,0.0
zz,440,24,29,0.3176436180697968,0.1588218090348984,0.07926687196685228,0.0
zz,441,16,29,0.34729687681082805,0.17364843840541402,0.08826270499656705,0.0
zz,442,24,29,0.016422107380285045,0.008211053690142522,0.003705423356876619,6.228371666860966e-06
zz,443,16,29,0.33384063900412914,0.16692031950206457,0.08464876417760743,0.0
zz,444,24,29,0.3038250154255514,0.1519125077127757,0.07555796239896155,0.0
zz,445,16,29,0.334487473397088,0.167243736698544,0.08519314156970499,0.0
zz,446,8,29,0.14528245334077505,0.07264122667038753,0.037452722374166886,0.0
zz,447,16,29,0.33508828495149023,0.16754414247574512,0.08498209233178851,0.0
zz,448,8,29,0.10192068521692799,0.05096034260846399,0.026293844077257555,0.0
zz,449,8,29,0.19732169613765493,0.09866084806882747,0.05081199532535554,0.0
zz,450,16,29,0.3713345364102053,0.18566726820510265,0.09404254735154943,0.0
zz,451,16,29,0.32465207847168265,0.16232603923584132,0.08249725320020923,0.0
zz,452,24,29,0.3967498198788263,0.19837490993941315,0.09848677609530351,0.0
zz,453,16,29,0.3569978214010925,0.17849891070054624,0.09076215471013113,0.0
zz,454,24,29,0.2721875390195727,0.13609376950978636,0.06822228981432585,0.0
zz,455,24,29,0.265173958352435,0.1325869791762175,0.06620154201340903,0.0
zz,456,24,29,0.23785209901169727,0.11892604950584863,0.05905734054883473,0.0
zz,457,16,29,0.32536908622499383,0.16268454311249692,0.08249598875012044,0.0
zz,458,8,29,0.08544930924465344,0.04272465462232672,0.02202375776237399,0.0
zz,459,8,29,0.12240845502956665,0.06120422751478333,0.03152442766458022,0.0
zz,460,24,29,0.30297234800937234,0.15148617400468617,0.07543474007777404,0.0
zz,461,8,29,0.08136951954178406,0.04068475977089203,0.020984846031409602,0.0
zz,462,16,29,0.35951153889816484,0.17975576944908242,0.09133993949959578,0.0
zz,463,8,29,0.0892033368417815,0.04460166842089075,0.02299599642026333,0.0
zz,464,24,29,0.4024722049478382,0.2012361024739191,0.09993041177410766,0.0
zz,465,16,29,0.354270534608764,0.177135267304382,0.08993177363866606,0.0
zz,466,8,29,0.061689626704106604,0.030844813352053302,0.015905690648091466,0.0
zz,467,8,29,0.09741415998944603,0.04870707999472301,0.025102567139025388,0.0
zz,468,16,29,0.3233977973981475,0.16169889869907375,0.08216169318268542,0.0
zz,469,24,29,0.30101754159465105,0.15050877079732553,0.07498016850203,0.0
zz,470,24,29,0.31883767615536585,0.15941883807768292,0.08021041270784694,0.0
zz,471,8,29,0.09421022082550268,0.04710511041275134,0.024280156972159603,0.0
zz,472,8,29,0.14420343603565366,0.07210171801782683,0.037160489831475504,0.0
zz,473,16,29,0.37307296619511354,0.18653648309755677,0.09415569042956619,0.0
zz,474,8,29,0.09601558604394544,0.04800779302197272,0.0247646830066867,0.0
zz,475,24,29,0.270191257555054,0.135095628777527,0.06837299489828397,0.0
zz,476,16,29,0.3529718580984428,0.1764859290492214,0.08963604934717673,0.0
zz,477,24,29,0.24259796984067647,0.12129898492033823,0.0596840942099135,0.0
zz,478,8,29,0.16086960522020533,0.08043480261010266,0.04148084677934355,0.0
zz,479,8,29,0.05667268101743994,0.02833634050871997,0.014619641221127723,0.0
zz,480,24,29,0.30419334253845715,0.15209667126922857,0.07580124608182347,0.0
zz,481,16,29,0.3535936617597049,0.17679683087985246,0.08991285131432264,0.0
zz,482,16,29,0.37068996841638957,0.18534498420819479,0.09380892729967462,0.0
zz,483,16,29,0.33123312065418875,0.16561656032709438,0.08412990420391858,0.0
zz,484,16,29,0.31806677574295805,0.15903338787147903,0.08083872092945651,0.0
zz,485,8,29,0.0535892616530822,0.0267946308265411,0.013814389857232271,0.0
zz,486,16,29,0.36932588894278673,0.18466294447139336,0.09330482209914273,0.0
zz,487,16,29,0.3571942481829757,0.17859712409148784,0.09027361129076808,0.0
zz,488,16,29,0.3321103284985777,0.16605516424928884,0.08474532716462412,0.0
zz,489,24,29,0.19368996391847493,0.09684498195923746,0.04932643517286698,0.0
zz,490,24,29,0.2605539641375755,0.13027698206878774,0.06369591401561338,0.0
zz,491,8,29,0.11403175719271375,0.05701587859635687,0.029337423743427255,0.0
zz,492,8,29,0.15024507368315998,0.07512253684157999,0.038725857754119256,0.0
zz,493,16,29,0.3578648129665158,0.1789324064832579,0.0908280002392776,0.0
zz,494,24,29,0.13797137365125428,0.06898568682562714,0.03460351180987565,0.0
zz,495,24,29,0.0877900619596853,0.04389503097984265,0.02261255226487245,0.0
zz,496,24,29,0.18429492748807988,0.09214746374403994,0.04555003701695506,0.0
zz,497,8,29,0.09747289746560506,0.04873644873280253,0.025132207441507314,0.0
zz,498,24,29,0.2989040969470133,0.14945204847350665,0.0739170284672034,0.0
zz,499,24,29,0.22982510555986183,0.11491255277993091,0.05725335925296257,0.0
zz,500,16,29,0.3099267273438427,0.15496336367192134,0.07857013791436519,0.0
zz,501,24,29,0.11767982495815738,0.05883991247907869,0.029487582846044604,0.0
zz,502,16,29,0.28144872482566735,0.14072436241283368,0.07172144831508163,0.0
zz,503,8,29,0.13426051505254166,0.06713025752627083,0.03460329351974444,0.0
zz,504,16,29,0.34441564425014853,0.17220782212507427,0.08765006921957053,0.0
zz,505,8,29,0.0888541567215193,0.04442707836075965,0.022918598580345034,0.0
zz,506,8,29,0.15981155776749423,0.07990577888374711,0.04118028279390549,0.0
zz,507,24,29,0.3408732251081284,0.1704366125540642,0.08329681176626065,0.0
zz,508,16,29,0.3183000232971792,0.1591500116485896,0.08118953532652753,0.0
zz,509,16,29,0.30664056705120113,0.15332028352560056,0.07832935870389023,0.0
zz,510,8,29,0.0867849422461433,0.04339247112307165,0.022374453640822724,0.0
zz,511,8,29,0.12042559509614292,0.06021279754807146,0.03101837352271845,0.0
zz,512,24,29,0.17201802276381978,0.08600901138190989,0.04267976904719347,0.0
zz,513,8,29,0.08016307112319376,0.04008153556159688,0.020622857152246283,0.0
zz,514,24,29,0.1566432093343712,0.0783216046671856,0.03985996387680244,0.0
zz,515,16,29,0.33745718772542144,0.16872859386271072,0.08601337224316238,0.0
zz,516,16,29,0.3210290999944799,0.16051454999723996,0.08190077054311057,0.0
zz,517,24,29,0.028367361570838245,0.014183680785419123,0.006493180865570576,1.0079470705692817e-05
zz,518,24,29,0.24066056416664638,0.12033028208332319,0.06015286633727786,0.0
zz,519,16,29,0.3356868593151427,0.16784342965757135,0.08555402784479235,0.0
zz,520,8,29,0.11267012294313661,0.056335061471568304,0.029018761039444067,0.0
zz,521,8,29,0.09840128706999629,0.049200643534998145,0.02538257441333742,0.0
zz,522,24,29,0.10696723245669382,0.05348361622834691,0.027278053622369337,0.0
zz,523,24,29,0.24869861101774413,0.12434930550887206,0.061220176424309686,0.0
zz,524,24,29,0.029808104047522932,0.014904052023761466,0.005922400471245567,6.976124670432515e-06
zz,525,24,29,0.3771515855701472,0.1885757927850736,0.09469218841113163,0.0
zz,526,24,29,0.22284909026802957,0.11142454513401479,0.05541183749329657,0.0
zz,527,24,29,0.17685476263587557,0.08842738131793779,0.04462286356090683,0.0
zz,528,24,29,0.06229124855469059,0.031145624277345296,0.01594596981712793,0.0
zz,529,24,29,0.38487757452563676,0.19243878726281838,0.09636308207744075,0.0
zz,530,24,29,0.18754607411532692,0.09377303705766346,0.04772379226387392,0.0
zz,531,24,29,0.30398252488116173,0.15199126244058087,0.07585785639870118,0.0
zz,532,16,29,0.3434438085682844,0.1717219042841422,0.08748870033182725,0.0
zz,533,16,29,0.32284236123292925,0.16142118061646463,0.08210311518625402,0.0
zz,534,8,29,0.12564205343493473,0.06282102671746737,0.03237361160854445,0.0
zz,535,24,29,0.16680411442125156,0.08340205721062578,0.04229980970975741,0.0
zz,536,8,29,0.12080834077326275,0.06040417038663137,0.031139945040828784,0.0
zz,537,8,29,0.1296270884020264,0.0648135442010132,0.0334011201799371,0.0
zz,538,8,29,0.06489639168728933,0.03244819584364467,0.016694574771079492,0.0
zz,539,24,29,0.28464499592368164,0.14232249796184082,0.07146139590301336,0.0
zz,540,8,29,0.1303161277776882,0.0651580638888441,0.03352308555704433,0.0
zz,541,16,29,0.37346712157052764,0.18673356078526382,0.09453236342060513,0.0
zz,542,24,29,0.19554585870375527,0.09777292935187763,0.048440142683119816,0.0
zz,543,24,29,0.3193845805296473,0.15969229026482365,0.07940475977348847,0.0
zz,544,8,29,0.15199536324189883,0.07599768162094941,0.039174861641586185,0.0
zz,545,24,29,0.14238834050291987,0.07119417025145994,0.03545755059674272,0.0
zz,546,16,29,0.32482589041588533,0.16241294520794267,0.08253922555978771,0.0
zz,547,24,29,0.31514371076366066,0.15757185538183033,0.0783425940767211,0.0
zz,548,24,29,0.2996435656360483,0.14982178281802416,0.07577069018143785,0.0
zz,549,24,29,0.30612368028939047,0.15306184014469523,0.07635823931303401,0.0
zz,550,16,29,0.37375548778331613,0.18687774389165807,0.09458094945842416,0.0
zz,551,16,29,0.35649064296386346,0.17824532148193173,0.09062585867824705,0.0
zz,552,8,29,0.10353583796836774,0.05176791898418387,0.026705521488732172,0.0
zz,553,24,29,0.15775047365716038,0.07887523682858019,0.03953243278900532,0.0
zz,554,16,29,0.3483258078261804,0.1741629039130902,0.0885443759602049,0.0
zz,555,16,29,0.35325217550177745,0.17662608775088873,0.08976812202448733,0.0
zz,556,24,29,0.3169809448548776,0.1584904724274388,0.07908518422690775,0.0
zz,557,8,29,0.1567545146911392,0.0783772573455696,0.04040293096042003,0.0
zz,558,8,29,0.07882011942029521,0.039410059710147605,0.020314419676468822,0.0
zz,559,8,29,0.12642289158900466,0.06321144579450233,0.03261581264797239,0.0
zz,560,8,29,0.1032473327073602,0.0516236663536801,0.02661862840495297,0.0
zz,561,16,29,0.35265298793074357,0.17632649396537178,0.08934571777769794,0.0
zz,562,8,29,0.058114966262126644,0.029057483131063322,0.014990164372954341,0.0
zz,563,24,29,0.2233844923399302,0.1116922461699651,0.056123128162250076,0.0
zz,564,16,29,0.3776321479788346,0.1888160739894173,0.09550621047620458,0.0
zz,565,24,29,0.02054344366299865,0.010271721831499325,0.004988504238207156,0.0
zz,566,8,29,0.10856730679139137,0.054283653395695686,0.02798897238213109,0.0
zz,567,24,29,0.2903252305230546,0.1451626152615273,0.07192027888733508,0.0
zz,568,24,29,0.22494102872790994,0.11247051436395497,0.057077546621924796,0.0
zz,569,16,29,0.3292904925351421,0.16464524626757104,0.08406229380542939,0.0
zz,570,16,29,0.3702506068131006,0.1851253034065503,0.0936232757777511,0.0
zz,571,8,29,0.10094574203427764,0.05047287101713882,0.026052167964308558,0.0
zz,572,24,29,0.11918098387776571,0.059590491938882856,0.030093122481916826,0.0
zz,573,16,29,0.2601843187407855,0.13009215937039276,0.0662134012555877,0.0
zz,574,8,29,0.09893083996141783,0.04946541998070891,0.025509423155815617,0.0
zz,575,8,29,0.0974078905466873,0.04870394527334365,0.025106548861648117,0.0
zz,576,16,29,0.3711829332220879,0.18559146661104395,0.0939091961537586,0.0
zz,577,24,29,0.4055454426241131,0.20277272131205654,0.10154942066669635,0.0
zz,578,24,29,0.025704707266301863,0.012852353633150931,0.00658158559093231,0.0
zz,579,8,29,0.12842586050456561,0.06421293025228281,0.033093026112816906,0.0
zz,580,24,29,0.27251861371241176,0.13625930685620588,0.06776552858518202,0.0
zz,581,8,29,0.13511662484036557,0.06755831242018279,0.034819899532747285,0.0
zz,582,16,29,0.35107815453559044,0.17553907726779522,0.08932581828758888,0.0
zz,583,16,29,0.32642531425925325,0.16321265712962663,0.08235605911753922,0.0
zz,584,16,29,0.37495517324670025,0.18747758662335012,0.09480505392392798,0.0
zz,585,8,29,0.11296345001506125,0.056481725007530625,0.029111239762084344,0.0
zz,586,24,29,0.2806847570321944,0.1403423785160972,0.07006237735021541,0.0
zz,587,8,29,0.11845253463608763,0.05922626731804381,0.030557600382034342,0.0
zz,588,8,29,0.058179666445792866,0.029089833222896433,0.014996421029406244,0.0
zz,589,16,29,0.3203962894444629,0.16019814472223146,0.08175790115031883,0.0
zz,590,16,29,0.3330386813121543,0.16651934065607715,0.08448541487538626,0.0
zz,591,16,29,0.37772181445326325,0.18886090722663162,0.09546687033251086,0.0
zz,592,16,29,0.31474419942974924,0.15737209971487462,0.08026211765898673,0.0
zz,593,24,29,0.339000496819439,0.1695002484097195,0.08423580693502178,0.0
zz,594,16,29,0.31537676606853576,0.15768838303426788,0.08043393971817793,0.0
zz,595,24,29,0.2216314994913546,0.1108157497456773,0.05459600762129406,0.0
zz,596,8,29,0.05433827459386287,0.027169137296931434,0.014005712046102577,0.0
zz,597,24,29,0.29430398902758903,0.14715199451379452,0.0741279266466595,0.0
zz,598,24,29,0.4165647239336741,0.20828236196683705,0.10324778935965657,0.0
zz,599,16,29,0.2891272357073105,0.14456361785365526,0.07365385134372263,0.0
zz,600,16,29,0.3466009200085183,0.17330046000425914,0.08815375163286178,0.0
zz,601,16,29,0.3293625533837656,0.1646812766918828,0.08351074113910356,0.0
zz,602,8,29,0.13863399415725852,0.06931699707862926,0.035721105877185536,0.0
zz,603,8,29,0.08109796717376483,0.040548983586882414,0.020905392023930013,0.0
zz,604,16,29,0.3403948070456394,0.1701974035228197,0.08667786202841903,0.0
zz,605,16,29,0.3545489860061537,0.17727449300307685,0.09015554468920843,0.0
zz,606,24,29,0.33884170035204997,0.16942085017602498,0.0844506416240636,0.0
zz,607,8,29,0.12171835500546602,0.06085917750273301,0.0313745290538433,0.0
zz,608,24,29,0.2967587959399013,0.14837939796995064,0.07426175727076562,0.0
zz,609,8,29,0.12832384654608986,0.06416192327304493,0.033059173512550936,0.0
zz,610,16,29,0.35405549590429325,0.17702774795214662,0.08992441301816892,0.0
zz,611,24,29,0.17376504918276953,0.08688252459138476,0.0436209066839918,0.0
zz,612,24,29,0.2657575284751694,0.1328787642375847,0.06657882949734256,0.0
zz,613,24,29,0.19840973468060744,0.09920486734030372,0.049728694777310664,0.0
zz,614,16,29,0.34594536929453146,0.17297268464726573,0.08814660362865467,0.0
zz,615,8,29,0.13141335542841537,0.06570667771420768,0.03386321178842665,0.0
zz,616,16,29,0.3659729489831065,0.18298647449155325,0.09282105529388814,0.0
zz,617,16,29,0.36320518022211423,0.18160259011105712,0.0918620355284694,0.0
zz,618,16,29,0.3546261199480539,0.17731305997402694,0.09005195756099096,0.0
zz,619,24,29,0.3801429736813658,0.1900714868406829,0.09494783681294046,0.0
zz,620,24,29,0.37096366426629634,0.18548183213314817,0.09148596408756121,0.0
zz,621,24,29,0.19026701095583287,0.09513350547791644,0.047313382687525565,0.0
zz,622,16,29,0.3392571664915225,0.16962858324576124,0.0863480150615224,0.0
zz,623,24,29,0.22073913548137816,0.11036956774068908,0.056100582157157776,0.0
zz,624,8,29,0.09234283369528828,0.04617141684764414,0.0238231291916925,0.0
zz,625,16,29,0.35365887954863096,0.17682943977431548,0.08995632234250263,0.0
zz,626,24,29,0.18579143099192622,0.09289571549596311,0.047195636757487086,0.0
zz,627,8,29,0.14197310480154746,0.07098655240077373,0.03659652758267293,0.0
zz,628,24,29,0.4146210177196543,0.20731050885982716,0.10178291951694118,0.0
zz,629,24,29,0.33877886558635245,0.16938943279317623,0.08459377889896932,0.0
zz,630,16,29,0.3653136230846603,0.18265681154233016,0.09237021406260391,0.0
zz,631,16,29,0.34476472450220297,0.17238236225110148,0.08711827780927257,0.0
zz,632,8,29,0.14094935679968645,0.07047467839984323,0.036279504764501716,0.0
zz,633,16,29,0.330673989694166,0.165336994847083,0.08430061934525271,0.0
zz,634,16,29,0.3210889908568625,0.16054449542843124,0.08112069777769136,0.0
zz,635,8,29,0.06270426657472983,0.031352133287364914,0.016155489189346846,0.0
zz,636,24,29,0.3392629090088847,0.16963145450444236,0.084520042342985,0.0
zz,637,16,29,0.35048854709212257,0.17524427354606129,0.08917833404814958,0.0
zz,638,16,29,0.3266016340898546,0.1633008170449273,0.08313534301278193,0.0
zz,639,16,29,0.36692878817492364,0.18346439408746182,0.09288681286416489,0.0
zz,640,8,29,0.10341148355299046,0.05170574177649523,0.026682233504315846,0.0
zz,641,8,29,0.1528289539034381,0.07641447695171905,0.039422289410917626,0.0
zz,642,8,29,0.10672571265382347,0.053362856326911734,0.02750915443519055,0.0
zz,643,16,29,0.3626471881636312,0.1813235940818156,0.09203800546074994,0.0
zz,644,16,29,0.3445023232614943,0.17225116163074716,0.08707285529958252,0.0
zz,645,16,29,0.35701983770884177,0.17850991885442088,0.09045542896455881,0.0
zz,646,8,29,0.078020827606055,0.0390104138030275,0.020118687812319538,0.0
zz,647,24,29,0.39009797001962687,0.19504898500981344,0.09692046070497427,0.0
zz,648,8,29,0.12488644321302966,0.06244322160651483,0.03220412585440488,0.0
zz,649,24,29,0.23462756956503852,0.11731378478251926,0.05890060602618835,0.0
zz,650,24,29,0.17729993604394795,0.08864996802197397,0.04455732338130233,0.0
zz,651,16,29,0.3660782586591279,0.18303912932956395,0.09289660672087983,0.0
zz,652,8,29,0.12966837458343783,0.06483418729171891,0.033425171587789675,0.0
zz,653,24,29,0.1030251119408897,0.05151255597044485,0.024423085641386767,0.0
zz,654,8,29,0.08805302757422873,0.04402651378711436,0.022693078269158524,0.0
zz,655,16,29,0.37949529620876826,0.18974764810438413,0.09586353808865754,0.0
zz,656,24,29,0.2986827023231059,0.14934135116155295,0.07437853775796054,0.0
zz,657,24,29,0.31940568866557917,0.15970284433278958,0.07903860499799573,0.0
zz,658,24,29,0.35152126515423016,0.17576063257711508,0.08633228876397231,0.0
zz,659,8,29,0.07233189140030694,0.03616594570015347,0.01865289563627075,0.0
zz,660,8,29,0.056708914642154995,0.028354457321077498,0.014625528749922017,0.0
zz,661,16,29,0.32853232420024425,0.16426616210012213,0.08355599241847377,0.0
zz,662,8,29,0.09459235298856972,0.04729617649428486,0.02438726662883523,0.0
zz,663,8,29,0.04885215129230758,0.02442607564615379,0.01259315909053481,0.0
zz,664,24,29,0.3840758172373121,0.19203790861865605,0.09553245107066413,0.0
zz,665,16,29,0.30219982466381634,0.15109991233190817,0.07669398745669088,0.0
zz,666,24,29,0.2230986283054547,0.11154931415272736,0.055925200688586134,0.0
zz,667,24,29,0.232008339012178,0.116004169506089,0.05752618957189879,0.0
zz,668,16,29,0.36296080369920536,0.18148040184960268,0.09216009165227472,0.0
zz,669,8,29,0.08337765180496759,0.041688825902483795,0.02148531347537801,0.0
zz,670,8,29,0.06846214044573695,0.034231070222868476,0.017640672070783753,0.0
zz,671,24,29,0.2688781529061173,0.13443907645305864,0.06744433960875915,0.0
zz,672,16,29,0.35728469212359615,0.17864234606179807,0.09079995071968881,0.0
zz,673,16,29,0.32977950020983665,0.16488975010491833,0.08397364209633952,0.0
zz,674,8,29,0.05108784510509612,0.02554392255254806,0.013167547656620902,0.0
zz,675,24,29,0.42647608448340063,0.21323804224170032,0.10665019460287607,0.0
zz,676,16,29,0.3499455087094647,0.17497275435473236,0.08895129761507492,0.0
zz,677,16,29,0.3731873689548473,0.18659368447742364,0.09445532158682159,0.0
zz,678,24,29,0.1907743267423348,0.0953871633711674,0.04840466646165674,0.0
zz,679,16,29,0.34803323723421187,0.17401661861710593,0.08840295977398425,0.0
zz,680,8,29,0.08227284690159775,0.041136423450798876,0.021205844000267395,0.0
zz,681,24,29,0.012539011034080172,0.006269505517040086,0.0026661097370328456,0.0
zz,682,8,29,0.11992459825109492,0.05996229912554746,0.030909427628848705,0.0
zz,683,8,29,0.10330550100248537,0.051652750501242684,0.026601436585390263,0.0
zz,684,8,29,0.10458265996740257,0.052291329983701285,0.026985775375770373,0.0
zz,685,8,29,0.12601275340290474,0.06300637670145237,0.03245507888812296,0.0
zz,686,16,29,0.3344256309954148,0.1672128154977074,0.0850181354126126,0.0
zz,687,8,29,0.09858356419500836,0.04929178209750418,0.025407271535566694,0.0
zz,688,8,29,0.08964277262579057,0.044821386312895284,0.02308826609606132,0.0
zz,689,24,29,0.18238202400115613,0.09119101200057807,0.04617943615701539,0.0
zz,690,8,29,0.11168007379192668,0.05584003689596334,0.028802426112696983,0.0
zz,691,16,29,0.3356759331112164,0.1678379665556082,0.08535087299530217,0.0
zz,692,8,29,0.053156766588698834,0.026578383294349417,0.013697762114483043,0.0
zz,693,16,29,0.35160437775733466,0.17580218887866733,0.08943863752845958,0.0
zz,694,8,29,0.12322302089751214,0.06161151044875607,0.03172490823725239,0.0
zz,695,8,29,0.11856617083241039,0.059283085416205195,0.030566548592626145,0.0
zz,696,8,29,0.05873990838861276,0.02936995419430638,0.015159644920889507,0.0
zz,697,24,29,0.31687830548637463,0.15843915274318732,0.07779301605292367,0.0
zz,698,24,29,0.27161100421355333,0.13580550210677667,0.06793901412319528,0.0
zz,699,24,29,0.3296202293533975,0.16481011467669876,0.08163099337143394,0.0
zz,700,8,29,0.08970187660213902,0.04485093830106951,0.02312770091198808,0.0
zz,701,24,29,0.05461912359043691,0.027309561795218457,0.013228005740784587,0.0
zz,702,8,29,0.1065301917511221,0.05326509587556105,0.027458470440144798,0.0
zz,703,8,29,0.1323132852849277,0.06615664264246385,0.034070999327535254,0.0
zz,704,16,29,0.3289512276023331,0.16447561380116654,0.08387439954191554,0.0
zz,705,24,29,0.38586095478902904,0.19293047739451452,0.0961725864281152,0.0
zz,706,24,29,0.28185887274894517,0.14092943637447258,0.0705752771898077,0.0
zz,707,16,29,0.3653883480173431,0.18269417400867155,0.09218954053881119,0.0
zz,708,24,29,0.3457168996442531,0.17285844982212656,0.08646805240254231,0.0
zz,709,24,29,0.38292242536384147,0.19146121268192073,0.09565784496353286,0.0
zz,710,24,29,0.3427773752779381,0.17138868763896906,0.0846837337877218,0.0
zz,711,24,29,0.24213720178399836,0.12106860089199918,0.06075519491406759,0.0
zz,712,8,29,0.0767271645878701,0.03836358229393505,0.019773269604202535,0.0
zz,713,8,29,0.07238006455046253,0.036190032275231265,0.018669334410773307,0.0
zz,714,16,29,0.36405325665265925,0.18202662832632963,0.0923108954494259,0.0
zz,715,24,29,0.3438463728992605,0.17192318644963026,0.08647105356009194,0.0
zz,716,24,29,0.3778686102272224,0.1889343051136112,0.09364378326233705,0.0
zz,717,24,29,0.3724649642887605,0.18623248214438026,0.09380475187336368,0.0
zz,718,24,29,0.369687790826086,0.184843895413043,0.0929395479423956,0.0
zz,719,8,29,0.09155984252265703,0.045779921261328516,0.023596430931904323,0.0
zz,720,16,29,0.3595373219787693,0.17976866098938465,0.09078347671906442,0.0
zz,721,16,29,0.3571761783487569,0.17858808917437846,0.09046488077689994,0.0
zz,722,24,29,0.1416166183626857,0.07080830918134284,0.035258655272939275,0.0
zz,723,24,29,0.27384878497494425,0.13692439248747212,0.06853841287852944,0.0
zz,724,16,29,0.36541659533573656,0.18270829766786828,0.09267974878613912,0.0
zz,725,8,29,0.11235279295726053,0.056176396478630264,0.028983606930358195,0.0
zz,726,16,29,0.35459219428900113,0.17729609714450056,0.09014486926102369,0.0
zz,727,8,29,0.08166513974955703,0.04083256987477851,0.021031841747439935,0.0
zz,728,16,29,0.3591543091025215,0.17957715455126075,0.09097389711686034,0.0
zz,729,24,29,0.03355081166957341,0.016775405834786705,0.008372149726479095,0.0
zz,730,8,29,0.19905656936791855,0.09952828468395927,0.051226115049536905,0.0
zz,731,16,29,0.3391766388058707,0.16958831940293534,0.08597442145211939,0.0
zz,732,8,29,0.14126043820464096,0.07063021910232048,0.036425078743073894,0.0
zz,733,16,29,0.3209085843667285,0.16045429218336424,0.08097606472845045,0.0
zz,734,16,29,0.3540293081015806,0.1770146540507903,0.08970424417168593,0.0
zz,735,8,29,0.09203694042324517,0.046018470211622586,0.023732148301753853,0.0
zz,736,24,29,0.07012426219569368,0.03506213109784684,0.0182134940308738,0.0
zz,737,8,29,0.12082039887479401,0.060410199437397005,0.031119342469012413,0.0
zz,738,24,29,0.1510193740423238,0.0755096870211619,0.0381438564377687,0.0
zz,739,24,29,0.30883397992717493,0.15441698996358746,0.0765445551535514,0.0
zz,740,16,29,0.32902886860526365,0.16451443430263182,0.08348442764658065,0.0
zz,741,8,29,0.08465921947478539,0.04232960973739269,0.02181149114928591,0.0
zz,742,16,29,0.35196052851649634,0.17598026425824817,0.08950440039107845,0.0
zz,743,24,29,0.31637235063857294,0.15818617531928647,0.0789152201563557,0.0
zz,744,8,29,0.08096874694636114,0.04048437347318057,0.020875342117695067,0.0
zz,745,8,29,0.18435954377669422,0.09217977188834711,0.0474866721122637,0.0
zz,746,24,29,0.17484405443577022,0.08742202721788511,0.04459363946258073,0.0
zz,747,24,29,0.05958961287662451,0.029794806438312255,0.013358212805073209,0.0
zz,748,8,29,0.06526156481548695,0.032630782407743475,0.016828385909185183,0.0
zz,749,8,29,0.13478990347734043,0.06739495173867022,0.0347686133497631,0.0
zz,750,24,29,0.22238888308829496,0.11119444154414748,0.055640711737703186,0.0
zz,751,8,29,0.05901593462645549,0.029507967313227745,0.015211764958097116,0.0
zz,752,8,29,0.13396254072399594,0.06698127036199797,0.03450115865836869,0.0
zz,753,24,29,0.2984718357666092,0.1492359178833046,0.07458393349627794,0.0
zz,754,24,29,0.24733603732387302,0.12366801866193651,0.06247194307991477,0.0
zz,755,8,29,0.08448381312371778,0.04224190656185889,0.02177489876030938,0.0
zz,756,24,29,0.2865553065582155,0.14327765327910774,0.07155588890701635,0.0
zz,757,24,29,0.09303273955738911,0.046516369778694555,0.023470464680603403,0.0
zz,758,24,29,0.13812586349064176,0.06906293174532088,0.03503102089185162,0.0
zz,759,24,29,0.30136848343349665,0.15068424171674832,0.07500926166624142,0.0
zz,760,16,29,0.3793145026882154,0.1896572513441077,0.09565613358164449,0.0
zz,761,24,29,0.14843216178969648,0.07421608089484824,0.037367121924165296,0.0
zz,762,24,29,0.26501605459845423,0.13250802729922712,0.06529257406779394,0.0
zz,763,24,29,0.3233385039133376,0.1616692519566688,0.08114002033482305,0.0
zz,764,16,29,0.32735264078001347,0.16367632039000674,0.08350577613595891,0.0
zz,765,16,29,0.35115740401385476,0.17557870200692738,0.0892147199026484,0.0
zz,766,24,29,0.3105538855944,0.1552769427972,0.07725881220595267,0.0
zz,767,8,29,0.10855014872007629,0.054275074360038145,0.027994253606690046,0.0
zz,768,8,29,0.06761252437827558,0.03380626218913779,0.017418212651397945,0.0
zz,769,8,29,0.1328407789939523,0.06642038949697615,0.03419167675433287,0.0
zz,770,8,29,0.11428688600529535,0.057143443002647676,0.029439455848131037,0.0
zz,771,8,29,0.10154207564493734,0.05077103782246867,0.026144831111288958,0.0
zz,772,8,29,0.09270816924438219,0.046354084622191094,0.023918744162278325,0.0
zz,773,16,29,0.3492344554786416,0.1746172277393208,0.08884439883243736,0.0
zz,774,24,29,0.01795712093641283,0.008978560468206415,0.003909360340988662,1.7919281685707666e-05
zz,775,16,29,0.36488720943934133,0.18244360471967067,0.0924997429842561,0.0
zz,776,8,29,0.1378503986297232,0.0689251993148616,0.03555082132233088,0.0
zz,777,24,29,0.1659412088119216,0.0829706044059608,0.04098327318511884,0.0
zz,778,16,29,0.30494379709356534,0.15247189854678267,0.07734235799845975,0.0
zz,779,16,29,0.30537956154092855,0.15268978077046427,0.07755175940546409,0.0
zz,780,8,29,0.14931503265897828,0.07465751632948914,0.0384801923996825,0.0
zz,781,24,29,0.09730393759130207,0.048651968795651035,0.024512796949965717,0.0
zz,782,24,29,0.2951252510836796,0.1475626255418398,0.07347662559279441,0.0
zz,783,24,29,0.28801612638296337,0.14400806319148168,0.07168580373929587,0.0
zz,784,8,29,0.13179735705415352,0.06589867852707676,0.03391174847237745,0.0
zz,785,16,29,0.3574725852550925,0.17873629262754626,0.09084396788858604,0.0
zz,786,8,29,0.14337691939641106,0.07168845969820553,0.036929669267995145,0.0
zz,787,8,29,0.09036973423630013,0.04518486711815006,0.023310049870912963,0.0
zz,788,8,29,0.11677823014658484,0.05838911507329242,0.030083928694356204,0.0
zz,789,16,29,0.3567673670467051,0.17838368352335254,0.09055743346595939,0.0
zz,790,24,29,0.43856570390251504,0.21928285195125752,0.10926145627831543,0.0
zz,791,24,29,0.310829801126506,0.155414900563253,0.07818144230344362,0.0
zz,792,8,29,0.15439020925896763,0.07719510462948381,0.039811666956076006,0.0
zz,793,8,29,0.05935867144354612,0.02967933572177306,0.015287339815750662,0.0
zz,794,24,29,0.27386191476914556,0.13693095738457278,0.06773950838472648,0.0
zz,795,8,29,0.10563852667205265,0.05281926333602632,0.027235364169926182,0.0
zz,796,8,29,0.10331188004337999,0.051655940021689994,0.026630596983440242,0.0
zz,797,24,29,0.20177151755338754,0.10088575877669377,0.05105961721947699,0.0
zz,798,16,29,0.3069433850790536,0.1534716925395268,0.07812996098444237,0.0
zz,799,8,29,0.05433132519356698,0.02716566259678349,0.013998318619226225,0.0
zz,800,24,29,0.1788700229739453,0.08943501148697265,0.04530230990066165,0.0
zz,801,24,29,0.2942906506285159,0.14714532531425795,0.0738893550694959,0.0
zz,802,16,29,0.35502286462505805,0.17751143231252903,0.09019834413288869,0.0
zz,803,8,29,0.07870253179149345,0.03935126589574672,0.020281360437182996,0.0
zz,804,16,29,0.35742987845052393,0.17871493922526197,0.09066734452193449,0.0
zz,805,8,29,0.0586060661293204,0.0293030330646602,0.015101955545402238,0.0
zz,806,24,29,0.2791764002751606,0.1395882001375803,0.07012341358974943,0.0
zz,807,16,29,0.34475091573330824,0.17237545786665412,0.08754999581940354,0.0
zz,808,24,29,0.3797627199663479,0.18988135998317396,0.09340940913575699,0.0
zz,809,24,29,0.3126293465134983,0.15631467325674914,0.07853353009325376,0.0
zz,810,24,29,0.07050498397991645,0.03525249198995822,0.01804884415108862,0.0
zz,811,16,29,0.3244382546429664,0.1622191273214832,0.08273619064851,0.0
zz,812,8,29,0.13039240125799112,0.06519620062899556,0.033646453849908727,0.0
zz,813,16,29,0.3615729726431045,0.18078648632155225,0.09182060860494017,0.0
zz,814,16,29,0.33907366755320045,0.16953683377660023,0.08626832016771503,0.0
zz,815,8,29,0.10038179168693206,0.05019089584346603,0.02586671072600822,0.0
zz,816,16,29,0.348656694096678,0.174328347048339,0.08866765516470457,0.0
zz,817,8,29,0.07211465099987335,0.03605732549993668,0.018603389697342047,0.0
zz,818,16,29,0.3479538879982062,0.1739769439991031,0.08852981373597196,0.0
zz,819,8,29,0.1093732302459054,0.0546866151229527,0.028193071529919206,0.0
zz,820,24,29,0.1604995918121244,0.0802497959060622,0.040478965704022374,0.0
zz,821,24,29,0.07580773339451036,0.03790386669725518,0.019236539408005467,0.0
zz,822,8,29,0.06881002034947747,0.03440501017473874,0.01774987952171872,0.0
zz,823,8,29,0.09490953816096281,0.04745476908048141,0.024487162627409218,0.0
zz,824,8,29,0.10945110809348912,0.05472555404674456,0.02817461811184268,0.0
zz,825,16,29,0.34911151482822256,0.17455575741411128,0.08829477260762718,0.0
zz,826,16,29,0.29856653437532893,0.14928326718766446,0.07603793623094965,0.0
zz,827,24,29,0.28391147885929335,0.14195573942964668,0.07113020021299421,0.0
zz,828,16,29,0.37470823924356994,0.18735411962178497,0.09481342929294655,0.0
zz,829,24,29,0.22534860586457361,0.11267430293228681,0.0561303449472735,0.0
zz,830,16,29,0.3723058267459084,0.1861529133729542,0.09402372297972494,0.0
zz,831,8,29,0.11323309385252378,0.05661654692626189,0.029203864164574954,0.0
zz,832,24,29,0.27805167170234013,0.13902583585117007,0.06946206633846706,0.0
zz,833,24,29,0.24195423650625042,0.12097711825312521,0.060292331493771986,0.0
zz,834,24,29,0.38522085598813105,0.19261042799406553,0.09696741539251695,0.0
zz,835,24,29,0.2860884748047515,0.14304423740237576,0.07114465824184293,0.0
zz,836,24,29,0.2704035107625137,0.13520175538125684,0.06831157412573795,0.0
zz,837,16,29,0.3416986141181594,0.1708493070590797,0.08675368160347839,0.0
zz,838,16,29,0.3141649551190043,0.15708247755950214,0.07973004110575314,0.0
zz,839,24,29,0.21291592173103357,0.10645796086551679,0.05314517872142493,0.0
zz,840,16,29,0.3550813443477354,0.1775406721738677,0.09022940477316688,0.0
zz,841,8,29,0.12715961998815728,0.06357980999407864,0.03278706253019898,0.0
zz,842,16,29,0.3099339343503237,0.15496696717516184,0.07904758979914482,0.0
zz,843,24,29,0.2207106166195422,0.1103553083097711,0.05581999956490595,0.0
zz,844,16,29,0.34794989567553153,0.17397494783776576,0.08855482441427252,0.0
zz,845,16,29,0.25894154766394917,0.12947077383197458,0.06568256593301561,0.0
zz,846,16,29,0.3421238808175242,0.1710619404087621,0.08719807384482958,0.0
zz,847,8,29,0.08082303680549663,0.040411518402748314,0.020831731800525746,0.0
zz,848,24,29,0.298096246759605,0.1490481233798025,0.0737792770993771,0.0
zz,849,8,29,0.0748531891546953,0.03742659457734765,0.019301375230637054,0.0
zz,850,16,29,0.37430911173484716,0.18715455586742358,0.09473514936311705,0.0
zz,851,24,29,0.30769057058802024,0.15384528529401012,0.07612872529852446,0.0
zz,852,16,29,0.36168282041793165,0.18084141020896582,0.09184471605968925,0.0
zz,853,16,29,0.3168047411236833,0.15840237056184164,0.08021053493534812,0.0
zz,854,16,29,0.3529411702450716,0.1764705851225358,0.0891243408312712,0.0
zz,855,24,29,0.08299093104092725,0.041495465520463626,0.020898911688828802,0.0
zz,856,24,29,0.27903976295482485,0.13951988147741243,0.06803996589226244,0.0
zz,857,16,29,0.33893544146104515,0.16946772073052258,0.08643431682865978,0.0
zz,858,8,29,0.11237755409055139,0.056188777045275695,0.028985837709010257,0.0
zz,859,8,29,0.10280008581672762,0.05140004290836381,0.026493735230630543,0.0
zz,860,24,29,0.19427403644774516,0.09713701822387258,0.04878922666555497,0.0
zz,861,24,29,0.15580064980195923,0.07790032490097962,0.0391537209801161,0.0
zz,862,24,29,0.3527757794623614,0.1763878897311807,0.08718550883321198,0.0
zz,863,16,29,0.36571422283251154,0.18285711141625577,0.09272416368660433,0.0
zz,864,8,29,0.07890711332732492,0.03945355666366246,0.020335925059571686,0.0
zz,865,24,29,0.3137724906923775,0.15688624534618875,0.07790491608905523,0.0
zz,866,16,29,0.3274600860105671,0.16373004300528354,0.08315765136704514,0.0
zz,867,24,29,0.2807958050824748,0.1403979025412374,0.07068344623795396,0.0
zz,868,16,29,0.38119585613956,0.19059792806978,0.09605075712897292,0.0
zz,869,24,29,0.3877291181564974,0.1938645590782487,0.09688664802495504,0.0
zz,870,8,29,0.1038745297612721,0.05193726488063605,0.026762290433826975,0.0
zz,871,24,29,0.3083838280321658,0.1541919140160829,0.07628750285057927,0.0
zz,872,16,29,0.2967602052096955,0.14838010260484774,0.07504985671261637,0.0
zz,873,16,29,0.3425654370496494,0.1712827185248247,0.08684984610031185,0.0
zz,874,8,29,0.1284950135809767,0.06424750679048835,0.033121138508864535,0.0
zz,875,8,29,0.1636039293281153,0.08180196466405765,0.042173423102917086,0.0
zz,876,16,29,0.3249333569809757,0.16246667849048785,0.08254276284453431,0.0
zz,877,8,29,0.1290155328556929,0.06450776642784645,0.033214169077676256,0.0
zz,878,16,29,0.341445103934095,0.1707225519670475,0.08669832505979662,0.0
zz,879,16,29,0.31280574767189795,0.15640287383594897,0.07987993961527537,0.0
zz,880,16,29,0.36809797116697796,0.18404898558348898,0.09297945608516088,0.0
zz,881,8,29,0.07555002553034018,0.03777501276517009,0.019476348660186212,0.0
zz,882,8,29,0.10133270985388143,0.050666354926940715,0.026137435973201215,0.0
zz,883,16,29,0.3727531259592104,0.1863765629796052,0.09404373678745545,0.0
zz,884,24,29,0.39021410997533557,0.19510705498766778,0.09752711092039319,0.0
zz,885,8,29,0.0715520879169591,0.03577604395847955,0.01842918016655518,0.0
zz,886,16,29,0.3245120049243343,0.16225600246216715,0.08289836385835776,0.0
zz,887,24,29,0.38212491518748626,0.19106245759374313,0.09566988787356225,0.0
zz,888,16,29,0.34227506925606277,0.17113753462803138,0.0869754724426899,0.0
zz,889,24,29,0.2534956086660983,0.12674780433304916,0.06230449687525583,0.0
zz,890,16,29,0.2580158004114147,0.12900790020570735,0.06562378364404473,0.0
zz,891,16,29,0.33289881273332855,0.16644940636666428,0.08458787272830123,0.0
zz,892,16,29,0.3425879696470987,0.17129398482354935,0.08724746999403991,0.0
zz,893,16,29,0.36750532458209506,0.18375266229104753,0.09299666269517934,0.0
zz,894,8,29,0.08591003972902289,0.042955019864511446,0.022116078094954746,0.0
zz,895,8,29,0.08203100530321372,0.04101550265160686,0.021163431019948505,0.0
zz,896,8,29,0.12883811723093785,0.06441905861546893,0.03312000882629691,0.0
zz,897,8,29,0.15318684239786806,0.07659342119893403,0.03949543808495964,0.0
zz,898,8,29,0.11486260187954678,0.05743130093977339,0.029608324918142883,0.0
zz,899,24,29,0.2597842101471326,0.1298921050735663,0.06556182392604246,0.0
zz,900,16,29,0.3600829061214989,0.18004145306074945,0.09143423750556881,0.0
zz,901,24,29,0.06696377370024181,0.03348188685012091,0.01794706045551764,0.0
zz,902,24,29,0.2384165419766506,0.1192082709883253,0.059884765491004584,0.0
zz,903,8,29,0.092845952652853,0.0464229763264265,0.023922759763761146,0.0
zz,904,24,29,0.05181696828496224,0.02590848414248112,0.013367039215855862,0.0
zz,905,24,29,0.1628115738148076,0.0814057869074038,0.04145564319462506,0.0
zz,906,8,29,0.12725458689488367,0.06362729344744184,0.032787938215981374,0.0
zz,907,16,29,0.3539278008826878,0.1769639004413439,0.08999000740824446,0.0
zz,908,8,29,0.0973734361021128,0.0486867180510564,0.025106104631768163,0.0
zz,909,24,29,0.2831055724940367,0.14155278624701834,0.07123635726295596,0.0
zz,910,8,29,0.05994659514186962,0.02997329757093481,0.015449163106417786,0.0
zz,911,24,29,0.33852402932160197,0.16926201466080099,0.08469436469176793,0.0
zz,912,16,29,0.3614894978260028,0.1807447489130014,0.09170684477633277,0.0
zz,913,16,29,0.35022576171347297,0.17511288085673649,0.08906502810519643,0.0
zz,914,8,29,0.12001851902644989,0.060009259513224944,0.03092308994393555,0.0
zz,915,24,29,0.17403709183588423,0.08701854591794211,0.04345036905442903,0.0
zz,916,16,29,0.3596973676947803,0.17984868384739014,0.09128035266359324,0.0
zz,917,24,29,0.26998683989030037,0.13499341994515018,0.06751155128998837,0.0
zz,918,8,29,0.11773394850579744,0.05886697425289872,0.030321278639138475,0.0
zz,919,24,29,0.3925441211622762,0.1962720605811381,0.09778977761264813,0.0
zz,920,24,29,0.31936295616076027,0.15968147808038013,0.07956393020428705,0.0
zz,921,16,29,0.3567518771359546,0.1783759385679773,0.0906648086443131,0.0
zz,922,16,29,0.3518848247654146,0.1759424123827073,0.08931160250975993,0.0
zz,923,8,29,0.15123579387646213,0.07561789693823107,0.03895428674651768,0.0
zz,924,8,29,0.08699802579787785,0.04349901289893893,0.022434034045824766,0.0
zz,925,16,29,0.3415646221612797,0.17078231108063985,0.08700422565738629,0.0
zz,926,8,29,0.14756527185422297,0.07378263592711148,0.03802447333520159,0.0
zz,927,24,29,0.06995990487320314,0.03497995243660157,0.018034302979328124,0.0
zz,928,16,29,0.3658120236096227,0.18290601180481136,0.09264987388883694,0.0
zz,929,16,29,0.35932303162547163,0.17966151581273582,0.09122517239571155,0.0
zz,930,16,29,0.36077557524775355,0.18038778762387678,0.09152225223976468,0.0
zz,931,24,29,0.2498781621134046,0.1249390810567023,0.06213691443085268,0.0
zz,932,24,29,0.20791157499417565,0.10395578749708782,0.05128465247890991,0.0
zz,933,24,29,0.1384618919562411,0.06923094597812054,0.03455760732759623,0.0
zz,934,8,29,0.10314897274461843,0.051574486372309214,0.026607906068517186,0.0
zz,935,16,29,0.3022811092825447,0.15114055464127235,0.07641396745370478,0.0
zz,936,16,29,0.36461492137223517,0.18230746068611758,0.09251782309510324,0.0
zz,937,8,29,0.10093154145776873,0.05046577072888436,0.026006181442957674,0.0
zz,938,24,29,0.05996023288116892,0.02998011644058446,0.015234389204216985,0.0
zz,939,8,29,0.12477055007388516,0.06238527503694258,0.03213343089211661,0.0
zz,940,16,29,0.35512192999020586,0.17756096499510293,0.0899528583508074,0.0
zz,941,8,29,0.12097928019506277,0.06048964009753138,0.031173652687821275,0.0
zz,942,8,29,0.08584278997007089,0.042921394985035444,0.02212215549169556,0.0
zz,943,16,29,0.3274086879770803,0.16370434398854014,0.08329366622936209,0.0
zz,944,8,29,0.05366594428895188,0.02683297214447594,0.013834317689943622,0.0
zz,945,24,29,0.08153631925128252,0.04076815962564126,0.020809946252241276,0.0
zz,946,16,29,0.3818690246344905,0.19093451231724526,0.09606623000421276,0.0
zz,947,24,29,0.38831441587686066,0.19415720793843033,0.09601873750845082,0.0
zz,948,8,29,0.08771707254443117,0.04385853627221559,0.02261488682011102,0.0
zz,949,8,29,0.10913397407865144,0.05456698703932572,0.028148403334930107,0.0
zz,950,24,29,0.0812276694786514,0.0406138347393257,0.020074285116399714,0.0
zz,951,16,29,0.30116213819159915,0.15058106909579957,0.0763630360197847,0.0
zz,952,24,29,0.38769023521028073,0.19384511760514037,0.09613452133323265,0.0
zz,953,24,29,0.39555545277851545,0.19777772638925772,0.09809596035485481,0.0
zz,954,24,29,0.38332133708599325,0.19166066854299663,0.09589699849795268,0.0
zz,955,8,29,0.06227157490473911,0.031135787452369557,0.016044910857033738,0.0
zz,956,8,29,0.15005513085404742,0.07502756542702371,0.03865213982055448,0.0
zz,957,8,29,0.14994491911440017,0.07497245955720008,0.038659869718333,0.0
zz,958,16,29,0.3671890552683825,0.18359452763419126,0.09265340125948568,0.0
zz,959,16,29,0.35152382836878504,0.17576191418439252,0.08900604442962061,0.0
zz,960,24,29,0.23003096713192644,0.11501548356596322,0.057691116777969405,0.0
zz,961,8,29,0.09212008231266555,0.046060041156332776,0.02375891831646259,0.0
zz,962,16,29,0.35027918477616815,0.17513959238808408,0.08908888443733244,0.0
zz,963,16,29,0.3009783868507876,0.1504891934253938,0.07650290938209507,0.0
zz,964,24,29,0.040525801117419435,0.020262900558709718,0.010041074845369346,0.0
zz,965,16,29,0.3252610266404,0.1626305133202,0.08296839884038655,0.0
zz,966,8,29,0.13514698781416834,0.06757349390708417,0.03479935388969264,0.0
zz,967,8,29,0.11917022996578153,0.05958511498289076,0.03070100422362532,0.0
zz,968,16,29,0.3409963256523834,0.1704981628261917,0.08688728174980925,0.0
zz,969,8,29,0.11954133884662443,0.05977066942331222,0.030778422258168108,0.0
zz,970,8,29,0.09260936142001386,0.04630468071000693,0.02388034106697209,0.0
zz,971,16,29,0.34753750672789263,0.17376875336394632,0.08844858353747126,0.0
zz,972,16,29,0.361949498574179,0.1809747492870895,0.09182263602858834,0.0
zz,973,16,29,0.34717104718952013,0.17358552359476007,0.08816109402516427,0.0
zz,974,8,29,0.09326007576297835,0.04663003788148917,0.024029350958358984,0.0
zz,975,8,29,0.11637452849094121,0.058187264245470605,0.029988289479332228,0.0
zz,976,8,29,0.06418669406154875,0.03209334703077438,0.016539859517812405,0.0
zz,977,8,29,0.07191299271319318,0.03595649635659659,0.018537389036005533,0.0
zz,978,8,29,0.08131485078127709,0.040657425390638546,0.020965097917913688,0.0
zz,979,24,29,0.03266674228700672,0.01633337114350336,0.00851479368793445,0.0
zz,980,24,29,0.15759279579077945,0.07879639789538972,0.0392129994175648,0.0
zz,981,16,29,0.3500654809653838,0.1750327404826919,0.08907315347217679,0.0
zz,982,24,29,0.03614088128391102,0.01807044064195551,0.007343442460851479,0.0
zz,983,8,29,0.1456322405470467,0.07281612027352335,0.03749709925855757,0.0
zz,984,24,29,0.39563235021854826,0.19781617510927413,0.09718509155184175,0.0
zz,985,8,29,0.10290936021264585,0.051454680106322925,0.02651356926116781,0.0
zz,986,8,29,0.0961018889344658,0.0480509444672329,0.02477222576250532,0.0
zz,987,16,29,0.29746268887234373,0.14873134443617186,0.07562239950364619,0.0
zz,988,16,29,0.35469781950121687,0.17734890975060844,0.09016592958755541,0.0
zz,989,24,29,0.3606946582984511,0.18034732914922555,0.0900927755473983,0.0
zz,990,8,29,0.10965875033211792,0.05482937516605896,0.028231529949997693,0.0
zz,991,8,29,0.08486862538646212,0.04243431269323106,0.021891485630268184,0.0
zz,992,24,29,0.18205820830645758,0.09102910415322879,0.04442075325817129,0.0
zz,993,16,29,0.3555455346518032,0.1777727673259016,0.09030118865043145,0.0
zz,994,24,29,0.26308581897704975,0.13154290948852487,0.06600090945507284,0.0
zz,995,8,29,0.08746001200688924,0.04373000600344462,0.02255348087407253,0.0
zz,996,16,29,0.3523018871298086,0.1761509435649043,0.08961263381748354,0.0
zz,997,16,29,0.3705281332372632,0.1852640666186316,0.0939258934919231,0.0
zz,998,24,29,0.19404808282876188,0.09702404141438094,0.04850822291010366,0.0
zz,999,16,29,0.3554398026520394,0.1777199013260197,0.09038971671645984,0.0
zz,1000,16,29,0.3659640652946149,0.18298203264730745,0.09279359208586434,0.0
zz,1001,8,29,0.12050081052136574,0.06025040526068287,0.031048475951488585,0.0
zz,1002,24,29,0.23813271140767375,0.11906635570383688,0.06010871535744638,0.0
zz,1003,16,29,0.32762889662208605,0.16381444831104303,0.08312891160734776,0.0
zz,1004,24,29,0.18843074614949043,0.09421537307474522,0.047253941952868875,0.0
zz,1005,24,29,0.28007658743463826,0.14003829371731913,0.07005619229047227,0.0
zz,1006,8,29,0.12682558256911247,0.06341279128455624,0.03267631369395994,0.0
zz,1007,16,29,0.35720826882563295,0.17860413441281647,0.09076063033723808,0.0
zz,1008,16,29,0.3465564028057554,0.1732782014028777,0.08767301611826613,0.0
zz,1009,16,29,0.3487860476011909,0.17439302380059546,0.08866984653981738,0.0
zz,1010,24,29,0.3085459808646438,0.1542729904323219,0.07732481139261521,0.0
zz,1011,8,29,0.14605368304214217,0.07302684152107108,0.037575328445159074,0.0
zz,1012,8,29,0.06463349050555622,0.03231674525277811,0.01666826062967676,0.0
zz,1013,24,29,0.08126434910263042,0.04063217455131521,0.02150078625980759,0.0
zz,1014,8,29,0.11562851305960031,0.057814256529800157,0.02975457332434058,0.0
zz,1015,8,29,0.15760611567848343,0.07880305783924171,0.04060209549260763,0.0
zz,1016,8,29,0.13983541749097228,0.06991770874548614,0.03600586703965575,0.0
zz,1017,16,29,0.36006846820985716,0.18003423410492858,0.09118884648047382,0.0
zz,1018,8,29,0.08180931594984509,0.04090465797492254,0.02108673895649561,0.0
zz,1019,8,29,0.11544396927704681,0.057721984638523405,0.029761752434564796,0.0
zz,1020,16,29,0.3392903447779935,0.16964517238899676,0.08598706332112745,0.0
zz,1021,8,29,0.11002022508996745,0.055010112544983725,0.02836601868694915,0.0
zz,1022,24,29,0.23758074494776601,0.11879037247388301,0.059440319521932794,0.0
zz,1023,8,29,0.10226885351838899,0.051134426759194496,0.026368446063258413,0.0
zz,1024,24,29,0.12992043097187755,0.06496021548593878,0.032851780956539324,0.0
zz,1025,8,29,0.14324217279468732,0.07162108639734366,0.036941644891972755,0.0
zz,1026,16,29,0.37428486103353914,0.18714243051676957,0.0947519257486335,0.0
zz,1027,24,29,0.2752050247903616,0.1376025123951808,0.06822022132685822,0.0
zz,1028,16,29,0.3506794030520476,0.1753397015260238,0.08879427489771138,0.0
zz,1029,24,29,0.048502114268639096,0.024251057134319548,0.01233242959884639,0.0
zz,1030,24,29,0.27434264493793925,0.13717132246896963,0.06721340030394231,0.0
zz,1031,24,29,0.10920271681467647,0.054601358407338235,0.026814219199104296,0.0
zz,1032,8,29,0.06140445073351275,0.030702225366756375,0.015824863020601855,0.0
zz,1033,24,29,0.3087520049552709,0.15437600247763544,0.0760184287923185,0.0
zz,1034,8,29,0.0935865455095618,0.0467932727547809,0.024157713572730735,0.0
zz,1035,16,29,0.37005020111280185,0.18502510055640092,0.09379090147852326,0.0
zz,1036,8,29,0.1453420226037082,0.0726710113018541,0.037465193235970265,0.0
zz,1037,16,29,0.354036596138279,0.1770182980691395,0.08993958969348892,0.0
zz,1038,8,29,0.11671866737520242,0.05835933368760121,0.030103777501549217,0.0
zz,1039,24,29,0.3410473118870415,0.17052365594352076,0.08538503683044073,0.0
zz,1040,24,29,0.20061948708968796,0.10030974354484398,0.04985444722335878,0.0
zz,1041,16,29,0.3442372081151942,0.1721186040575971,0.08765439865713999,0.0
zz,1042,24,29,0.16154391298946078,0.08077195649473039,0.041094477319664126,0.0
zz,1043,16,29,0.3352716824156484,0.1676358412078242,0.08547310523453021,0.0
zz,1044,16,29,0.36654061788509934,0.18327030894254967,0.09277161906046506,0.0
zz,1045,24,29,0.024520586297324787,0.012260293148662393,0.005495487546279935,6.506210907619714e-05
zz,1046,16,29,0.3598777221902868,0.1799388610951434,0.09137931518810453,0.0
zz,1047,8,29,0.09755627232787112,0.04877813616393556,0.025153163898131027,0.0
zz,1048,8,29,0.11589968131664663,0.057949840658323315,0.02989181216585617,0.0
zz,1049,24,29,0.11462826962424022,0.05731413481212011,0.029190585156414928,0.0
zz,1050,8,29,0.08947557845255116,0.04473778922627558,0.023079160437166468,0.0
zz,1051,16,29,0.3489917129887926,0.1744958564943963,0.08872296167354024,0.0
zz,1052,8,29,0.15510266167024955,0.07755133083512478,0.039951367460604,0.0
zz,1053,8,29,0.12636878165943877,0.06318439082971938,0.03257454270943474,0.0
zz,1054,24,29,0.22898414087383775,0.11449207043691888,0.05718255505168766,0.0
zz,1055,8,29,0.10722203474425185,0.053611017372125924,0.02762804559198093,0.0
zz,1056,8,29,0.13018094496893862,0.06509047248446931,0.03354093401380312,0.0
zz,1057,16,29,0.34840910092362376,0.17420455046181188,0.08863654958984714,0.0
zz,1058,8,29,0.07547501475388463,0.037737507376942314,0.019435201741215265,0.0
zz,1059,16,29,0.3820272170777388,0.1910136085388694,0.09636722022768901,0.0
zz,1060,16,29,0.3764524107756365,0.18822620538781826,0.09505934016810065,0.0
zz,1061,24,29,0.06234957176855521,0.031174785884277606,0.015448694069085219,0.0
zz,1062,24,29,0.37342931105649885,0.18671465552824942,0.09277350385316178,0.0
zz,1063,24,29,0.33375513731140993,0.16687756865570497,0.0830098480344492,0.0
zz,1064,24,29,0.25781141798358564,0.12890570899179282,0.06483900328288063,0.0
zz,1065,8,29,0.10725009221517035,0.05362504610758517,0.02763390035477283,0.0
zz,1066,24,29,0.37270644251827945,0.18635322125913972,0.09335958056333783,0.0
zz,1067,16,29,0.36031788795872677,0.18015894397936338,0.09149110902148261,0.0
zz,1068,16,29,0.33559735070373553,0.16779867535186777,0.08548353858860053,0.0
zz,1069,8,29,0.09801043568572176,0.04900521784286088,0.02522115710615412,0.0
zz,1070,8,29,0.09699094750281456,0.04849547375140728,0.02499302222221647,0.0
zz,1071,8,29,0.10633134433804281,0.053165672169021405,0.02740704662037479,0.0
zz,1072,16,29,0.3421948663858786,0.1710974331929393,0.08711969216582466,0.0
zz,1073,16,29,0.294195756907823,0.1470978784539115,0.07457019794515243,0.0
zz,1074,8,29,0.15798559084130093,0.07899279542065046,0.0406916794640953,0.0
zz,1075,24,29,0.328510210151745,0.1642551050758725,0.0816152985472962,0.0
zz,1076,8,29,0.10403258616905264,0.05201629308452632,0.02681863941223181,0.0
zz,1077,16,29,0.37272866634841323,0.18636433317420661,0.09420923390753264,0.0
zz,1078,8,29,0.08413742125983137,0.042068710629915684,0.02170562717861464,0.0
zz,1079,8,29,0.16678890419104586,0.08339445209552293,0.04294370107069574,0.0
zz,1080,24,29,0.3016424783367444,0.1508212391683722,0.07503125198538758,0.0
zz,1081,8,29,0.10309260970988166,0.05154630485494083,0.02657932980897163,0.0
zz,1082,24,29,0.3042473982064817,0.15212369910324086,0.0760412558088591,0.0
zz,1083,8,29,0.06501855789759514,0.03250927894879757,0.01676647277925304,0.0
zz,1084,8,29,0.06374570546140879,0.03187285273070439,0.016438807670804304,0.0
zz,1085,24,29,0.3728664882716064,0.1864332441358032,0.09373806922650117,0.0
zz,1086,16,29,0.35107673473378576,0.17553836736689288,0.08931259044084071,0.0
zz,1087,16,29,0.3626400085392599,0.18132000426962994,0.09172204356421303,0.0
zz,1088,16,29,0.3744173121973391,0.18720865609866955,0.0947728610874508,0.0
zz,1089,8,29,0.06381863394512444,0.03190931697256222,0.01646443194539859,0.0
zz,1090,16,29,0.37575971161927735,0.18787985580963867,0.09506651985573307,0.0
zz,1091,24,29,0.30097863673295666,0.15048931836647833,0.07525657997535998,0.0
zz,1092,8,29,0.1539423752515014,0.0769711876257507,0.03968539277993176,0.0
zz,1093,24,29,0.17968802772875467,0.08984401386437733,0.04577121136055074,0.0
zz,1094,8,29,0.08626675039249054,0.04313337519624527,0.02221617590811046,0.0
zz,1095,16,29,0.3551859062352006,0.1775929531176003,0.09020902967669629,0.0
zz,1096,16,29,0.3487894680977667,0.17439473404888334,0.08874691166285913,0.0
zz,1097,8,29,0.06466540039457858,0.03233270019728929,0.01668433850038949,0.0
zz,1098,24,29,0.3919830011336606,0.1959915005668303,0.09729419701748375,0.0
zz,1099,8,29,0.11233959550081551,0.05616979775040776,0.028977853474448152,0.0
zz,1100,24,29,0.3181754250258666,0.1590877125129333,0.07963660064887426,0.0
zz,1101,16,29,0.34813842475539547,0.17406921237769774,0.08843695660500434,0.0
zz,1102,24,29,0.23224054967452862,0.11612027483726431,0.05727050602617671,0.0
zz,1103,8,29,0.07811938560039078,0.03905969280019539,0.020131318770924493,0.0
zz,1104,24,29,0.2768093391024885,0.13840466955124425,0.0698585979597986,0.0
zz,1105,8,29,0.15254526213379022,0.07627263106689511,0.03931853723845168,0.0
zz,1106,16,29,0.33874451236546876,0.16937225618273438,0.08629075591066246,0.0
zz,1107,24,29,0.016026878729774097,0.008013439364887048,0.003434917134537746,2.6764447029203886e-05
zz,1108,16,29,0.33129618463276445,0.16564809231638222,0.08432225711511222,0.0
zz,1109,16,29,0.3638891891046946,0.1819445945523473,0.09228772806167207,0.0
zz,1110,16,29,0.36073225295898326,0.18036612647949163,0.09153670624885961,0.0
zz,1111,16,29,0.3082957951149836,0.1541478975574918,0.07854251983116663,0.0
zz,1112,16,29,0.3253604607885537,0.16268023039427684,0.08267237509003264,0.0
zz,1113,16,29,0.34480773475678894,0.17240386737839447,0.08757564753717373,0.0
zz,1114,24,29,0.17779460050126106,0.08889730025063053,0.04419767826610127,0.0
zz,1115,16,29,0.3442472336516814,0.1721236168258407,0.08742415407629817,0.0
zz,1116,8,29,0.15826281754192234,0.07913140877096117,0.040752032999032885,0.0
zz,1117,24,29,0.2662077882752506,0.1331038941376253,0.06661708699081324,0.0
zz,1118,24,29,0.16969266155726137,0.08484633077863069,0.042616149174950727,0.0
zz,1119,24,29,0.10095391100524997,0.05047695550262499,0.02531786040871486,0.0
zz,1120,8,29,0.08821582683007434,0.04410791341503717,0.022715614266345004,0.0
zz,1121,8,29,0.09674825440911594,0.04837412720455797,0.024940136055783668,0.0
zz,1122,8,29,0.1299500773253155,0.06497503866265775,0.033485175670140754,0.0
zz,1123,16,29,0.35270521235099395,0.17635260617549697,0.08949822626114061,0.0
zz,1124,8,29,0.06415256245029588,0.03207628122514794,0.016530324730592832,0.0
zz,1125,24,29,0.40514507912535624,0.20257253956267812,0.09947573752196166,0.0
zz,1126,16,29,0.3036320521082735,0.15181602605413674,0.07721238155056295,0.0
zz,1127,16,29,0.3568706504102318,0.1784353252051159,0.09061425892641309,0.0
zz,1128,16,29,0.3670431395590301,0.18352156977951506,0.09305332113855098,0.0
zz,1129,24,29,0.252578026511328,0.126289013255664,0.06303423377492426,0.0
zz,1130,8,29,0.07309768759054647,0.036548843795273234,0.01885167917829229,0.0
zz,1131,24,29,0.23213231496556896,0.11606615748278448,0.058906954463077595,0.0
zz,1132,16,29,0.33793130329365706,0.16896565164682853,0.0860386253703998,0.0
zz,1133,24,29,0.16313443209856615,0.08156721604928308,0.0411770425204179,0.0
zz,1134,24,29,0.3474313471058401,0.17371567355292006,0.08723864522240278,0.0
zz,1135,16,29,0.3432354564178403,0.17161772820892016,0.08741211502621914,0.0
zz,1136,8,29,0.14891424085002347,0.07445712042501174,0.038415925235576166,0.0
zz,1137,24,29,0.2712705005264841,0.13563525026324205,0.06736156910107918,0.0
zz,1138,8,29,0.07412852608343112,0.03706426304171556,0.019118289834358607,0.0
zz,1139,24,29,0.15777470259116194,0.07888735129558097,0.0390471182323751,0.0
zz,1140,16,29,0.3665584391813646,0.1832792195906823,0.0929113727998748,0.0
zz,1141,24,29,0.3211095876064341,0.16055479380321705,0.08034613719817406,0.0
zz,1142,16,29,0.3354147183519476,0.1677073591759738,0.08529193737945268,0.0
zz,1143,8,29,0.06970077463527569,0.03485038731763784,0.01797975279292158,0.0
zz,1144,8,29,0.07729962888540354,0.03864981444270177,0.0199444608143794,0.0
zz,1145,8,29,0.04919552705948049,0.024597763529740246,0.012668723352351684,0.0
zz,1146,16,29,0.3527449183782946,0.1763724591891473,0.08975237523043555,0.0
zz,1147,24,29,0.08144315701472077,0.040721578507360384,0.020187284023630094,0.0
zz,1148,16,29,0.3570380382809222,0.1785190191404611,0.09045813779204714,0.0
zz,1149,24,29,0.23480879926575704,0.11740439963287852,0.05885589701405364,0.0
zz,1150,24,29,0.3659885141637037,0.18299425708185185,0.0914363902497147,0.0
zz,1151,24,29,0.3217007816535565,0.16085039082677824,0.07935022698682423,0.0
zz,1152,16,29,0.35252113511959676,0.17626056755979838,0.08952958588888589,0.0
zz,1153,8,29,0.10340702719304096,0.05170351359652048,0.026661471937551,0.0
zz,1154,16,29,0.35872130836030436,0.17936065418015218,0.09085706834992306,0.0
zz,1155,8,29,0.12244864795646437,0.06122432397823219,0.031569367329828714,0.0
zz,1156,24,29,0.15769951368673213,0.07884975684336606,0.03935176482873604,0.0
zz,1157,16,29,0.3464403959237846,0.1732201979618923,0.08818919916099804,0.0
zz,1158,8,29,0.11675753596958638,0.05837876798479319,0.030097578439484775,0.0
zz,1159,8,29,0.13213943938521044,0.06606971969260522,0.03401569010328936,0.0
zz,1160,8,29,0.10860863201764115,0.054304316008820575,0.028002384257350955,0.0
zz,1161,16,29,0.32838377702890026,0.16419188851445013,0.08350508675325669,0.0
zz,1162,16,29,0.3588288367137972,0.1794144183568986,0.09112062023696851,0.0
zz,1163,8,29,0.11609538240123318,0.05804769120061659,0.02991170857810003,0.0
zz,1164,8,29,0.08396461461861748,0.04198230730930874,0.021652908510345712,0.0
zz,1165,8,29,0.1227231249644889,0.06136156248224445,0.031571226889271185,0.0
zz,1166,24,29,0.2648156497019498,0.1324078248509749,0.06630161599768516,0.0
zz,1167,8,29,0.09219698510315688,0.04609849255157844,0.023762191581451444,0.0
zz,1168,8,29,0.11438863006569044,0.05719431503284522,0.029474967990215407,0.0
zz,1169,8,29,0.10674984076803651,0.053374920384018254,0.027525914811652737,0.0
zz,1170,8,29,0.11544147785203007,0.057720738926015036,0.029759881380174283,0.0
zz,1171,8,29,0.10353036312143937,0.051765181560719686,0.026709917408317827,0.0
zz,1172,16,29,0.3476078468857555,0.17380392344287776,0.08828423924193175,0.0
zz,1173,8,29,0.12610887755644207,0.06305443877822103,0.03245817920190676,0.0
zz,1174,8,29,0.05042717571838318,0.02521358785919159,0.012997498050856104,0.0
zz,1175,24,29,0.24212729278965214,0.12106364639482607,0.06053763353694476,0.0
zz,1176,24,29,0.4183037433603107,0.20915187168015534,0.10450854445440337,0.0
zz,1177,8,29,0.12655979945490103,0.06327989972745052,0.03256164603809984,0.0
zz,1178,24,29,0.23631155689613964,0.11815577844806982,0.05851822445628561,0.0
zz,1179,16,29,0.3772986396206868,0.1886493198103434,0.09546346999157776,0.0
zz,1180,24,29,0.12515621385939185,0.06257810692969593,0.03078645438212458,0.0
zz,1181,8,29,0.10022976583995791,0.050114882919978954,0.02582700343946612,0.0
zz,1182,16,29,0.3519467040605986,0.1759733520302993,0.08937578585447023,0.0
zz,1183,24,29,0.34555894961538314,0.17277947480769157,0.08603747216671516,0.0
zz,1184,16,29,0.33932119910996134,0.16966059955498067,0.0861829174871876,0.0
zz,1185,24,29,0.26115271602396867,0.13057635801198433,0.065531462845938,0.0
zz,1186,24,29,0.33145161471055884,0.16572580735527942,0.08256224231563078,0.0
zz,1187,16,29,0.33515297700386837,0.16757648850193418,0.08532620488079216,0.0
zz,1188,16,29,0.35898518922203726,0.17949259461101863,0.09108246815428146,0.0
zz,1189,16,29,0.34878240932355514,0.17439120466177757,0.08844161649387383,0.0
zz,1190,16,29,0.34785696117748355,0.17392848058874177,0.08858138005610443,0.0
zz,1191,8,29,0.0803635821305494,0.0401817910652747,0.020722718225178946,0.0
zz,1192,8,29,0.11347207372548529,0.056736036862742645,0.029240988763808727,0.0
zz,1193,16,29,0.3534589073855329,0.17672945369276644,0.08972392722890529,0.0
zz,1194,24,29,0.12895561982484105,0.06447780991242053,0.032224438213575776,0.0
zz,1195,8,29,0.06838443490496471,0.034192217452482354,0.017644986084371882,0.0
zz,1196,16,29,0.3416614724824597,0.17083073624122985,0.08705577526540616,0.0
zz,1197,24,29,0.3176723231126799,0.15883616155633995,0.07919000702426432,0.0
zz,1198,16,29,0.3728887942122715,0.18644439710613575,0.09444992125896685,0.0
zz,1199,16,29,0.3481242333566315,0.17406211667831575,0.08835020100746269,0.0
zz,1200,16,29,0.3201161242666625,0.16005806213333126,0.08134055196819187,0.0
zz,1201,8,29,0.10024569645358117,0.050122848226790584,0.025843278435203853,0.0
zz,1202,16,29,0.3316871722559904,0.1658435861279952,0.0846575501255386,0.0
zz,1203,16,29,0.35766590250813657,0.17883295125406828,0.09037908802449349,0.0
zz,1204,8,29,0.10854050101118418,0.05427025050559209,0.02797642772815907,0.0
zz,1205,16,29,0.3428475544060772,0.1714237772030386,0.08702432195907209,0.0
zz,1206,8,29,0.10831024909399378,0.05415512454699689,0.027917038894533536,0.0
zz,1207,16,29,0.27610774315598136,0.13805387157799068,0.07019640928018213,0.0
zz,1208,24,29,0.28309690125763787,0.14154845062881893,0.07010437885164002,0.0
zz,1209,8,29,0.04699691375426751,0.023498456877133755,0.012125396424630331,0.0
zz,1210,8,29,0.07165086643672347,0.035825433218361735,0.018455805238008785,0.0
zz,1211,24,29,0.2482959562734706,0.1241479781367353,0.0625805082530486,0.0
zz,1212,24,29,0.4182460041342584,0.2091230020671292,0.10409391612802969,0.0
zz,1213,16,29,0.338973307080359,0.1694866535401795,0.08619181027296965,0.0
zz,1214,8,29,0.1654442945508336,0.0827221472754168,0.042657393566279504,0.0
zz,1215,8,29,0.06210804122028024,0.03105402061014012,0.01602394206460754,0.0
zz,1216,16,29,0.3384307299547793,0.16921536497738965,0.08598835028954586,0.0
zz,1217,16,29,0.29414614485093354,0.14707307242546677,0.0749158560566395,0.0
zz,1218,24,29,0.2607417951589889,0.13037089757949444,0.06603938095169147,0.0
zz,1219,16,29,0.3313465766636717,0.16567328833183584,0.08419081388964941,0.0
zz,1220,24,29,0.2671784322863846,0.1335892161431923,0.06679920566291021,0.0
zz,1221,8,29,0.09246294708156,0.04623147354078,0.023841362925673182,0.0
zz,1222,8,29,0.05826966640598741,0.029134833202993704,0.015025119252418248,0.0
zz,1223,16,29,0.35197450918709366,0.17598725459354683,0.08917499417972068,0.0
zz,1224,8,29,0.1676760685404859,0.08383803427024294,0.04320128627018805,0.0
zz,1225,16,29,0.3658463253512202,0.1829231626756101,0.09266615451726433,0.0
zz,1226,16,29,0.3660590764361393,0.18302953821806964,0.09262474027043864,0.0
zz,1227,16,29,0.3620157461352395,0.18100787306761976,0.09177055437528557,0.0
zz,1228,16,29,0.36183968184448856,0.18091984092224428,0.09186119145210798,0.0
zz,1229,24,29,0.33962034283243003,0.16981017141621502,0.08547929463445404,0.0
zz,1230,24,29,0.2627914534150908,0.1313957267075454,0.06509446724037506,0.0
zz,1231,8,29,0.058186210132949334,0.029093105066474667,0.015002337734776527,0.0
zz,1232,8,29,0.08623542793131844,0.04311771396565922,0.022209496508053685,0.0
zz,1233,8,29,0.08915287245841474,0.04457643622920737,0.022998565579459132,0.0
zz,1234,24,29,0.08673358924810032,0.04336679462405016,0.020958621544402683,0.0
zz,1235,16,29,0.344266824868634,0.172133412434317,0.08764986810035351,0.0
zz,1236,24,29,0.09321890990934822,0.04660945495467411,0.023427900871646628,0.0
zz,1237,24,29,0.40160129943065376,0.20080064971532688,0.09967998231275983,0.0
zz,1238,8,29,0.06485459468490773,0.032427297342453865,0.016712942003829154,0.0
zz,1239,16,29,0.34353078002595094,0.17176539001297547,0.08747202519885114,0.0
zz,1240,16,29,0.3346442856224483,0.16732214281122415,0.08524592112045973,0.0
zz,1241,8,29,0.10029082873250172,0.05014541436625086,0.025843197059903015,0.0
zz,1242,16,29,0.3494567422521778,0.1747283711260889,0.08878438631432169,0.0
zz,1243,8,29,0.11377010947624866,0.05688505473812433,0.02932667319027052,0.0
zz,1244,16,29,0.33560581988870414,0.16780290994435207,0.08559955963444259,0.0
zz,1245,8,29,0.14507280380960702,0.07253640190480351,0.0374026402389827,0.0
zz,1246,16,29,0.3081334678387665,0.15406673391938325,0.07822674280154496,0.0
zz,1247,16,29,0.33255067981233893,0.16627533990616947,0.08438576424894148,0.0
zz,1248,16,29,0.3460021181556513,0.17300105907782565,0.087697979468614,0.0
zz,1249,8,29,0.10186488623024803,0.050932443115124015,0.026260831740957467,0.0
zz,1250,8,29,0.1030869629750486,0.0515434814875243,0.026591730586184338,0.0
zz,1251,24,29,0.19286009810239968,0.09643004905119984,0.048591031083979025,0.0
zz,1252,8,29,0.13632778715416682,0.06816389357708341,0.035123722170423845,0.0
zz,1253,16,29,0.35590904679002683,0.17795452339501341,0.090407250426366,0.0
zz,1254,24,29,0.29435127134536854,0.14717563567268427,0.073034201502346,0.0
zz,1255,24,29,0.27209531575033397,0.13604765787516698,0.06748313402791012,0.0
zz,1256,24,29,0.01843546594621681,0.009217732973108406,0.004709734684884339,0.0
zz,1257,16,29,0.3346869629978856,0.1673434814989428,0.08464975216060867,0.0
zz,1258,16,29,0.2825378404279742,0.1412689202139871,0.07215838090098747,0.0
zz,1259,16,29,0.3319122110066578,0.1659561055033289,0.08448293469693886,0.0
zz,1260,8,29,0.08390829083214701,0.04195414541607351,0.02164966370213947,0.0
zz,1261,24,29,0.23613304114284206,0.11806652057142103,0.0600843796334026,0.0
zz,1262,16,29,0.31770715812283334,0.15885357906141667,0.08076153227162654,0.0
zz,1263,8,29,0.07583372503158814,0.03791686251579407,0.019551636501219116,0.0
zz,1264,8,29,0.14115892789709933,0.07057946394854966,0.036427068347457056,0.0
zz,1265,16,29,0.30007852776185195,0.15003926388092598,0.07630309662603176,0.0
zz,1266,24,29,0.3951970719602128,0.1975985359801064,0.0987907188559791,0.0
zz,1267,24,29,0.28026702470211007,0.14013351235105503,0.07068391339150995,0.0
zz,1268,24,29,0.19183254029503072,0.09591627014751536,0.04803658937087595,0.0
zz,1269,24,29,0.06945644671992407,0.034728223359962035,0.018035319069470177,0.0
zz,1270,8,29,0.12101959168414078,0.06050979584207039,0.031198926524308803,0.0
zz,1271,8,29,0.10895875660773202,0.05447937830386601,0.02809385898874037,0.0
zz,1272,24,29,0.31317082686454567,0.15658541343227284,0.07684628659334819,0.0
zz,1273,24,29,0.2578419896693913,0.12892099483469566,0.06332718571837832,0.0
zz,1274,24,29,0.2135384850646846,0.1067692425323423,0.05293755144971114,0.0
zz,1275,16,29,0.3220861871110441,0.16104309355552204,0.08184797531500754,0.0
zz,1276,8,29,0.13758446549978431,0.06879223274989216,0.035468014552536634,0.0
zz,1277,8,29,0.14847172788044638,0.07423586394022319,0.038269924347234544,0.0
zz,1278,8,29,0.11210814753056109,0.05605407376528054,0.028882304685971718,0.0
zz,1279,24,29,0.24687117539776862,0.12343558769888431,0.06125030865997344,0.0
zz,1280,24,29,0.3215379900948583,0.16076899504742914,0.07951182206544116,0.0
zz,1281,16,29,0.3501647155551717,0.17508235777758585,0.08908120140529095,0.0
zz,1282,8,29,0.08064564176552402,0.04032282088276201,0.020808120844089898,0.0
zz,1283,16,29,0.37052098163494146,0.18526049081747073,0.09384708179319964,0.0
zz,1284,24,29,0.3429260053658222,0.1714630026829111,0.08556809379815751,0.0
zz,1285,24,29,0.2292574534791661,0.11462872673958305,0.05780231656907245,0.0
zz,1286,16,29,0.37750325653116223,0.18875162826558112,0.09544266852680602,0.0
zz,1287,24,29,0.031698461167086855,0.015849230583543428,0.008060829530844062,0.0
zz,1288,24,29,0.16264028857558094,0.08132014428779047,0.04032147327553612,0.0
zz,1289,16,29,0.35839744841738663,0.17919872420869332,0.09075200955833253,0.0
zz,1290,24,29,0.3112535163742165,0.15562675818710825,0.07657755833503287,0.0
zz,1291,8,29,0.13689814092071084,0.06844907046035542,0.035267586288937516,0.0
zz,1292,16,29,0.37383282850344085,0.18691641425172043,0.0945938400945957,0.0
zz,1293,16,29,0.33116778691560833,0.16558389345780417,0.08402926348122217,0.0
zz,1294,24,29,0.045829363064298745,0.022914681532149372,0.012344342925532822,0.0
zz,1295,8,29,0.15622562817363256,0.07811281408681628,0.04021249155842915,0.0
zz,1296,24,29,0.3606158277798922,0.1803079138899461,0.08998668771856212,0.0
zz,1297,24,29,0.26599653250354005,0.13299826625177003,0.06742485248596351,0.0
zz,1298,16,29,0.3366538844550473,0.16832694222752365,0.08573932513035828,0.0
zz,1299,8,29,0.1259117296570207,0.06295586482851034,0.03242349932877638,0.0
zz,1300,24,29,0.23366739341152634,0.11683369670576317,0.05793930444119606,0.0
zz,1301,8,29,0.11036854956189668,0.05518427478094834,0.0284647631519312,0.0
zz,1302,8,29,0.07555221198357054,0.03777610599178527,0.01947342230061191,0.0
zz,1303,16,29,0.3774715763183109,0.18873578815915545,0.09536218799775588,0.0
zz,1304,24,29,0.20432043093702815,0.10216021546851407,0.050798382744866505,0.0
zz,1305,8,29,0.10442983979839182,0.05221491989919591,0.02689162635721958,0.0
zz,1306,24,29,0.2862420725475175,0.14312103627375874,0.0714199293934887,0.0
zz,1307,16,29,0.308484451503311,0.1542422257516555,0.07828508599500984,0.0
zz,1308,8,29,0.14153715116715543,0.07076857558357771,0.03647841239211654,0.0
zz,1309,8,29,0.09662192534043001,0.04831096267021501,0.02494760013086527,0.0
zz,1310,8,29,0.08610354698735179,0.04305177349367589,0.022191806512947113,0.0
zz,1311,16,29,0.31577728493431134,0.15788864246715567,0.08021089757883433,0.0
zz,1312,8,29,0.11616585273116253,0.05808292636558127,0.02993244576656265,0.0
zz,1313,8,29,0.08329791602697989,0.041648958013489945,0.021495271804197785,0.0
zz,1314,8,29,0.1091658812736529,0.05458294063682645,0.028136217338480648,0.0
zz,1315,8,29,0.11763751854539362,0.05881875927269681,0.030285946669859173,0.0
zz,1316,24,29,0.2040524684268832,0.1020262342134416,0.05122513069843239,0.0
zz,1317,24,29,0.11631785706675696,0.05815892853337848,0.02943080816583136,0.0
zz,1318,24,29,0.2397716689006879,0.11988583445034395,0.059438790744056176,0.0
zz,1319,24,29,0.2284889052738998,0.1142444526369499,0.05765646911127966,0.0
zz,1320,24,29,0.25561721809679816,0.12780860904839908,0.06346159106306828,0.0
zz,1321,24,29,0.4247474966001372,0.2123737483000686,0.1051456820714234,0.0
zz,1322,16,29,0.3363834920733416,0.1681917460366708,0.0858207678061109,0.0
zz,1323,8,29,0.08555784765317953,0.042778923826589765,0.022064360451664208,0.0
zz,1324,16,29,0.35399943107980636,0.17699971553990318,0.0899878628165096,0.0
zz,1325,24,29,0.10107733748139969,0.050538668740699844,0.02581467854609949,0.0
zz,1326,24,29,0.205987000650771,0.1029935003253855,0.05162502978140266,0.0
zz,1327,24,29,0.30983892312814015,0.15491946156407008,0.07760263549643005,0.0
zz,1328,24,29,0.36985329084138396,0.18492664542069198,0.09131423938387578,0.0
zz,1329,24,29,0.18208667735133904,0.09104333867566952,0.04629357876912484,0.0
zz,1330,24,29,0.14035586683058798,0.07017793341529399,0.0353357135584864,0.0
zz,1331,24,29,0.2905112063048455,0.14525560315242275,0.07154304977517434,0.0
zz,1332,24,29,0.33613369554252925,0.16806684777126463,0.08402852877257588,0.0
zz,1333,16,29,0.34297971705941754,0.17148985852970877,0.087360025025908,0.0
zz,1334,16,29,0.3228832546877295,0.16144162734386475,0.08199470879431742,0.0
zz,1335,16,29,0.3402003722023993,0.17010018610119965,0.08669824998599983,0.0
zz,1336,24,29,0.3141049421575169,0.15705247107875844,0.07746739770991878,0.0
zz,1337,8,29,0.10662901712147088,0.05331450856073544,0.02746663364640016,0.0
zz,1338,8,29,0.0921031263650871,0.04605156318254355,0.023753937921123305,0.0
zz,1339,24,29,0.35597154280525534,0.17798577140262767,0.08929728491613294,0.0
zz,1340,24,29,0.4082286557047933,0.20411432785239664,0.10207453692791339,0.0
zz,1341,24,29,0.06163917396836477,0.030819586984182384,0.014792206527778252,0.0
zz,1342,8,29,0.04336631416577219,0.021683157082886095,0.011184209537737416,0.0
zz,1343,16,29,0.3573829652007229,0.17869148260036144,0.0908153171052728,0.0
zz,1344,24,29,0.15380485957815726,0.07690242978907863,0.03848789870399354,0.0
zz,1345,24,29,0.34978295824225436,0.17489147912112718,0.0881616620361916,0.0
zz,1346,8,29,0.08762670568207775,0.04381335284103888,0.022563504726562385,0.0
zz,1347,16,29,0.33765576923502383,0.16882788461751191,0.08605261028595851,0.0
zz,1348,16,29,0.37702604209623625,0.18851302104811812,0.09538302008241636,0.0
zz,1349,16,29,0.2858366745766944,0.1429183372883472,0.07262773252179441,0.0
zz,1350,8,29,0.09375790462773748,0.04687895231386874,0.024163975642404877,0.0
zz,1351,8,29,0.1643728709408846,0.0821864354704423,0.04233269091484772,0.0
zz,1352,8,29,0.09432440178134727,0.04716220089067363,0.0243240596356403,0.0
zz,1353,16,29,0.3448557183084886,0.1724278591542443,0.08785204196028257,0.0
zz,1354,8,29,0.1168587486128988,0.0584293743064494,0.030134760891589726,0.0
zz,1355,8,29,0.15361358951738247,0.07680679475869123,0.039592488017055505,0.0
zz,1356,8,29,0.08280936140801787,0.041404680704008934,0.02134131224430367,0.0
zz,1357,8,29,0.1251627936647708,0.0625813968323854,0.03224499013301372,0.0
zz,1358,16,29,0.3393547749675614,0.1696773874837807,0.08620298090229687,0.0
zz,1359,16,29,0.3311650635659518,0.1655825317829759,0.08434564666688986,0.0
zz,1360,24,29,0.3389606561486951,0.16948032807434754,0.08426035350695413,0.0
zz,1361,8,29,0.07722066361592128,0.03861033180796064,0.019893731113105807,0.0
zz,1362,16,29,0.3499432549607284,0.1749716274803642,0.08904167924514003,0.0
zz,1363,24,29,0.3061094615850011,0.15305473079250054,0.07630913708279716,0.0
zz,1364,16,29,0.3513626263037233,0.17568131315186164,0.08900583570208162,0.0
zz,1365,8,29,0.13188416912715528,0.06594208456357764,0.03398102337389903,0.0
zz,1366,8,29,0.12596551417077584,0.06298275708538792,0.032474868370946736,0.0
zz,1367,16,29,0.3487824920465566,0.1743912460232783,0.08879784307846102,0.0
zz,1368,8,29,0.10819732112175862,0.05409866056087931,0.027900724540509424,0.0
zz,1369,8,29,0.06538023523109115,0.03269011761554558,0.01685984571032473,0.0
zz,1370,8,29,0.10200089205999419,0.05100044602999709,0.02630984531535474,0.0
zz,1371,24,29,0.37372048293258897,0.18686024146629449,0.092895831555847,0.0
zz,1372,8,29,0.07704130421768707,0.038520652108843534,0.01983856954215799,0.0
zz,1373,8,29,0.06476846233706846,0.03238423116853423,0.016704003888029593,0.0
zz,1374,24,29,0.2843373051815923,0.14216865259079614,0.07025377541436405,0.0
zz,1375,8,29,0.08066578472704489,0.04033289236352244,0.020824013301213747,0.0
zz,1376,24,29,0.20821055642871616,0.10410527821435808,0.0517523797803998,0.0
zz,1377,16,29,0.3691320702451997,0.18456603512259984,0.09343508798128627,0.0
zz,1378,16,29,0.314135318632625,0.1570676593163125,0.07992692663938707,0.0
zz,1379,8,29,0.10736059834962852,0.05368029917481426,0.027677141004204424,0.0
zz,1380,16,29,0.369724430248398,0.184862215124199,0.09351249797583117,0.0
zz,1381,16,29,0.37980359998836205,0.18990179999418103,0.09592190238706831,0.0
zz,1382,16,29,0.36042099988708687,0.18021049994354343,0.09134487051338423,0.0
zz,1383,16,29,0.34488335589842556,0.17244167794921278,0.08782268583312774,0.0
zz,1384,16,29,0.35570202187320343,0.17785101093660172,0.0902043354837757,0.0
zz,1385,24,29,0.07575099812770092,0.03787549906385046,0.01954717249145488,0.0
zz,1386,8,29,0.11653711232739106,0.05826855616369553,0.02999809203441443,0.0
zz,1387,24,29,0.20264610852519602,0.10132305426259801,0.049384559987423124,0.0
zz,1388,24,29,0.29966550995177266,0.14983275497588633,0.07561592043876875,0.0
zz,1389,8,29,0.05582648438524496,0.02791324219262248,0.014388993343468368,0.0
zz,1390,16,29,0.32571549845970726,0.16285774922985363,0.08267034119639699,0.0
zz,1391,16,29,0.3687390403058961,0.18436952015294805,0.09320010088270292,0.0
zz,1392,16,29,0.3439321168457861,0.17196605842289306,0.0876156400175477,0.0
zz,1393,24,29,0.18200813604063032,0.09100406802031516,0.04653460407751019,0.0
zz,1394,8,29,0.10963058540874548,0.05481529270437274,0.028222316036599478,0.0
zz,1395,24,29,0.14696749765142747,0.07348374882571374,0.03768761430708325,0.0
zz,1396,8,29,0.09655432841056621,0.04827716420528311,0.02486860060327222,0.0
zz,1397,8,29,0.08034454335218222,0.04017227167609111,0.020701417772839407,0.0
zz,1398,8,29,0.16975849134505172,0.08487924567252586,0.0437393302254422,0.0
zz,1399,24,29,0.22671175821472828,0.11335587910736414,0.05736822418518769,0.0
zz,1400,16,29,0.3508500298424438,0.1754250149212219,0.08900462899195802,0.0
zz,1401,16,29,0.3739210505431519,0.18696052527157594,0.09458749576518913,0.0
zz,1402,24,29,0.3636051230654024,0.1818025615327012,0.09016533624636297,0.0
zz,1403,16,29,0.34011231546901466,0.17005615773450733,0.08636408600397782,0.0
zz,1404,24,29,0.38315262640396563,0.19157631320198282,0.09538171793014617,0.0
zz,1405,24,29,0.42915401618911,0.214577008094555,0.106942982501182,0.0
zz,1406,24,29,0.3104493344935616,0.1552246672467808,0.07844540500076622,0.0
zz,1407,16,29,0.32594391278055246,0.16297195639027623,0.08312510747027536,0.0
zz,1408,16,29,0.352147848088303,0.1760739240441515,0.08916349196242684,0.0
zz,1409,8,29,0.14351500397665584,0.07175750198832792,0.03701610516603027,0.0
zz,1410,24,29,0.02984128671547237,0.014920643357736185,0.005889521092086544,0.0
zz,1411,24,29,0.380389408797682,0.190194704398841,0.09446257227263263,0.0
zz,1412,16,29,0.35200673075497435,0.17600336537748718,0.08921221952276993,0.0
zz,1413,8,29,0.10395969836192342,0.05197984918096171,0.026754031076897236,0.0
zz,1414,24,29,0.3583675612369085,0.17918378061845425,0.08911645184341269,0.0
zz,1415,16,29,0.31038554221539594,0.15519277110769797,0.07867552408037762,0.0
zz,1416,8,29,0.12858558659141228,0.06429279329570614,0.03313478069633057,0.0
zz,1417,16,29,0.31490237386243647,0.15745118693121823,0.07979017191629013,0.0
zz,1418,8,29,0.07885493432737112,0.03942746716368556,0.020326261189714222,0.0
zz,1419,24,29,0.3291947119779677,0.16459735598898384,0.0823154044157671,0.0
zz,1420,16,29,0.37503426219253416,0.18751713109626708,0.09481034475719913,0.0
zz,1421,16,29,0.32701194719145366,0.16350597359572683,0.08305742279660568,0.0
zz,1422,24,29,0.12928421980361232,0.06464210990180616,0.0328179903293152,0.0
zz,1423,24,29,0.33763934941256457,0.16881967470628229,0.08467139550417536,0.0
zz,1424,8,29,0.07246867116652456,0.03623433558326228,0.01866175572907143,0.0
zz,1425,16,29,0.3449385482780338,0.1724692741390169,0.0878583006637878,0.0
zz,1426,8,29,0.09650827796238548,0.04825413898119274,0.024884592179762022,0.0
zz,1427,24,29,0.03308451365966347,0.016542256829831736,0.008600973661070765,0.0
zz,1428,16,29,0.3665563598943877,0.18327817994719384,0.09290496857285735,0.0
zz,1429,8,29,0.08693535873983127,0.043467679369915635,0.02242934277874179,0.0
zz,1430,8,29,0.08566279759694695,0.042831398798473475,0.02208849378402713,0.0
zz,1431,24,29,0.19596261459656125,0.09798130729828063,0.04964736963182587,0.0
zz,1432,8,29,0.09208932162089578,0.04604466081044789,0.023730340175457935,0.0
zz,1433,24,29,0.20046631101700707,0.10023315550850354,0.050117762421049934,0.0
zz,1434,8,29,0.11805630510540488,0.05902815255270244,0.030404260683952435,0.0
zz,1435,8,29,0.06791379340465686,0.03395689670232843,0.017510561219825124,0.0
zz,1436,8,29,0.0657258495587294,0.0328629247793647,0.016956739273529767,0.0
zz,1437,16,29,0.36398719867181584,0.18199359933590792,0.09224014491848499,0.0
zz,1438,8,29,0.057525213782611995,0.028762606891305997,0.014806764031119567,0.0
zz,1439,24,29,0.09829537921606568,0.04914768960803284,0.024814393505024457,0.0
zz,1440,16,29,0.2955385583106671,0.14776927915533355,0.07508943994353025,0.0
zz,1441,8,29,0.07698829523271555,0.03849414761635778,0.01986050737546693,0.0
zz,1442,24,29,0.37815868052363283,0.18907934026181641,0.0947565125247596,0.0
zz,1443,16,29,0.3447208597498561,0.17236042987492806,0.08761041878123742,0.0
zz,1444,16,29,0.3509016844089269,0.17545084220446344,0.0890844240155106,0.0
zz,1445,16,29,0.3798391812946229,0.18991959064731145,0.09601955155514479,0.0
zz,1446,24,29,0.03288630033093515,0.016443150165467574,0.008544284004577603,0.0
zz,1447,24,29,0.15232064695123082,0.07616032347561541,0.038798850647441124,0.0
zz,1448,16,29,0.37261231940767026,0.18630615970383513,0.09443825326670775,0.0
zz,1449,24,29,0.2036572259380453,0.10182861296902265,0.051478358472154914,0.0
zz,1450,8,29,0.11564021082499565,0.057820105412497824,0.029768823827840973,0.0
zz,1451,16,29,0.32132314804050177,0.16066157402025089,0.08178216571784666,0.0
zz,1452,8,29,0.040380640218193764,0.020190320109096882,0.010404292038557547,0.0
zz,1453,24,29,0.2908317061686073,0.14541585308430366,0.07193287048014539,0.0
zz,1454,24,29,0.16088999486954725,0.08044499743477362,0.04048619003163487,0.0
zz,1455,16,29,0.3568171723465723,0.17840858617328614,0.09069422122569475,0.0
zz,1456,8,29,0.13283475039416437,0.06641737519708218,0.03421931736617797,0.0
zz,1457,24,29,0.070268274194489,0.0351341370972445,0.017709150778461222,0.0
zz,1458,8,29,0.07397952463738255,0.03698976231869128,0.01907399719863053,0.0
zz,1459,8,29,0.05902310448700543,0.029511552243502714,0.01520888799984141,0.0
zz,1460,16,29,0.3515297142026647,0.17576485710133236,0.08919143203832641,0.0
zz,1461,8,29,0.09918582661486242,0.04959291330743121,0.02558498182957565,0.0
zz,1462,24,29,0.07440441588713775,0.03720220794356888,0.019338785026476284,0.0
zz,1463,8,29,0.12961234167425462,0.06480617083712731,0.0333830804839583,0.0
zz,1464,16,29,0.3568227704957406,0.1784113852478703,0.09070105786785805,0.0
zz,1465,24,29,0.05868499031292085,0.029342495156460424,0.014354912829592777,0.0
zz,1466,16,29,0.36323876191546545,0.18161938095773272,0.09224169082764372,0.0
zz,1467,24,29,0.22317204276494218,0.11158602138247109,0.05546733335636217,0.0
zz,1468,24,29,0.3305168916668648,0.1652584458334324,0.08336025594133098,0.0
zz,1469,8,29,0.09640088720964579,0.048200443604822896,0.02482832029419265,0.0
zz,1470,8,29,0.06742163263118117,0.033710816315590586,0.017371918193024978,0.0
zz,1471,24,29,0.2306690822402465,0.11533454112012324,0.0574426597799959,0.0
zz,1472,16,29,0.3444479047935892,0.1722239523967946,0.08772618267183833,0.0
zz,1473,16,29,0.3283510821121862,0.1641755410560931,0.08349265520761419,0.0
zz,1474,8,29,0.12573192603182148,0.06286596301591074,0.03244043970644956,0.0
zz,1475,8,29,0.06994528758003749,0.03497264379001874,0.018032049654707272,0.0
zz,1476,24,29,0.08877446703929837,0.04438723351964918,0.02315200044293768,0.0
zz,1477,24,29,0.35769309548908657,0.17884654774454328,0.0892472525625408,0.0
zz,1478,8,29,0.11451918621491308,0.05725959310745654,0.029551012113209197,0.0
zz,1479,8,29,0.07639167158141058,0.03819583579070529,0.01968766756680056,0.0
zz,1480,16,29,0.2780928706885429,0.13904643534427144,0.07082958619086045,0.0
zz,1481,24,29,0.3031694288867516,0.1515847144433758,0.07443330306004742,0.0
zz,1482,8,29,0.15312919553090248,0.07656459776545124,0.03947781305140956,0.0
zz,1483,8,29,0.10286237914986185,0.051431189574930924,0.026482439615045917,0.0
zz,1484,16,29,0.3306995087701172,0.1653497543850586,0.08421941635273437,0.0
zz,1485,8,29,0.1273496374904578,0.0636748187452289,0.032799087369965715,0.0
zz,1486,16,29,0.34926449257927517,0.17463224628963758,0.08893326950346278,0.0
zz,1487,24,29,0.23945003692635072,0.11972501846317536,0.05965830275580107,0.0
zz,1488,16,29,0.3529378806690593,0.17646894033452964,0.08950048077009749,0.0
zz,1489,24,29,0.34084412043877177,0.17042206021938588,0.08499117551938444,0.0
zz,1490,16,29,0.3560420614107679,0.17802103070538394,0.09047461295151007,0.0
zz,1491,16,29,0.34549593684793106,0.17274796842396553,0.08789399355074998,0.0
zz,1492,24,29,0.08650692743470961,0.043253463717354806,0.02211864656017594,0.0
zz,1493,16,29,0.36309898651364503,0.18154949325682251,0.09186188127256653,0.0
zz,1494,8,29,0.10960137887588683,0.05480068943794342,0.02824756265841528,0.0
zz,1495,8,29,0.12749380514291275,0.06374690257145638,0.0328402680159447,0.0
zz,1496,8,29,0.10142637896502227,0.050713189482511134,0.02611539703425343,0.0
zz,1497,8,29,0.10682191977660793,0.053410959888303966,0.027526452430944745,0.0
zz,1498,8,29,0.16219362112184066,0.08109681056092033,0.04183259633591842,0.0
zz,1499,8,29,0.1608916539605711,0.08044582698028555,0.04148530410150644,0.0
zz,1500,8,29,0.12345501118126401,0.061727505590632004,0.03175504163477932,0.0
zz,1501,8,29,0.06394299230197487,0.03197149615098743,0.016485449251278313,0.0
zz,1502,16,29,0.31240897634871445,0.15620448817435723,0.07951981470540063,0.0
zz,1503,16,29,0.36774347743518543,0.18387173871759271,0.09315850224729327,0.0
zz,1504,24,29,0.39218511115214894,0.19609255557607447,0.09675325831777898,0.0
zz,1505,16,29,0.3595370736710698,0.1797685368355349,0.091368046717454,0.0
zz,1506,24,29,0.16135993984154473,0.08067996992077237,0.03996362333261103,0.0
zz,1507,24,29,0.37738314547503427,0.18869157273751713,0.09396735463429985,0.0
zz,1508,24,29,0.2997766548046973,0.14988832740234864,0.07566379925558454,0.0
zz,1509,24,29,0.18580453757414553,0.09290226878707276,0.046477455498527234,0.0
zz,1510,24,29,0.35897558147620523,0.17948779073810261,0.09006443137589992,0.0
zz,1511,16,29,0.34051141819505976,0.17025570909752988,0.08676083541363341,0.0
zz,1512,16,29,0.3423091780836479,0.17115458904182396,0.08722086969620643,0.0
zz,1513,8,29,0.12513681909876007,0.06256840954938003,0.032226768011044016,0.0
zz,1514,16,29,0.3443394077019126,0.1721697038509563,0.08743473254953635,0.0
zz,1515,24,29,0.3166502646838594,0.1583251323419297,0.07900101045852712,0.0
zz,1516,8,29,0.0899619253955195,0.04498096269775975,0.023180831490415974,0.0
zz,1517,16,29,0.34858965601548025,0.17429482800774013,0.08865235636825258,0.0
zz,1518,24,29,0.12450909124123155,0.062254545620615775,0.03122424962160598,0.0
zz,1519,16,29,0.35596230271489404,0.17798115135744702,0.09037062701723551,0.0
zz,1520,24,29,0.053202921775262646,0.026601460887631323,0.014381739379476247,2.7878119365998266e-05
zz,1521,8,29,0.11495440129685752,0.05747720064842876,0.029631690791271915,0.0
zz,1522,24,29,0.07589986818806138,0.03794993409403069,0.018271230490591255,0.0
zz,1523,24,29,0.3961321992931776,0.1980660996465888,0.09815789621512729,0.0
zz,1524,8,29,0.08014459328240153,0.040072296641200766,0.020664991198119126,0.0
zz,1525,8,29,0.08681494498072906,0.04340747249036453,0.0223779585877899,0.0
zz,1526,24,29,0.43489136262074846,0.21744568131037423,0.10803908006270568,0.0
zz,1527,8,29,0.07809849484370057,0.039049247421850286,0.02013646173202903,0.0
zz,1528,24,29,0.20097604062742125,0.10048802031371062,0.05041660532358441,0.0
zz,1529,8,29,0.08862766751931472,0.04431383375965736,0.0228207592092539,0.0
zz,1530,8,29,0.1047824761524524,0.0523912380762262,0.0270010026860447,0.0
zz,1531,24,29,0.37283631981629894,0.18641815990814947,0.09316032378532314,0.0
zz,1532,8,29,0.10050508000217895,0.050252540001089474,0.025905734496804073,0.0
zz,1533,16,29,0.33681854945738376,0.16840927472869188,0.0857083732982226,0.0
zz,1534,16,29,0.34779631235107156,0.17389815617553578,0.0880850900742838,0.0
zz,1535,24,29,0.2871495457346914,0.1435747728673457,0.07125867835184138,0.0
zz,1536,16,29,0.3578097914043632,0.1789048957021816,0.09066142914882641,0.0
zz,1537,16,29,0.378604831003538,0.189302415501769,0.09564963500434324,0.0
zz,1538,24,29,0.07139938372746996,0.03569969186373498,0.018706090933036438,0.0
zz,1539,24,29,0.32085373600559575,0.16042686800279787,0.07985858994521407,0.0
zz,1540,24,29,0.31185100884058115,0.15592550442029057,0.07860248389167022,0.0
zz,1541,24,29,0.32077682498136784,0.16038841249068392,0.0794445600521723,0.0
zz,1542,16,29,0.37127313219564406,0.18563656609782203,0.09382530346771742,0.0
zz,1543,16,29,0.3667792798372467,0.18338963991862334,0.09299043041923478,0.0
zz,1544,8,29,0.06546198870366493,0.032730994351832465,0.016868804450523994,0.0
zz,1545,24,29,0.3435771668039308,0.1717885834019654,0.08500292007009073,0.0
zz,1546,24,29,0.2571263351244256,0.1285631675622128,0.06458751549404139,0.0
zz,1547,24,29,0.2318300948161097,0.11591504740805485,0.057425926697632176,0.0
zz,1548,8,29,0.12851977817091442,0.06425988908545721,0.03312506843484842,0.0
zz,1549,16,29,0.3149463232312986,0.1574731616156493,0.07993420613802962,0.0
zz,1550,8,29,0.07778466202667689,0.038892331013338444,0.020068584195004718,0.0
zz,1551,16,29,0.35521832932687186,0.17760916466343593,0.09016803977987439,0.0
zz,1552,16,29,0.35870682279780197,0.17935341139890099,0.09109734035708841,0.0
zz,1553,16,29,0.35210348230846567,0.17605174115423283,0.08936285313768609,0.0
zz,1554,8,29,0.07840834818722597,0.03920417409361299,0.020194471539796893,0.0
zz,1555,24,29,0.2962647576662335,0.14813237883311675,0.07445071895139282,0.0
zz,1556,8,29,0.10376022369797899,0.051880111848989496,0.02673417567983789,0.0
zz,1557,16,29,0.3618601226403039,0.18093006132015196,0.09158815772933543,0.0
zz,1558,24,29,0.35872722197268814,0.17936361098634407,0.08944653187216402,0.0
zz,1559,16,29,0.3688345725036278,0.1844172862518139,0.09344012198742638,0.0
zz,1560,24,29,0.34742806839377005,0.17371403419688503,0.0843665641623408,0.0
zz,1561,8,29,0.073720422692092,0.036860211346046,0.018978358384166973,0.0
zz,1562,8,29,0.0716141474657861,0.03580707373289305,0.018455995120127043,0.0
zz,1563,24,29,0.2124405623649234,0.1062202811824617,0.05330741638621299,0.0
zz,1564,24,29,0.40622062272926396,0.20311031136463198,0.10078307924416388,0.0
zz,1565,8,29,0.09718848536810143,0.048594242684050715,0.025049735883666626,0.0
zz,1566,24,29,0.2117603230364812,0.1058801615182406,0.05326917110922091,0.0
zz,1567,24,29,0.08004696210009021,0.04002348105004511,0.02097035609698595,0.0
zz,1568,24,29,0.2749462324331653,0.13747311621658265,0.06872571372521327,0.0
zz,1569,16,29,0.3613482512622001,0.18067412563110005,0.09171563633809321,0.0
zz,1570,16,29,0.387055872500881,0.1935279362504405,0.09743755903661135,0.0
zz,1571,24,29,0.3095697731849716,0.1547848865924858,0.07801764195283764,0.0
zz,1572,24,29,0.2505568708675854,0.1252784354337927,0.06283845280363191,0.0
zz,1573,8,29,0.08793020283029518,0.04396510141514759,0.022683352446761465,0.0
zz,1574,8,29,0.13475334198074418,0.06737667099037209,0.03473822066443309,0.0
zz,1575,24,29,0.061610871836814574,0.030805435918407287,0.015819646211742717,0.0
zz,1576,16,29,0.37742325187298087,0.18871162593649043,0.09532644072547015,0.0
zz,1577,8,29,0.09177811009278869,0.045889055046394345,0.023655032658099404,0.0
zz,1578,8,29,0.11448048088654128,0.05724024044327064,0.029514980831600677,0.0
zz,1579,16,29,0.3002163742157071,0.15010818710785356,0.07659713130960896,0.0
zz,1580,16,29,0.3156629908331827,0.15783149541659136,0.08048738349638357,0.0
zz,1581,16,29,0.3535037838822303,0.17675189194111515,0.0898515885967714,0.0
zz,1582,24,29,0.42909443940156045,0.21454721970078022,0.10635744234543364,0.0
zz,1583,24,29,0.2959239588488199,0.14796197942440995,0.07395294124435697,0.0
zz,1584,16,29,0.3569506106192266,0.1784753053096133,0.09068522666577564,0.0
zz,1585,8,29,0.11037024968016262,0.05518512484008131,0.02843306911161996,0.0
zz,1586,8,29,0.10982187431911272,0.05491093715955636,0.028320601981031545,0.0
zz,1587,8,29,0.16814355712681056,0.08407177856340528,0.04337738813159285,0.0
zz,1588,24,29,0.10664519899090175,0.05332259949545087,0.026584717131831342,0.0
zz,1589,8,29,0.09112353070374324,0.04556176535187162,0.023514151586171945,0.0
zz,1590,16,29,0.3476354591991146,0.1738177295995573,0.08828307486992182,0.0
zz,1591,8,29,0.09340988021567231,0.04670494010783616,0.024103714512326662,0.0
zz,1592,8,29,0.10611563983384742,0.05305781991692371,0.02739539671170144,0.0
zz,1593,16,29,0.3484264855270636,0.1742132427635318,0.08865083051629735,0.0
zz,1594,24,29,0.13505741554191097,0.06752870777095549,0.03412065542454198,0.0
zz,1595,24,29,0.25011820136564583,0.12505910068282292,0.06182981808415731,0.0
zz,1596,8,29,0.1324646674138964,0.0662323337069482,0.034095848291326294,0.0
zz,1597,24,29,0.3100400490683124,0.1550200245341562,0.07712748582565843,0.0
zz,1598,8,29,0.0963378407593446,0.0481689203796723,0.02484442323427657,0.0
zz,1599,8,29,0.14245934423512474,0.07122967211756237,0.03670163952208647,0.0
zz,1600,8,29,0.07930861986625404,0.03965430993312702,0.02045958055194929,0.0
zz,1601,8,29,0.09165674991264616,0.04582837495632308,0.02365805247591295,0.0
zz,1602,8,29,0.08579908879738551,0.04289954439869276,0.022087782897879413,0.0
zz,1603,8,29,0.08955242215791803,0.044776211078959016,0.023090220320757967,0.0
zz,1604,24,29,0.3354730953435292,0.1677365476717646,0.08359475082379675,0.0
zz,1605,24,29,0.10811414012356457,0.054057070061782286,0.026700746315466477,0.0
zz,1606,24,29,0.3236226229620317,0.16181131148101585,0.08013926571719186,0.0
zz,1607,8,29,0.06988159277657813,0.034940796388289064,0.01799595380429544,0.0
zz,1608,16,29,0.3599667000911074,0.1799833500455537,0.09134134279070322,0.0
zz,1609,16,29,0.3554116659847141,0.17770583299235704,0.0902369666704528,0.0
zz,1610,8,29,0.06808349539859826,0.03404174769929913,0.017564861854471852,0.0
zz,1611,24,29,0.3480089764657225,0.17400448823286124,0.08679646702426998,0.0
zz,1612,8,29,0.12533261599661505,0.06266630799830752,0.03226630900095344,0.0
zz,1613,24,29,0.05494845635094364,0.02747422817547182,0.014539458261052242,0.0
zz,1614,16,29,0.3457643369034822,0.1728821684517411,0.08802076746311209,0.0
zz,1615,16,29,0.3574168638172109,0.17870843190860544,0.09083452989079367,0.0
zz,1616,16,29,0.3607970598569251,0.18039852992846256,0.09156863151806456,0.0
zz,1617,8,29,0.0951207714574086,0.0475603857287043,0.024505378606771374,0.0
zz,1618,24,29,0.28246882869873774,0.14123441434936887,0.07033891360531809,0.0
zz,1619,8,29,0.09029713336942424,0.04514856668471212,0.023296479091054333,0.0
zz,1620,24,29,0.15457746612363443,0.07728873306181722,0.038406134210411974,0.0
zz,1621,24,29,0.10685549235942321,0.053427746179711605,0.027808954204089086,0.0
zz,1622,8,29,0.08149885064196294,0.04074942532098147,0.021004336781655766,0.0
zz,1623,16,29,0.3155235008470142,0.1577617504235071,0.08031246320024901,0.0
zz,1624,16,29,0.35789788964613445,0.17894894482306722,0.09091114285412008,0.0
zz,1625,24,29,0.35220934172729,0.176104670863645,0.08778296096427891,0.0
zz,1626,16,29,0.32116295173582476,0.16058147586791238,0.08172057082451253,0.0
zz,1627,8,29,0.09700945796266325,0.048504728981331624,0.025011275986612094,0.0
zz,1628,16,29,0.35848881008294653,0.17924440504147326,0.09089922245165985,0.0
zz,1629,24,29,0.20741506046331315,0.10370753023165658,0.05166543932486838,0.0
zz,1630,16,29,0.3220835733382942,0.1610417866691471,0.08169239926567635,0.0
zz,1631,8,29,0.14455826186463716,0.07227913093231858,0.03727596471099213,0.0
zz,1632,16,29,0.3694676760093154,0.1847338380046577,0.09322624749459409,0.0
zz,1633,16,29,0.37259153736422157,0.18629576868211078,0.09417410951726443,0.0
zz,1634,24,29,0.0851373450564708,0.0425686725282354,0.022742696045346848,0.0
zz,1635,24,29,0.06212244010973733,0.031061220054868666,0.013276091023624254,3.609807412885413e-05
zz,1636,24,29,0.3525588833788272,0.1762794416894136,0.08686521481866796,0.0
zz,1637,16,29,0.35470789746484854,0.17735394873242427,0.09008543635419287,0.0
zz,1638,16,29,0.3547457991316282,0.1773728995658141,0.08996581621626693,0.0
zz,1639,24,29,0.2693834657763495,0.13469173288817474,0.06746093224690494,0.0
zz,1640,8,29,0.10726584751194301,0.05363292375597151,0.027641434211543563,0.0
zz,1641,24,29,0.10617048506393634,0.05308524253196817,0.026450560059387073,0.0
zz,1642,24,29,0.20607305192010142,0.10303652596005071,0.05218719169710064,0.0
zz,1643,16,29,0.32465540418956096,0.16232770209478048,0.08294963753267912,0.0
zz,1644,16,29,0.3747601242615981,0.18738006213079905,0.09469192665427163,0.0
zz,1645,8,29,0.15637389247341194,0.07818694623670597,0.04028438824612219,0.0
zz,1646,24,29,0.10603952076773354,0.05301976038386677,0.02712346244574728,0.0
zz,1647,16,29,0.3090782368473093,0.15453911842365464,0.07833887732790723,0.0
zz,1648,8,29,0.08624652934819799,0.04312326467409899,0.022231123257045585,0.0
zz,1649,24,29,0.025221888873991016,0.012610944436995508,0.00517667248736366,0.0
zz,1650,16,29,0.3450793976723634,0.1725396988361817,0.0878771843798296,0.0
zz,1651,8,29,0.11265672642394964,0.05632836321197482,0.029004670374244028,0.0
zz,1652,8,29,0.09674464245838843,0.048372321229194215,0.02494071695781538,0.0
zz,1653,24,29,0.41089019971783625,0.20544509985891812,0.10144663627835145,0.0
zz,1654,24,29,0.3766424290282018,0.1883212145141009,0.09460671850522337,0.0
zz,1655,24,29,0.06249008141517798,0.03124504070758899,0.015958294050523757,0.0
zz,1656,24,29,0.2681770527653091,0.13408852638265456,0.06700953787150975,0.0
zz,1657,8,29,0.11768091505688438,0.05884045752844219,0.03031282175116327,0.0
zz,1658,24,29,0.3624828635952942,0.1812414317976471,0.09058658366261445,0.0
zz,1659,24,29,0.16089533136709816,0.08044766568354908,0.04018566115064372,0.0
zz,1660,16,29,0.3320576998634256,0.1660288499317128,0.08475507831584721,0.0
zz,1661,8,29,0.0724043587309584,0.0362021793654792,0.01866974941847774,0.0
zz,1662,16,29,0.31751582694022146,0.15875791347011073,0.0807962512215106,0.0
zz,1663,8,29,0.10092647814045552,0.05046323907022776,0.026020018049960226,0.0
zz,1664,8,29,0.0814169319032978,0.0407084659516489,0.02097386005941138,0.0
zz,1665,24,29,0.3157322356647201,0.15786611783236004,0.0784719595907045,0.0
zz,1666,8,29,0.08012558168382888,0.04006279084191444,0.02066648631232087,0.0
zz,1667,8,29,0.09694329136194624,0.04847164568097312,0.025002075238413492,0.0
zz,1668,16,29,0.35335081228794774,0.17667540614397387,0.08983325707178655,0.0
zz,1669,16,29,0.34239957677813093,0.17119978838906547,0.0869545946233535,0.0
zz,1670,16,29,0.2857625995488402,0.1428812997744201,0.07242098748514145,0.0
zz,1671,8,29,0.13017506250927724,0.06508753125463862,0.033542962525952215,0.0
zz,1672,8,29,0.07041735750550293,0.035208678752751466,0.018154590520011046,0.0
zz,1673,16,29,0.31530385620079804,0.15765192810039902,0.08041484013330967,0.0
zz,1674,8,29,0.08126519238564689,0.040632596192823445,0.020923209599991607,0.0
zz,1675,24,29,0.20489773740219844,0.10244886870109922,0.05126111854796757,0.0
zz,1676,16,29,0.3723569903048557,0.18617849515242785,0.09425366388678243,0.0
zz,1677,8,29,0.06344193787878916,0.03172096893939458,0.016346351234668224,0.0
zz,1678,16,29,0.34866764003681483,0.17433382001840741,0.08809897992713929,0.0
zz,1679,16,29,0.3657274691089182,0.1828637345544591,0.09265883696923564,0.0
zz,1680,16,29,0.35643509827832254,0.17821754913916127,0.09039447749410891,0.0
zz,1681,16,29,0.37322492605625834,0.18661246302812917,0.09429271002356308,0.0
zz,1682,16,29,0.337291505613702,0.168645752806851,0.08603618617918588,0.0
zz,1683,8,29,0.11286709061462041,0.05643354530731021,0.02910688074197554,0.0
zz,1684,24,29,0.4241646841252309,0.21208234206261545,0.10606106264434255,0.0
zz,1685,16,29,0.32358901056540346,0.16179450528270173,0.08264690870313716,0.0
zz,1686,8,29,0.11592190920866485,0.057960954604332426,0.029912725163169472,0.0
zz,1687,16,29,0.35664211180474054,0.17832105590237027,0.09059200601279269,0.0
zz,1688,24,29,0.4179531517539968,0.2089765758769984,0.10351562701700315,0.0
zz,1689,24,29,0.29306348065138854,0.14653174032569427,0.07291184165902229,0.0
zz,1690,16,29,0.35557957017955977,0.17778978508977988,0.0904378428990658,0.0
zz,1691,8,29,0.10814709830125069,0.054073549150625344,0.02788157356623504,0.0
zz,1692,24,29,0.3630740906285581,0.18153704531427906,0.09085645653768167,0.0
zz,1693,24,29,0.29404979296320366,0.14702489648160183,0.07129121857239411,0.0
zz,1694,24,29,0.38057144568077494,0.19028572284038747,0.09478546226263483,0.0
zz,1695,16,29,0.35531054671792045,0.17765527335896023,0.08987612451286381,0.0
zz,1696,24,29,0.22313606114649315,0.11156803057324657,0.05556439004411524,0.0
zz,1697,16,29,0.36654341019527914,0.18327170509763957,0.09293166423552034,0.0
zz,1698,16,29,0.3256790421136117,0.16283952105680585,0.08248701148340162,0.0
zz,1699,16,29,0.32359284352432094,0.16179642176216047,0.08196228308775678,0.0
zz,1700,8,29,0.10157981728618792,0.05078990864309396,0.026200239549414358,0.0
zz,1701,16,29,0.3773184979451931,0.18865924897259656,0.09542900231140866,0.0
zz,1702,16,29,0.34011040495159695,0.17005520247579847,0.08668199431222232,0.0
zz,1703,24,29,0.2245900382327994,0.1122950191163997,0.056260805719409196,0.0
zz,1704,8,29,0.07333624060270483,0.036668120301352414,0.01891242331558617,0.0
zz,1705,16,29,0.3650403003789072,0.1825201501894536,0.09224909139492524,0.0
zz,1706,8,29,0.10189169799003461,0.05094584899501731,0.02629257824904048,0.0
zz,1707,8,29,0.09757621703487707,0.04878810851743853,0.025170314352821858,0.0
zz,1708,16,29,0.35384304968144564,0.17692152484072282,0.08992324357985795,0.0
zz,1709,24,29,0.3374786669492224,0.1687393334746112,0.08350386491670674,0.0
zz,1710,24,29,0.18307755879414772,0.09153877939707386,0.045300823052184136,0.0
zz,1711,8,29,0.10775096618336155,0.053875483091680776,0.02779674644366464,0.0
zz,1712,24,29,0.2551985594884758,0.1275992797442379,0.0636929737881147,0.0
zz,1713,8,29,0.1083265276487082,0.0541632638243541,0.027925378643275548,0.0
zz,1714,16,29,0.275480441839884,0.137740220919942,0.0702621004338626,0.0
zz,1715,8,29,0.060123991240072394,0.030061995620036197,0.015514474291878102,0.0
zz,1716,16,29,0.33143539020813173,0.16571769510406587,0.08420467713947745,0.0
zz,1717,24,29,0.3078379433321422,0.1539189716660711,0.0771895555720528,0.0
zz,1718,16,29,0.370200822732798,0.185100411366399,0.09359388470386168,0.0
zz,1719,16,29,0.3314941535734553,0.16574707678672765,0.08439673145188682,0.0
zz,1720,24,29,0.21353979660366773,0.10676989830183387,0.05201922477429459,0.0
zz,1721,16,29,0.34353692482783305,0.17176846241391652,0.08735574488880904,0.0
zz,1722,8,29,0.11693670691626501,0.058468353458132505,0.03011577653194669,0.0
zz,1723,24,29,0.3702035199178457,0.18510175995892286,0.09152015492192571,0.0
zz,1724,8,29,0.06977824530724408,0.03488912265362204,0.017986315383329624,0.0
zz,1725,24,29,0.20195897907010113,0.10097948953505057,0.05082824912478648,0.0
zz,1726,16,29,0.3381670570977108,0.1690835285488554,0.08618545530609943,0.0
zz,1727,8,29,0.14576626036699458,0.07288313018349729,0.03757705643640495,0.0
zz,1728,8,29,0.07182473254398258,0.03591236627199129,0.018513897064427735,0.0
zz,1729,24,29,0.2073783570884491,0.10368917854422455,0.05221072129916693,0.0
zz,1730,8,29,0.09429961665731679,0.047149808328658394,0.02432240539729531,0.0
zz,1731,16,29,0.35096953041548395,0.17548476520774198,0.089139677182803,0.0
zz,1732,16,29,0.34194209149823585,0.17097104574911792,0.0870939753285065,0.0
zz,1733,16,29,0.33008467755193893,0.16504233877596947,0.08339988312168199,0.0
zz,1734,16,29,0.3799237179590008,0.1899618589795004,0.09599346451332086,0.0
zz,1735,8,29,0.07795632091492022,0.03897816045746011,0.02008007444059993,0.0
zz,1736,8,29,0.1312458511396104,0.0656229255698052,0.03384530357921407,0.0
zz,1737,24,29,0.4122531409461456,0.2061265704730728,0.10175489341683017,0.0
zz,1738,8,29,0.0967933644368959,0.04839668221844795,0.02495700559873443,0.0
zz,1739,24,29,0.2832170907338506,0.1416085453669253,0.07042960006422072,0.0
zz,1740,24,29,0.29824910409430483,0.14912455204715241,0.07428471664682379,0.0
zz,1741,24,29,0.2679748705826584,0.1339874352913292,0.06692396520028152,0.0
zz,1742,24,29,0.24568155592618268,0.12284077796309134,0.06193323845577195,0.0
zz,1743,8,29,0.11363038131424408,0.05681519065712204,0.02930953823011731,0.0
zz,1744,16,29,0.3642699381642004,0.1821349690821002,0.09240770821843759,0.0
zz,1745,8,29,0.0675019933005474,0.0337509966502737,0.017396388120764814,0.0
zz,1746,8,29,0.0703264804669208,0.0351632402334604,0.01812395289339679,0.0
zz,1747,24,29,0.19738904948902755,0.09869452474451378,0.049909801214653056,0.0
zz,1748,24,29,0.19626405152339094,0.09813202576169547,0.049455458687812176,0.0
zz,1749,24,29,0.29504338468542424,0.14752169234271212,0.07462595341768496,0.0
zz,1750,8,29,0.09171528875066937,0.04585764437533468,0.02363545011641697,0.0
zz,1751,24,29,0.3611839329326775,0.18059196646633874,0.09012406659144914,0.0
zz,1752,16,29,0.3213978817010267,0.16069894085051334,0.08171464681611787,0.0
zz,1753,16,29,0.2660895606172792,0.1330447803086396,0.06786219355727939,0.0
zz,1754,8,29,0.09362682510801135,0.04681341255400567,0.024130675079006077,0.0
zz,1755,8,29,0.09766175136636368,0.04883087568318184,0.025161196908819565,0.0
zz,1756,16,29,0.345513617910992,0.172756808955496,0.08743233699839718,0.0
zz,1757,8,29,0.10730871187513302,0.05365435593756651,0.027642171231899517,0.0
zz,1758,8,29,0.07231774972711613,0.036158874863558066,0.018652797774564894,0.0
zz,1759,8,29,0.08916565629415585,0.044582828147077924,0.02297038461059712,0.0
zz,1760,16,29,0.33252237972609544,0.16626118986304772,0.08457183902623944,0.0
zz,1761,24,29,0.18138568902171218,0.09069284451085609,0.04613106893471075,0.0
zz,1762,24,29,0.08356055518196837,0.04178027759098418,0.021233932074789984,0.0
zz,1763,8,29,0.12623338879827362,0.06311669439913681,0.03256054970023101,0.0
zz,1764,24,29,0.17799071214304693,0.08899535607152347,0.04471020747090916,0.0
zz,1765,24,29,0.20276914167954693,0.10138457083977347,0.05101490592543858,0.0
zz,1766,8,29,0.16822510802103807,0.08411255401051904,0.043326374267035866,0.0
zz,1767,8,29,0.06391397419806388,0.03195698709903194,0.01647770620529846,0.0
zz,1768,8,29,0.09930085356768892,0.04965042678384446,0.02559388960432151,0.0
zz,1769,16,29,0.3568593846747879,0.17842969233739395,0.09071037441885922,0.0
zz,1770,8,29,0.09265105876990565,0.046325529384952824,0.023886120461674005,0.0
zz,1771,24,29,0.2333182300274433,0.11665911501372166,0.05820800614982741,0.0
zz,1772,16,29,0.3551094286462262,0.1775547143231131,0.09027390119315536,0.0
zz,1773,16,29,0.3469340478679188,0.1734670239339594,0.0881699327722319,0.0
zz,1774,8,29,0.11633513190221434,0.05816756595110717,0.029971702147068013,0.0
zz,1775,16,29,0.3111749730734536,0.1555874865367268,0.07897030741564018,0.0
zz,1776,24,29,0.4022741404558613,0.20113707022793065,0.09932953478899928,0.0
zz,1777,8,29,0.11230596679679083,0.05615298339839542,0.0289393738998139,0.0
zz,1778,8,29,0.09310189957511295,0.04655094978755647,0.023989416859890655,0.0
zz,1779,16,29,0.3369121355217074,0.1684560677608537,0.08562641427055408,0.0
zz,1780,16,29,0.37505716571938086,0.18752858285969043,0.09492224805395938,0.0
zz,1781,16,29,0.37723218003053216,0.18861609001526608,0.09543681047267108,0.0
zz,1782,24,29,0.1881400486979387,0.09407002434896936,0.04749796790699632,0.0
zz,1783,24,29,0.36305654882596194,0.18152827441298097,0.09078089822539213,0.0
zz,1784,16,29,0.308725911581245,0.1543629557906225,0.07845866893806587,0.0
zz,1785,8,29,0.09462708997937264,0.04731354498968632,0.02439598126274127,0.0
zz,1786,8,29,0.1416934886908452,0.0708467443454226,0.03645344513990575,0.0
zz,1787,8,29,0.13159936845462317,0.06579968422731158,0.03385954437644505,0.0
zz,1788,24,29,0.221010536223767,0.1105052681118835,0.0552087875185896,0.0
zz,1789,8,29,0.08993392292668279,0.04496696146334139,0.023203130193454092,0.0
zz,1790,24,29,0.18326083015968908,0.09163041507984454,0.04670884892627602,0.0
zz,1791,16,29,0.3539726276749902,0.1769863138374951,0.08968592568372132,0.0
zz,1792,8,29,0.08159687842025909,0.040798439210129545,0.021020152042902383,0.0
zz,1793,24,29,0.2527804918787687,0.12639024593938436,0.06325303970362692,0.0
zz,1794,24,29,0.38287859355137344,0.19143929677568672,0.09475313926389539,0.0
zz,1795,16,29,0.36992898559241283,0.18496449279620641,0.09336648181734662,0.0
zz,1796,16,29,0.3543184850805112,0.1771592425402556,0.0901180869294285,0.0
zz,1797,16,29,0.33409337269233624,0.16704668634616812,0.08476289205453938,0.0
zz,1798,24,29,0.2997792107757189,0.14988960538785945,0.0748679987183888,0.0
zz,1799,24,29,0.06835449357495638,0.03417724678747819,0.017223256714848076,0.0
zz,1800,16,29,0.3522027656703244,0.1761013828351622,0.08927870759199744,0.0
zz,1801,16,29,0.37574612627622506,0.18787306313811253,0.09502571582663308,0.0
zz,1802,8,29,0.12357903703572382,0.06178951851786191,0.03186306633565979,0.0
zz,1803,24,29,0.1642747221238251,0.08213736106191255,0.04113511530721595,0.0
zz,1804,24,29,0.2163871041691584,0.1081935520845792,0.053750600204461145,0.0
zz,1805,24,29,0.07754037605195518,0.03877018802597759,0.01995327955764624,0.0
zz,1806,16,29,0.3562360331449898,0.1781180165724949,0.09036499197720779,0.0
zz,1807,24,29,0.3295810095872198,0.1647905047936099,0.08258304762221451,0.0
zz,1808,8,29,0.09250285968042882,0.04625142984021441,0.023865978117036942,0.0
zz,1809,8,29,0.08929995993374917,0.04464997996687459,0.02302219658783259,0.0
zz,1810,24,29,0.26499893605939395,0.13249946802969698,0.06591647637862261,0.0
zz,1811,16,29,0.3387829256123148,0.1693914628061574,0.0860122772873738,0.0
zz,1812,16,29,0.35302642402950135,0.17651321201475068,0.0897683718580507,0.0
zz,1813,24,29,0.16952589247952216,0.08476294623976108,0.043254109372026166,0.0
zz,1814,16,29,0.3715055391984123,0.18575276959920614,0.09390561272249923,0.0
zz,1815,24,29,0.20300558135181976,0.10150279067590988,0.05085822053190087,0.0
zz,1816,24,29,0.136853525342435,0.0684267626712175,0.034418873104270636,0.0
zz,1817,16,29,0.3710637322772675,0.18553186613863376,0.09387772257717747,0.0
zz,1818,24,29,0.20701849131396158,0.10350924565698079,0.05051390710197949,0.0
zz,1819,8,29,0.1399040079271311,0.06995200396356555,0.036069100250855156,0.0
zz,1820,16,29,0.31968499869130995,0.15984249934565498,0.0809927967050979,0.0
zz,1821,8,29,0.08065607452409818,0.04032803726204909,0.0207955961419414,0.0
zz,1822,16,29,0.3339315553384795,0.16696577766923976,0.08481793805820871,0.0
zz,1823,8,29,0.08160907421955566,0.04080453710977783,0.021021734365295353,0.0
zz,1824,24,29,0.22324444916038147,0.11162222458019073,0.05561428057405705,0.0
zz,1825,16,29,0.36107659131751424,0.18053829565875712,0.0910996536685757,0.0
zz,1826,16,29,0.3508855429149219,0.17544277145746096,0.08921820750446138,0.0
zz,1827,24,29,0.1639698468902313,0.08198492344511565,0.041141929145968356,0.0
zz,1828,24,29,0.3869830712761798,0.1934915356380899,0.09590064995035044,0.0
zz,1829,16,29,0.32331666298635875,0.16165833149317937,0.08239163005612331,0.0
zz,1830,8,29,0.09401866410971149,0.047009332054855746,0.024236804746976003,0.0
zz,1831,8,29,0.060449798548857125,0.030224899274428563,0.01558497607789303,0.0
zz,1832,24,29,0.2563245521259042,0.1281622760629521,0.06347384741968308,0.0
zz,1833,16,29,0.34106965004051193,0.17053482502025596,0.08656337172733211,0.0
zz,1834,8,29,0.12197105576616507,0.060985527883082535,0.031399309559100155,0.0
zz,1835,8,29,0.0869593535224148,0.0434796767612074,0.022391421315684848,0.0
zz,1836,24,29,0.30786688836553466,0.15393344418276733,0.0772949580804153,0.0
zz,1837,24,29,0.24821022118493585,0.12410511059246793,0.06130610050057109,0.0
zz,1838,16,29,0.3651447667429167,0.18257238337145834,0.09265817830661904,0.0
zz,1839,16,29,0.35881922111015685,0.17940961055507842,0.09105889727553004,0.0
zz,1840,24,29,0.36322199355247475,0.18161099677623738,0.09016576782760197,0.0
zz,1841,8,29,0.07635218578001313,0.03817609289000656,0.01969290833095115,0.0
zz,1842,16,29,0.34553096210104456,0.17276548105052228,0.08739863191309725,0.0
zz,1843,16,29,0.3547938658319728,0.1773969329159864,0.09010609185475305,0.0
zz,1844,8,29,0.0427512531422779,0.02137562657113895,0.01101738390656656,0.0
zz,1845,8,29,0.11336145401377595,0.056680727006887976,0.029205089631347003,0.0
zz,1846,8,29,0.1414190653158066,0.0707095326579033,0.03647706671352623,0.0
zz,1847,24,29,0.11174157947995933,0.055870789739979665,0.02734721082427772,0.0
zz,1848,8,29,0.1771091646406922,0.0885545823203461,0.04567529688874599,0.0
zz,1849,8,29,0.0930863878461089,0.04654319392305445,0.024002742630994913,0.0
zz,1850,8,29,0.1413126741854947,0.07065633709274735,0.03643666354267162,0.0
zz,1851,24,29,0.36340885276755985,0.18170442638377993,0.09132064829720872,0.0
zz,1852,24,29,0.31196839806469223,0.15598419903234612,0.07815385341671136,0.0
zz,1853,8,29,0.1406751659400619,0.07033758297003095,0.036239970459357576,0.0
zz,1854,24,29,0.382528593781374,0.191264296890687,0.09513777002746797,0.0
zz,1855,24,29,0.26191125525998404,0.13095562762999202,0.06486402223548081,0.0
zz,1856,8,29,0.11891961529646322,0.05945980764823161,0.030628296942294173,0.0
zz,1857,24,29,0.05641676250416616,0.02820838125208308,0.014236016569715864,0.0
zz,1858,24,29,0.1185336068594306,0.0592668034297153,0.02912681248176594,0.0
zz,1859,8,29,0.06893329606876875,0.03446664803438437,0.017758667126079958,0.0
zz,1860,16,29,0.3406777535672276,0.1703388767836138,0.0864896450850037,0.0
zz,1861,8,29,0.19525348501190437,0.09762674250595219,0.05028914167275009,0.0
zz,1862,8,29,0.07483790461437223,0.037418952307186115,0.019285492913769676,0.0
zz,1863,16,29,0.38209810541496314,0.19104905270748157,0.09645412208819891,0.0
zz,1864,8,29,0.11612467891147715,0.058062339455738576,0.029893486575060958,0.0
zz,1865,16,29,0.33644637217385887,0.16822318608692943,0.08550988008925092,0.0
zz,1866,8,29,0.14879648531999867,0.07439824265999934,0.03828611999653608,0.0
zz,1867,8,29,0.05999419159814201,0.029997095799071005,0.015447209283864706,0.0
zz,1868,24,29,0.27569566887086394,0.13784783443543197,0.06775934567110907,0.0
zz,1869,16,29,0.3584921892202031,0.17924609461010155,0.0909491536101156,0.0
zz,1870,24,29,0.284702169261263,0.1423510846306315,0.07107112995344445,0.0
zz,1871,16,29,0.34121184441837016,0.17060592220918508,0.08666682593890535,0.0
zz,1872,16,29,0.3368065855722755,0.16840329278613775,0.08573091910778018,0.0
zz,1873,8,29,0.13458606131456385,0.06729303065728193,0.03469583982439532,0.0
zz,1874,8,29,0.08558599832076086,0.04279299916038043,0.022074482905662267,0.0
zz,1875,24,29,0.20616658578844174,0.10308329289422087,0.05185221092222396,0.0
zz,1876,8,29,0.10552151691015588,0.05276075845507794,0.027167445734344146,0.0
zz,1877,16,29,0.35769114196241314,0.17884557098120657,0.0908790506090698,0.0
zz,1878,24,29,0.20575048325870518,0.10287524162935259,0.05148769571624957,0.0
zz,1879,16,29,0.32568657155938374,0.16284328577969187,0.08315199133292178,0.0
zz,1880,8,29,0.09631009558342951,0.048155047791714756,0.024822561844855297,0.0
zz,1881,24,29,0.3680765664167963,0.18403828320839816,0.09204717792175074,0.0
zz,1882,24,29,0.042881170532887425,0.021440585266443712,0.011407744486458577,0.0
zz,1883,24,29,0.3593060354060499,0.17965301770302494,0.08884251635977286,0.0
zz,1884,16,29,0.33248789103825416,0.16624394551912708,0.08450244519621643,0.0
zz,1885,16,29,0.34675453104356246,0.17337726552178123,0.0882783603387411,0.0
zz,1886,24,29,0.3833698589971124,0.1916849294985562,0.09479277777318877,0.0
zz,1887,24,29,0.375818959475561,0.1879094797377805,0.09360054489639295,0.0
zz,1888,8,29,0.06705991126554289,0.033529955632771447,0.0172787846360598,0.0
zz,1889,24,29,0.19974523108152567,0.09987261554076284,0.049888247872114974,0.0
zz,1890,24,29,0.23271666951261422,0.11635833475630711,0.05897931716476858,0.0
zz,1891,16,29,0.3373303684906803,0.16866518424534016,0.08557502841908927,0.0
zz,1892,16,29,0.3750399386737254,0.1875199693368627,0.09497816051655895,0.0
zz,1893,8,29,0.08408023962744748,0.04204011981372374,0.021680314955713546,0.0
zz,1894,16,29,0.3151369533004508,0.1575684766502254,0.08009712154251591,0.0
zz,1895,8,29,0.1144303145331792,0.0572151572665896,0.029453119550852034,0.0
zz,1896,24,29,0.2127622011189404,0.1063811005594702,0.053538591820826965,0.0
zz,1897,24,29,0.22042369486548608,0.11021184743274304,0.05571449684826804,0.0
zz,1898,24,29,0.18208333030176788,0.09104166515088394,0.04622724013054156,0.0
zz,1899,8,29,0.0982167011174161,0.04910835055870805,0.025296215392651415,0.0
zz,1900,8,29,0.08385014681577019,0.041925073407885094,0.021618853969376472,0.0
zz,1901,8,29,0.08821242334931279,0.04410621167465639,0.022701580131920838,0.0
zz,1902,24,29,0.3727541696545328,0.1863770848272664,0.09230805019479132,0.0
zz,1903,8,29,0.11344436779233402,0.05672218389616701,0.02925006237652135,0.0
zz,1904,24,29,0.18419951988381583,0.09209975994190792,0.045826974978802074,0.0
zz,1905,16,29,0.3423811586688428,0.1711905793344214,0.08681080682002738,0.0
zz,1906,8,29,0.0564298809401339,0.02821494047006695,0.014565139809620004,0.0
zz,1907,16,29,0.35168677152888805,0.17584338576444403,0.08931315747757575,0.0
zz,1908,16,29,0.3247729970496309,0.16238649852481546,0.08238069222277794,0.0
zz,1909,24,29,0.4070467842483142,0.2035233921241571,0.10196303889828073,0.0
zz,1910,24,29,0.30569055705060755,0.15284527852530377,0.07595537676376862,0.0
zz,1911,24,29,0.2904365410858033,0.14521827054290165,0.0725098615083097,0.0
zz,1912,8,29,0.10606083321651782,0.05303041660825891,0.02734439198814513,0.0
zz,1913,24,29,0.19793884172218987,0.09896942086109493,0.04971074708065551,0.0
zz,1914,8,29,0.07269643572469442,0.03634821786234721,0.018740306598029603,0.0
zz,1915,8,29,0.061668293666001794,0.030834146833000897,0.015885114815222492,0.0
zz,1916,8,29,0.07461886813395391,0.037309434066976954,0.01922854416709579,0.0
zz,1917,24,29,0.28819995956480476,0.14409997978240238,0.07195395051029581,0.0
zz,1918,8,29,0.09129196841645382,0.04564598420822691,0.023506839129793976,0.0
zz,1919,8,29,0.08535157203532218,0.04267578601766109,0.021989553193326104,0.0
zz,1920,8,29,0.09605970854075119,0.048029854270375594,0.024761181771640592,0.0
zz,1921,16,29,0.37753619213619527,0.18876809606809763,0.09554423239199902,0.0
zz,1922,8,29,0.15018766868035,0.075093834340175,0.038711295602754575,0.0
zz,1923,8,29,0.0980465001060784,0.0490232500530392,0.02524879066280923,0.0
zz,1924,24,29,0.17534086714906902,0.08767043357453451,0.043991387597330595,0.0
zz,1925,24,29,0.34126747589591033,0.17063373794795517,0.08537325585355962,0.0
zz,1926,24,29,0.10942945785506636,0.05471472892753318,0.025810526936448707,0.0
zz,1927,16,29,0.32232954593850865,0.16116477296925433,0.0823712566720968,0.0
zz,1928,8,29,0.08842600800507538,0.04421300400253769,0.02277271835069812,0.0
zz,1929,16,29,0.3463502965526788,0.1731751482763394,0.08814480877871485,0.0
zz,1930,16,29,0.34985102946963625,0.17492551473481813,0.08871249111757112,0.0
zz,1931,8,29,0.06808838740745127,0.034044193703725634,0.017523698682231442,0.0
zz,1932,24,29,0.2891994856793848,0.1445997428396924,0.07180022360497038,0.0
zz,1933,8,29,0.07335428246172859,0.036677141230864296,0.01892726085638523,0.0
zz,1934,8,29,0.09708312272964204,0.04854156136482102,0.02501875920786035,0.0
zz,1935,16,29,0.3477965444321882,0.1738982722160941,0.088315618452376,0.0
zz,1936,24,29,0.10446011860435311,0.05223005930217656,0.026333087303361945,0.0
zz,1937,8,29,0.10091046485560284,0.05045523242780142,0.025986922137026892,0.0
zz,1938,16,29,0.3699689863933846,0.1849844931966923,0.09377282994215873,0.0
zz,1939,16,29,0.35612760007898714,0.17806380003949357,0.09033024009117366,0.0
zz,1940,16,29,0.36458958848617107,0.18229479424308553,0.09251066845952668,0.0
zz,1941,24,29,0.25700452771732085,0.12850226385866043,0.06393816059017254,0.0
zz,1942,24,29,0.2825079046520728,0.1412539523260364,0.07014794219377536,0.0
zz,1943,16,29,0.3383745887558185,0.16918729437790925,0.08621637037275691,0.0
zz,1944,24,29,0.13339980858245265,0.06669990429122633,0.032990134103194374,0.0
zz,1945,16,29,0.3368565151350585,0.16842825756752924,0.08579239076730644,0.0
zz,1946,16,29,0.3540538746677555,0.17702693733387775,0.09002116542002758,0.0
zz,1947,16,29,0.3737308208508823,0.18686541042544114,0.09467826156698957,0.0
zz,1948,24,29,0.12820816100729976,0.06410408050364988,0.03159958543860711,0.0
zz,1949,24,29,0.3955853922900323,0.19779269614501616,0.09795096209532692,0.0
zz,1950,8,29,0.0764692857772924,0.0382346428886462,0.019703894382961537,0.0
zz,1951,8,29,0.0701203860290932,0.0350601930145466,0.01806083016193204,0.0
zz,1952,24,29,0.09071670442552182,0.04535835221276091,0.023652866028575747,0.0
zz,1953,16,29,0.33512805324424666,0.16756402662212333,0.08496845020465925,0.0
zz,1954,16,29,0.3575196216379853,0.17875981081899264,0.0904244076899018,0.0
zz,1955,16,29,0.33381538969161956,0.16690769484580978,0.08470366082132387,0.0
zz,1956,16,29,0.3652559842116997,0.18262799210584985,0.09269151565392884,0.0
zz,1957,16,29,0.3048716171514996,0.1524358085757498,0.07766864221875332,0.0
zz,1958,8,29,0.11035027447729473,0.055175137238647365,0.02843066548531112,0.0
zz,1959,8,29,0.06748347598987214,0.03374173799493607,0.017400637205962945,0.0
zz,1960,8,29,0.17192607374523572,0.08596303687261786,0.044251769025163604,0.0
zz,1961,16,29,0.3792493555602553,0.18962467778012765,0.09582290526487149,0.0
zz,1962,16,29,0.3073214727061977,0.15366073635309885,0.0780303754028635,0.0
zz,1963,16,29,0.29982439585169296,0.14991219792584648,0.07606148476636156,0.0
zz,1964,8,29,0.12806530959296614,0.06403265479648307,0.032982915414224226,0.0
zz,1965,16,29,0.3673291976482355,0.18366459882411776,0.09299544378116836,0.0
zz,1966,8,29,0.13333870777840628,0.06666935388920314,0.034355831327919216,0.0
zz,1967,24,29,0.3022158305619198,0.1511079152809599,0.07552380677181325,0.0
zz,1968,16,29,0.3476084995482406,0.1738042497741203,0.08839797233155737,0.0
zz,1969,24,29,0.12809448765418596,0.06404724382709298,0.031575298580169484,0.0
zz,1970,16,29,0.3452440255850651,0.17262201279253256,0.08742455026292416,0.0
zz,1971,16,29,0.35811276677368337,0.17905638338684168,0.09074919720737001,0.0
zz,1972,16,29,0.37049654364188767,0.18524827182094383,0.09387162940688144,0.0
zz,1973,16,29,0.3415901611810854,0.1707950805905427,0.08704824593509315,0.0
zz,1974,8,29,0.10009986821681405,0.050049934108407024,0.02581528233627424,0.0
zz,1975,24,29,0.2965712371610806,0.1482856185805403,0.07367671016989177,0.0
zz,1976,24,29,0.2429420138968715,0.12147100694843575,0.06150344117699694,0.0
zz,1977,16,29,0.3695411208428636,0.1847705604214318,0.0937058120063434,0.0
zz,1978,8,29,0.1077364920071856,0.0538682460035928,0.027771833409378496,0.0
zz,1979,24,29,0.2204090455256908,0.1102045227628454,0.055063779368174054,0.0
zz,1980,8,29,0.09203737797106781,0.046018688985533907,0.023746659136343152,0.0
zz,1981,8,29,0.11250670006158414,0.05625335003079207,0.0290001806445032,0.0
zz,1982,16,29,0.3337096771762841,0.16685483858814204,0.08486616641890517,0.0
zz,1983,24,29,0.037907708780324845,0.018953854390162422,0.008022632197732497,0.0
zz,1984,16,29,0.3727835599337715,0.18639177996688575,0.09427623258333863,0.0
zz,1985,24,29,0.20572643206759747,0.10286321603379874,0.051358587993649174,0.0
zz,1986,8,29,0.11135541746955246,0.05567770873477623,0.028737988236745362,0.0
zz,1987,16,29,0.3129646254288326,0.1564823127144163,0.07940428756980987,0.0
zz,1988,8,29,0.12214371539483926,0.06107185769741963,0.031508134604442954,0.0
zz,1989,8,29,0.1408814175861386,0.0704407087930693,0.03632488573695475,0.0
zz,1990,16,29,0.3560662367376065,0.17803311836880326,0.09031320923993758,0.0
zz,1991,16,29,0.351504300450638,0.175752150225319,0.0894523178139368,0.0
zz,1992,16,29,0.3573242235456954,0.1786621117728477,0.09084046104945037,0.0
zz,1993,16,29,0.3685683086054936,0.1842841543027468,0.09339606766683149,0.0
zz,1994,24,29,0.09045229876836386,0.04522614938418193,0.023297023381728517,0.0
zz,1995,16,29,0.32481459743117613,0.16240729871558807,0.08262251301407977,0.0
zz,1996,16,29,0.3537097972176483,0.17685489860882414,0.0899220910197958,0.0
zz,1997,24,29,0.24812212012251963,0.12406106006125982,0.06193115071594533,0.0
zz,1998,8,29,0.09835719185194214,0.04917859592597107,0.02536072058848941,0.0
zz,1999,8,29,0.07502315655094549,0.037511578275472746,0.019343463342912644,0.0
zz,2000,8,29,0.1085932246336111,0.05429661231680555,0.02798075260715751,0.0
zz,2001,16,29,0.35927668167477167,0.17963834083738583,0.0912892743903343,0.0
zz,2002,8,29,0.1017587872350707,0.05087939361753535,0.02624360883893157,0.0
zz,2003,8,29,0.10969567912470002,0.05484783956235001,0.0282477058174595,0.0
zz,2004,24,29,0.24100434770626578,0.12050217385313289,0.06114292889955886,0.0
zz,2005,8,29,0.09400530084865488,0.04700265042432744,0.02423068586192669,0.0
zz,2006,16,29,0.36334263107347153,0.18167131553673577,0.09214196194650257,0.0
zz,2007,24,29,0.17112100434175936,0.08556050217087968,0.04288850795747889,0.0
zz,2008,8,29,0.15889032451430385,0.07944516225715192,0.04093005593383722,0.0
zz,2009,24,29,0.14158334705005243,0.07079167352502622,0.03588090665735878,0.0
zz,2010,24,29,0.31184052725144906,0.15592026362572453,0.07695521846554634,0.0
zz,2011,16,29,0.3369647144548731,0.16848235722743654,0.08594395452529292,0.0
zz,2012,8,29,0.06448153915065935,0.032240769575329675,0.016635193952628954,0.0
zz,2013,16,29,0.32173714169915624,0.16086857084957812,0.08126060278593969,0.0
zz,2014,24,29,0.23888069235152698,0.11944034617576349,0.05963135110563793,0.0
zz,2015,16,29,0.302287541892493,0.1511437709462465,0.07645746892020104,0.0
zz,2016,16,29,0.3522849277764165,0.17614246388820826,0.08953057782431639,0.0
zz,2017,8,29,0.07670495099588326,0.03835247549794163,0.01975821593959346,0.0
zz,2018,8,29,0.09318838221582726,0.04659419110791363,0.02403205170876968,0.0
zz,2019,8,29,0.15462893754779083,0.07731446877389542,0.039850288163700766,0.0
zz,2020,8,29,0.06029938349582653,0.030149691747913265,0.015538313432088599,0.0
zz,2021,8,29,0.12627066710117274,0.06313533355058637,0.03255595830404218,0.0
zz,2022,16,29,0.3709017949752908,0.1854508974876454,0.09389572052517672,0.0
zz,2023,24,29,0.034785203697650924,0.017392601848825462,0.008829103550410678,0.0
zz,2024,8,29,0.07824033579390055,0.039120167896950275,0.02014354440704705,0.0
zz,2025,16,29,0.3441586339020397,0.17207931695101986,0.08741805948794959,0.0
zz,2026,16,29,0.3701203536807467,0.18506017684037335,0.09380600523664341,0.0
zz,2027,16,29,0.35228347830023066,0.17614173915011533,0.08959547650019596,0.0
zz,2028,16,29,0.3481876362901236,0.1740938181450618,0.08854084388302481,0.0
zz,2029,8,29,0.0783454858784205,0.03917274293921025,0.020215303964405525,0.0
zz,2030,8,29,0.10736560004162354,0.05368280002081177,0.02769102124331071,0.0
zz,2031,8,29,0.09202882830780712,0.04601441415390356,0.023726790433984048,0.0
zz,2032,16,29,0.33615671777767964,0.16807835888883982,0.08547581547918877,0.0
zz,2033,24,29,0.34246953633776256,0.17123476816888128,0.0845158683643041,0.0
zz,2034,8,29,0.11623797310037731,0.058118986550188656,0.02994097657981117,0.0
zz,2035,24,29,0.022440027085894987,0.011220013542947493,0.00509233029020245,0.0
zz,2036,24,29,0.04498190728508289,0.022490953642541445,0.011109901184092564,0.0
zz,2037,8,29,0.12975918588895008,0.06487959294447504,0.03339862918088514,0.0
zz,2038,24,29,0.060324222328825616,0.030162111164412808,0.015467869901774121,0.0
zz,2039,24,29,0.025730186239781683,0.012865093119890841,0.006157039896328929,4.1349899600418016e-05
zz,2040,8,29,0.1142383017757077,0.05711915088785385,0.029458978506786273,0.0
zz,2041,8,29,0.09958785814388371,0.049793929071941856,0.02564118337314033,0.0
zz,2042,16,29,0.3708665666247968,0.1854332833123984,0.09382603657704579,0.0
zz,2043,16,29,0.37171075260312314,0.18585537630156157,0.09417187878291775,0.0
zz,2044,24,29,0.2965391419941944,0.1482695709970972,0.07392140146607479,0.0
zz,2045,16,29,0.3607784608389415,0.18038923041947075,0.09159472142219337,0.0
zz,2046,16,29,0.34561485680978354,0.17280742840489177,0.08781741111469311,0.0
zz,2047,16,29,0.3530193015383756,0.1765096507691878,0.08980545368765899,0.0
zz,0,24,57,0.3221604114141048,0.1610802057070524,0.07842870238333251,0.0
zz,1,8,57,0.1206967565013276,0.0603483782506638,0.030607830629210925,0.0
zz,2,24,57,0.3542435950905247,0.17712179754526236,0.08734398470635955,0.0
zz,3,16,57,0.2998665729848359,0.14993328649241794,0.07519285647713816,0.0
zz,4,16,57,0.3511638203581291,0.17558191017906455,0.08773204662469468,0.0
zz,5,16,57,0.37257178670454094,0.18628589335227047,0.09262345181022213,0.0
zz,6,24,57,0.056234903894803456,0.028117451947401728,0.014365409243271914,0.0
zz,7,16,57,0.32268640106235474,0.16134320053117737,0.08077332373173968,0.0
zz,8,24,57,0.15609904392454377,0.07804952196227188,0.03884204132870072,0.0
zz,9,8,57,0.06388277205660897,0.031941386028304486,0.01620325707666204,0.0
zz,10,8,57,0.08813283529407212,0.04406641764703606,0.022349554490511875,0.0
zz,11,8,57,0.13002469679068152,0.06501234839534076,0.03290961047245626,0.0
zz,12,8,57,0.09228493618091849,0.04614246809045924,0.023407548131174478,0.0
zz,13,16,57,0.34841980151510016,0.17420990075755008,0.08681127293309605,0.0
zz,14,24,57,0.3143959854803915,0.15719799274019575,0.07672801542127425,0.0
zz,15,16,57,0.35358976306494494,0.17679488153247247,0.08812018391076466,0.0
zz,16,24,57,0.2926930228367042,0.1463465114183521,0.07144841571094572,0.0
zz,17,8,57,0.10145004256443069,0.05072502128221534,0.025709456634875737,0.0
zz,18,24,57,0.17102577756458526,0.08551288878229263,0.042717148128494496,0.0
zz,19,24,57,0.12151628988232571,0.060758144941162856,0.030618722615141123,0.0
zz,20,16,57,0.3546236789235857,0.17731183946179285,0.08825083090813544,0.0
zz,21,8,57,0.10522156803441207,0.052610784017206036,0.026628088269405686,0.0
zz,22,16,57,0.3109755028387757,0.15548775141938784,0.07749137960968074,0.0
zz,23,16,57,0.34655601046102147,0.17327800523051073,0.08648699488019428,0.0
zz,24,16,57,0.31209546432920005,0.15604773216460002,0.07756230907176283,0.0
zz,25,8,57,0.11223331447408258,0.05611665723704129,0.02844058659316721,0.0
zz,26,24,57,0.34106726632322526,0.17053363316161263,0.08212624197023588,0.0
zz,27,16,57,0.28529717400116295,0.14264858700058147,0.07132109738401228,0.0
zz,28,24,57,0.282795070869343,0.1413975354346715,0.07020290348007004,0.0
zz,29,24,57,0.05624077748043532,0.02812038874021766,0.01282028465913125,1.8825974569924853e-05
zz,30,24,57,0.2444627567306794,0.1222313783653397,0.05914142307799653,0.0
zz,31,24,57,0.2202067734659956,0.1101033867329978,0.053484750444399994,0.0
zz,32,8,57,0.09704793406941215,0.04852396703470607,0.024604639124624836,0.0
zz,33,16,57,0.3613924518978144,0.1806962259489072,0.09012558937240403,0.0
zz,34,8,57,0.08309748083994928,0.04154874041997464,0.021046573775847618,0.0
zz,35,8,57,0.09520021897661246,0.04760010948830623,0.024132278239166156,0.0
zz,36,24,57,0.3264431840342678,0.1632215920171339,0.08022501912789645,0.0
zz,37,16,57,0.30688857825549265,0.15344428912774633,0.07668102611950751,0.0
zz,38,24,57,0.262298722645501,0.1311493613227505,0.06423898348810778,0.0
zz,39,8,57,0.09748204269322047,0.048741021346610236,0.0247190440768215,0.0
zz,40,24,57,0.361015539181477,0.1805077695907385,0.0882585366828638,0.0
zz,41,8,57,0.06822666854923032,0.03411333427461516,0.017295665862756777,0.0
zz,42,24,57,0.30230027089117506,0.15115013544558753,0.07428091043642444,0.0
zz,43,24,57,0.1352690777814769,0.06763453889073845,0.032498970711692325,0.0
zz,44,16,57,0.36393474003516113,0.18196737001758057,0.0907048213951622,0.0
zz,45,16,57,0.3444738047474192,0.1722369023737096,0.0860683277889316,0.0
zz,46,16,57,0.3644054561883364,0.1822027280941682,0.09081011728246868,0.0
zz,47,24,57,0.3605934270069091,0.18029671350345455,0.08806734500857226,0.0
zz,48,16,57,0.35598209987159657,0.17799104993579828,0.08886039598948786,0.0
zz,49,24,57,0.06786031319466812,0.03393015659733406,0.016736581269121798,0.0
zz,50,8,57,0.11301270154074305,0.05650635077037153,0.028608728419454676,0.0
zz,51,8,57,0.09003805589662828,0.04501902794831414,0.022795249883625423,0.0
zz,52,24,57,0.2447890180310539,0.12239450901552695,0.06007756289054947,0.0
zz,53,24,57,0.34042067179790886,0.17021033589895443,0.08331480402351528,0.0
zz,54,8,57,0.10781859760613666,0.05390929880306833,0.02734267570990404,0.0
zz,55,24,57,0.059368164969178294,0.029684082484589147,0.01163650485446175,0.0
zz,56,24,57,0.08360149784230808,0.04180074892115404,0.020255210496633383,0.0
zz,57,16,57,0.3721520564684839,0.18607602823424196,0.0924198435106694,0.0
zz,58,8,57,0.09316792242169913,0.04658396121084957,0.02363220875008966,0.0
zz,59,8,57,0.051694929023293756,0.025847464511646878,0.013080797385619191,0.0
zz,60,24,57,0.2722017329920001,0.13610086649600006,0.06696516934785628,0.0
zz,61,16,57,0.32291378112204727,0.16145689056102364,0.08089643472046724,0.0
zz,62,24,57,0.20437257662964964,0.10218628831482482,0.05013630962960908,0.0
zz,63,24,57,0.36645503488183073,0.18322751744091537,0.08946157778306003,0.0
zz,64,8,57,0.08204133188998919,0.041020665944994594,0.020799485319110154,0.0
zz,65,24,57,0.3396239065793352,0.1698119532896676,0.0824859484093197,0.0
zz,66,16,57,0.3465688473775955,0.17328442368879776,0.0866881703077023,0.0
zz,67,24,57,0.2239059477861458,0.1119529738930729,0.054603506274214474,0.0
zz,68,16,57,0.37503929306916467,0.18751964653458233,0.09321978554910572,0.0
zz,69,8,57,0.11788780671332122,0.05894390335666061,0.029854422152633377,0.0
zz,70,16,57,0.3557842658783823,0.17789213293919115,0.08856725211812004,0.0
zz,71,16,57,0.3273873203860148,0.1636936601930074,0.08211679970219783,0.0
zz,72,8,57,0.052270879000684944,0.026135439500342472,0.013260296046374898,0.0
zz,73,16,57,0.33873773365686144,0.16936886682843072,0.08439889850631739,0.0
zz,74,16,57,0.35292118066613704,0.17646059033306852,0.08827546588610032,0.0
zz,75,8,57,0.10030436710100754,0.05015218355050377,0.02541198603092181,0.0
zz,76,24,57,0.289997062067456,0.144998531033728,0.07066213404634442,0.0
zz,77,8,57,0.1466136332063822,0.0733068166031911,0.03711758257301646,0.0
zz,78,8,57,0.09636415940011012,0.04818207970005506,0.024446131609803037,0.0
zz,79,8,57,0.10009403649787296,0.05004701824893648,0.02536756546451014,0.0
zz,80,24,57,0.08737769177334676,0.04368884588667338,0.02008744739405251,0.0
zz,81,8,57,0.13786653286333184,0.06893326643166592,0.034928760570429596,0.0
zz,82,16,57,0.3647188805250948,0.1823594402625474,0.09089903146647585,0.0
zz,83,24,57,0.244623707184595,0.1223118535922975,0.0593813007926728,0.0
zz,84,24,57,0.08234798211863831,0.041173991059319154,0.020568672584556823,0.0
zz,85,16,57,0.3559090560945902,0.1779545280472951,0.08875709409399928,0.0
zz,86,24,57,0.28390288444445083,0.14195144222222542,0.0705195533144063,0.0
zz,87,24,57,0.2526219365038975,0.12631096825194876,0.06243686855204452,0.0
zz,88,16,57,0.35874453217684,0.17937226608842,0.0894903572603829,0.0
zz,89,16,57,0.33957527251666497,0.16978763625833249,0.08502339499893784,0.0
zz,90,24,57,0.13122118411917272,0.06561059205958636,0.032643095956853455,0.0
zz,91,8,57,0.08608906771507807,0.043044533857539036,0.021824476746324574,0.0
zz,92,8,57,0.06643274162144419,0.033216370810722096,0.01683494357342382,0.0
zz,93,8,57,0.09590899114484919,0.047954495572424594,0.024335056796752838,0.0
zz,94,8,57,0.09702764733181535,0.048513823665907674,0.024583190072564272,0.0
zz,95,8,57,0.09033961358915144,0.04516980679457572,0.022900528210111813,0.0
zz,96,8,57,0.08950294861749086,0.04475147430874543,0.022687307539021356,0.0
zz,97,16,57,0.36086674633494975,0.18043337316747488,0.09003379516843264,0.0
zz,98,16,57,0.35948297549868313,0.17974148774934157,0.08941273201780171,0.0
zz,99,16,57,0.3489389649827955,0.17446948249139774,0.08703829357368624,0.0
zz,100,16,57,0.35243855472255553,0.17621927736127777,0.08812053930832449,0.0
zz,101,16,57,0.370210329462797,0.1851051647313985,0.09220571236607561,0.0
zz,102,16,57,0.3466284274496194,0.1733142137248097,0.08677325468285964,0.0
zz,103,24,57,0.39454640326150703,0.19727320163075351,0.09617625249020013,0.0
zz,104,24,57,0.07868263094323419,0.039341315471617094,0.019605053667759484,0.0
zz,105,24,57,0.27415214165259816,0.13707607082629908,0.06644514314788989,0.0
zz,106,8,57,0.1023415506985712,0.0511707753492856,0.025938682861009275,0.0
zz,107,16,57,0.35241770039194764,0.17620885019597382,0.08790415734950263,0.0
zz,108,8,57,0.1313959187440622,0.0656979593720311,0.033299544872907136,0.0
zz,109,24,57,0.4298388040158221,0.21491940200791104,0.10474742250015785,0.0
zz,110,8,57,0.08197914578530718,0.04098957289265359,0.020772040128549798,0.0
zz,111,16,57,0.3675399835786013,0.18376999178930065,0.09160684710298955,0.0
zz,112,8,57,0.13744034588374854,0.06872017294187427,0.03479921143405858,0.0
zz,113,24,57,0.2389796091558142,0.1194898045779071,0.05657615467176066,0.0
zz,114,24,57,0.39747333090736886,0.19873666545368443,0.09700232477703703,0.0
zz,115,16,57,0.3615798189085132,0.1807899094542566,0.08991306337996324,0.0
zz,116,24,57,0.35187245471913103,0.17593622735956552,0.08594842791980467,0.0
zz,117,8,57,0.14333417273146148,0.07166708636573074,0.036332011320769166,0.0
zz,118,24,57,0.27896442439521163,0.13948221219760581,0.06853131220241153,0.0
zz,119,8,57,0.10919624023823626,0.05459812011911813,0.027654875900376134,0.0
zz,120,16,57,0.2902483111383233,0.14512415556916164,0.07267818276674434,0.0
zz,121,24,57,0.42212514785269983,0.21106257392634992,0.1036753858951545,0.0
zz,122,16,57,0.28803683425558363,0.14401841712779181,0.07223715045488226,0.0
zz,123,8,57,0.10579409160802411,0.052897045804012055,0.02680296072396542,0.0
zz,124,8,57,0.16278913465594802,0.08139456732797401,0.04129470948098443,0.0
zz,125,24,57,0.3739201730639786,0.1869600865319893,0.09119430625692213,0.0
zz,126,16,57,0.34737591129072876,0.17368795564536438,0.08671615834274195,0.0
zz,127,24,57,0.14062679565489017,0.07031339782744508,0.03531287170400348,0.0
zz,128,24,57,0.2354450811339403,0.11772254056697015,0.05713521119978384,0.0
zz,129,24,57,0.40849494421448895,0.20424747210724448,0.09869207804767802,0.0
zz,130,8,57,0.1443102981603953,0.07215514908019766,0.03653862690866711,0.0
zz,131,24,57,0.1494102938826603,0.07470514694133015,0.0373823147025172,0.0
zz,132,24,57,0.3427677632985413,0.17138388164927065,0.08420427046353159,0.0
zz,133,16,57,0.3390632032489642,0.1695316016244821,0.08499601731531548,0.0
zz,134,8,57,0.09321002002885048,0.04660501001442524,0.023618550822747525,0.0
zz,135,16,57,0.3558636872184142,0.1779318436092071,0.08887440524925029,0.0
zz,136,16,57,0.36227564907008364,0.18113782453504182,0.09042548287897184,0.0
zz,137,8,57,0.06249242052212001,0.031246210261060003,0.01583656988439243,0.0
zz,138,8,57,0.09856551689875692,0.04928275844937846,0.025005333722224198,0.0
zz,139,16,57,0.33020341201706327,0.16510170600853163,0.08255765215508135,0.0
zz,140,8,57,0.08827604681881884,0.04413802340940942,0.022385689251368846,0.0
zz,141,24,57,0.3283410787573178,0.1641705393786589,0.08012438762481465,0.0
zz,142,24,57,0.09142113301203797,0.045710566506018985,0.02280240749775246,0.0
zz,143,24,57,0.2219631289931122,0.1109815644965561,0.05533549538403755,0.0
zz,144,16,57,0.3630382383885309,0.18151911919426544,0.09055290320194202,0.0
zz,145,24,57,0.0995955687372172,0.0497977843686086,0.023817337932572475,0.0
zz,146,8,57,0.10567821957812717,0.05283910978906359,0.026811508279057598,0.0
zz,147,16,57,0.3573809252905652,0.1786904626452826,0.08921046810993744,0.0
zz,148,24,57,0.3285583767770347,0.16427918838851735,0.08138141024180873,0.0
zz,149,24,57,0.2529804850858558,0.1264902425429279,0.06202165580349337,0.0
zz,150,24,57,0.03576438250606778,0.01788219125303389,0.007273326612337264,0.0
zz,151,24,57,0.07761990625232718,0.03880995312616359,0.02042482523348504,0.0
zz,152,8,57,0.10930250100645722,0.05465125050322861,0.02772042734500956,0.0
zz,153,16,57,0.34083858996413796,0.17041929498206898,0.08524790564439029,0.0
zz,154,16,57,0.36977440977047205,0.18488720488523602,0.0919260185822913,0.0
zz,155,24,57,0.23701558406253342,0.11850779203126671,0.05752334113968571,0.0
zz,156,24,57,0.029528996508739414,0.014764498254369707,0.0058817581256122905,0.0
zz,157,8,57,0.04748569006500525,0.023742845032502624,0.012054941633321966,0.0
zz,158,8,57,0.0863690615171051,0.04318453075855255,0.02186995233701737,0.0
zz,159,8,57,0.10085446482865412,0.05042723241432706,0.025555220964840895,0.0
zz,160,16,57,0.37513185068715194,0.18756592534357597,0.09339450396937657,0.0
zz,161,16,57,0.34215477729933114,0.17107738864966557,0.08520298784657446,0.0
zz,162,8,57,0.07166548290893415,0.035832741454467076,0.018164282454614853,0.0
zz,163,8,57,0.09654511957447376,0.04827255978723688,0.02446374257159888,0.0
zz,164,16,57,0.362590902201852,0.181295451100926,0.09040740731889044,0.0
zz,165,8,57,0.08281747377276849,0.041408736886384245,0.020992666897764425,0.0
zz,166,8,57,0.07902523333489475,0.039512616667447376,0.020030775869212553,0.0
zz,167,16,57,0.35322437522809236,0.17661218761404618,0.08828407887324731,0.0
zz,168,16,57,0.3125295264586234,0.1562647632293117,0.07791262308728253,0.0
zz,169,16,57,0.3695514553849656,0.1847757276924828,0.09205891392634288,0.0
zz,170,24,57,0.3384693632838939,0.16923468164194694,0.0830950588981006,0.0
zz,171,16,57,0.34267353402180856,0.17133676701090428,0.08576029401701564,0.0
zz,172,16,57,0.34431584277369987,0.17215792138684993,0.08604205672443066,0.0
zz,173,8,57,0.10141223294038448,0.05070611647019224,0.02570595728867357,0.0
zz,174,24,57,0.13768126258537772,0.06884063129268886,0.03426481955702069,0.0
zz,175,8,57,0.12851850458738967,0.06425925229369484,0.032591753918767834,0.0
zz,176,24,57,0.22191506484883472,0.11095753242441736,0.054509718221773334,0.0
zz,177,8,57,0.13111217078316983,0.06555608539158492,0.03321512680521037,0.0
zz,178,8,57,0.08917932107962412,0.04458966053981206,0.022612651200851527,0.0
zz,179,24,57,0.29961167296183094,0.14980583648091547,0.07281942731647384,0.0
zz,180,16,57,0.3524255370254724,0.1762127685127362,0.08773691373192694,0.0
zz,181,8,57,0.1194510639386861,0.05972553196934305,0.030287091395647753,0.0
zz,182,16,57,0.3548023624759268,0.1774011812379634,0.0885840704361876,0.0
zz,183,24,57,0.4021544073198201,0.20107720365991005,0.09922279589195575,0.0
zz,184,16,57,0.29574291665728253,0.14787145832864126,0.07369743834476532,0.0
zz,185,24,57,0.026146612130284907,0.013073306065142454,0.005850600259295817,0.0
zz,186,16,57,0.33581648709219036,0.16790824354609518,0.0839960470565647,0.0
zz,187,16,57,0.3442293644968275,0.17211468224841375,0.0862200886758354,0.0
zz,188,8,57,0.12989652832013654,0.06494826416006827,0.032953366946796424,0.0
zz,189,24,57,0.2586665407418516,0.1293332703709258,0.06383394828222624,0.0
zz,190,8,57,0.13149165569598886,0.06574582784799443,0.033299709316942046,0.0
zz,191,8,57,0.13325855385810936,0.06662927692905468,0.03376291360260394,0.0
zz,192,8,57,0.09771830363236933,0.048859151816184665,0.024764831221137703,0.0
zz,193,8,57,0.07516754213201415,0.03758377106600708,0.01904393610503012,0.0
zz,194,24,57,0.4150759851350883,0.20753799256754416,0.09986880779385525,0.0
zz,195,24,57,0.12266303725414918,0.06133151862707459,0.0306756659700973,0.0
zz,196,24,57,0.2394668140335537,0.11973340701677684,0.05978134689815327,0.0
zz,197,24,57,0.3630462752144594,0.1815231376072297,0.08923632880413858,0.0
zz,198,16,57,0.31759201149582206,0.15879600574791103,0.07919375782819438,0.0
zz,199,8,57,0.07726708173771046,0.03863354086885523,0.019569072651194667,0.0
zz,200,8,57,0.0443260640484634,0.0221630320242317,0.011244859190563733,0.0
zz,201,24,57,0.20074742752679892,0.10037371376339946,0.04897755588176962,0.0
zz,202,24,57,0.1954296511268571,0.09771482556342855,0.047490677622532694,0.0
zz,203,8,57,0.10976433044795342,0.05488216522397671,0.027838556001913484,0.0
zz,204,16,57,0.3310076702153908,0.1655038351076954,0.08262584413261448,0.0
zz,205,8,57,0.07669342157113745,0.03834671078556873,0.01946848804327938,0.0
zz,206,8,57,0.05802577786766405,0.029012888933832026,0.014714750272497142,0.0
zz,207,24,57,0.050840563430325725,0.025420281715162862,0.013184708694117666,0.0
zz,208,16,57,0.35343145830134304,0.17671572915067152,0.08828983977590617,0.0
zz,209,8,57,0.06131576240128045,0.030657881200640225,0.015545424660865859,0.0
zz,210,8,57,0.11167519120832747,0.05583759560416374,0.02832449139991255,0.0
zz,211,8,57,0.08279296938795355,0.041396484693976776,0.02096491110760356,0.0
zz,212,16,57,0.3337346321534447,0.16686731607672234,0.08313869094591297,0.0
zz,213,16,57,0.3364836669313202,0.1682418334656601,0.08411365743424107,0.0
zz,214,16,57,0.3637147038473453,0.18185735192367264,0.09052164018418488,0.0
zz,215,16,57,0.3206523757248795,0.16032618786243974,0.08039419203635162,0.0
zz,216,24,57,0.31598369174134944,0.15799184587067472,0.07755184433077529,0.0
zz,217,16,57,0.320864939557836,0.160432469778918,0.08023822332047874,0.0
zz,218,24,57,0.42374836658026066,0.21187418329013033,0.10396442983155278,0.0
zz,219,8,57,0.10002213574235952,0.05001106787117976,0.025380987059817593,0.0
zz,220,8,57,0.08225439562382242,0.04112719781191121,0.02085658238071538,0.0
zz,221,8,57,0.1415535153481624,0.0707767576740812,0.035857066084973147,0.0
zz,222,16,57,0.35069908574047903,0.17534954287023952,0.08751692328634059,0.0
zz,223,24,57,0.11786456518622113,0.05893228259311056,0.029317728739197274,0.0
zz,224,24,57,0.25698169254747705,0.12849084627373852,0.06368469770935156,0.0
zz,225,24,57,0.2590732499710904,0.1295366249855452,0.06321038678833965,0.0
zz,226,24,57,0.3694752507243402,0.1847376253621701,0.09045115688962319,0.0
zz,227,16,57,0.34732162626922425,0.17366081313461212,0.08673825147873063,0.0
zz,228,8,57,0.1304836183572473,0.06524180917862366,0.033043223976850465,0.0
zz,229,16,57,0.36193247402750117,0.18096623701375059,0.09024845636276295,0.0
zz,230,16,57,0.3197268485522446,0.1598634242761223,0.08016960847601873,0.0
zz,231,16,57,0.34410154736257514,0.17205077368128757,0.08608087561578379,0.0
zz,232,24,57,0.31961577267286656,0.15980788633643328,0.07817946956611876,0.0
zz,233,24,57,0.29233849582678906,0.14616924791339453,0.07145218944443445,0.0
zz,234,24,57,0.3515311310909221,0.17576556554546105,0.08603797118463055,0.0
zz,235,24,57,0.3434238964041454,0.1717119482020727,0.08437722761932126,0.0
zz,236,16,57,0.3458259284945314,0.1729129642472657,0.08659774237345833,0.0
zz,237,16,57,0.34420184725201486,0.17210092362600743,0.08578424943750682,0.0
zz,238,16,57,0.35640840344809266,0.17820420172404633,0.08889354413646597,0.0
zz,239,24,57,0.0668616260064358,0.0334308130032179,0.01689628779821896,0.0
zz,240,8,57,0.10113648048756818,0.05056824024378409,0.02561619625104482,0.0
zz,241,24,57,0.11755651319729038,0.05877825659864519,0.027875717735462296,0.0
zz,242,24,57,0.02376450637427724,0.01188225318713862,0.004671936471816007,0.0
zz,243,24,57,0.053909147085150655,0.026954573542575327,0.013892687145364192,0.0
zz,244,16,57,0.35193764868091204,0.17596882434045602,0.08791350249813376,0.0
zz,245,16,57,0.3313594833905817,0.16567974169529084,0.08314294812498223,0.0
zz,246,16,57,0.3450501652050463,0.17252508260252314,0.08641880877203917,0.0
zz,247,16,57,0.3004704444134956,0.1502352222067478,0.07527529812759494,0.0
zz,248,24,57,0.276096123282575,0.1380480616412875,0.06771189959434105,0.0
zz,249,16,57,0.2990869355824435,0.14954346779122174,0.07443163052128164,0.0
zz,250,16,57,0.32272295061512474,0.16136147530756237,0.0808900701185307,0.0
zz,251,16,57,0.31820226080731007,0.15910113040365503,0.07967785092796566,0.0
zz,252,8,57,0.14103774847897788,0.07051887423948894,0.03575992195119359,0.0
zz,253,16,57,0.3530249052857357,0.17651245264286786,0.08821520682265752,0.0
zz,254,8,57,0.021032061987029005,0.010516030993514502,0.005333446913173812,0.0
zz,255,8,57,0.11155843783322628,0.05577921891661314,0.028278790642695992,0.0
zz,256,8,57,0.1292915567148013,0.06464577835740065,0.03270192103496721,0.0
zz,257,24,57,0.2883771755851236,0.1441885877925618,0.07114016505883464,0.0
zz,258,8,57,0.06174729441214122,0.03087364720607061,0.015658541001752582,0.0
zz,259,24,57,0.3384633423335345,0.16923167116676724,0.08349097457022393,0.0
zz,260,8,57,0.10478570477300142,0.05239285238650071,0.026531827941860542,0.0
zz,261,24,57,0.3457364193172848,0.1728682096586424,0.0837276846829425,0.0
zz,262,8,57,0.1419333019851256,0.0709666509925628,0.035979776049169424,0.0
zz,263,8,57,0.07535819571184188,0.03767909785592094,0.019061861359947647,0.0
zz,264,16,57,0.3510387433493654,0.1755193716746827,0.0874844219385696,0.0
zz,265,24,57,0.344587266034746,0.172293633017373,0.08375687709001847,0.0
zz,266,16,57,0.35349486525832197,0.17674743262916098,0.08828263721775646,0.0
zz,267,8,57,0.06711678480969208,0.03355839240484604,0.01702816373451593,0.0
zz,268,24,57,0.28703296535780365,0.14351648267890182,0.07062144440660405,0.0
zz,269,8,57,0.08882454222860836,0.04441227111430418,0.022537614174198264,0.0
zz,270,8,57,0.08152942258352813,0.040764711291764066,0.02067206181374722,0.0
zz,271,8,57,0.08497803426128114,0.04248901713064057,0.02152552728702467,0.0
zz,272,24,57,0.3092806846742512,0.1546403423371256,0.0758293943129077,0.0
zz,273,16,57,0.3672578437228221,0.18362892186141105,0.0915745965826598,0.0
zz,274,16,57,0.34336933908941064,0.17168466954470532,0.08599567272963558,0.0
zz,275,8,57,0.11794704859369542,0.05897352429684771,0.02988785241221544,0.0
zz,276,16,57,0.3555984252745342,0.1777992126372671,0.08885230679761734,0.0
zz,277,8,57,0.09990235861925889,0.049951179309629445,0.02529746334783871,0.0
zz,278,16,57,0.35814592523681366,0.17907296261840683,0.08889626716238941,0.0
zz,279,24,57,0.2446509826116134,0.1223254913058067,0.05996452454204051,0.0
zz,280,16,57,0.3180001419143478,0.1590000709571739,0.07947769369268916,0.0
zz,281,8,57,0.1032889570068598,0.0516444785034299,0.026175660876084462,0.0
zz,282,16,57,0.2663242164318822,0.1331621082159411,0.06676845693142566,0.0
zz,283,24,57,0.19968505388154725,0.09984252694077363,0.05018152086999585,0.0
zz,284,24,57,0.28173879896603526,0.14086939948301763,0.0686697862743926,0.0
zz,285,24,57,0.04627809956428708,0.02313904978214354,0.010012925834564382,0.0
zz,286,8,57,0.07660868933262321,0.03830434466631161,0.01944565350501661,0.0
zz,287,8,57,0.14205299046611275,0.07102649523305637,0.03601912304312938,0.0
zz,288,16,57,0.3500830654357828,0.1750415327178914,0.08746155978735622,0.0
zz,289,16,57,0.3657282299905705,0.18286411499528524,0.09119798631390254,0.0
zz,290,16,57,0.36211740369497586,0.18105870184748793,0.09001334798136146,0.0
zz,291,16,57,0.3360522766280876,0.1680261383140438,0.08413695688017907,0.0
zz,292,24,57,0.020956549473770014,0.010478274736885007,0.004743154910445463,5.686712076735656e-06
zz,293,24,57,0.29639667723470475,0.14819833861735238,0.0720603977510454,0.0
zz,294,24,57,0.1037866987634461,0.05189334938172305,0.026370951185845603,0.0
zz,295,24,57,0.31212719597691885,0.15606359798845942,0.07649890383082567,0.0
zz,296,16,57,0.3634035057990836,0.1817017528995418,0.09061682508996832,0.0
zz,297,8,57,0.0800173814464582,0.0400086907232291,0.0203069511136999,0.0
zz,298,16,57,0.3398119397138061,0.16990596985690304,0.08486959894235292,0.0
zz,299,24,57,0.3558824365394302,0.1779412182697151,0.0873068782531708,0.0
zz,300,8,57,0.10909952182321336,0.05454976091160668,0.027648920806120646,0.0
zz,301,24,57,0.028720430696080657,0.014360215348040328,0.005628192799768053,0.0
zz,302,16,57,0.36470270864987864,0.18235135432493932,0.09058951608370441,0.0
zz,303,24,57,0.2861744010897538,0.1430872005448769,0.06898013653364891,0.0
zz,304,8,57,0.08172433530576584,0.04086216765288292,0.020734472691498803,0.0
zz,305,8,57,0.11184905206716445,0.05592452603358222,0.02831484962118947,0.0
zz,306,16,57,0.3466675029026095,0.17333375145130475,0.08651913871623458,0.0
zz,307,8,57,0.07549162484544458,0.03774581242272229,0.01913306127546296,0.0
zz,308,16,57,0.36267358983678005,0.18133679491839003,0.09048664301983654,0.0
zz,309,16,57,0.3409035098934429,0.17045175494672146,0.08510640532688706,0.0
zz,310,24,57,0.0645961480024036,0.0322980740012018,0.016181708180167276,0.0
zz,311,24,57,0.2809045391025423,0.14045226955127116,0.06990105981820033,0.0
zz,312,24,57,0.225583341404858,0.112791670702429,0.05480443071526328,0.0
zz,313,16,57,0.33566271203343934,0.16783135601671967,0.08419397111487952,0.0
zz,314,24,57,0.30717921317175967,0.15358960658587983,0.07531540721391213,0.0
zz,315,16,57,0.34967635153380894,0.17483817576690447,0.08745523816387825,0.0
zz,316,16,57,0.35037145303604567,0.17518572651802283,0.08737769916150769,0.0
zz,317,16,57,0.35832914803791316,0.17916457401895658,0.08944242246797922,0.0
zz,318,24,57,0.2351240182703377,0.11756200913516884,0.05779530934503213,0.0
zz,319,24,57,0.15201752913399103,0.07600876456699551,0.037518657046579536,0.0
zz,320,24,57,0.2949218036730732,0.1474609018365366,0.07287552370882137,0.0
zz,321,24,57,0.408967455257205,0.2044837276286025,0.10023076988063592,0.0
zz,322,24,57,0.046672687856450346,0.023336343928225173,0.009504987605974785,2.2613419795480816e-05
zz,323,8,57,0.0791656942461263,0.03958284712306315,0.020046592237474747,0.0
zz,324,24,57,0.02388564218930167,0.011942821094650835,0.004785044223582548,0.0
zz,325,8,57,0.08140551649821082,0.04070275824910541,0.020649762666616372,0.0
zz,326,16,57,0.3524225904550913,0.17621129522754564,0.087650586659475,0.0
zz,327,24,57,0.1107206877104493,0.05536034385522465,0.02738933363193202,0.0
zz,328,24,57,0.1319884362395325,0.06599421811976625,0.03337147375052938,0.0
zz,329,24,57,0.433967314473902,0.216983657236951,0.10599223019776934,0.0
zz,330,16,57,0.33943400350034447,0.16971700175017224,0.08490163538700275,0.0
zz,331,16,57,0.3422280555172813,0.17111402775864065,0.08555629227804952,0.0
zz,332,8,57,0.07792001003077365,0.03896000501538682,0.019753629653641663,0.0
zz,333,8,57,0.07758476554477667,0.038792382772388334,0.01967670835602863,0.0
zz,334,8,57,0.13297438282097285,0.06648719141048642,0.03369820661671813,0.0
zz,335,16,57,0.311688668062889,0.1558443340314445,0.07726998125127925,0.0
zz,336,8,57,0.13677405018259048,0.06838702509129524,0.03469189542072605,0.0
zz,337,16,57,0.3621818978311998,0.1810909489155999,0.09028229855723613,0.0
zz,338,24,57,0.25943710011075094,0.12971855005537547,0.06347206002477025,0.0
zz,339,16,57,0.3430643362779274,0.1715321681389637,0.08585093461790598,0.0
zz,340,16,57,0.35146958172732257,0.17573479086366128,0.08763197762563038,0.0
zz,341,8,57,0.1230578748441552,0.0615289374220776,0.031179936988969807,0.0
zz,342,8,57,0.12344414820678318,0.06172207410339159,0.03126239958107243,0.0
zz,343,24,57,0.3835082976231302,0.1917541488115651,0.09348838608383378,0.0
zz,344,16,57,0.3608449794307802,0.1804224897153901,0.08963472633626358,0.0
zz,345,16,57,0.3425219425729863,0.17126097128649315,0.08564683415459842,0.0
zz,346,16,57,0.3683621563534858,0.1841810781767429,0.09173279228163009,0.0
zz,347,8,57,0.06492109138158308,0.03246054569079154,0.016462344552305497,0.0
zz,348,24,57,0.26354283724340033,0.13177141862170016,0.06514628117485537,0.0
zz,349,16,57,0.35392717074026325,0.17696358537013163,0.0884169091138868,0.0
zz,350,8,57,0.10694933845187415,0.05347466922593708,0.027107019301958954,0.0
zz,351,8,57,0.08467809358638145,0.04233904679319073,0.02144578053303669,0.0
zz,352,16,57,0.3364782586532661,0.16823912932663304,0.08438712437787069,0.0
zz,353,24,57,0.1456756865194413,0.07283784325972065,0.03397139127982762,0.0
zz,354,16,57,0.331941897175449,0.1659709485877245,0.08282240214168746,0.0
zz,355,8,57,0.12172039586371697,0.060860197931858484,0.03085781783990951,0.0
zz,356,24,57,0.3352302325608456,0.1676151162804228,0.08256580828224265,0.0
zz,357,16,57,0.3563964364598733,0.17819821822993664,0.0889515697482171,0.0
zz,358,24,57,0.23375765502994145,0.11687882751497072,0.057045398189193956,0.0
zz,359,8,57,0.12359152942739382,0.06179576471369691,0.0313155086795638,0.0
zz,360,16,57,0.3068385108775423,0.15341925543877116,0.07688454634574976,0.0
zz,361,8,57,0.06886706268990617,0.03443353134495308,0.017474812346259767,0.0
zz,362,8,57,0.151880046665975,0.0759400233329875,0.038497653724886255,0.0
zz,363,24,57,0.018161893525748707,0.009080946762874353,0.004578502280494934,9.810165033763418e-06
zz,364,16,57,0.35339110521960915,0.17669555260980457,0.08833746097312839,0.0
zz,365,24,57,0.27339320035877923,0.13669660017938962,0.06767077658550623,0.0
zz,366,24,57,0.06814975159103787,0.03407487579551893,0.015521790422117975,0.0
zz,367,16,57,0.3381285690107217,0.16906428450536085,0.08467773832429575,0.0
zz,368,24,57,0.35283865435768325,0.17641932717884162,0.08683833064755225,0.0
zz,369,8,57,0.06805546752618252,0.03402773376309126,0.017248641993306772,0.0
zz,370,16,57,0.31394145270407814,0.15697072635203907,0.07893150664627564,0.0
zz,371,8,57,0.07447513965744879,0.03723756982872439,0.018867193626714122,0.0
zz,372,8,57,0.13258723461795796,0.06629361730897898,0.033582477794017046,0.0
zz,373,16,57,0.35502673596899337,0.17751336798449668,0.08874144101735926,0.0
zz,374,16,57,0.33239176239911117,0.16619588119955558,0.08331030291765018,0.0
zz,375,8,57,0.13250167096677656,0.06625083548338828,0.0335729688348265,0.0
zz,376,16,57,0.37264139396143414,0.18632069698071707,0.09248865035459114,0.0
zz,377,24,57,0.39031341948418485,0.19515670974209243,0.09578561982527993,0.0
zz,378,8,57,0.09710896508410283,0.048554482542051414,0.02461423169176251,0.0
zz,379,8,57,0.12978513881243336,0.06489256940621668,0.03287635188564601,0.0
zz,380,8,57,0.0794435822089633,0.03972179110448165,0.020156105922288406,0.0
zz,381,24,57,0.16571203225412878,0.08285601612706439,0.03957635103347515,0.0
zz,382,24,57,0.13333987929832375,0.06666993964916187,0.033174562256526756,0.0
zz,383,24,57,0.3407741464460119,0.17038707322300595,0.0826961511128782,0.0
zz,384,8,57,0.08021945298524902,0.04010972649262451,0.02031382969080013,0.0
zz,385,24,57,0.0956462871885696,0.0478231435942848,0.02407674141271333,0.0
zz,386,16,57,0.34966602091261345,0.17483301045630673,0.08745246924380791,0.0
zz,387,8,57,0.05231570892895432,0.02615785446447716,0.013257869250139376,0.0
zz,388,16,57,0.3388198479618158,0.1694099239809079,0.08481203133513313,0.0
zz,389,16,57,0.30988534802162315,0.15494267401081158,0.07728211944696393,0.0
zz,390,24,57,0.25643757633581077,0.12821878816790538,0.0635949219468854,0.0
zz,391,24,57,0.3775820325444922,0.1887910162722461,0.09260666316175209,0.0
zz,392,24,57,0.1165489463940712,0.0582744731970356,0.028405976629966568,0.0
zz,393,16,57,0.36645496986704273,0.18322748493352137,0.09131092257768864,0.0
zz,394,16,57,0.31704353961917536,0.15852176980958768,0.07929400207865701,0.0
zz,395,8,57,0.10154128455693068,0.05077064227846534,0.025767298861825823,0.0
zz,396,16,57,0.34275189158895514,0.17137594579447757,0.08543416873311893,0.0
zz,397,8,57,0.16792704195706326,0.08396352097853163,0.04258942854592471,0.0
zz,398,16,57,0.37317204337588505,0.18658602168794253,0.09256701901369765,0.0
zz,399,24,57,0.409984117196624,0.204992058598312,0.10033662799374791,0.0
zz,400,24,57,0.09670805619398981,0.048354028096994905,0.02264752512477597,2.2360013425481995e-05
zz,401,24,57,0.2061504683211851,0.10307523416059255,0.05148426486318438,0.0
zz,402,16,57,0.3581998891396647,0.17909994456983236,0.0892823260116761,0.0
zz,403,8,57,0.11589278013925375,0.057946390069626874,0.029383096104377383,0.0
zz,404,24,57,0.34101150762018295,0.17050575381009148,0.08374018506033386,0.0
zz,405,8,57,0.08173511709626391,0.040867558548131955,0.020738346486431667,0.0
zz,406,16,57,0.3679943982816283,0.18399719914081414,0.09163672624202551,0.0
zz,407,8,57,0.08724542275879499,0.043622711379397494,0.02213366490458783,0.0
zz,408,8,57,0.061997914955414846,0.030998957477707423,0.015716636375250816,0.0
zz,409,16,57,0.3488581922460874,0.1744290961230437,0.08689244503770673,0.0
zz,410,16,57,0.3401621959325286,0.1700810979662643,0.08506248498644363,0.0
zz,411,16,57,0.35612304736070644,0.17806152368035322,0.08882693317175964,0.0
zz,412,8,57,0.07696748187787561,0.038483740938937805,0.019506691234421072,0.0
zz,413,16,57,0.320433508712462,0.160216754356231,0.08031600799065779,0.0
zz,414,16,57,0.34061653246818674,0.17030826623409337,0.08479389395855975,0.0
zz,415,24,57,0.27967753806689555,0.13983876903344777,0.06860359160468925,0.0
zz,416,8,57,0.1142502294756298,0.0571251147378149,0.028978206171847765,0.0
zz,417,24,57,0.1939646652763282,0.0969823326381641,0.047654964531024,0.0
zz,418,24,57,0.20748979972496298,0.10374489986248149,0.05160194570037931,0.0
zz,419,16,57,0.32660242817354823,0.16330121408677412,0.08148063484589149,0.0
zz,420,8,57,0.08004797513816286,0.04002398756908143,0.020278684704572263,0.0
zz,421,16,57,0.34994409099586105,0.17497204549793052,0.08753782912003326,0.0
zz,422,16,57,0.3498582050754019,0.17492910253770094,0.08745771430492609,0.0
zz,423,8,57,0.08789178261109698,0.04394589130554849,0.022274343898906958,0.0
zz,424,24,57,0.4009470412905949,0.20047352064529744,0.09656424438056953,0.0
zz,425,24,57,0.3694276663430913,0.18471383317154566,0.09000626203680911,0.0
zz,426,8,57,0.11658026332431426,0.05829013166215713,0.029526042844563675,0.0
zz,427,16,57,0.3702790756080603,0.18513953780403014,0.09218286388940365,0.0
zz,428,16,57,0.35215529177164606,0.17607764588582303,0.08791953693698422,0.0
zz,429,24,57,0.1870327645585776,0.0935163822792888,0.04530975310280662,0.0
zz,430,24,57,0.24740511347598754,0.12370255673799377,0.0594533806455385,0.0
zz,431,24,57,0.4146562964271691,0.20732814821358456,0.10151497436890364,0.0
zz,432,8,57,0.13906507013840486,0.06953253506920243,0.03526574422812376,0.0
zz,433,16,57,0.34885043503181734,0.17442521751590867,0.08725359595899299,0.0
zz,434,16,57,0.3643529571431736,0.1821764785715868,0.09085309897597493,0.0
zz,435,8,57,0.16360175522878428,0.08180087761439214,0.04146443975055332,0.0
zz,436,16,57,0.36630033704985643,0.18315016852492821,0.09127235522554053,0.0
zz,437,16,57,0.3468545472799973,0.17342727363999866,0.08664349583893302,0.0
zz,438,8,57,0.10806569936645116,0.05403284968322558,0.027405607292951824,0.0
zz,439,16,57,0.349609684521463,0.1748048422607315,0.08741918377241881,0.0
zz,440,24,57,0.3176436180697968,0.1588218090348984,0.0778596519862117,0.0
zz,441,16,57,0.34729687681082805,0.17364843840541402,0.08675859013902933,0.0
zz,442,24,57,0.016436170442828968,0.008218085221414484,0.003605350235119769,1.4063062543923088e-05
zz,443,16,57,0.33384063900412914,0.16692031950206457,0.08319875796127256,0.0
zz,444,24,57,0.3038250154255514,0.1519125077127757,0.07420633482540849,0.0
zz,445,16,57,0.334487473397088,0.167243736698544,0.08374849649991657,0.0
zz,446,8,57,0.14528245334077505,0.07264122667038753,0.03683490907162535,0.0
zz,447,16,57,0.33508828495149023,0.16754414247574512,0.08352702580621532,0.0
zz,448,8,57,0.10192068521692799,0.05096034260846399,0.02586084417573788,0.0
zz,449,8,57,0.19732169613765493,0.09866084806882747,0.049971682232774595,0.0
zz,450,16,57,0.3713345364102053,0.18566726820510265,0.09242724668151485,0.0
zz,451,16,57,0.32465207847168265,0.16232603923584132,0.08109098465433517,0.0
zz,452,24,57,0.3967498198788263,0.19837490993941315,0.09671791413211887,0.0
zz,453,16,57,0.3569978214010925,0.17849891070054624,0.08921675167513245,0.0
zz,454,24,57,0.2721875390195727,0.13609376950978636,0.06702287678562402,0.0
zz,455,24,57,0.265173958352435,0.1325869791762175,0.06502734013003343,0.0
zz,456,24,57,0.23785209901169727,0.11892604950584863,0.0579972068850667,0.0
zz,457,16,57,0.32536908622499383,0.16268454311249692,0.0810826734668609,0.0
zz,458,8,57,0.08544930924465344,0.04272465462232672,0.02166028965565968,0.0
zz,459,8,57,0.12240845502956665,0.06120422751478333,0.031003208826823565,0.0
zz,460,24,57,0.30297234800937234,0.15148617400468617,0.07408886296845033,0.0
zz,461,8,57,0.08136951954178406,0.04068475977089203,0.02063900252663493,0.0
zz,462,16,57,0.35951153889816484,0.17975576944908242,0.08978233955165636,0.0
zz,463,8,57,0.0892033368417815,0.04460166842089075,0.02261666042655863,0.0
zz,464,24,57,0.4024722049478382,0.2012361024739191,0.09813657227640156,0.0
zz,465,16,57,0.354270534608764,0.177135267304382,0.08839523108147522,0.0
zz,466,8,57,0.061689626704106604,0.030844813352053302,0.015643410791849378,0.0
zz,467,8,57,0.09741415998944603,0.04870707999472301,0.02468809754171691,0.0
zz,468,16,57,0.3233977973981475,0.16169889869907375,0.08076049499063495,0.0
zz,469,24,57,0.30101754159465105,0.15050877079732553,0.07364361831924225,0.0
zz,470,24,57,0.31883767615536585,0.15941883807768292,0.07881182398944386,0.0
zz,471,8,57,0.09421022082550268,0.04710511041275134,0.023879388103345438,0.0
zz,472,8,57,0.14420343603565366,0.07210171801782683,0.03654696304740712,0.0
zz,473,16,57,0.37307296619511354,0.18653648309755677,0.09252579172007648,0.0
zz,474,8,57,0.09601558604394544,0.04800779302197272,0.024356647074236848,0.0
zz,475,24,57,0.270191257555054,0.135095628777527,0.06719641146095356,0.0
zz,476,16,57,0.3529718580984428,0.1764859290492214,0.08810587262800774,0.0
zz,477,24,57,0.24259796984067647,0.12129898492033823,0.05859080786253536,0.0
zz,478,8,57,0.16086960522020533,0.08043480261010266,0.04079696105556317,0.0
zz,479,8,57,0.05667268101743994,0.02833634050871997,0.014378852170063156,0.0
zz,480,24,57,0.30419334253845715,0.15209667126922857,0.07445125015422037,0.0
zz,481,16,57,0.3535936617597049,0.17679683087985246,0.08838253801183071,0.0
zz,482,16,57,0.37068996841638957,0.18534498420819479,0.0921949226721108,0.0
zz,483,16,57,0.33123312065418875,0.16561656032709438,0.08269426911932415,0.0
zz,484,16,57,0.31806677574295805,0.15903338787147903,0.0794612984263345,0.0
zz,485,8,57,0.0535892616530822,0.0267946308265411,0.013586490510182141,0.0
zz,486,16,57,0.36932588894278673,0.18466294447139336,0.09169333446512533,0.0
zz,487,16,57,0.3571942481829757,0.17859712409148784,0.08871578745147325,0.0
zz,488,16,57,0.3321103284985777,0.16605516424928884,0.0833143300243853,0.0
zz,489,24,57,0.19368996391847493,0.09684498195923746,0.04848970101715682,0.0
zz,490,24,57,0.2605539641375755,0.13027698206878774,0.06251304124042532,0.0
zz,491,8,57,0.11403175719271375,0.05701587859635687,0.028851235427926704,0.0
zz,492,8,57,0.15024507368315998,0.07512253684157999,0.038086808022629294,0.0
zz,493,16,57,0.3578648129665158,0.1789324064832579,0.08927551710791257,0.0
zz,494,24,57,0.13797137365125428,0.06898568682562714,0.03399594670785359,0.0
zz,495,24,57,0.0877900619596853,0.04389503097984265,0.02223871383917457,0.0
zz,496,24,57,0.18429492748807988,0.09214746374403994,0.044724020635506546,0.0
zz,497,8,57,0.09747289746560506,0.04873644873280253,0.02471779918024696,0.0
zz,498,24,57,0.2989040969470133,0.14945204847350665,0.07257830701698484,0.0
zz,499,24,57,0.22982510555986183,0.11491255277993091,0.0562329874093325,0.0
zz,500,16,57,0.3099267273438427,0.15496336367192134,0.07722367265639557,0.0
zz,501,24,57,0.11767982495815738,0.05883991247907869,0.028968745143716605,0.0
zz,502,16,57,0.28144872482566735,0.14072436241283368,0.07050667557344119,0.0
zz,503,8,57,0.13426051505254166,0.06713025752627083,0.034032178077936036,0.0
zz,504,16,57,0.34441564425014853,0.17220782212507427,0.0861610016746024,0.0
zz,505,8,57,0.0888541567215193,0.04442707836075965,0.022541018291907886,0.0
zz,506,8,57,0.15981155776749423,0.07990577888374711,0.04050029959337949,0.0
zz,507,24,57,0.3408732251081284,0.1704366125540642,0.08174857026446605,0.0
zz,508,16,57,0.3183000232971792,0.1591500116485896,0.07981736354271277,0.0
zz,509,16,57,0.30664056705120113,0.15332028352560056,0.0770098917894206,0.0
zz,510,8,57,0.0867849422461433,0.04339247112307165,0.022005442688286806,0.0
zz,511,8,57,0.12042559509614292,0.06021279754807146,0.0305056965115794,0.0
zz,512,24,57,0.17201802276381978,0.08600901138190989,0.0419123447555016,0.0
zz,513,8,57,0.08016307112319376,0.04008153556159688,0.02028105009071971,0.0
zz,514,24,57,0.1566432093343712,0.0783216046671856,0.03918253565737694,0.0
zz,515,16,57,0.33745718772542144,0.16872859386271072,0.08455727125121337,0.0
zz,516,16,57,0.3210290999944799,0.16051454999723996,0.08051716157942107,0.0
zz,517,24,57,0.0283899621793971,0.01419498108969855,0.006350320649444878,2.2600608558853708e-05
zz,518,24,57,0.24066056416664638,0.12033028208332319,0.05908873965880361,0.0
zz,519,16,57,0.3356868593151427,0.16784342965757135,0.08410539046651544,0.0
zz,520,8,57,0.11267012294313661,0.056335061471568304,0.028539057544279774,0.0
zz,521,8,57,0.09840128706999629,0.049200643534998145,0.024964455033365005,0.0
zz,522,24,57,0.10696723245669382,0.05348361622834691,0.02681666424081699,0.0
zz,523,24,57,0.24869861101774413,0.12434930550887206,0.06010023357843344,0.0
zz,524,24,57,0.02982879650105824,0.01491439825052912,0.005733462575156816,2.069245353530924e-05
zz,525,24,57,0.3771515855701472,0.1885757927850736,0.093033771737753,0.0
zz,526,24,57,0.22284909026802957,0.11142454513401479,0.05442024837582779,0.0
zz,527,24,57,0.17685476263587557,0.08842738131793779,0.04384985431379512,0.0
zz,528,24,57,0.06229124855469059,0.031145624277345296,0.015678552353049022,0.0
zz,529,24,57,0.38487757452563676,0.19243878726281838,0.09466492174419096,0.0
zz,530,24,57,0.18754607411532692,0.09377303705766346,0.04691274935580707,0.0
zz,531,24,57,0.30398252488116173,0.15199126244058087,0.07451115091412774,0.0
zz,532,16,57,0.3434438085682844,0.1717219042841422,0.08600568079695912,0.0
zz,533,16,57,0.32284236123292925,0.16142118061646463,0.08070609962571536,0.0
zz,534,8,57,0.12564205343493473,0.06282102671746737,0.031838976465419,0.0
zz,535,24,57,0.16680411442125156,0.08340205721062578,0.0415753295504145,0.0
zz,536,8,57,0.12080834077326275,0.06040417038663137,0.03062613198552616,0.0
zz,537,8,57,0.1296270884020264,0.0648135442010132,0.032849542926182286,0.0
zz,538,8,57,0.06489639168728933,0.03244819584364467,0.016417846980207065,0.0
zz,539,24,57,0.28464499592368164,0.14232249796184082,0.07020960853178267,0.0
zz,540,8,57,0.1303161277776882,0.0651580638888441,0.03296738348238146,0.0
zz,541,16,57,0.37346712157052764,0.18673356078526382,0.09290671054534134,0.0
zz,542,24,57,0.19554585870375527,0.09777292935187763,0.04756604188139005,0.0
zz,543,24,57,0.3193845805296473,0.15969229026482365,0.07798344492177328,0.0
zz,544,8,57,0.15199536324189883,0.07599768162094941,0.038528321430000435,0.0
zz,545,24,57,0.14238834050291987,0.07119417025145994,0.034825032108030875,0.0
zz,546,16,57,0.32482589041588533,0.16241294520794267,0.08113216010424494,0.0
zz,547,24,57,0.31514371076366066,0.15757185538183033,0.07693994314231402,0.0
zz,548,24,57,0.2996435656360483,0.14982178281802416,0.07446467319323206,0.0
zz,549,24,57,0.30612368028939047,0.15306184014469523,0.0750013266496966,0.0
zz,550,16,57,0.37375548778331613,0.18687774389165807,0.09295351009031479,0.0
zz,551,16,57,0.35649064296386346,0.17824532148193173,0.08908249612943894,0.0
zz,552,8,57,0.10353583796836774,0.05176791898418387,0.02626555236631198,0.0
zz,553,24,57,0.15775047365716038,0.07887523682858019,0.038837072124558156,0.0
zz,554,16,57,0.3483258078261804,0.1741629039130902,0.08703623517107659,0.0
zz,555,16,57,0.35325217550177745,0.17662608775088873,0.08823803909857603,0.0
zz,556,24,57,0.3169809448548776,0.1584904724274388,0.0776805435205697,0.0
zz,557,8,57,0.1567545146911392,0.0783772573455696,0.03973617819654828,0.0
zz,558,8,57,0.07882011942029521,0.039410059710147605,0.019979133980713645,0.0
zz,559,8,57,0.12642289158900466,0.06321144579450233,0.032078734846389574,0.0
zz,560,8,57,0.1032473327073602,0.0516236663536801,0.026179617505730862,0.0
zz,561,16,57,0.35265298793074357,0.17632649396537178,0.08781242372042147,0.0
zz,562,8,57,0.058114966262126644,0.029057483131063322,0.01474321437301982,0.0
zz,563,24,57,0.2233844923399302,0.1116922461699651,0.05514159034489131,0.0
zz,564,16,57,0.3776321479788346,0.1888160739894173,0.09386069017819751,0.0
zz,565,24,57,0.02054344366299865,0.010271721831499325,0.004894398468049953,0.0
zz,566,8,57,0.10856730679139137,0.054283653395695686,0.02752731457843393,0.0
zz,567,24,57,0.2903252305230546,0.1451626152615273,0.07062265237385777,0.0
zz,568,24,57,0.22494102872790994,0.11247051436395497,0.056101316517800454,0.0
zz,569,16,57,0.3292904925351421,0.16464524626757104,0.08264423855042616,0.0
zz,570,16,57,0.3702506068131006,0.1851253034065503,0.09200957837204152,0.0
zz,571,8,57,0.10094574203427764,0.05047287101713882,0.025623521235126387,0.0
zz,572,24,57,0.11918098387776571,0.059590491938882856,0.029572603256896375,0.0
zz,573,16,57,0.2601843187407855,0.13009215937039276,0.06508849034139368,0.0
zz,574,8,57,0.09893083996141783,0.04946541998070891,0.025088844383400498,0.0
zz,575,8,57,0.0974078905466873,0.04870394527334365,0.02469222608048401,0.0
zz,576,16,57,0.3711829332220879,0.18559146661104395,0.09229251587629422,0.0
zz,577,24,57,0.4055454426241131,0.20277272131205654,0.09976032870722752,0.0
zz,578,24,57,0.025704707266301863,0.012852353633150931,0.006476023634817761,0.0
zz,579,8,57,0.12842586050456561,0.06421293025228281,0.032546590794611335,0.0
zz,580,24,57,0.27251861371241176,0.13625930685620588,0.0665530503127966,0.0
zz,581,8,57,0.13511662484036557,0.06755831242018279,0.03424505564055455,0.0
zz,582,16,57,0.35107815453559044,0.17553907726779522,0.08780751889046226,0.0
zz,583,16,57,0.32642531425925325,0.16321265712962663,0.08092939514860044,0.0
zz,584,16,57,0.37495517324670025,0.18747758662335012,0.09317068395160277,0.0
zz,585,8,57,0.11296345001506125,0.056481725007530625,0.028630650748719948,0.0
zz,586,24,57,0.2806847570321944,0.1403423785160972,0.06881926657840091,0.0
zz,587,8,57,0.11845253463608763,0.05922626731804381,0.030054341121943197,0.0
zz,588,8,57,0.058179666445792866,0.029089833222896433,0.014748972239602552,0.0
zz,589,16,57,0.3203962894444629,0.16019814472223146,0.08037741385658684,0.0
zz,590,16,57,0.3330386813121543,0.16651934065607715,0.08303974163536806,0.0
zz,591,16,57,0.37772181445326325,0.18886090722663162,0.09381962745593404,0.0
zz,592,16,57,0.31474419942974924,0.15737209971487462,0.07890483748546148,0.0
zz,593,24,57,0.339000496819439,0.1695002484097195,0.08272617967693621,0.0
zz,594,16,57,0.31537676606853576,0.15768838303426788,0.07907415911746478,0.0
zz,595,24,57,0.2216314994913546,0.1108157497456773,0.05359873066977022,0.0
zz,596,8,57,0.05433827459386287,0.027169137296931434,0.01377458958207954,0.0
zz,597,24,57,0.29430398902758903,0.14715199451379452,0.07283888901200926,0.0
zz,598,24,57,0.4165647239336741,0.20828236196683705,0.10138719535610423,0.0
zz,599,16,57,0.2891272357073105,0.14456361785365526,0.07240541318667605,0.0
zz,600,16,57,0.3466009200085183,0.17330046000425914,0.08665410681955216,0.0
zz,601,16,57,0.3293625533837656,0.1646812766918828,0.08208012185280196,0.0
zz,602,8,57,0.13863399415725852,0.06931699707862926,0.03513118541736621,0.0
zz,603,8,57,0.08109796717376483,0.040548983586882414,0.020560500459542125,0.0
zz,604,16,57,0.3403948070456394,0.1701974035228197,0.08520727684181817,0.0
zz,605,16,57,0.3545489860061537,0.17727449300307685,0.0886210839645158,0.0
zz,606,24,57,0.33884170035204997,0.16942085017602498,0.08294722087089643,0.0
zz,607,8,57,0.12171835500546602,0.06085917750273301,0.03085684594899932,0.0
zz,608,24,57,0.2967587959399013,0.14837939796995064,0.0729514765082769,0.0
zz,609,8,57,0.12832384654608986,0.06416192327304493,0.03251300988963879,0.0
zz,610,16,57,0.35405549590429325,0.17702774795214662,0.08838982073616629,0.0
zz,611,24,57,0.17376504918276953,0.08688252459138476,0.04285659226612263,0.0
zz,612,24,57,0.2657575284751694,0.1328787642375847,0.06540705787827789,0.0
zz,613,24,57,0.19840973468060744,0.09920486734030372,0.04885426633273263,0.0
zz,614,16,57,0.34594536929453146,0.17297268464726573,0.08665322348230245,0.0
zz,615,8,57,0.13141335542841537,0.06570667771420768,0.033304072859745654,0.0
zz,616,16,57,0.3659729489831065,0.18298647449155325,0.09123200879527678,0.0
zz,617,16,57,0.36320518022211423,0.18160259011105712,0.09027948461592453,0.0
zz,618,16,57,0.3546261199480539,0.17731305997402694,0.08851451859854176,0.0
zz,619,24,57,0.3801429736813658,0.1900714868406829,0.09326560472715832,0.0
zz,620,24,57,0.37096366426629634,0.18548183213314817,0.08981906994979509,0.0
zz,621,24,57,0.19026701095583287,0.09513350547791644,0.046466844494683884,0.0
zz,622,16,57,0.3392571664915225,0.16962858324576124,0.08488147971898505,0.0
zz,623,24,57,0.22073913548137816,0.11036956774068908,0.055144554490836266,0.0
zz,624,8,57,0.09234283369528828,0.04617141684764414,0.02343082439924997,0.0
zz,625,16,57,0.35365887954863096,0.17682943977431548,0.08842629849303076,0.0
zz,626,24,57,0.18579143099192622,0.09289571549596311,0.04639040176798748,0.0
zz,627,8,57,0.14197310480154746,0.07098655240077373,0.0359927213729541,0.0
zz,628,24,57,0.4146210177196543,0.20731050885982716,0.09990980976711401,0.0
zz,629,24,57,0.33877886558635245,0.16938943279317623,0.08309406681795385,0.0
zz,630,16,57,0.3653136230846603,0.18265681154233016,0.09077792906268456,0.0
zz,631,16,57,0.34476472450220297,0.17238236225110148,0.08561436221489079,0.0
zz,632,8,57,0.14094935679968645,0.07047467839984323,0.03567891229166714,0.0
zz,633,16,57,0.330673989694166,0.165336994847083,0.0828741316539785,0.0
zz,634,16,57,0.3210889908568625,0.16054449542843124,0.07971973278751629,0.0
zz,635,8,57,0.06270426657472983,0.031352133287364914,0.015888642028540473,0.0
zz,636,24,57,0.3392629090088847,0.16963145450444236,0.08301400085104328,0.0
zz,637,16,57,0.35048854709212257,0.17524427354606129,0.08766264158285013,0.0
zz,638,16,57,0.3266016340898546,0.1633008170449273,0.08172369648759088,0.0
zz,639,16,57,0.36692878817492364,0.18346439408746182,0.09128982569767266,0.0
zz,640,8,57,0.10341148355299046,0.05170574177649523,0.02624298138555991,0.0
zz,641,8,57,0.1528289539034381,0.07641447695171905,0.03877290260781572,0.0
zz,642,8,57,0.10672571265382347,0.053362856326911734,0.027055219210309896,0.0
zz,643,16,57,0.3626471881636312,0.1813235940818156,0.09046469652680302,0.0
zz,644,16,57,0.3445023232614943,0.17225116163074716,0.08557052776578984,0.0
zz,645,16,57,0.35701983770884177,0.17850991885442088,0.08890321989285978,0.0
zz,646,8,57,0.078020827606055,0.0390104138030275,0.019787022585713715,0.0
zz,647,24,57,0.39009797001962687,0.19504898500981344,0.09518305390775864,0.0
zz,648,8,57,0.12488644321302966,0.06244322160651483,0.03167324699002042,0.0
zz,649,24,57,0.23462756956503852,0.11731378478251926,0.05786865043124459,0.0
zz,650,24,57,0.17729993604394795,0.08864996802197397,0.04377856859481165,0.0
zz,651,16,57,0.3660782586591279,0.18303912932956395,0.09130815169250367,0.0
zz,652,8,57,0.12966837458343783,0.06483418729171891,0.03287370649080761,0.0
zz,653,24,57,0.1030251119408897,0.05151255597044485,0.023938857336452277,0.0
zz,654,8,57,0.08805302757422873,0.04402651378711436,0.022318497148994684,0.0
zz,655,16,57,0.37949529620876826,0.18974764810438413,0.09420745801983128,0.0
zz,656,24,57,0.2986827023231059,0.14934135116155295,0.07305192688669712,0.0
zz,657,24,57,0.31940568866557917,0.15970284433278958,0.07760918326817909,0.0
zz,658,24,57,0.35152126515423016,0.17576063257711508,0.08474502259601907,0.0
zz,659,8,57,0.07233189140030694,0.03616594570015347,0.01834543919386037,0.0
zz,660,8,57,0.056708914642154995,0.028354457321077498,0.014384511509362789,0.0
zz,661,16,57,0.32853232420024425,0.16426616210012213,0.08213447908686512,0.0
zz,662,8,57,0.09459235298856972,0.04729617649428486,0.023985057315996358,0.0
zz,663,8,57,0.04885215129230758,0.02442607564615379,0.012385403452639469,0.0
zz,664,24,57,0.3840758172373121,0.19203790861865605,0.09382423927654633,0.0
zz,665,16,57,0.30219982466381634,0.15109991233190817,0.07538286282172148,0.0
zz,666,24,57,0.2230986283054547,0.11154931415272736,0.0549422344650286,0.0
zz,667,24,57,0.232008339012178,0.116004169506089,0.05649029840490385,0.0
zz,668,16,57,0.36296080369920536,0.18148040184960268,0.09058633901612806,0.0
zz,669,8,57,0.08337765180496759,0.041688825902483795,0.021130560958669407,0.0
zz,670,8,57,0.06846214044573695,0.034231070222868476,0.017349357705210667,0.0
zz,671,24,57,0.2688781529061173,0.13443907645305864,0.0662606258902471,0.0
zz,672,16,57,0.35728469212359615,0.17864234606179807,0.08925255207922576,0.0
zz,673,16,57,0.32977950020983665,0.16488975010491833,0.08254889237998189,0.0
zz,674,8,57,0.05108784510509612,0.02554392255254806,0.012950242742109064,0.0
zz,675,24,57,0.42647608448340063,0.21323804224170032,0.10476573565230032,0.0
zz,676,16,57,0.3499455087094647,0.17497275435473236,0.08743603562457203,0.0
zz,677,16,57,0.3731873689548473,0.18659368447742364,0.0928307522331966,0.0
zz,678,24,57,0.1907743267423348,0.0953871633711674,0.04757664630054447,0.0
zz,679,16,57,0.34803323723421187,0.17401661861710593,0.08689464584209866,0.0
zz,680,8,57,0.08227284690159775,0.041136423450798876,0.020855904281990054,0.0
zz,681,24,57,0.012539011034080172,0.006269505517040086,0.0026004973259194657,0.0
zz,682,8,57,0.11992459825109492,0.05996229912554746,0.03039931482907908,0.0
zz,683,8,57,0.10330550100248537,0.051652750501242684,0.02616148751060829,0.0
zz,684,8,57,0.10458265996740257,0.052291329983701285,0.02654157763734172,0.0
zz,685,8,57,0.12601275340290474,0.06300637670145237,0.03191856483473986,0.0
zz,686,16,57,0.3344256309954148,0.1672128154977074,0.08357033707417001,0.0
zz,687,8,57,0.09858356419500836,0.04929178209750418,0.02498789860357721,0.0
zz,688,8,57,0.08964277262579057,0.044821386312895284,0.022706610426745,0.0
zz,689,24,57,0.18238202400115613,0.09119101200057807,0.045385768122364625,0.0
zz,690,8,57,0.11168007379192668,0.05584003689596334,0.02832776744790638,0.0
zz,691,16,57,0.3356759331112164,0.1678379665556082,0.08389797689669387,0.0
zz,692,8,57,0.053156766588698834,0.026578383294349417,0.013471591784215954,0.0
zz,693,16,57,0.35160437775733466,0.17580218887866733,0.08791761378923903,0.0
zz,694,8,57,0.12322302089751214,0.06161151044875607,0.031200021399172023,0.0
zz,695,8,57,0.11856617083241039,0.059283085416205195,0.030062369424710567,0.0
zz,696,8,57,0.05873990838861276,0.02936995419430638,0.014910217095398616,0.0
zz,697,24,57,0.31687830548637463,0.15843915274318732,0.07636154521737012,0.0
zz,698,24,57,0.27161100421355333,0.13580550210677667,0.06673913724967792,0.0
zz,699,24,57,0.3296202293533975,0.16481011467669876,0.08015727489888375,0.0
zz,700,8,57,0.08970187660213902,0.04485093830106951,0.022746313240305873,0.0
zz,701,24,57,0.05461912359043691,0.027309561795218457,0.012977232706353375,0.0
zz,702,8,57,0.1065301917511221,0.05326509587556105,0.02700536064814176,0.0
zz,703,8,57,0.1323132852849277,0.06615664264246385,0.033507513890596315,0.0
zz,704,16,57,0.3289512276023331,0.16447561380116654,0.08245562654493761,0.0
zz,705,24,57,0.38586095478902904,0.19293047739451452,0.09446064731220977,0.0
zz,706,24,57,0.28185887274894517,0.14092943637447258,0.06933170882810351,0.0
zz,707,16,57,0.3653883480173431,0.18269417400867155,0.09059264401635252,0.0
zz,708,24,57,0.3457168996442531,0.17285844982212656,0.08494068799038008,0.0
zz,709,24,57,0.38292242536384147,0.19146121268192073,0.09396367549778946,0.0
zz,710,24,57,0.3427773752779381,0.17138868763896906,0.0831467448965685,0.0
zz,711,24,57,0.24213720178399836,0.12106860089199918,0.05968958444646432,0.0
zz,712,8,57,0.0767271645878701,0.03836358229393505,0.019446849828798858,0.0
zz,713,8,57,0.07238006455046253,0.036190032275231265,0.018361759375546047,0.0
zz,714,16,57,0.36405325665265925,0.18202662832632963,0.09072967919529798,0.0
zz,715,24,57,0.3438463728992605,0.17192318644963026,0.08496212864380522,0.0
zz,716,24,57,0.3778686102272224,0.1889343051136112,0.09195571766226704,0.0
zz,717,24,57,0.3724649642887605,0.18623248214438026,0.09217316914020002,0.0
zz,718,24,57,0.369687790826086,0.184843895413043,0.09131656847072353,0.0
zz,719,8,57,0.09155984252265703,0.045779921261328516,0.023206922508701947,0.0
zz,720,16,57,0.3595373219787693,0.17976866098938465,0.08921366626449555,0.0
zz,721,16,57,0.3571761783487569,0.17858808917437846,0.08891134424489451,0.0
zz,722,24,57,0.1416166183626857,0.07080830918134284,0.03462945164698357,0.0
zz,723,24,57,0.27384878497494425,0.13692439248747212,0.06732950367847368,0.0
zz,724,16,57,0.36541659533573656,0.18270829766786828,0.091093116427837,0.0
zz,725,8,57,0.11235279295726053,0.056176396478630264,0.028506254043838802,0.0
zz,726,16,57,0.35459219428900113,0.17729609714450056,0.0886097624996675,0.0
zz,727,8,57,0.08166513974955703,0.04083256987477851,0.020684114202992855,0.0
zz,728,16,57,0.3591543091025215,0.17957715455126075,0.08941193134840662,0.0
zz,729,24,57,0.03355081166957341,0.016775405834786705,0.008223380351868263,0.0
zz,730,8,57,0.19905656936791855,0.09952828468395927,0.050377713653420704,0.0
zz,731,16,57,0.3391766388058707,0.16958831940293534,0.08450064834842594,0.0
zz,732,8,57,0.14126043820464096,0.07063021910232048,0.03582456649671085,0.0
zz,733,16,57,0.3209085843667285,0.16045429218336424,0.07957376317854219,0.0
zz,734,16,57,0.3540293081015806,0.1770146540507903,0.08816518037663447,0.0
zz,735,8,57,0.09203694042324517,0.046018470211622586,0.023340884160130308,0.0
zz,736,24,57,0.07012426219569368,0.03506213109784684,0.01791811136517182,0.0
zz,737,8,57,0.12082039887479401,0.060410199437397005,0.03060496923813221,0.0
zz,738,24,57,0.1510193740423238,0.0755096870211619,0.037484581867216954,0.0
zz,739,24,57,0.30883397992717493,0.15441698996358746,0.07516503907148489,0.0
zz,740,16,57,0.32902886860526365,0.16451443430263182,0.0820565107622798,0.0
zz,741,8,57,0.08465921947478539,0.04232960973739269,0.021451198625101517,0.0
zz,742,16,57,0.35196052851649634,0.17598026425824817,0.08798129828494208,0.0
zz,743,24,57,0.31637235063857294,0.15818617531928647,0.07751289680326642,0.0
zz,744,8,57,0.08096874694636114,0.04048437347318057,0.02053107009524074,0.0
zz,745,8,57,0.18435954377669422,0.09217977188834711,0.04670182867000835,0.0
zz,746,24,57,0.17484405443577022,0.08742202721788511,0.04383969719455235,0.0
zz,747,24,57,0.05961016925587881,0.029805084627939404,0.01309525095106301,2.055637925429954e-05
zz,748,8,57,0.06526156481548695,0.032630782407743475,0.016550956676813923,0.0
zz,749,8,57,0.13478990347734043,0.06739495173867022,0.034195865762701366,0.0
zz,750,24,57,0.22238888308829496,0.11119444154414748,0.05465855167832457,0.0
zz,751,8,57,0.05901593462645549,0.029507967313227745,0.01496075478404279,0.0
zz,752,8,57,0.13396254072399594,0.06698127036199797,0.033930766975228586,0.0
zz,753,24,57,0.2984718357666092,0.1492359178833046,0.07326381463377801,0.0
zz,754,24,57,0.24733603732387302,0.12366801866193651,0.06139229893847585,0.0
zz,755,8,57,0.08448381312371778,0.04224190656185889,0.021415537245550953,0.0
zz,756,24,57,0.2865553065582155,0.14327765327910774,0.07028740473076232,0.0
zz,757,24,57,0.09303273955738911,0.046516369778694555,0.023063682009775828,0.0
zz,758,24,57,0.13812586349064176,0.06906293174532088,0.03443113858665485,0.0
zz,759,24,57,0.30136848343349665,0.15068424171674832,0.07366988496029685,0.0
zz,760,16,57,0.3793145026882154,0.1896572513441077,0.09399735859519642,0.0
zz,761,24,57,0.14843216178969648,0.07421608089484824,0.03671646992354303,0.0
zz,762,24,57,0.26501605459845423,0.13250802729922712,0.06410034231753949,0.0
zz,763,24,57,0.3233385039133376,0.1616692519566688,0.07971732742756157,0.0
zz,764,16,57,0.32735264078001347,0.16367632039000674,0.082094737441697,0.0
zz,765,16,57,0.35115740401385476,0.17557870200692738,0.08769325691033988,0.0
zz,766,24,57,0.3105538855944,0.1552769427972,0.07587783348816302,0.0
zz,767,8,57,0.10855014872007629,0.054275074360038145,0.027532877020560134,0.0
zz,768,8,57,0.06761252437827558,0.03380626218913779,0.01713043756759036,0.0
zz,769,8,57,0.1328407789939523,0.06642038949697615,0.0336256196343972,0.0
zz,770,8,57,0.11428688600529535,0.057143443002647676,0.028952960908417917,0.0
zz,771,8,57,0.10154207564493734,0.05077103782246867,0.02571233797108641,0.0
zz,772,8,57,0.09270816924438219,0.046354084622191094,0.023524916532183457,0.0
zz,773,16,57,0.3492344554786416,0.1746172277393208,0.08733380877225101,0.0
zz,774,24,57,0.017958805556731683,0.008979402778365841,0.0038333256969655853,1.6846203188536357e-06
zz,775,16,57,0.36488720943934133,0.18244360471967067,0.09091442174387987,0.0
zz,776,8,57,0.1378503986297232,0.0689251993148616,0.03496491385192009,0.0
zz,777,24,57,0.1659412088119216,0.0829706044059608,0.040238892344759414,0.0
zz,778,16,57,0.30494379709356534,0.15247189854678267,0.07601830245689782,0.0
zz,779,16,57,0.30537956154092855,0.15268978077046427,0.0762279373820614,0.0
zz,780,8,57,0.14931503265897828,0.07465751632948914,0.03784497092336949,0.0
zz,781,24,57,0.09730393759130207,0.048651968795651035,0.024086578867681806,0.0
zz,782,24,57,0.2951252510836796,0.1475626255418398,0.07216549297436699,0.0
zz,783,24,57,0.28801612638296337,0.14400806319148168,0.07040578766232873,0.0
zz,784,8,57,0.13179735705415352,0.06589867852707676,0.0333498936999013,0.0
zz,785,16,57,0.3574725852550925,0.17873629262754626,0.08929567593677874,0.0
zz,786,8,57,0.14337691939641106,0.07168845969820553,0.036319276326272895,0.0
zz,787,8,57,0.09036973423630013,0.04518486711815006,0.02292604061391036,0.0
zz,788,8,57,0.11677823014658484,0.05838911507329242,0.0295868870408506,0.0
zz,789,16,57,0.3567673670467051,0.17838368352335254,0.08900988846869937,0.0
zz,790,24,57,0.43856570390251504,0.21928285195125752,0.10731469201542652,0.0
zz,791,24,57,0.310829801126506,0.155414900563253,0.0768176755716304,0.0
zz,792,8,57,0.15439020925896763,0.07719510462948381,0.039155359670187954,0.0
zz,793,8,57,0.05935867144354612,0.02967933572177306,0.015034597885891359,0.0
zz,794,24,57,0.27386191476914556,0.13693095738457278,0.06651324565270732,0.0
zz,795,8,57,0.10563852667205265,0.05281926333602632,0.026786191248597147,0.0
zz,796,8,57,0.10331188004337999,0.051655940021689994,0.02619121131678616,0.0
zz,797,24,57,0.20177151755338754,0.10088575877669377,0.050180966354941806,0.0
zz,798,16,57,0.3069433850790536,0.1534716925395268,0.07680325190852783,0.0
zz,799,8,57,0.05433132519356698,0.02716566259678349,0.013767105503628146,0.0
zz,800,24,57,0.1788700229739453,0.08943501148697265,0.044524162978418554,0.0
zz,801,24,57,0.2942906506285159,0.14714532531425795,0.07259525423112455,0.0
zz,802,16,57,0.35502286462505805,0.17751143231252903,0.08866016661557942,0.0
zz,803,8,57,0.07870253179149345,0.03935126589574672,0.019946515863191454,0.0
zz,804,16,57,0.35742987845052393,0.17871493922526197,0.08911567242424515,0.0
zz,805,8,57,0.0586060661293204,0.0293030330646602,0.014852599322644629,0.0
zz,806,24,57,0.2791764002751606,0.1395882001375803,0.06889638763095313,0.0
zz,807,16,57,0.34475091573330824,0.17237545786665412,0.08605549235472582,0.0
zz,808,24,57,0.3797627199663479,0.18988135998317396,0.09169772448057688,0.0
zz,809,24,57,0.3126293465134983,0.15631467325674914,0.07715970695952255,0.0
zz,810,24,57,0.07050498397991645,0.03525249198995822,0.01774618610314258,0.0
zz,811,16,57,0.3244382546429664,0.1622191273214832,0.08133715248405418,0.0
zz,812,8,57,0.13039240125799112,0.06519620062899556,0.03309265308333586,0.0
zz,813,16,57,0.3615729726431045,0.18078648632155225,0.09025315273443607,0.0
zz,814,16,57,0.33907366755320045,0.16953683377660023,0.08480187102011955,0.0
zz,815,8,57,0.10038179168693206,0.05019089584346603,0.02543960213405432,0.0
zz,816,16,57,0.348656694096678,0.174328347048339,0.08715892399467086,0.0
zz,817,8,57,0.07211465099987335,0.03605732549993668,0.018296996457509665,0.0
zz,818,16,57,0.3479538879982062,0.1739769439991031,0.08702499940716257,0.0
zz,819,8,57,0.1093732302459054,0.0546866151229527,0.02772790794991546,0.0
zz,820,24,57,0.1604995918121244,0.0802497959060622,0.039777067578249975,0.0
zz,821,24,57,0.07580773339451036,0.03790386669725518,0.01890744911715069,0.0
zz,822,8,57,0.06881002034947747,0.03440501017473874,0.01745750487511163,0.0
zz,823,8,57,0.09490953816096281,0.04745476908048141,0.024083993488071487,0.0
zz,824,8,57,0.10945110809348912,0.05472555404674456,0.02770829645017524,0.0
zz,825,16,57,0.34911151482822256,0.17455575741411128,0.08677357360686108,0.0
zz,826,16,57,0.29856653437532893,0.14928326718766446,0.07474829808211346,0.0
zz,827,24,57,0.28391147885929335,0.14195573942964668,0.06987847148891693,0.0
zz,828,16,57,0.37470823924356994,0.18735411962178497,0.09318166119630926,0.0
zz,829,24,57,0.22534860586457361,0.11267430293228681,0.05512970207087384,0.0
zz,830,16,57,0.3723058267459084,0.1861529133729542,0.09239850992200802,0.0
zz,831,8,57,0.11323309385252378,0.05661654692626189,0.028722624518832666,0.0
zz,832,24,57,0.27805167170234013,0.13902583585117007,0.06823185911214505,0.0
zz,833,24,57,0.24195423650625042,0.12097711825312521,0.05921850209360441,0.0
zz,834,24,57,0.38522085598813105,0.19261042799406553,0.09527889408645644,0.0
zz,835,24,57,0.2860884748047515,0.14304423740237576,0.0698718698302006,0.0
zz,836,24,57,0.2704035107625137,0.13520175538125684,0.06713158641587993,0.0
zz,837,16,57,0.3416986141181594,0.1708493070590797,0.08527195827001383,0.0
zz,838,16,57,0.3141649551190043,0.15708247755950214,0.0783670007481863,0.0
zz,839,24,57,0.21291592173103357,0.10645796086551679,0.05220214677874162,0.0
zz,840,16,57,0.3550813443477354,0.1775406721738677,0.08869132567447453,0.0
zz,841,8,57,0.12715961998815728,0.06357980999407864,0.03224645106839617,0.0
zz,842,16,57,0.3099339343503237,0.15496696717516184,0.07771131672194669,0.0
zz,843,24,57,0.2207106166195422,0.1103553083097711,0.05485817870537677,0.0
zz,844,16,57,0.34794989567553153,0.17397494783776576,0.08705059230785679,0.0
zz,845,16,57,0.25894154766394917,0.12947077383197458,0.06455841811749251,0.0
zz,846,16,57,0.3421238808175242,0.1710619404087621,0.08572173039689432,0.0
zz,847,8,57,0.08082303680549663,0.040411518402748314,0.02048794963244759,0.0
zz,848,24,57,0.298096246759605,0.1490481233798025,0.07244549525777896,0.0
zz,849,8,57,0.0748531891546953,0.03742659457734765,0.01898316494293762,0.0
zz,850,16,57,0.37430911173484716,0.18715455586742358,0.09310560400999827,0.0
zz,851,24,57,0.30769057058802024,0.15384528529401012,0.07475149773517069,0.0
zz,852,16,57,0.36168282041793165,0.18084141020896582,0.09027670066053856,0.0
zz,853,16,57,0.3168047411236833,0.15840237056184164,0.07883196909421103,0.0
zz,854,16,57,0.3529411702450716,0.1764705851225358,0.08758346300155471,0.0
zz,855,24,57,0.08299093104092725,0.041495465520463626,0.020535155615354888,0.0
zz,856,24,57,0.27903976295482485,0.13951988147741243,0.06676941183849366,0.0
zz,857,16,57,0.33893544146104515,0.16946772073052258,0.0849727855081596,0.0
zz,858,8,57,0.11237755409055139,0.056188777045275695,0.028508290425116125,0.0
zz,859,8,57,0.10280008581672762,0.05140004290836381,0.026056420290793084,0.0
zz,860,24,57,0.19427403644774516,0.09713701822387258,0.047935167206380726,0.0
zz,861,24,57,0.15580064980195923,0.07790032490097962,0.03846935682534371,0.0
zz,862,24,57,0.3527757794623614,0.1763878897311807,0.0856043904222014,0.0
zz,863,16,57,0.36571422283251154,0.18285711141625577,0.09113556876082622,0.0
zz,864,8,57,0.07890711332732492,0.03945355666366246,0.020000249695635734,0.0
zz,865,24,57,0.3137724906923775,0.15688624534618875,0.0765063157867553,0.0
zz,866,16,57,0.3274600860105671,0.16373004300528354,0.08173807437960531,0.0
zz,867,24,57,0.2807958050824748,0.1403979025412374,0.0694526333613536,0.0
zz,868,16,57,0.38119585613956,0.19059792806978,0.09438204339100534,0.0
zz,869,24,57,0.3877291181564974,0.1938645590782487,0.09517180010008493,0.0
zz,870,8,57,0.1038745297612721,0.05193726488063605,0.02632022555829057,0.0
zz,871,24,57,0.3083838280321658,0.1541919140160829,0.07490688371502485,0.0
zz,872,16,57,0.2967602052096955,0.14838010260484774,0.07375667227458167,0.0
zz,873,16,57,0.3425654370496494,0.1712827185248247,0.08536169656309603,0.0
zz,874,8,57,0.1284950135809767,0.06424750679048835,0.032574629882006934,0.0
zz,875,8,57,0.1636039293281153,0.08180196466405765,0.04147764540293522,0.0
zz,876,16,57,0.3249333569809757,0.16246667849048785,0.08113471794307314,0.0
zz,877,8,57,0.1290155328556929,0.06450776642784645,0.032664563664673414,0.0
zz,878,16,57,0.341445103934095,0.1707225519670475,0.08521789298583218,0.0
zz,879,16,57,0.31280574767189795,0.15640287383594897,0.07853342305379685,0.0
zz,880,16,57,0.36809797116697796,0.18404898558348898,0.09137301088394383,0.0
zz,881,8,57,0.07555002553034018,0.03777501276517009,0.01915507492499784,0.0
zz,882,8,57,0.10133270985388143,0.050666354926940715,0.02570683273140344,0.0
zz,883,16,57,0.3727531259592104,0.1863765629796052,0.09241456686065155,0.0
zz,884,24,57,0.39021410997533557,0.19510705498766778,0.09580166934032587,0.0
zz,885,8,57,0.0715520879169591,0.03577604395847955,0.018124552909352713,0.0
zz,886,16,57,0.3245120049243343,0.16225600246216715,0.08150208602141153,0.0
zz,887,24,57,0.38212491518748626,0.19106245759374313,0.09398378701671889,0.0
zz,888,16,57,0.34227506925606277,0.17113753462803138,0.08549286886078901,0.0
zz,889,24,57,0.2534956086660983,0.12674780433304916,0.061160838289732344,0.0
zz,890,16,57,0.2580158004114147,0.12900790020570735,0.06450743742735915,0.0
zz,891,16,57,0.33289881273332855,0.16644940636666428,0.08314577750136296,0.0
zz,892,16,57,0.3425879696470987,0.17129398482354935,0.08576764289991179,0.0
zz,893,16,57,0.36750532458209506,0.18375266229104753,0.091396382100218,0.0
zz,894,8,57,0.08591003972902289,0.042955019864511446,0.021750083054602066,0.0
zz,895,8,57,0.08203100530321372,0.04101550265160686,0.020814947500705384,0.0
zz,896,8,57,0.12883811723093785,0.06441905861546893,0.032570118637276664,0.0
zz,897,8,57,0.15318684239786806,0.07659342119893403,0.038844119174660574,0.0
zz,898,8,57,0.11486260187954678,0.05743130093977339,0.02911982069686107,0.0
zz,899,24,57,0.2597842101471326,0.1298921050735663,0.0644267379815002,0.0
zz,900,16,57,0.3600829061214989,0.18004145306074945,0.08987306886969526,0.0
zz,901,24,57,0.06696377370024181,0.03348188685012091,0.017676924578830598,0.0
zz,902,24,57,0.2384165419766506,0.1192082709883253,0.05883689418643335,0.0
zz,903,8,57,0.092845952652853,0.0464229763264265,0.023527670134076945,0.0
zz,904,24,57,0.05181696828496224,0.02590848414248112,0.013146769036828671,0.0
zz,905,24,57,0.1628115738148076,0.0814057869074038,0.04075211192003929,0.0
zz,906,8,57,0.12725458689488367,0.06362729344744184,0.032246416282677444,0.0
zz,907,16,57,0.3539278008826878,0.1769639004413439,0.0884580718158044,0.0
zz,908,8,57,0.0973734361021128,0.0486867180510564,0.024692109430743882,0.0
zz,909,24,57,0.2831055724940367,0.14155278624701834,0.0699948281264503,0.0
zz,910,8,57,0.05994659514186962,0.02997329757093481,0.01519414124029499,0.0
zz,911,24,57,0.33852402932160197,0.16926201466080099,0.08319933560910306,0.0
zz,912,16,57,0.3614894978260028,0.1807447489130014,0.09013776427650051,0.0
zz,913,16,57,0.35022576171347297,0.17511288085673649,0.08754947183879379,0.0
zz,914,8,57,0.12001851902644989,0.060009259513224944,0.030412351352271536,0.0
zz,915,24,57,0.17403709183588423,0.08701854591794211,0.042679712991108835,0.0
zz,916,16,57,0.3596973676947803,0.17984868384739014,0.08971964850932333,0.0
zz,917,24,57,0.26998683989030037,0.13499341994515018,0.0663184071466348,0.0
zz,918,8,57,0.11773394850579744,0.05886697425289872,0.029819979075734273,0.0
zz,919,24,57,0.3925441211622762,0.1962720605811381,0.09604712654711545,0.0
zz,920,24,57,0.31936295616076027,0.15968147808038013,0.07814626875164392,0.0
zz,921,16,57,0.3567518771359546,0.1783759385679773,0.08911972664676632,0.0
zz,922,16,57,0.3518848247654146,0.1759424123827073,0.08778510010409087,0.0
zz,923,8,57,0.15123579387646213,0.07561789693823107,0.03831044521583171,0.0
zz,924,8,57,0.08699802579787785,0.04349901289893893,0.022064216741569494,0.0
zz,925,16,57,0.3415646221612797,0.17078231108063985,0.08552919575164297,0.0
zz,926,8,57,0.14756527185422297,0.07378263592711148,0.037396593039904606,0.0
zz,927,24,57,0.06995990487320314,0.03497995243660157,0.017736672521439737,0.0
zz,928,16,57,0.3658120236096227,0.18290601180481136,0.09105872542928117,0.0
zz,929,16,57,0.35932303162547163,0.17966151581273582,0.08966694820258625,0.0
zz,930,16,57,0.36077557524775355,0.18038778762387678,0.0899561860852108,0.0
zz,931,24,57,0.2498781621134046,0.1249390810567023,0.06102515410983941,0.0
zz,932,24,57,0.20791157499417565,0.10395578749708782,0.050350590170729126,0.0
zz,933,24,57,0.1384618919562411,0.06923094597812054,0.033944234929248016,0.0
zz,934,8,57,0.10314897274461843,0.051574486372309214,0.026169627496739945,0.0
zz,935,16,57,0.3022811092825447,0.15114055464127235,0.07509603717733551,0.0
zz,936,16,57,0.36461492137223517,0.18230746068611758,0.09093556198349476,0.0
zz,937,8,57,0.10093154145776873,0.05046577072888436,0.025576686783449615,0.0
zz,938,24,57,0.05996023288116892,0.02998011644058446,0.014974439456836998,0.0
zz,939,8,57,0.12477055007388516,0.06238527503694258,0.03160216884282104,0.0
zz,940,16,57,0.35512192999020586,0.17756096499510293,0.0884084351042362,0.0
zz,941,8,57,0.12097928019506277,0.06048964009753138,0.03065889034957226,0.0
zz,942,8,57,0.08584278997007089,0.042921394985035444,0.021756948929688703,0.0
zz,943,16,57,0.3274086879770803,0.16370434398854014,0.08187751848222619,0.0
zz,944,8,57,0.05366594428895188,0.02683297214447594,0.013606095686688817,0.0
zz,945,24,57,0.08153631925128252,0.04076815962564126,0.020458580101686524,0.0
zz,946,16,57,0.3818690246344905,0.19093451231724526,0.09439125403360525,0.0
zz,947,24,57,0.38831441587686066,0.19415720793843033,0.09427938799564223,0.0
zz,948,8,57,0.08771707254443117,0.04385853627221559,0.022241914934357777,0.0
zz,949,8,57,0.10913397407865144,0.05456698703932572,0.027684622245239997,0.0
zz,950,24,57,0.0812276694786514,0.0406138347393257,0.019710065779240216,0.0
zz,951,16,57,0.30116213819159915,0.15058106909579957,0.0750549666085222,0.0
zz,952,24,57,0.38769023521028073,0.19384511760514037,0.09440380772751669,0.0
zz,953,24,57,0.39555545277851545,0.19777772638925772,0.09633040510633825,0.0
zz,954,24,57,0.38332133708599325,0.19166066854299663,0.09420404707567515,0.0
zz,955,8,57,0.06227157490473911,0.031135787452369557,0.01577992445600776,0.0
zz,956,8,57,0.15005513085404742,0.07502756542702371,0.03801336669634388,0.0
zz,957,8,57,0.14994491911440017,0.07497245955720008,0.038022340879770605,0.0
zz,958,16,57,0.3671890552683825,0.18359452763419126,0.09104884040220416,0.0
zz,959,16,57,0.35152382836878504,0.17576191418439252,0.08747650867717113,0.0
zz,960,24,57,0.23003096713192644,0.11501548356596322,0.05667816750043818,0.0
zz,961,8,57,0.09212008231266555,0.046060041156332776,0.023367415106067813,0.0
zz,962,16,57,0.35027918477616815,0.17513959238808408,0.08757331403790745,0.0
zz,963,16,57,0.3009783868507876,0.1504891934253938,0.07519964655195305,0.0
zz,964,24,57,0.040525801117419435,0.020262900558709718,0.009859845806309202,0.0
zz,965,16,57,0.3252610266404,0.1626305133202,0.08156629109250926,0.0
zz,966,8,57,0.13514698781416834,0.06757349390708417,0.034223771947562265,0.0
zz,967,8,57,0.11917022996578153,0.05958511498289076,0.030193799970721958,0.0
zz,968,16,57,0.3409963256523834,0.1704981628261917,0.08541530018337978,0.0
zz,969,8,57,0.11954133884662443,0.05977066942331222,0.030269248079401668,0.0
zz,970,8,57,0.09260936142001386,0.04630468071000693,0.02348665612025494,0.0
zz,971,16,57,0.34753750672789263,0.17376875336394632,0.08694610531906488,0.0
zz,972,16,57,0.361949498574179,0.1809747492870895,0.09025153244403884,0.0
zz,973,16,57,0.34717104718952013,0.17358552359476007,0.08665602659646704,0.0
zz,974,8,57,0.09326007576297835,0.04663003788148917,0.02363249672028843,0.0
zz,975,8,57,0.11637452849094121,0.058187264245470605,0.02949314550314691,0.0
zz,976,8,57,0.06418669406154875,0.03209334703077438,0.016266755788676365,0.0
zz,977,8,57,0.07191299271319318,0.03595649635659659,0.01823155259640727,0.0
zz,978,8,57,0.08131485078127709,0.040657425390638546,0.020619365537998723,0.0
zz,979,24,57,0.03266759119858009,0.016333795599290046,0.008377797617829138,8.489115733700814e-07
zz,980,24,57,0.15759279579077945,0.07879639789538972,0.03851228289243404,0.0
zz,981,16,57,0.3500654809653838,0.1750327404826919,0.08755934212635871,0.0
zz,982,24,57,0.036145840980535915,0.018072920490267957,0.007160422532024344,4.959696624895482e-06
zz,983,8,57,0.1456322405470467,0.07281612027352335,0.0368768156729478,0.0
zz,984,24,57,0.39563235021854826,0.19781617510927413,0.09539911959799303,0.0
zz,985,8,57,0.10290936021264585,0.051454680106322925,0.026075610735203775,0.0
zz,986,8,57,0.0961018889344658,0.0480509444672329,0.02436350722592143,0.0
zz,987,16,57,0.29746268887234373,0.14873134443617186,0.07433464064921522,0.0
zz,988,16,57,0.35469781950121687,0.17734890975060844,0.08863024167065055,0.0
zz,989,24,57,0.3606946582984511,0.18034732914922555,0.08849665009607571,0.0
zz,990,8,57,0.10965875033211792,0.05482937516605896,0.027764397887046953,0.0
zz,991,8,57,0.08486862538646212,0.04243431269323106,0.021530860843980662,0.0
zz,992,24,57,0.18205820830645758,0.09102910415322879,0.043592302791265,0.0
zz,993,16,57,0.3555455346518032,0.1777727673259016,0.08876009993519371,0.0
zz,994,24,57,0.26308581897704975,0.13154290948852487,0.0648428953273702,0.0
zz,995,8,57,0.08746001200688924,0.04373000600344462,0.0221817065106779,0.0
zz,996,16,57,0.3523018871298086,0.1761509435649043,0.08808851165370034,0.0
zz,997,16,57,0.3705281332372632,0.1852640666186316,0.09231598349682016,0.0
zz,998,24,57,0.19404808282876188,0.09702404141438094,0.047650311004737225,0.0
zz,999,16,57,0.3554398026520394,0.1777199013260197,0.08885156891541501,0.0
zz,1000,16,57,0.3659640652946149,0.18298203264730745,0.09120404142810504,0.0
zz,1001,8,57,0.12050081052136574,0.06025040526068287,0.03053570908598623,0.0
zz,1002,24,57,0.23813271140767375,0.11906635570383688,0.05906844396770584,0.0
zz,1003,16,57,0.32762889662208605,0.16381444831104303,0.08170706420199332,0.0
zz,1004,24,57,0.18843074614949043,0.09421537307474522,0.04642411501367167,0.0
zz,1005,24,57,0.28007658743463826,0.14003829371731913,0.06881893025253805,0.0
zz,1006,8,57,0.12682558256911247,0.06341279128455624,0.03213659398946706,0.0
zz,1007,16,57,0.35720826882563295,0.17860413441281647,0.08921313624029946,0.0
zz,1008,16,57,0.3465564028057554,0.1732782014028777,0.08616347926221227,0.0
zz,1009,16,57,0.3487860476011909,0.17439302380059546,0.08715989926789042,0.0
zz,1010,24,57,0.3085459808646438,0.1542729904323219,0.0759649566988334,0.0
zz,1011,8,57,0.14605368304214217,0.07302684152107108,0.036952599935037654,0.0
zz,1012,8,57,0.06463349050555622,0.03231674525277811,0.016393540625787115,0.0
zz,1013,24,57,0.08126434910263042,0.04063217455131521,0.021166987330187535,0.0
zz,1014,8,57,0.11562851305960031,0.057814256529800157,0.02926171333899172,0.0
zz,1015,8,57,0.15760611567848343,0.07880305783924171,0.03993128404632008,0.0
zz,1016,8,57,0.13983541749097228,0.06991770874548614,0.03541030190903187,0.0
zz,1017,16,57,0.36006846820985716,0.18003423410492858,0.08962254472145965,0.0
zz,1018,8,57,0.08180931594984509,0.04090465797492254,0.020738778787624795,0.0
zz,1019,8,57,0.11544396927704681,0.057721984638523405,0.029270852269003403,0.0
zz,1020,16,57,0.3392903447779935,0.16964517238899676,0.08451244350425596,0.0
zz,1021,8,57,0.11002022508996745,0.055010112544983725,0.02789823588275825,0.0
zz,1022,24,57,0.23758074494776601,0.11879037247388301,0.0583910357443946,0.0
zz,1023,8,57,0.10226885351838899,0.051134426759194496,0.025933640354945182,0.0
zz,1024,24,57,0.12992043097187755,0.06496021548593878,0.03228539791573752,0.0
zz,1025,8,57,0.14324217279468732,0.07162108639734366,0.03633282742647369,0.0
zz,1026,16,57,0.37428486103353914,0.18714243051676957,0.09312297635411323,0.0
zz,1027,24,57,0.2752050247903616,0.1376025123951808,0.06699114007012964,0.0
zz,1028,16,57,0.3506794030520476,0.1753397015260238,0.08726845524883607,0.0
zz,1029,24,57,0.048502114268639096,0.024251057134319548,0.012122385805953335,0.0
zz,1030,24,57,0.27434264493793925,0.13717132246896963,0.06597107761373724,0.0
zz,1031,24,57,0.10920271681467647,0.054601358407338235,0.026320926663964794,0.0
zz,1032,8,57,0.06140445073351275,0.030702225366756375,0.015563638949586652,0.0
zz,1033,24,57,0.3087520049552709,0.15437600247763544,0.07462843091557932,0.0
zz,1034,8,57,0.0935865455095618,0.0467932727547809,0.023760419577659345,0.0
zz,1035,16,57,0.37005020111280185,0.18502510055640092,0.09218276797123322,0.0
zz,1036,8,57,0.1453420226037082,0.0726710113018541,0.03684706465903791,0.0
zz,1037,16,57,0.354036596138279,0.1770182980691395,0.08840550988282643,0.0
zz,1038,8,57,0.11671866737520242,0.05835933368760121,0.02960774459817262,0.0
zz,1039,24,57,0.3410473118870415,0.17052365594352076,0.08388014391159307,0.0
zz,1040,24,57,0.20061948708968796,0.10030974354484398,0.04896104764127742,0.0
zz,1041,16,57,0.3442372081151942,0.1721186040575971,0.0861671688533641,0.0
zz,1042,24,57,0.16154391298946078,0.08077195649473039,0.04039556776025115,0.0
zz,1043,16,57,0.3352716824156484,0.1676358412078242,0.08402679776876824,0.0
zz,1044,16,57,0.36654061788509934,0.18327030894254967,0.09117594802068635,0.0
zz,1045,24,57,0.024520586297324787,0.012260293148662393,0.005382662735050847,0.0
zz,1046,16,57,0.3598777221902868,0.1799388610951434,0.08981897393282119,0.0
zz,1047,8,57,0.09755627232787112,0.04877813616393556,0.024738389576566957,0.0
zz,1048,8,57,0.11589968131664663,0.057949840658323315,0.029399244056118053,0.0
zz,1049,24,57,0.11462826962424022,0.05731413481212011,0.02869529612971218,0.0
zz,1050,8,57,0.08947557845255116,0.04473778922627558,0.022698945368005444,0.0
zz,1051,16,57,0.3489917129887926,0.1744958564943963,0.08721213814275124,0.0
zz,1052,8,57,0.15510266167024955,0.07755133083512478,0.039291086988022125,0.0
zz,1053,8,57,0.12636878165943877,0.06318439082971938,0.03203710869023913,0.0
zz,1054,24,57,0.22898414087383775,0.11449207043691888,0.05616893974971951,0.0
zz,1055,8,57,0.10722203474425185,0.053611017372125924,0.027171805397778,0.0
zz,1056,8,57,0.13018094496893862,0.06509047248446931,0.032986937783032785,0.0
zz,1057,16,57,0.34840910092362376,0.17420455046181188,0.0871295712140297,0.0
zz,1058,8,57,0.07547501475388463,0.037737507376942314,0.019113778950106217,0.0
zz,1059,16,57,0.3820272170777388,0.1910136085388694,0.09469716622318074,0.0
zz,1060,16,57,0.3764524107756365,0.18822620538781826,0.0934157818969756,0.0
zz,1061,24,57,0.06234957176855521,0.031174785884277606,0.01516998178955235,0.0
zz,1062,24,57,0.37342931105649885,0.18671465552824942,0.0911102591410495,0.0
zz,1063,24,57,0.33375513731140993,0.16687756865570497,0.08152523317787871,0.0
zz,1064,24,57,0.25781141798358564,0.12890570899179282,0.06370768245609834,0.0
zz,1065,8,57,0.10725009221517035,0.05362504610758517,0.027177511274969195,0.0
zz,1066,24,57,0.37270644251827945,0.18635322125913972,0.09171606000996416,0.0
zz,1067,16,57,0.36031788795872677,0.18015894397936338,0.08992885844627167,0.0
zz,1068,16,57,0.33559735070373553,0.16779867535186777,0.08403426646414441,0.0
zz,1069,8,57,0.09801043568572176,0.04900521784286088,0.02480339800575009,0.0
zz,1070,8,57,0.09699094750281456,0.04849547375140728,0.02458034281084208,0.0
zz,1071,8,57,0.10633134433804281,0.053165672169021405,0.0269547789862899,0.0
zz,1072,16,57,0.3421948663858786,0.1710974331929393,0.08564097132290287,0.0
zz,1073,16,57,0.294195756907823,0.1470978784539115,0.07329181464391975,0.0
zz,1074,8,57,0.15798559084130093,0.07899279542065046,0.040019077389882966,0.0
zz,1075,24,57,0.328510210151745,0.1642551050758725,0.08015207908282292,0.0
zz,1076,8,57,0.10403258616905264,0.05201629308452632,0.026376237270498683,0.0
zz,1077,16,57,0.37272866634841323,0.18636433317420661,0.09258386447666735,0.0
zz,1078,8,57,0.08413742125983137,0.042068710629915684,0.02134816848007023,0.0
zz,1079,8,57,0.16678890419104586,0.08339445209552293,0.04223328938716655,0.0
zz,1080,24,57,0.3016424783367444,0.1508212391683722,0.07368968691108116,0.0
zz,1081,8,57,0.10309260970988166,0.05154630485494083,0.02614098949740381,0.0
zz,1082,24,57,0.3042473982064817,0.15212369910324086,0.07469592468907188,0.0
zz,1083,8,57,0.06501855789759514,0.03250927894879757,0.016490092633400535,0.0
zz,1084,8,57,0.06374570546140879,0.03187285273070439,0.016167850342392223,0.0
zz,1085,24,57,0.3728664882716064,0.1864332441358032,0.09210115008476648,0.0
zz,1086,16,57,0.35107673473378576,0.17553836736689288,0.08779402134661289,0.0
zz,1087,16,57,0.3626400085392599,0.18132000426962994,0.0901420219333931,0.0
zz,1088,16,57,0.3744173121973391,0.18720865609866955,0.09314306920530804,0.0
zz,1089,8,57,0.06381863394512444,0.03190931697256222,0.016193310920389992,0.0
zz,1090,16,57,0.37575971161927735,0.18787985580963867,0.09342989125009325,0.0
zz,1091,24,57,0.30097863673295666,0.15048931836647833,0.07392638876569278,0.0
zz,1092,8,57,0.1539423752515014,0.0769711876257507,0.03903075762461953,0.0
zz,1093,24,57,0.17968802772875467,0.08984401386437733,0.044995160223240925,0.0
zz,1094,8,57,0.08626675039249054,0.04313337519624527,0.021848838650484936,0.0
zz,1095,16,57,0.3551859062352006,0.1775929531176003,0.08866948146938686,0.0
zz,1096,16,57,0.3487894680977667,0.17439473404888334,0.0872385808901734,0.0
zz,1097,8,57,0.06466540039457858,0.03233270019728929,0.0164096512980214,0.0
zz,1098,24,57,0.3919830011336606,0.1959915005668303,0.09554634704751208,0.0
zz,1099,8,57,0.11233959550081551,0.05616979775040776,0.02850050625576087,0.0
zz,1100,24,57,0.3181754250258666,0.1590877125129333,0.07823214925594409,0.0
zz,1101,16,57,0.34813842475539547,0.17406921237769774,0.08692834569004464,0.0
zz,1102,24,57,0.23224054967452862,0.11612027483726431,0.05622684407943929,0.0
zz,1103,8,57,0.07811938560039078,0.03905969280019539,0.0197989602113169,0.0
zz,1104,24,57,0.2768093391024885,0.13840466955124425,0.06864910231633421,0.0
zz,1105,8,57,0.15254526213379022,0.07627263106689511,0.038669699696602715,0.0
zz,1106,16,57,0.33874451236546876,0.16937225618273438,0.08482800895120085,0.0
zz,1107,24,57,0.016026878729774097,0.008013439364887048,0.0033630666550037115,0.0
zz,1108,16,57,0.33129618463276445,0.16564809231638222,0.08289014595064141,0.0
zz,1109,16,57,0.3638891891046946,0.1819445945523473,0.09070762686228265,0.0
zz,1110,16,57,0.36073225295898326,0.18036612647949163,0.08997138393052471,0.0
zz,1111,16,57,0.3082957951149836,0.1541478975574918,0.07721143368742851,0.0
zz,1112,16,57,0.3253604607885537,0.16268023039427684,0.08126293219304066,0.0
zz,1113,16,57,0.34480773475678894,0.17240386737839447,0.08608114114670305,0.0
zz,1114,24,57,0.17779460050126106,0.08889730025063053,0.04340626883086736,0.0
zz,1115,16,57,0.3442472336516814,0.1721236168258407,0.08593187723047092,0.0
zz,1116,8,57,0.15826281754192234,0.07913140877096117,0.04007801348741196,0.0
zz,1117,24,57,0.2662077882752506,0.1331038941376253,0.06544174544757274,0.0
zz,1118,24,57,0.16969266155726137,0.08484633077863069,0.04187012003253387,0.0
zz,1119,24,57,0.10095391100524997,0.05047695550262499,0.024873170364703063,0.0
zz,1120,8,57,0.08821582683007434,0.04410791341503717,0.02233992381560669,0.0
zz,1121,8,57,0.09674825440911594,0.04837412720455797,0.024528696389587254,0.0
zz,1122,8,57,0.1299500773253155,0.06497503866265775,0.03293224179456483,0.0
zz,1123,16,57,0.35270521235099395,0.17635260617549697,0.08796769914947286,0.0
zz,1124,8,57,0.06415256245029588,0.03207628122514794,0.016257350370982273,0.0
zz,1125,24,57,0.40514507912535624,0.20257253956267812,0.09764582898512092,0.0
zz,1126,16,57,0.3036320521082735,0.15181602605413674,0.07589836930944271,0.0
zz,1127,16,57,0.3568706504102318,0.1784353252051159,0.08906692168904767,0.0
zz,1128,16,57,0.3670431395590301,0.18352156977951506,0.09145879148038888,0.0
zz,1129,24,57,0.252578026511328,0.126289013255664,0.06191531004368675,0.0
zz,1130,8,57,0.07309768759054647,0.036548843795273234,0.018540995513618538,0.0
zz,1131,24,57,0.23213231496556896,0.11606615748278448,0.0578996159779246,0.0
zz,1132,16,57,0.33793130329365706,0.16896565164682853,0.0845784262884255,0.0
zz,1133,24,57,0.16313443209856615,0.08156721604928308,0.04046432713434533,0.0
zz,1134,24,57,0.3474313471058401,0.17371567355292006,0.08571107330989518,0.0
zz,1135,16,57,0.3432354564178403,0.17161772820892016,0.08592948308989082,0.0
zz,1136,8,57,0.14891424085002347,0.07445712042501174,0.03778324620353161,0.0
zz,1137,24,57,0.2712705005264841,0.13563525026324205,0.066152594022917,0.0
zz,1138,8,57,0.07412852608343112,0.03706426304171556,0.018803241163780213,0.0
zz,1139,24,57,0.15777470259116194,0.07888735129558097,0.03834108998613519,0.0
zz,1140,16,57,0.3665584391813646,0.1832792195906823,0.09131853821676772,0.0
zz,1141,24,57,0.3211095876064341,0.16055479380321705,0.0789281952243983,0.0
zz,1142,16,57,0.3354147183519476,0.1677073591759738,0.08384033214749496,0.0
zz,1143,8,57,0.06970077463527569,0.03485038731763784,0.017683595446209205,0.0
zz,1144,8,57,0.07729962888540354,0.03864981444270177,0.01961611340833095,0.0
zz,1145,8,57,0.04919552705948049,0.024597763529740246,0.012459229484183876,0.0
zz,1146,16,57,0.3527449183782946,0.1763724591891473,0.08822692133669643,0.0
zz,1147,24,57,0.08144315701472077,0.040721578507360384,0.01982343852553429,0.0
zz,1148,16,57,0.3570380382809222,0.1785190191404611,0.0889058083632526,0.0
zz,1149,24,57,0.23480879926575704,0.11740439963287852,0.057821233484224854,0.0
zz,1150,24,57,0.3659885141637037,0.18299425708185185,0.08981729937177424,0.0
zz,1151,24,57,0.3217007816535565,0.16085039082677824,0.07790496587350736,0.0
zz,1152,16,57,0.35252113511959676,0.17626056755979838,0.08800153293670138,0.0
zz,1153,8,57,0.10340702719304096,0.05170351359652048,0.026221817891650533,0.0
zz,1154,16,57,0.35872130836030436,0.17936065418015218,0.08929682662611635,0.0
zz,1155,8,57,0.12244864795646437,0.06122432397823219,0.031048719711868157,0.0
zz,1156,24,57,0.15769951368673213,0.07884975684336606,0.03865301296905387,0.0
zz,1157,16,57,0.3464403959237846,0.1732201979618923,0.08669188742864595,0.0
zz,1158,8,57,0.11675753596958638,0.05837876798479319,0.029601032200852063,0.0
zz,1159,8,57,0.13213943938521044,0.06606971969260522,0.03345271876524344,0.0
zz,1160,8,57,0.10860863201764115,0.054304316008820575,0.02754060989772615,0.0
zz,1161,16,57,0.32838377702890026,0.16419188851445013,0.08208393544906453,0.0
zz,1162,16,57,0.3588288367137972,0.1794144183568986,0.08956498729236771,0.0
zz,1163,8,57,0.11609538240123318,0.05804769120061659,0.02941765251251469,0.0
zz,1164,8,57,0.08396461461861748,0.04198230730930874,0.021296009342874886,0.0
zz,1165,8,57,0.1227231249644889,0.06136156248224445,0.03104793336099905,0.0
zz,1166,24,57,0.2648156497019498,0.1324078248509749,0.06513310648466472,0.0
zz,1167,8,57,0.09219698510315688,0.04609849255157844,0.023370006108798178,0.0
zz,1168,8,57,0.11438863006569044,0.05719431503284522,0.028988239582794895,0.0
zz,1169,8,57,0.10674984076803651,0.053374920384018254,0.027072103195157068,0.0
zz,1170,8,57,0.11544147785203007,0.057720738926015036,0.029268965409362052,0.0
zz,1171,8,57,0.10353036312143937,0.051765181560719686,0.026270096173994395,0.0
zz,1172,16,57,0.3476078468857555,0.17380392344287776,0.08677753621633368,0.0
zz,1173,8,57,0.12610887755644207,0.06305443877822103,0.03192079110976835,0.0
zz,1174,8,57,0.05042717571838318,0.02521358785919159,0.012783008369354185,0.0
zz,1175,24,57,0.24212729278965214,0.12106364639482607,0.05946742504416432,0.0
zz,1176,24,57,0.4183037433603107,0.20915187168015534,0.10265808506875006,0.0
zz,1177,8,57,0.12655979945490103,0.06327989972745052,0.032022066109681765,0.0
zz,1178,24,57,0.23631155689613964,0.11815577844806982,0.05746153388897105,0.0
zz,1179,16,57,0.3772986396206868,0.1886493198103434,0.09382030093672955,0.0
zz,1180,24,57,0.12515621385939185,0.06257810692969593,0.030222268952709953,0.0
zz,1181,8,57,0.10022976583995791,0.050114882919978954,0.02540053034982942,0.0
zz,1182,16,57,0.3519467040605986,0.1759733520302993,0.08785005542852112,0.0
zz,1183,24,57,0.34555894961538314,0.17277947480769157,0.0845023406729124,0.0
zz,1184,16,57,0.33932119910996134,0.16966059955498067,0.08471220490924047,0.0
zz,1185,24,57,0.26115271602396867,0.13057635801198433,0.06438229642071014,0.0
zz,1186,24,57,0.33145161471055884,0.16572580735527942,0.08109059855470241,0.0
zz,1187,16,57,0.33515297700386837,0.16757648850193418,0.0838779000903222,0.0
zz,1188,16,57,0.35898518922203726,0.17949259461101863,0.08952448932562058,0.0
zz,1189,16,57,0.34878240932355514,0.17439120466177757,0.0869267949313985,0.0
zz,1190,16,57,0.34785696117748355,0.17392848058874177,0.08707862335592986,0.0
zz,1191,8,57,0.0803635821305494,0.0401817910652747,0.020381092268337578,0.0
zz,1192,8,57,0.11347207372548529,0.056736036862742645,0.028758207400971625,0.0
zz,1193,16,57,0.3534589073855329,0.17672945369276644,0.08819086770299796,0.0
zz,1194,24,57,0.12895561982484105,0.06447780991242053,0.031654035994182525,0.0
zz,1195,8,57,0.06838443490496471,0.034192217452482354,0.0173545246545973,0.0
zz,1196,16,57,0.3416614724824597,0.17083073624122985,0.08558090285185169,0.0
zz,1197,24,57,0.3176723231126799,0.15883616155633995,0.07778085046338698,0.0
zz,1198,16,57,0.3728887942122715,0.18644439710613575,0.09282815704556059,0.0
zz,1199,16,57,0.3481242333566315,0.17406211667831575,0.08683985622785478,0.0
zz,1200,16,57,0.3201161242666625,0.16005806213333126,0.0799538449349843,0.0
zz,1201,8,57,0.10024569645358117,0.050122848226790584,0.025416998713304384,0.0
zz,1202,16,57,0.3316871722559904,0.1658435861279952,0.08322881394537719,0.0
zz,1203,16,57,0.35766590250813657,0.17883295125406828,0.08881891135468856,0.0
zz,1204,8,57,0.10854050101118418,0.05427025050559209,0.027514762976021425,0.0
zz,1205,16,57,0.3428475544060772,0.1714237772030386,0.08553716259907189,0.0
zz,1206,8,57,0.10831024909399378,0.05415512454699689,0.027456352612829613,0.0
zz,1207,16,57,0.27610774315598136,0.13805387157799068,0.06900116440487811,0.0
zz,1208,24,57,0.28309690125763787,0.14154845062881893,0.06883852879059481,0.0
zz,1209,8,57,0.04699691375426751,0.023498456877133755,0.011925755603944677,0.0
zz,1210,8,57,0.07165086643672347,0.035825433218361735,0.018150782806719196,0.0
zz,1211,24,57,0.2482959562734706,0.1241479781367353,0.061493811393036016,0.0
zz,1212,24,57,0.4182460041342584,0.2091230020671292,0.1022350755705474,0.0
zz,1213,16,57,0.338973307080359,0.1694866535401795,0.08472469754543682,0.0
zz,1214,8,57,0.1654442945508336,0.0827221472754168,0.04195399442016686,0.0
zz,1215,8,57,0.06210804122028024,0.03105402061014012,0.01576010581589413,0.0
zz,1216,16,57,0.3384307299547793,0.16921536497738965,0.08452216666725827,0.0
zz,1217,16,57,0.29414614485093354,0.14707307242546677,0.07364539102855228,0.0
zz,1218,24,57,0.2607417951589889,0.13037089757949444,0.06490517123009268,0.0
zz,1219,16,57,0.3313465766636717,0.16567328833183584,0.08275538440102993,0.0
zz,1220,24,57,0.2671784322863846,0.1335892161431923,0.06561824591241325,0.0
zz,1221,8,57,0.09246294708156,0.04623147354078,0.023448274138354524,0.0
zz,1222,8,57,0.05826966640598741,0.029134833202993704,0.014777405684285278,0.0
zz,1223,16,57,0.35197450918709366,0.17598725459354683,0.0876446751134683,0.0
zz,1224,8,57,0.1676760685404859,0.08383803427024294,0.042487721804585,0.0
zz,1225,16,57,0.3658463253512202,0.1829231626756101,0.09107502848343468,0.0
zz,1226,16,57,0.3660590764361393,0.18302953821806964,0.09103062958772778,0.0
zz,1227,16,57,0.3620157461352395,0.18100787306761976,0.09019768467213074,0.0
zz,1228,16,57,0.36183968184448856,0.18091984092224428,0.09029199332212502,0.0
zz,1229,24,57,0.33962034283243003,0.16981017141621502,0.08399042416388942,0.0
zz,1230,24,57,0.2627914534150908,0.1313957267075454,0.0639197851552985,0.0
zz,1231,8,57,0.058186210132949334,0.029093105066474667,0.014754951891340068,0.0
zz,1232,8,57,0.08623542793131844,0.04311771396565922,0.021842322427904574,0.0
zz,1233,8,57,0.08915287245841474,0.04457643622920737,0.022619778520552195,0.0
zz,1234,24,57,0.08673358924810032,0.04336679462405016,0.020559546815407236,0.0
zz,1235,16,57,0.344266824868634,0.172133412434317,0.0861622538895917,0.0
zz,1236,24,57,0.09321890990934822,0.04660945495467411,0.02301836715049949,0.0
zz,1237,24,57,0.40160129943065376,0.20080064971532688,0.09788927981522677,0.0
zz,1238,8,57,0.06485459468490773,0.032427297342453865,0.016437017423206836,0.0
zz,1239,16,57,0.34353078002595094,0.17176539001297547,0.08598779630266967,0.0
zz,1240,16,57,0.3346442856224483,0.16732214281122415,0.08380087029938932,0.0
zz,1241,8,57,0.10029082873250172,0.05014541436625086,0.025416473926884096,0.0
zz,1242,16,57,0.3494567422521778,0.1747283711260889,0.0872703255787469,0.0
zz,1243,8,57,0.11377010947624866,0.05688505473812433,0.028842814431673122,0.0
zz,1244,16,57,0.33560581988870414,0.16780290994435207,0.08415269422909369,0.0
zz,1245,8,57,0.14507280380960702,0.07253640190480351,0.03678580353351399,0.0
zz,1246,16,57,0.3081334678387665,0.15406673391938325,0.07689045910398978,0.0
zz,1247,16,57,0.33255067981233893,0.16627533990616947,0.08294273286426772,0.0
zz,1248,16,57,0.3460021181556513,0.17300105907782565,0.08619439960469284,0.0
zz,1249,8,57,0.10186488623024803,0.050932443115124015,0.025827669377574518,0.0
zz,1250,8,57,0.1030869629750486,0.0515434814875243,0.026153711627050616,0.0
zz,1251,24,57,0.19286009810239968,0.09643004905119984,0.04774653289225938,0.0
zz,1252,8,57,0.13632778715416682,0.06816389357708341,0.034543547427423084,0.0
zz,1253,16,57,0.35590904679002683,0.17795452339501341,0.08886488802633143,0.0
zz,1254,24,57,0.29435127134536854,0.14717563567268427,0.07172107593201851,0.0
zz,1255,24,57,0.27209531575033397,0.13604765787516698,0.06626868252700613,0.0
zz,1256,24,57,0.01843546594621681,0.009217732973108406,0.004567414358451853,0.0
zz,1257,16,57,0.3346869629978856,0.1673434814989428,0.08319147631064017,0.0
zz,1258,16,57,0.2825378404279742,0.1412689202139871,0.07094233120416932,0.0
zz,1259,16,57,0.3319122110066578,0.1659561055033289,0.08304824392469268,0.0
zz,1260,8,57,0.08390829083214701,0.04195414541607351,0.021293246014599528,0.0
zz,1261,24,57,0.23613304114284206,0.11806652057142103,0.05906319357273992,0.0
zz,1262,16,57,0.31770715812283334,0.15885357906141667,0.07938597015101245,0.0
zz,1263,8,57,0.07583372503158814,0.03791686251579407,0.019229202533391533,0.0
zz,1264,8,57,0.14115892789709933,0.07057946394854966,0.03582759206249021,0.0
zz,1265,16,57,0.30007852776185195,0.15003926388092598,0.07500435318519526,0.0
zz,1266,24,57,0.3951970719602128,0.1975985359801064,0.09704364848879918,0.0
zz,1267,24,57,0.28026702470211007,0.14013351235105503,0.06945831258257194,0.0
zz,1268,24,57,0.19183254029503072,0.09591627014751536,0.047190237510682034,0.0
zz,1269,24,57,0.06945644671992407,0.034728223359962035,0.01774265293366898,0.0
zz,1270,8,57,0.12101959168414078,0.06050979584207039,0.030684312167372614,0.0
zz,1271,8,57,0.10895875660773202,0.05447937830386601,0.027630621805045805,0.0
zz,1272,24,57,0.31317082686454567,0.15658541343227284,0.0754307614374369,0.0
zz,1273,24,57,0.2578419896693913,0.12892099483469566,0.062162975506613975,0.0
zz,1274,24,57,0.2135384850646846,0.1067692425323423,0.051983910770274054,0.0
zz,1275,16,57,0.3220861871110441,0.16104309355552204,0.08045287973025941,0.0
zz,1276,8,57,0.13758446549978431,0.06879223274989216,0.03488293206734965,0.0
zz,1277,8,57,0.14847172788044638,0.07423586394022319,0.03763844197102462,0.0
zz,1278,8,57,0.11210814753056109,0.05605407376528054,0.028405171592949773,0.0
zz,1279,24,57,0.24687117539776862,0.12343558769888431,0.06014892118157961,0.0
zz,1280,24,57,0.3215379900948583,0.16076899504742914,0.07807164766380328,0.0
zz,1281,16,57,0.3501647155551717,0.17508235777758585,0.08756659342470095,0.0
zz,1282,8,57,0.08064564176552402,0.04032282088276201,0.020465567768336777,0.0
zz,1283,16,57,0.37052098163494146,0.18526049081747073,0.0922355518157028,0.0
zz,1284,24,57,0.3429260053658222,0.1714630026829111,0.08404872315457305,0.0
zz,1285,24,57,0.2292574534791661,0.11462872673958305,0.05679938426606135,0.0
zz,1286,16,57,0.37750325653116223,0.18875162826558112,0.0937970519597282,0.0
zz,1287,24,57,0.031698461167086855,0.015849230583543428,0.007923523437440386,0.0
zz,1288,24,57,0.16264028857558094,0.08132014428779047,0.03959517925501978,0.0
zz,1289,16,57,0.35839744841738663,0.17919872420869332,0.08919268183862239,0.0
zz,1290,24,57,0.3112535163742165,0.15562675818710825,0.07517503105643093,0.0
zz,1291,8,57,0.13689814092071084,0.06844907046035542,0.03468491808002558,0.0
zz,1292,16,57,0.37383282850344085,0.18691641425172043,0.09296592426362765,0.0
zz,1293,16,57,0.33116778691560833,0.16558389345780417,0.08259211213206732,0.0
zz,1294,24,57,0.04583096029636591,0.022915480148182954,0.012165361534049155,1.5972320671631124e-06
zz,1295,8,57,0.15622562817363256,0.07811281408681628,0.03954682686737723,0.0
zz,1296,24,57,0.3606158277798922,0.1803079138899461,0.08838906314532058,0.0
zz,1297,24,57,0.26599653250354005,0.13299826625177003,0.0662689777125859,0.0
zz,1298,16,57,0.3366538844550473,0.16832694222752365,0.08428520061603284,0.0
zz,1299,8,57,0.1259117296570207,0.06295586482851034,0.031887296020623644,0.0
zz,1300,24,57,0.23366739341152634,0.11683369670576317,0.05689610035975376,0.0
zz,1301,8,57,0.11036854956189668,0.05518427478094834,0.027995691157039985,0.0
zz,1302,8,57,0.07555221198357054,0.03777610599178527,0.019152064366407002,0.0
zz,1303,16,57,0.3774715763183109,0.18873578815915545,0.09371515329010906,0.0
zz,1304,24,57,0.20432043093702815,0.10216021546851407,0.04988908625296825,0.0
zz,1305,8,57,0.10442983979839182,0.05221491989919591,0.026446903453850992,0.0
zz,1306,24,57,0.2862420725475175,0.14312103627375874,0.07015157324847844,0.0
zz,1307,16,57,0.308484451503311,0.1542422257516555,0.07694662328821836,0.0
zz,1308,8,57,0.14153715116715543,0.07076857558357771,0.035876337089568666,0.0
zz,1309,8,57,0.09662192534043001,0.04831096267021501,0.024537556751966318,0.0
zz,1310,8,57,0.08610354698735179,0.04305177349367589,0.021825543214948773,0.0
zz,1311,16,57,0.31577728493431134,0.15788864246715567,0.07884239705136424,0.0
zz,1312,8,57,0.11616585273116253,0.05808292636558127,0.029438145174958862,0.0
zz,1313,8,57,0.08329791602697989,0.041648958013489945,0.021141513216752197,0.0
zz,1314,8,57,0.1091658812736529,0.05458294063682645,0.027671862523764915,0.0
zz,1315,8,57,0.11763751854539362,0.05881875927269681,0.029784832337140923,0.0
zz,1316,24,57,0.2040524684268832,0.1020262342134416,0.05032767639350478,0.0
zz,1317,24,57,0.11631785706675696,0.05815892853337848,0.028924056789014618,0.0
zz,1318,24,57,0.2397716689006879,0.11988583445034395,0.05836799360552263,0.0
zz,1319,24,57,0.2284889052738998,0.1142444526369499,0.05665795662945442,0.0
zz,1320,24,57,0.25561721809679816,0.12780860904839908,0.06232210184053878,0.0
zz,1321,24,57,0.4247474966001372,0.2123737483000686,0.10324571838676165,0.0
zz,1322,16,57,0.3363834920733416,0.1681917460366708,0.08437104073112732,0.0
zz,1323,8,57,0.08555784765317953,0.042778923826589765,0.021700701662492636,0.0
zz,1324,16,57,0.35399943107980636,0.17699971553990318,0.08845518070537722,0.0
zz,1325,24,57,0.10107733748139969,0.050538668740699844,0.025379505572707527,0.0
zz,1326,24,57,0.205987000650771,0.1029935003253855,0.050717181771734274,0.0
zz,1327,24,57,0.30983892312814015,0.15491946156407008,0.07623610273491024,0.0
zz,1328,24,57,0.36985329084138396,0.18492664542069198,0.08965457511812835,0.0
zz,1329,24,57,0.18208667735133904,0.09104333867566952,0.04550527064983285,0.0
zz,1330,24,57,0.14035586683058798,0.07017793341529399,0.03472047733956654,0.0
zz,1331,24,57,0.2905112063048455,0.14525560315242275,0.0702354662469421,0.0
zz,1332,24,57,0.33613369554252925,0.16806684777126463,0.08254258091688733,0.0
zz,1333,16,57,0.34297971705941754,0.17148985852970877,0.08587878482989077,0.0
zz,1334,16,57,0.3228832546877295,0.16144162734386475,0.08059496157934401,0.0
zz,1335,16,57,0.3402003722023993,0.17010018610119965,0.08522999929015992,0.0
zz,1336,24,57,0.3141049421575169,0.15705247107875844,0.07605610717432877,0.0
zz,1337,8,57,0.10662901712147088,0.05331450856073544,0.027012732079188154,0.0
zz,1338,8,57,0.0921031263650871,0.04605156318254355,0.02336249373462,0.0
zz,1339,24,57,0.35597154280525534,0.17798577140262767,0.08773031119867528,0.0
zz,1340,24,57,0.4082286557047933,0.20411432785239664,0.10027045851182505,0.0
zz,1341,24,57,0.06163917396836477,0.030819586984182384,0.014506301354171134,0.0
zz,1342,8,57,0.04336631416577219,0.021683157082886095,0.010999895246741291,0.0
zz,1343,16,57,0.3573829652007229,0.17869148260036144,0.08926728880594996,0.0
zz,1344,24,57,0.15380485957815726,0.07690242978907863,0.03780874594534828,0.0
zz,1345,24,57,0.34978295824225436,0.17489147912112718,0.08663093409437235,0.0
zz,1346,8,57,0.08762670568207775,0.04381335284103888,0.022190314317862846,0.0
zz,1347,16,57,0.33765576923502383,0.16882788461751191,0.08459541064007957,0.0
zz,1348,16,57,0.37702604209623625,0.18851302104811812,0.09374078673904909,0.0
zz,1349,16,57,0.2858366745766944,0.1429183372883472,0.07138946914383638,0.0
zz,1350,8,57,0.09375790462773748,0.04687895231386874,0.02376513931271949,0.0
zz,1351,8,57,0.1643728709408846,0.0821864354704423,0.041632807211678086,0.0
zz,1352,8,57,0.09432440178134727,0.04716220089067363,0.02392311567662295,0.0
zz,1353,16,57,0.3448557183084886,0.1724278591542443,0.08636300521630093,0.0
zz,1354,8,57,0.1168587486128988,0.0584293743064494,0.029638022268015655,0.0
zz,1355,8,57,0.15361358951738247,0.07680679475869123,0.0389390762169998,0.0
zz,1356,8,57,0.08280936140801787,0.041404680704008934,0.020989030037892032,0.0
zz,1357,8,57,0.1251627936647708,0.0625813968323854,0.031712284148108505,0.0
zz,1358,16,57,0.3393547749675614,0.1696773874837807,0.08473237370539304,0.0
zz,1359,16,57,0.3311650635659518,0.1655825317829759,0.08291532221880858,0.0
zz,1360,24,57,0.3389606561486951,0.16948032807434754,0.08275167076247578,0.0
zz,1361,8,57,0.07722066361592128,0.03861033180796064,0.019565067648098226,0.0
zz,1362,16,57,0.3499432549607284,0.1749716274803642,0.08752838546877896,0.0
zz,1363,24,57,0.3061094615850011,0.15305473079250054,0.07495132813172677,0.0
zz,1364,16,57,0.3513626263037233,0.17568131315186164,0.0874778741615442,0.0
zz,1365,8,57,0.13188416912715528,0.06594208456357764,0.03341980593000481,0.0
zz,1366,8,57,0.12596551417077584,0.06298275708538792,0.03193924124214371,0.0
zz,1367,16,57,0.3487824920465566,0.1743912460232783,0.0872906784271281,0.0
zz,1368,8,57,0.10819732112175862,0.05409866056087931,0.02744079314860602,0.0
zz,1369,8,57,0.06538023523109115,0.03269011761554558,0.0165819304477393,0.0
zz,1370,8,57,0.10200089205999419,0.05100044602999709,0.02587640397698062,0.0
zz,1371,24,57,0.37372048293258897,0.18686024146629449,0.09123234440074028,0.0
zz,1372,8,57,0.07704130421768707,0.038520652108843534,0.0195104773247151,0.0
zz,1373,8,57,0.06476846233706846,0.03238423116853423,0.016428730277573557,0.0
zz,1374,24,57,0.2843373051815923,0.14216865259079614,0.06897895022395067,0.0
zz,1375,8,57,0.08066578472704489,0.04033289236352244,0.020481604171333115,0.0
zz,1376,24,57,0.20821055642871616,0.10410527821435808,0.05082547081807683,0.0
zz,1377,16,57,0.3691320702451997,0.18456603512259984,0.09182830029735435,0.0
zz,1378,16,57,0.314135318632625,0.1570676593163125,0.07856840933880806,0.0
zz,1379,8,57,0.10736059834962852,0.05368029917481426,0.02722059856860737,0.0
zz,1380,16,57,0.369724430248398,0.184862215124199,0.09190157567684762,0.0
zz,1381,16,57,0.37980359998836205,0.18990179999418103,0.09426405469547788,0.0
zz,1382,16,57,0.36042099988708687,0.18021049994354343,0.08977846619599253,0.0
zz,1383,16,57,0.34488335589842556,0.17244167794921278,0.08633274520556206,0.0
zz,1384,16,57,0.35570202187320343,0.17785101093660172,0.08865963244399158,0.0
zz,1385,24,57,0.07575099812770092,0.03787549906385046,0.01922534057177663,0.0
zz,1386,8,57,0.11653711232739106,0.05826855616369553,0.02950156752455897,0.0
zz,1387,24,57,0.20264610852519602,0.10132305426259801,0.048461241049690955,0.0
zz,1388,24,57,0.29966550995177266,0.14983275497588633,0.07430636752299243,0.0
zz,1389,8,57,0.05582648438524496,0.02791324219262248,0.014151534367850957,0.0
zz,1390,16,57,0.32571549845970726,0.16285774922985363,0.08125738306413927,0.0
zz,1391,16,57,0.3687390403058961,0.18436952015294805,0.09159211498930107,0.0
zz,1392,16,57,0.3439321168457861,0.17196605842289306,0.08613056437243301,0.0
zz,1393,24,57,0.18200813604063032,0.09100406802031516,0.04575224762124244,0.0
zz,1394,8,57,0.10963058540874548,0.05481529270437274,0.027755261812133482,0.0
zz,1395,24,57,0.14696749765142747,0.07348374882571374,0.03705822647469916,0.0
zz,1396,8,57,0.09655432841056621,0.04827716420528311,0.024457523262413322,0.0
zz,1397,8,57,0.08034454335218222,0.04017227167609111,0.020359521006659477,0.0
zz,1398,8,57,0.16975849134505172,0.08487924567252586,0.04301693620184745,0.0
zz,1399,24,57,0.22671175821472828,0.11335587910736414,0.056380906872721306,0.0
zz,1400,16,57,0.3508500298424438,0.1754250149212219,0.08748165887749747,0.0
zz,1401,16,57,0.3739210505431519,0.18696052527157594,0.09295857529680708,0.0
zz,1402,24,57,0.3636051230654024,0.1818025615327012,0.08854221087741837,0.0
zz,1403,16,57,0.34011231546901466,0.17005615773450733,0.08488952021424315,0.0
zz,1404,24,57,0.38315262640396563,0.19157631320198282,0.09367928755855406,0.0
zz,1405,24,57,0.42915401618911,0.214577008094555,0.10503856530584744,0.0
zz,1406,24,57,0.3104493344935616,0.1552246672467808,0.07709103413802204,0.0
zz,1407,16,57,0.32594391278055246,0.16297195639027623,0.08171968220065944,0.0
zz,1408,16,57,0.352147848088303,0.1760739240441515,0.08763122902013452,0.0
zz,1409,8,57,0.14351500397665584,0.07175750198832792,0.03640621604496613,0.0
zz,1410,24,57,0.02985780270938887,0.014928901354694435,0.005714380264481519,1.6515993916499383e-05
zz,1411,24,57,0.380389408797682,0.190194704398841,0.09276741090665226,0.0
zz,1412,16,57,0.35200673075497435,0.17600336537748718,0.08768238249738261,0.0
zz,1413,8,57,0.10395969836192342,0.05197984918096171,0.02631095553904144,0.0
zz,1414,24,57,0.3583675612369085,0.17918378061845425,0.08752210729028632,0.0
zz,1415,16,57,0.31038554221539594,0.15519277110769797,0.07732683009903009,0.0
zz,1416,8,57,0.12858558659141228,0.06429279329570614,0.032587678582887025,0.0
zz,1417,16,57,0.31490237386243647,0.15745118693121823,0.07842120155099691,0.0
zz,1418,8,57,0.07885493432737112,0.03942746716368556,0.019990888975161217,0.0
zz,1419,24,57,0.3291947119779677,0.16459735598898384,0.08086057794613807,0.0
zz,1420,16,57,0.37503426219253416,0.18751713109626708,0.09317531732883874,0.0
zz,1421,16,57,0.32701194719145366,0.16350597359572683,0.0816400838833706,0.0
zz,1422,24,57,0.12928421980361232,0.06464210990180616,0.032257123567238116,0.0
zz,1423,24,57,0.33763934941256457,0.16881967470628229,0.08318453134563428,0.0
zz,1424,8,57,0.07246867116652456,0.03623433558326228,0.018353150996917478,0.0
zz,1425,16,57,0.3449385482780338,0.1724692741390169,0.08636858684655965,0.0
zz,1426,8,57,0.09650827796238548,0.04825413898119274,0.024474308650919905,0.0
zz,1427,24,57,0.03308451365966347,0.016542256829831736,0.008470984271009757,0.0
zz,1428,16,57,0.3665563598943877,0.18327817994719384,0.09131201227853594,0.0
zz,1429,8,57,0.08693535873983127,0.043467679369915635,0.022060037959407156,0.0
zz,1430,8,57,0.08566279759694695,0.042831398798473475,0.021724325992548164,0.0
zz,1431,24,57,0.19596261459656125,0.09798130729828063,0.04879524094412211,0.0
zz,1432,8,57,0.09208932162089578,0.04604466081044789,0.023338524641101418,0.0
zz,1433,24,57,0.20046631101700707,0.10023315550850354,0.04923156820193882,0.0
zz,1434,8,57,0.11805630510540488,0.05902815255270244,0.029901587674301126,0.0
zz,1435,8,57,0.06791379340465686,0.03395689670232843,0.01722182011809737,0.0
zz,1436,8,57,0.0657258495587294,0.0328629247793647,0.01667752159783838,0.0
zz,1437,16,57,0.36398719867181584,0.18199359933590792,0.09065805916012919,0.0
zz,1438,8,57,0.057525213782611995,0.028762606891305997,0.01456164881331966,0.0
zz,1439,24,57,0.09829537921606568,0.04914768960803284,0.024384967573567243,0.0
zz,1440,16,57,0.2955385583106671,0.14776927915533355,0.07380907312773283,0.0
zz,1441,8,57,0.07698829523271555,0.03849414761635778,0.019533404625120994,0.0
zz,1442,24,57,0.37815868052363283,0.18907934026181641,0.0930896470059497,0.0
zz,1443,16,57,0.3447208597498561,0.17236042987492806,0.08611750636685765,0.0
zz,1444,16,57,0.3509016844089269,0.17545084220446344,0.0875626657293643,0.0
zz,1445,16,57,0.3798391812946229,0.18991959064731145,0.09436345157815088,0.0
zz,1446,24,57,0.03288630033093515,0.016443150165467574,0.0084165453902674,0.0
zz,1447,24,57,0.15232064695123082,0.07616032347561541,0.038140948047757035,0.0
zz,1448,16,57,0.37261231940767026,0.18630615970383513,0.09281893916955396,0.0
zz,1449,24,57,0.2036572259380453,0.10182861296902265,0.05059020446868257,0.0
zz,1450,8,57,0.11564021082499565,0.057820105412497824,0.029276155115754956,0.0
zz,1451,16,57,0.32132314804050177,0.16066157402025089,0.08039312876668507,0.0
zz,1452,8,57,0.040380640218193764,0.020190320109096882,0.010232454702949645,0.0
zz,1453,24,57,0.2908317061686073,0.14541585308430366,0.07063049875759622,0.0
zz,1454,24,57,0.16088999486954725,0.08044499743477362,0.039780586472185214,0.0
zz,1455,16,57,0.3568171723465723,0.17840858617328614,0.08914912707187016,0.0
zz,1456,8,57,0.13283475039416437,0.06641737519708218,0.03365391256379631,0.0
zz,1457,24,57,0.070268274194489,0.0351341370972445,0.01740149636244676,0.0
zz,1458,8,57,0.07397952463738255,0.03698976231869128,0.018759455938718302,0.0
zz,1459,8,57,0.05902310448700543,0.029511552243502714,0.014957745920271433,0.0
zz,1460,16,57,0.3515297142026647,0.17576485710133236,0.08766582004014682,0.0
zz,1461,8,57,0.09918582661486242,0.04959291330743121,0.025163529588295194,0.0
zz,1462,24,57,0.07440441588713775,0.03720220794356888,0.019025654747468757,0.0
zz,1463,8,57,0.12961234167425462,0.06480617083712731,0.03283126035853267,0.0
zz,1464,16,57,0.3568227704957406,0.1784113852478703,0.08915605591324031,0.0
zz,1465,24,57,0.05868499031292085,0.029342495156460424,0.014088569434011586,0.0
zz,1466,16,57,0.36323876191546545,0.18161938095773272,0.09066696831474148,0.0
zz,1467,24,57,0.22317204276494218,0.11158602138247109,0.05447376730390164,0.0
zz,1468,24,57,0.3305168916668648,0.1652584458334324,0.08191501575882422,0.0
zz,1469,8,57,0.09640088720964579,0.048200443604822896,0.02441787988701981,0.0
zz,1470,8,57,0.06742163263118117,0.033710816315590586,0.017085017478231608,0.0
zz,1471,24,57,0.2306690822402465,0.11533454112012324,0.056418146608621426,0.0
zz,1472,16,57,0.3444479047935892,0.1722239523967946,0.08623843333426362,0.0
zz,1473,16,57,0.3283510821121862,0.1641755410560931,0.08207154579231495,0.0
zz,1474,8,57,0.12573192603182148,0.06286596301591074,0.03190635932919467,0.0
zz,1475,8,57,0.06994528758003749,0.03497264379001874,0.017734622083933196,0.0
zz,1476,24,57,0.08877446703929837,0.04438723351964918,0.022780142929804962,0.0
zz,1477,24,57,0.35769309548908657,0.17884654774454328,0.08766233110258678,0.0
zz,1478,8,57,0.11451918621491308,0.05725959310745654,0.029064638183889994,0.0
zz,1479,8,57,0.07639167158141058,0.03819583579070529,0.01936269348426669,0.0
zz,1480,16,57,0.2780928706885429,0.13904643534427144,0.06962849829749941,0.0
zz,1481,24,57,0.3031694288867516,0.1515847144433758,0.07306388063815976,0.0
zz,1482,8,57,0.15312919553090248,0.07656459776545124,0.038826679927826936,0.0
zz,1483,8,57,0.10286237914986185,0.051431189574930924,0.026044272725870992,0.0
zz,1484,16,57,0.3306995087701172,0.1653497543850586,0.08279093710551287,0.0
zz,1485,8,57,0.1273496374904578,0.0636748187452289,0.03225687465811209,0.0
zz,1486,16,57,0.34926449257927517,0.17463224628963758,0.08742429078164866,0.0
zz,1487,24,57,0.23945003692635072,0.11972501846317536,0.058595418046694735,0.0
zz,1488,16,57,0.3529378806690593,0.17646894033452964,0.08796772302742045,0.0
zz,1489,24,57,0.34084412043877177,0.17042206021938588,0.08347978402865328,0.0
zz,1490,16,57,0.3560420614107679,0.17802103070538394,0.08893239234948443,0.0
zz,1491,16,57,0.34549593684793106,0.17274796842396553,0.0863995868953038,0.0
zz,1492,24,57,0.08650692743470961,0.043253463717354806,0.021746715752732737,0.0
zz,1493,16,57,0.36309898651364503,0.18154949325682251,0.09028036753521994,0.0
zz,1494,8,57,0.10960137887588683,0.05480068943794342,0.02778133605893975,0.0
zz,1495,8,57,0.12749380514291275,0.06374690257145638,0.03229752843374513,0.0
zz,1496,8,57,0.10142637896502227,0.050713189482511134,0.025683404264616447,0.0
zz,1497,8,57,0.10682191977660793,0.053410959888303966,0.027071947058643634,0.0
zz,1498,8,57,0.16219362112184066,0.08109681056092033,0.04114330402903338,0.0
zz,1499,8,57,0.1608916539605711,0.08044582698028555,0.040801298253637826,0.0
zz,1500,8,57,0.12345501118126401,0.061727505590632004,0.03122853146056529,0.0
zz,1501,8,57,0.06394299230197487,0.03197149615098743,0.016213562446687594,0.0
zz,1502,16,57,0.31240897634871445,0.15620448817435723,0.07816945204907201,0.0
zz,1503,16,57,0.36774347743518543,0.18387173871759271,0.09155936995100497,0.0
zz,1504,24,57,0.39218511115214894,0.19609255557607447,0.09499181563177855,0.0
zz,1505,16,57,0.3595370736710698,0.1797685368355349,0.08981079450719592,0.0
zz,1506,24,57,0.16135993984154473,0.08067996992077237,0.039242103406971145,0.0
zz,1507,24,57,0.37738314547503427,0.18869157273751713,0.09229101510283987,0.0
zz,1508,24,57,0.2997766548046973,0.14988832740234864,0.07435418318623772,0.0
zz,1509,24,57,0.18580453757414553,0.09290226878707276,0.04565659971221875,0.0
zz,1510,24,57,0.35897558147620523,0.17948779073810261,0.08848456247518267,0.0
zz,1511,16,57,0.34051141819505976,0.17025570909752988,0.08529088777436679,0.0
zz,1512,16,57,0.3423091780836479,0.17115458904182396,0.08574320394236228,0.0
zz,1513,8,57,0.12513681909876007,0.06256840954938003,0.031693925141562274,0.0
zz,1514,16,57,0.3443394077019126,0.1721697038509563,0.08594178019710653,0.0
zz,1515,24,57,0.3166502646838594,0.1583251323419297,0.07759781165065478,0.0
zz,1516,8,57,0.0899619253955195,0.04498096269775975,0.022798039500864117,0.0
zz,1517,16,57,0.34858965601548025,0.17429482800774013,0.08714395449495865,0.0
zz,1518,24,57,0.12450909124123155,0.062254545620615775,0.03067614280521828,0.0
zz,1519,16,57,0.35596230271489404,0.17798115135744702,0.08882695114828651,0.0
zz,1520,24,57,0.053212510463210405,0.026606255231605203,0.014170025316118488,9.588687947759134e-06
zz,1521,8,57,0.11495440129685752,0.05747720064842876,0.029142789768373183,0.0
zz,1522,24,57,0.07589986818806138,0.03794993409403069,0.01792045640505628,0.0
zz,1523,24,57,0.3961321992931776,0.1980660996465888,0.09638802481873954,0.0
zz,1524,8,57,0.08014459328240153,0.040072296641200766,0.02032426918979008,0.0
zz,1525,8,57,0.08681494498072906,0.04340747249036453,0.02200872926251804,0.0
zz,1526,24,57,0.43489136262074846,0.21744568131037423,0.10610199430615011,0.0
zz,1527,8,57,0.07809849484370057,0.039049247421850286,0.01980441798767579,0.0
zz,1528,24,57,0.20097604062742125,0.10048802031371062,0.04953187136262829,0.0
zz,1529,8,57,0.08862766751931472,0.04431383375965736,0.02244329536681837,0.0
zz,1530,8,57,0.1047824761524524,0.0523912380762262,0.02655517656482534,0.0
zz,1531,24,57,0.37283631981629894,0.18641815990814947,0.09151124105341725,0.0
zz,1532,8,57,0.10050508000217895,0.050252540001089474,0.02547825703039181,0.0
zz,1533,16,57,0.33681854945738376,0.16840927472869188,0.08425197551960051,0.0
zz,1534,16,57,0.34779631235107156,0.17389815617553578,0.08657226952683784,0.0
zz,1535,24,57,0.2871495457346914,0.1435747728673457,0.06997793128324396,0.0
zz,1536,16,57,0.3578097914043632,0.1789048957021816,0.08910591213541282,0.0
zz,1537,16,57,0.378604831003538,0.189302415501769,0.09399766947508005,0.0
zz,1538,24,57,0.07139938372746996,0.03569969186373498,0.01840879770780812,0.0
zz,1539,24,57,0.32085373600559575,0.16042686800279787,0.07843263701950862,0.0
zz,1540,24,57,0.31185100884058115,0.15592550442029057,0.07723776203736141,0.0
zz,1541,24,57,0.32077682498136784,0.16038841249068392,0.07801044402865828,0.0
zz,1542,16,57,0.37127313219564406,0.18563656609782203,0.09220592968061678,0.0
zz,1543,16,57,0.3667792798372467,0.18338963991862334,0.0913971267571985,0.0
zz,1544,8,57,0.06546198870366493,0.032730994351832465,0.016590281480658147,0.0
zz,1545,24,57,0.3435771668039308,0.1717885834019654,0.08346492842477901,0.0
zz,1546,24,57,0.2571263351244256,0.1285631675622128,0.06345745710683118,0.0
zz,1547,24,57,0.2318300948161097,0.11591504740805485,0.05638966454477865,0.0
zz,1548,8,57,0.12851977817091442,0.06425988908545721,0.03257840179619896,0.0
zz,1549,16,57,0.3149463232312986,0.1574731616156493,0.07856789258184854,0.0
zz,1550,8,57,0.07778466202667689,0.038892331013338444,0.01973815454831028,0.0
zz,1551,16,57,0.35521832932687186,0.17760916466343593,0.0886272968264358,0.0
zz,1552,16,57,0.35870682279780197,0.17935341139890099,0.08954240242584091,0.0
zz,1553,16,57,0.35210348230846567,0.17605174115423283,0.08783531136804307,0.0
zz,1554,8,57,0.07840834818722597,0.03920417409361299,0.01986064080859021,0.0
zz,1555,24,57,0.2962647576662335,0.14813237883311675,0.07314938546619816,0.0
zz,1556,8,57,0.10376022369797899,0.051880111848989496,0.02629262588192104,0.0
zz,1557,16,57,0.3618601226403039,0.18093006132015196,0.09001288833398467,0.0
zz,1558,24,57,0.35872722197268814,0.17936361098634407,0.0878557564154055,0.0
zz,1559,16,57,0.3688345725036278,0.1844172862518139,0.09183635719093937,0.0
zz,1560,24,57,0.34742806839377005,0.17371403419688503,0.08277713900629922,0.0
zz,1561,8,57,0.073720422692092,0.036860211346046,0.01866429995559193,0.0
zz,1562,8,57,0.0716141474657861,0.03580707373289305,0.018151336097510226,0.0
zz,1563,24,57,0.2124405623649234,0.1062202811824617,0.05237254902053617,0.0
zz,1564,24,57,0.40622062272926396,0.20311031136463198,0.09897086194358287,0.0
zz,1565,8,57,0.09718848536810143,0.048594242684050715,0.024636340674780575,0.0
zz,1566,24,57,0.2117603230364812,0.1058801615182406,0.05234013669351597,0.0
zz,1567,24,57,0.08004696210009021,0.04002348105004511,0.020637077809808294,0.0
zz,1568,24,57,0.2749462324331653,0.13747311621658265,0.06751009706695589,0.0
zz,1569,16,57,0.3613482512622001,0.18067412563110005,0.09014812362541201,0.0
zz,1570,16,57,0.387055872500881,0.1935279362504405,0.0957412634754066,0.0
zz,1571,24,57,0.3095697731849716,0.1547848865924858,0.07666269730653506,0.0
zz,1572,24,57,0.2505568708675854,0.1252784354337927,0.06173516875963079,0.0
zz,1573,8,57,0.08793020283029518,0.04396510141514759,0.022309764424576134,0.0
zz,1574,8,57,0.13475334198074418,0.06737667099037209,0.03416517860628314,0.0
zz,1575,24,57,0.061610871836814574,0.030805435918407287,0.015556164596503344,0.0
zz,1576,16,57,0.37742325187298087,0.18871162593649043,0.0936791043375581,0.0
zz,1577,8,57,0.09177811009278869,0.045889055046394345,0.023264646168744633,0.0
zz,1578,8,57,0.11448048088654128,0.05724024044327064,0.029028212388687063,0.0
zz,1579,16,57,0.3002163742157071,0.15010818710785356,0.07530335510441366,0.0
zz,1580,16,57,0.3156629908331827,0.15783149541659136,0.07912595029415832,0.0
zz,1581,16,57,0.3535037838822303,0.17675189194111515,0.08832083730671236,0.0
zz,1582,24,57,0.42909443940156045,0.21454721970078022,0.10444098647449607,0.0
zz,1583,24,57,0.2959239588488199,0.14796197942440995,0.07264423653492845,0.0
zz,1584,16,57,0.3569506106192266,0.1784753053096133,0.08913863306868314,0.0
zz,1585,8,57,0.11037024968016262,0.05518512484008131,0.027963300250279984,0.0
zz,1586,8,57,0.10982187431911272,0.05491093715955636,0.027853785352649076,0.0
zz,1587,8,57,0.16814355712681056,0.08407177856340528,0.04266302853990566,0.0
zz,1588,24,57,0.10664519899090175,0.05332259949545087,0.02611156197028372,0.0
zz,1589,8,57,0.09112353070374324,0.04556176535187162,0.02312714665609096,0.0
zz,1590,16,57,0.3476354591991146,0.1738177295995573,0.08677608289755512,0.0
zz,1591,8,57,0.09340988021567231,0.04670494010783616,0.023706990315258667,0.0
zz,1592,8,57,0.10611563983384742,0.05305781991692371,0.02694498966375054,0.0
zz,1593,16,57,0.3484264855270636,0.1742132427635318,0.08714399221253384,0.0
zz,1594,24,57,0.13505741554191097,0.06752870777095549,0.033531269677205176,0.0
zz,1595,24,57,0.25011820136564583,0.12505910068282292,0.06070908346956427,0.0
zz,1596,8,57,0.1324646674138964,0.0662323337069482,0.033531414904795824,0.0
zz,1597,24,57,0.3100400490683124,0.1550200245341562,0.0757487000478488,0.0
zz,1598,8,57,0.0963378407593446,0.0481689203796723,0.024434945392916997,0.0
zz,1599,8,57,0.14245934423512474,0.07122967211756237,0.036095331250753565,0.0
zz,1600,8,57,0.07930861986625404,0.03965430993312702,0.020122630189504383,0.0
zz,1601,8,57,0.09165674991264616,0.04582837495632308,0.023268918267898165,0.0
zz,1602,8,57,0.08579908879738551,0.04289954439869276,0.021722266268676522,0.0
zz,1603,8,57,0.08955242215791803,0.044776211078959016,0.02270949068063046,0.0
zz,1604,24,57,0.3354730953435292,0.1677365476717646,0.08210592546688072,0.0
zz,1605,24,57,0.10811414012356457,0.054057070061782286,0.02621562607777944,0.0
zz,1606,24,57,0.3236226229620317,0.16181131148101585,0.07869222144008796,0.0
zz,1607,8,57,0.06988159277657813,0.034940796388289064,0.017698374822355926,0.0
zz,1608,16,57,0.3599667000911074,0.1799833500455537,0.08977931671312997,0.0
zz,1609,16,57,0.3554116659847141,0.17770583299235704,0.08869581498416587,0.0
zz,1610,8,57,0.06808349539859826,0.03404174769929913,0.017275625576471706,0.0
zz,1611,24,57,0.3480089764657225,0.17400448823286124,0.08525370612286666,0.0
zz,1612,8,57,0.12533261599661505,0.06266630799830752,0.031732398810866196,0.0
zz,1613,24,57,0.05494845635094364,0.02747422817547182,0.014313761068288224,0.0
zz,1614,16,57,0.3457643369034822,0.1728821684517411,0.086526456986569,0.0
zz,1615,16,57,0.3574168638172109,0.17870843190860544,0.08928658204778238,0.0
zz,1616,16,57,0.3607970598569251,0.18039852992846256,0.09000335737681257,0.0
zz,1617,8,57,0.0951207714574086,0.0475603857287043,0.024100533515681196,0.0
zz,1618,24,57,0.28246882869873774,0.14123441434936887,0.06908422906218654,0.0
zz,1619,8,57,0.09029713336942424,0.04514856668471212,0.02291288899327473,0.0
zz,1620,24,57,0.15457746612363443,0.07728873306181722,0.03771760644835666,0.0
zz,1621,24,57,0.10685549235942321,0.053427746179711605,0.027360108600703557,0.0
zz,1622,8,57,0.08149885064196294,0.04074942532098147,0.02065764603258639,0.0
zz,1623,16,57,0.3155235008470142,0.1577617504235071,0.07894863480056065,0.0
zz,1624,16,57,0.35789788964613445,0.17894894482306722,0.08936012582782403,0.0
zz,1625,24,57,0.35220934172729,0.176104670863645,0.08622025907687174,0.0
zz,1626,16,57,0.32116295173582476,0.16058147586791238,0.08033177972925136,0.0
zz,1627,8,57,0.09700945796266325,0.048504728981331624,0.024598807181892078,0.0
zz,1628,16,57,0.35848881008294653,0.17924440504147326,0.08934216754933251,0.0
zz,1629,24,57,0.20741506046331315,0.10370753023165658,0.050744463146309884,0.0
zz,1630,16,57,0.3220835733382942,0.1610417866691471,0.08029398449958412,0.0
zz,1631,8,57,0.14455826186463716,0.07227913093231858,0.03666144419098435,0.0
zz,1632,16,57,0.3694676760093154,0.1847338380046577,0.09161168128496007,0.0
zz,1633,16,57,0.37259153736422157,0.18629576868211078,0.09254932295847235,0.0
zz,1634,24,57,0.0851373450564708,0.0425686725282354,0.02239767577216679,0.0
zz,1635,24,57,0.06212895190360279,0.031064475951801396,0.01299741753925272,6.5117938654601915e-06
zz,1636,24,57,0.3525588833788272,0.1762794416894136,0.08527929191587845,0.0
zz,1637,16,57,0.35470789746484854,0.17735394873242427,0.08854791528344322,0.0
zz,1638,16,57,0.3547457991316282,0.1773728995658141,0.0884253555114199,0.0
zz,1639,24,57,0.2693834657763495,0.13469173288817474,0.06627260994072308,0.0
zz,1640,8,57,0.10726584751194301,0.05363292375597151,0.027185052655186094,0.0
zz,1641,24,57,0.10617048506393634,0.05308524253196817,0.025979183560287486,0.0
zz,1642,24,57,0.20607305192010142,0.10303652596005071,0.05129064765402663,0.0
zz,1643,16,57,0.32465540418956096,0.16232770209478048,0.0815530551306684,0.0
zz,1644,16,57,0.3747601242615981,0.18738006213079905,0.09305703470690538,0.0
zz,1645,8,57,0.15637389247341194,0.07818694623670597,0.03961881576544045,0.0
zz,1646,24,57,0.10603952076773354,0.05301976038386677,0.02666785081354601,0.0
zz,1647,16,57,0.3090782368473093,0.15453911842365464,0.07699575116112134,0.0
zz,1648,8,57,0.08624652934819799,0.04312326467409899,0.021864304652857373,0.0
zz,1649,24,57,0.025221888873991016,0.012610944436995508,0.005046794831831521,0.0
zz,1650,16,57,0.3450793976723634,0.1725396988361817,0.08638649376460411,0.0
zz,1651,8,57,0.11265672642394964,0.05632836321197482,0.028524795591913035,0.0
zz,1652,8,57,0.09674464245838843,0.048372321229194215,0.024529325088344992,0.0
zz,1653,24,57,0.41089019971783625,0.20544509985891812,0.09960287294040639,0.0
zz,1654,24,57,0.3766424290282018,0.1883212145141009,0.09295145731085243,0.0
zz,1655,24,57,0.06249008141517798,0.03124504070758899,0.01568918541654113,0.0
zz,1656,24,57,0.2681770527653091,0.13408852638265456,0.06582330052640645,0.0
zz,1657,8,57,0.11768091505688438,0.05884045752844219,0.029811859566974526,0.0
zz,1658,24,57,0.3624828635952942,0.1812414317976471,0.08898354469756067,0.0
zz,1659,24,57,0.16089533136709816,0.08044766568354908,0.03947354544382016,0.0
zz,1660,16,57,0.3320576998634256,0.1660288499317128,0.08332481152043468,0.0
zz,1661,8,57,0.0724043587309584,0.0362021793654792,0.01836194556549746,0.0
zz,1662,16,57,0.31751582694022146,0.15875791347011073,0.0794233082307235,0.0
zz,1663,8,57,0.10092647814045552,0.05046323907022776,0.025590869905449478,0.0
zz,1664,8,57,0.0814169319032978,0.0407084659516489,0.02062731688815056,0.0
zz,1665,24,57,0.3157322356647201,0.15786611783236004,0.07706634154673439,0.0
zz,1666,8,57,0.08012558168382888,0.04006279084191444,0.020325982402343054,0.0
zz,1667,8,57,0.09694329136194624,0.04847164568097312,0.02459005640994492,0.0
zz,1668,16,57,0.35335081228794774,0.17667540614397387,0.08830360381978496,0.0
zz,1669,16,57,0.34239957677813093,0.17119978838906547,0.08547032645637966,0.0
zz,1670,16,57,0.2857625995488402,0.1428812997744201,0.07117900269898171,0.0
zz,1671,8,57,0.13017506250927724,0.06508753125463862,0.03298906742229221,0.0
zz,1672,8,57,0.07041735750550293,0.035208678752751466,0.017855173623374788,0.0
zz,1673,16,57,0.31530385620079804,0.15765192810039902,0.07905536379336237,0.0
zz,1674,8,57,0.08126519238564689,0.040632596192823445,0.020577064121566575,0.0
zz,1675,24,57,0.20489773740219844,0.10244886870109922,0.050356091085867055,0.0
zz,1676,16,57,0.3723569903048557,0.18617849515242785,0.09263289225781939,0.0
zz,1677,8,57,0.06344193787878916,0.03172096893939458,0.016076382056888085,0.0
zz,1678,16,57,0.34866764003681483,0.17433382001840741,0.0865779162752192,0.0
zz,1679,16,57,0.3657274691089182,0.1828637345544591,0.09106870923550629,0.0
zz,1680,16,57,0.35643509827832254,0.17821754913916127,0.08884668399424084,0.0
zz,1681,16,57,0.37322492605625834,0.18661246302812917,0.09266427515898407,0.0
zz,1682,16,57,0.337291505613702,0.168645752806851,0.08458219990430936,0.0
zz,1683,8,57,0.11286709061462041,0.05643354530731021,0.028627141078423478,0.0
zz,1684,24,57,0.4241646841252309,0.21208234206261545,0.1041865912283283,0.0
zz,1685,16,57,0.32358901056540346,0.16179450528270173,0.08125426603161455,0.0
zz,1686,8,57,0.11592190920866485,0.057960954604332426,0.029420388349402166,0.0
zz,1687,16,57,0.35664211180474054,0.17832105590237027,0.08904642708821943,0.0
zz,1688,24,57,0.4179531517539968,0.2089765758769984,0.10164722189761644,0.0
zz,1689,24,57,0.29306348065138854,0.14653174032569427,0.0716087142139058,0.0
zz,1690,16,57,0.35557957017955977,0.17778978508977988,0.08889935880467091,0.0
zz,1691,8,57,0.10814709830125069,0.054073549150625344,0.027421722570328835,0.0
zz,1692,24,57,0.3630740906285581,0.18153704531427906,0.08925346262081785,0.0
zz,1693,24,57,0.29404979296320366,0.14702489648160183,0.06994344486955371,0.0
zz,1694,24,57,0.38057144568077494,0.19028572284038747,0.09309550444351855,0.0
zz,1695,16,57,0.35531054671792045,0.17765527335896023,0.08832820289854736,0.0
zz,1696,24,57,0.22313606114649315,0.11156803057324657,0.05457325197968022,0.0
zz,1697,16,57,0.36654341019527914,0.18327170509763957,0.09133941503080051,0.0
zz,1698,16,57,0.3256790421136117,0.16283952105680585,0.08107046857434039,0.0
zz,1699,16,57,0.32359284352432094,0.16179642176216047,0.08055488646741778,0.0
zz,1700,8,57,0.10157981728618792,0.05078990864309396,0.025768566199406644,0.0
zz,1701,16,57,0.3773184979451931,0.18865924897259656,0.09378489895002792,0.0
zz,1702,16,57,0.34011040495159695,0.17005520247579847,0.08521428107108815,0.0
zz,1703,24,57,0.2245900382327994,0.1122950191163997,0.05527041710851796,0.0
zz,1704,8,57,0.07333624060270483,0.036668120301352414,0.01860070905908347,0.0
zz,1705,16,57,0.3650403003789072,0.1825201501894536,0.09065688837777829,0.0
zz,1706,8,57,0.10189169799003461,0.05094584899501731,0.02585983480758637,0.0
zz,1707,8,57,0.09757621703487707,0.04878810851743853,0.024755712941382353,0.0
zz,1708,16,57,0.35384304968144564,0.17692152484072282,0.08839071135704851,0.0
zz,1709,24,57,0.3374786669492224,0.1687393334746112,0.081993398892579,0.0
zz,1710,24,57,0.18307755879414772,0.09153877939707386,0.044481387313829494,0.0
zz,1711,8,57,0.10775096618336155,0.053875483091680776,0.0273389511262499,0.0
zz,1712,24,57,0.2551985594884758,0.1275992797442379,0.0625625750301591,0.0
zz,1713,8,57,0.1083265276487082,0.0541632638243541,0.027464712048890515,0.0
zz,1714,16,57,0.275480441839884,0.137740220919942,0.06907440893823896,0.0
zz,1715,8,57,0.060123991240072394,0.030061995620036197,0.015259118245054836,0.0
zz,1716,16,57,0.33143539020813173,0.16571769510406587,0.08276866981431313,0.0
zz,1717,24,57,0.3078379433321422,0.1539189716660711,0.07583373834363527,0.0
zz,1718,16,57,0.370200822732798,0.185100411366399,0.09198004789783433,0.0
zz,1719,16,57,0.3314941535734553,0.16574707678672765,0.0829642843839123,0.0
zz,1720,24,57,0.21353979660366773,0.10676989830183387,0.05104581734608291,0.0
zz,1721,16,57,0.34353692482783305,0.17176846241391652,0.08586895612934914,0.0
zz,1722,8,57,0.11693670691626501,0.058468353458132505,0.029617867632120414,0.0
zz,1723,24,57,0.3702035199178457,0.18510175995892286,0.08986152012765583,0.0
zz,1724,8,57,0.06977824530724408,0.03488912265362204,0.017689540858667963,0.0
zz,1725,24,57,0.20195897907010113,0.10097948953505057,0.04994276522048698,0.0
zz,1726,16,57,0.3381670570977108,0.1690835285488554,0.08472609894982229,0.0
zz,1727,8,57,0.14576626036699458,0.07288313018349729,0.036957177425360706,0.0
zz,1728,8,57,0.07182473254398258,0.03591236627199129,0.018208420116033328,0.0
zz,1729,24,57,0.2073783570884491,0.10368917854422455,0.0513018701538214,0.0
zz,1730,8,57,0.09429961665731679,0.047149808328658394,0.023921668487556343,0.0
zz,1731,16,57,0.35096953041548395,0.17548476520774198,0.08761844058368179,0.0
zz,1732,16,57,0.34194209149823585,0.17097104574911792,0.08561718053710936,0.0
zz,1733,16,57,0.33008467755193893,0.16504233877596947,0.0819598085696833,0.0
zz,1734,16,57,0.3799237179590008,0.1899618589795004,0.09433597988922082,0.0
zz,1735,8,57,0.07795632091492022,0.03897816045746011,0.019748211697389592,0.0
zz,1736,8,57,0.1312458511396104,0.0656229255698052,0.03328741931717704,0.0
zz,1737,24,57,0.4122531409461456,0.2061265704730728,0.09990441512229874,0.0
zz,1738,8,57,0.0967933644368959,0.04839668221844795,0.02454548654977298,0.0
zz,1739,24,57,0.2832170907338506,0.1416085453669253,0.06916959099528501,0.0
zz,1740,24,57,0.29824910409430483,0.14912455204715241,0.07296039079097084,0.0
zz,1741,24,57,0.2679748705826584,0.1339874352913292,0.06573788303081224,0.0
zz,1742,24,57,0.24568155592618268,0.12284077796309134,0.060858222054218675,0.0
zz,1743,8,57,0.11363038131424408,0.05681519065712204,0.02882667897448254,0.0
zz,1744,16,57,0.3642699381642004,0.1821349690821002,0.09082645412923177,0.0
zz,1745,8,57,0.0675019933005474,0.0337509966502737,0.01710922621200964,0.0
zz,1746,8,57,0.0703264804669208,0.0351632402334604,0.01782476768277325,0.0
zz,1747,24,57,0.19738904948902755,0.09869452474451378,0.0490493321974121,0.0
zz,1748,24,57,0.19626405152339094,0.09813202576169547,0.048596217061368914,0.0
zz,1749,24,57,0.29504338468542424,0.14752169234271212,0.07334037634154415,0.0
zz,1750,8,57,0.09171528875066937,0.04585764437533468,0.023245258064161865,0.0
zz,1751,24,57,0.3611839329326775,0.18059196646633874,0.08852383374501585,0.0
zz,1752,16,57,0.3213978817010267,0.16069894085051334,0.08032342504366816,0.0
zz,1753,16,57,0.2660895606172792,0.1330447803086396,0.06671488835700516,0.0
zz,1754,8,57,0.09362682510801135,0.04681341255400567,0.023732406683715027,0.0
zz,1755,8,57,0.09766175136636368,0.04883087568318184,0.024745562880259087,0.0
zz,1756,16,57,0.345513617910992,0.172756808955496,0.08592783620639019,0.0
zz,1757,8,57,0.10730871187513302,0.05365435593756651,0.027185386055275224,0.0
zz,1758,8,57,0.07231774972711613,0.036158874863558066,0.01834547758208757,0.0
zz,1759,8,57,0.08916565629415585,0.044582828147077924,0.02259086768083925,0.0
zz,1760,16,57,0.33252237972609544,0.16626118986304772,0.08313308200418186,0.0
zz,1761,24,57,0.18138568902171218,0.09069284451085609,0.045346117520458855,0.0
zz,1762,24,57,0.08356055518196837,0.04178027759098418,0.020871855526769074,0.0
zz,1763,8,57,0.12623338879827362,0.06311669439913681,0.032024140169144774,0.0
zz,1764,24,57,0.17799071214304693,0.08899535607152347,0.043927964923748564,0.0
zz,1765,24,57,0.20276914167954693,0.10138457083977347,0.05012548208282824,0.0
zz,1766,8,57,0.16822510802103807,0.08411255401051904,0.04261012188520658,0.0
zz,1767,8,57,0.06391397419806388,0.03195698709903194,0.016205937143246276,0.0
zz,1768,8,57,0.09930085356768892,0.04965042678384446,0.0251715030013116,0.0
zz,1769,16,57,0.3568593846747879,0.17842969233739395,0.08916521339497253,0.0
zz,1770,8,57,0.09265105876990565,0.046325529384952824,0.02349215153084243,0.0
zz,1771,24,57,0.2333182300274433,0.11665911501372166,0.057173993434153955,0.0
zz,1772,16,57,0.3551094286462262,0.1775547143231131,0.08873650070320123,0.0
zz,1773,16,57,0.3469340478679188,0.1734670239339594,0.08666736773438688,0.0
zz,1774,8,57,0.11633513190221434,0.05816756595110717,0.02947658767287017,0.0
zz,1775,16,57,0.3111749730734536,0.1555874865367268,0.07762021939340955,0.0
zz,1776,24,57,0.4022741404558613,0.20113707022793065,0.09752465322598479,0.0
zz,1777,8,57,0.11230596679679083,0.05615298339839542,0.028461529922275727,0.0
zz,1778,8,57,0.09310189957511295,0.04655094978755647,0.02359325332989414,0.0
zz,1779,16,57,0.3369121355217074,0.1684560677608537,0.08416732843510799,0.0
zz,1780,16,57,0.37505716571938086,0.18752858285969043,0.09328940142572772,0.0
zz,1781,16,57,0.37723218003053216,0.18861609001526608,0.09379372098308954,0.0
zz,1782,24,57,0.1881400486979387,0.09407002434896936,0.04667620976623942,0.0
zz,1783,24,57,0.36305654882596194,0.18152827441298097,0.08917643400149645,0.0
zz,1784,16,57,0.308725911581245,0.1543629557906225,0.07712156975536827,0.0
zz,1785,8,57,0.09462708997937264,0.04731354498968632,0.023993619060213352,0.0
zz,1786,8,57,0.1416934886908452,0.0708467443454226,0.03584930428254474,0.0
zz,1787,8,57,0.13159936845462317,0.06579968422731158,0.03329850660221951,0.0
zz,1788,24,57,0.221010536223767,0.1105052681118835,0.05423083204487197,0.0
zz,1789,8,57,0.08993392292668279,0.04496696146334139,0.022821090731525627,0.0
zz,1790,24,57,0.18326083015968908,0.09163041507984454,0.04591795728527982,0.0
zz,1791,16,57,0.3539726276749902,0.1769863138374951,0.08814701723309168,0.0
zz,1792,8,57,0.08159687842025909,0.040798439210129545,0.0206728415424677,0.0
zz,1793,24,57,0.2527804918787687,0.12639024593938436,0.06213684300307566,0.0
zz,1794,24,57,0.38287859355137344,0.19143929677568672,0.09303985973459913,0.0
zz,1795,16,57,0.36992898559241283,0.18496449279620641,0.0917504173776224,0.0
zz,1796,16,57,0.3543184850805112,0.1771592425402556,0.08858507861750663,0.0
zz,1797,16,57,0.33409337269233624,0.16704668634616812,0.08331285737301733,0.0
zz,1798,24,57,0.2997792107757189,0.14988960538785945,0.07354119616002416,0.0
zz,1799,24,57,0.06835449357495638,0.03417724678747819,0.016923874604522236,0.0
zz,1800,16,57,0.3522027656703244,0.1761013828351622,0.08774838038020646,0.0
zz,1801,16,57,0.37574612627622506,0.18787306313811253,0.09338834682137875,0.0
zz,1802,8,57,0.12357903703572382,0.06178951851786191,0.031337660935546914,0.0
zz,1803,24,57,0.1642747221238251,0.08213736106191255,0.04041032558407827,0.0
zz,1804,24,57,0.2163871041691584,0.1081935520845792,0.052786557668414454,0.0
zz,1805,24,57,0.07754037605195518,0.03877018802597759,0.019622672077106097,0.0
zz,1806,16,57,0.3562360331449898,0.1781180165724949,0.08881851413581282,0.0
zz,1807,24,57,0.3295810095872198,0.1647905047936099,0.08113022850181616,0.0
zz,1808,8,57,0.09250285968042882,0.04625142984021441,0.023473027044389954,0.0
zz,1809,8,57,0.08929995993374917,0.04464997996687459,0.022642477448838336,0.0
zz,1810,24,57,0.26499893605939395,0.13249946802969698,0.06473790822598514,0.0
zz,1811,16,57,0.3387829256123148,0.1693914628061574,0.08454316690363314,0.0
zz,1812,16,57,0.35302642402950135,0.17651321201475068,0.08824050579204834,0.0
zz,1813,24,57,0.16952589247952216,0.08476294623976108,0.04252347689722157,0.0
zz,1814,16,57,0.3715055391984123,0.18575276959920614,0.09228569891382477,0.0
zz,1815,24,57,0.20300558135181976,0.10150279067590988,0.049963089770091104,0.0
zz,1816,24,57,0.136853525342435,0.0684267626712175,0.03381827326285818,0.0
zz,1817,16,57,0.3710637322772675,0.18553186613863376,0.0922615373355609,0.0
zz,1818,24,57,0.20701849131396158,0.10350924565698079,0.04957196120094271,0.0
zz,1819,8,57,0.1399040079271311,0.06995200396356555,0.03547422098384072,0.0
zz,1820,16,57,0.31968499869130995,0.15984249934565498,0.07960282800740448,0.0
zz,1821,8,57,0.08065607452409818,0.04032803726204909,0.020452672210572644,0.0
zz,1822,16,57,0.3339315553384795,0.16696577766923976,0.08337067534337553,0.0
zz,1823,8,57,0.08160907421955566,0.04080453710977783,0.020674338500326097,0.0
zz,1824,24,57,0.22324444916038147,0.11162222458019073,0.05462315890628603,0.0
zz,1825,16,57,0.36107659131751424,0.18053829565875712,0.08952156280777973,0.0
zz,1826,16,57,0.3508855429149219,0.17544277145746096,0.08769947842259171,0.0
zz,1827,24,57,0.1639698468902313,0.08198492344511565,0.04042025291885615,0.0
zz,1828,24,57,0.3869830712761798,0.1934915356380899,0.09417185896743725,0.0
zz,1829,16,57,0.32331666298635875,0.16165833149317937,0.08099616861783597,0.0
zz,1830,8,57,0.09401866410971149,0.047009332054855746,0.023836979876907253,0.0
zz,1831,8,57,0.060449798548857125,0.030224899274428563,0.01532794505355436,0.0
zz,1832,24,57,0.2563245521259042,0.1281622760629521,0.06232766343872792,0.0
zz,1833,16,57,0.34106965004051193,0.17053482502025596,0.0850837191806193,0.0
zz,1834,8,57,0.12197105576616507,0.060985527883082535,0.030879685503796227,0.0
zz,1835,8,57,0.0869593535224148,0.0434796767612074,0.02202106787013095,0.0
zz,1836,24,57,0.30786688836553466,0.15393344418276733,0.0759411260820836,0.0
zz,1837,24,57,0.24821022118493585,0.12410511059246793,0.0601928062157823,0.0
zz,1838,16,57,0.3651447667429167,0.18257238337145834,0.09107374266829955,0.0
zz,1839,16,57,0.35881922111015685,0.17940961055507842,0.08950203743428319,0.0
zz,1840,24,57,0.36322199355247475,0.18161099677623738,0.088546394208693,0.0
zz,1841,8,57,0.07635218578001313,0.03817609289000656,0.019368433069965517,0.0
zz,1842,16,57,0.34553096210104456,0.17276548105052228,0.08589323666163376,0.0
zz,1843,16,57,0.3547938658319728,0.1773969329159864,0.08856817641635838,0.0
zz,1844,8,57,0.0427512531422779,0.02137562657113895,0.010835507745552479,0.0
zz,1845,8,57,0.11336145401377595,0.056680727006887976,0.028722620277914623,0.0
zz,1846,8,57,0.1414190653158066,0.0707095326579033,0.035876118011872446,0.0
zz,1847,24,57,0.11174157947995933,0.055870789739979665,0.026840514895860666,0.0
zz,1848,8,57,0.1771091646406922,0.0885545823203461,0.04492252444678772,0.0
zz,1849,8,57,0.0930863878461089,0.04654319392305445,0.023607016872123292,0.0
zz,1850,8,57,0.1413126741854947,0.07065633709274735,0.035835888809567236,0.0
zz,1851,24,57,0.36340885276755985,0.18170442638377993,0.08972434782480321,0.0
zz,1852,24,57,0.31196839806469223,0.15598419903234612,0.07677831602940144,0.0
zz,1853,8,57,0.1406751659400619,0.07033758297003095,0.03564121243615424,0.0
zz,1854,24,57,0.382528593781374,0.191264296890687,0.09343620298132758,0.0
zz,1855,24,57,0.26191125525998404,0.13095562762999202,0.06369301093553528,0.0
zz,1856,8,57,0.11891961529646322,0.05945980764823161,0.030121984526505097,0.0
zz,1857,24,57,0.05641676250416616,0.02820838125208308,0.013989332182442268,0.0
zz,1858,24,57,0.1185336068594306,0.0592668034297153,0.02859182981232639,0.0
zz,1859,8,57,0.06893329606876875,0.03446664803438437,0.017465274826133827,0.0
zz,1860,16,57,0.3406777535672276,0.1703388767836138,0.08501223159612548,0.0
zz,1861,8,57,0.19525348501190437,0.09762674250595219,0.049457845029143827,0.0
zz,1862,8,57,0.07483790461437223,0.037418952307186115,0.018967091346878562,0.0
zz,1863,16,57,0.38209810541496314,0.19104905270748157,0.09478523851566435,0.0
zz,1864,8,57,0.11612467891147715,0.058062339455738576,0.029398752766163827,0.0
zz,1865,16,57,0.33644637217385887,0.16822318608692943,0.08405285766250482,0.0
zz,1866,8,57,0.14879648531999867,0.07439824265999934,0.03765180739521652,0.0
zz,1867,8,57,0.05999419159814201,0.029997095799071005,0.015191679749732756,0.0
zz,1868,24,57,0.27569566887086394,0.13784783443543197,0.06651555824074586,0.0
zz,1869,16,57,0.3584921892202031,0.17924609461010155,0.08939312988045506,0.0
zz,1870,24,57,0.284702169261263,0.1423510846306315,0.06981034183767318,0.0
zz,1871,16,57,0.34121184441837016,0.17060592220918508,0.08518800037691879,0.0
zz,1872,16,57,0.3368065855722755,0.16840329278613775,0.0842751197185983,0.0
zz,1873,8,57,0.13458606131456385,0.06729303065728193,0.034123525049810116,0.0
zz,1874,8,57,0.08558599832076086,0.04279299916038043,0.021710765936804308,0.0
zz,1875,24,57,0.20616658578844174,0.10308329289422087,0.050947533036045316,0.0
zz,1876,8,57,0.10552151691015588,0.05276075845507794,0.02671796009029508,0.0
zz,1877,16,57,0.35769114196241314,0.17884557098120657,0.08932937400116318,0.0
zz,1878,24,57,0.20575048325870518,0.10287524162935259,0.05057921988128366,0.0
zz,1879,16,57,0.32568657155938374,0.16284328577969187,0.08174965905402948,0.0
zz,1880,8,57,0.09631009558342951,0.048155047791714756,0.024412886264105836,0.0
zz,1881,24,57,0.3680765664167963,0.18403828320839816,0.09042077551048928,0.0
zz,1882,24,57,0.042881170532887425,0.021440585266443712,0.011232892291067414,0.0
zz,1883,24,57,0.3593060354060499,0.17965301770302494,0.08723305548963248,0.0
zz,1884,16,57,0.33248789103825416,0.16624394551912708,0.08306253534422325,0.0
zz,1885,16,57,0.34675453104356246,0.17337726552178123,0.08677988630032421,0.0
zz,1886,24,57,0.3833698589971124,0.1916849294985562,0.09307551180769495,0.0
zz,1887,24,57,0.375818959475561,0.1879094797377805,0.09193167640696398,0.0
zz,1888,8,57,0.06705991126554289,0.033529955632771447,0.016993424612925637,0.0
zz,1889,24,57,0.19974523108152567,0.09987261554076284,0.049004191232026525,0.0
zz,1890,24,57,0.23271666951261422,0.11635833475630711,0.05796782798763809,0.0
zz,1891,16,57,0.3373303684906803,0.16866518424534016,0.0841107475767124,0.0
zz,1892,16,57,0.3750399386737254,0.1875199693368627,0.09334667864252094,0.0
zz,1893,8,57,0.08408023962744748,0.04204011981372374,0.021322872566816316,0.0
zz,1894,16,57,0.3151369533004508,0.1575684766502254,0.07873244975357202,0.0
zz,1895,8,57,0.1144303145331792,0.0572151572665896,0.028965514366733853,0.0
zz,1896,24,57,0.2127622011189404,0.1063811005594702,0.05260556121129052,0.0
zz,1897,24,57,0.22042369486548608,0.11021184743274304,0.05475321789495892,0.0
zz,1898,24,57,0.18208333030176788,0.09104166515088394,0.045437512089036805,0.0
zz,1899,8,57,0.0982167011174161,0.04910835055870805,0.024878048798282468,0.0
zz,1900,8,57,0.08385014681577019,0.041925073407885094,0.021262344020734434,0.0
zz,1901,8,57,0.08821242334931279,0.04410621167465639,0.02232562171198268,0.0
zz,1902,24,57,0.3727541696545328,0.1863770848272664,0.09064134278640476,0.0
zz,1903,8,57,0.11344436779233402,0.05672218389616701,0.0287677468745255,0.0
zz,1904,24,57,0.18419951988381583,0.09209975994190792,0.04500789750252344,0.0
zz,1905,16,57,0.3423811586688428,0.1711905793344214,0.08532362349215432,0.0
zz,1906,8,57,0.0564298809401339,0.02821494047006695,0.014325556894564653,0.0
zz,1907,16,57,0.35168677152888805,0.17584338576444403,0.08778862468766613,0.0
zz,1908,16,57,0.3247729970496309,0.16238649852481546,0.08097073756516132,0.0
zz,1909,24,57,0.4070467842483142,0.2035233921241571,0.10016813463955596,0.0
zz,1910,24,57,0.30569055705060755,0.15284527852530377,0.07459401493944616,0.0
zz,1911,24,57,0.2904365410858033,0.14521827054290165,0.07122384857019706,0.0
zz,1912,8,57,0.10606083321651782,0.05303041660825891,0.026893426653978054,0.0
zz,1913,24,57,0.19793884172218987,0.09896942086109493,0.048840550061214925,0.0
zz,1914,8,57,0.07269643572469442,0.03634821786234721,0.018431159004434993,0.0
zz,1915,8,57,0.061668293666001794,0.030834146833000897,0.01562260210575343,0.0
zz,1916,8,57,0.07461886813395391,0.037309434066976954,0.0189110636599831,0.0
zz,1917,24,57,0.28819995956480476,0.14409997978240238,0.07067789397855168,0.0
zz,1918,8,57,0.09129196841645382,0.04564598420822691,0.02311802911249647,0.0
zz,1919,8,57,0.08535157203532218,0.04267578601766109,0.021626307403169717,0.0
zz,1920,8,57,0.09605970854075119,0.048029854270375594,0.024352638970944966,0.0
zz,1921,16,57,0.37753619213619527,0.18876809606809763,0.09390047135199266,0.0
zz,1922,8,57,0.15018766868035,0.075093834340175,0.03807249504078111,0.0
zz,1923,8,57,0.0980465001060784,0.0490232500530392,0.024831271680499624,0.0
zz,1924,24,57,0.17534086714906902,0.08767043357453451,0.04321960222766675,0.0
zz,1925,24,57,0.34126747589591033,0.17063373794795517,0.08386592746133772,0.0
zz,1926,24,57,0.10942945785506636,0.05471472892753318,0.025293338738381257,0.0
zz,1927,16,57,0.32232954593850865,0.16116477296925433,0.08098502304574409,0.0
zz,1928,8,57,0.08842600800507538,0.04421300400253769,0.022396196783742873,0.0
zz,1929,16,57,0.3463502965526788,0.1731751482763394,0.08664743067842505,0.0
zz,1930,16,57,0.34985102946963625,0.17492551473481813,0.08719302798295143,0.0
zz,1931,8,57,0.06808838740745127,0.034044193703725634,0.01723353112341992,0.0
zz,1932,24,57,0.2891994856793848,0.1445997428396924,0.07051103448498774,0.0
zz,1933,8,57,0.07335428246172859,0.036677141230864296,0.018615688452453736,0.0
zz,1934,8,57,0.09708312272964204,0.04854156136482102,0.024605730191982943,0.0
zz,1935,16,57,0.3477965444321882,0.1738982722160941,0.08680774083724645,0.0
zz,1936,24,57,0.10446011860435311,0.05223005930217656,0.025875905914519156,0.0
zz,1937,8,57,0.10091046485560284,0.05045523242780142,0.02555722042522643,0.0
zz,1938,16,57,0.3699689863933846,0.1849844931966923,0.092165105312006,0.0
zz,1939,16,57,0.35612760007898714,0.17806380003949357,0.088784077887831,0.0
zz,1940,16,57,0.36458958848617107,0.18229479424308553,0.09092850050251614,0.0
zz,1941,24,57,0.25700452771732085,0.12850226385866043,0.06279532701946987,0.0
zz,1942,24,57,0.2825079046520728,0.1412539523260364,0.06888879136497134,0.0
zz,1943,16,57,0.3383745887558185,0.16918729437790925,0.08475564858066188,0.0
zz,1944,24,57,0.13339980858245265,0.06669990429122633,0.032392626266762176,0.0
zz,1945,16,57,0.3368565151350585,0.16842825756752924,0.0843374252139071,0.0
zz,1946,16,57,0.3540538746677555,0.17702693733387775,0.08848867140200513,0.0
zz,1947,16,57,0.3737308208508823,0.18686541042544114,0.09305315597491144,0.0
zz,1948,24,57,0.12820816100729976,0.06410408050364988,0.03102304931535376,0.0
zz,1949,24,57,0.3955853922900323,0.19779269614501616,0.09618202392717556,0.0
zz,1950,8,57,0.0764692857772924,0.0382346428886462,0.019378509076189127,0.0
zz,1951,8,57,0.0701203860290932,0.0350601930145466,0.017762306920109147,0.0
zz,1952,24,57,0.09071670442552182,0.04535835221276091,0.02327274404878955,0.0
zz,1953,16,57,0.33512805324424666,0.16756402662212333,0.08351269953267114,0.0
zz,1954,16,57,0.3575196216379853,0.17875981081899264,0.08886663479307554,0.0
zz,1955,16,57,0.33381538969161956,0.16690769484580978,0.08325507672702966,0.0
zz,1956,16,57,0.3652559842116997,0.18262799210584985,0.09110670761922113,0.0
zz,1957,16,57,0.3048716171514996,0.1524358085757498,0.0763523041348497,0.0
zz,1958,8,57,0.11035027447729473,0.055175137238647365,0.027961040556071324,0.0
zz,1959,8,57,0.06748347598987214,0.03374173799493607,0.017113747688061173,0.0
zz,1960,8,57,0.17192607374523572,0.08596303687261786,0.043519162721132376,0.0
zz,1961,16,57,0.3792493555602553,0.18962467778012765,0.09416836025636331,0.0
zz,1962,16,57,0.3073214727061977,0.15366073635309885,0.07669782291370995,0.0
zz,1963,16,57,0.29982439585169296,0.14991219792584648,0.07476003529646037,0.0
zz,1964,8,57,0.12806530959296614,0.06403265479648307,0.0324376450001752,0.0
zz,1965,16,57,0.3673291976482355,0.18366459882411776,0.09139687198031826,0.0
zz,1966,8,57,0.13333870777840628,0.06666935388920314,0.033788424991179095,0.0
zz,1967,24,57,0.3022158305619198,0.1511079152809599,0.07418724969187246,0.0
zz,1968,16,57,0.3476084995482406,0.1738042497741203,0.08689370863947134,0.0
zz,1969,24,57,0.12809448765418596,0.06404724382709298,0.03099930207762798,0.0
zz,1970,16,57,0.3452440255850651,0.17262201279253256,0.08592252616504885,0.0
zz,1971,16,57,0.35811276677368337,0.17905638338684168,0.08919259981987603,0.0
zz,1972,16,57,0.37049654364188767,0.18524827182094383,0.09226086663298276,0.0
zz,1973,16,57,0.3415901611810854,0.1707950805905427,0.08557391186855982,0.0
zz,1974,8,57,0.10009986821681405,0.050049934108407024,0.025389828671876884,0.0
zz,1975,24,57,0.2965712371610806,0.1482856185805403,0.07235566516319553,0.0
zz,1976,24,57,0.2429420138968715,0.12147100694843575,0.06044603185410888,0.0
zz,1977,16,57,0.3695411208428636,0.1847705604214318,0.09210083477679723,0.0
zz,1978,8,57,0.1077364920071856,0.0538682460035928,0.02731364511248383,0.0
zz,1979,24,57,0.2204090455256908,0.1102045227628454,0.05408859061107544,0.0
zz,1980,8,57,0.09203737797106781,0.046018688985533907,0.02335570208666793,0.0
zz,1981,8,57,0.11250670006158414,0.05625335003079207,0.028521677459544512,0.0
zz,1982,16,57,0.3337096771762841,0.16685483858814204,0.08342211167808526,0.0
zz,1983,24,57,0.037907708780324845,0.018953854390162422,0.007850979404720185,0.0
zz,1984,16,57,0.3727835599337715,0.18639177996688575,0.09265176959952012,0.0
zz,1985,24,57,0.20572643206759747,0.10286321603379874,0.05044758047270514,0.0
zz,1986,8,57,0.11135541746955246,0.05567770873477623,0.028265123412216136,0.0
zz,1987,16,57,0.3129646254288326,0.1564823127144163,0.0780459974469796,0.0
zz,1988,8,57,0.12214371539483926,0.06107185769741963,0.030989156630096118,0.0
zz,1989,8,57,0.1408814175861386,0.0704407087930693,0.03572593195734743,0.0
zz,1990,16,57,0.3560662367376065,0.17803311836880326,0.08876728361488039,0.0
zz,1991,16,57,0.351504300450638,0.175752150225319,0.08793256444852766,0.0
zz,1992,16,57,0.3573242235456954,0.1786621117728477,0.08929354364145896,0.0
zz,1993,16,57,0.3685683086054936,0.1842841543027468,0.09179396248214859,0.0
zz,1994,24,57,0.09045229876836386,0.04522614938418193,0.02291182363332168,0.0
zz,1995,16,57,0.32481459743117613,0.16240729871558807,0.0812173423792163,0.0
zz,1996,16,57,0.3537097972176483,0.17685489860882414,0.08839083755908006,0.0
zz,1997,24,57,0.24812212012251963,0.12406106006125982,0.060832173899856415,0.0
zz,1998,8,57,0.09835719185194214,0.04917859592597107,0.024942563633668438,0.0
zz,1999,8,57,0.07502315655094549,0.037511578275472746,0.01902449316952292,0.0
zz,2000,8,57,0.1085932246336111,0.05429661231680555,0.027518664773768117,0.0
zz,2001,16,57,0.35927668167477167,0.17963834083738583,0.0897328855267343,0.0
zz,2002,8,57,0.1017587872350707,0.05087939361753535,0.02581111504080869,0.0
zz,2003,8,57,0.10969567912470002,0.05484783956235001,0.02778055960159358,0.0
zz,2004,24,57,0.24100434770626578,0.12050217385313289,0.060096778980399404,0.0
zz,2005,8,57,0.09400530084865488,0.04700265042432744,0.02383086042582105,0.0
zz,2006,16,57,0.36334263107347153,0.18167131553673577,0.09056408219059421,0.0
zz,2007,24,57,0.17112100434175936,0.08556050217087968,0.04213436317902091,0.0
zz,2008,8,57,0.15889032451430385,0.07944516225715192,0.04025371689546587,0.0
zz,2009,24,57,0.14158334705005243,0.07079167352502622,0.035265432553352904,0.0
zz,2010,24,57,0.31184052725144906,0.15592026362572453,0.07555506070630472,0.0
zz,2011,16,57,0.3369647144548731,0.16848235722743654,0.08449118167210577,0.0
zz,2012,8,57,0.06448153915065935,0.032240769575329675,0.01636125114041038,0.0
zz,2013,16,57,0.32173714169915624,0.16086857084957812,0.07985629595008979,0.0
zz,2014,24,57,0.23888069235152698,0.11944034617576349,0.05857343610882059,0.0
zz,2015,16,57,0.302287541892493,0.1511437709462465,0.07514040741817822,0.0
zz,2016,16,57,0.3522849277764165,0.17614246388820826,0.08800486065925069,0.0
zz,2017,8,57,0.07670495099588326,0.03835247549794163,0.019431690461538562,0.0
zz,2018,8,57,0.09318838221582726,0.04659419110791363,0.02363595694150409,0.0
zz,2019,8,57,0.15462893754779083,0.07731446877389542,0.03919247377172503,0.0
zz,2020,8,57,0.06029938349582653,0.030149691747913265,0.015281752794432214,0.0
zz,2021,8,57,0.12627066710117274,0.06313533355058637,0.03201908553779647,0.0
zz,2022,16,57,0.3709017949752908,0.1854508974876454,0.09228150369387539,0.0
zz,2023,24,57,0.034785203697650924,0.017392601848825462,0.008709090102084103,0.0
zz,2024,8,57,0.07824033579390055,0.039120167896950275,0.01981026474185725,0.0
zz,2025,16,57,0.3441586339020397,0.17207931695101986,0.08592652444968171,0.0
zz,2026,16,57,0.3701203536807467,0.18506017684037335,0.0921975084123306,0.0
zz,2027,16,57,0.35228347830023066,0.17614173915011533,0.08807116497385277,0.0
zz,2028,16,57,0.3481876362901236,0.1740938181450618,0.0870339797784722,0.0
zz,2029,8,57,0.0783454858784205,0.03917274293921025,0.019882535415568003,0.0
zz,2030,8,57,0.10736560004162354,0.05368280002081177,0.027234727768925937,0.0
zz,2031,8,57,0.09202882830780712,0.04601441415390356,0.02333549063475286,0.0
zz,2032,16,57,0.33615671777767964,0.16807835888883982,0.08402089295968175,0.0
zz,2033,24,57,0.34246953633776256,0.17123476816888128,0.08297827657235246,0.0
zz,2034,8,57,0.11623797310037731,0.058118986550188656,0.02944615341678315,0.0
zz,2035,24,57,0.02246180720442481,0.011230903602212405,0.004961739966273597,2.1780118529823866e-05
zz,2036,24,57,0.04498190728508289,0.022490953642541445,0.01090804816798963,0.0
zz,2037,8,57,0.12975918588895008,0.06487959294447504,0.03284570581716915,0.0
zz,2038,24,57,0.060324222328825616,0.030162111164412808,0.01520945798390558,0.0
zz,2039,24,57,0.025730186239781683,0.012865093119890841,0.006060413297921727,0.0
zz,2040,8,57,0.1142383017757077,0.05711915088785385,0.02897337792469313,0.0
zz,2041,8,57,0.09958785814388371,0.049793929071941856,0.025217003382151864,0.0
zz,2042,16,57,0.3708665666247968,0.1854332833123984,0.09221066370137135,0.0
zz,2043,16,57,0.37171075260312314,0.18585537630156157,0.09255567577208886,0.0
zz,2044,24,57,0.2965391419941944,0.1482695709970972,0.0726059473775727,0.0
zz,2045,16,57,0.3607784608389415,0.18038923041947075,0.09003018926105871,0.0
zz,2046,16,57,0.34561485680978354,0.17280742840489177,0.08632019506807559,0.0
zz,2047,16,57,0.3530193015383756,0.1765096507691878,0.08827845089467304,0.0
zz,0,24,113,0.3221604114141048,0.1610802057070524,0.07769380101172738,0.0
zz,1,8,113,0.1206967565013276,0.0603483782506638,0.0303445473889798,0.0
zz,2,24,113,0.3542435950905247,0.17712179754526236,0.08654676493122877,0.0
zz,3,16,113,0.2998665729848359,0.14993328649241794,0.07453037944283686,0.0
zz,4,16,113,0.3511638203581291,0.17558191017906455,0.08695306043493743,0.0
zz,5,16,113,0.37257178670454094,0.18628589335227047,0.09179248598109431,0.0
zz,6,24,113,0.056234903894803456,0.028117451947401728,0.014243739361902036,0.0
zz,7,16,113,0.32268640106235474,0.16134320053117737,0.08005903957333937,0.0
zz,8,24,113,0.15609904392454377,0.07804952196227188,0.03849419658539549,0.0
zz,9,8,113,0.06388277205660897,0.031941386028304486,0.016063935556470288,0.0
zz,10,8,113,0.08813283529407212,0.04406641764703606,0.022157301988976124,0.0
zz,11,8,113,0.13002469679068152,0.06501234839534076,0.0326253541105217,0.0
zz,12,8,113,0.09228493618091849,0.04614246809045924,0.023206287977457257,0.0
zz,13,16,113,0.34841980151510016,0.17420990075755008,0.08603606214680139,0.0
zz,14,24,113,0.3143959854803915,0.15719799274019575,0.07601268339238215,0.0
zz,15,16,113,0.35358976306494494,0.17679488153247247,0.08733367510064292,0.0
zz,16,24,113,0.2926930228367042,0.1463465114183521,0.07078263154700057,0.0
zz,17,8,113,0.10145004256443069,0.05072502128221534,0.02548798519622437,0.0
zz,18,24,113,0.17102577756458526,0.08551288878229263,0.04233763607942839,0.0
zz,19,24,113,0.12151628988232571,0.060758144941162856,0.03035169449467119,0.0
zz,20,16,113,0.3546236789235857,0.17731183946179285,0.0874607744080524,0.0
zz,21,8,113,0.10522156803441207,0.052610784017206036,0.026398018698057715,0.0
zz,22,16,113,0.3109755028387757,0.15548775141938784,0.07679957454107758,0.0
zz,23,16,113,0.34655601046102147,0.17327800523051073,0.08571730753749554,0.0
zz,24,16,113,0.31209546432920005,0.15604773216460002,0.07686596684557011,0.0
zz,25,8,113,0.11223331447408258,0.05611665723704129,0.028195559265172202,0.0
zz,26,24,113,0.34106726632322526,0.17053363316161263,0.08133928902951248,0.0
zz,27,16,113,0.28529717400116295,0.14264858700058147,0.07068866205268887,0.0
zz,28,24,113,0.282795070869343,0.1413975354346715,0.06957115185845848,0.0
zz,29,24,113,0.05624077748043532,0.02812038874021766,0.012694098064860437,0.0
zz,30,24,113,0.2444627567306794,0.1222313783653397,0.05858008727561997,0.0
zz,31,24,113,0.2202067734659956,0.1101033867329978,0.05298118977904943,0.0
zz,32,8,113,0.09704793406941215,0.04852396703470607,0.024392883420154304,0.0
zz,33,16,113,0.3613924518978144,0.1806962259489072,0.08932232196251573,0.0
zz,34,8,113,0.08309748083994928,0.04154874041997464,0.020865049469046704,0.0
zz,35,8,113,0.09520021897661246,0.04760010948830623,0.023924515833525138,0.0
zz,36,24,113,0.3264431840342678,0.1632215920171339,0.079487764889038,0.0
zz,37,16,113,0.30688857825549265,0.15344428912774633,0.07600035738197164,0.0
zz,38,24,113,0.262298722645501,0.1311493613227505,0.06364439727683677,0.0
zz,39,8,113,0.09748204269322047,0.048741021346610236,0.02450638381491877,0.0
zz,40,24,113,0.361015539181477,0.1805077695907385,0.08743863969495108,0.0
zz,41,8,113,0.06822666854923032,0.03411333427461516,0.017146778701899165,0.0
zz,42,24,113,0.30230027089117506,0.15115013544558753,0.0735980597088258,0.0
zz,43,24,113,0.1352690777814769,0.06763453889073845,0.03218618461949334,0.0
zz,44,16,113,0.36393474003516113,0.18196737001758057,0.08989536474605929,0.0
zz,45,16,113,0.3444738047474192,0.1722369023737096,0.08530425752181943,0.0
zz,46,16,113,0.3644054561883364,0.1822027280941682,0.08999949585177813,0.0
zz,47,24,113,0.3605934270069091,0.18029671350345455,0.0872475467145744,0.0
zz,48,16,113,0.35598209987159657,0.17799104993579828,0.08806998113844206,0.0
zz,49,24,113,0.06786031319466812,0.03393015659733406,0.016583884196462756,0.0
zz,50,8,113,0.11301270154074305,0.05650635077037153,0.028361711322436207,0.0
zz,51,8,113,0.09003805589662828,0.04501902794831414,0.022598473717144876,0.0
zz,52,24,113,0.2447890180310539,0.12239450901552695,0.05952391341200017,0.0
zz,53,24,113,0.34042067179790886,0.17021033589895443,0.08254256950290383,0.0
zz,54,8,113,0.10781859760613666,0.05390929880306833,0.027107490816541742,0.0
zz,55,24,113,0.05936928983989398,0.02968464491994699,0.011489543619235362,1.1248707156852333e-06
zz,56,24,113,0.08360330378304132,0.04180165189152066,0.020064063966717435,1.805940733234923e-06
zz,57,16,113,0.3721520564684839,0.18607602823424196,0.09158883881683373,0.0
zz,58,8,113,0.09316792242169913,0.04658396121084957,0.02342902976738347,0.0
zz,59,8,113,0.051694929023293756,0.025847464511646878,0.012967750663280125,0.0
zz,60,24,113,0.2722017329920001,0.13610086649600006,0.06635109396776522,0.0
zz,61,16,113,0.32291378112204727,0.16145689056102364,0.08018229759561218,0.0
zz,62,24,113,0.20437257662964964,0.10218628831482482,0.049673840778327136,0.0
zz,63,24,113,0.36645503488183073,0.18322751744091537,0.08862808696738256,0.0
zz,64,8,113,0.08204133188998919,0.041020665944994594,0.020620468482090263,0.0
zz,65,24,113,0.3396239065793352,0.1698119532896676,0.08170928598407509,0.0
zz,66,16,113,0.3465688473775955,0.17328442368879776,0.08592039896058219,0.0
zz,67,24,113,0.2239059477861458,0.1119529738930729,0.054093656957249325,0.0
zz,68,16,113,0.37503929306916467,0.18751964653458233,0.09238314803466273,0.0
zz,69,8,113,0.11788780671332122,0.05894390335666061,0.0295968629917659,0.0
zz,70,16,113,0.3557842658783823,0.17789213293919115,0.08777488140246965,0.0
zz,71,16,113,0.3273873203860148,0.1636936601930074,0.08139374893614726,0.0
zz,72,8,113,0.052270879000684944,0.026135439500342472,0.013146321259364841,0.0
zz,73,16,113,0.33873773365686144,0.16936886682843072,0.08364522663580513,0.0
zz,74,16,113,0.35292118066613704,0.17646059033306852,0.08749360575001579,0.0
zz,75,8,113,0.10030436710100754,0.05015218355050377,0.02519294563828155,0.0
zz,76,24,113,0.289997062067456,0.144998531033728,0.07000121344167705,0.0
zz,77,8,113,0.1466136332063822,0.0733068166031911,0.036797150896023284,0.0
zz,78,8,113,0.09636415940011012,0.04818207970005506,0.024236013666213176,0.0
zz,79,8,113,0.10009403649787296,0.05004701824893648,0.025149071418873348,0.0
zz,80,24,113,0.08737943686905025,0.04368971843452513,0.019882484631320838,1.745095703498123e-06
zz,81,8,113,0.13786653286333184,0.06893326643166592,0.034627697915930525,0.0
zz,82,16,113,0.3647188805250948,0.1823594402625474,0.0900878179041804,0.0
zz,83,24,113,0.244623707184595,0.1223118535922975,0.05882157295600763,0.0
zz,84,24,113,0.08234798211863831,0.041173991059319154,0.020385919165845718,0.0
zz,85,16,113,0.3559090560945902,0.1779545280472951,0.0879660055625862,0.0
zz,86,24,113,0.28390288444445083,0.14195144222222542,0.06988573230532791,0.0
zz,87,24,113,0.2526219365038975,0.12631096825194876,0.06186979762672307,0.0
zz,88,16,113,0.35874453217684,0.17937226608842,0.08869322106797634,0.0
zz,89,16,113,0.33957527251666497,0.16978763625833249,0.08427194766924771,0.0
zz,90,24,113,0.13122118411917272,0.06561059205958636,0.03235060583728412,0.0
zz,91,8,113,0.08608906771507807,0.043044533857539036,0.021636615753318787,0.0
zz,92,8,113,0.06643274162144419,0.033216370810722096,0.016689912714668513,0.0
zz,93,8,113,0.09590899114484919,0.047954495572424594,0.02412597445829841,0.0
zz,94,8,113,0.09702764733181535,0.048513823665907674,0.024371318563574797,0.0
zz,95,8,113,0.09033961358915144,0.04516980679457572,0.02270337701678429,0.0
zz,96,8,113,0.08950294861749086,0.04475147430874543,0.02249197112567636,0.0
zz,97,16,113,0.36086674633494975,0.18043337316747488,0.08923208117149525,0.0
zz,98,16,113,0.35948297549868313,0.17974148774934157,0.08861138362809116,0.0
zz,99,16,113,0.3489389649827955,0.17446948249139774,0.08626288738412358,0.0
zz,100,16,113,0.35243855472255553,0.17621927736127777,0.08733941323940805,0.0
zz,101,16,113,0.370210329462797,0.1851051647313985,0.091381676832858,0.0
zz,102,16,113,0.3466284274496194,0.1733142137248097,0.08600604067555316,0.0
zz,103,24,113,0.39454640326150703,0.19727320163075351,0.09527745691511641,0.0
zz,104,24,113,0.07868263094323419,0.039341315471617094,0.0194299536309121,0.0
zz,105,24,113,0.27415214165259816,0.13707607082629908,0.06581682450267627,0.0
zz,106,8,113,0.1023415506985712,0.0511707753492856,0.025715297601103557,0.0
zz,107,16,113,0.35241770039194764,0.17620885019597382,0.08712100335543757,0.0
zz,108,8,113,0.1313959187440622,0.0656979593720311,0.03301271167309587,0.0
zz,109,24,113,0.4298388040158221,0.21491940200791104,0.10376792407301202,0.0
zz,110,8,113,0.08197914578530718,0.04098957289265359,0.020593044335591712,0.0
zz,111,16,113,0.3675399835786013,0.18376999178930065,0.09078940479549825,0.0
zz,112,8,113,0.13744034588374854,0.06872017294187427,0.03449886766330337,0.0
zz,113,24,113,0.2389796091558142,0.1194898045779071,0.05601521254195562,0.0
zz,114,24,113,0.39747333090736886,0.19873666545368443,0.09609797837009006,0.0
zz,115,16,113,0.3615798189085132,0.1807899094542566,0.08910683206230251,0.0
zz,116,24,113,0.35187245471913103,0.17593622735956552,0.08514855965343479,0.0
zz,117,8,113,0.14333417273146148,0.07166708636573074,0.03601918567161996,0.0
zz,118,24,113,0.27896442439521163,0.13948221219760581,0.06790103383015218,0.0
zz,119,8,113,0.10919624023823626,0.05459812011911813,0.027416321060042752,0.0
zz,120,16,113,0.2902483111383233,0.14512415556916164,0.07203594449113994,0.0
zz,121,24,113,0.42212514785269983,0.21106257392634992,0.10272141575608329,0.0
zz,122,16,113,0.28803683425558363,0.14401841712779181,0.07160091269420019,0.0
zz,123,8,113,0.10579409160802411,0.052897045804012055,0.026571933680752502,0.0
zz,124,8,113,0.16278913465594802,0.08139456732797401,0.0409397307960093,0.0
zz,125,24,113,0.3739201730639786,0.1869600865319893,0.09034295201420627,0.0
zz,126,16,113,0.34737591129072876,0.17368795564536438,0.08594488989852864,0.0
zz,127,24,113,0.14062679565489017,0.07031339782744508,0.035002666763310104,0.0
zz,128,24,113,0.2354450811339403,0.11772254056697015,0.056596304687059805,0.0
zz,129,24,113,0.40849494421448895,0.20424747210724448,0.09775280603616,0.0
zz,130,8,113,0.1443102981603953,0.07215514908019766,0.03622327024508235,0.0
zz,131,24,113,0.1494102938826603,0.07470514694133015,0.037051396257521185,0.0
zz,132,24,113,0.3427677632985413,0.17138388164927065,0.0834298207920243,0.0
zz,133,16,113,0.3390632032489642,0.1695316016244821,0.08424669334452882,0.0
zz,134,8,113,0.09321002002885048,0.04660501001442524,0.023415041131392773,0.0
zz,135,16,113,0.3558636872184142,0.1779318436092071,0.08808467994715903,0.0
zz,136,16,113,0.36227564907008364,0.18113782453504182,0.08962103490858137,0.0
zz,137,8,113,0.06249242052212001,0.031246210261060003,0.015700142767960525,0.0
zz,138,8,113,0.09856551689875692,0.04928275844937846,0.02479042317856403,0.0
zz,139,16,113,0.33020341201706327,0.16510170600853163,0.081825774055782,0.0
zz,140,8,113,0.08827604681881884,0.04413802340940942,0.022193122569391207,0.0
zz,141,24,113,0.3283410787573178,0.1641705393786589,0.0793772606202628,0.0
zz,142,24,113,0.09142113301203797,0.045710566506018985,0.022599200998507894,0.0
zz,143,24,113,0.2219631289931122,0.1109815644965561,0.05484192937267544,0.0
zz,144,16,113,0.3630382383885309,0.18151911919426544,0.0897461428013948,0.0
zz,145,24,113,0.0995955687372172,0.0497977843686086,0.023585889277288018,0.0
zz,146,8,113,0.10567821957812717,0.05283910978906359,0.02658110635425372,0.0
zz,147,16,113,0.3573809252905652,0.1786904626452826,0.08841695476533747,0.0
zz,148,24,113,0.3285583767770347,0.16427918838851735,0.0806456348600109,0.0
zz,149,24,113,0.2529804850858558,0.1264902425429279,0.061448832809247414,0.0
zz,150,24,113,0.03576438250606778,0.01788219125303389,0.007187330710694449,0.0
zz,151,24,113,0.07761990625232718,0.03880995312616359,0.02026277590039541,0.0
zz,152,8,113,0.10930250100645722,0.05465125050322861,0.027482019688864573,0.0
zz,153,16,113,0.34083858996413796,0.17041929498206898,0.084492761475419,0.0
zz,154,16,113,0.36977440977047205,0.18488720488523602,0.09110127260982129,0.0
zz,155,24,113,0.23701558406253342,0.11850779203126671,0.056980921114288256,0.0
zz,156,24,113,0.029528996508739414,0.014764498254369707,0.0058053903498413075,0.0
zz,157,8,113,0.04748569006500525,0.023742845032502624,0.011951484933659572,0.0
zz,158,8,113,0.0863690615171051,0.04318453075855255,0.02168122997750409,0.0
zz,159,8,113,0.10085446482865412,0.05042723241432706,0.025335017274492343,0.0
zz,160,16,113,0.37513185068715194,0.18756592534357597,0.09255914930488905,0.0
zz,161,16,113,0.34215477729933114,0.17107738864966557,0.0844412515190877,0.0
zz,162,8,113,0.07166548290893415,0.035832741454467076,0.018007860200090486,0.0
zz,163,8,113,0.09654511957447376,0.04827255978723688,0.024252952265274238,0.0
zz,164,16,113,0.362590902201852,0.181295451100926,0.08960130897660394,0.0
zz,165,8,113,0.08281747377276849,0.041408736886384245,0.020811921252580932,0.0
zz,166,8,113,0.07902523333489475,0.039512616667447376,0.019858300455230012,0.0
zz,167,16,113,0.35322437522809236,0.17661218761404618,0.08750088651960589,0.0
zz,168,16,113,0.3125295264586234,0.1562647632293117,0.07721769637482147,0.0
zz,169,16,113,0.3695514553849656,0.1847757276924828,0.09123651267823828,0.0
zz,170,24,113,0.3384693632838939,0.16923468164194694,0.08232978965881182,0.0
zz,171,16,113,0.34267353402180856,0.17133676701090428,0.08500160928659431,0.0
zz,172,16,113,0.34431584277369987,0.17215792138684993,0.0852784661219604,0.0
zz,173,8,113,0.10141223294038448,0.05070611647019224,0.025484628103846736,0.0
zz,174,24,113,0.13768126258537772,0.06884063129268886,0.03395806682559341,0.0
zz,175,8,113,0.12851850458738967,0.06425925229369484,0.03231141238781668,0.0
zz,176,24,113,0.22191506484883472,0.11095753242441736,0.05400824517688787,0.0
zz,177,8,113,0.13111217078316983,0.06555608539158492,0.03292879024191496,0.0
zz,178,8,113,0.08917932107962412,0.04458966053981206,0.0224180935154477,0.0
zz,179,24,113,0.29961167296183094,0.14980583648091547,0.07213477339598526,0.0
zz,180,16,113,0.3524255370254724,0.1762127685127362,0.08695207957575364,0.0
zz,181,8,113,0.1194510639386861,0.05972553196934305,0.03002647795503811,0.0
zz,182,16,113,0.3548023624759268,0.1774011812379634,0.08779645276915915,0.0
zz,183,24,113,0.4021544073198201,0.20107720365991005,0.09831840613589592,0.0
zz,184,16,113,0.29574291665728253,0.14787145832864126,0.07303953840986063,0.0
zz,185,24,113,0.026153011814922356,0.013076505907461178,0.005750778283701013,6.399684637448111e-06
zz,186,16,113,0.33581648709219036,0.16790824354609518,0.0832520701923131,0.0
zz,187,16,113,0.3442293644968275,0.17211468224841375,0.0854586506535367,0.0
zz,188,8,113,0.12989652832013654,0.06494826416006827,0.03267013878549696,0.0
zz,189,24,113,0.2586665407418516,0.1293332703709258,0.06325235968835725,0.0
zz,190,8,113,0.13149165569598886,0.06574582784799443,0.03301243056465748,0.0
zz,191,8,113,0.13325855385810936,0.06662927692905468,0.0334719291522117,0.0
zz,192,8,113,0.09771830363236933,0.048859151816184665,0.02455151690718405,0.0
zz,193,8,113,0.07516754213201415,0.03758377106600708,0.018879791702300752,0.0
zz,194,24,113,0.4150759851350883,0.20753799256754416,0.0989103441535802,0.0
zz,195,24,113,0.12266303725414918,0.06133151862707459,0.03040383847321743,0.0
zz,196,24,113,0.2394668140335537,0.11973340701677684,0.059249672282788414,0.0
zz,197,24,113,0.3630462752144594,0.1815231376072297,0.08841656239140269,0.0
zz,198,16,113,0.31759201149582206,0.15879600574791103,0.07848776090173512,0.0
zz,199,8,113,0.07726708173771046,0.03863354086885523,0.01940027682239013,0.0
zz,200,8,113,0.0443260640484634,0.0221630320242317,0.011148208154441489,0.0
zz,201,24,113,0.20074742752679892,0.10037371376339946,0.048520643574666414,0.0
zz,202,24,113,0.1954296511268571,0.09771482556342855,0.047044007747631705,0.0
zz,203,8,113,0.10976433044795342,0.05488216522397671,0.027599150867352696,0.0
zz,204,16,113,0.3310076702153908,0.1655038351076954,0.08189087769602657,0.0
zz,205,8,113,0.07669342157113745,0.03834671078556873,0.019301384256723047,0.0
zz,206,8,113,0.05802577786766405,0.029012888933832026,0.014588173415962129,0.0
zz,207,24,113,0.050840563430325725,0.025420281715162862,0.01307665874141161,0.0
zz,208,16,113,0.35343145830134304,0.17671572915067152,0.08750573712989437,0.0
zz,209,8,113,0.06131576240128045,0.030657881200640225,0.01541163540669148,0.0
zz,210,8,113,0.11167519120832747,0.05583759560416374,0.02808093128249454,0.0
zz,211,8,113,0.08279296938795355,0.041396484693976776,0.02078400745717595,0.0
zz,212,16,113,0.3337346321534447,0.16686731607672234,0.0823960204081198,0.0
zz,213,16,113,0.3364836669313202,0.1682418334656601,0.08336771918172754,0.0
zz,214,16,113,0.3637147038473453,0.18185735192367264,0.08971141375796234,0.0
zz,215,16,113,0.3206523757248795,0.16032618786243974,0.07968568649038668,0.0
zz,216,24,113,0.31598369174134944,0.15799184587067472,0.07683719270504856,0.0
zz,217,16,113,0.320864939557836,0.160432469778918,0.0795271942891777,0.0
zz,218,24,113,0.42374836658026066,0.21187418329013033,0.10300571636224491,0.0
zz,219,8,113,0.10002213574235952,0.05001106787117976,0.02516296060665217,0.0
zz,220,8,113,0.08225439562382242,0.04112719781191121,0.020677130873290078,0.0
zz,221,8,113,0.1415535153481624,0.0707767576740812,0.03554789514312907,0.0
zz,222,16,113,0.35069908574047903,0.17534954287023952,0.08673799417939457,0.0
zz,223,24,113,0.11786456518622113,0.05893228259311056,0.029054976242373905,0.0
zz,224,24,113,0.25698169254747705,0.12849084627373852,0.06310952409955901,0.0
zz,225,24,113,0.2590732499710904,0.1295366249855452,0.06262075939404987,0.0
zz,226,24,113,0.3694752507243402,0.1847376253621701,0.08961327342828752,0.0
zz,227,16,113,0.34732162626922425,0.17366081313461212,0.08596745418290129,0.0
zz,228,8,113,0.1304836183572473,0.06524180917862366,0.03275813573160291,0.0
zz,229,16,113,0.36193247402750117,0.18096623701375059,0.08944387274002821,0.0
zz,230,16,113,0.3197268485522446,0.1598634242761223,0.07946322143703048,0.0
zz,231,16,113,0.34410154736257514,0.17205077368128757,0.0853186673131372,0.0
zz,232,24,113,0.31961577267286656,0.15980788633643328,0.07745400847542601,0.0
zz,233,24,113,0.29233849582678906,0.14616924791339453,0.07078810114096136,0.0
zz,234,24,113,0.3515311310909221,0.17576556554546105,0.08524058383366571,0.0
zz,235,24,113,0.3434238964041454,0.1717119482020727,0.08360142061066808,0.0
zz,236,16,113,0.3458259284945314,0.1729129642472657,0.08583255442892186,0.0
zz,237,16,113,0.34420184725201486,0.17210092362600743,0.08501865849278406,0.0
zz,238,16,113,0.35640840344809266,0.17820420172404633,0.08810146221215792,0.0
zz,239,24,113,0.0668616260064358,0.0334308130032179,0.01674982385552004,0.0
zz,240,8,113,0.10113648048756818,0.05056824024378409,0.025395273892787153,0.0
zz,241,24,113,0.11755651319729038,0.05877825659864519,0.027600279994412905,0.0
zz,242,24,113,0.02376450637427724,0.01188225318713862,0.004606741676164083,0.0
zz,243,24,113,0.053909147085150655,0.026954573542575327,0.013777241611276086,0.0
zz,244,16,113,0.35193764868091204,0.17596882434045602,0.08713268249391265,0.0
zz,245,16,113,0.3313594833905817,0.16567974169529084,0.08241141786321156,0.0
zz,246,16,113,0.3450501652050463,0.17252508260252314,0.08565548715263574,0.0
zz,247,16,113,0.3004704444134956,0.1502352222067478,0.07461080936946718,0.0
zz,248,24,113,0.276096123282575,0.1380480616412875,0.06708695715347851,0.0
zz,249,16,113,0.2990869355824435,0.14954346779122174,0.0737653180297824,0.0
zz,250,16,113,0.32272295061512474,0.16136147530756237,0.08017676277443338,0.0
zz,251,16,113,0.31820226080731007,0.15910113040365503,0.07897375734566192,0.0
zz,252,8,113,0.14103774847897788,0.07051887423948894,0.035452206423925714,0.0
zz,253,16,113,0.3530249052857357,0.17651245264286786,0.0874322695683301,0.0
zz,254,8,113,0.021032061987029005,0.010516030993514502,0.005287567081824849,0.0
zz,255,8,113,0.11155843783322628,0.05577921891661314,0.028035327245092667,0.0
zz,256,8,113,0.1292915567148013,0.06464577835740065,0.03241905019848274,0.0
zz,257,24,113,0.2883771755851236,0.1441885877925618,0.07049152490669597,0.0
zz,258,8,113,0.06174729441214122,0.03087364720607061,0.015523846575531321,0.0
zz,259,24,113,0.3384633423335345,0.16923167116676724,0.08272963735851949,0.0
zz,260,8,113,0.10478570477300142,0.05239285238650071,0.02630284923188632,0.0
zz,261,24,113,0.3457364193172848,0.1728682096586424,0.0829346695248473,0.0
zz,262,8,113,0.1419333019851256,0.0709666509925628,0.03567003581112788,0.0
zz,263,8,113,0.07535819571184188,0.03767909785592094,0.018897002414222507,0.0
zz,264,16,113,0.3510387433493654,0.1755193716746827,0.0867035849857956,0.0
zz,265,24,113,0.344587266034746,0.172293633017373,0.08296951582932803,0.0
zz,266,16,113,0.35349486525832197,0.17674743262916098,0.0874981668118057,0.0
zz,267,8,113,0.06711678480969208,0.03355839240484604,0.016881834632784868,0.0
zz,268,24,113,0.28703296535780365,0.14351648267890182,0.06997399214770354,0.0
zz,269,8,113,0.08882454222860836,0.04441227111430418,0.02234397697015973,0.0
zz,270,8,113,0.08152942258352813,0.040764711291764066,0.020494185133373588,0.0
zz,271,8,113,0.08497803426128114,0.04248901713064057,0.02133992101957519,0.0
zz,272,24,113,0.3092806846742512,0.1546403423371256,0.07512914175073511,0.0
zz,273,16,113,0.3672578437228221,0.18362892186141105,0.0907581562106442,0.0
zz,274,16,113,0.34336933908941064,0.17168466954470532,0.08523604906650098,0.0
zz,275,8,113,0.11794704859369542,0.05897352429684771,0.029630344716276485,0.0
zz,276,16,113,0.3555984252745342,0.1777992126372671,0.08806360379842423,0.0
zz,277,8,113,0.09990235861925889,0.049951179309629445,0.02507917642523391,0.0
zz,278,16,113,0.35814592523681366,0.17907296261840683,0.08809609282506428,0.0
zz,279,24,113,0.2446509826116134,0.1223254913058067,0.059410409371376934,0.0
zz,280,16,113,0.3180001419143478,0.1590000709571739,0.07877257902938617,0.0
zz,281,8,113,0.1032889570068598,0.0516444785034299,0.025950176806664196,0.0
zz,282,16,113,0.2663242164318822,0.1331621082159411,0.06617995045490582,0.0
zz,283,24,113,0.19968505388154725,0.09984252694077363,0.04974142431108667,0.0
zz,284,24,113,0.28173879896603526,0.14086939948301763,0.06802788305523891,0.0
zz,285,24,113,0.04627809956428708,0.02313904978214354,0.009894999886487597,0.0
zz,286,8,113,0.07660868933262321,0.03830434466631161,0.019278721327071254,0.0
zz,287,8,113,0.14205299046611275,0.07102649523305637,0.035709210018626925,0.0
zz,288,16,113,0.3500830654357828,0.1750415327178914,0.08668496598428095,0.0
zz,289,16,113,0.3657282299905705,0.18286411499528524,0.09038499437064128,0.0
zz,290,16,113,0.36211740369497586,0.18105870184748793,0.08920558990653969,0.0
zz,291,16,113,0.3360522766280876,0.1680261383140438,0.0833932630536498,0.0
zz,292,24,113,0.020959620763480347,0.010479810381740173,0.00466339233314131,3.0712897103324366e-06
zz,293,24,113,0.29639667723470475,0.14819833861735238,0.07138330888973395,0.0
zz,294,24,113,0.1037866987634461,0.05189334938172305,0.026145035780302906,0.0
zz,295,24,113,0.31212719597691885,0.15606359798845942,0.07579193136310189,0.0
zz,296,16,113,0.3634035057990836,0.1817017528995418,0.08980898750168131,0.0
zz,297,8,113,0.0800173814464582,0.0400086907232291,0.020132552698226815,0.0
zz,298,16,113,0.3398119397138061,0.16990596985690304,0.08411553469068664,0.0
zz,299,24,113,0.3558824365394302,0.1779412182697151,0.08650163185572284,0.0
zz,300,8,113,0.10909952182321336,0.05454976091160668,0.02741075927247016,0.0
zz,301,24,113,0.028725909979987974,0.014362954989993987,0.005534159133137131,5.479283907317001e-06
zz,302,16,113,0.36470270864987864,0.18235135432493932,0.08977533713640898,0.0
zz,303,24,113,0.2861744010897538,0.1430872005448769,0.06832054667407507,0.0
zz,304,8,113,0.08172433530576584,0.04086216765288292,0.020556298281231213,0.0
zz,305,8,113,0.11184905206716445,0.05592452603358222,0.02807038277752391,0.0
zz,306,16,113,0.3466675029026095,0.17333375145130475,0.08574924544494678,0.0
zz,307,8,113,0.07549162484544458,0.03774581242272229,0.018968278074608363,0.0
zz,308,16,113,0.36267358983678005,0.18133679491839003,0.0896809365340302,0.0
zz,309,16,113,0.3409035098934429,0.17045175494672146,0.08434956715980121,0.0
zz,310,24,113,0.0645961480024036,0.0322980740012018,0.016038810745318457,0.0
zz,311,24,113,0.2809045391025423,0.14045226955127116,0.06927517852464628,0.0
zz,312,24,113,0.225583341404858,0.112791670702429,0.05428870829216004,0.0
zz,313,16,113,0.33566271203343934,0.16783135601671967,0.08345265797007821,0.0
zz,314,24,113,0.30717921317175967,0.15358960658587983,0.07461992450498511,0.0
zz,315,16,113,0.34967635153380894,0.17483817576690447,0.08668048229106869,0.0
zz,316,16,113,0.35037145303604567,0.17518572651802283,0.0865989340346732,0.0
zz,317,16,113,0.35832914803791316,0.17916457401895658,0.08864675701207554,0.0
zz,318,24,113,0.2351240182703377,0.11756200913516884,0.057264407912640404,0.0
zz,319,24,113,0.15201752913399103,0.07600876456699551,0.037176879388013985,0.0
zz,320,24,113,0.2949218036730732,0.1474609018365366,0.07221335416082482,0.0
zz,321,24,113,0.408967455257205,0.2044837276286025,0.0993044374152342,0.0
zz,322,24,113,0.046672687856450346,0.023336343928225173,0.009394342917730362,0.0
zz,323,8,113,0.0791656942461263,0.03958284712306315,0.019873616020066095,0.0
zz,324,24,113,0.02388564218930167,0.011942821094650835,0.0047173138587528985,0.0
zz,325,8,113,0.08140551649821082,0.04070275824910541,0.020472245828317234,0.0
zz,326,16,113,0.3524225904550913,0.17621129522754564,0.08686491886513055,0.0
zz,327,24,113,0.1107206877104493,0.05536034385522465,0.027141025121540412,0.0
zz,328,24,113,0.1319884362395325,0.06599421811976625,0.033082555643590014,0.0
zz,329,24,113,0.433967314473902,0.216983657236951,0.10500568405861838,0.0
zz,330,16,113,0.33943400350034447,0.16971700175017224,0.0841496520396856,0.0
zz,331,16,113,0.3422280555172813,0.17111402775864065,0.0847976862768759,0.0
zz,332,8,113,0.07792001003077365,0.03896000501538682,0.01958359586424074,0.0
zz,333,8,113,0.07758476554477667,0.038792382772388334,0.019507485320040742,0.0
zz,334,8,113,0.13297438282097285,0.06648719141048642,0.03340791426021822,0.0
zz,335,16,113,0.311688668062889,0.1558443340314445,0.07657266922806007,0.0
zz,336,8,113,0.13677405018259048,0.06838702509129524,0.034393610298616394,0.0
zz,337,16,113,0.3621818978311998,0.1810909489155999,0.0894768817628018,0.0
zz,338,24,113,0.25943710011075094,0.12971855005537547,0.06288330275824168,0.0
zz,339,16,113,0.3430643362779274,0.1715321681389637,0.08509131434831493,0.0
zz,340,16,113,0.35146958172732257,0.17573479086366128,0.08685057861005119,0.0
zz,341,8,113,0.1230578748441552,0.0615289374220776,0.030911241628195547,0.0
zz,342,8,113,0.12344414820678318,0.06172207410339159,0.030992709512271913,0.0
zz,343,24,113,0.3835082976231302,0.1917541488115651,0.09261477949247743,0.0
zz,344,16,113,0.3608449794307802,0.1804224897153901,0.08882919388111021,0.0
zz,345,16,113,0.3425219425729863,0.17126097128649315,0.08488774263524128,0.0
zz,346,16,113,0.3683621563534858,0.1841810781767429,0.0909127461697999,0.0
zz,347,8,113,0.06492109138158308,0.03246054569079154,0.01632071663374631,0.0
zz,348,24,113,0.26354283724340033,0.13177141862170016,0.0645547995399276,0.0
zz,349,16,113,0.35392717074026325,0.17696358537013163,0.08763173877600533,0.0
zz,350,8,113,0.10694933845187415,0.05347466922593708,0.026873581164429197,0.0
zz,351,8,113,0.08467809358638145,0.04233904679319073,0.02126079238535719,0.0
zz,352,16,113,0.3364782586532661,0.16823912932663304,0.0836438974644979,0.0
zz,353,24,113,0.1456756865194413,0.07283784325972065,0.033624372644228386,0.0
zz,354,16,113,0.331941897175449,0.1659709485877245,0.08208500105759677,0.0
zz,355,8,113,0.12172039586371697,0.060860197931858484,0.03059220743102102,0.0
zz,356,24,113,0.3352302325608456,0.1676151162804228,0.08181048849959584,0.0
zz,357,16,113,0.3563964364598733,0.17819821822993664,0.08816011282818098,0.0
zz,358,24,113,0.23375765502994145,0.11687882751497072,0.05651349036988117,0.0
zz,359,8,113,0.12359152942739382,0.06179576471369691,0.031045651587046783,0.0
zz,360,16,113,0.3068385108775423,0.15341925543877116,0.07620611145733518,0.0
zz,361,8,113,0.06886706268990617,0.03443353134495308,0.017324692646864343,0.0
zz,362,8,113,0.151880046665975,0.0759400233329875,0.03816617140666723,0.0
zz,363,24,113,0.018162830331542756,0.009081415165771378,0.004505269194430964,9.368057940495333e-07
zz,364,16,113,0.35339110521960915,0.17669555260980457,0.08755401516668006,0.0
zz,365,24,113,0.27339320035877923,0.13669660017938962,0.06705808028730097,0.0
zz,366,24,113,0.06814975159103787,0.03407487579551893,0.015365343270153113,0.0
zz,367,16,113,0.3381285690107217,0.16906428450536085,0.08392965612274242,0.0
zz,368,24,113,0.35283865435768325,0.17641932717884162,0.08604270489945035,0.0
zz,369,8,113,0.06805546752618252,0.03402773376309126,0.017100092860911752,0.0
zz,370,16,113,0.31394145270407814,0.15697072635203907,0.07823999074082257,0.0
zz,371,8,113,0.07447513965744879,0.03723756982872439,0.018704548282832283,0.0
zz,372,8,113,0.13258723461795796,0.06629361730897898,0.03329285766876122,0.0
zz,373,16,113,0.35502673596899337,0.17751336798449668,0.08795431998534774,0.0
zz,374,16,113,0.33239176239911117,0.16619588119955558,0.08257559268507936,0.0
zz,375,8,113,0.13250167096677656,0.06625083548338828,0.03328365501848843,0.0
zz,376,16,113,0.37264139396143414,0.18632069698071707,0.0916560363813603,0.0
zz,377,24,113,0.39031341948418485,0.19515670974209243,0.09490278124977444,0.0
zz,378,8,113,0.09710896508410283,0.048554482542051414,0.024402285084112938,0.0
zz,379,8,113,0.12978513881243336,0.06489256940621668,0.03259288796725508,0.0
zz,380,8,113,0.0794435822089633,0.03972179110448165,0.019982906812606123,0.0
zz,381,24,113,0.16571203225412878,0.08285601612706439,0.0391907709447653,0.0
zz,382,24,113,0.13333987929832375,0.06666993964916187,0.03287737668412155,0.0
zz,383,24,113,0.3407741464460119,0.17038707322300595,0.08191619803990743,0.0
zz,384,8,113,0.08021945298524902,0.04010972649262451,0.02013855497246694,0.0
zz,385,24,113,0.0956462871885696,0.0478231435942848,0.023866328663781033,0.0
zz,386,16,113,0.34966602091261345,0.17483301045630673,0.08667773457282368,0.0
zz,387,8,113,0.05231570892895432,0.02615785446447716,0.013143661249539805,0.0
zz,388,16,113,0.3388198479618158,0.1694099239809079,0.08406203627941766,0.0
zz,389,16,113,0.30988534802162315,0.15494267401081158,0.07659335290575256,0.0
zz,390,24,113,0.25643757633581077,0.12821878816790538,0.06302140547210197,0.0
zz,391,24,113,0.3775820325444922,0.1887910162722461,0.09175208050210039,0.0
zz,392,24,113,0.1165489463940712,0.0582744731970356,0.0281404071393761,0.0
zz,393,16,113,0.36645496986704273,0.18322748493352137,0.09049564383174306,0.0
zz,394,16,113,0.31704353961917536,0.15852176980958768,0.07859155224120933,0.0
zz,395,8,113,0.10154128455693068,0.05077064227846534,0.025545969066635744,0.0
zz,396,16,113,0.34275189158895514,0.17137594579447757,0.08467191352920374,0.0
zz,397,8,113,0.16792704195706326,0.08396352097853163,0.0422231615673395,0.0
zz,398,16,113,0.37317204337588505,0.18658602168794253,0.09173269373712115,0.0
zz,399,24,113,0.409984117196624,0.204992058598312,0.09940657740179676,0.0
zz,400,24,113,0.09670805619398981,0.048354028096994905,0.022420718078137416,0.0
zz,401,24,113,0.2061504683211851,0.10307523416059255,0.051026758114317824,0.0
zz,402,16,113,0.3581998891396647,0.17909994456983236,0.08848569269764321,0.0
zz,403,8,113,0.11589278013925375,0.057946390069626874,0.02913022845566245,0.0
zz,404,24,113,0.34101150762018295,0.17050575381009148,0.08296937938359733,0.0
zz,405,8,113,0.08173511709626391,0.040867558548131955,0.020560159739383767,0.0
zz,406,16,113,0.3679943982816283,0.18399719914081414,0.0908174548391938,0.0
zz,407,8,113,0.08724542275879499,0.043622711379397494,0.021943438006636437,0.0
zz,408,8,113,0.061997914955414846,0.030998957477707423,0.015581341648340442,0.0
zz,409,16,113,0.3488581922460874,0.1744290961230437,0.08611598234743059,0.0
zz,410,16,113,0.3401621959325286,0.1700810979662643,0.08430868013738341,0.0
zz,411,16,113,0.35612304736070644,0.17806152368035322,0.08803553046086576,0.0
zz,412,8,113,0.07696748187787561,0.038483740938937805,0.019338682397844493,0.0
zz,413,16,113,0.320433508712462,0.160216754356231,0.07960775725631779,0.0
zz,414,16,113,0.34061653246818674,0.17030826623409337,0.0840353264272835,0.0
zz,415,24,113,0.27967753806689555,0.13983876903344777,0.06797067550630657,0.0
zz,416,8,113,0.1142502294756298,0.0571251147378149,0.028729035875236005,0.0
zz,417,24,113,0.1939646652763282,0.0969823326381641,0.047216760210160164,0.0
zz,418,24,113,0.20748979972496298,0.10374489986248149,0.05113932403615366,0.0
zz,419,16,113,0.32660242817354823,0.16330121408677412,0.0807550017340313,0.0
zz,420,8,113,0.08004797513816286,0.04002398756908143,0.02010386591214858,0.0
zz,421,16,113,0.34994409099586105,0.17497204549793052,0.08676263433714561,0.0
zz,422,16,113,0.3498582050754019,0.17492910253770094,0.08668213344275344,0.0
zz,423,8,113,0.08789178261109698,0.04394589130554849,0.022082478995734782,0.0
zz,424,24,113,0.4009470412905949,0.20047352064529744,0.09563933711363617,0.0
zz,425,24,113,0.3694276663430913,0.18471383317154566,0.08916422998315347,0.0
zz,426,8,113,0.11658026332431426,0.05829013166215713,0.029271367355543493,0.0
zz,427,16,113,0.3702790756080603,0.18513953780403014,0.09135828376326222,0.0
zz,428,16,113,0.35215529177164606,0.17607764588582303,0.08713775891298374,0.0
zz,429,24,113,0.1870327645585776,0.0935163822792888,0.04488088816946352,0.0
zz,430,24,113,0.24740511347598754,0.12370255673799377,0.05888135867418214,0.0
zz,431,24,113,0.4146562964271691,0.20732814821358456,0.10057467010544571,0.0
zz,432,8,113,0.13906507013840486,0.06953253506920243,0.03496239150344868,0.0
zz,433,16,113,0.34885043503181734,0.17442521751590867,0.08648071767599592,0.0
zz,434,16,113,0.3643529571431736,0.1821764785715868,0.0900431448530859,0.0
zz,435,8,113,0.16360175522878428,0.08180087761439214,0.04110733167385449,0.0
zz,436,16,113,0.36630033704985643,0.18315016852492821,0.09045742091120888,0.0
zz,437,16,113,0.3468545472799973,0.17342727363999866,0.08587395181702127,0.0
zz,438,8,113,0.10806569936645116,0.05403284968322558,0.027169886001312933,0.0
zz,439,16,113,0.349609684521463,0.1748048422607315,0.08664438400817509,0.0
zz,440,24,113,0.3176436180697968,0.1588218090348984,0.0771402671053907,0.0
zz,441,16,113,0.34729687681082805,0.17364843840541402,0.0859881099672908,0.0
zz,442,24,113,0.016436170442828968,0.008218085221414484,0.0035538024000071533,0.0
zz,443,16,113,0.33384063900412914,0.16692031950206457,0.08245618304325526,0.0
zz,444,24,113,0.3038250154255514,0.1519125077127757,0.073515623999624,0.0
zz,445,16,113,0.334487473397088,0.167243736698544,0.08300829888398081,0.0
zz,446,8,113,0.14528245334077505,0.07264122667038753,0.03651792018134336,0.0
zz,447,16,113,0.33508828495149023,0.16754414247574512,0.08278184445178391,0.0
zz,448,8,113,0.10192068521692799,0.05096034260846399,0.025638660579497353,0.0
zz,449,8,113,0.19732169613765493,0.09866084806882747,0.04954058787275558,0.0
zz,450,16,113,0.3713345364102053,0.18566726820510265,0.09160013396099834,0.0
zz,451,16,113,0.32465207847168265,0.16232603923584132,0.080370636693909,0.0
zz,452,24,113,0.3967498198788263,0.19837490993941315,0.09581414830533391,0.0
zz,453,16,113,0.3569978214010925,0.17849891070054624,0.08842508997008176,0.0
zz,454,24,113,0.2721875390195727,0.13609376950978636,0.06640943916887349,0.0
zz,455,24,113,0.265173958352435,0.1325869791762175,0.06442705952997493,0.0
zz,456,24,113,0.23785209901169727,0.11892604950584863,0.05745554029597804,0.0
zz,457,16,113,0.32536908622499383,0.16268454311249692,0.08035889397093875,0.0
zz,458,8,113,0.08544930924465344,0.04272465462232672,0.02147380507512164,0.0
zz,459,8,113,0.12240845502956665,0.06120422751478333,0.03073581187384332,0.0
zz,460,24,113,0.30297234800937234,0.15148617400468617,0.07340099463692235,0.0
zz,461,8,113,0.08136951954178406,0.04068475977089203,0.020461548187927815,0.0
zz,462,16,113,0.35951153889816484,0.17975576944908242,0.08898448894437842,0.0
zz,463,8,113,0.0892033368417815,0.04460166842089075,0.022422029914725562,0.0
zz,464,24,113,0.4024722049478382,0.2012361024739191,0.09722001343373529,0.0
zz,465,16,113,0.354270534608764,0.177135267304382,0.08760824207093719,0.0
zz,466,8,113,0.061689626704106604,0.030844813352053302,0.01550883718899634,0.0
zz,467,8,113,0.09741415998944603,0.04870707999472301,0.024475450554351873,0.0
zz,468,16,113,0.3233977973981475,0.16169889869907375,0.0800427608842913,0.0
zz,469,24,113,0.30101754159465105,0.15050877079732553,0.0729604982498798,0.0
zz,470,24,113,0.31883767615536585,0.15941883807768292,0.07809622572473744,0.0
zz,471,8,113,0.09421022082550268,0.04710511041275134,0.023673767232782163,0.0
zz,472,8,113,0.14420343603565366,0.07210171801782683,0.0362321873459516,0.0
zz,473,16,113,0.37307296619511354,0.18653648309755677,0.0916915225358667,0.0
zz,474,8,113,0.09601558604394544,0.04800779302197272,0.02414727879962685,0.0
zz,475,24,113,0.270191257555054,0.135095628777527,0.06659401724962821,0.0
zz,476,16,113,0.3529718580984428,0.1764859290492214,0.08732211016525421,0.0
zz,477,24,113,0.24259796984067647,0.12129898492033823,0.0580327596897258,0.0
zz,478,8,113,0.16086960522020533,0.08043480261010266,0.04044606188039476,0.0
zz,479,8,113,0.05667268101743994,0.02833634050871997,0.014255297951846617,0.0
zz,480,24,113,0.30419334253845715,0.15209667126922857,0.07376122690157133,0.0
zz,481,16,113,0.3535936617597049,0.17679683087985246,0.08759858901743975,0.0
zz,482,16,113,0.37068996841638957,0.18534498420819479,0.09136854062033267,0.0
zz,483,16,113,0.33123312065418875,0.16561656032709438,0.08195891895289546,0.0
zz,484,16,113,0.31806677574295805,0.15903338787147903,0.07875571168899714,0.0
zz,485,8,113,0.0535892616530822,0.0267946308265411,0.013469559968278201,0.0
zz,486,16,113,0.36932588894278673,0.18466294447139336,0.09086839681033233,0.0
zz,487,16,113,0.3571942481829757,0.17859712409148784,0.08791828685849394,0.0
zz,488,16,113,0.3321103284985777,0.16605516424928884,0.08258097305233886,0.0
zz,489,24,113,0.19368996391847493,0.09684498195923746,0.04806100241457606,0.0
zz,490,24,113,0.2605539641375755,0.13027698206878774,0.06190963124295028,0.0
zz,491,8,113,0.11403175719271375,0.05701587859635687,0.028601839119994754,0.0
zz,492,8,113,0.15024507368315998,0.07512253684157999,0.03775892920262509,0.0
zz,493,16,113,0.3578648129665158,0.1789324064832579,0.08848038027554493,0.0
zz,494,24,113,0.13797137365125428,0.06898568682562714,0.033685200877899356,0.0
zz,495,24,113,0.0877900619596853,0.04389503097984265,0.022046948462926916,0.0
zz,496,24,113,0.18429492748807988,0.09214746374403994,0.04430219557434574,0.0
zz,497,8,113,0.09747289746560506,0.04873644873280253,0.024505169407028366,0.0
zz,498,24,113,0.2989040969470133,0.14945204847350665,0.0718945916698848,0.0
zz,499,24,113,0.22982510555986183,0.11491255277993091,0.05571147765016254,0.0
zz,500,16,113,0.3099267273438427,0.15496336367192134,0.07653413864727704,0.0
zz,501,24,113,0.11767982495815738,0.05883991247907869,0.028703418573832372,0.0
zz,502,16,113,0.28144872482566735,0.14072436241283368,0.0698842219841358,0.0
zz,503,8,113,0.13426051505254166,0.06713025752627083,0.03373915694900779,0.0
zz,504,16,113,0.34441564425014853,0.17220782212507427,0.08539811341745887,0.0
zz,505,8,113,0.0888541567215193,0.04442707836075965,0.02234727618205914,0.0
zz,506,8,113,0.15981155776749423,0.07990577888374711,0.04015143010216469,0.0
zz,507,24,113,0.3408732251081284,0.1704366125540642,0.08095880842072194,0.0
zz,508,16,113,0.3183000232971792,0.1591500116485896,0.07911418381641151,0.0
zz,509,16,113,0.30664056705120113,0.15332028352560056,0.0763336109073672,0.0
zz,510,8,113,0.0867849422461433,0.04339247112307165,0.02181610789307544,0.0
zz,511,8,113,0.12042559509614292,0.06021279754807146,0.030242677185159356,0.0
zz,512,24,113,0.17201802276381978,0.08600901138190989,0.041520276930883185,0.0
zz,513,8,113,0.08016307112319376,0.04008153556159688,0.020105716926509466,0.0
zz,514,24,113,0.1566432093343712,0.0783216046671856,0.03883550053326409,0.0
zz,515,16,113,0.33745718772542144,0.16872859386271072,0.08381114210461686,0.0
zz,516,16,113,0.3210290999944799,0.16051454999723996,0.07980810532249182,0.0
zz,517,24,113,0.0283899621793971,0.01419498108969855,0.006277989431187887,0.0
zz,518,24,113,0.24066056416664638,0.12033028208332319,0.05854466465702692,0.0
zz,519,16,113,0.3356868593151427,0.16784342965757135,0.08336309394257951,0.0
zz,520,8,113,0.11267012294313661,0.056335061471568304,0.0282929566295887,0.0
zz,521,8,113,0.09840128706999629,0.049200643534998145,0.024749910287510796,0.0
zz,522,24,113,0.10696723245669382,0.05348361622834691,0.02658025904668285,0.0
zz,523,24,113,0.24869861101774413,0.12434930550887206,0.05952852633105636,0.0
zz,524,24,113,0.02982879650105824,0.01491439825052912,0.005636897391949974,0.0
zz,525,24,113,0.3771515855701472,0.1885757927850736,0.09218540783302619,0.0
zz,526,24,113,0.22284909026802957,0.11142454513401479,0.053913538083110855,0.0
zz,527,24,113,0.17685476263587557,0.08842738131793779,0.043454225535540014,0.0
zz,528,24,113,0.06229124855469059,0.031145624277345296,0.01554148457538089,0.0
zz,529,24,113,0.38487757452563676,0.19243878726281838,0.09379648271547626,0.0
zz,530,24,113,0.18754607411532692,0.09377303705766346,0.04649725905587464,0.0
zz,531,24,113,0.30398252488116173,0.15199126244058087,0.07382270358596892,0.0
zz,532,16,113,0.3434438085682844,0.1717219042841422,0.08524580750492083,0.0
zz,533,16,113,0.32284236123292925,0.16142118061646463,0.0799904270979874,0.0
zz,534,8,113,0.12564205343493473,0.06282102671746737,0.031564680498078306,0.0
zz,535,24,113,0.16680411442125156,0.08340205721062578,0.04120432686821323,0.0
zz,536,8,113,0.12080834077326275,0.06040417038663137,0.030362507225984662,0.0
zz,537,8,113,0.1296270884020264,0.0648135442010132,0.032566554067538944,0.0
zz,538,8,113,0.06489639168728933,0.03244819584364467,0.016275897596114815,0.0
zz,539,24,113,0.28464499592368164,0.14232249796184082,0.06956926955854867,0.0
zz,540,8,113,0.1303161277776882,0.0651580638888441,0.03268233303603755,0.0
zz,541,16,113,0.37346712157052764,0.18673356078526382,0.09207434448059584,0.0
zz,542,24,113,0.19554585870375527,0.09777292935187763,0.04711956042100874,0.0
zz,543,24,113,0.3193845805296473,0.15969229026482365,0.07725713881825653,0.0
zz,544,8,113,0.15199536324189883,0.07599768162094941,0.03819660155149803,0.0
zz,545,24,113,0.14238834050291987,0.07119417025145994,0.034501778701277304,0.0
zz,546,16,113,0.32482589041588533,0.16241294520794267,0.08041140528350259,0.0
zz,547,24,113,0.31514371076366066,0.15757185538183033,0.07622319203570448,0.0
zz,548,24,113,0.2996435656360483,0.14982178281802416,0.07379606199111764,0.0
zz,549,24,113,0.30612368028939047,0.15306184014469523,0.07430769163604528,0.0
zz,550,16,113,0.37375548778331613,0.18687774389165807,0.09212025463502356,0.0
zz,551,16,113,0.35649064296386346,0.17824532148193173,0.08829188611750864,0.0
zz,552,8,113,0.10353583796836774,0.05176791898418387,0.02603979760635635,0.0
zz,553,24,113,0.15775047365716038,0.07887523682858019,0.03848145648056053,0.0
zz,554,16,113,0.3483258078261804,0.1741629039130902,0.08626367391407354,0.0
zz,555,16,113,0.35325217550177745,0.17662608775088873,0.08745426534585297,0.0
zz,556,24,113,0.3169809448548776,0.1584904724274388,0.07696249414588202,0.0
zz,557,8,113,0.1567545146911392,0.0783772573455696,0.039394086428779375,0.0
zz,558,8,113,0.07882011942029521,0.039410059710147605,0.019807109661585828,0.0
zz,559,8,113,0.12642289158900466,0.06321144579450233,0.031803145361965976,0.0
zz,560,8,113,0.1032473327073602,0.0516236663536801,0.025954366704660826,0.0
zz,561,16,113,0.35265298793074357,0.17632649396537178,0.08702726824230067,0.0
zz,562,8,113,0.058114966262126644,0.029057483131063322,0.014616500351888644,0.0
zz,563,24,113,0.2233844923399302,0.1116922461699651,0.05463946688255896,0.0
zz,564,16,113,0.3776321479788346,0.1888160739894173,0.09301823186724655,0.0
zz,565,24,113,0.02054344366299865,0.010271721831499325,0.004846453777751318,0.0
zz,566,8,113,0.10856730679139137,0.054283653395695686,0.027290445147125933,0.0
zz,567,24,113,0.2903252305230546,0.1451626152615273,0.0699598099729369,0.0
zz,568,24,113,0.22494102872790994,0.11247051436395497,0.0556013581944455,0.0
zz,569,16,113,0.3292904925351421,0.16464524626757104,0.0819174765263129,0.0
zz,570,16,113,0.3702506068131006,0.1851253034065503,0.091183427086525,0.0
zz,571,8,113,0.10094574203427764,0.05047287101713882,0.0254035616771647,0.0
zz,572,24,113,0.11918098387776571,0.059590491938882856,0.02930619595149517,0.0
zz,573,16,113,0.2601843187407855,0.13009215937039276,0.0645121695099983,0.0
zz,574,8,113,0.09893083996141783,0.04946541998070891,0.024873047284119622,0.0
zz,575,8,113,0.0974078905466873,0.04870394527334365,0.024479648909963233,0.0
zz,576,16,113,0.3711829332220879,0.18559146661104395,0.09146478834669558,0.0
zz,577,24,113,0.4055454426241131,0.20277272131205654,0.09884537391831846,0.0
zz,578,24,113,0.02570511631370781,0.012852558156853905,0.006421802961360916,4.0904740594704947e-07
zz,579,8,113,0.12842586050456561,0.06421293025228281,0.0322662386353799,0.0
zz,580,24,113,0.27251861371241176,0.13625930685620588,0.06593344829428546,0.0
zz,581,8,113,0.13511662484036557,0.06755831242018279,0.033950125540557874,0.0
zz,582,16,113,0.35107815453559044,0.17553907726779522,0.08702967405763697,0.0
zz,583,16,113,0.32642531425925325,0.16321265712962663,0.08019917485895596,0.0
zz,584,16,113,0.37495517324670025,0.18747758662335012,0.09233395661875728,0.0
zz,585,8,113,0.11296345001506125,0.056481725007530625,0.028384078903178563,0.0
zz,586,24,113,0.2806847570321944,0.1403423785160972,0.06818376391394826,0.0
zz,587,8,113,0.11845253463608763,0.05922626731804381,0.029796106771007413,0.0
zz,588,8,113,0.058179666445792866,0.029089833222896433,0.014622012545725649,0.0
zz,589,16,113,0.3203962894444629,0.16019814472223146,0.07966994040165239,0.0
zz,590,16,113,0.3330386813121543,0.16651934065607715,0.08229934934048527,0.0
zz,591,16,113,0.37772181445326325,0.18886090722663162,0.09297634699531017,0.0
zz,592,16,113,0.31474419942974924,0.15737209971487462,0.07820930864236564,0.0
zz,593,24,113,0.339000496819439,0.1695002484097195,0.0819547967699517,0.0
zz,594,16,113,0.31537676606853576,0.15768838303426788,0.07837733830104411,0.0
zz,595,24,113,0.2216314994913546,0.1108157497456773,0.05308961929811415,0.0
zz,596,8,113,0.05433827459386287,0.027169137296931434,0.013656007057051214,0.0
zz,597,24,113,0.29430398902758903,0.14715199451379452,0.07217925481367368,0.0
zz,598,24,113,0.4165647239336741,0.20828236196683705,0.1004367099056508,0.0
zz,599,16,113,0.2891272357073105,0.14456361785365526,0.07176573343500366,0.0
zz,600,16,113,0.3466009200085183,0.17330046000425914,0.08588585123745494,0.0
zz,601,16,113,0.3293625533837656,0.1646812766918828,0.08134747988368972,0.0
zz,602,8,113,0.13863399415725852,0.06931699707862926,0.03482852524745685,0.0
zz,603,8,113,0.08109796717376483,0.040548983586882414,0.0203835438493377,0.0
zz,604,16,113,0.3403948070456394,0.1701974035228197,0.08445380748495564,0.0
zz,605,16,113,0.3545489860061537,0.17727449300307685,0.08783501254139976,0.0
zz,606,24,113,0.33884170035204997,0.16942085017602498,0.08217876021603285,0.0
zz,607,8,113,0.12171835500546602,0.06085917750273301,0.030591235543342338,0.0
zz,608,24,113,0.2967587959399013,0.14837939796995064,0.07228145759767686,0.0
zz,609,8,113,0.12832384654608986,0.06416192327304493,0.03223280456401096,0.0
zz,610,16,113,0.35405549590429325,0.17702774795214662,0.0876037840537545,0.0
zz,611,24,113,0.17376504918276953,0.08688252459138476,0.042465635543813225,0.0
zz,612,24,113,0.2657575284751694,0.1328787642375847,0.0648077901129839,0.0
zz,613,24,113,0.19840973468060744,0.09920486734030372,0.04840706493968704,0.0
zz,614,16,113,0.34594536929453146,0.17297268464726573,0.08588802207641538,0.0
zz,615,8,113,0.13141335542841537,0.06570667771420768,0.033017202670423684,0.0
zz,616,16,113,0.3659729489831065,0.18298647449155325,0.09041820713434057,0.0
zz,617,16,113,0.36320518022211423,0.18160259011105712,0.08946925862961935,0.0
zz,618,16,113,0.3546261199480539,0.17731305997402694,0.08772704066946442,0.0
zz,619,24,113,0.3801429736813658,0.1900714868406829,0.09240553655659257,0.0
zz,620,24,113,0.37096366426629634,0.18548183213314817,0.08896799588040495,0.0
zz,621,24,113,0.19026701095583287,0.09513350547791644,0.04603425190125472,0.0
zz,622,16,113,0.3392571664915225,0.16962858324576124,0.0841301250223998,0.0
zz,623,24,113,0.22073913548137816,0.11036956774068908,0.054654843696727205,0.0
zz,624,8,113,0.09234283369528828,0.04617141684764414,0.023229522317689967,0.0
zz,625,16,113,0.35365887954863096,0.17682943977431548,0.08764247311992578,0.0
zz,626,24,113,0.18579143099192622,0.09289571549596311,0.045977972642938916,0.0
zz,627,8,113,0.14197310480154746,0.07098655240077373,0.03568292229659175,0.0
zz,628,24,113,0.4146210177196543,0.20731050885982716,0.09895387531622862,0.0
zz,629,24,113,0.33877886558635245,0.16938943279317623,0.08232734675018381,0.0
zz,630,16,113,0.3653136230846603,0.18265681154233016,0.08996274574630142,0.0
zz,631,16,113,0.34476472450220297,0.17238236225110148,0.08484447230981809,0.0
zz,632,8,113,0.14094935679968645,0.07047467839984323,0.035370814372873795,0.0
zz,633,16,113,0.330673989694166,0.165336994847083,0.08214316193269665,0.0
zz,634,16,113,0.3210889908568625,0.16054449542843124,0.07900256134260614,0.0
zz,635,8,113,0.06270426657472983,0.031352133287364914,0.015751736601021252,0.0
zz,636,24,113,0.3392629090088847,0.16963145450444236,0.08224423124069805,0.0
zz,637,16,113,0.35048854709212257,0.17524427354606129,0.0868861291802711,0.0
zz,638,16,113,0.3266016340898546,0.1633008170449273,0.081000454777403,0.0
zz,639,16,113,0.36692878817492364,0.18346439408746182,0.0904721273052372,0.0
zz,640,8,113,0.10341148355299046,0.05170574177649523,0.0260175858842009,0.0
zz,641,8,113,0.1528289539034381,0.07641447695171905,0.038439690178774966,0.0
zz,642,8,113,0.10672571265382347,0.053362856326911734,0.0268223170854806,0.0
zz,643,16,113,0.3626471881636312,0.1813235940818156,0.0896588964011652,0.0
zz,644,16,113,0.3445023232614943,0.17225116163074716,0.08480143198639653,0.0
zz,645,16,113,0.35701983770884177,0.17850991885442088,0.088108375477383,0.0
zz,646,8,113,0.078020827606055,0.0390104138030275,0.01961684570790013,0.0
zz,647,24,113,0.39009797001962687,0.19504898500981344,0.0942952856871617,0.0
zz,648,8,113,0.12488644321302966,0.06244322160651483,0.03140085341127118,0.0
zz,649,24,113,0.23462756956503852,0.11731378478251926,0.05734078045031009,0.0
zz,650,24,113,0.17729993604394795,0.08864996802197397,0.043380164998845,0.0
zz,651,16,113,0.3660782586591279,0.18303912932956395,0.09049460575508754,0.0
zz,652,8,113,0.12966837458343783,0.06483418729171891,0.03259076199310446,0.0
zz,653,24,113,0.1030251119408897,0.05151255597044485,0.023692578489574907,0.0
zz,654,8,113,0.08805302757422873,0.04402651378711436,0.022126312539940858,0.0
zz,655,16,113,0.37949529620876826,0.18974764810438413,0.0933597020434284,0.0
zz,656,24,113,0.2986827023231059,0.14934135116155295,0.07237390508998078,0.0
zz,657,24,113,0.31940568866557917,0.15970284433278958,0.07687909385990342,0.0
zz,658,24,113,0.35152126515423016,0.17576063257711508,0.08393494662798999,0.0
zz,659,8,113,0.07233189140030694,0.03616594570015347,0.018187682644368427,0.0
zz,660,8,113,0.056708914642154995,0.028354457321077498,0.014260843607667993,0.0
zz,661,16,113,0.32853232420024425,0.16426616210012213,0.08140625136774465,0.0
zz,662,8,113,0.09459235298856972,0.04729617649428486,0.023778688911780418,0.0
zz,663,8,113,0.04885215129230758,0.02442607564615379,0.012278808323375403,0.0
zz,664,24,113,0.3840758172373121,0.19203790861865605,0.09295127454435435,0.0
zz,665,16,113,0.30219982466381634,0.15109991233190817,0.07471134826812441,0.0
zz,666,24,113,0.2230986283054547,0.11154931415272736,0.054439494785376616,0.0
zz,667,24,113,0.232008339012178,0.116004169506089,0.05596111417729206,0.0
zz,668,16,113,0.36296080369920536,0.18148040184960268,0.08978026942768325,0.0
zz,669,8,113,0.08337765180496759,0.041688825902483795,0.020948552503101094,0.0
zz,670,8,113,0.06846214044573695,0.034231070222868476,0.017199897768208974,0.0
zz,671,24,113,0.2688781529061173,0.13443907645305864,0.06565516617529304,0.0
zz,672,16,113,0.35728469212359615,0.17864234606179807,0.0884599019669746,0.0
zz,673,16,113,0.32977950020983665,0.16488975010491833,0.08181890853774604,0.0
zz,674,8,113,0.05108784510509612,0.02554392255254806,0.012838749977158661,0.0
zz,675,24,113,0.42647608448340063,0.21323804224170032,0.10380214720011854,0.0
zz,676,16,113,0.3499455087094647,0.17497275435473236,0.08665983241545529,0.0
zz,677,16,113,0.3731873689548473,0.18659368447742364,0.09199894706278189,0.0
zz,678,24,113,0.1907743267423348,0.0953871633711674,0.0471525944503719,0.0
zz,679,16,113,0.34803323723421187,0.17401661861710593,0.08612206092734279,0.0
zz,680,8,113,0.08227284690159775,0.041136423450798876,0.020676359933008964,0.0
zz,681,24,113,0.012539011034080172,0.006269505517040086,0.0025674240208569087,0.0
zz,682,8,113,0.11992459825109492,0.05996229912554746,0.03013759125944577,0.0
zz,683,8,113,0.10330550100248537,0.051652750501242684,0.02593578702649114,0.0
zz,684,8,113,0.10458265996740257,0.052291329983701285,0.02631364303026104,0.0
zz,685,8,113,0.12601275340290474,0.06300637670145237,0.03164331869740034,0.0
zz,686,16,113,0.3344256309954148,0.1672128154977074,0.08282867871191246,0.0
zz,687,8,113,0.09858356419500836,0.04929178209750418,0.02477273261422595,0.0
zz,688,8,113,0.08964277262579057,0.044821386312895284,0.022510810405625737,0.0
zz,689,24,113,0.18238202400115613,0.09119101200057807,0.04497940518134259,0.0
zz,690,8,113,0.11168007379192668,0.05584003689596334,0.028084216686637607,0.0
zz,691,16,113,0.3356759331112164,0.1678379665556082,0.0831536938328819,0.0
zz,692,8,113,0.053156766588698834,0.026578383294349417,0.013355553418317269,0.0
zz,693,16,113,0.35160437775733466,0.17580218887866733,0.087138392728109,0.0
zz,694,8,113,0.12322302089751214,0.06161151044875607,0.03093075181614632,0.0
zz,695,8,113,0.11856617083241039,0.059283085416205195,0.029803683107078035,0.0
zz,696,8,113,0.05873990838861276,0.02936995419430638,0.01478222350694262,0.0
zz,697,24,113,0.31687830548637463,0.15843915274318732,0.07563100090413664,0.0
zz,698,24,113,0.27161100421355333,0.13580550210677667,0.06612560059446707,0.0
zz,699,24,113,0.3296202293533975,0.16481011467669876,0.0794044935219198,0.0
zz,700,8,113,0.08970187660213902,0.04485093830106951,0.022550626912621802,0.0
zz,701,24,113,0.05461912359043691,0.027309561795218457,0.012849457369558805,0.0
zz,702,8,113,0.1065301917511221,0.05326509587556105,0.026772882315321954,0.0
zz,703,8,113,0.1323132852849277,0.06615664264246385,0.0332184374118467,0.0
zz,704,16,113,0.3289512276023331,0.16447561380116654,0.08172859633470012,0.0
zz,705,24,113,0.38586095478902904,0.19293047739451452,0.09358559255906933,0.0
zz,706,24,113,0.28185887274894517,0.14092943637447258,0.06869575860203535,0.0
zz,707,16,113,0.3653883480173431,0.18269417400867155,0.08977529204152229,0.0
zz,708,24,113,0.3457168996442531,0.17285844982212656,0.08415969257967791,0.0
zz,709,24,113,0.38292242536384147,0.19146121268192073,0.09309748335912137,0.0
zz,710,24,113,0.3427773752779381,0.17138868763896906,0.08236184493698376,0.0
zz,711,24,113,0.24213720178399836,0.12106860089199918,0.05914452040607057,0.0
zz,712,8,113,0.0767271645878701,0.03836358229393505,0.019279376025815233,0.0
zz,713,8,113,0.07238006455046253,0.036190032275231265,0.01820393802615942,0.0
zz,714,16,113,0.36405325665265925,0.18202662832632963,0.08991991146903781,0.0
zz,715,24,113,0.3438463728992605,0.17192318644963026,0.08419009878935484,0.0
zz,716,24,113,0.3778686102272224,0.1889343051136112,0.0910933880812439,0.0
zz,717,24,113,0.3724649642887605,0.18623248214438026,0.09133825250320403,0.0
zz,718,24,113,0.369687790826086,0.184843895413043,0.0904862136674726,0.0
zz,719,8,113,0.09155984252265703,0.045779921261328516,0.023007079644329572,0.0
zz,720,16,113,0.3595373219787693,0.17976866098938465,0.0884101086698347,0.0
zz,721,16,113,0.3571761783487569,0.17858808917437846,0.08811584921509877,0.0
zz,722,24,113,0.1416166183626857,0.07080830918134284,0.034307890947471005,0.0
zz,723,24,113,0.27384878497494425,0.13692439248747212,0.06671131039191805,0.0
zz,724,16,113,0.36541659533573656,0.18270829766786828,0.0902805506314136,0.0
zz,725,8,113,0.11235279295726053,0.056176396478630264,0.028261313292130236,0.0
zz,726,16,113,0.35459219428900113,0.17729609714450056,0.08782337959813294,0.0
zz,727,8,113,0.08166513974955703,0.04083256987477851,0.020505721931762776,0.0
zz,728,16,113,0.3591543091025215,0.17957715455126075,0.08861211165831778,0.0
zz,729,24,113,0.03355081166957341,0.016775405834786705,0.008147359590216076,0.0
zz,730,8,113,0.19905656936791855,0.09952828468395927,0.049942501918010314,0.0
zz,731,16,113,0.3391766388058707,0.16958831940293534,0.08374592922606747,0.0
zz,732,8,113,0.14126043820464096,0.07063021910232048,0.0355164454217118,0.0
zz,733,16,113,0.3209085843667285,0.16045429218336424,0.07885600197116056,0.0
zz,734,16,113,0.3540293081015806,0.1770146540507903,0.08737706008731924,0.0
zz,735,8,113,0.09203694042324517,0.046018470211622586,0.02314012793760361,0.0
zz,736,24,113,0.07012426219569368,0.03506213109784684,0.017766446576281087,0.0
zz,737,8,113,0.12082039887479401,0.060410199437397005,0.0303410803988824,0.0
zz,738,24,113,0.1510193740423238,0.0755096870211619,0.037147134628455813,0.0
zz,739,24,113,0.30883397992717493,0.15441698996358746,0.07446033122908,0.0
zz,740,16,113,0.32902886860526365,0.16451443430263182,0.08132519609947535,0.0
zz,741,8,113,0.08465921947478539,0.04232960973739269,0.021266351821728344,0.0
zz,742,16,113,0.35196052851649634,0.17598026425824817,0.08720103767730834,0.0
zz,743,24,113,0.31637235063857294,0.15818617531928647,0.07679604680806876,0.0
zz,744,8,113,0.08096874694636114,0.04048437347318057,0.02035442814517639,0.0
zz,745,8,113,0.18435954377669422,0.09217977188834711,0.046299178833676555,0.0
zz,746,24,113,0.17484405443577022,0.08742202721788511,0.043453365263202565,0.0
zz,747,24,113,0.05961016925587881,0.029805084627939404,0.012961421133899514,0.0
zz,748,8,113,0.06526156481548695,0.032630782407743475,0.016408608352797522,0.0
zz,749,8,113,0.13478990347734043,0.06739495173867022,0.03390197883319881,0.0
zz,750,24,113,0.22238888308829496,0.11119444154414748,0.054156333847213495,0.0
zz,751,8,113,0.05901593462645549,0.029507967313227745,0.014831968046643426,0.0
zz,752,8,113,0.13396254072399594,0.06698127036199797,0.03363814210311713,0.0
zz,753,24,113,0.2984718357666092,0.1492359178833046,0.0725888630295662,0.0
zz,754,24,113,0.24733603732387302,0.12366801866193651,0.060839665613896185,0.0
zz,755,8,113,0.08448381312371778,0.04224190656185889,0.021231159647235428,0.0
zz,756,24,113,0.2865553065582155,0.14327765327910774,0.06963889857508294,0.0
zz,757,24,113,0.09303273955738911,0.046516369778694555,0.022855513300329085,0.0
zz,758,24,113,0.13812586349064176,0.06906293174532088,0.034123948309815175,0.0
zz,759,24,113,0.30136848343349665,0.15068424171674832,0.07298537928245123,0.0
zz,760,16,113,0.3793145026882154,0.1896572513441077,0.09314838132851005,0.0
zz,761,24,113,0.14843216178969648,0.07421608089484824,0.03638356072129932,0.0
zz,762,24,113,0.26501605459845423,0.13250802729922712,0.06349168208068287,0.0
zz,763,24,113,0.3233385039133376,0.1616692519566688,0.07898959218284449,0.0
zz,764,16,113,0.32735264078001347,0.16367632039000674,0.08137163198716826,0.0
zz,765,16,113,0.35115740401385476,0.17557870200692738,0.0869139192614558,0.0
zz,766,24,113,0.3105538855944,0.1552769427972,0.07517209918427337,0.0
zz,767,8,113,0.10855014872007629,0.054275074360038145,0.027296142333066778,0.0
zz,768,8,113,0.06761252437827558,0.03380626218913779,0.016982796950221684,0.0
zz,769,8,113,0.1328407789939523,0.06642038949697615,0.033335238736416646,0.0
zz,770,8,113,0.11428688600529535,0.057143443002647676,0.028703371578055133,0.0
zz,771,8,113,0.10154207564493734,0.05077103782246867,0.02549046495316338,0.0
zz,772,8,113,0.09270816924438219,0.046354084622191094,0.023322831706233716,0.0
zz,773,16,113,0.3492344554786416,0.1746172277393208,0.08655992536017855,0.0
zz,774,24,113,0.017960673429190277,0.008980336714595138,0.003794398390602363,1.8678724585940998e-06
zz,775,16,113,0.36488720943934133,0.18244360471967067,0.09010257294502173,0.0
zz,776,8,113,0.1378503986297232,0.0689251993148616,0.03466428146791441,0.0
zz,777,24,113,0.1659412088119216,0.0829706044059608,0.03985877793642582,0.0
zz,778,16,113,0.30494379709356534,0.15247189854678267,0.07534021030116983,0.0
zz,779,16,113,0.30537956154092855,0.15268978077046427,0.07554986866799392,0.0
zz,780,8,113,0.14931503265897828,0.07465751632948914,0.037519062113188395,0.0
zz,781,24,113,0.09730393759130207,0.048651968795651035,0.02386849883375715,0.0
zz,782,24,113,0.2951252510836796,0.1475626255418398,0.07149539169743112,0.0
zz,783,24,113,0.28801612638296337,0.14400806319148168,0.06975161387518165,0.0
zz,784,8,113,0.13179735705415352,0.06589867852707676,0.033061679709816355,0.0
zz,785,16,113,0.3574725852550925,0.17873629262754626,0.08850257168907738,0.0
zz,786,8,113,0.14337691939641106,0.07168845969820553,0.036006125998475115,0.0
zz,787,8,113,0.09036973423630013,0.04518486711815006,0.022728999182761837,0.0
zz,788,8,113,0.11677823014658484,0.05838911507329242,0.02933188419131167,0.0
zz,789,16,113,0.3567673670467051,0.17838368352335254,0.08821727158256451,0.0
zz,790,24,113,0.43856570390251504,0.21928285195125752,0.10631964526337173,0.0
zz,791,24,113,0.310829801126506,0.155414900563253,0.07611990680673299,0.0
zz,792,8,113,0.15439020925896763,0.07719510462948381,0.038818609371031064,0.0
zz,793,8,113,0.05935867144354612,0.02967933572177306,0.014904935187632683,0.0
zz,794,24,113,0.27386191476914556,0.13693095738457278,0.06588695789278179,0.0
zz,795,8,113,0.10563852667205265,0.05281926333602632,0.026555726197429876,0.0
zz,796,8,113,0.10331188004337999,0.051655940021689994,0.025965772832614968,0.0
zz,797,24,113,0.20177151755338754,0.10088575877669377,0.049731114254487896,0.0
zz,798,16,113,0.3069433850790536,0.1534716925395268,0.07612352813062706,0.0
zz,799,8,113,0.05433132519356698,0.02716566259678349,0.013648481973423578,0.0
zz,800,24,113,0.1788700229739453,0.08943501148697265,0.04412574080796268,0.0
zz,801,24,113,0.2942906506285159,0.14714532531425795,0.07193327201127492,0.0
zz,802,16,113,0.35502286462505805,0.17751143231252903,0.0878722658550392,0.0
zz,803,8,113,0.07870253179149345,0.03935126589574672,0.019774720573976067,0.0
zz,804,16,113,0.35742987845052393,0.17871493922526197,0.08832099870396246,0.0
zz,805,8,113,0.0586060661293204,0.0293030330646602,0.014724665275345886,0.0
zz,806,24,113,0.2791764002751606,0.1395882001375803,0.06826869126323634,0.0
zz,807,16,113,0.34475091573330824,0.17237545786665412,0.08529000042196391,0.0
zz,808,24,113,0.3797627199663479,0.18988135998317396,0.09082400123007497,0.0
zz,809,24,113,0.3126293465134983,0.15631467325674914,0.07645688946072565,0.0
zz,810,24,113,0.07050498397991645,0.03525249198995822,0.017591051123827865,0.0
zz,811,16,113,0.3244382546429664,0.1622191273214832,0.08062022242179985,0.0
zz,812,8,113,0.13039240125799112,0.06519620062899556,0.032808476127430694,0.0
zz,813,16,113,0.3615729726431045,0.18078648632155225,0.08945029528036379,0.0
zz,814,16,113,0.33907366755320045,0.16953683377660023,0.08405059216563729,0.0
zz,815,8,113,0.10038179168693206,0.05019089584346603,0.025220471195522776,0.0
zz,816,16,113,0.348656694096678,0.174328347048339,0.08638602204777128,0.0
zz,817,8,113,0.07211465099987335,0.03605732549993668,0.01813977903725546,0.0
zz,818,16,113,0.3479538879982062,0.1739769439991031,0.08625406495924695,0.0
zz,819,8,113,0.1093732302459054,0.0546866151229527,0.02748924337088245,0.0
zz,820,24,113,0.1604995918121244,0.0802497959060622,0.03941785139371389,0.0
zz,821,24,113,0.07580773339451036,0.03790386669725518,0.01873893718342815,0.0
zz,822,8,113,0.06881002034947747,0.03440501017473874,0.01730748171218571,0.0
zz,823,8,113,0.09490953816096281,0.04745476908048141,0.023877114790290744,0.0
zz,824,8,113,0.10945110809348912,0.05472555404674456,0.02746907559148595,0.0
zz,825,16,113,0.34911151482822256,0.17455575741411128,0.08599476060008367,0.0
zz,826,16,113,0.29856653437532893,0.14928326718766446,0.07408752822239072,0.0
zz,827,24,113,0.28391147885929335,0.14195573942964668,0.06923830516978757,0.0
zz,828,16,113,0.37470823924356994,0.18735411962178497,0.09234619649505575,0.0
zz,829,24,113,0.22534860586457361,0.11267430293228681,0.05461827750055164,0.0
zz,830,16,113,0.3723058267459084,0.1861529133729542,0.0915665772817923,0.0
zz,831,8,113,0.11323309385252378,0.05661654692626189,0.028475696103378512,0.0
zz,832,24,113,0.27805167170234013,0.13902583585117007,0.06760289426714568,0.0
zz,833,24,113,0.24195423650625042,0.12097711825312521,0.05866964902794851,0.0
zz,834,24,113,0.38522085598813105,0.19261042799406553,0.09441488604668762,0.0
zz,835,24,113,0.2860884748047515,0.14304423740237576,0.0692214531511691,0.0
zz,836,24,113,0.2704035107625137,0.13520175538125684,0.06652756210636443,0.0
zz,837,16,113,0.3416986141181594,0.1708493070590797,0.08451303211241974,0.0
zz,838,16,113,0.3141649551190043,0.15708247755950214,0.07766889532036968,0.0
zz,839,24,113,0.21291592173103357,0.10645796086551679,0.05172005949752682,0.0
zz,840,16,113,0.3550813443477354,0.1775406721738677,0.08790345866886129,0.0
zz,841,8,113,0.12715961998815728,0.06357980999407864,0.03196906689245476,0.0
zz,842,16,113,0.3099339343503237,0.15496696717516184,0.07702654019929678,0.0
zz,843,24,113,0.2207106166195422,0.1103553083097711,0.054365777043016386,0.0
zz,844,16,113,0.34794989567553153,0.17397494783776576,0.0862799293632994,0.0
zz,845,16,113,0.25894154766394917,0.12947077383197458,0.06398269715965405,0.0
zz,846,16,113,0.3421238808175242,0.1710619404087621,0.0849652342107824,0.0
zz,847,8,113,0.08082303680549663,0.040411518402748314,0.02031156496626331,0.0
zz,848,24,113,0.298096246759605,0.1490481233798025,0.07176424720333859,0.0
zz,849,8,113,0.0748531891546953,0.03742659457734765,0.018819892259990603,0.0
zz,850,16,113,0.37430911173484716,0.18715455586742358,0.09227125623330236,0.0
zz,851,24,113,0.30769057058802024,0.15384528529401012,0.0740480770805367,0.0
zz,852,16,113,0.36168282041793165,0.18084141020896582,0.08947356077640017,0.0
zz,853,16,113,0.3168047411236833,0.15840237056184164,0.07812609638827873,0.0
zz,854,16,113,0.3529411702450716,0.1764705851225358,0.08679471055644775,0.0
zz,855,24,113,0.08299093104092725,0.041495465520463626,0.020349057293749175,0.0
zz,856,24,113,0.27903976295482485,0.13951988147741243,0.06612143524606137,0.0
zz,857,16,113,0.33893544146104515,0.16946772073052258,0.08422383082392818,0.0
zz,858,8,113,0.11237755409055139,0.056188777045275695,0.028263254013084695,0.0
zz,859,8,113,0.10280008581672762,0.05140004290836381,0.025832049099734914,0.0
zz,860,24,113,0.19427403644774516,0.09713701822387258,0.0474982762978111,0.0
zz,861,24,113,0.15580064980195923,0.07790032490097962,0.03811925006299599,0.0
zz,862,24,113,0.3527757794623614,0.1763878897311807,0.08479691937960222,0.0
zz,863,16,113,0.36571422283251154,0.18285711141625577,0.09032202866650342,0.0
zz,864,8,113,0.07890711332732492,0.03945355666366246,0.019828026341182886,0.0
zz,865,24,113,0.3137724906923775,0.15688624534618875,0.07579171922487231,0.0
zz,866,16,113,0.3274600860105671,0.16373004300528354,0.08101096179489986,0.0
zz,867,24,113,0.2807958050824748,0.1403979025412374,0.0688228436916913,0.0
zz,868,16,113,0.38119585613956,0.19059792806978,0.09352805533114977,0.0
zz,869,24,113,0.3877291181564974,0.1938645590782487,0.09429501248731365,0.0
zz,870,8,113,0.1038745297612721,0.05193726488063605,0.026093425548738843,0.0
zz,871,24,113,0.3083838280321658,0.1541919140160829,0.07420174643013287,0.0
zz,872,16,113,0.2967602052096955,0.14838010260484774,0.07309460086217118,0.0
zz,873,16,113,0.3425654370496494,0.1712827185248247,0.08459960051450367,0.0
zz,874,8,113,0.1284950135809767,0.06424750679048835,0.032294229982360305,0.0
zz,875,8,113,0.1636039293281153,0.08180196466405765,0.04112065679258373,0.0
zz,876,16,113,0.3249333569809757,0.16246667849048785,0.08041348531533002,0.0
zz,877,8,113,0.1290155328556929,0.06450776642784645,0.03238261536014783,0.0
zz,878,16,113,0.341445103934095,0.1707225519670475,0.08445961984816713,0.0
zz,879,16,113,0.31280574767189795,0.15640287383594897,0.07784330173481693,0.0
zz,880,16,113,0.36809797116697796,0.18404898558348898,0.09055066658829224,0.0
zz,881,8,113,0.07555002553034018,0.03777501276517009,0.018990235037756188,0.0
zz,882,8,113,0.10133270985388143,0.050666354926940715,0.025485883570995817,0.0
zz,883,16,113,0.3727531259592104,0.1863765629796052,0.09158070017696628,0.0
zz,884,24,113,0.39021410997533557,0.19510705498766778,0.09491945223474998,0.0
zz,885,8,113,0.0715520879169591,0.03577604395847955,0.017968270289826744,0.0
zz,886,16,113,0.3245120049243343,0.16225600246216715,0.08078643099437388,0.0
zz,887,24,113,0.38212491518748626,0.19106245759374313,0.09312151898368895,0.0
zz,888,16,113,0.34227506925606277,0.17113753462803138,0.08473341893690849,0.0
zz,889,24,113,0.2534956086660983,0.12674780433304916,0.06057712475498602,0.0
zz,890,16,113,0.2580158004114147,0.12900790020570735,0.0639355411913597,0.0
zz,891,16,113,0.33289881273332855,0.16644940636666428,0.08240708210010583,0.0
zz,892,16,113,0.3425879696470987,0.17129398482354935,0.085009429084655,0.0
zz,893,16,113,0.36750532458209506,0.18375266229104753,0.0905770344452449,0.0
zz,894,8,113,0.08591003972902289,0.042955019864511446,0.02156232796957479,0.0
zz,895,8,113,0.08203100530321372,0.04101550265160686,0.020636130689703786,0.0
zz,896,8,113,0.12883811723093785,0.06441905861546893,0.03228807186251425,0.0
zz,897,8,113,0.15318684239786806,0.07659342119893403,0.038509934223844154,0.0
zz,898,8,113,0.11486260187954678,0.05743130093977339,0.028869180320200204,0.0
zz,899,24,113,0.2597842101471326,0.1298921050735663,0.06384576281187,0.0
zz,900,16,113,0.3600829061214989,0.18004145306074945,0.08907343977264842,0.0
zz,901,24,113,0.06696377370024181,0.03348188685012091,0.017537664138467596,0.0
zz,902,24,113,0.2384165419766506,0.1192082709883253,0.05830084127414305,0.0
zz,903,8,113,0.092845952652853,0.0464229763264265,0.023324968785557967,0.0
zz,904,24,113,0.05181696828496224,0.02590848414248112,0.01303377161457847,0.0
zz,905,24,113,0.1628115738148076,0.0814057869074038,0.04039167599699207,0.0
zz,906,8,113,0.12725458689488367,0.06362729344744184,0.031968588188094706,0.0
zz,907,16,113,0.3539278008826878,0.1769639004413439,0.08767330144544878,0.0
zz,908,8,113,0.0973734361021128,0.0486867180510564,0.02447969203996934,0.0
zz,909,24,113,0.2831055724940367,0.14155278624701834,0.06935957727734907,0.0
zz,910,8,113,0.05994659514186962,0.02997329757093481,0.015063298653588091,0.0
zz,911,24,113,0.33852402932160197,0.16926201466080099,0.08243484700044083,0.0
zz,912,16,113,0.3614894978260028,0.1807447489130014,0.08933416399226293,0.0
zz,913,16,113,0.35022576171347297,0.17511288085673649,0.08677307501796705,0.0
zz,914,8,113,0.12001851902644989,0.060009259513224944,0.030150317075555863,0.0
zz,915,24,113,0.17403709183588423,0.08701854591794211,0.0422857442258654,0.0
zz,916,16,113,0.3596973676947803,0.17984868384739014,0.08892031271851053,0.0
zz,917,24,113,0.26998683989030037,0.13499341994515018,0.06570833002461987,0.0
zz,918,8,113,0.11773394850579744,0.05886697425289872,0.02956280044776527,0.0
zz,919,24,113,0.3925441211622762,0.1962720605811381,0.09515642398867977,0.0
zz,920,24,113,0.31936295616076027,0.15968147808038013,0.07742166858031366,0.0
zz,921,16,113,0.3567518771359546,0.1783759385679773,0.08832826214637056,0.0
zz,922,16,113,0.3518848247654146,0.1759424123827073,0.087003266200945,0.0
zz,923,8,113,0.15123579387646213,0.07561789693823107,0.037980134328282344,0.0
zz,924,8,113,0.08699802579787785,0.04349901289893893,0.021874463644965716,0.0
zz,925,16,113,0.3415646221612797,0.17078231108063985,0.08477342204548667,0.0
zz,926,8,113,0.14756527185422297,0.07378263592711148,0.03707445542888884,0.0
zz,927,24,113,0.06995990487320314,0.03497995243660157,0.017583991648241093,0.0
zz,928,16,113,0.3658120236096227,0.18290601180481136,0.09024397361200506,0.0
zz,929,16,113,0.35932303162547163,0.17966151581273582,0.08886884385374205,0.0
zz,930,16,113,0.36077557524775355,0.18038778762387678,0.08915413541333116,0.0
zz,931,24,113,0.2498781621134046,0.1249390810567023,0.0604570298097478,0.0
zz,932,24,113,0.20791157499417565,0.10395578749708782,0.049873683577743494,0.0
zz,933,24,113,0.1384618919562411,0.06923094597812054,0.03363068467161279,0.0
zz,934,8,113,0.10314897274461843,0.051574486372309214,0.025944738045117956,0.0
zz,935,16,113,0.3022811092825447,0.15114055464127235,0.07442132706778865,0.0
zz,936,16,113,0.36461492137223517,0.18230746068611758,0.0901251944854394,0.0
zz,937,8,113,0.10093154145776873,0.05046577072888436,0.02535633380002953,0.0
zz,938,24,113,0.05996023288116892,0.02998011644058446,0.014841329653238781,0.0
zz,939,8,113,0.12477055007388516,0.06238527503694258,0.031329618820067434,0.0
zz,940,16,113,0.35512192999020586,0.17756096499510293,0.0876175984191189,0.0
zz,941,8,113,0.12097928019506277,0.06048964009753138,0.030394788732598668,0.0
zz,942,8,113,0.08584278997007089,0.042921394985035444,0.021569575360257966,0.0
zz,943,16,113,0.3274086879770803,0.16370434398854014,0.08115201669938042,0.0
zz,944,8,113,0.05366594428895188,0.02683297214447594,0.013488999435943163,0.0
zz,945,24,113,0.08153631925128252,0.04076815962564126,0.02027854091772325,0.0
zz,946,16,113,0.3818690246344905,0.19093451231724526,0.09353421028665636,0.0
zz,947,24,113,0.38831441587686066,0.19415720793843033,0.09339106854161175,0.0
zz,948,8,113,0.08771707254443117,0.04385853627221559,0.022050547718670228,0.0
zz,949,8,113,0.10913397407865144,0.05456698703932572,0.027446650262812174,0.0
zz,950,24,113,0.0812276694786514,0.0406138347393257,0.01952409872342917,0.0
zz,951,16,113,0.30116213819159915,0.15058106909579957,0.07438508104186779,0.0
zz,952,24,113,0.38769023521028073,0.19384511760514037,0.0935196360846933,0.0
zz,953,24,113,0.39555545277851545,0.19777772638925772,0.09542841567795418,0.0
zz,954,24,113,0.38332133708599325,0.19166066854299663,0.09333834856120042,0.0
zz,955,8,113,0.06227157490473911,0.031135787452369557,0.01564397279986532,0.0
zz,956,8,113,0.15005513085404742,0.07502756542702371,0.037685654129918734,0.0
zz,957,8,113,0.14994491911440017,0.07497245955720008,0.03769523118347177,0.0
zz,958,16,113,0.3671890552683825,0.18359452763419126,0.09022755617744606,0.0
zz,959,16,113,0.35152382836878504,0.17576191418439252,0.08669332950948572,0.0
zz,960,24,113,0.23003096713192644,0.11501548356596322,0.05616007707925135,0.0
zz,961,8,113,0.09212008231266555,0.046060041156332776,0.023166530980917893,0.0
zz,962,16,113,0.35027918477616815,0.17513959238808408,0.08679690088973689,0.0
zz,963,16,113,0.3009783868507876,0.1504891934253938,0.07453204124795985,0.0
zz,964,24,113,0.040525801117419435,0.020262900558709718,0.00976730425945549,0.0
zz,965,16,113,0.3252610266404,0.1626305133202,0.0808477668540695,0.0
zz,966,8,113,0.13514698781416834,0.06757349390708417,0.03392849108602311,0.0
zz,967,8,113,0.11917022996578153,0.05958511498289076,0.029933582440915273,0.0
zz,968,16,113,0.3409963256523834,0.1704981628261917,0.08466106212166585,0.0
zz,969,8,113,0.11954133884662443,0.05977066942331222,0.03000803779704226,0.0
zz,970,8,113,0.09260936142001386,0.04630468071000693,0.023284657219655277,0.0
zz,971,16,113,0.34753750672789263,0.17376875336394632,0.08617634251889095,0.0
zz,972,16,113,0.361949498574179,0.1809747492870895,0.0894468986506745,0.0
zz,973,16,113,0.34717104718952013,0.17358552359476007,0.08588512651856424,0.0
zz,974,8,113,0.09326007576297835,0.04663003788148917,0.023428890140580413,0.0
zz,975,8,113,0.11637452849094121,0.058187264245470605,0.02923910802784111,0.0
zz,976,8,113,0.06418669406154875,0.03209334703077438,0.016126638056074696,0.0
zz,977,8,113,0.07191299271319318,0.03595649635659659,0.01807463464379601,0.0
zz,978,8,113,0.08131485078127709,0.040657425390638546,0.020441973777299553,0.0
zz,979,24,113,0.03266857921886135,0.016334289609430674,0.00830743757057182,9.880202812562189e-07
zz,980,24,113,0.15759279579077945,0.07879639789538972,0.038154204403838675,0.0
zz,981,16,113,0.3500654809653838,0.1750327404826919,0.08678379139716332,0.0
zz,982,24,113,0.036148798861480314,0.018074399430740157,0.007068911200012124,2.9578809443986387e-06
zz,983,8,113,0.1456322405470467,0.07281612027352335,0.036558604377966104,0.0
zz,984,24,113,0.39563235021854826,0.19781617510927413,0.09448759947565098,0.0
zz,985,8,113,0.10290936021264585,0.051454680106322925,0.02585091753195135,0.0
zz,986,8,113,0.0961018889344658,0.0480509444672329,0.02415380318870354,0.0
zz,987,16,113,0.29746268887234373,0.14873134443617186,0.07367496487432589,0.0
zz,988,16,113,0.35469781950121687,0.17734890975060844,0.08784356655518188,0.0
zz,989,24,113,0.3606946582984511,0.18034732914922555,0.08768060576555643,0.0
zz,990,8,113,0.10965875033211792,0.05482937516605896,0.027524757900230977,0.0
zz,991,8,113,0.08486862538646212,0.04243431269323106,0.021345817970202515,0.0
zz,992,24,113,0.18205820830645758,0.09102910415322879,0.04316979383740017,0.0
zz,993,16,113,0.3555455346518032,0.1777727673259016,0.08797073788117649,0.0
zz,994,24,113,0.26308581897704975,0.13154290948852487,0.0642505728354693,0.0
zz,995,8,113,0.08746001200688924,0.04373000600344462,0.021990948932834785,0.0
zz,996,16,113,0.3523018871298086,0.1761509435649043,0.08730770843540947,0.0
zz,997,16,113,0.3705281332372632,0.1852640666186316,0.09149154599140558,0.0
zz,998,24,113,0.19404808282876188,0.09702404141438094,0.047211670845253274,0.0
zz,999,16,113,0.3554398026520394,0.1777199013260197,0.08806360026801813,0.0
zz,1000,16,113,0.3659640652946149,0.18298203264730745,0.09039000628376805,0.0
zz,1001,8,113,0.12050081052136574,0.06025040526068287,0.030272633092955567,0.0
zz,1002,24,113,0.23813271140767375,0.11906635570383688,0.05853599399761617,0.0
zz,1003,16,113,0.32762889662208605,0.16381444831104303,0.08097885825316917,0.0
zz,1004,24,113,0.18843074614949043,0.09421537307474522,0.045999684638295714,0.0
zz,1005,24,113,0.28007658743463826,0.14003829371731913,0.06818627264956316,0.0
zz,1006,8,113,0.12682558256911247,0.06341279128455624,0.031859691599046926,0.0
zz,1007,16,113,0.35720826882563295,0.17860413441281647,0.08842045630274263,0.0
zz,1008,16,113,0.3465564028057554,0.1732782014028777,0.08539061257041604,0.0
zz,1009,16,113,0.3487860476011909,0.17439302380059546,0.08638640336213946,0.0
zz,1010,24,113,0.3085459808646438,0.1542729904323219,0.07526947145011652,0.0
zz,1011,8,113,0.14605368304214217,0.07302684152107108,0.0366331641151233,0.0
zz,1012,8,113,0.06463349050555622,0.03231674525277811,0.01625258060421646,0.0
zz,1013,24,113,0.08126434910263042,0.04063217455131521,0.020995192900021054,0.0
zz,1014,8,113,0.11562851305960031,0.057814256529800157,0.029008888460976528,0.0
zz,1015,8,113,0.15760611567848343,0.07880305783924171,0.03958712989687803,0.0
zz,1016,8,113,0.13983541749097228,0.06991770874548614,0.0351047701191537,0.0
zz,1017,16,113,0.36006846820985716,0.18003423410492858,0.08882052169171652,0.0
zz,1018,8,113,0.08180931594984509,0.04090465797492254,0.020560249721180517,0.0
zz,1019,8,113,0.11544396927704681,0.057721984638523405,0.02901897907425877,0.0
zz,1020,16,113,0.3392903447779935,0.16964517238899676,0.08375730770618837,0.0
zz,1021,8,113,0.11002022508996745,0.055010112544983725,0.027658221372357062,0.0
zz,1022,24,113,0.23758074494776601,0.11879037247388301,0.05785449655508281,0.0
zz,1023,8,113,0.10226885351838899,0.051134426759194496,0.025710545144609402,0.0
zz,1024,24,113,0.12992043097187755,0.06496021548593878,0.03199546395103578,0.0
zz,1025,8,113,0.14324217279468732,0.07162108639734366,0.036020439497170625,0.0
zz,1026,16,113,0.37428486103353914,0.18714243051676957,0.09228891204171458,0.0
zz,1027,24,113,0.2752050247903616,0.1376025123951808,0.06636327207598897,0.0
zz,1028,16,113,0.3506794030520476,0.1753397015260238,0.08648717737651135,0.0
zz,1029,24,113,0.048502114268639096,0.024251057134319548,0.012014813925758773,0.0
zz,1030,24,113,0.27434264493793925,0.13717132246896963,0.06533720565195579,0.0
zz,1031,24,113,0.10920271681467647,0.054601358407338235,0.0260691945478597,0.0
zz,1032,8,113,0.06140445073351275,0.030702225366756375,0.015429614247951608,0.0
zz,1033,24,113,0.3087520049552709,0.15437600247763544,0.07391884005209767,0.0
zz,1034,8,113,0.0935865455095618,0.0467932727547809,0.023556543892232593,0.0
zz,1035,16,113,0.37005020111280185,0.18502510055640092,0.09135925429761191,0.0
zz,1036,8,113,0.1453420226037082,0.0726710113018541,0.036529916852963924,0.0
zz,1037,16,113,0.354036596138279,0.1770182980691395,0.08761971595658553,0.0
zz,1038,8,113,0.11671866737520242,0.05835933368760121,0.02935322469762378,0.0
zz,1039,24,113,0.3410473118870415,0.17052365594352076,0.08311055382348813,0.0
zz,1040,24,113,0.20061948708968796,0.10030974354484398,0.04850456113891753,0.0
zz,1041,16,113,0.3442372081151942,0.1721186040575971,0.08540517428628921,0.0
zz,1042,24,113,0.16154391298946078,0.08077195649473039,0.040037544831504526,0.0
zz,1043,16,113,0.3352716824156484,0.1676358412078242,0.08328566996978035,0.0
zz,1044,16,113,0.36654061788509934,0.18327030894254967,0.09035894228332221,0.0
zz,1045,24,113,0.024520586297324787,0.012260293148662393,0.005325823411726787,0.0
zz,1046,16,113,0.3598777221902868,0.1799388610951434,0.08901977175896361,0.0
zz,1047,8,113,0.09755627232787112,0.04877813616393556,0.024525572508972446,0.0
zz,1048,8,113,0.11589968131664663,0.057949840658323315,0.02914650269770495,0.0
zz,1049,24,113,0.11462826962424022,0.05731413481212011,0.028441554383863813,0.0
zz,1050,8,113,0.08947557845255116,0.04473778922627558,0.022503851041029057,0.0
zz,1051,16,113,0.3489917129887926,0.1744958564943963,0.0864381934853876,0.0
zz,1052,8,113,0.15510266167024955,0.07755133083512478,0.03895234136254231,0.0
zz,1053,8,113,0.12636878165943877,0.06318439082971938,0.03176136331273663,0.0
zz,1054,24,113,0.22898414087383775,0.11449207043691888,0.05565074117557276,0.0
zz,1055,8,113,0.10722203474425185,0.053611017372125924,0.026937729542486237,0.0
zz,1056,8,113,0.13018094496893862,0.06509047248446931,0.032702710720367685,0.0
zz,1057,16,113,0.34840910092362376,0.17420455046181188,0.08635753698947103,0.0
zz,1058,8,113,0.07547501475388463,0.037737507376942314,0.018948884036998456,0.0
zz,1059,16,113,0.3820272170777388,0.1910136085388694,0.09384238925988302,0.0
zz,1060,16,113,0.3764524107756365,0.18822620538781826,0.09257446854242486,0.0
zz,1061,24,113,0.06234957176855521,0.031174785884277606,0.01502763592938094,0.0
zz,1062,24,113,0.37342931105649885,0.18671465552824942,0.09026038009067501,0.0
zz,1063,24,113,0.33375513731140993,0.16687756865570497,0.08076656023392172,0.0
zz,1064,24,113,0.25781141798358564,0.12890570899179282,0.06312885644506509,0.0
zz,1065,8,113,0.10725009221517035,0.05362504610758517,0.026943360383294774,0.0
zz,1066,24,113,0.37270644251827945,0.18635322125913972,0.09087552280731692,0.0
zz,1067,16,113,0.36031788795872677,0.18015894397936338,0.08912867866468184,0.0
zz,1068,16,113,0.33559735070373553,0.16779867535186777,0.08329169036317294,0.0
zz,1069,8,113,0.09801043568572176,0.04900521784286088,0.02458909779448338,0.0
zz,1070,8,113,0.09699094750281456,0.04849547375140728,0.024368614771694483,0.0
zz,1071,8,113,0.10633134433804281,0.053165672169021405,0.026722732897790764,0.0
zz,1072,16,113,0.3421948663858786,0.1710974331929393,0.08488335061892838,0.0
zz,1073,16,113,0.294195756907823,0.1470978784539115,0.07263715842254048,0.0
zz,1074,8,113,0.15798559084130093,0.07899279542065046,0.03967401261798849,0.0
zz,1075,24,113,0.328510210151745,0.1642551050758725,0.07940442491304604,0.0
zz,1076,8,113,0.10403258616905264,0.05201629308452632,0.02614924886309669,0.0
zz,1077,16,113,0.37272866634841323,0.18636433317420661,0.09175177637244886,0.0
zz,1078,8,113,0.08413742125983137,0.042068710629915684,0.021164747477022145,0.0
zz,1079,8,113,0.16678890419104586,0.08339445209552293,0.04186884230538912,0.0
zz,1080,24,113,0.3016424783367444,0.1508212391683722,0.07300410107856709,0.0
zz,1081,8,113,0.10309260970988166,0.05154630485494083,0.02591608218119467,0.0
zz,1082,24,113,0.3042473982064817,0.15212369910324086,0.07400806169250826,0.0
zz,1083,8,113,0.06501855789759514,0.03250927894879757,0.016348281859961882,0.0
zz,1084,8,113,0.06374570546140879,0.03187285273070439,0.016028821459836983,0.0
zz,1085,24,113,0.3728664882716064,0.1864332441358032,0.09126365696159004,0.0
zz,1086,16,113,0.35107673473378576,0.17553836736689288,0.0870160507172942,0.0
zz,1087,16,113,0.3626400085392599,0.18132000426962994,0.08933308719690014,0.0
zz,1088,16,113,0.3744173121973391,0.18720865609866955,0.09230858455731854,0.0
zz,1089,8,113,0.06381863394512444,0.03190931697256222,0.01605419133843603,0.0
zz,1090,16,113,0.37575971161927735,0.18787985580963867,0.092591951253996,0.0
zz,1091,24,113,0.30097863673295666,0.15048931836647833,0.0732462379738082,0.0
zz,1092,8,113,0.1539423752515014,0.0769711876257507,0.03869487590305485,0.0
zz,1093,24,113,0.17968802772875467,0.08984401386437733,0.044597550270061036,0.0
zz,1094,8,113,0.08626675039249054,0.04313337519624527,0.021660386891420105,0.0
zz,1095,16,113,0.3551859062352006,0.1775929531176003,0.08788090943764457,0.0
zz,1096,16,113,0.3487894680977667,0.17439473404888334,0.08646584041500147,0.0
zz,1097,8,113,0.06466540039457858,0.03233270019728929,0.016268700383624678,0.0
zz,1098,24,113,0.3919830011336606,0.1959915005668303,0.0946533357652351,0.0
zz,1099,8,113,0.11233959550081551,0.05616979775040776,0.028255570723847708,0.0
zz,1100,24,113,0.3181754250258666,0.1590877125129333,0.07751394659961772,0.0
zz,1101,16,113,0.34813842475539547,0.17406921237769774,0.08615560096030941,0.0
zz,1102,24,113,0.23224054967452862,0.11612027483726431,0.05569398609871114,0.0
zz,1103,8,113,0.07811938560039078,0.03905969280019539,0.019628440171101477,0.0
zz,1104,24,113,0.2768093391024885,0.13840466955124425,0.06803004762390266,0.0
zz,1105,8,113,0.15254526213379022,0.07627263106689511,0.03833679921485511,0.0
zz,1106,16,113,0.33874451236546876,0.16937225618273438,0.08407852409014242,0.0
zz,1107,24,113,0.016028419606934352,0.008014209803467176,0.003327100807266201,1.540877160255416e-06
zz,1108,16,113,0.33129618463276445,0.16564809231638222,0.08215642735919988,0.0
zz,1109,16,113,0.3638891891046946,0.1819445945523473,0.08989841071362693,0.0
zz,1110,16,113,0.36073225295898326,0.18036612647949163,0.08916968725959283,0.0
zz,1111,16,113,0.3082957951149836,0.1541478975574918,0.07652940065079644,0.0
zz,1112,16,113,0.3253604607885537,0.16268023039427684,0.08054096318702007,0.0
zz,1113,16,113,0.34480773475678894,0.17240386737839447,0.08531563625068285,0.0
zz,1114,24,113,0.17779460050126106,0.08889730025063053,0.04300187572354574,0.0
zz,1115,16,113,0.3442472336516814,0.1721236168258407,0.08516752410069894,0.0
zz,1116,8,113,0.15826281754192234,0.07913140877096117,0.03973223239409957,0.0
zz,1117,24,113,0.2662077882752506,0.1331038941376253,0.06484071886067416,0.0
zz,1118,24,113,0.16969266155726137,0.08484633077863069,0.041488500777625836,0.0
zz,1119,24,113,0.10095391100524997,0.05047695550262499,0.024645755025360906,0.0
zz,1120,8,113,0.08821582683007434,0.04410791341503717,0.022147189143942255,0.0
zz,1121,8,113,0.09674825440911594,0.04837412720455797,0.02431759492279329,0.0
zz,1122,8,113,0.1299500773253155,0.06497503866265775,0.03264855612315841,0.0
zz,1123,16,113,0.35270521235099395,0.17635260617549697,0.08718382529776596,0.0
zz,1124,8,113,0.06415256245029588,0.03207628122514794,0.01611729973495024,0.0
zz,1125,24,113,0.40514507912535624,0.20257253956267812,0.09671192841567333,0.0
zz,1126,16,113,0.3036320521082735,0.15181602605413674,0.07522522604850851,0.0
zz,1127,16,113,0.3568706504102318,0.1784353252051159,0.08827438197692922,0.0
zz,1128,16,113,0.3670431395590301,0.18352156977951506,0.09064221842657481,0.0
zz,1129,24,113,0.252578026511328,0.126289013255664,0.06134331293413264,0.0
zz,1130,8,113,0.07309768759054647,0.036548843795273234,0.018381581793022846,0.0
zz,1131,24,113,0.23213231496556896,0.11606615748278448,0.05738372123624959,0.0
zz,1132,16,113,0.33793130329365706,0.16896565164682853,0.08383029009629989,0.0
zz,1133,24,113,0.16313443209856615,0.08156721604928308,0.04009954649605641,0.0
zz,1134,24,113,0.3474313471058401,0.17371567355292006,0.08492964044557674,0.0
zz,1135,16,113,0.3432354564178403,0.17161772820892016,0.08516983305878892,0.0
zz,1136,8,113,0.14891424085002347,0.07445712042501174,0.037458603468455656,0.0
zz,1137,24,113,0.2712705005264841,0.13563525026324205,0.06553488038484465,0.0
zz,1138,8,113,0.07412852608343112,0.03706426304171556,0.018641586983278977,0.0
zz,1139,24,113,0.15777470259116194,0.07888735129558097,0.03798048840935805,0.0
zz,1140,16,113,0.3665584391813646,0.1832792195906823,0.0905028519367598,0.0
zz,1141,24,113,0.3211095876064341,0.16055479380321705,0.07820311871363793,0.0
zz,1142,16,113,0.3354147183519476,0.1677073591759738,0.08309670321122962,0.0
zz,1143,8,113,0.06970077463527569,0.03485038731763784,0.017531631207279356,0.0
zz,1144,8,113,0.07729962888540354,0.03864981444270177,0.019447627343720717,0.0
zz,1145,8,113,0.04919552705948049,0.024597763529740246,0.012351755243338137,0.0
zz,1146,16,113,0.3527449183782946,0.1763724591891473,0.08744540862702703,0.0
zz,1147,24,113,0.08144315701472077,0.040721578507360384,0.019637592391356613,0.0
zz,1148,16,113,0.3570380382809222,0.1785190191404611,0.08811090424581874,0.0
zz,1149,24,113,0.23480879926575704,0.11740439963287852,0.057292057818479646,0.0
zz,1150,24,113,0.3659885141637037,0.18299425708185185,0.08898949276884388,0.0
zz,1151,24,113,0.3217007816535565,0.16085039082677824,0.07716704253438936,0.0
zz,1152,16,113,0.35252113511959676,0.17626056755979838,0.0872188510040788,0.0
zz,1153,8,113,0.10340702719304096,0.05170351359652048,0.025996235456227236,0.0
zz,1154,16,113,0.35872130836030436,0.17936065418015218,0.08849789803633701,0.0
zz,1155,8,113,0.12244864795646437,0.06122432397823219,0.030781581808526772,0.0
zz,1156,24,113,0.15769951368673213,0.07884975684336606,0.03829582532433,0.0
zz,1157,16,113,0.3464403959237846,0.1732201979618923,0.08592475291673295,0.0
zz,1158,8,113,0.11675753596958638,0.05837876798479319,0.029346264866027226,0.0
zz,1159,8,113,0.13213943938521044,0.06606971969260522,0.033163916381862675,0.0
zz,1160,8,113,0.10860863201764115,0.054304316008820575,0.02730367795517519,0.0
zz,1161,16,113,0.32838377702890026,0.16419188851445013,0.0813559056405609,0.0
zz,1162,16,113,0.3588288367137972,0.1794144183568986,0.08876819015055966,0.0
zz,1163,8,113,0.11609538240123318,0.05804769120061659,0.029164177775516737,0.0
zz,1164,8,113,0.08396461461861748,0.04198230730930874,0.02111288345921811,0.0
zz,1165,8,113,0.1227231249644889,0.06136156248224445,0.030779505688909626,0.0
zz,1166,24,113,0.2648156497019498,0.1324078248509749,0.06453554751902776,0.0
zz,1167,8,113,0.09219698510315688,0.04609849255157844,0.023168788215399815,0.0
zz,1168,8,113,0.11438863006569044,0.05719431503284522,0.028738521338794124,0.0
zz,1169,8,113,0.10674984076803651,0.053374920384018254,0.0268392541200008,0.0
zz,1170,8,113,0.11544147785203007,0.057720738926015036,0.029017085321427997,0.0
zz,1171,8,113,0.10353036312143937,0.051765181560719686,0.026044411585453682,0.0
zz,1172,16,113,0.3476078468857555,0.17380392344287776,0.08600578766034736,0.0
zz,1173,8,113,0.12610887755644207,0.06305443877822103,0.031645117848221896,0.0
zz,1174,8,113,0.05042717571838318,0.02521358785919159,0.012672959780703671,0.0
zz,1175,24,113,0.24212729278965214,0.12106364639482607,0.058920219863320036,0.0
zz,1176,24,113,0.4183037433603107,0.20915187168015534,0.10171197667581736,0.0
zz,1177,8,113,0.12655979945490103,0.06327989972745052,0.031745280845982396,0.0
zz,1178,24,113,0.23631155689613964,0.11815577844806982,0.05692178889306023,0.0
zz,1179,16,113,0.3772986396206868,0.1886493198103434,0.09297900518555574,0.0
zz,1180,24,113,0.12515621385939185,0.06257810692969593,0.02993431026682233,0.0
zz,1181,8,113,0.10022976583995791,0.050114882919978954,0.02518172596128845,0.0
zz,1182,16,113,0.3519467040605986,0.1759733520302993,0.08706857015612916,0.0
zz,1183,24,113,0.34555894961538314,0.17277947480769157,0.08371776170452638,0.0
zz,1184,16,113,0.33932119910996134,0.16966059955498067,0.08395888750014523,0.0
zz,1185,24,113,0.26115271602396867,0.13057635801198433,0.06379448331550007,0.0
zz,1186,24,113,0.33145161471055884,0.16572580735527942,0.0803384276510934,0.0
zz,1187,16,113,0.33515297700386837,0.16757648850193418,0.0831358634787896,0.0
zz,1188,16,113,0.35898518922203726,0.17949259461101863,0.08872656503877688,0.0
zz,1189,16,113,0.34878240932355514,0.17439120466177757,0.08615102470027772,0.0
zz,1190,16,113,0.34785696117748355,0.17392848058874177,0.0863086686893933,0.0
zz,1191,8,113,0.0803635821305494,0.0401817910652747,0.020205804638583368,0.0
zz,1192,8,113,0.11347207372548529,0.056736036862742645,0.028510512053310406,0.0
zz,1193,16,113,0.3534589073855329,0.17672945369276644,0.08740566394280512,0.0
zz,1194,24,113,0.12895561982484105,0.06447780991242053,0.031362411464275375,0.0
zz,1195,8,113,0.06838443490496471,0.034192217452482354,0.01720547839025462,0.0
zz,1196,16,113,0.3416614724824597,0.17083073624122985,0.08482518408459513,0.0
zz,1197,24,113,0.3176723231126799,0.15883616155633995,0.07706055638983066,0.0
zz,1198,16,113,0.3728887942122715,0.18644439710613575,0.09199772085850388,0.0
zz,1199,16,113,0.3481242333566315,0.17406211667831575,0.08606630636096113,0.0
zz,1200,16,113,0.3201161242666625,0.16005806213333126,0.07924352089262035,0.0
zz,1201,8,113,0.10024569645358117,0.050122848226790584,0.02519828157427274,0.0
zz,1202,16,113,0.3316871722559904,0.1658435861279952,0.08249659502160489,0.0
zz,1203,16,113,0.35766590250813657,0.17883295125406828,0.08802021975368027,0.0
zz,1204,8,113,0.10854050101118418,0.05427025050559209,0.02727789552819497,0.0
zz,1205,16,113,0.3428475544060772,0.1714237772030386,0.08477547291980086,0.0
zz,1206,8,113,0.10831024909399378,0.05415512454699689,0.027219987230850656,0.0
zz,1207,16,113,0.27610774315598136,0.13805387157799068,0.06838887716285826,0.0
zz,1208,24,113,0.28309690125763787,0.14154845062881893,0.06819193895896133,0.0
zz,1209,8,113,0.04699691375426751,0.023498456877133755,0.011823313706233421,0.0
zz,1210,8,113,0.07165086643672347,0.035825433218361735,0.01799429629574924,0.0
zz,1211,24,113,0.2482959562734706,0.1241479781367353,0.06093769354811094,0.0
zz,1212,24,113,0.4182460041342584,0.2091230020671292,0.101285072214557,0.0
zz,1213,16,113,0.338973307080359,0.1694866535401795,0.08397312894793899,0.0
zz,1214,8,113,0.1654442945508336,0.0827221472754168,0.04159308599804472,0.0
zz,1215,8,113,0.06210804122028024,0.03105402061014012,0.015624723438750484,0.0
zz,1216,16,113,0.3384307299547793,0.16921536497738965,0.08377114073333086,0.0
zz,1217,16,113,0.29414614485093354,0.14707307242546677,0.07299444120826074,0.0
zz,1218,24,113,0.2607417951589889,0.13037089757949444,0.06432441933885709,0.0
zz,1219,16,113,0.3313465766636717,0.16567328833183584,0.08202010642155125,0.0
zz,1220,24,113,0.2671784322863846,0.1335892161431923,0.06501441098074874,0.0
zz,1221,8,113,0.09246294708156,0.04623147354078,0.023246582328168116,0.0
zz,1222,8,113,0.05826966640598741,0.029134833202993704,0.014650304735189175,0.0
zz,1223,16,113,0.35197450918709366,0.17598725459354683,0.08686104193731778,0.0
zz,1224,8,113,0.1676760685404859,0.08383803427024294,0.042121628656120014,0.0
zz,1225,16,113,0.3658463253512202,0.1829231626756101,0.09026027868071476,0.0
zz,1226,16,113,0.3660590764361393,0.18302953821806964,0.0902144466519552,0.0
zz,1227,16,113,0.3620157461352395,0.18100787306761976,0.08939221279672031,0.0
zz,1228,16,113,0.36183968184448856,0.18091984092224428,0.08948827053154788,0.0
zz,1229,24,113,0.33962034283243003,0.16981017141621502,0.08322859105575918,0.0
zz,1230,24,113,0.2627914534150908,0.1313957267075454,0.063319751616862,0.0
zz,1231,8,113,0.058186210132949334,0.029093105066474667,0.014628020333307906,0.0
zz,1232,8,113,0.08623542793131844,0.04311771396565922,0.02165395301092989,0.0
zz,1233,8,113,0.08915287245841474,0.04457643622920737,0.022425414329605244,0.0
zz,1234,24,113,0.08673358924810032,0.04336679462405016,0.020356212149792243,0.0
zz,1235,16,113,0.344266824868634,0.172133412434317,0.08540007340115356,0.0
zz,1236,24,113,0.09321890990934822,0.04660945495467411,0.022808880009550617,0.0
zz,1237,24,113,0.40160129943065376,0.20080064971532688,0.09697435859804568,0.0
zz,1238,8,113,0.06485459468490773,0.032427297342453865,0.016295451469113688,0.0
zz,1239,16,113,0.34353078002595094,0.17176539001297547,0.08522734109316478,0.0
zz,1240,16,113,0.3346442856224483,0.16732214281122415,0.08306045336045768,0.0
zz,1241,8,113,0.10029082873250172,0.05014541436625086,0.025197540819734448,0.0
zz,1242,16,113,0.3494567422521778,0.1747283711260889,0.08649477876851969,0.0
zz,1243,8,113,0.11377010947624866,0.05688505473812433,0.028594557580520815,0.0
zz,1244,16,113,0.33560581988870414,0.16780290994435207,0.08341124106127551,0.0
zz,1245,8,113,0.14507280380960702,0.07253640190480351,0.03646931181960208,0.0
zz,1246,16,113,0.3081334678387665,0.15406673391938325,0.07620603105930875,0.0
zz,1247,16,113,0.33255067981233893,0.16627533990616947,0.08220366898131623,0.0
zz,1248,16,113,0.3460021181556513,0.17300105907782565,0.08542442480530894,0.0
zz,1249,8,113,0.10186488623024803,0.050932443115124015,0.025605420745474616,0.0
zz,1250,8,113,0.1030869629750486,0.0515434814875243,0.025928955567223244,0.0
zz,1251,24,113,0.19286009810239968,0.09643004905119984,0.04731438925104832,0.0
zz,1252,8,113,0.13632778715416682,0.06816389357708341,0.034245890430426834,0.0
zz,1253,16,113,0.35590904679002683,0.17795452339501341,0.08807485853994733,0.0
zz,1254,24,113,0.29435127134536854,0.14717563567268427,0.07105020899532094,0.0
zz,1255,24,113,0.27209531575033397,0.13604765787516698,0.0656482522702072,0.0
zz,1256,24,113,0.018439474607165662,0.009219737303582831,0.004495027879942149,4.008660948850995e-06
zz,1257,16,113,0.3346869629978856,0.1673434814989428,0.08244487446674392,0.0
zz,1258,16,113,0.2825378404279742,0.1412689202139871,0.07031906803701347,0.0
zz,1259,16,113,0.3319122110066578,0.1659561055033289,0.08231319996825273,0.0
zz,1260,8,113,0.08390829083214701,0.04195414541607351,0.0211103560796548,0.0
zz,1261,24,113,0.23613304114284206,0.11806652057142103,0.05854004247734465,0.0
zz,1262,16,113,0.31770715812283334,0.15885357906141667,0.07868132315791279,0.0
zz,1263,8,113,0.07583372503158814,0.03791686251579407,0.019063765231854487,0.0
zz,1264,8,113,0.14115892789709933,0.07057946394854966,0.03551997482157846,0.0
zz,1265,16,113,0.30007852776185195,0.15003926388092598,0.07433903443637872,0.0
zz,1266,24,113,0.3951970719602128,0.1975985359801064,0.09615035187751132,0.0
zz,1267,24,113,0.28026702470211007,0.14013351235105503,0.06883105555663095,0.0
zz,1268,24,113,0.19183254029503072,0.09591627014751536,0.046757430011371476,0.0
zz,1269,24,113,0.06945644671992407,0.034728223359962035,0.01759238641776545,0.0
zz,1270,8,113,0.12101959168414078,0.06050979584207039,0.030420271829208523,0.0
zz,1271,8,113,0.10895875660773202,0.05447937830386601,0.027392938118322795,0.0
zz,1272,24,113,0.31317082686454567,0.15658541343227284,0.07470839323399557,0.0
zz,1273,24,113,0.2578419896693913,0.12892099483469566,0.06156880604727084,0.0
zz,1274,24,113,0.2135384850646846,0.1067692425323423,0.05149675781596331,0.0
zz,1275,16,113,0.3220861871110441,0.16104309355552204,0.07973825244457954,0.0
zz,1276,8,113,0.13758446549978431,0.06879223274989216,0.03458273700146916,0.0
zz,1277,8,113,0.14847172788044638,0.07423586394022319,0.03731444462648022,0.0
zz,1278,8,113,0.11210814753056109,0.05605407376528054,0.028160381231710233,0.0
zz,1279,24,113,0.24687117539776862,0.12343558769888431,0.05958623439722315,0.0
zz,1280,24,113,0.3215379900948583,0.16076899504742914,0.07733612748535265,0.0
zz,1281,16,113,0.3501647155551717,0.17508235777758585,0.08679065079121495,0.0
zz,1282,8,113,0.08064564176552402,0.04032282088276201,0.020289791965125693,0.0
zz,1283,16,113,0.37052098163494146,0.18526049081747073,0.09141035849377775,0.0
zz,1284,24,113,0.3429260053658222,0.1714630026829111,0.08327200703846746,0.0
zz,1285,24,113,0.2292574534791661,0.11462872673958305,0.05628611232324205,0.0
zz,1286,16,113,0.37750325653116223,0.18875162826558112,0.09295457252312,0.0
zz,1287,24,113,0.031698461167086855,0.015849230583543428,0.007853215924734154,0.0
zz,1288,24,113,0.16264028857558094,0.08132014428779047,0.03922416121747727,0.0
zz,1289,16,113,0.35839744841738663,0.17919872420869332,0.08839424350250046,0.0
zz,1290,24,113,0.3112535163742165,0.15562675818710825,0.074459108883972,0.0
zz,1291,8,113,0.13689814092071084,0.06844907046035542,0.03438598485619015,0.0
zz,1292,16,113,0.37383282850344085,0.18691641425172043,0.09213243035691561,0.0
zz,1293,16,113,0.33116778691560833,0.16558389345780417,0.08185606536231549,0.0
zz,1294,24,113,0.04583586472885248,0.02291793236442624,0.012072900464710658,4.9044324865743505e-06
zz,1295,8,113,0.15622562817363256,0.07811281408681628,0.03920534660441915,0.0
zz,1296,24,113,0.3606158277798922,0.1803079138899461,0.08757233244780407,0.0
zz,1297,24,113,0.26599653250354005,0.13299826625177003,0.06567707480462093,0.0
zz,1298,16,113,0.3366538844550473,0.16832694222752365,0.08354015207095959,0.0
zz,1299,8,113,0.1259117296570207,0.06295586482851034,0.03161221477826476,0.0
zz,1300,24,113,0.23366739341152634,0.11683369670576317,0.05636316454644906,0.0
zz,1301,8,113,0.11036854956189668,0.05518427478094834,0.027755006381094377,0.0
zz,1302,8,113,0.07555221198357054,0.03777610599178527,0.01898718471220935,0.0
zz,1303,16,113,0.3774715763183109,0.18873578815915545,0.09287201760995231,0.0
zz,1304,24,113,0.20432043093702815,0.10216021546851407,0.049424438525454285,0.0
zz,1305,8,113,0.10442983979839182,0.05221491989919591,0.02621875325512778,0.0
zz,1306,24,113,0.2862420725475175,0.14312103627375874,0.0695031918971995,0.0
zz,1307,16,113,0.308484451503311,0.1542422257516555,0.07626110803419714,0.0
zz,1308,8,113,0.14153715116715543,0.07076857558357771,0.03556743175275777,0.0
zz,1309,8,113,0.09662192534043001,0.04831096267021501,0.024327132318761092,0.0
zz,1310,8,113,0.08610354698735179,0.04305177349367589,0.02163762506625942,0.0
zz,1311,16,113,0.31577728493431134,0.15788864246715567,0.0781414267594444,0.0
zz,1312,8,113,0.11616585273116253,0.05808292636558127,0.029184542451175497,0.0
zz,1313,8,113,0.08329791602697989,0.041648958013489945,0.020959984708412732,0.0
zz,1314,8,113,0.1091658812736529,0.05458294063682645,0.027433616252012686,0.0
zz,1315,8,113,0.11763751854539362,0.05881875927269681,0.029527759070193248,0.0
zz,1316,24,113,0.2040524684268832,0.1020262342134416,0.04986860139219043,0.0
zz,1317,24,113,0.11631785706675696,0.05815892853337848,0.028664647458005277,0.0
zz,1318,24,113,0.2397716689006879,0.11988583445034395,0.05782098410041723,0.0
zz,1319,24,113,0.2284889052738998,0.1142444526369499,0.05614689355666063,0.0
zz,1320,24,113,0.25561721809679816,0.12780860904839908,0.06173990295222235,0.0
zz,1321,24,113,0.4247474966001372,0.2123737483000686,0.10227524924524119,0.0
zz,1322,16,113,0.3363834920733416,0.1681917460366708,0.0836280987744704,0.0
zz,1323,8,113,0.08555784765317953,0.042778923826589765,0.02151410683075664,0.0
zz,1324,16,113,0.35399943107980636,0.17699971553990318,0.08767004748460457,0.0
zz,1325,24,113,0.10107733748139969,0.050538668740699844,0.025156500101715055,0.0
zz,1326,24,113,0.205987000650771,0.1029935003253855,0.05025288283639291,0.0
zz,1327,24,113,0.30983892312814015,0.15491946156407008,0.07553724292927909,0.0
zz,1328,24,113,0.36985329084138396,0.18492664542069198,0.0888070852925414,0.0
zz,1329,24,113,0.18208667735133904,0.09104333867566952,0.045101465482215324,0.0
zz,1330,24,113,0.14035586683058798,0.07017793341529399,0.034405693208460236,0.0
zz,1331,24,113,0.2905112063048455,0.14525560315242275,0.06956794378865026,0.0
zz,1332,24,113,0.33613369554252925,0.16806684777126463,0.08178280521968993,0.0
zz,1333,16,113,0.34297971705941754,0.17148985852970877,0.08511983344648992,0.0
zz,1334,16,113,0.3228832546877295,0.16144162734386475,0.07987800576742217,0.0
zz,1335,16,113,0.3402003722023993,0.17010018610119965,0.08447765975119054,0.0
zz,1336,24,113,0.3141049421575169,0.15705247107875844,0.07533552618007383,0.0
zz,1337,8,113,0.10662901712147088,0.05331450856073544,0.02677986452414572,0.0
zz,1338,8,113,0.0921031263650871,0.04605156318254355,0.023161640494363776,0.0
zz,1339,24,113,0.35597154280525534,0.17798577140262767,0.08692880678771908,0.0
zz,1340,24,113,0.4082286557047933,0.20411432785239664,0.09934797853948227,0.0
zz,1341,24,113,0.06163917396836477,0.030819586984182384,0.014360744496428619,0.0
zz,1342,8,113,0.04336631416577219,0.021683157082886095,0.010905322278909543,0.0
zz,1343,16,113,0.3573829652007229,0.17869148260036144,0.08847432489089013,0.0
zz,1344,24,113,0.15380485957815726,0.07690242978907863,0.03746146899281164,0.0
zz,1345,24,113,0.34978295824225436,0.17489147912112718,0.0858475588350656,0.0
zz,1346,8,113,0.08762670568207775,0.04381335284103888,0.021998862626260576,0.0
zz,1347,16,113,0.33765576923502383,0.16882788461751191,0.08384872895963864,0.0
zz,1348,16,113,0.37702604209623625,0.18851302104811812,0.09289998237898843,0.0
zz,1349,16,113,0.2858366745766944,0.1429183372883472,0.07075518529066388,0.0
zz,1350,8,113,0.09375790462773748,0.04687895231386874,0.02356050957745949,0.0
zz,1351,8,113,0.1643728709408846,0.0821864354704423,0.041273750206583394,0.0
zz,1352,8,113,0.09432440178134727,0.04716220089067363,0.023717390743538017,0.0
zz,1353,16,113,0.3448557183084886,0.1724278591542443,0.08560004507290747,0.0
zz,1354,8,113,0.1168587486128988,0.0584293743064494,0.0293831453112051,0.0
zz,1355,8,113,0.15361358951738247,0.07680679475869123,0.03860383018597771,0.0
zz,1356,8,113,0.08280936140801787,0.041404680704008934,0.02080828659241278,0.0
zz,1357,8,113,0.1251627936647708,0.0625813968323854,0.03143898299814715,0.0
zz,1358,16,113,0.3393547749675614,0.1696773874837807,0.08397909830472268,0.0
zz,1359,16,113,0.3311650635659518,0.1655825317829759,0.08218246365782808,0.0
zz,1360,24,113,0.3389606561486951,0.16948032807434754,0.08198073122413094,0.0
zz,1361,8,113,0.07722066361592128,0.03861033180796064,0.01939644930658372,0.0
zz,1362,16,113,0.3499432549607284,0.1749716274803642,0.08675310099866976,0.0
zz,1363,24,113,0.3061094615850011,0.15305473079250054,0.07425727334609111,0.0
zz,1364,16,113,0.3513626263037233,0.17568131315186164,0.08669546168066267,0.0
zz,1365,8,113,0.13188416912715528,0.06594208456357764,0.03313187278645355,0.0
zz,1366,8,113,0.12596551417077584,0.06298275708538792,0.03166441872284111,0.0
zz,1367,16,113,0.3487824920465566,0.1743912460232783,0.08651848318198342,0.0
zz,1368,8,113,0.10819732112175862,0.05409866056087931,0.027204802492938808,0.0
zz,1369,8,113,0.06538023523109115,0.03269011761554558,0.016439331897223665,0.0
zz,1370,8,113,0.10200089205999419,0.05100044602999709,0.025653998491505677,0.0
zz,1371,24,113,0.37372048293258897,0.18686024146629449,0.09038229912128735,0.0
zz,1372,8,113,0.07704130421768707,0.038520652108843534,0.019342160849295097,0.0
zz,1373,8,113,0.06476846233706846,0.03238423116853423,0.016287485276167555,0.0
zz,1374,24,113,0.2843373051815923,0.14216865259079614,0.06832793406155312,0.0
zz,1375,8,113,0.08066578472704489,0.04033289236352244,0.020305891703461133,0.0
zz,1376,24,113,0.20821055642871616,0.10410527821435808,0.05035183987069895,0.0
zz,1377,16,113,0.3691320702451997,0.18456603512259984,0.09100559483110922,0.0
zz,1378,16,113,0.314135318632625,0.1570676593163125,0.07787242146169455,0.0
zz,1379,8,113,0.10736059834962852,0.05368029917481426,0.026986354489290414,0.0
zz,1380,16,113,0.369724430248398,0.184862215124199,0.09107682281117024,0.0
zz,1381,16,113,0.37980359998836205,0.18990179999418103,0.09341541341683703,0.0
zz,1382,16,113,0.36042099988708687,0.18021049994354343,0.08897632682510946,0.0
zz,1383,16,113,0.34488335589842556,0.17244167794921278,0.08556935804871661,0.0
zz,1384,16,113,0.35570202187320343,0.17785101093660172,0.08786855205675387,0.0
zz,1385,24,113,0.07575099812770092,0.03787549906385046,0.019060223572676113,0.0
zz,1386,8,113,0.11653711232739106,0.05826855616369553,0.029246853319661443,0.0
zz,1387,24,113,0.20264610852519602,0.10132305426259801,0.04799038091294668,0.0
zz,1388,24,113,0.29966550995177266,0.14983275497588633,0.0736360998539804,0.0
zz,1389,8,113,0.05582648438524496,0.02791324219262248,0.014029701056163904,0.0
zz,1390,16,113,0.32571549845970726,0.16285774922985363,0.08053370188549533,0.0
zz,1391,16,113,0.3687390403058961,0.18436952015294805,0.090768926483816,0.0
zz,1392,16,113,0.3439321168457861,0.17196605842289306,0.08536963565743498,0.0
zz,1393,24,113,0.18200813604063032,0.09100406802031516,0.04535123646755394,0.0
zz,1394,8,113,0.10963058540874548,0.05481529270437274,0.027515663688206588,0.0
zz,1395,24,113,0.14696749765142747,0.07348374882571374,0.03673552712283823,0.0
zz,1396,8,113,0.09655432841056621,0.04827716420528311,0.02424662889613745,0.0
zz,1397,8,113,0.08034454335218222,0.04017227167609111,0.02018411055025549,0.0
zz,1398,8,113,0.16975849134505172,0.08487924567252586,0.04264631158709122,0.0
zz,1399,24,113,0.22671175821472828,0.11335587910736414,0.05587542274360147,0.0
zz,1400,16,113,0.3508500298424438,0.1754250149212219,0.08670167819401056,0.0
zz,1401,16,113,0.3739210505431519,0.18696052527157594,0.09212459585720384,0.0
zz,1402,24,113,0.3636051230654024,0.1818025615327012,0.08771299977890126,0.0
zz,1403,16,113,0.34011231546901466,0.17005615773450733,0.08413424825099373,0.0
zz,1404,24,113,0.38315262640396563,0.19157631320198282,0.09280920761060239,0.0
zz,1405,24,113,0.42915401618911,0.214577008094555,0.10406513736016458,0.0
zz,1406,24,113,0.3104493344935616,0.1552246672467808,0.0763977280040894,0.0
zz,1407,16,113,0.32594391278055246,0.16297195639027623,0.08099947447612413,0.0
zz,1408,16,113,0.352147848088303,0.1760739240441515,0.08684665398266812,0.0
zz,1409,8,113,0.14351500397665584,0.07175750198832792,0.036093274208622204,0.0
zz,1410,24,113,0.02985780270938887,0.014928901354694435,0.0056257808406680486,0.0
zz,1411,24,113,0.380389408797682,0.190194704398841,0.09190127486095902,0.0
zz,1412,16,113,0.35200673075497435,0.17600336537748718,0.08689896858918568,0.0
zz,1413,8,113,0.10395969836192342,0.05197984918096171,0.026083666711911573,0.0
zz,1414,24,113,0.3583675612369085,0.17918378061845425,0.08670735626555208,0.0
zz,1415,16,113,0.31038554221539594,0.15519277110769797,0.07663616548718125,0.0
zz,1416,8,113,0.12858558659141228,0.06429279329570614,0.032306983727322776,0.0
zz,1417,16,113,0.31490237386243647,0.15745118693121823,0.07772018262548742,0.0
zz,1418,8,113,0.07885493432737112,0.03942746716368556,0.019818817441241893,0.0
zz,1419,24,113,0.3291947119779677,0.16459735598898384,0.08011669838144132,0.0
zz,1420,16,113,0.37503426219253416,0.18751713109626708,0.09233826679793612,0.0
zz,1421,16,113,0.32701194719145366,0.16350597359572683,0.08091410354805169,0.0
zz,1422,24,113,0.12928421980361232,0.06464210990180616,0.031969887744364836,0.0
zz,1423,24,113,0.33763934941256457,0.16881967470628229,0.08242402991261306,0.0
zz,1424,8,113,0.07246867116652456,0.03623433558326228,0.01819483126634666,0.0
zz,1425,16,113,0.3449385482780338,0.1724692741390169,0.08560529438517436,0.0
zz,1426,8,113,0.09650827796238548,0.04825413898119274,0.024263794159600286,0.0
zz,1427,24,113,0.03308451365966347,0.016542256829831736,0.00840399661469729,0.0
zz,1428,16,113,0.3665563598943877,0.18327817994719384,0.0904962704815871,0.0
zz,1429,8,113,0.08693535873983127,0.043467679369915635,0.02187053653923957,0.0
zz,1430,8,113,0.08566279759694695,0.042831398798473475,0.021537472874188352,0.0
zz,1431,24,113,0.19596261459656125,0.09798130729828063,0.0483589154346922,0.0
zz,1432,8,113,0.09208932162089578,0.04604466081044789,0.02313750058263742,0.0
zz,1433,24,113,0.20046631101700707,0.10023315550850354,0.04877846681384602,0.0
zz,1434,8,113,0.11805630510540488,0.05902815255270244,0.029643704490566452,0.0
zz,1435,8,113,0.06791379340465686,0.03395689670232843,0.01707366940786272,0.0
zz,1436,8,113,0.0657258495587294,0.0328629247793647,0.016534247135947193,0.0
zz,1437,16,113,0.36398719867181584,0.18199359933590792,0.08984789753278227,0.0
zz,1438,8,113,0.057525213782611995,0.028762606891305997,0.014435907040061787,0.0
zz,1439,24,113,0.09829537921606568,0.04914768960803284,0.024165191162233826,0.0
zz,1440,16,113,0.2955385583106671,0.14776927915533355,0.07315322583340575,0.0
zz,1441,8,113,0.07698829523271555,0.03849414761635778,0.019365560808593602,0.0
zz,1442,24,113,0.37815868052363283,0.18907934026181641,0.0922371339947568,0.0
zz,1443,16,113,0.3447208597498561,0.17236042987492806,0.085352763651113,0.0
zz,1444,16,113,0.3509016844089269,0.17545084220446344,0.08678324020959918,0.0
zz,1445,16,113,0.3798391812946229,0.18991959064731145,0.09351561991815982,0.0
zz,1446,24,113,0.032888785812703436,0.016444392906351718,0.00835068047923031,2.4854817682884445e-06
zz,1447,24,113,0.15232064695123082,0.07616032347561541,0.03780387832241755,0.0
zz,1448,16,113,0.37261231940767026,0.18630615970383513,0.09198970265059142,0.0
zz,1449,24,113,0.2036572259380453,0.10182861296902265,0.05013555232733704,0.0
zz,1450,8,113,0.11564021082499565,0.057820105412497824,0.02902341734715703,0.0
zz,1451,16,113,0.32132314804050177,0.16066157402025089,0.07968148011254816,0.0
zz,1452,8,113,0.040380640218193764,0.020190320109096882,0.010144293504293524,0.0
zz,1453,24,113,0.2908317061686073,0.14541585308430366,0.06996535268020615,0.0
zz,1454,24,113,0.16088999486954725,0.08044499743477362,0.03941957113064986,0.0
zz,1455,16,113,0.3568171723465723,0.17840858617328614,0.0883576450782309,0.0
zz,1456,8,113,0.13283475039416437,0.06641737519708218,0.03336383760259291,0.0
zz,1457,24,113,0.070268274194489,0.0351341370972445,0.017244077619070302,0.0
zz,1458,8,113,0.07397952463738255,0.03698976231869128,0.018598067887910005,0.0
zz,1459,8,113,0.05902310448700543,0.029511552243502714,0.014828896154906745,0.0
zz,1460,16,113,0.3515297142026647,0.17576485710133236,0.08688447249687693,0.0
zz,1461,8,113,0.09918582661486242,0.04959291330743121,0.024947274660231108,0.0
zz,1462,24,113,0.07440441588713775,0.03720220794356888,0.018864866508117112,0.0
zz,1463,8,113,0.12961234167425462,0.06480617083712731,0.03254816089909602,0.0
zz,1464,16,113,0.3568227704957406,0.1784113852478703,0.0883646158549767,0.0
zz,1465,24,113,0.05868499031292085,0.029342495156460424,0.013952720340076318,0.0
zz,1466,16,113,0.36323876191546545,0.18161938095773272,0.08986039163336103,0.0
zz,1467,24,113,0.22317204276494218,0.11158602138247109,0.05396607195839103,0.0
zz,1468,24,113,0.3305168916668648,0.1652584458334324,0.08117533699840994,0.0
zz,1469,8,113,0.09640088720964579,0.048200443604822896,0.024207313040080405,0.0
zz,1470,8,113,0.06742163263118117,0.033710816315590586,0.016937822609517424,0.0
zz,1471,24,113,0.2306690822402465,0.11533454112012324,0.0558945261838425,0.0
zz,1472,16,113,0.3444479047935892,0.1722239523967946,0.08547615462396947,0.0
zz,1473,16,113,0.3283510821121862,0.1641755410560931,0.0813435442326426,0.0
zz,1474,8,113,0.12573192603182148,0.06286596301591074,0.031632305056630027,0.0
zz,1475,8,113,0.06994528758003749,0.03497264379001874,0.017582016681976925,0.0
zz,1476,24,113,0.08877446703929837,0.04438723351964918,0.022589103792276202,0.0
zz,1477,24,113,0.35769309548908657,0.17884654774454328,0.08685211105523198,0.0
zz,1478,8,113,0.11451918621491308,0.05725959310745654,0.0288150601181758,0.0
zz,1479,8,113,0.07639167158141058,0.03819583579070529,0.019195960567776636,0.0
zz,1480,16,113,0.2780928706885429,0.13904643534427144,0.06901309545015512,0.0
zz,1481,24,113,0.3031694288867516,0.1515847144433758,0.07236499820418793,0.0
zz,1482,8,113,0.15312919553090248,0.07656459776545124,0.038492593029239484,0.0
zz,1483,8,113,0.10286237914986185,0.051431189574930924,0.025819491325441424,0.0
zz,1484,16,113,0.3306995087701172,0.1653497543850586,0.08205903170202504,0.0
zz,1485,8,113,0.1273496374904578,0.0636748187452289,0.03197870527111251,0.0
zz,1486,16,113,0.34926449257927517,0.17463224628963758,0.086651154805858,0.0
zz,1487,24,113,0.23945003692635072,0.11972501846317536,0.058052157112664995,0.0
zz,1488,16,113,0.3529378806690593,0.17646894033452964,0.08718276206250429,0.0
zz,1489,24,113,0.34084412043877177,0.17042206021938588,0.08270720415630645,0.0
zz,1490,16,113,0.3560420614107679,0.17802103070538394,0.08814240366256475,0.0
zz,1491,16,113,0.34549593684793106,0.17274796842396553,0.08563399407868005,0.0
zz,1492,24,113,0.08650692743470961,0.043253463717354806,0.0215561016905444,0.0
zz,1493,16,113,0.36309898651364503,0.18154949325682251,0.0894706465769533,0.0
zz,1494,8,113,0.10960137887588683,0.05480068943794342,0.02754213032350876,0.0
zz,1495,8,113,0.12749380514291275,0.06374690257145638,0.0320190847612643,0.0
zz,1496,8,113,0.10142637896502227,0.050713189482511134,0.025461787601194517,0.0
zz,1497,8,113,0.10682191977660793,0.053410959888303966,0.026838759782180522,0.0
zz,1498,8,113,0.16219362112184066,0.08109681056092033,0.04078962057603167,0.0
zz,1499,8,113,0.1608916539605711,0.08044582698028555,0.04045033866085754,0.0
zz,1500,8,113,0.12345501118126401,0.061727505590632004,0.030958458166889084,0.0
zz,1501,8,113,0.06394299230197487,0.03197149615098743,0.016074060816613427,0.0
zz,1502,16,113,0.31240897634871445,0.15620448817435723,0.07747761099983148,0.0
zz,1503,16,113,0.36774347743518543,0.18387173871759271,0.09074051129751984,0.0
zz,1504,24,113,0.39218511115214894,0.19609255557607447,0.09409241512087059,0.0
zz,1505,16,113,0.3595370736710698,0.1797685368355349,0.08901310254950336,0.0
zz,1506,24,113,0.16135993984154473,0.08067996992077237,0.03887358083169387,0.0
zz,1507,24,113,0.37738314547503427,0.18869157273751713,0.09143425256176314,0.0
zz,1508,24,113,0.2997766548046973,0.14988832740234864,0.07368386498370157,0.0
zz,1509,24,113,0.18580453757414553,0.09290226878707276,0.04523688569907053,0.0
zz,1510,24,113,0.35897558147620523,0.17948779073810261,0.08767644001840472,0.0
zz,1511,16,113,0.34051141819505976,0.17025570909752988,0.08453769400408588,0.0
zz,1512,16,113,0.3423091780836479,0.17115458904182396,0.08498605347126308,0.0
zz,1513,8,113,0.12513681909876007,0.06256840954938003,0.03142056509321761,0.0
zz,1514,16,113,0.3443394077019126,0.1721697038509563,0.08517709359997666,0.0
zz,1515,24,113,0.3166502646838594,0.1583251323419297,0.07688049786024759,0.0
zz,1516,8,113,0.0899619253955195,0.04498096269775975,0.022601646321053177,0.0
zz,1517,16,113,0.34858965601548025,0.17429482800774013,0.08637121913751829,0.0
zz,1518,24,113,0.12450909124123155,0.062254545620615775,0.03039575091223534,0.0
zz,1519,16,113,0.35596230271489404,0.17798115135744702,0.08803629888379623,0.0
zz,1520,24,113,0.05321357905424151,0.026606789527120756,0.01406074689011499,1.0685910311059033e-06
zz,1521,8,113,0.11495440129685752,0.05747720064842876,0.028891946094670218,0.0
zz,1522,24,113,0.07589986818806138,0.03794993409403069,0.0177418084562369,0.0
zz,1523,24,113,0.3961321992931776,0.1980660996465888,0.09548390667066055,0.0
zz,1524,8,113,0.08014459328240153,0.040072296641200766,0.02014944660590003,0.0
zz,1525,8,113,0.08681494498072906,0.04340747249036453,0.021819286589341035,0.0
zz,1526,24,113,0.43489136262074846,0.21744568131037423,0.10511219452019802,0.0
zz,1527,8,113,0.07809849484370057,0.039049247421850286,0.01963404910877358,0.0
zz,1528,24,113,0.20097604062742125,0.10048802031371062,0.0490793458302147,0.0
zz,1529,8,113,0.08862766751931472,0.04431383375965736,0.022249651821137854,0.0
zz,1530,8,113,0.1047824761524524,0.0523912380762262,0.026326442155108164,0.0
zz,1531,24,113,0.37283631981629894,0.18641815990814947,0.09066808275135244,0.0
zz,1532,8,113,0.10050508000217895,0.050252540001089474,0.02525892970261181,0.0
zz,1533,16,113,0.33681854945738376,0.16840927472869188,0.08350583225606269,0.0
zz,1534,16,113,0.34779631235107156,0.17389815617553578,0.08579762576840148,0.0
zz,1535,24,113,0.2871495457346914,0.1435747728673457,0.06932359388378985,0.0
zz,1536,16,113,0.3578097914043632,0.1789048957021816,0.08830936796326547,0.0
zz,1537,16,113,0.378604831003538,0.189302415501769,0.09315201122043296,0.0
zz,1538,24,113,0.07139938372746996,0.03569969186373498,0.018255992705038172,0.0
zz,1539,24,113,0.32085373600559575,0.16042686800279787,0.07770387784278918,0.0
zz,1540,24,113,0.31185100884058115,0.15592550442029057,0.07653934763498371,0.0
zz,1541,24,113,0.32077682498136784,0.16038841249068392,0.07727789190577303,0.0
zz,1542,16,113,0.37127313219564406,0.18563656609782203,0.09137692820299519,0.0
zz,1543,16,113,0.3667792798372467,0.18338963991862334,0.09058117923966773,0.0
zz,1544,8,113,0.06546198870366493,0.032730994351832465,0.016447383050756454,0.0
zz,1545,24,113,0.3435771668039308,0.1717885834019654,0.0826794095278183,0.0
zz,1546,24,113,0.2571263351244256,0.1285631675622128,0.06287936350640594,0.0
zz,1547,24,113,0.2318300948161097,0.11591504740805485,0.05586033421828296,0.0
zz,1548,8,113,0.12851977817091442,0.06425988908545721,0.032297923245775795,0.0
zz,1549,16,113,0.3149463232312986,0.1574731616156493,0.07786810732987758,0.0
zz,1550,8,113,0.07778466202667689,0.038892331013338444,0.019568601026211226,0.0
zz,1551,16,113,0.35521832932687186,0.17760916466343593,0.0878381597907113,0.0
zz,1552,16,113,0.35870682279780197,0.17935341139890099,0.08874595366049431,0.0
zz,1553,16,113,0.35210348230846567,0.17605174115423283,0.08705294914394945,0.0
zz,1554,8,113,0.07840834818722597,0.03920417409361299,0.019689376579614885,0.0
zz,1555,24,113,0.2962647576662335,0.14813237883311675,0.07248363154238659,0.0
zz,1556,8,113,0.10376022369797899,0.051880111848989496,0.026066088827454082,0.0
zz,1557,16,113,0.3618601226403039,0.18093006132015196,0.08920632721475392,0.0
zz,1558,24,113,0.35872722197268814,0.17936361098634407,0.08704260197335568,0.0
zz,1559,16,113,0.3688345725036278,0.1844172862518139,0.09101512134582758,0.0
zz,1560,24,113,0.34742806839377005,0.17371403419688503,0.08196685722598133,0.0
zz,1561,8,113,0.073720422692092,0.036860211346046,0.018503188007381887,0.0
zz,1562,8,113,0.0716141474657861,0.03580707373289305,0.017995026535651968,0.0
zz,1563,24,113,0.2124405623649234,0.1062202811824617,0.05189436278578061,0.0
zz,1564,24,113,0.40622062272926396,0.20311031136463198,0.09804498526267887,0.0
zz,1565,8,113,0.09718848536810143,0.048594242684050715,0.024424239682864265,0.0
zz,1566,24,113,0.2117603230364812,0.1058801615182406,0.05186480894435474,0.0
zz,1567,24,113,0.08004696210009021,0.04002348105004511,0.020465765587232145,0.0
zz,1568,24,113,0.2749462324331653,0.13747311621658265,0.0668885535164531,0.0
zz,1569,16,113,0.3613482512622001,0.18067412563110005,0.08934528402036646,0.0
zz,1570,16,113,0.387055872500881,0.1935279362504405,0.09487324649954346,0.0
zz,1571,24,113,0.3095697731849716,0.1547848865924858,0.07596929455481688,0.0
zz,1572,24,113,0.2505568708675854,0.1252784354337927,0.06117085995617748,0.0
zz,1573,8,113,0.08793020283029518,0.04396510141514759,0.0221180677772371,0.0
zz,1574,8,113,0.13475334198074418,0.06737667099037209,0.03387116120889397,0.0
zz,1575,24,113,0.061610871836814574,0.030805435918407287,0.015421070609737146,0.0
zz,1576,16,113,0.37742325187298087,0.18871162593649043,0.0928358386297441,0.0
zz,1577,8,113,0.09177811009278869,0.045889055046394345,0.023064350481573636,0.0
zz,1578,8,113,0.11448048088654128,0.05724024044327064,0.028778457531210826,0.0
zz,1579,16,113,0.3002163742157071,0.15010818710785356,0.07464032918832429,0.0
zz,1580,16,113,0.3156629908331827,0.15783149541659136,0.07842830128396407,0.0
zz,1581,16,113,0.3535037838822303,0.17675189194111515,0.08753670173789166,0.0
zz,1582,24,113,0.42909443940156045,0.21454721970078022,0.10346195653915369,0.0
zz,1583,24,113,0.2959239588488199,0.14796197942440995,0.0719751096585336,0.0
zz,1584,16,113,0.3569506106192266,0.1784753053096133,0.08834642461007036,0.0
zz,1585,8,113,0.11037024968016262,0.05518512484008131,0.027722289548391815,0.0
zz,1586,8,113,0.10982187431911272,0.05491093715955636,0.02761426094427948,0.0
zz,1587,8,113,0.16814355712681056,0.08407177856340528,0.04229647275940661,0.0
zz,1588,24,113,0.10664519899090175,0.05332259949545087,0.025869729733846627,0.0
zz,1589,8,113,0.09112353070374324,0.04556176535187162,0.022928558582353244,0.0
zz,1590,16,113,0.3476354591991146,0.1738177295995573,0.0860041926749245,0.0
zz,1591,8,113,0.09340988021567231,0.04670494010783616,0.023503415300903184,0.0
zz,1592,8,113,0.10611563983384742,0.05305781991692371,0.02671385497769036,0.0
zz,1593,16,113,0.3484264855270636,0.1742132427635318,0.08637201928846851,0.0
zz,1594,24,113,0.13505741554191097,0.06752870777095549,0.0332295800995602,0.0
zz,1595,24,113,0.25011820136564583,0.12505910068282292,0.060136726384065205,0.0
zz,1596,8,113,0.1324646674138964,0.0662323337069482,0.03324186598741873,0.0
zz,1597,24,113,0.3100400490683124,0.1550200245341562,0.07504409393214426,0.0
zz,1598,8,113,0.0963378407593446,0.0481689203796723,0.02422484057075184,0.0
zz,1599,8,113,0.14245934423512474,0.07122967211756237,0.035784268327316036,0.0
zz,1600,8,113,0.07930861986625404,0.03965430993312702,0.01994973284089461,0.0
zz,1601,8,113,0.09165674991264616,0.04582837495632308,0.02306923136183579,0.0
zz,1602,8,113,0.08579908879738551,0.04289954439869276,0.021534756345274617,0.0
zz,1603,8,113,0.08955242215791803,0.044776211078959016,0.02251414094804327,0.0
zz,1604,24,113,0.3354730953435292,0.1677365476717646,0.0813449406556351,0.0
zz,1605,24,113,0.10811414012356457,0.054057070061782286,0.02596793364417977,0.0
zz,1606,24,113,0.3236226229620317,0.16181131148101585,0.0779530721587628,0.0
zz,1607,8,113,0.06988159277657813,0.034940796388289064,0.017545711094164352,0.0
zz,1608,16,113,0.3599667000911074,0.1799833500455537,0.08897930982375755,0.0
zz,1609,16,113,0.3554116659847141,0.17770583299235704,0.08790644849889132,0.0
zz,1610,8,113,0.06808349539859826,0.03404174769929913,0.017127210416016,0.0
zz,1611,24,113,0.3480089764657225,0.17400448823286124,0.08446507344907109,0.0
zz,1612,8,113,0.12533261599661505,0.06266630799830752,0.03145850190678518,0.0
zz,1613,24,113,0.05494845635094364,0.02747422817547182,0.014197606551280688,0.0
zz,1614,16,113,0.3457643369034822,0.1728821684517411,0.0857608564220983,0.0
zz,1615,16,113,0.3574168638172109,0.17870843190860544,0.088493649152018,0.0
zz,1616,16,113,0.3607970598569251,0.18039852992846256,0.08920167116380874,0.0
zz,1617,8,113,0.0951207714574086,0.0475603857287043,0.02389283056193088,0.0
zz,1618,24,113,0.28246882869873774,0.14123441434936887,0.068442981410725,0.0
zz,1619,8,113,0.09029713336942424,0.04514856668471212,0.02271605756236368,0.0
zz,1620,24,113,0.15457746612363443,0.07728873306181722,0.03736581086555985,0.0
zz,1621,24,113,0.10685549235942321,0.053427746179711605,0.02712957451309696,0.0
zz,1622,8,113,0.08149885064196294,0.04074942532098147,0.02047977062204068,0.0
zz,1623,16,113,0.3155235008470142,0.1577617504235071,0.07824989510992147,0.0
zz,1624,16,113,0.35789788964613445,0.17894894482306722,0.08856566645582632,0.0
zz,1625,24,113,0.35220934172729,0.176104670863645,0.08542149272925724,0.0
zz,1626,16,113,0.32116295173582476,0.16058147586791238,0.07962027713174438,0.0
zz,1627,8,113,0.09700945796266325,0.048504728981331624,0.0243871739406935,0.0
zz,1628,16,113,0.35848881008294653,0.17924440504147326,0.08854477182590395,0.0
zz,1629,24,113,0.20741506046331315,0.10370753023165658,0.050273756296398416,0.0
zz,1630,16,113,0.3220835733382942,0.1610417866691471,0.07957780808713413,0.0
zz,1631,8,113,0.14455826186463716,0.07227913093231858,0.036346135000915866,0.0
zz,1632,16,113,0.3694676760093154,0.1847338380046577,0.0907852785612734,0.0
zz,1633,16,113,0.37259153736422157,0.18629576868211078,0.0917175349786785,0.0
zz,1634,24,113,0.0851373450564708,0.0425686725282354,0.022219878506759046,0.0
zz,1635,24,113,0.06213174837781332,0.03106587418890666,0.01285597912328872,2.796474210531308e-06
zz,1636,24,113,0.3525588833788272,0.1762794416894136,0.08446962916398448,0.0
zz,1637,16,113,0.35470789746484854,0.17735394873242427,0.08776038313110775,0.0
zz,1638,16,113,0.3547457991316282,0.1773728995658141,0.08763644278411759,0.0
zz,1639,24,113,0.2693834657763495,0.13469173288817474,0.06566490254282506,0.0
zz,1640,8,113,0.10726584751194301,0.05363292375597151,0.026950902206415654,0.0
zz,1641,24,113,0.10617048506393634,0.05308524253196817,0.025738272317943223,0.0
zz,1642,24,113,0.20607305192010142,0.10303652596005071,0.05083159692180216,0.0
zz,1643,16,113,0.32465540418956096,0.16232770209478048,0.08083723021079668,0.0
zz,1644,16,113,0.3747601242615981,0.18738006213079905,0.09222010206384591,0.0
zz,1645,8,113,0.15637389247341194,0.07818694623670597,0.039277349683816846,0.0
zz,1646,24,113,0.10603952076773354,0.05301976038386677,0.026434322420762775,0.0
zz,1647,16,113,0.3090782368473093,0.15453911842365464,0.07630794277566753,0.0
zz,1648,8,113,0.08624652934819799,0.04312326467409899,0.021676099170096986,0.0
zz,1649,24,113,0.025221888873991016,0.012610944436995508,0.004981456335510371,0.0
zz,1650,16,113,0.3450793976723634,0.1725396988361817,0.0856227182361904,0.0
zz,1651,8,113,0.11265672642394964,0.05632836321197482,0.028278617250890058,0.0
zz,1652,8,113,0.09674464245838843,0.048372321229194215,0.024318246660852624,0.0
zz,1653,24,113,0.41089019971783625,0.20544509985891812,0.09866136583808587,0.0
zz,1654,24,113,0.3766424290282018,0.1883212145141009,0.09210466545851675,0.0
zz,1655,24,113,0.06249008141517798,0.03124504070758899,0.015551290762237688,0.0
zz,1656,24,113,0.2681770527653091,0.13408852638265456,0.06521680912590201,0.0
zz,1657,8,113,0.11768091505688438,0.05884045752844219,0.02955484892661234,0.0
zz,1658,24,113,0.3624828635952942,0.1812414317976471,0.08816392427964875,0.0
zz,1659,24,113,0.16089533136709816,0.08044766568354908,0.03910948843486229,0.0
zz,1660,16,113,0.3320576998634256,0.1660288499317128,0.08259180480295336,0.0
zz,1661,8,113,0.0724043587309584,0.0362021793654792,0.018204012568600835,0.0
zz,1662,16,113,0.31751582694022146,0.15875791347011073,0.07871992191810905,0.0
zz,1663,8,113,0.10092647814045552,0.05046323907022776,0.025370679809955624,0.0
zz,1664,8,113,0.0814169319032978,0.0407084659516489,0.020449526387988522,0.0
zz,1665,24,113,0.3157322356647201,0.15786611783236004,0.0763480862285466,0.0
zz,1666,8,113,0.08012558168382888,0.04006279084191444,0.020151265432248825,0.0
zz,1667,8,113,0.09694329136194624,0.04847164568097312,0.02437864631545897,0.0
zz,1668,16,113,0.35335081228794774,0.17667540614397387,0.08752001222015468,0.0
zz,1669,16,113,0.34239957677813093,0.17119978838906547,0.0847100741357821,0.0
zz,1670,16,113,0.2857625995488402,0.1428812997744201,0.0705429963973658,0.0
zz,1671,8,113,0.13017506250927724,0.06508753125463862,0.03270488875013164,0.0
zz,1672,8,113,0.07041735750550293,0.035208678752751466,0.017701546697891396,0.0
zz,1673,16,113,0.31530385620079804,0.15765192810039902,0.07835869920234041,0.0
zz,1674,8,113,0.08126519238564689,0.040632596192823445,0.020399489033562385,0.0
zz,1675,24,113,0.20489773740219844,0.10244886870109922,0.04989332809964474,0.0
zz,1676,16,113,0.3723569903048557,0.18617849515242785,0.09180302335937254,0.0
zz,1677,8,113,0.06344193787878916,0.03172096893939458,0.01593787409569765,0.0
zz,1678,16,113,0.34866764003681483,0.17433382001840741,0.08579925427969584,0.0
zz,1679,16,113,0.3657274691089182,0.1828637345544591,0.09025445061939098,0.0
zz,1680,16,113,0.35643509827832254,0.17821754913916127,0.08805401629387846,0.0
zz,1681,16,113,0.37322492605625834,0.18661246302812917,0.09183065822887476,0.0
zz,1682,16,113,0.337291505613702,0.168645752806851,0.0838370903348867,0.0
zz,1683,8,113,0.11286709061462041,0.05643354530731021,0.02838098486272808,0.0
zz,1684,24,113,0.4241646841252309,0.21208234206261545,0.1032281170980701,0.0
zz,1685,16,113,0.32358901056540346,0.16179450528270173,0.08054048939757454,0.0
zz,1686,8,113,0.11592190920866485,0.057960954604332426,0.029167750732241808,0.0
zz,1687,16,113,0.35664211180474054,0.17832105590237027,0.08825475355651612,0.0
zz,1688,24,113,0.4179531517539968,0.2089765758769984,0.10069281067520115,0.0
zz,1689,24,113,0.29306348065138854,0.14653174032569427,0.07094276511590995,0.0
zz,1690,16,113,0.35557957017955977,0.17778978508977988,0.08811120608959241,0.0
zz,1691,8,113,0.10814709830125069,0.054073549150625344,0.027185779276539968,0.0
zz,1692,24,113,0.3630740906285581,0.18153704531427906,0.08843374011570217,0.0
zz,1693,24,113,0.29404979296320366,0.14702489648160183,0.06925648705105615,0.0
zz,1694,24,113,0.38057144568077494,0.19028572284038747,0.09223175289747133,0.0
zz,1695,16,113,0.35531054671792045,0.17765527335896023,0.08753569609098155,0.0
zz,1696,24,113,0.22313606114649315,0.11156803057324657,0.054066699540676326,0.0
zz,1697,16,113,0.36654341019527914,0.18327170509763957,0.09052400460952109,0.0
zz,1698,16,113,0.3256790421136117,0.16283952105680585,0.08034512099973787,0.0
zz,1699,16,113,0.32359284352432094,0.16179642176216047,0.07983422031006103,0.0
zz,1700,8,113,0.10157981728618792,0.05078990864309396,0.025547068868540378,0.0
zz,1701,16,113,0.3773184979451931,0.18865924897259656,0.09294316284025052,0.0
zz,1702,16,113,0.34011040495159695,0.17005520247579847,0.0844622089633147,0.0
zz,1703,24,113,0.2245900382327994,0.1122950191163997,0.05476392508450782,0.0
zz,1704,8,113,0.07333624060270483,0.036668120301352414,0.018440767297410898,0.0
zz,1705,16,113,0.3650403003789072,0.1825201501894536,0.089841795227541,0.0
zz,1706,8,113,0.10189169799003461,0.05094584899501731,0.0256377766933431,0.0
zz,1707,8,113,0.09757621703487707,0.04878810851743853,0.024542972775605562,0.0
zz,1708,16,113,0.35384304968144564,0.17692152484072282,0.08760567732500123,0.0
zz,1709,24,113,0.3374786669492224,0.1687393334746112,0.08122192518670143,0.0
zz,1710,24,113,0.18307755879414772,0.09153877939707386,0.04406287080648506,0.0
zz,1711,8,113,0.10775096618336155,0.053875483091680776,0.027104045549214237,0.0
zz,1712,24,113,0.2551985594884758,0.1275992797442379,0.06198469940523037,0.0
zz,1713,8,113,0.1083265276487082,0.0541632638243541,0.027228352693572374,0.0
zz,1714,16,113,0.275480441839884,0.137740220919942,0.06846577210740777,0.0
zz,1715,8,113,0.060123991240072394,0.030061995620036197,0.01512808493486107,0.0
zz,1716,16,113,0.33143539020813173,0.16571769510406587,0.08203310582760048,0.0
zz,1717,24,113,0.3078379433321422,0.1539189716660711,0.07514027511673425,0.0
zz,1718,16,113,0.370200822732798,0.185100411366399,0.09115384031811764,0.0
zz,1719,16,113,0.3314941535734553,0.16574707678672765,0.08223036965261606,0.0
zz,1720,24,113,0.21353979660366773,0.10676989830183387,0.050549437692429984,0.0
zz,1721,16,113,0.34353692482783305,0.17176846241391652,0.08510730452192224,0.0
zz,1722,8,113,0.11693670691626501,0.058468353458132505,0.029362428684794304,0.0
zz,1723,24,113,0.3702035199178457,0.18510175995892286,0.08901443539346295,0.0
zz,1724,8,113,0.06977824530724408,0.03488912265362204,0.017537273140760777,0.0
zz,1725,24,113,0.20195897907010113,0.10097948953505057,0.04948969073984522,0.0
zz,1726,16,113,0.3381670570977108,0.1690835285488554,0.0839783108705309,0.0
zz,1727,8,113,0.14576626036699458,0.07288313018349729,0.03663912903838504,0.0
zz,1728,8,113,0.07182473254398258,0.03591236627199129,0.01805168733201101,0.0
zz,1729,24,113,0.2073783570884491,0.10368917854422455,0.05083682272467105,0.0
zz,1730,8,113,0.09429961665731679,0.047149808328658394,0.023716045121920677,0.0
zz,1731,16,113,0.35096953041548395,0.17548476520774198,0.0868392456376546,0.0
zz,1732,16,113,0.34194209149823585,0.17097104574911792,0.08486050810282277,0.0
zz,1733,16,113,0.33008467755193893,0.16504233877596947,0.08122261003478169,0.0
zz,1734,16,113,0.3799237179590008,0.1899618589795004,0.09348748429591999,0.0
zz,1735,8,113,0.07795632091492022,0.03897816045746011,0.019577955113666452,0.0
zz,1736,8,113,0.1312458511396104,0.0656229255698052,0.03300116801848698,0.0
zz,1737,24,113,0.4122531409461456,0.2061265704730728,0.09895950362098918,0.0
zz,1738,8,113,0.0967933644368959,0.04839668221844795,0.02433433920220768,0.0
zz,1739,24,113,0.2832170907338506,0.1416085453669253,0.06852569919863541,0.0
zz,1740,24,113,0.29824910409430483,0.14912455204715241,0.0722835097461742,0.0
zz,1741,24,113,0.2679748705826584,0.1339874352913292,0.06513150082363049,0.0
zz,1742,24,113,0.24568155592618268,0.12284077796309134,0.06030807356489981,0.0
zz,1743,8,113,0.11363038131424408,0.05681519065712204,0.028578916370292494,0.0
zz,1744,16,113,0.3642699381642004,0.1821349690821002,0.09001662552282172,0.0
zz,1745,8,113,0.0675019933005474,0.0337509966502737,0.01696189364041349,0.0
zz,1746,8,113,0.0703264804669208,0.0351632402334604,0.01767126673230021,0.0
zz,1747,24,113,0.19738904948902755,0.09869452474451378,0.048608834698635354,0.0
zz,1748,24,113,0.19626405152339094,0.09813202576169547,0.048156518517348694,0.0
zz,1749,24,113,0.29504338468542424,0.14752169234271212,0.07268221339996712,0.0
zz,1750,8,113,0.09171528875066937,0.04585764437533468,0.02304506547395079,0.0
zz,1751,24,113,0.3611839329326775,0.18059196646633874,0.08770577313088307,0.0
zz,1752,16,113,0.3213978817010267,0.16069894085051334,0.07961074191375393,0.0
zz,1753,16,113,0.2660895606172792,0.1330447803086396,0.06612695208141428,0.0
zz,1754,8,113,0.09362682510801135,0.04681341255400567,0.02352806786581217,0.0
zz,1755,8,113,0.09766175136636368,0.04883087568318184,0.024532323559399848,0.0
zz,1756,16,113,0.345513617910992,0.172756808955496,0.08515752633086889,0.0
zz,1757,8,113,0.10730871187513302,0.05365435593756651,0.026951038665045786,0.0
zz,1758,8,113,0.07231774972711613,0.036158874863558066,0.018187787456123428,0.0
zz,1759,8,113,0.08916565629415585,0.044582828147077924,0.02239615997089124,0.0
zz,1760,16,113,0.33252237972609544,0.16626118986304772,0.08239601995097291,0.0
zz,1761,24,113,0.18138568902171218,0.09069284451085609,0.04494402043087231,0.0
zz,1762,24,113,0.08356055518196837,0.04178027759098418,0.020686417907885748,0.0
zz,1763,8,113,0.12623338879827362,0.06311669439913681,0.03174889987232015,0.0
zz,1764,24,113,0.17799071214304693,0.08899535607152347,0.0435277990064783,0.0
zz,1765,24,113,0.20276914167954693,0.10138457083977347,0.04967041253020458,0.0
zz,1766,8,113,0.16822510802103807,0.08411255401051904,0.04224266582151642,0.0
zz,1767,8,113,0.06391397419806388,0.03195698709903194,0.016066496189316028,0.0
zz,1768,8,113,0.09930085356768892,0.04965042678384446,0.024954789077396965,0.0
zz,1769,16,113,0.3568593846747879,0.17842969233739395,0.08837369202773115,0.0
zz,1770,8,113,0.09265105876990565,0.046325529384952824,0.0232900118145351,0.0
zz,1771,24,113,0.2333182300274433,0.11665911501372166,0.0566454185786133,0.0
zz,1772,16,113,0.3551094286462262,0.1775547143231131,0.08794894560820476,0.0
zz,1773,16,113,0.3469340478679188,0.1734670239339594,0.08589768437230547,0.0
zz,1774,8,113,0.11633513190221434,0.05816756595110717,0.02922257166468777,0.0
zz,1775,16,113,0.3111749730734536,0.1555874865367268,0.07692874867861973,0.0
zz,1776,24,113,0.4022741404558613,0.20113707022793065,0.09660299105982423,0.0
zz,1777,8,113,0.11230596679679083,0.05615298339839542,0.028216368841580547,0.0
zz,1778,8,113,0.09310189957511295,0.04655094978755647,0.02339000031553107,0.0
zz,1779,16,113,0.3369121355217074,0.1684560677608537,0.08341991370598961,0.0
zz,1780,16,113,0.37505716571938086,0.18752858285969043,0.09245336469912416,0.0
zz,1781,16,113,0.37723218003053216,0.18861609001526608,0.0929524750770771,0.0
zz,1782,24,113,0.1881400486979387,0.09407002434896936,0.04625560872793234,0.0
zz,1783,24,113,0.36305654882596194,0.18152827441298097,0.08835603210980526,0.0
zz,1784,16,113,0.308725911581245,0.1543629557906225,0.07643664432961224,0.0
zz,1785,8,113,0.09462708997937264,0.04731354498968632,0.023787172450877442,0.0
zz,1786,8,113,0.1416934886908452,0.0708467443454226,0.03553940335368423,0.0
zz,1787,8,113,0.13159936845462317,0.06579968422731158,0.03301071293562695,0.0
zz,1788,24,113,0.221010536223767,0.1105052681118835,0.05373085012541149,0.0
zz,1789,8,113,0.08993392292668279,0.04496696146334139,0.022625054627324236,0.0
zz,1790,24,113,0.18326083015968908,0.09163041507984454,0.045512717445246424,0.0
zz,1791,16,113,0.3539726276749902,0.1769863138374951,0.08735898183463518,0.0
zz,1792,8,113,0.08159687842025909,0.040798439210129545,0.0204946574418452,0.0
zz,1793,24,113,0.2527804918787687,0.12639024593938436,0.06156607806930424,0.0
zz,1794,24,113,0.38287859355137344,0.19143929677568672,0.09216477237822825,0.0
zz,1795,16,113,0.36992898559241283,0.18496449279620641,0.09092322344011379,0.0
zz,1796,16,113,0.3543184850805112,0.1771592425402556,0.08779973058070933,0.0
zz,1797,16,113,0.33409337269233624,0.16704668634616812,0.08257022086343088,0.0
zz,1798,24,113,0.2997792107757189,0.14988960538785945,0.07286286421655354,0.0
zz,1799,24,113,0.06835449357495638,0.03417724678747819,0.01677069946577427,0.0
zz,1800,16,113,0.3522027656703244,0.1761013828351622,0.08696469899385766,0.0
zz,1801,16,113,0.37574612627622506,0.18787306313811253,0.09255006304515502,0.0
zz,1802,8,113,0.12357903703572382,0.06178951851786191,0.03106807964864602,0.0
zz,1803,24,113,0.1642747221238251,0.08213736106191255,0.040039684489646524,0.0
zz,1804,24,113,0.2163871041691584,0.1081935520845792,0.052293984520973995,0.0
zz,1805,24,113,0.07754037605195518,0.03877018802597759,0.019453102269402965,0.0
zz,1806,16,113,0.3562360331449898,0.1781180165724949,0.08802649984732441,0.0
zz,1807,24,113,0.3295810095872198,0.1647905047936099,0.0803872026569419,0.0
zz,1808,8,113,0.09250285968042882,0.04625142984021441,0.023271391800881072,0.0
zz,1809,8,113,0.08929995993374917,0.04464997996687459,0.022447649074431728,0.0
zz,1810,24,113,0.26499893605939395,0.13249946802969698,0.06413561367386723,0.0
zz,1811,16,113,0.3387829256123148,0.1693914628061574,0.08379070358847031,0.0
zz,1812,16,113,0.35302642402950135,0.17651321201475068,0.08745781133602533,0.0
zz,1813,24,113,0.16952589247952216,0.08476294623976108,0.042149069011809315,0.0
zz,1814,16,113,0.3715055391984123,0.18575276959920614,0.0914563976460647,0.0
zz,1815,24,113,0.20300558135181976,0.10150279067590988,0.04950531392416043,0.0
zz,1816,24,113,0.136853525342435,0.0684267626712175,0.033511001914416624,0.0
zz,1817,16,113,0.3710637322772675,0.18553186613863376,0.09143406350130474,0.0
zz,1818,24,113,0.20701849131396158,0.10350924565698079,0.04909156186830406,0.0
zz,1819,8,113,0.1399040079271311,0.06995200396356555,0.03516899629122811,0.0
zz,1820,16,113,0.31968499869130995,0.15984249934565498,0.07889106752424661,0.0
zz,1821,8,113,0.08065607452409818,0.04032803726204909,0.0202767210906735,0.0
zz,1822,16,113,0.3339315553384795,0.16696577766923976,0.0826293640674873,0.0
zz,1823,8,113,0.08160907421955566,0.04080453710977783,0.020496112133850636,0.0
zz,1824,24,113,0.22324444916038147,0.11162222458019073,0.05411659171366264,0.0
zz,1825,16,113,0.36107659131751424,0.18053829565875712,0.08871383705862887,0.0
zz,1826,16,113,0.3508855429149219,0.17544277145746096,0.08692147138712263,0.0
zz,1827,24,113,0.1639698468902313,0.08198492344511565,0.04005112927200733,0.0
zz,1828,24,113,0.3869830712761798,0.1934915356380899,0.0932887189695493,0.0
zz,1829,16,113,0.32331666298635875,0.16165833149317937,0.08028112909134959,0.0
zz,1830,8,113,0.09401866410971149,0.047009332054855746,0.023631837422561027,0.0
zz,1831,8,113,0.060449798548857125,0.030224899274428563,0.015196065612589713,0.0
zz,1832,24,113,0.2563245521259042,0.1281622760629521,0.06174220609003282,0.0
zz,1833,16,113,0.34106965004051193,0.17053482502025596,0.08432588306166813,0.0
zz,1834,8,113,0.12197105576616507,0.060985527883082535,0.030613118965323868,0.0
zz,1835,8,113,0.0869593535224148,0.0434796767612074,0.021831071813481134,0.0
zz,1836,24,113,0.30786688836553466,0.15393344418276733,0.07524858347654277,0.0
zz,1837,24,113,0.24821022118493585,0.12410511059246793,0.0596242953913722,0.0
zz,1838,16,113,0.3651447667429167,0.18257238337145834,0.09026225629789685,0.0
zz,1839,16,113,0.35881922111015685,0.17940961055507842,0.08870466816375333,0.0
zz,1840,24,113,0.36322199355247475,0.18161099677623738,0.08771901208263921,0.0
zz,1841,8,113,0.07635218578001313,0.03817609289000656,0.019201940924032906,0.0
zz,1842,16,113,0.34553096210104456,0.17276548105052228,0.08512250576526768,0.0
zz,1843,16,113,0.3547938658319728,0.1773969329159864,0.08778044251449695,0.0
zz,1844,8,113,0.0427512531422779,0.02137562657113895,0.01074219386863057,0.0
zz,1845,8,113,0.11336145401377595,0.056680727006887976,0.028475092272196363,0.0
zz,1846,8,113,0.1414190653158066,0.0707095326579033,0.035567762085376625,0.0
zz,1847,24,113,0.11174157947995933,0.055870789739979665,0.026582025081933122,0.0
zz,1848,8,113,0.1771091646406922,0.0885545823203461,0.04453627285579322,0.0
zz,1849,8,113,0.0930863878461089,0.04654319392305445,0.023403971424795104,0.0
zz,1850,8,113,0.1413126741854947,0.07065633709274735,0.035527634903130455,0.0
zz,1851,24,113,0.36340885276755985,0.18170442638377993,0.0889076860542961,0.0
zz,1852,24,113,0.31196839806469223,0.15598419903234612,0.07607483325149435,0.0
zz,1853,8,113,0.1406751659400619,0.07033758297003095,0.035334025108808856,0.0
zz,1854,24,113,0.382528593781374,0.191264296890687,0.09256664959303573,0.0
zz,1855,24,113,0.26191125525998404,0.13095562762999202,0.06309486337693347,0.0
zz,1856,8,113,0.11891961529646322,0.05945980764823161,0.029862232564933925,0.0
zz,1857,24,113,0.05641676250416616,0.02820838125208308,0.013863107441849626,0.0
zz,1858,24,113,0.1185336068594306,0.0592668034297153,0.02831880311634294,0.0
zz,1859,8,113,0.06893329606876875,0.03446664803438437,0.017314752141869054,0.0
zz,1860,16,113,0.3406777535672276,0.1703388767836138,0.0842555207971331,0.0
zz,1861,8,113,0.19525348501190437,0.09762674250595219,0.049031366697493105,0.0
zz,1862,8,113,0.07483790461437223,0.037418952307186115,0.018803732267793916,0.0
zz,1863,16,113,0.38209810541496314,0.19104905270748157,0.09393099479561712,0.0
zz,1864,8,113,0.11612467891147715,0.058062339455738576,0.02914495565242963,0.0
zz,1865,16,113,0.33644637217385887,0.16822318608692943,0.0833064964312174,0.0
zz,1866,8,113,0.14879648531999867,0.07439824265999934,0.03732642435849687,0.0
zz,1867,8,113,0.05999419159814201,0.029997095799071005,0.015060590683031736,0.0
zz,1868,24,113,0.27569566887086394,0.13784783443543197,0.06588072623700712,0.0
zz,1869,16,113,0.3584921892202031,0.17924609461010155,0.0885962168065201,0.0
zz,1870,24,113,0.284702169261263,0.1423510846306315,0.06916579969754436,0.0
zz,1871,16,113,0.34121184441837016,0.17060592220918508,0.08443052332283292,0.0
zz,1872,16,113,0.3368065855722755,0.16840329278613775,0.08352925889775341,0.0
zz,1873,8,113,0.13458606131456385,0.06729303065728193,0.03382988008259274,0.0
zz,1874,8,113,0.08558599832076086,0.04279299916038043,0.021524138426003286,0.0
zz,1875,24,113,0.20616658578844174,0.10308329289422087,0.05048466967969587,0.0
zz,1876,8,113,0.10552151691015588,0.05276075845507794,0.026487371745992323,0.0
zz,1877,16,113,0.35769114196241314,0.17884557098120657,0.088535579974327,0.0
zz,1878,24,113,0.20575048325870518,0.10287524162935259,0.05011467264698476,0.0
zz,1879,16,113,0.32568657155938374,0.16284328577969187,0.08103094708368323,0.0
zz,1880,8,113,0.09631009558342951,0.048155047791714756,0.024202694470898924,0.0
zz,1881,24,113,0.3680765664167963,0.18403828320839816,0.0895891431755924,0.0
zz,1882,24,113,0.042881170532887425,0.021440585266443712,0.0111428518329803,0.0
zz,1883,24,113,0.3593060354060499,0.17965301770302494,0.08641106972555121,0.0
zz,1884,16,113,0.33248789103825416,0.16624394551912708,0.08232494157952953,0.0
zz,1885,16,113,0.34675453104356246,0.17337726552178123,0.08601214788140701,0.0
zz,1886,24,113,0.3833698589971124,0.1916849294985562,0.09219847222708621,0.0
zz,1887,24,113,0.375818959475561,0.1879094797377805,0.09107870185559747,0.0
zz,1888,8,113,0.06705991126554289,0.033529955632771447,0.016847020133292593,0.0
zz,1889,24,113,0.19974523108152567,0.09987261554076284,0.04855222765264297,0.0
zz,1890,24,113,0.23271666951261422,0.11635833475630711,0.05744987704580011,0.0
zz,1891,16,113,0.3373303684906803,0.16866518424534016,0.08336082396334671,0.0
zz,1892,16,113,0.3750399386737254,0.1875199693368627,0.09251128371010663,0.0
zz,1893,8,113,0.08408023962744748,0.04204011981372374,0.021139470328618667,0.0
zz,1894,16,113,0.3151369533004508,0.1575684766502254,0.07803339223483152,0.0
zz,1895,8,113,0.1144303145331792,0.0572151572665896,0.0287153783327727,0.0
zz,1896,24,113,0.2127622011189404,0.1063811005594702,0.05212816582309439,0.0
zz,1897,24,113,0.22042369486548608,0.11021184743274304,0.0542611256581856,0.0
zz,1898,24,113,0.18208333030176788,0.09104166515088394,0.045033050067944835,0.0
zz,1899,8,113,0.0982167011174161,0.04910835055870805,0.024663517982781935,0.0
zz,1900,8,113,0.08385014681577019,0.041925073407885094,0.021079422310823166,0.0
zz,1901,8,113,0.08821242334931279,0.04410621167465639,0.02213276251548271,0.0
zz,1902,24,113,0.3727541696545328,0.1863770848272664,0.08978999380131782,0.0
zz,1903,8,113,0.11344436779233402,0.05672218389616701,0.028520274590548657,0.0
zz,1904,24,113,0.18419951988381583,0.09209975994190792,0.044589320472758265,0.0
zz,1905,16,113,0.3423811586688428,0.1711905793344214,0.0845620146405208,0.0
zz,1906,8,113,0.0564298809401339,0.02821494047006695,0.01420261356421788,0.0
zz,1907,16,113,0.35168677152888805,0.17584338576444403,0.08700775002562143,0.0
zz,1908,16,113,0.3247729970496309,0.16238649852481546,0.0802486440234161,0.0
zz,1909,24,113,0.4070467842483142,0.2035233921241571,0.09925017109959373,0.0
zz,1910,24,113,0.30569055705060755,0.15284527852530377,0.07389839402596214,0.0
zz,1911,24,113,0.2904365410858033,0.14521827054290165,0.0705664006062027,0.0
zz,1912,8,113,0.10606083321651782,0.05303041660825891,0.02666204178948937,0.0
zz,1913,24,113,0.19793884172218987,0.09896942086109493,0.04839541572772177,0.0
zz,1914,8,113,0.07269643572469442,0.03634821786234721,0.018272541219846977,0.0
zz,1915,8,113,0.061668293666001794,0.030834146833000897,0.015487923867175839,0.0
zz,1916,8,113,0.07461886813395391,0.037309434066976954,0.018748177642896578,0.0
zz,1917,24,113,0.28819995956480476,0.14409997978240238,0.07002553366223753,0.0
zz,1918,8,113,0.09129196841645382,0.04564598420822691,0.02291856479315817,0.0
zz,1919,8,113,0.08535157203532218,0.04267578601766109,0.021439945746129445,0.0
zz,1920,8,113,0.09605970854075119,0.048029854270375594,0.024143025263938495,0.0
zz,1921,16,113,0.37753619213619527,0.18876809606809763,0.09305885285222558,0.0
zz,1922,8,113,0.15018766868035,0.075093834340175,0.03774474383735457,0.0
zz,1923,8,113,0.0980465001060784,0.0490232500530392,0.02461707663879832,0.0
zz,1924,24,113,0.17534086714906902,0.08767043357453451,0.042824848094041815,0.0
zz,1925,24,113,0.34126747589591033,0.17063373794795517,0.08309516231074848,0.0
zz,1926,24,113,0.10942945785506636,0.05471472892753318,0.025030425442691757,0.0
zz,1927,16,113,0.32232954593850865,0.16116477296925433,0.08027448629782286,0.0
zz,1928,8,113,0.08842600800507538,0.04421300400253769,0.02220303280960317,0.0
zz,1929,16,113,0.3463502965526788,0.1731751482763394,0.08588028176330396,0.0
zz,1930,16,113,0.34985102946963625,0.17492551473481813,0.0864148803723319,0.0
zz,1931,8,113,0.06808838740745127,0.034044193703725634,0.017084679879832067,0.0
zz,1932,24,113,0.2891994856793848,0.1445997428396924,0.06985235413266128,0.0
zz,1933,8,113,0.07335428246172859,0.036677141230864296,0.01845580946030658,0.0
zz,1934,8,113,0.09708312272964204,0.04854156136482102,0.024393820837370087,0.0
zz,1935,16,113,0.3477965444321882,0.1738982722160941,0.08603540701218126,0.0
zz,1936,24,113,0.10446011860435311,0.05223005930217656,0.025641964655667225,0.0
zz,1937,8,113,0.10091046485560284,0.05045523242780142,0.025336774799801502,0.0
zz,1938,16,113,0.3699689863933846,0.1849844931966923,0.0913417980991693,0.0
zz,1939,16,113,0.35612760007898714,0.17806380003949357,0.08799223212769604,0.0
zz,1940,16,113,0.36458958848617107,0.18229479424308553,0.09011818171064939,0.0
zz,1941,24,113,0.25700452771732085,0.12850226385866043,0.06221129449792878,0.0
zz,1942,24,113,0.2825079046520728,0.1412539523260364,0.06824544629738617,0.0
zz,1943,16,113,0.3383745887558185,0.16918729437790925,0.08400718169162358,0.0
zz,1944,24,113,0.13339980858245265,0.06669990429122633,0.032087481183747955,0.0
zz,1945,16,113,0.3368565151350585,0.16842825756752924,0.08359194361478528,0.0
zz,1946,16,113,0.3540538746677555,0.17702693733387775,0.08770361419900846,0.0
zz,1947,16,113,0.3737308208508823,0.18686541042544114,0.09222099494244972,0.0
zz,1948,24,113,0.12820816100729976,0.06410408050364988,0.030728712242137107,0.0
zz,1949,24,113,0.3955853922900323,0.19779269614501616,0.09527844355186435,0.0
zz,1950,8,113,0.0764692857772924,0.0382346428886462,0.019211568891913906,0.0
zz,1951,8,113,0.0701203860290932,0.0350601930145466,0.017609155441500702,0.0
zz,1952,24,113,0.09071670442552182,0.04535835221276091,0.02307746659623366,0.0
zz,1953,16,113,0.33512805324424666,0.16756402662212333,0.08276719122445568,0.0
zz,1954,16,113,0.3575196216379853,0.17875981081899264,0.08806909488557343,0.0
zz,1955,16,113,0.33381538969161956,0.16690769484580978,0.08251317183424096,0.0
zz,1956,16,113,0.3652559842116997,0.18262799210584985,0.09029502548485668,0.0
zz,1957,16,113,0.3048716171514996,0.1524358085757498,0.0756778301514284,0.0
zz,1958,8,113,0.11035027447729473,0.055175137238647365,0.027720100986872883,0.0
zz,1959,8,113,0.06748347598987214,0.03374173799493607,0.016966545996164973,0.0
zz,1960,8,113,0.17192607374523572,0.08596303687261786,0.04314334396042676,0.0
zz,1961,16,113,0.3792493555602553,0.18962467778012765,0.09332136935178657,0.0
zz,1962,16,113,0.3073214727061977,0.15366073635309885,0.07601529651283606,0.0
zz,1963,16,113,0.29982439585169296,0.14991219792584648,0.07409350325627326,0.0
zz,1964,8,113,0.12806530959296614,0.06403265479648307,0.032157907416553035,0.0
zz,1965,16,113,0.3673291976482355,0.18366459882411776,0.09057835470877233,0.0
zz,1966,8,113,0.13333870777840628,0.06666935388920314,0.03349731659960342,0.0
zz,1967,24,113,0.3022158305619198,0.1511079152809599,0.07350388228517936,0.0
zz,1968,16,113,0.3476084995482406,0.1738042497741203,0.08612309870692855,0.0
zz,1969,24,113,0.12809448765418596,0.06404724382709298,0.030705249839237423,0.0
zz,1970,16,113,0.3452440255850651,0.17262201279253256,0.08515342485617494,0.0
zz,1971,16,113,0.35811276677368337,0.17905638338684168,0.08839549165874394,0.0
zz,1972,16,113,0.37049654364188767,0.18524827182094383,0.0914360362845095,0.0
zz,1973,16,113,0.3415901611810854,0.1707950805905427,0.08481845809867387,0.0
zz,1974,8,113,0.10009986821681405,0.050049934108407024,0.02517152593731019,0.0
zz,1975,24,113,0.2965712371610806,0.1482856185805403,0.0716806623108745,0.0
zz,1976,24,113,0.2429420138968715,0.12147100694843575,0.05990463911051389,0.0
zz,1977,16,113,0.3695411208428636,0.1847705604214318,0.09127889487032922,0.0
zz,1978,8,113,0.1077364920071856,0.0538682460035928,0.02707855873127885,0.0
zz,1979,24,113,0.2204090455256908,0.1102045227628454,0.05359002006974599,0.0
zz,1980,8,113,0.09203737797106781,0.046018688985533907,0.023155089273377963,0.0
zz,1981,8,113,0.11250670006158414,0.05625335003079207,0.02827616924115226,0.0
zz,1982,16,113,0.3337096771762841,0.16685483858814204,0.08268234216555799,0.0
zz,1983,24,113,0.03791091434972882,0.01895545717486441,0.007763712808950552,3.2055694039745397e-06
zz,1984,16,113,0.3727835599337715,0.18639177996688575,0.0918200931496923,0.0
zz,1985,24,113,0.20572643206759747,0.10286321603379874,0.04998185425366837,0.0
zz,1986,8,113,0.11135541746955246,0.05567770873477623,0.028022474097297898,0.0
zz,1987,16,113,0.3129646254288326,0.1564823127144163,0.07735034632906387,0.0
zz,1988,8,113,0.12214371539483926,0.06107185769741963,0.030722858295539168,0.0
zz,1989,8,113,0.1408814175861386,0.0704407087930693,0.03541861294800859,0.0
zz,1990,16,113,0.3560662367376065,0.17803311836880326,0.08797556002019968,0.0
zz,1991,16,113,0.351504300450638,0.175752150225319,0.08715395697299207,0.0
zz,1992,16,113,0.3573242235456954,0.1786621117728477,0.08850111094950472,0.0
zz,1993,16,113,0.3685683086054936,0.1842841543027468,0.09097355404701168,0.0
zz,1994,24,113,0.09045229876836386,0.04522614938418193,0.022714230975679005,0.0
zz,1995,16,113,0.32481459743117613,0.16240729871558807,0.0804974757336339,0.0
zz,1996,16,113,0.3537097972176483,0.17685489860882414,0.08760642706933729,0.0
zz,1997,24,113,0.24812212012251963,0.12406106006125982,0.06027036149757454,0.0
zz,1998,8,113,0.09835719185194214,0.04917859592597107,0.024728009935809498,0.0
zz,1999,8,113,0.07502315655094549,0.037511578275472746,0.01886083230584032,0.0
zz,2000,8,113,0.1085932246336111,0.05429661231680555,0.02728158936694003,0.0
zz,2001,16,113,0.35927668167477167,0.17963834083738583,0.0889356465016662,0.0
zz,2002,8,113,0.1017587872350707,0.05087939361753535,0.025589199470470614,0.0
zz,2003,8,113,0.10969567912470002,0.05484783956235001,0.02754090579383801,0.0
zz,2004,24,113,0.24100434770626578,0.12050217385313289,0.05956101737067347,0.0
zz,2005,8,113,0.09400530084865488,0.04700265042432744,0.023625720313707497,0.0
zz,2006,16,113,0.36334263107347153,0.18167131553673577,0.08975601019470411,0.0
zz,2007,24,113,0.17112100434175936,0.08556050217087968,0.04174867033717586,0.0
zz,2008,8,113,0.15889032451430385,0.07944516225715192,0.039906729684472425,0.0
zz,2009,24,113,0.14158334705005243,0.07079167352502622,0.034950283107813875,0.0
zz,2010,24,113,0.31184052725144906,0.15592026362572453,0.07484012950210715,0.0
zz,2011,16,113,0.3369647144548731,0.16848235722743654,0.08374670375956543,0.0
zz,2012,8,113,0.06448153915065935,0.032240769575329675,0.01622068387686349,0.0
zz,2013,16,113,0.32173714169915624,0.16086857084957812,0.07913743716028114,0.0
zz,2014,24,113,0.23888069235152698,0.11944034617576349,0.058032612905056465,0.0
zz,2015,16,113,0.302287541892493,0.1511437709462465,0.07446610236333957,0.0
zz,2016,16,113,0.3522849277764165,0.17614246388820826,0.08722331548766435,0.0
zz,2017,8,113,0.07670495099588326,0.03835247549794163,0.019264171599560457,0.0
zz,2018,8,113,0.09318838221582726,0.04659419110791363,0.023432719195066266,0.0
zz,2019,8,113,0.15462893754779083,0.07731446877389542,0.038854972754784646,0.0
zz,2020,8,113,0.06029938349582653,0.030149691747913265,0.015150122458285583,0.0
zz,2021,8,113,0.12627066710117274,0.06313533355058637,0.031743621517887705,0.0
zz,2022,16,113,0.3709017949752908,0.1854508974876454,0.09145498163924547,0.0
zz,2023,24,113,0.03478967900007329,0.017394839500036646,0.008646865484553092,4.47530242236871e-06
zz,2024,8,113,0.07824033579390055,0.039120167896950275,0.019639290742774717,0.0
zz,2025,16,113,0.3441586339020397,0.17207931695101986,0.08516253403459884,0.0
zz,2026,16,113,0.3701203536807467,0.18506017684037335,0.0913738115151863,0.0
zz,2027,16,113,0.35228347830023066,0.17614173915011533,0.08729027712873598,0.0
zz,2028,16,113,0.3481876362901236,0.1740938181450618,0.08626204187651128,0.0
zz,2029,8,113,0.0783454858784205,0.03917274293921025,0.019711779736910833,0.0
zz,2030,8,113,0.10736560004162354,0.05368280002081177,0.027000599035280865,0.0
zz,2031,8,113,0.09202882830780712,0.04601441415390356,0.023134719343086797,0.0
zz,2032,16,113,0.33615671777767964,0.16807835888883982,0.08327557003034408,0.0
zz,2033,24,113,0.34246953633776256,0.17123476816888128,0.08219315749404618,0.0
zz,2034,8,113,0.11623797310037731,0.058118986550188656,0.029192292458120644,0.0
zz,2035,24,113,0.02246180720442481,0.011230903602212405,0.004897475089560695,0.0
zz,2036,24,113,0.04498190728508289,0.022490953642541445,0.010804993215772024,0.0
zz,2037,8,113,0.12975918588895008,0.06487959294447504,0.03256206226699081,0.0
zz,2038,24,113,0.060324222328825616,0.030162111164412808,0.015076977577257383,0.0
zz,2039,24,113,0.025730739900404143,0.012865369950202071,0.006010739428504975,5.536606224598728e-07
zz,2040,8,113,0.1142383017757077,0.05711915088785385,0.028724215947869936,0.0
zz,2041,8,113,0.09958785814388371,0.049793929071941856,0.02499939557132341,0.0
zz,2042,16,113,0.3708665666247968,0.1854332833123984,0.09138360944359761,0.0
zz,2043,16,113,0.37171075260312314,0.18585537630156157,0.09172806741524163,0.0
zz,2044,24,113,0.2965391419941944,0.1482695709970972,0.07193355784573147,0.0
zz,2045,16,113,0.3607784608389415,0.18038923041947075,0.08922885334137143,0.0
zz,2046,16,113,0.34561485680978354,0.17280742840489177,0.08555326686556732,0.0
zz,2047,16,113,0.3530193015383756,0.1765096507691878,0.08749616164041507,0.0
