method,checkpoint,allocation,shots,cal_draw,repeat,mae,offline_shots
product_affine_raw,none,none,0,-1,-1,0.2810725271701813,0
exact_marginal_affine_raw,none,none,0,-1,-1,0.2483886480331421,0
neural_raw,neural_bidir_seed0_raw,none,0,-1,-1,0.34644389152526855,0
neural_raw,neural_bidir_seed1_raw,none,0,-1,-1,0.34237146377563477,0
neural_raw,neural_bidir_seed2_raw,none,0,-1,-1,0.3214903473854065,0
neural_raw,neural_bidir_seed3_raw,none,0,-1,-1,0.3099360167980194,0
neural_raw,neural_bidir_seed4_raw,none,0,-1,-1,0.30947527289390564,0
constant_mean_prior,none,none,0,0,0,0.10697827488183975,4096
constant_median_prior,none,none,0,0,0,0.10619334131479263,4096
summary_ridge_prior,none,none,0,0,0,0.04425354301929474,4096
product_affine_prior,none,none,0,0,0,0.05198584124445915,4096
exact_marginal_affine_prior,none,none,0,0,0,0.056232910603284836,4096
neural_prior,neural_bidir_seed0_prior,none,0,0,0,0.06763169169425964,4096
neural_prior,neural_bidir_seed1_prior,none,0,0,0,0.07294850051403046,4096
neural_prior,neural_bidir_seed2_prior,none,0,0,0,0.05383116751909256,4096
neural_prior,neural_bidir_seed3_prior,none,0,0,0,0.04959699884057045,4096
neural_prior,neural_bidir_seed4_prior,none,0,0,0,0.05422130972146988,4096
neural_eb,neural_bidir_seed0_eb,fixed,4,0,0,0.06523177772760391,4096
neural_eb,neural_bidir_seed1_eb,fixed,4,0,0,0.0697653591632843,4096
neural_eb,neural_bidir_seed2_eb,fixed,4,0,0,0.05265060067176819,4096
neural_eb,neural_bidir_seed3_eb,fixed,4,0,0,0.04857403039932251,4096
neural_eb,neural_bidir_seed4_eb,fixed,4,0,0,0.0528666153550148,4096
constant_mean_eb,none,fixed,20,0,0,0.07875170558691025,4096
constant_mean_eb,none,fixed,24,0,0,0.07491183280944824,4096
summary_ridge_eb,none,fixed,24,0,0,0.046875081956386566,4096
neural_eb,neural_bidir_seed0_eb,fixed,24,0,0,0.06004168465733528,4096
neural_eb,neural_bidir_seed1_eb,fixed,24,0,0,0.06302015483379364,4096
neural_eb,neural_bidir_seed2_eb,fixed,24,0,0,0.05087340995669365,4096
neural_eb,neural_bidir_seed3_eb,fixed,24,0,0,0.04797404631972313,4096
neural_eb,neural_bidir_seed4_eb,fixed,24,0,0,0.052432745695114136,4096
constant_mean_eb,none,fixed,32,0,0,0.06611385941505432,4096
constant_mean_eb,none,fixed,36,0,0,0.06604968756437302,4096
neural_eb,neural_bidir_seed0_eb,fixed,36,0,0,0.054664246737957,4096
neural_eb,neural_bidir_seed1_eb,fixed,36,0,0,0.05705996975302696,4096
neural_eb,neural_bidir_seed2_eb,fixed,36,0,0,0.047582097351551056,4096
neural_eb,neural_bidir_seed3_eb,fixed,36,0,0,0.045008957386016846,4096
neural_eb,neural_bidir_seed4_eb,fixed,36,0,0,0.049071118235588074,4096
dfe,none,fixed,40,0,0,0.07997453957796097,0
neural_eb,neural_bidir_seed0_eb,fixed,40,0,0,0.053481414914131165,4096
neural_eb,neural_bidir_seed1_eb,fixed,40,0,0,0.055772293359041214,4096
neural_eb,neural_bidir_seed2_eb,fixed,40,0,0,0.04679868370294571,4096
neural_eb,neural_bidir_seed3_eb,fixed,40,0,0,0.04428601264953613,4096
neural_eb,neural_bidir_seed4_eb,fixed,40,0,0,0.04807116836309433,4096
summary_ridge_eb,none,fixed,44,0,0,0.04162982851266861,4096
dfe,none,fixed,48,0,0,0.0723675936460495,0
constant_mean_eb,none,fixed,48,0,0,0.05830219388008118,4096
dfe,none,fixed,52,0,0,0.07013900578022003,0
neural_eb,neural_bidir_seed0_eb,fixed,52,0,0,0.04976809769868851,4096
neural_eb,neural_bidir_seed1_eb,fixed,52,0,0,0.05176256597042084,4096
neural_eb,neural_bidir_seed2_eb,fixed,52,0,0,0.0436924584209919,4096
neural_eb,neural_bidir_seed3_eb,fixed,52,0,0,0.041628655046224594,4096
neural_eb,neural_bidir_seed4_eb,fixed,52,0,0,0.04512733966112137,4096
dfe,none,fixed,60,0,0,0.06403229385614395,0
constant_mean_eb,none,fixed,60,0,0,0.05413571000099182,4096
constant_mean_eb,none,fixed,64,0,0,0.05371332913637161,4096
dfe,none,fixed,72,0,0,0.05884142220020294,0
constant_mean_eb,none,fixed,76,0,0,0.04989425092935562,4096
neural_eb,neural_bidir_seed0_eb,fixed,76,0,0,0.043823204934597015,4096
neural_eb,neural_bidir_seed1_eb,fixed,76,0,0,0.04527272656559944,4096
neural_eb,neural_bidir_seed2_eb,fixed,76,0,0,0.040048666298389435,4096
neural_eb,neural_bidir_seed3_eb,fixed,76,0,0,0.03857266902923584,4096
neural_eb,neural_bidir_seed4_eb,fixed,76,0,0,0.04101105406880379,4096
summary_ridge_eb,none,fixed,80,0,0,0.03777031600475311,4096
dfe,none,fixed,84,0,0,0.0561148077249527,0
dfe,none,fixed,92,0,0,0.05250163376331329,0
dfe,none,fixed,128,0,0,0.04424087330698967,0
constant_mean_eb,none,fixed,128,0,0,0.039966486394405365,4096
neural_eb,neural_bidir_seed0_eb,fixed,128,0,0,0.03733089566230774,4096
neural_eb,neural_bidir_seed1_eb,fixed,128,0,0,0.03817933797836304,4096
neural_eb,neural_bidir_seed2_eb,fixed,128,0,0,0.03460085391998291,4096
neural_eb,neural_bidir_seed3_eb,fixed,128,0,0,0.033395905047655106,4096
neural_eb,neural_bidir_seed4_eb,fixed,128,0,0,0.03521515056490898,4096
dfe,none,fixed,192,0,0,0.035992592573165894,0
constant_mean_eb,none,fixed,192,0,0,0.033702656626701355,4096
summary_ridge_eb,none,fixed,192,0,0,0.029345467686653137,4096
neural_eb,neural_bidir_seed0_eb,fixed,192,0,0,0.03173747658729553,4096
neural_eb,neural_bidir_seed1_eb,fixed,192,0,0,0.032321564853191376,4096
neural_eb,neural_bidir_seed2_eb,fixed,192,0,0,0.0301210917532444,4096
neural_eb,neural_bidir_seed3_eb,fixed,192,0,0,0.029359878972172737,4096
neural_eb,neural_bidir_seed4_eb,fixed,192,0,0,0.030371813103556633,4096
dfe,none,fixed,256,0,0,0.030931692570447922,0
constant_mean_eb,none,fixed,256,0,0,0.029615022242069244,4096
summary_ridge_eb,none,fixed,256,0,0,0.026453476399183273,4096
neural_eb,neural_bidir_seed0_eb,fixed,256,0,0,0.02846716344356537,4096
neural_eb,neural_bidir_seed1_eb,fixed,256,0,0,0.028821079060435295,4096
neural_eb,neural_bidir_seed2_eb,fixed,256,0,0,0.027341291308403015,4096
neural_eb,neural_bidir_seed3_eb,fixed,256,0,0,0.026815349236130714,4096
neural_eb,neural_bidir_seed4_eb,fixed,256,0,0,0.027493130415678024,4096
summary_ridge_eb,none,pilot,3,0,0,0.04384703189134598,4096
neural_eb,neural_bidir_seed0_eb,pilot,3,0,0,0.06568773090839386,4096
neural_eb,neural_bidir_seed1_eb,pilot,3,0,0,0.07040704041719437,4096
neural_eb,neural_bidir_seed2_eb,pilot,3,0,0,0.05273441970348358,4096
neural_eb,neural_bidir_seed3_eb,pilot,3,0,0,0.04858999699354172,4096
neural_eb,neural_bidir_seed4_eb,pilot,3,0,0,0.05290115997195244,4096
constant_mean_prior,none,none,0,0,1,0.10658015310764313,4096
constant_median_prior,none,none,0,0,1,0.10638945549726486,4096
summary_ridge_prior,none,none,0,0,1,0.046326395124197006,4096
product_affine_prior,none,none,0,0,1,0.05202963948249817,4096
exact_marginal_affine_prior,none,none,0,0,1,0.05598754435777664,4096
neural_prior,neural_bidir_seed0_prior,none,0,0,1,0.06563084572553635,4096
neural_prior,neural_bidir_seed1_prior,none,0,0,1,0.07093879580497742,4096
neural_prior,neural_bidir_seed2_prior,none,0,0,1,0.05209324136376381,4096
neural_prior,neural_bidir_seed3_prior,none,0,0,1,0.048232998698949814,4096
neural_prior,neural_bidir_seed4_prior,none,0,0,1,0.05391702428460121,4096
neural_eb,neural_bidir_seed0_eb,fixed,4,0,1,0.06352688372135162,4096
neural_eb,neural_bidir_seed1_eb,fixed,4,0,1,0.06809252500534058,4096
neural_eb,neural_bidir_seed2_eb,fixed,4,0,1,0.05110897868871689,4096
neural_eb,neural_bidir_seed3_eb,fixed,4,0,1,0.047460634261369705,4096
neural_eb,neural_bidir_seed4_eb,fixed,4,0,1,0.05278639495372772,4096
constant_mean_eb,none,fixed,20,0,1,0.07809828221797943,4096
constant_mean_eb,none,fixed,24,0,1,0.07186083495616913,4096
summary_ridge_eb,none,fixed,24,0,1,0.04657677561044693,4096
neural_eb,neural_bidir_seed0_eb,fixed,24,0,1,0.05789355933666229,4096
neural_eb,neural_bidir_seed1_eb,fixed,24,0,1,0.060676343739032745,4096
neural_eb,neural_bidir_seed2_eb,fixed,24,0,1,0.04966943338513374,4096
neural_eb,neural_bidir_seed3_eb,fixed,24,0,1,0.04666835814714432,4096
neural_eb,neural_bidir_seed4_eb,fixed,24,0,1,0.05079067125916481,4096
constant_mean_eb,none,fixed,32,0,1,0.06636883318424225,4096
constant_mean_eb,none,fixed,36,0,1,0.06380781531333923,4096
neural_eb,neural_bidir_seed0_eb,fixed,36,0,1,0.052752457559108734,4096
neural_eb,neural_bidir_seed1_eb,fixed,36,0,1,0.055051691830158234,4096
neural_eb,neural_bidir_seed2_eb,fixed,36,0,1,0.045471128076314926,4096
neural_eb,neural_bidir_seed3_eb,fixed,36,0,1,0.04280263930559158,4096
neural_eb,neural_bidir_seed4_eb,fixed,36,0,1,0.046481650322675705,4096
dfe,none,fixed,40,0,1,0.08148020505905151,0
neural_eb,neural_bidir_seed0_eb,fixed,40,0,1,0.052814044058322906,4096
neural_eb,neural_bidir_seed1_eb,fixed,40,0,1,0.05481363832950592,4096
neural_eb,neural_bidir_seed2_eb,fixed,40,0,1,0.04593362286686897,4096
neural_eb,neural_bidir_seed3_eb,fixed,40,0,1,0.04343456029891968,4096
neural_eb,neural_bidir_seed4_eb,fixed,40,0,1,0.04677807539701462,4096
summary_ridge_eb,none,fixed,44,0,1,0.04202111065387726,4096
dfe,none,fixed,48,0,1,0.07064530998468399,0
constant_mean_eb,none,fixed,48,0,1,0.05700653791427612,4096
dfe,none,fixed,52,0,1,0.07071760296821594,0
neural_eb,neural_bidir_seed0_eb,fixed,52,0,1,0.048453107476234436,4096
neural_eb,neural_bidir_seed1_eb,fixed,52,0,1,0.05018267780542374,4096
neural_eb,neural_bidir_seed2_eb,fixed,52,0,1,0.04255510866641998,4096
neural_eb,neural_bidir_seed3_eb,fixed,52,0,1,0.040597230195999146,4096
neural_eb,neural_bidir_seed4_eb,fixed,52,0,1,0.043573394417762756,4096
dfe,none,fixed,60,0,1,0.06577305495738983,0
constant_mean_eb,none,fixed,60,0,1,0.05481809377670288,4096
constant_mean_eb,none,fixed,64,0,1,0.052507735788822174,4096
dfe,none,fixed,72,0,1,0.05914955586194992,0
constant_mean_eb,none,fixed,76,0,1,0.049022603780031204,4096
neural_eb,neural_bidir_seed0_eb,fixed,76,0,1,0.043198950588703156,4096
neural_eb,neural_bidir_seed1_eb,fixed,76,0,1,0.044447124004364014,4096
neural_eb,neural_bidir_seed2_eb,fixed,76,0,1,0.03876341134309769,4096
neural_eb,neural_bidir_seed3_eb,fixed,76,0,1,0.03700721263885498,4096
neural_eb,neural_bidir_seed4_eb,fixed,76,0,1,0.03947965055704117,4096
summary_ridge_eb,none,fixed,80,0,1,0.0375431552529335,4096
dfe,none,fixed,84,0,1,0.05431699752807617,0
dfe,none,fixed,92,0,1,0.05302444100379944,0
dfe,none,fixed,128,0,1,0.04398439824581146,0
constant_mean_eb,none,fixed,128,0,1,0.039595380425453186,4096
neural_eb,neural_bidir_seed0_eb,fixed,128,0,1,0.036561667919158936,4096
neural_eb,neural_bidir_seed1_eb,fixed,128,0,1,0.03737260401248932,4096
neural_eb,neural_bidir_seed2_eb,fixed,128,0,1,0.03388044983148575,4096
neural_eb,neural_bidir_seed3_eb,fixed,128,0,1,0.03266000747680664,4096
neural_eb,neural_bidir_seed4_eb,fixed,128,0,1,0.03437070548534393,4096
dfe,none,fixed,192,0,1,0.036127716302871704,0
constant_mean_eb,none,fixed,192,0,1,0.03370896354317665,4096
summary_ridge_eb,none,fixed,192,0,1,0.029578454792499542,4096
neural_eb,neural_bidir_seed0_eb,fixed,192,0,1,0.031820863485336304,4096
neural_eb,neural_bidir_seed1_eb,fixed,192,0,1,0.03228045627474785,4096
neural_eb,neural_bidir_seed2_eb,fixed,192,0,1,0.029980121180415154,4096
neural_eb,neural_bidir_seed3_eb,fixed,192,0,1,0.02920551225543022,4096
neural_eb,neural_bidir_seed4_eb,fixed,192,0,1,0.03034064546227455,4096
dfe,none,fixed,256,0,1,0.0315006859600544,0
constant_mean_eb,none,fixed,256,0,1,0.02977515012025833,4096
summary_ridge_eb,none,fixed,256,0,1,0.026814118027687073,4096
neural_eb,neural_bidir_seed0_eb,fixed,256,0,1,0.028219975531101227,4096
neural_eb,neural_bidir_seed1_eb,fixed,256,0,1,0.02857145480811596,4096
neural_eb,neural_bidir_seed2_eb,fixed,256,0,1,0.026893524453043938,4096
neural_eb,neural_bidir_seed3_eb,fixed,256,0,1,0.026304619386792183,4096
neural_eb,neural_bidir_seed4_eb,fixed,256,0,1,0.02713857777416706,4096
summary_ridge_eb,none,pilot,3,0,1,0.046023398637771606,4096
neural_eb,neural_bidir_seed0_eb,pilot,3,0,1,0.06368762254714966,4096
neural_eb,neural_bidir_seed1_eb,pilot,3,0,1,0.06859704107046127,4096
neural_eb,neural_bidir_seed2_eb,pilot,3,0,1,0.05124950408935547,4096
neural_eb,neural_bidir_seed3_eb,pilot,3,0,1,0.047546226531267166,4096
neural_eb,neural_bidir_seed4_eb,pilot,3,0,1,0.05296352505683899,4096
constant_mean_prior,none,none,0,0,2,0.10959215462207794,4096
constant_median_prior,none,none,0,0,2,0.10638945549726486,4096
summary_ridge_prior,none,none,0,0,2,0.04725062847137451,4096
product_affine_prior,none,none,0,0,2,0.056882187724113464,4096
exact_marginal_affine_prior,none,none,0,0,2,0.06012904644012451,4096
neural_prior,neural_bidir_seed0_prior,none,0,0,2,0.06395351886749268,4096
neural_prior,neural_bidir_seed1_prior,none,0,0,2,0.0684712827205658,4096
neural_prior,neural_bidir_seed2_prior,none,0,0,2,0.051198311150074005,4096
neural_prior,neural_bidir_seed3_prior,none,0,0,2,0.04815984517335892,4096
neural_prior,neural_bidir_seed4_prior,none,0,0,2,0.05390830338001251,4096
neural_eb,neural_bidir_seed0_eb,fixed,4,0,2,0.062465135008096695,4096
neural_eb,neural_bidir_seed1_eb,fixed,4,0,2,0.06644856929779053,4096
neural_eb,neural_bidir_seed2_eb,fixed,4,0,2,0.05053561553359032,4096
neural_eb,neural_bidir_seed3_eb,fixed,4,0,2,0.04764803498983383,4096
neural_eb,neural_bidir_seed4_eb,fixed,4,0,2,0.05293382704257965,4096
constant_mean_eb,none,fixed,20,0,2,0.0805736780166626,4096
constant_mean_eb,none,fixed,24,0,2,0.07399311661720276,4096
summary_ridge_eb,none,fixed,24,0,2,0.04633064940571785,4096
neural_eb,neural_bidir_seed0_eb,fixed,24,0,2,0.05736102908849716,4096
neural_eb,neural_bidir_seed1_eb,fixed,24,0,2,0.05991227179765701,4096
neural_eb,neural_bidir_seed2_eb,fixed,24,0,2,0.04883352667093277,4096
neural_eb,neural_bidir_seed3_eb,fixed,24,0,2,0.04652739316225052,4096
neural_eb,neural_bidir_seed4_eb,fixed,24,0,2,0.05050208419561386,4096
constant_mean_eb,none,fixed,32,0,2,0.0672936663031578,4096
constant_mean_eb,none,fixed,36,0,2,0.06538694351911545,4096
neural_eb,neural_bidir_seed0_eb,fixed,36,0,2,0.053525928407907486,4096
neural_eb,neural_bidir_seed1_eb,fixed,36,0,2,0.05577313154935837,4096
neural_eb,neural_bidir_seed2_eb,fixed,36,0,2,0.04650059714913368,4096
neural_eb,neural_bidir_seed3_eb,fixed,36,0,2,0.044552307575941086,4096
neural_eb,neural_bidir_seed4_eb,fixed,36,0,2,0.04823876917362213,4096
dfe,none,fixed,40,0,2,0.07957054674625397,0
neural_eb,neural_bidir_seed0_eb,fixed,40,0,2,0.05066906288266182,4096
neural_eb,neural_bidir_seed1_eb,fixed,40,0,2,0.05254286155104637,4096
neural_eb,neural_bidir_seed2_eb,fixed,40,0,2,0.04403316229581833,4096
neural_eb,neural_bidir_seed3_eb,fixed,40,0,2,0.042296942323446274,4096
neural_eb,neural_bidir_seed4_eb,fixed,40,0,2,0.04531880468130112,4096
summary_ridge_eb,none,fixed,44,0,2,0.04161125421524048,4096
dfe,none,fixed,48,0,2,0.07219615578651428,0
constant_mean_eb,none,fixed,48,0,2,0.059259671717882156,4096
dfe,none,fixed,52,0,2,0.06925094127655029,0
neural_eb,neural_bidir_seed0_eb,fixed,52,0,2,0.04726363345980644,4096
neural_eb,neural_bidir_seed1_eb,fixed,52,0,2,0.0490022636950016,4096
neural_eb,neural_bidir_seed2_eb,fixed,52,0,2,0.041717685759067535,4096
neural_eb,neural_bidir_seed3_eb,fixed,52,0,2,0.04037836939096451,4096
neural_eb,neural_bidir_seed4_eb,fixed,52,0,2,0.04296278953552246,4096
dfe,none,fixed,60,0,2,0.06394828855991364,0
constant_mean_eb,none,fixed,60,0,2,0.0540338009595871,4096
constant_mean_eb,none,fixed,64,0,2,0.05213301256299019,4096
dfe,none,fixed,72,0,2,0.05854842811822891,0
constant_mean_eb,none,fixed,76,0,2,0.050125785171985626,4096
neural_eb,neural_bidir_seed0_eb,fixed,76,0,2,0.044079821556806564,4096
neural_eb,neural_bidir_seed1_eb,fixed,76,0,2,0.0452987402677536,4096
neural_eb,neural_bidir_seed2_eb,fixed,76,0,2,0.039842963218688965,4096
neural_eb,neural_bidir_seed3_eb,fixed,76,0,2,0.03852285444736481,4096
neural_eb,neural_bidir_seed4_eb,fixed,76,0,2,0.04056868702173233,4096
summary_ridge_eb,none,fixed,80,0,2,0.037836991250514984,4096
dfe,none,fixed,84,0,2,0.055492568761110306,0
dfe,none,fixed,92,0,2,0.052363187074661255,0
dfe,none,fixed,128,0,2,0.04463213309645653,0
constant_mean_eb,none,fixed,128,0,2,0.040025465190410614,4096
neural_eb,neural_bidir_seed0_eb,fixed,128,0,2,0.036982372403144836,4096
neural_eb,neural_bidir_seed1_eb,fixed,128,0,2,0.037786029279232025,4096
neural_eb,neural_bidir_seed2_eb,fixed,128,0,2,0.03464365378022194,4096
neural_eb,neural_bidir_seed3_eb,fixed,128,0,2,0.03378342092037201,4096
neural_eb,neural_bidir_seed4_eb,fixed,128,0,2,0.034645870327949524,4096
dfe,none,fixed,192,0,2,0.03587668389081955,0
constant_mean_eb,none,fixed,192,0,2,0.033611662685871124,4096
summary_ridge_eb,none,fixed,192,0,2,0.029656827449798584,4096
neural_eb,neural_bidir_seed0_eb,fixed,192,0,2,0.031968262046575546,4096
neural_eb,neural_bidir_seed1_eb,fixed,192,0,2,0.03239564225077629,4096
neural_eb,neural_bidir_seed2_eb,fixed,192,0,2,0.030468713492155075,4096
neural_eb,neural_bidir_seed3_eb,fixed,192,0,2,0.030023939907550812,4096
neural_eb,neural_bidir_seed4_eb,fixed,192,0,2,0.030304787680506706,4096
dfe,none,fixed,256,0,2,0.030977629125118256,0
constant_mean_eb,none,fixed,256,0,2,0.02903091348707676,4096
summary_ridge_eb,none,fixed,256,0,2,0.026429789140820503,4096
neural_eb,neural_bidir_seed0_eb,fixed,256,0,2,0.027936551719903946,4096
neural_eb,neural_bidir_seed1_eb,fixed,256,0,2,0.02823883295059204,4096
neural_eb,neural_bidir_seed2_eb,fixed,256,0,2,0.027148418128490448,4096
neural_eb,neural_bidir_seed3_eb,fixed,256,0,2,0.02678358554840088,4096
neural_eb,neural_bidir_seed4_eb,fixed,256,0,2,0.02688470296561718,4096
summary_ridge_eb,none,pilot,3,0,2,0.04685632884502411,4096
neural_eb,neural_bidir_seed0_eb,pilot,3,0,2,0.06268710643053055,4096
neural_eb,neural_bidir_seed1_eb,pilot,3,0,2,0.06690555810928345,4096
neural_eb,neural_bidir_seed2_eb,pilot,3,0,2,0.05069088935852051,4096
neural_eb,neural_bidir_seed3_eb,pilot,3,0,2,0.047818250954151154,4096
neural_eb,neural_bidir_seed4_eb,pilot,3,0,2,0.053264882415533066,4096
constant_mean_prior,none,none,0,0,3,0.10794107615947723,4096
constant_median_prior,none,none,0,0,3,0.10629099607467651,4096
summary_ridge_prior,none,none,0,0,3,0.04705946147441864,4096
product_affine_prior,none,none,0,0,3,0.05587029457092285,4096
exact_marginal_affine_prior,none,none,0,0,3,0.05872701108455658,4096
neural_prior,neural_bidir_seed0_prior,none,0,0,3,0.06460956484079361,4096
neural_prior,neural_bidir_seed1_prior,none,0,0,3,0.06958974897861481,4096
neural_prior,neural_bidir_seed2_prior,none,0,0,3,0.05128607898950577,4096
neural_prior,neural_bidir_seed3_prior,none,0,0,3,0.04779444634914398,4096
neural_prior,neural_bidir_seed4_prior,none,0,0,3,0.05381247028708458,4096
neural_eb,neural_bidir_seed0_eb,fixed,4,0,3,0.06263917684555054,4096
neural_eb,neural_bidir_seed1_eb,fixed,4,0,3,0.06694214791059494,4096
neural_eb,neural_bidir_seed2_eb,fixed,4,0,3,0.05059532821178436,4096
neural_eb,neural_bidir_seed3_eb,fixed,4,0,3,0.047345586121082306,4096
neural_eb,neural_bidir_seed4_eb,fixed,4,0,3,0.05303666740655899,4096
constant_mean_eb,none,fixed,20,0,3,0.07746049761772156,4096
constant_mean_eb,none,fixed,24,0,3,0.0730857104063034,4096
summary_ridge_eb,none,fixed,24,0,3,0.04752160608768463,4096
neural_eb,neural_bidir_seed0_eb,fixed,24,0,3,0.05821165814995766,4096
neural_eb,neural_bidir_seed1_eb,fixed,24,0,3,0.060943182557821274,4096
neural_eb,neural_bidir_seed2_eb,fixed,24,0,3,0.05028609186410904,4096
neural_eb,neural_bidir_seed3_eb,fixed,24,0,3,0.04798124358057976,4096
neural_eb,neural_bidir_seed4_eb,fixed,24,0,3,0.05285864323377609,4096
constant_mean_eb,none,fixed,32,0,3,0.06708002090454102,4096
constant_mean_eb,none,fixed,36,0,3,0.06485839188098907,4096
neural_eb,neural_bidir_seed0_eb,fixed,36,0,3,0.05353036895394325,4096
neural_eb,neural_bidir_seed1_eb,fixed,36,0,3,0.05563519522547722,4096
neural_eb,neural_bidir_seed2_eb,fixed,36,0,3,0.04682241380214691,4096
neural_eb,neural_bidir_seed3_eb,fixed,36,0,3,0.045023832470178604,4096
neural_eb,neural_bidir_seed4_eb,fixed,36,0,3,0.049337469041347504,4096
dfe,none,fixed,40,0,3,0.07927683740854263,0
neural_eb,neural_bidir_seed0_eb,fixed,40,0,3,0.0518651008605957,4096
neural_eb,neural_bidir_seed1_eb,fixed,40,0,3,0.053881190717220306,4096
neural_eb,neural_bidir_seed2_eb,fixed,40,0,3,0.046107880771160126,4096
neural_eb,neural_bidir_seed3_eb,fixed,40,0,3,0.04451155662536621,4096
neural_eb,neural_bidir_seed4_eb,fixed,40,0,3,0.04863370582461357,4096
summary_ridge_eb,none,fixed,44,0,3,0.042544715106487274,4096
dfe,none,fixed,48,0,3,0.07341784238815308,0
constant_mean_eb,none,fixed,48,0,3,0.05871664732694626,4096
dfe,none,fixed,52,0,3,0.06979209184646606,0
neural_eb,neural_bidir_seed0_eb,fixed,52,0,3,0.0484616681933403,4096
neural_eb,neural_bidir_seed1_eb,fixed,52,0,3,0.05010341852903366,4096
neural_eb,neural_bidir_seed2_eb,fixed,52,0,3,0.043482426553964615,4096
neural_eb,neural_bidir_seed3_eb,fixed,52,0,3,0.04211367294192314,4096
neural_eb,neural_bidir_seed4_eb,fixed,52,0,3,0.045847684144973755,4096
dfe,none,fixed,60,0,3,0.06471459567546844,0
constant_mean_eb,none,fixed,60,0,3,0.05439141392707825,4096
constant_mean_eb,none,fixed,64,0,3,0.052742645144462585,4096
dfe,none,fixed,72,0,3,0.0579884871840477,0
constant_mean_eb,none,fixed,76,0,3,0.049920301884412766,4096
neural_eb,neural_bidir_seed0_eb,fixed,76,0,3,0.04375074803829193,4096
neural_eb,neural_bidir_seed1_eb,fixed,76,0,3,0.0450601726770401,4096
neural_eb,neural_bidir_seed2_eb,fixed,76,0,3,0.040165383368730545,4096
neural_eb,neural_bidir_seed3_eb,fixed,76,0,3,0.03908945620059967,4096
neural_eb,neural_bidir_seed4_eb,fixed,76,0,3,0.042075879871845245,4096
summary_ridge_eb,none,fixed,80,0,3,0.037744130939245224,4096
dfe,none,fixed,84,0,3,0.05469024181365967,0
dfe,none,fixed,92,0,3,0.05226391181349754,0
dfe,none,fixed,128,0,3,0.04422421753406525,0
constant_mean_eb,none,fixed,128,0,3,0.04014861583709717,4096
neural_eb,neural_bidir_seed0_eb,fixed,128,0,3,0.036676667630672455,4096
neural_eb,neural_bidir_seed1_eb,fixed,128,0,3,0.03744477406144142,4096
neural_eb,neural_bidir_seed2_eb,fixed,128,0,3,0.03431161493062973,4096
neural_eb,neural_bidir_seed3_eb,fixed,128,0,3,0.03356414660811424,4096
neural_eb,neural_bidir_seed4_eb,fixed,128,0,3,0.03540623188018799,4096
dfe,none,fixed,192,0,3,0.03654005378484726,0
constant_mean_eb,none,fixed,192,0,3,0.03400963544845581,4096
summary_ridge_eb,none,fixed,192,0,3,0.029364734888076782,4096
neural_eb,neural_bidir_seed0_eb,fixed,192,0,3,0.03205178678035736,4096
neural_eb,neural_bidir_seed1_eb,fixed,192,0,3,0.03256569802761078,4096
neural_eb,neural_bidir_seed2_eb,fixed,192,0,3,0.030713006854057312,4096
neural_eb,neural_bidir_seed3_eb,fixed,192,0,3,0.03021490015089512,4096
neural_eb,neural_bidir_seed4_eb,fixed,192,0,3,0.0314209908246994,4096
dfe,none,fixed,256,0,3,0.031163888052105904,0
constant_mean_eb,none,fixed,256,0,3,0.02950158715248108,4096
summary_ridge_eb,none,fixed,256,0,3,0.026794886216521263,4096
neural_eb,neural_bidir_seed0_eb,fixed,256,0,3,0.02807343192398548,4096
neural_eb,neural_bidir_seed1_eb,fixed,256,0,3,0.02835218608379364,4096
neural_eb,neural_bidir_seed2_eb,fixed,256,0,3,0.027066251263022423,4096
neural_eb,neural_bidir_seed3_eb,fixed,256,0,3,0.026734400540590286,4096
neural_eb,neural_bidir_seed4_eb,fixed,256,0,3,0.02755173295736313,4096
summary_ridge_eb,none,pilot,3,0,3,0.046370964497327805,4096
neural_eb,neural_bidir_seed0_eb,pilot,3,0,3,0.06285391002893448,4096
neural_eb,neural_bidir_seed1_eb,pilot,3,0,3,0.06728397309780121,4096
neural_eb,neural_bidir_seed2_eb,pilot,3,0,3,0.05050038546323776,4096
neural_eb,neural_bidir_seed3_eb,pilot,3,0,3,0.04729997739195824,4096
neural_eb,neural_bidir_seed4_eb,pilot,3,0,3,0.053153146058321,4096
constant_mean_prior,none,none,0,0,4,0.10714428126811981,4096
constant_median_prior,none,none,0,0,4,0.10303494334220886,4096
summary_ridge_prior,none,none,0,0,4,0.05580920726060867,4096
product_affine_prior,none,none,0,0,4,0.052360475063323975,4096
exact_marginal_affine_prior,none,none,0,0,4,0.056043513119220734,4096
neural_prior,neural_bidir_seed0_prior,none,0,0,4,0.06604013592004776,4096
neural_prior,neural_bidir_seed1_prior,none,0,0,4,0.07111990451812744,4096
neural_prior,neural_bidir_seed2_prior,none,0,0,4,0.05269773304462433,4096
neural_prior,neural_bidir_seed3_prior,none,0,0,4,0.0489063523709774,4096
neural_prior,neural_bidir_seed4_prior,none,0,0,4,0.05385690554976463,4096
neural_eb,neural_bidir_seed0_eb,fixed,4,0,4,0.06393488496541977,4096
neural_eb,neural_bidir_seed1_eb,fixed,4,0,4,0.06830839812755585,4096
neural_eb,neural_bidir_seed2_eb,fixed,4,0,4,0.051902271807193756,4096
neural_eb,neural_bidir_seed3_eb,fixed,4,0,4,0.048246003687381744,4096
neural_eb,neural_bidir_seed4_eb,fixed,4,0,4,0.052909985184669495,4096
constant_mean_eb,none,fixed,20,0,4,0.07822678238153458,4096
constant_mean_eb,none,fixed,24,0,4,0.07283671200275421,4096
summary_ridge_eb,none,fixed,24,0,4,0.053068339824676514,4096
neural_eb,neural_bidir_seed0_eb,fixed,24,0,4,0.05816607177257538,4096
neural_eb,neural_bidir_seed1_eb,fixed,24,0,4,0.06101897731423378,4096
neural_eb,neural_bidir_seed2_eb,fixed,24,0,4,0.04959475249052048,4096
neural_eb,neural_bidir_seed3_eb,fixed,24,0,4,0.046752654016017914,4096
neural_eb,neural_bidir_seed4_eb,fixed,24,0,4,0.05069909989833832,4096
constant_mean_eb,none,fixed,32,0,4,0.06731484085321426,4096
constant_mean_eb,none,fixed,36,0,4,0.0654270350933075,4096
neural_eb,neural_bidir_seed0_eb,fixed,36,0,4,0.053231194615364075,4096
neural_eb,neural_bidir_seed1_eb,fixed,36,0,4,0.05559138208627701,4096
neural_eb,neural_bidir_seed2_eb,fixed,36,0,4,0.046121060848236084,4096
neural_eb,neural_bidir_seed3_eb,fixed,36,0,4,0.04387911409139633,4096
neural_eb,neural_bidir_seed4_eb,fixed,36,0,4,0.047140270471572876,4096
dfe,none,fixed,40,0,4,0.08054347336292267,0
neural_eb,neural_bidir_seed0_eb,fixed,40,0,4,0.05178707465529442,4096
neural_eb,neural_bidir_seed1_eb,fixed,40,0,4,0.05386628955602646,4096
neural_eb,neural_bidir_seed2_eb,fixed,40,0,4,0.04516542702913284,4096
neural_eb,neural_bidir_seed3_eb,fixed,40,0,4,0.04282218590378761,4096
neural_eb,neural_bidir_seed4_eb,fixed,40,0,4,0.045724187046289444,4096
summary_ridge_eb,none,fixed,44,0,4,0.047965869307518005,4096
dfe,none,fixed,48,0,4,0.07300201803445816,0
constant_mean_eb,none,fixed,48,0,4,0.05838323011994362,4096
dfe,none,fixed,52,0,4,0.0695662572979927,0
neural_eb,neural_bidir_seed0_eb,fixed,52,0,4,0.04779006168246269,4096
neural_eb,neural_bidir_seed1_eb,fixed,52,0,4,0.0496286004781723,4096
neural_eb,neural_bidir_seed2_eb,fixed,52,0,4,0.042741622775793076,4096
neural_eb,neural_bidir_seed3_eb,fixed,52,0,4,0.04078419506549835,4096
neural_eb,neural_bidir_seed4_eb,fixed,52,0,4,0.04297349601984024,4096
dfe,none,fixed,60,0,4,0.06286387890577316,0
constant_mean_eb,none,fixed,60,0,4,0.05279430001974106,4096
constant_mean_eb,none,fixed,64,0,4,0.05312483385205269,4096
dfe,none,fixed,72,0,4,0.05965367704629898,0
constant_mean_eb,none,fixed,76,0,4,0.04918854311108589,4096
neural_eb,neural_bidir_seed0_eb,fixed,76,0,4,0.043654218316078186,4096
neural_eb,neural_bidir_seed1_eb,fixed,76,0,4,0.044827066361904144,4096
neural_eb,neural_bidir_seed2_eb,fixed,76,0,4,0.03990963101387024,4096
neural_eb,neural_bidir_seed3_eb,fixed,76,0,4,0.038395099341869354,4096
neural_eb,neural_bidir_seed4_eb,fixed,76,0,4,0.04010693356394768,4096
summary_ridge_eb,none,fixed,80,0,4,0.043364979326725006,4096
dfe,none,fixed,84,0,4,0.05411981791257858,0
dfe,none,fixed,92,0,4,0.052316371351480484,0
dfe,none,fixed,128,0,4,0.04520145431160927,0
constant_mean_eb,none,fixed,128,0,4,0.04100809991359711,4096
neural_eb,neural_bidir_seed0_eb,fixed,128,0,4,0.03724393993616104,4096
neural_eb,neural_bidir_seed1_eb,fixed,128,0,4,0.03829410672187805,4096
neural_eb,neural_bidir_seed2_eb,fixed,128,0,4,0.035070739686489105,4096
neural_eb,neural_bidir_seed3_eb,fixed,128,0,4,0.033969566226005554,4096
neural_eb,neural_bidir_seed4_eb,fixed,128,0,4,0.03529142588376999,4096
dfe,none,fixed,192,0,4,0.03611065447330475,0
constant_mean_eb,none,fixed,192,0,4,0.03371649235486984,4096
summary_ridge_eb,none,fixed,192,0,4,0.03312190622091293,4096
neural_eb,neural_bidir_seed0_eb,fixed,192,0,4,0.031790122389793396,4096
neural_eb,neural_bidir_seed1_eb,fixed,192,0,4,0.03233983367681503,4096
neural_eb,neural_bidir_seed2_eb,fixed,192,0,4,0.030631162226200104,4096
neural_eb,neural_bidir_seed3_eb,fixed,192,0,4,0.029986616224050522,4096
neural_eb,neural_bidir_seed4_eb,fixed,192,0,4,0.030469991266727448,4096
dfe,none,fixed,256,0,4,0.031071942299604416,0
constant_mean_eb,none,fixed,256,0,4,0.02935582958161831,4096
summary_ridge_eb,none,fixed,256,0,4,0.02981289103627205,4096
neural_eb,neural_bidir_seed0_eb,fixed,256,0,4,0.028083840385079384,4096
neural_eb,neural_bidir_seed1_eb,fixed,256,0,4,0.02848035655915737,4096
neural_eb,neural_bidir_seed2_eb,fixed,256,0,4,0.02731562964618206,4096
neural_eb,neural_bidir_seed3_eb,fixed,256,0,4,0.026939375326037407,4096
neural_eb,neural_bidir_seed4_eb,fixed,256,0,4,0.0272793211042881,4096
summary_ridge_eb,none,pilot,3,0,4,0.055237650871276855,4096
neural_eb,neural_bidir_seed0_eb,pilot,3,0,4,0.06466697156429291,4096
neural_eb,neural_bidir_seed1_eb,pilot,3,0,4,0.06926276534795761,4096
neural_eb,neural_bidir_seed2_eb,pilot,3,0,4,0.05214077606797218,4096
neural_eb,neural_bidir_seed3_eb,pilot,3,0,4,0.04843735694885254,4096
neural_eb,neural_bidir_seed4_eb,pilot,3,0,4,0.053034842014312744,4096
constant_mean_prior,none,none,0,1,0,0.10628793388605118,4096
constant_median_prior,none,none,0,1,0,0.10911080241203308,4096
summary_ridge_prior,none,none,0,1,0,0.05096098780632019,4096
product_affine_prior,none,none,0,1,0,0.05816485732793808,4096
exact_marginal_affine_prior,none,none,0,1,0,0.060854196548461914,4096
neural_prior,neural_bidir_seed0_prior,none,0,1,0,0.06630513072013855,4096
neural_prior,neural_bidir_seed1_prior,none,0,1,0,0.07094566524028778,4096
neural_prior,neural_bidir_seed2_prior,none,0,1,0,0.05441869795322418,4096
neural_prior,neural_bidir_seed3_prior,none,0,1,0,0.05118725821375847,4096
neural_prior,neural_bidir_seed4_prior,none,0,1,0,0.05673005431890488,4096
neural_eb,neural_bidir_seed0_eb,fixed,4,1,0,0.06425741314888,4096
neural_eb,neural_bidir_seed1_eb,fixed,4,1,0,0.06841073930263519,4096
neural_eb,neural_bidir_seed2_eb,fixed,4,1,0,0.053329791873693466,4096
neural_eb,neural_bidir_seed3_eb,fixed,4,1,0,0.050423264503479004,4096
neural_eb,neural_bidir_seed4_eb,fixed,4,1,0,0.05554436519742012,4096
constant_mean_eb,none,fixed,20,1,0,0.07902424037456512,4096
constant_mean_eb,none,fixed,24,1,0,0.07255133241415024,4096
summary_ridge_eb,none,fixed,24,1,0,0.04912509769201279,4096
neural_eb,neural_bidir_seed0_eb,fixed,24,1,0,0.05712549015879631,4096
neural_eb,neural_bidir_seed1_eb,fixed,24,1,0,0.05986783653497696,4096
neural_eb,neural_bidir_seed2_eb,fixed,24,1,0,0.049889713525772095,4096
neural_eb,neural_bidir_seed3_eb,fixed,24,1,0,0.04763095825910568,4096
neural_eb,neural_bidir_seed4_eb,fixed,24,1,0,0.051571499556303024,4096
constant_mean_eb,none,fixed,32,1,0,0.06549708545207977,4096
constant_mean_eb,none,fixed,36,1,0,0.06334520131349564,4096
neural_eb,neural_bidir_seed0_eb,fixed,36,1,0,0.051681965589523315,4096
neural_eb,neural_bidir_seed1_eb,fixed,36,1,0,0.053746968507766724,4096
neural_eb,neural_bidir_seed2_eb,fixed,36,1,0,0.04581843316555023,4096
neural_eb,neural_bidir_seed3_eb,fixed,36,1,0,0.04393603652715683,4096
neural_eb,neural_bidir_seed4_eb,fixed,36,1,0,0.04737868905067444,4096
dfe,none,fixed,40,1,0,0.08037882298231125,0
neural_eb,neural_bidir_seed0_eb,fixed,40,1,0,0.05116530880331993,4096
neural_eb,neural_bidir_seed1_eb,fixed,40,1,0,0.05302968621253967,4096
neural_eb,neural_bidir_seed2_eb,fixed,40,1,0,0.044951293617486954,4096
neural_eb,neural_bidir_seed3_eb,fixed,40,1,0,0.04297225922346115,4096
neural_eb,neural_bidir_seed4_eb,fixed,40,1,0,0.04635803401470184,4096
summary_ridge_eb,none,fixed,44,1,0,0.04406735673546791,4096
dfe,none,fixed,48,1,0,0.0737399011850357,0
constant_mean_eb,none,fixed,48,1,0,0.05848906934261322,4096
dfe,none,fixed,52,1,0,0.06997022032737732,0
neural_eb,neural_bidir_seed0_eb,fixed,52,1,0,0.04778798297047615,4096
neural_eb,neural_bidir_seed1_eb,fixed,52,1,0,0.04935894161462784,4096
neural_eb,neural_bidir_seed2_eb,fixed,52,1,0,0.04260888695716858,4096
neural_eb,neural_bidir_seed3_eb,fixed,52,1,0,0.04082925245165825,4096
neural_eb,neural_bidir_seed4_eb,fixed,52,1,0,0.04345427453517914,4096
dfe,none,fixed,60,1,0,0.06421586871147156,0
constant_mean_eb,none,fixed,60,1,0,0.052843187004327774,4096
constant_mean_eb,none,fixed,64,1,0,0.05238715559244156,4096
dfe,none,fixed,72,1,0,0.05850105732679367,0
constant_mean_eb,none,fixed,76,1,0,0.04930967092514038,4096
neural_eb,neural_bidir_seed0_eb,fixed,76,1,0,0.042721591889858246,4096
neural_eb,neural_bidir_seed1_eb,fixed,76,1,0,0.04397622495889664,4096
neural_eb,neural_bidir_seed2_eb,fixed,76,1,0,0.03878933563828468,4096
neural_eb,neural_bidir_seed3_eb,fixed,76,1,0,0.03761254996061325,4096
neural_eb,neural_bidir_seed4_eb,fixed,76,1,0,0.03969438374042511,4096
summary_ridge_eb,none,fixed,80,1,0,0.03801959007978439,4096
dfe,none,fixed,84,1,0,0.05473189800977707,0
dfe,none,fixed,92,1,0,0.05182413384318352,0
dfe,none,fixed,128,1,0,0.043409623205661774,0
constant_mean_eb,none,fixed,128,1,0,0.03940339386463165,4096
neural_eb,neural_bidir_seed0_eb,fixed,128,1,0,0.03634088113903999,4096
neural_eb,neural_bidir_seed1_eb,fixed,128,1,0,0.03705581650137901,4096
neural_eb,neural_bidir_seed2_eb,fixed,128,1,0,0.03386925533413887,4096
neural_eb,neural_bidir_seed3_eb,fixed,128,1,0,0.032915666699409485,4096
neural_eb,neural_bidir_seed4_eb,fixed,128,1,0,0.034439846873283386,4096
dfe,none,fixed,192,1,0,0.03579558804631233,0
constant_mean_eb,none,fixed,192,1,0,0.03328949958086014,4096
summary_ridge_eb,none,fixed,192,1,0,0.029569827020168304,4096
neural_eb,neural_bidir_seed0_eb,fixed,192,1,0,0.031118327751755714,4096
neural_eb,neural_bidir_seed1_eb,fixed,192,1,0,0.031583961099386215,4096
neural_eb,neural_bidir_seed2_eb,fixed,192,1,0,0.029492095112800598,4096
neural_eb,neural_bidir_seed3_eb,fixed,192,1,0,0.028859175741672516,4096
neural_eb,neural_bidir_seed4_eb,fixed,192,1,0,0.02991483360528946,4096
dfe,none,fixed,256,1,0,0.031209727749228477,0
constant_mean_eb,none,fixed,256,1,0,0.02960681915283203,4096
summary_ridge_eb,none,fixed,256,1,0,0.02693996950984001,4096
neural_eb,neural_bidir_seed0_eb,fixed,256,1,0,0.028172943741083145,4096
neural_eb,neural_bidir_seed1_eb,fixed,256,1,0,0.02843303605914116,4096
neural_eb,neural_bidir_seed2_eb,fixed,256,1,0,0.0270631592720747,4096
neural_eb,neural_bidir_seed3_eb,fixed,256,1,0,0.02667318657040596,4096
neural_eb,neural_bidir_seed4_eb,fixed,256,1,0,0.02739863656461239,4096
summary_ridge_eb,none,pilot,3,1,0,0.050334155559539795,4096
neural_eb,neural_bidir_seed0_eb,pilot,3,1,0,0.06472167372703552,4096
neural_eb,neural_bidir_seed1_eb,pilot,3,1,0,0.06904318928718567,4096
neural_eb,neural_bidir_seed2_eb,pilot,3,1,0,0.0535772368311882,4096
neural_eb,neural_bidir_seed3_eb,pilot,3,1,0,0.05053351819515228,4096
neural_eb,neural_bidir_seed4_eb,pilot,3,1,0,0.0558028407394886,4096
constant_mean_prior,none,none,0,1,1,0.10618729889392853,4096
constant_median_prior,none,none,0,1,1,0.10433782637119293,4096
summary_ridge_prior,none,none,0,1,1,0.05193658918142319,4096
product_affine_prior,none,none,0,1,1,0.054462648928165436,4096
exact_marginal_affine_prior,none,none,0,1,1,0.05779603123664856,4096
neural_prior,neural_bidir_seed0_prior,none,0,1,1,0.06992398947477341,4096
neural_prior,neural_bidir_seed1_prior,none,0,1,1,0.07262399792671204,4096
neural_prior,neural_bidir_seed2_prior,none,0,1,1,0.05228857696056366,4096
neural_prior,neural_bidir_seed3_prior,none,0,1,1,0.048559267073869705,4096
neural_prior,neural_bidir_seed4_prior,none,0,1,1,0.054067350924015045,4096
neural_eb,neural_bidir_seed0_eb,fixed,4,1,1,0.06800147891044617,4096
neural_eb,neural_bidir_seed1_eb,fixed,4,1,1,0.0700545608997345,4096
neural_eb,neural_bidir_seed2_eb,fixed,4,1,1,0.05127481371164322,4096
neural_eb,neural_bidir_seed3_eb,fixed,4,1,1,0.047656312584877014,4096
neural_eb,neural_bidir_seed4_eb,fixed,4,1,1,0.05278848484158516,4096
constant_mean_eb,none,fixed,20,1,1,0.07741136848926544,4096
constant_mean_eb,none,fixed,24,1,1,0.07191703468561172,4096
summary_ridge_eb,none,fixed,24,1,1,0.05380924791097641,4096
neural_eb,neural_bidir_seed0_eb,fixed,24,1,1,0.061934471130371094,4096
neural_eb,neural_bidir_seed1_eb,fixed,24,1,1,0.0631464421749115,4096
neural_eb,neural_bidir_seed2_eb,fixed,24,1,1,0.049462854862213135,4096
neural_eb,neural_bidir_seed3_eb,fixed,24,1,1,0.04671467840671539,4096
neural_eb,neural_bidir_seed4_eb,fixed,24,1,1,0.05090353265404701,4096
constant_mean_eb,none,fixed,32,1,1,0.06803735345602036,4096
constant_mean_eb,none,fixed,36,1,1,0.06548532098531723,4096
neural_eb,neural_bidir_seed0_eb,fixed,36,1,1,0.0566544234752655,4096
neural_eb,neural_bidir_seed1_eb,fixed,36,1,1,0.05767912045121193,4096
neural_eb,neural_bidir_seed2_eb,fixed,36,1,1,0.04596024751663208,4096
neural_eb,neural_bidir_seed3_eb,fixed,36,1,1,0.04385623335838318,4096
neural_eb,neural_bidir_seed4_eb,fixed,36,1,1,0.04760832339525223,4096
dfe,none,fixed,40,1,1,0.07978320121765137,0
neural_eb,neural_bidir_seed0_eb,fixed,40,1,1,0.05586519092321396,4096
neural_eb,neural_bidir_seed1_eb,fixed,40,1,1,0.05628805607557297,4096
neural_eb,neural_bidir_seed2_eb,fixed,40,1,1,0.045097969472408295,4096
neural_eb,neural_bidir_seed3_eb,fixed,40,1,1,0.042816340923309326,4096
neural_eb,neural_bidir_seed4_eb,fixed,40,1,1,0.04619389399886131,4096
summary_ridge_eb,none,fixed,44,1,1,0.04914402961730957,4096
dfe,none,fixed,48,1,1,0.07155463099479675,0
constant_mean_eb,none,fixed,48,1,1,0.05769916623830795,4096
dfe,none,fixed,52,1,1,0.06953492760658264,0
neural_eb,neural_bidir_seed0_eb,fixed,52,1,1,0.052531253546476364,4096
neural_eb,neural_bidir_seed1_eb,fixed,52,1,1,0.05286194384098053,4096
neural_eb,neural_bidir_seed2_eb,fixed,52,1,1,0.043349940329790115,4096
neural_eb,neural_bidir_seed3_eb,fixed,52,1,1,0.041281841695308685,4096
neural_eb,neural_bidir_seed4_eb,fixed,52,1,1,0.044243019074201584,4096
dfe,none,fixed,60,1,1,0.06435616314411163,0
constant_mean_eb,none,fixed,60,1,1,0.054423995316028595,4096
constant_mean_eb,none,fixed,64,1,1,0.05310122296214104,4096
dfe,none,fixed,72,1,1,0.058622799813747406,0
constant_mean_eb,none,fixed,76,1,1,0.05041414126753807,4096
neural_eb,neural_bidir_seed0_eb,fixed,76,1,1,0.04662863537669182,4096
neural_eb,neural_bidir_seed1_eb,fixed,76,1,1,0.04683157056570053,4096
neural_eb,neural_bidir_seed2_eb,fixed,76,1,1,0.039163295179605484,4096
neural_eb,neural_bidir_seed3_eb,fixed,76,1,1,0.03772415220737457,4096
neural_eb,neural_bidir_seed4_eb,fixed,76,1,1,0.040304746478796005,4096
summary_ridge_eb,none,fixed,80,1,1,0.041462332010269165,4096
dfe,none,fixed,84,1,1,0.05416763573884964,0
dfe,none,fixed,92,1,1,0.05226362496614456,0
dfe,none,fixed,128,1,1,0.043482959270477295,0
constant_mean_eb,none,fixed,128,1,1,0.040091920644044876,4096
neural_eb,neural_bidir_seed0_eb,fixed,128,1,1,0.038586486130952835,4096
neural_eb,neural_bidir_seed1_eb,fixed,128,1,1,0.03817049413919449,4096
neural_eb,neural_bidir_seed2_eb,fixed,128,1,1,0.03360562026500702,4096
neural_eb,neural_bidir_seed3_eb,fixed,128,1,1,0.0325908288359642,4096
neural_eb,neural_bidir_seed4_eb,fixed,128,1,1,0.034222327172756195,4096
dfe,none,fixed,192,1,1,0.03637951985001564,0
constant_mean_eb,none,fixed,192,1,1,0.03393697366118431,4096
summary_ridge_eb,none,fixed,192,1,1,0.03163035959005356,4096
neural_eb,neural_bidir_seed0_eb,fixed,192,1,1,0.03328123688697815,4096
neural_eb,neural_bidir_seed1_eb,fixed,192,1,1,0.03284416347742081,4096
neural_eb,neural_bidir_seed2_eb,fixed,192,1,1,0.0297468863427639,4096
neural_eb,neural_bidir_seed3_eb,fixed,192,1,1,0.02911841683089733,4096
neural_eb,neural_bidir_seed4_eb,fixed,192,1,1,0.030082952231168747,4096
dfe,none,fixed,256,1,1,0.03195555508136749,0
constant_mean_eb,none,fixed,256,1,1,0.030465509742498398,4096
summary_ridge_eb,none,fixed,256,1,1,0.02855151705443859,4096
neural_eb,neural_bidir_seed0_eb,fixed,256,1,1,0.02997753396630287,4096
neural_eb,neural_bidir_seed1_eb,fixed,256,1,1,0.029791822656989098,4096
neural_eb,neural_bidir_seed2_eb,fixed,256,1,1,0.027382032945752144,4096
neural_eb,neural_bidir_seed3_eb,fixed,256,1,1,0.026803961023688316,4096
neural_eb,neural_bidir_seed4_eb,fixed,256,1,1,0.027804147452116013,4096
summary_ridge_eb,none,pilot,3,1,1,0.05138120800256729,4096
neural_eb,neural_bidir_seed0_eb,pilot,3,1,1,0.06850823014974594,4096
neural_eb,neural_bidir_seed1_eb,pilot,3,1,1,0.07068827748298645,4096
neural_eb,neural_bidir_seed2_eb,pilot,3,1,1,0.05142567679286003,4096
neural_eb,neural_bidir_seed3_eb,pilot,3,1,1,0.04775736480951309,4096
neural_eb,neural_bidir_seed4_eb,pilot,3,1,1,0.05300784856081009,4096
constant_mean_prior,none,none,0,1,2,0.10730717331171036,4096
constant_median_prior,none,none,0,1,2,0.10689657181501389,4096
summary_ridge_prior,none,none,0,1,2,0.05182572081685066,4096
product_affine_prior,none,none,0,1,2,0.05959692969918251,4096
exact_marginal_affine_prior,none,none,0,1,2,0.06204155832529068,4096
neural_prior,neural_bidir_seed0_prior,none,0,1,2,0.06496062129735947,4096
neural_prior,neural_bidir_seed1_prior,none,0,1,2,0.0690097063779831,4096
neural_prior,neural_bidir_seed2_prior,none,0,1,2,0.05225261300802231,4096
neural_prior,neural_bidir_seed3_prior,none,0,1,2,0.04912462830543518,4096
neural_prior,neural_bidir_seed4_prior,none,0,1,2,0.05428873002529144,4096
neural_eb,neural_bidir_seed0_eb,fixed,4,1,2,0.06323646008968353,4096
neural_eb,neural_bidir_seed1_eb,fixed,4,1,2,0.06689111143350601,4096
neural_eb,neural_bidir_seed2_eb,fixed,4,1,2,0.051196467131376266,4096
neural_eb,neural_bidir_seed3_eb,fixed,4,1,2,0.048287082463502884,4096
neural_eb,neural_bidir_seed4_eb,fixed,4,1,2,0.053075917065143585,4096
constant_mean_eb,none,fixed,20,1,2,0.07751183211803436,4096
constant_mean_eb,none,fixed,24,1,2,0.07466907799243927,4096
summary_ridge_eb,none,fixed,24,1,2,0.052833542227745056,4096
neural_eb,neural_bidir_seed0_eb,fixed,24,1,2,0.05777253210544586,4096
neural_eb,neural_bidir_seed1_eb,fixed,24,1,2,0.06043202430009842,4096
neural_eb,neural_bidir_seed2_eb,fixed,24,1,2,0.05031071603298187,4096
neural_eb,neural_bidir_seed3_eb,fixed,24,1,2,0.048082757741212845,4096
neural_eb,neural_bidir_seed4_eb,fixed,24,1,2,0.05182231217622757,4096
constant_mean_eb,none,fixed,32,1,2,0.06708493828773499,4096
constant_mean_eb,none,fixed,36,1,2,0.06310844421386719,4096
neural_eb,neural_bidir_seed0_eb,fixed,36,1,2,0.051923781633377075,4096
neural_eb,neural_bidir_seed1_eb,fixed,36,1,2,0.05382167547941208,4096
neural_eb,neural_bidir_seed2_eb,fixed,36,1,2,0.044898297637701035,4096
neural_eb,neural_bidir_seed3_eb,fixed,36,1,2,0.043045297265052795,4096
neural_eb,neural_bidir_seed4_eb,fixed,36,1,2,0.0461299754679203,4096
dfe,none,fixed,40,1,2,0.08082739263772964,0
neural_eb,neural_bidir_seed0_eb,fixed,40,1,2,0.05096030607819557,4096
neural_eb,neural_bidir_seed1_eb,fixed,40,1,2,0.05301626771688461,4096
neural_eb,neural_bidir_seed2_eb,fixed,40,1,2,0.04482034966349602,4096
neural_eb,neural_bidir_seed3_eb,fixed,40,1,2,0.043009255081415176,4096
neural_eb,neural_bidir_seed4_eb,fixed,40,1,2,0.04606376588344574,4096
summary_ridge_eb,none,fixed,44,1,2,0.045403897762298584,4096
dfe,none,fixed,48,1,2,0.07292161881923676,0
constant_mean_eb,none,fixed,48,1,2,0.05900026485323906,4096
dfe,none,fixed,52,1,2,0.0708770602941513,0
neural_eb,neural_bidir_seed0_eb,fixed,52,1,2,0.0486539751291275,4096
neural_eb,neural_bidir_seed1_eb,fixed,52,1,2,0.05027903616428375,4096
neural_eb,neural_bidir_seed2_eb,fixed,52,1,2,0.043214596807956696,4096
neural_eb,neural_bidir_seed3_eb,fixed,52,1,2,0.04157467186450958,4096
neural_eb,neural_bidir_seed4_eb,fixed,52,1,2,0.044190336018800735,4096
dfe,none,fixed,60,1,2,0.06397028267383575,0
constant_mean_eb,none,fixed,60,1,2,0.05322638154029846,4096
constant_mean_eb,none,fixed,64,1,2,0.05207526311278343,4096
dfe,none,fixed,72,1,2,0.05975007265806198,0
constant_mean_eb,none,fixed,76,1,2,0.04898424446582794,4096
neural_eb,neural_bidir_seed0_eb,fixed,76,1,2,0.042981456965208054,4096
neural_eb,neural_bidir_seed1_eb,fixed,76,1,2,0.04398202896118164,4096
neural_eb,neural_bidir_seed2_eb,fixed,76,1,2,0.038789305835962296,4096
neural_eb,neural_bidir_seed3_eb,fixed,76,1,2,0.037609562277793884,4096
neural_eb,neural_bidir_seed4_eb,fixed,76,1,2,0.03957308828830719,4096
summary_ridge_eb,none,fixed,80,1,2,0.039415933191776276,4096
dfe,none,fixed,84,1,2,0.05487527325749397,0
dfe,none,fixed,92,1,2,0.05267995223402977,0
dfe,none,fixed,128,1,2,0.04479029029607773,0
constant_mean_eb,none,fixed,128,1,2,0.04028170928359032,4096
neural_eb,neural_bidir_seed0_eb,fixed,128,1,2,0.036357663571834564,4096
neural_eb,neural_bidir_seed1_eb,fixed,128,1,2,0.037133295089006424,4096
neural_eb,neural_bidir_seed2_eb,fixed,128,1,2,0.03373151272535324,4096
neural_eb,neural_bidir_seed3_eb,fixed,128,1,2,0.033011168241500854,4096
neural_eb,neural_bidir_seed4_eb,fixed,128,1,2,0.03448863327503204,4096
dfe,none,fixed,192,1,2,0.03531356155872345,0
constant_mean_eb,none,fixed,192,1,2,0.03303059935569763,4096
summary_ridge_eb,none,fixed,192,1,2,0.0303180031478405,4096
neural_eb,neural_bidir_seed0_eb,fixed,192,1,2,0.031104788184165955,4096
neural_eb,neural_bidir_seed1_eb,fixed,192,1,2,0.031566742807626724,4096
neural_eb,neural_bidir_seed2_eb,fixed,192,1,2,0.029383715242147446,4096
neural_eb,neural_bidir_seed3_eb,fixed,192,1,2,0.028870582580566406,4096
neural_eb,neural_bidir_seed4_eb,fixed,192,1,2,0.02979537658393383,4096
dfe,none,fixed,256,1,2,0.0318756103515625,0
constant_mean_eb,none,fixed,256,1,2,0.03011344186961651,4096
summary_ridge_eb,none,fixed,256,1,2,0.02759820595383644,4096
neural_eb,neural_bidir_seed0_eb,fixed,256,1,2,0.028639227151870728,4096
neural_eb,neural_bidir_seed1_eb,fixed,256,1,2,0.02894529700279236,4096
neural_eb,neural_bidir_seed2_eb,fixed,256,1,2,0.027091611176729202,4096
neural_eb,neural_bidir_seed3_eb,fixed,256,1,2,0.026640452444553375,4096
neural_eb,neural_bidir_seed4_eb,fixed,256,1,2,0.027345873415470123,4096
summary_ridge_eb,none,pilot,3,1,2,0.050867803394794464,4096
neural_eb,neural_bidir_seed0_eb,pilot,3,1,2,0.06336280703544617,4096
neural_eb,neural_bidir_seed1_eb,pilot,3,1,2,0.06715983152389526,4096
neural_eb,neural_bidir_seed2_eb,pilot,3,1,2,0.0512901172041893,4096
neural_eb,neural_bidir_seed3_eb,pilot,3,1,2,0.04828586429357529,4096
neural_eb,neural_bidir_seed4_eb,pilot,3,1,2,0.05318598449230194,4096
constant_mean_prior,none,none,0,1,3,0.10742093622684479,4096
constant_median_prior,none,none,0,1,3,0.10679332166910172,4096
summary_ridge_prior,none,none,0,1,3,0.05281005799770355,4096
product_affine_prior,none,none,0,1,3,0.05473494529724121,4096
exact_marginal_affine_prior,none,none,0,1,3,0.058237362653017044,4096
neural_prior,neural_bidir_seed0_prior,none,0,1,3,0.06485459208488464,4096
neural_prior,neural_bidir_seed1_prior,none,0,1,3,0.06899372488260269,4096
neural_prior,neural_bidir_seed2_prior,none,0,1,3,0.05195728689432144,4096
neural_prior,neural_bidir_seed3_prior,none,0,1,3,0.04859538748860359,4096
neural_prior,neural_bidir_seed4_prior,none,0,1,3,0.05410107970237732,4096
neural_eb,neural_bidir_seed0_eb,fixed,4,1,3,0.06290437281131744,4096
neural_eb,neural_bidir_seed1_eb,fixed,4,1,3,0.0667138546705246,4096
neural_eb,neural_bidir_seed2_eb,fixed,4,1,3,0.051083698868751526,4096
neural_eb,neural_bidir_seed3_eb,fixed,4,1,3,0.04796537011861801,4096
neural_eb,neural_bidir_seed4_eb,fixed,4,1,3,0.05313372239470482,4096
constant_mean_eb,none,fixed,20,1,3,0.07934099435806274,4096
constant_mean_eb,none,fixed,24,1,3,0.07301236689090729,4096
summary_ridge_eb,none,fixed,24,1,3,0.05245240032672882,4096
neural_eb,neural_bidir_seed0_eb,fixed,24,1,3,0.057285524904727936,4096
neural_eb,neural_bidir_seed1_eb,fixed,24,1,3,0.059790391474962234,4096
neural_eb,neural_bidir_seed2_eb,fixed,24,1,3,0.04957662895321846,4096
neural_eb,neural_bidir_seed3_eb,fixed,24,1,3,0.04742927849292755,4096
neural_eb,neural_bidir_seed4_eb,fixed,24,1,3,0.051496103405952454,4096
constant_mean_eb,none,fixed,32,1,3,0.06666836142539978,4096
constant_mean_eb,none,fixed,36,1,3,0.06444793939590454,4096
neural_eb,neural_bidir_seed0_eb,fixed,36,1,3,0.053075581789016724,4096
neural_eb,neural_bidir_seed1_eb,fixed,36,1,3,0.055173106491565704,4096
neural_eb,neural_bidir_seed2_eb,fixed,36,1,3,0.04666027054190636,4096
neural_eb,neural_bidir_seed3_eb,fixed,36,1,3,0.044610634446144104,4096
neural_eb,neural_bidir_seed4_eb,fixed,36,1,3,0.04819595068693161,4096
dfe,none,fixed,40,1,3,0.07972335815429688,0
neural_eb,neural_bidir_seed0_eb,fixed,40,1,3,0.05067998170852661,4096
neural_eb,neural_bidir_seed1_eb,fixed,40,1,3,0.052642956376075745,4096
neural_eb,neural_bidir_seed2_eb,fixed,40,1,3,0.044942647218704224,4096
neural_eb,neural_bidir_seed3_eb,fixed,40,1,3,0.04334701970219612,4096
neural_eb,neural_bidir_seed4_eb,fixed,40,1,3,0.0466688871383667,4096
summary_ridge_eb,none,fixed,44,1,3,0.047174207866191864,4096
dfe,none,fixed,48,1,3,0.07228994369506836,0
constant_mean_eb,none,fixed,48,1,3,0.0583081990480423,4096
dfe,none,fixed,52,1,3,0.06996279954910278,0
neural_eb,neural_bidir_seed0_eb,fixed,52,1,3,0.048158809542655945,4096
neural_eb,neural_bidir_seed1_eb,fixed,52,1,3,0.04981120303273201,4096
neural_eb,neural_bidir_seed2_eb,fixed,52,1,3,0.04293978214263916,4096
neural_eb,neural_bidir_seed3_eb,fixed,52,1,3,0.04140177369117737,4096
neural_eb,neural_bidir_seed4_eb,fixed,52,1,3,0.04431707784533501,4096
dfe,none,fixed,60,1,3,0.06455449014902115,0
constant_mean_eb,none,fixed,60,1,3,0.05281367897987366,4096
constant_mean_eb,none,fixed,64,1,3,0.05176069214940071,4096
dfe,none,fixed,72,1,3,0.05838164687156677,0
constant_mean_eb,none,fixed,76,1,3,0.04898633435368538,4096
neural_eb,neural_bidir_seed0_eb,fixed,76,1,3,0.04282042384147644,4096
neural_eb,neural_bidir_seed1_eb,fixed,76,1,3,0.04402494803071022,4096
neural_eb,neural_bidir_seed2_eb,fixed,76,1,3,0.03920396417379379,4096
neural_eb,neural_bidir_seed3_eb,fixed,76,1,3,0.03806686028838158,4096
neural_eb,neural_bidir_seed4_eb,fixed,76,1,3,0.04029719531536102,4096
summary_ridge_eb,none,fixed,80,1,3,0.0399070605635643,4096
dfe,none,fixed,84,1,3,0.0544896125793457,0
dfe,none,fixed,92,1,3,0.051735781133174896,0
dfe,none,fixed,128,1,3,0.04286909103393555,0
constant_mean_eb,none,fixed,128,1,3,0.038807835429906845,4096
neural_eb,neural_bidir_seed0_eb,fixed,128,1,3,0.03568985313177109,4096
neural_eb,neural_bidir_seed1_eb,fixed,128,1,3,0.03632059693336487,4096
neural_eb,neural_bidir_seed2_eb,fixed,128,1,3,0.03327842056751251,4096
neural_eb,neural_bidir_seed3_eb,fixed,128,1,3,0.03248436748981476,4096
neural_eb,neural_bidir_seed4_eb,fixed,128,1,3,0.03379811719059944,4096
dfe,none,fixed,192,1,3,0.03705891966819763,0
constant_mean_eb,none,fixed,192,1,3,0.03415936976671219,4096
summary_ridge_eb,none,fixed,192,1,3,0.030826784670352936,4096
neural_eb,neural_bidir_seed0_eb,fixed,192,1,3,0.03208079934120178,4096
neural_eb,neural_bidir_seed1_eb,fixed,192,1,3,0.03247394040226936,4096
neural_eb,neural_bidir_seed2_eb,fixed,192,1,3,0.030357223004102707,4096
neural_eb,neural_bidir_seed3_eb,fixed,192,1,3,0.029832763597369194,4096
neural_eb,neural_bidir_seed4_eb,fixed,192,1,3,0.030860159546136856,4096
dfe,none,fixed,256,1,3,0.031178580597043037,0
constant_mean_eb,none,fixed,256,1,3,0.029545042663812637,4096
summary_ridge_eb,none,fixed,256,1,3,0.027426373213529587,4096
neural_eb,neural_bidir_seed0_eb,fixed,256,1,3,0.028170954436063766,4096
neural_eb,neural_bidir_seed1_eb,fixed,256,1,3,0.028482770547270775,4096
neural_eb,neural_bidir_seed2_eb,fixed,256,1,3,0.02715824358165264,4096
neural_eb,neural_bidir_seed3_eb,fixed,256,1,3,0.026747841387987137,4096
neural_eb,neural_bidir_seed4_eb,fixed,256,1,3,0.027473319321870804,4096
summary_ridge_eb,none,pilot,3,1,3,0.05187194049358368,4096
neural_eb,neural_bidir_seed0_eb,pilot,3,1,3,0.06337907910346985,4096
neural_eb,neural_bidir_seed1_eb,pilot,3,1,3,0.06729356944561005,4096
neural_eb,neural_bidir_seed2_eb,pilot,3,1,3,0.051036056131124496,4096
neural_eb,neural_bidir_seed3_eb,pilot,3,1,3,0.047870684415102005,4096
neural_eb,neural_bidir_seed4_eb,pilot,3,1,3,0.053178463131189346,4096
constant_mean_prior,none,none,0,1,4,0.10960044711828232,4096
constant_median_prior,none,none,0,1,4,0.1097622811794281,4096
summary_ridge_prior,none,none,0,1,4,0.053736552596092224,4096
product_affine_prior,none,none,0,1,4,0.05978222191333771,4096
exact_marginal_affine_prior,none,none,0,1,4,0.06237725913524628,4096
neural_prior,neural_bidir_seed0_prior,none,0,1,4,0.06396736204624176,4096
neural_prior,neural_bidir_seed1_prior,none,0,1,4,0.0678158774971962,4096
neural_prior,neural_bidir_seed2_prior,none,0,1,4,0.05210597440600395,4096
neural_prior,neural_bidir_seed3_prior,none,0,1,4,0.04940081387758255,4096
neural_prior,neural_bidir_seed4_prior,none,0,1,4,0.05431460961699486,4096
neural_eb,neural_bidir_seed0_eb,fixed,4,1,4,0.0615469291806221,4096
neural_eb,neural_bidir_seed1_eb,fixed,4,1,4,0.06485291570425034,4096
neural_eb,neural_bidir_seed2_eb,fixed,4,1,4,0.0506153404712677,4096
neural_eb,neural_bidir_seed3_eb,fixed,4,1,4,0.04813285171985626,4096
neural_eb,neural_bidir_seed4_eb,fixed,4,1,4,0.05273986607789993,4096
constant_mean_eb,none,fixed,20,1,4,0.08027191460132599,4096
constant_mean_eb,none,fixed,24,1,4,0.07347428798675537,4096
summary_ridge_eb,none,fixed,24,1,4,0.054363615810871124,4096
neural_eb,neural_bidir_seed0_eb,fixed,24,1,4,0.05766421929001808,4096
neural_eb,neural_bidir_seed1_eb,fixed,24,1,4,0.06058661267161369,4096
neural_eb,neural_bidir_seed2_eb,fixed,24,1,4,0.051031969487667084,4096
neural_eb,neural_bidir_seed3_eb,fixed,24,1,4,0.049567610025405884,4096
neural_eb,neural_bidir_seed4_eb,fixed,24,1,4,0.05299342796206474,4096
constant_mean_eb,none,fixed,32,1,4,0.06685866415500641,4096
constant_mean_eb,none,fixed,36,1,4,0.06462551653385162,4096
neural_eb,neural_bidir_seed0_eb,fixed,36,1,4,0.05286533012986183,4096
neural_eb,neural_bidir_seed1_eb,fixed,36,1,4,0.05488254874944687,4096
neural_eb,neural_bidir_seed2_eb,fixed,36,1,4,0.04732915386557579,4096
neural_eb,neural_bidir_seed3_eb,fixed,36,1,4,0.046196725219488144,4096
neural_eb,neural_bidir_seed4_eb,fixed,36,1,4,0.049162909388542175,4096
dfe,none,fixed,40,1,4,0.07879740744829178,0
neural_eb,neural_bidir_seed0_eb,fixed,40,1,4,0.051254138350486755,4096
neural_eb,neural_bidir_seed1_eb,fixed,40,1,4,0.05325848609209061,4096
neural_eb,neural_bidir_seed2_eb,fixed,40,1,4,0.04607080668210983,4096
neural_eb,neural_bidir_seed3_eb,fixed,40,1,4,0.04496576637029648,4096
neural_eb,neural_bidir_seed4_eb,fixed,40,1,4,0.04770399257540703,4096
summary_ridge_eb,none,fixed,44,1,4,0.04818077012896538,4096
dfe,none,fixed,48,1,4,0.07152459025382996,0
constant_mean_eb,none,fixed,48,1,4,0.057988159358501434,4096
dfe,none,fixed,52,1,4,0.06968287378549576,0
neural_eb,neural_bidir_seed0_eb,fixed,52,1,4,0.04790681228041649,4096
neural_eb,neural_bidir_seed1_eb,fixed,52,1,4,0.049722474068403244,4096
neural_eb,neural_bidir_seed2_eb,fixed,52,1,4,0.043620266020298004,4096
neural_eb,neural_bidir_seed3_eb,fixed,52,1,4,0.04261663556098938,4096
neural_eb,neural_bidir_seed4_eb,fixed,52,1,4,0.0449690967798233,4096
dfe,none,fixed,60,1,4,0.06464417278766632,0
constant_mean_eb,none,fixed,60,1,4,0.05398686230182648,4096
constant_mean_eb,none,fixed,64,1,4,0.05314169451594353,4096
dfe,none,fixed,72,1,4,0.05933820456266403,0
constant_mean_eb,none,fixed,76,1,4,0.048996277153491974,4096
neural_eb,neural_bidir_seed0_eb,fixed,76,1,4,0.04260126128792763,4096
neural_eb,neural_bidir_seed1_eb,fixed,76,1,4,0.04370606318116188,4096
neural_eb,neural_bidir_seed2_eb,fixed,76,1,4,0.03917570412158966,4096
neural_eb,neural_bidir_seed3_eb,fixed,76,1,4,0.03851079195737839,4096
neural_eb,neural_bidir_seed4_eb,fixed,76,1,4,0.04018550366163254,4096
summary_ridge_eb,none,fixed,80,1,4,0.04142524674534798,4096
dfe,none,fixed,84,1,4,0.05503247678279877,0
dfe,none,fixed,92,1,4,0.052484504878520966,0
dfe,none,fixed,128,1,4,0.0447993203997612,0
constant_mean_eb,none,fixed,128,1,4,0.040606919676065445,4096
neural_eb,neural_bidir_seed0_eb,fixed,128,1,4,0.03714956343173981,4096
neural_eb,neural_bidir_seed1_eb,fixed,128,1,4,0.03796574845910072,4096
neural_eb,neural_bidir_seed2_eb,fixed,128,1,4,0.03515785187482834,4096
neural_eb,neural_bidir_seed3_eb,fixed,128,1,4,0.03476536273956299,4096
neural_eb,neural_bidir_seed4_eb,fixed,128,1,4,0.03589650243520737,4096
dfe,none,fixed,192,1,4,0.03633413463830948,0
constant_mean_eb,none,fixed,192,1,4,0.03389415144920349,4096
summary_ridge_eb,none,fixed,192,1,4,0.031217917799949646,4096
neural_eb,neural_bidir_seed0_eb,fixed,192,1,4,0.031433455646038055,4096
neural_eb,neural_bidir_seed1_eb,fixed,192,1,4,0.031967051327228546,4096
neural_eb,neural_bidir_seed2_eb,fixed,192,1,4,0.03026304766535759,4096
neural_eb,neural_bidir_seed3_eb,fixed,192,1,4,0.030069122090935707,4096
neural_eb,neural_bidir_seed4_eb,fixed,192,1,4,0.030859295278787613,4096
dfe,none,fixed,256,1,4,0.0315820574760437,0
constant_mean_eb,none,fixed,256,1,4,0.02980394847691059,4096
summary_ridge_eb,none,fixed,256,1,4,0.028002705425024033,4096
neural_eb,neural_bidir_seed0_eb,fixed,256,1,4,0.028050193563103676,4096
neural_eb,neural_bidir_seed1_eb,fixed,256,1,4,0.028465935960412025,4096
neural_eb,neural_bidir_seed2_eb,fixed,256,1,4,0.027224905788898468,4096
neural_eb,neural_bidir_seed3_eb,fixed,256,1,4,0.027074065059423447,4096
neural_eb,neural_bidir_seed4_eb,fixed,256,1,4,0.027695339173078537,4096
summary_ridge_eb,none,pilot,3,1,4,0.0527813658118248,4096
neural_eb,neural_bidir_seed0_eb,pilot,3,1,4,0.06230127438902855,4096
neural_eb,neural_bidir_seed1_eb,pilot,3,1,4,0.06580932438373566,4096
neural_eb,neural_bidir_seed2_eb,pilot,3,1,4,0.050959523767232895,4096
neural_eb,neural_bidir_seed3_eb,pilot,3,1,4,0.04842306673526764,4096
neural_eb,neural_bidir_seed4_eb,pilot,3,1,4,0.05291950702667236,4096
constant_mean_prior,none,none,0,2,0,0.10498498380184174,4096
constant_median_prior,none,none,0,2,0,0.10286982357501984,4096
summary_ridge_prior,none,none,0,2,0,0.04627150297164917,4096
product_affine_prior,none,none,0,2,0,0.05209433659911156,4096
exact_marginal_affine_prior,none,none,0,2,0,0.056721415370702744,4096
neural_prior,neural_bidir_seed0_prior,none,0,2,0,0.06505580246448517,4096
neural_prior,neural_bidir_seed1_prior,none,0,2,0,0.0697241872549057,4096
neural_prior,neural_bidir_seed2_prior,none,0,2,0,0.05172612518072128,4096
neural_prior,neural_bidir_seed3_prior,none,0,2,0,0.04814835637807846,4096
neural_prior,neural_bidir_seed4_prior,none,0,2,0,0.053980302065610886,4096
neural_eb,neural_bidir_seed0_eb,fixed,4,2,0,0.06354238092899323,4096
neural_eb,neural_bidir_seed1_eb,fixed,4,2,0,0.06777280569076538,4096
neural_eb,neural_bidir_seed2_eb,fixed,4,2,0,0.051003605127334595,4096
neural_eb,neural_bidir_seed3_eb,fixed,4,2,0,0.04760310798883438,4096
neural_eb,neural_bidir_seed4_eb,fixed,4,2,0,0.05305454879999161,4096
constant_mean_eb,none,fixed,20,2,0,0.07593653351068497,4096
constant_mean_eb,none,fixed,24,2,0,0.07141120731830597,4096
summary_ridge_eb,none,fixed,24,2,0,0.04436606913805008,4096
neural_eb,neural_bidir_seed0_eb,fixed,24,2,0,0.057401396334171295,4096
neural_eb,neural_bidir_seed1_eb,fixed,24,2,0,0.059877194464206696,4096
neural_eb,neural_bidir_seed2_eb,fixed,24,2,0,0.04843330383300781,4096
neural_eb,neural_bidir_seed3_eb,fixed,24,2,0,0.04589521884918213,4096
neural_eb,neural_bidir_seed4_eb,fixed,24,2,0,0.049667295068502426,4096
constant_mean_eb,none,fixed,32,2,0,0.06630992889404297,4096
constant_mean_eb,none,fixed,36,2,0,0.062280070036649704,4096
neural_eb,neural_bidir_seed0_eb,fixed,36,2,0,0.052517108619213104,4096
neural_eb,neural_bidir_seed1_eb,fixed,36,2,0,0.05430242791771889,4096
neural_eb,neural_bidir_seed2_eb,fixed,36,2,0,0.04529554769396782,4096
neural_eb,neural_bidir_seed3_eb,fixed,36,2,0,0.04322575405240059,4096
neural_eb,neural_bidir_seed4_eb,fixed,36,2,0,0.046287283301353455,4096
dfe,none,fixed,40,2,0,0.07792618870735168,0
neural_eb,neural_bidir_seed0_eb,fixed,40,2,0,0.05150759220123291,4096
neural_eb,neural_bidir_seed1_eb,fixed,40,2,0,0.05330745503306389,4096
neural_eb,neural_bidir_seed2_eb,fixed,40,2,0,0.044267360121011734,4096
neural_eb,neural_bidir_seed3_eb,fixed,40,2,0,0.042271263897418976,4096
neural_eb,neural_bidir_seed4_eb,fixed,40,2,0,0.04525017738342285,4096
summary_ridge_eb,none,fixed,44,2,0,0.040125735104084015,4096
dfe,none,fixed,48,2,0,0.07238753139972687,0
constant_mean_eb,none,fixed,48,2,0,0.0573473796248436,4096
dfe,none,fixed,52,2,0,0.06944982707500458,0
neural_eb,neural_bidir_seed0_eb,fixed,52,2,0,0.04952653869986534,4096
neural_eb,neural_bidir_seed1_eb,fixed,52,2,0,0.050937823951244354,4096
neural_eb,neural_bidir_seed2_eb,fixed,52,2,0,0.04298989102244377,4096
neural_eb,neural_bidir_seed3_eb,fixed,52,2,0,0.04107093811035156,4096
neural_eb,neural_bidir_seed4_eb,fixed,52,2,0,0.043732136487960815,4096
dfe,none,fixed,60,2,0,0.06480628997087479,0
constant_mean_eb,none,fixed,60,2,0,0.05378013476729393,4096
constant_mean_eb,none,fixed,64,2,0,0.05134277045726776,4096
dfe,none,fixed,72,2,0,0.05989997088909149,0
constant_mean_eb,none,fixed,76,2,0,0.04802286624908447,4096
neural_eb,neural_bidir_seed0_eb,fixed,76,2,0,0.043491117656230927,4096
neural_eb,neural_bidir_seed1_eb,fixed,76,2,0,0.044134706258773804,4096
neural_eb,neural_bidir_seed2_eb,fixed,76,2,0,0.03941824287176132,4096
neural_eb,neural_bidir_seed3_eb,fixed,76,2,0,0.03842741996049881,4096
neural_eb,neural_bidir_seed4_eb,fixed,76,2,0,0.03956814110279083,4096
summary_ridge_eb,none,fixed,80,2,0,0.03645901009440422,4096
dfe,none,fixed,84,2,0,0.05630423128604889,0
dfe,none,fixed,92,2,0,0.05315146595239639,0
dfe,none,fixed,128,2,0,0.04454796016216278,0
constant_mean_eb,none,fixed,128,2,0,0.03969995677471161,4096
neural_eb,neural_bidir_seed0_eb,fixed,128,2,0,0.037570178508758545,4096
neural_eb,neural_bidir_seed1_eb,fixed,128,2,0,0.037860989570617676,4096
neural_eb,neural_bidir_seed2_eb,fixed,128,2,0,0.03513890504837036,4096
neural_eb,neural_bidir_seed3_eb,fixed,128,2,0,0.03461216017603874,4096
neural_eb,neural_bidir_seed4_eb,fixed,128,2,0,0.03508429974317551,4096
dfe,none,fixed,192,2,0,0.03623565658926964,0
constant_mean_eb,none,fixed,192,2,0,0.03365807235240936,4096
summary_ridge_eb,none,fixed,192,2,0,0.029244210571050644,4096
neural_eb,neural_bidir_seed0_eb,fixed,192,2,0,0.03243697062134743,4096
neural_eb,neural_bidir_seed1_eb,fixed,192,2,0,0.0325162336230278,4096
neural_eb,neural_bidir_seed2_eb,fixed,192,2,0,0.03085217997431755,4096
neural_eb,neural_bidir_seed3_eb,fixed,192,2,0,0.030629094690084457,4096
neural_eb,neural_bidir_seed4_eb,fixed,192,2,0,0.03061509132385254,4096
dfe,none,fixed,256,2,0,0.031685009598731995,0
constant_mean_eb,none,fixed,256,2,0,0.029668383300304413,4096
summary_ridge_eb,none,fixed,256,2,0,0.02654096484184265,4096
neural_eb,neural_bidir_seed0_eb,fixed,256,2,0,0.028699656948447227,4096
neural_eb,neural_bidir_seed1_eb,fixed,256,2,0,0.028719600290060043,4096
neural_eb,neural_bidir_seed2_eb,fixed,256,2,0,0.027687933295965195,4096
neural_eb,neural_bidir_seed3_eb,fixed,256,2,0,0.02765917032957077,4096
neural_eb,neural_bidir_seed4_eb,fixed,256,2,0,0.027399323880672455,4096
summary_ridge_eb,none,pilot,3,2,0,0.045883018523454666,4096
neural_eb,neural_bidir_seed0_eb,pilot,3,2,0,0.06404237449169159,4096
neural_eb,neural_bidir_seed1_eb,pilot,3,2,0,0.06834743171930313,4096
neural_eb,neural_bidir_seed2_eb,pilot,3,2,0,0.05134928971529007,4096
neural_eb,neural_bidir_seed3_eb,pilot,3,2,0,0.047928694635629654,4096
neural_eb,neural_bidir_seed4_eb,pilot,3,2,0,0.053415555506944656,4096
constant_mean_prior,none,none,0,2,1,0.10504370927810669,4096
constant_median_prior,none,none,0,2,1,0.10629099607467651,4096
summary_ridge_prior,none,none,0,2,1,0.054463811218738556,4096
product_affine_prior,none,none,0,2,1,0.053870927542448044,4096
exact_marginal_affine_prior,none,none,0,2,1,0.056960590183734894,4096
neural_prior,neural_bidir_seed0_prior,none,0,2,1,0.06580393016338348,4096
neural_prior,neural_bidir_seed1_prior,none,0,2,1,0.07054511457681656,4096
neural_prior,neural_bidir_seed2_prior,none,0,2,1,0.052221547812223434,4096
neural_prior,neural_bidir_seed3_prior,none,0,2,1,0.04844718426465988,4096
neural_prior,neural_bidir_seed4_prior,none,0,2,1,0.05431383103132248,4096
neural_eb,neural_bidir_seed0_eb,fixed,4,2,1,0.06383403390645981,4096
neural_eb,neural_bidir_seed1_eb,fixed,4,2,1,0.06806081533432007,4096
neural_eb,neural_bidir_seed2_eb,fixed,4,2,1,0.05140629783272743,4096
neural_eb,neural_bidir_seed3_eb,fixed,4,2,1,0.04774141684174538,4096
neural_eb,neural_bidir_seed4_eb,fixed,4,2,1,0.053431760519742966,4096
constant_mean_eb,none,fixed,20,2,1,0.07721380889415741,4096
constant_mean_eb,none,fixed,24,2,1,0.07227303087711334,4096
summary_ridge_eb,none,fixed,24,2,1,0.051033541560173035,4096
neural_eb,neural_bidir_seed0_eb,fixed,24,2,1,0.0573541596531868,4096
neural_eb,neural_bidir_seed1_eb,fixed,24,2,1,0.05980615317821503,4096
neural_eb,neural_bidir_seed2_eb,fixed,24,2,1,0.048495814204216,4096
neural_eb,neural_bidir_seed3_eb,fixed,24,2,1,0.04591074213385582,4096
neural_eb,neural_bidir_seed4_eb,fixed,24,2,1,0.05005636066198349,4096
constant_mean_eb,none,fixed,32,2,1,0.06502591073513031,4096
constant_mean_eb,none,fixed,36,2,1,0.06285946816205978,4096
neural_eb,neural_bidir_seed0_eb,fixed,36,2,1,0.051689065992832184,4096
neural_eb,neural_bidir_seed1_eb,fixed,36,2,1,0.053807951509952545,4096
neural_eb,neural_bidir_seed2_eb,fixed,36,2,1,0.04478849098086357,4096
neural_eb,neural_bidir_seed3_eb,fixed,36,2,1,0.04238515719771385,4096
neural_eb,neural_bidir_seed4_eb,fixed,36,2,1,0.046193525195121765,4096
dfe,none,fixed,40,2,1,0.08082788437604904,0
neural_eb,neural_bidir_seed0_eb,fixed,40,2,1,0.050790101289749146,4096
neural_eb,neural_bidir_seed1_eb,fixed,40,2,1,0.052654996514320374,4096
neural_eb,neural_bidir_seed2_eb,fixed,40,2,1,0.04371161013841629,4096
neural_eb,neural_bidir_seed3_eb,fixed,40,2,1,0.041572317481040955,4096
neural_eb,neural_bidir_seed4_eb,fixed,40,2,1,0.04495749622583389,4096
summary_ridge_eb,none,fixed,44,2,1,0.04618102312088013,4096
dfe,none,fixed,48,2,1,0.0732138603925705,0
constant_mean_eb,none,fixed,48,2,1,0.05791616439819336,4096
dfe,none,fixed,52,2,1,0.06903485953807831,0
neural_eb,neural_bidir_seed0_eb,fixed,52,2,1,0.04758799821138382,4096
neural_eb,neural_bidir_seed1_eb,fixed,52,2,1,0.04913918673992157,4096
neural_eb,neural_bidir_seed2_eb,fixed,52,2,1,0.04196317493915558,4096
neural_eb,neural_bidir_seed3_eb,fixed,52,2,1,0.040063053369522095,4096
neural_eb,neural_bidir_seed4_eb,fixed,52,2,1,0.04314912110567093,4096
dfe,none,fixed,60,2,1,0.0653909295797348,0
constant_mean_eb,none,fixed,60,2,1,0.052803684026002884,4096
constant_mean_eb,none,fixed,64,2,1,0.05202442407608032,4096
dfe,none,fixed,72,2,1,0.059480734169483185,0
constant_mean_eb,none,fixed,76,2,1,0.04920288175344467,4096
neural_eb,neural_bidir_seed0_eb,fixed,76,2,1,0.04351615160703659,4096
neural_eb,neural_bidir_seed1_eb,fixed,76,2,1,0.04476911574602127,4096
neural_eb,neural_bidir_seed2_eb,fixed,76,2,1,0.03903655707836151,4096
neural_eb,neural_bidir_seed3_eb,fixed,76,2,1,0.03745702654123306,4096
neural_eb,neural_bidir_seed4_eb,fixed,76,2,1,0.03986736759543419,4096
summary_ridge_eb,none,fixed,80,2,1,0.03968149796128273,4096
dfe,none,fixed,84,2,1,0.05462299659848213,0
dfe,none,fixed,92,2,1,0.05102475732564926,0
dfe,none,fixed,128,2,1,0.044261157512664795,0
constant_mean_eb,none,fixed,128,2,1,0.039850134402513504,4096
neural_eb,neural_bidir_seed0_eb,fixed,128,2,1,0.03608882427215576,4096
neural_eb,neural_bidir_seed1_eb,fixed,128,2,1,0.03684498369693756,4096
neural_eb,neural_bidir_seed2_eb,fixed,128,2,1,0.03365262597799301,4096
neural_eb,neural_bidir_seed3_eb,fixed,128,2,1,0.032695233821868896,4096
neural_eb,neural_bidir_seed4_eb,fixed,128,2,1,0.03434792160987854,4096
dfe,none,fixed,192,2,1,0.03578709810972214,0
constant_mean_eb,none,fixed,192,2,1,0.03317948058247566,4096
summary_ridge_eb,none,fixed,192,2,1,0.030301805585622787,4096
neural_eb,neural_bidir_seed0_eb,fixed,192,2,1,0.030915331095457077,4096
neural_eb,neural_bidir_seed1_eb,fixed,192,2,1,0.031389251351356506,4096
neural_eb,neural_bidir_seed2_eb,fixed,192,2,1,0.029256600886583328,4096
neural_eb,neural_bidir_seed3_eb,fixed,192,2,1,0.028670351952314377,4096
neural_eb,neural_bidir_seed4_eb,fixed,192,2,1,0.029770631343126297,4096
dfe,none,fixed,256,2,1,0.03136199712753296,0
constant_mean_eb,none,fixed,256,2,1,0.02965097688138485,4096
summary_ridge_eb,none,fixed,256,2,1,0.027737535536289215,4096
neural_eb,neural_bidir_seed0_eb,fixed,256,2,1,0.02797369286417961,4096
neural_eb,neural_bidir_seed1_eb,fixed,256,2,1,0.02823011949658394,4096
neural_eb,neural_bidir_seed2_eb,fixed,256,2,1,0.026566948741674423,4096
neural_eb,neural_bidir_seed3_eb,fixed,256,2,1,0.026104850694537163,4096
neural_eb,neural_bidir_seed4_eb,fixed,256,2,1,0.02683424949645996,4096
summary_ridge_eb,none,pilot,3,2,1,0.05370081588625908,4096
neural_eb,neural_bidir_seed0_eb,pilot,3,2,1,0.06367822736501694,4096
neural_eb,neural_bidir_seed1_eb,pilot,3,2,1,0.0679369866847992,4096
neural_eb,neural_bidir_seed2_eb,pilot,3,2,1,0.05116274207830429,4096
neural_eb,neural_bidir_seed3_eb,pilot,3,2,1,0.04765181243419647,4096
neural_eb,neural_bidir_seed4_eb,pilot,3,2,1,0.05320823937654495,4096
constant_mean_prior,none,none,0,2,2,0.10594908893108368,4096
constant_median_prior,none,none,0,2,2,0.10448805242776871,4096
summary_ridge_prior,none,none,0,2,2,0.04948878288269043,4096
product_affine_prior,none,none,0,2,2,0.052456922829151154,4096
exact_marginal_affine_prior,none,none,0,2,2,0.05653032660484314,4096
neural_prior,neural_bidir_seed0_prior,none,0,2,2,0.06498142331838608,4096
neural_prior,neural_bidir_seed1_prior,none,0,2,2,0.06948564946651459,4096
neural_prior,neural_bidir_seed2_prior,none,0,2,2,0.05225524306297302,4096
neural_prior,neural_bidir_seed3_prior,none,0,2,2,0.04831920564174652,4096
neural_prior,neural_bidir_seed4_prior,none,0,2,2,0.05466049909591675,4096
neural_eb,neural_bidir_seed0_eb,fixed,4,2,2,0.06333354115486145,4096
neural_eb,neural_bidir_seed1_eb,fixed,4,2,2,0.06731341779232025,4096
neural_eb,neural_bidir_seed2_eb,fixed,4,2,2,0.0514308325946331,4096
neural_eb,neural_bidir_seed3_eb,fixed,4,2,2,0.04774298518896103,4096
neural_eb,neural_bidir_seed4_eb,fixed,4,2,2,0.05371667072176933,4096
constant_mean_eb,none,fixed,20,2,2,0.0766291543841362,4096
constant_mean_eb,none,fixed,24,2,2,0.07120227068662643,4096
summary_ridge_eb,none,fixed,24,2,2,0.04687882959842682,4096
neural_eb,neural_bidir_seed0_eb,fixed,24,2,2,0.05611107498407364,4096
neural_eb,neural_bidir_seed1_eb,fixed,24,2,2,0.05852844566106796,4096
neural_eb,neural_bidir_seed2_eb,fixed,24,2,2,0.048429880291223526,4096
neural_eb,neural_bidir_seed3_eb,fixed,24,2,2,0.04582709074020386,4096
neural_eb,neural_bidir_seed4_eb,fixed,24,2,2,0.050405845046043396,4096
constant_mean_eb,none,fixed,32,2,2,0.06544695794582367,4096
constant_mean_eb,none,fixed,36,2,2,0.06423228234052658,4096
neural_eb,neural_bidir_seed0_eb,fixed,36,2,2,0.05234277620911598,4096
neural_eb,neural_bidir_seed1_eb,fixed,36,2,2,0.054527536034584045,4096
neural_eb,neural_bidir_seed2_eb,fixed,36,2,2,0.04545766860246658,4096
neural_eb,neural_bidir_seed3_eb,fixed,36,2,2,0.04300004616379738,4096
neural_eb,neural_bidir_seed4_eb,fixed,36,2,2,0.04731905832886696,4096
dfe,none,fixed,40,2,2,0.07964611053466797,0
neural_eb,neural_bidir_seed0_eb,fixed,40,2,2,0.0509558767080307,4096
neural_eb,neural_bidir_seed1_eb,fixed,40,2,2,0.05299924314022064,4096
neural_eb,neural_bidir_seed2_eb,fixed,40,2,2,0.04476984590291977,4096
neural_eb,neural_bidir_seed3_eb,fixed,40,2,2,0.042425017803907394,4096
neural_eb,neural_bidir_seed4_eb,fixed,40,2,2,0.046574193984270096,4096
summary_ridge_eb,none,fixed,44,2,2,0.04333913326263428,4096
dfe,none,fixed,48,2,2,0.07448754459619522,0
constant_mean_eb,none,fixed,48,2,2,0.05948802828788757,4096
dfe,none,fixed,52,2,2,0.07105809450149536,0
neural_eb,neural_bidir_seed0_eb,fixed,52,2,2,0.04784955829381943,4096
neural_eb,neural_bidir_seed1_eb,fixed,52,2,2,0.049576595425605774,4096
neural_eb,neural_bidir_seed2_eb,fixed,52,2,2,0.04233244061470032,4096
neural_eb,neural_bidir_seed3_eb,fixed,52,2,2,0.04033255577087402,4096
neural_eb,neural_bidir_seed4_eb,fixed,52,2,2,0.04369223490357399,4096
dfe,none,fixed,60,2,2,0.06527668237686157,0
constant_mean_eb,none,fixed,60,2,2,0.053864963352680206,4096
constant_mean_eb,none,fixed,64,2,2,0.05439923703670502,4096
dfe,none,fixed,72,2,2,0.05839470028877258,0
constant_mean_eb,none,fixed,76,2,2,0.05021081492304802,4096
neural_eb,neural_bidir_seed0_eb,fixed,76,2,2,0.04389113932847977,4096
neural_eb,neural_bidir_seed1_eb,fixed,76,2,2,0.045096032321453094,4096
neural_eb,neural_bidir_seed2_eb,fixed,76,2,2,0.03960070013999939,4096
neural_eb,neural_bidir_seed3_eb,fixed,76,2,2,0.03805621713399887,4096
neural_eb,neural_bidir_seed4_eb,fixed,76,2,2,0.0407424196600914,4096
summary_ridge_eb,none,fixed,80,2,2,0.03827289491891861,4096
dfe,none,fixed,84,2,2,0.0544898547232151,0
dfe,none,fixed,92,2,2,0.052708111703395844,0
dfe,none,fixed,128,2,2,0.0447307750582695,0
constant_mean_eb,none,fixed,128,2,2,0.039555735886096954,4096
neural_eb,neural_bidir_seed0_eb,fixed,128,2,2,0.03619011491537094,4096
neural_eb,neural_bidir_seed1_eb,fixed,128,2,2,0.036864496767520905,4096
neural_eb,neural_bidir_seed2_eb,fixed,128,2,2,0.03327573835849762,4096
neural_eb,neural_bidir_seed3_eb,fixed,128,2,2,0.03248671814799309,4096
neural_eb,neural_bidir_seed4_eb,fixed,128,2,2,0.033911287784576416,4096
dfe,none,fixed,192,2,2,0.03608394041657448,0
constant_mean_eb,none,fixed,192,2,2,0.03331926092505455,4096
summary_ridge_eb,none,fixed,192,2,2,0.029531050473451614,4096
neural_eb,neural_bidir_seed0_eb,fixed,192,2,2,0.03108890727162361,4096
neural_eb,neural_bidir_seed1_eb,fixed,192,2,2,0.03149697184562683,4096
neural_eb,neural_bidir_seed2_eb,fixed,192,2,2,0.029531383886933327,4096
neural_eb,neural_bidir_seed3_eb,fixed,192,2,2,0.02901623398065567,4096
neural_eb,neural_bidir_seed4_eb,fixed,192,2,2,0.02986934222280979,4096
dfe,none,fixed,256,2,2,0.03091306984424591,0
constant_mean_eb,none,fixed,256,2,2,0.029097961261868477,4096
summary_ridge_eb,none,fixed,256,2,2,0.026738610118627548,4096
neural_eb,neural_bidir_seed0_eb,fixed,256,2,2,0.027730796486139297,4096
neural_eb,neural_bidir_seed1_eb,fixed,256,2,2,0.02801932767033577,4096
neural_eb,neural_bidir_seed2_eb,fixed,256,2,2,0.026471221819519997,4096
neural_eb,neural_bidir_seed3_eb,fixed,256,2,2,0.026151053607463837,4096
neural_eb,neural_bidir_seed4_eb,fixed,256,2,2,0.02680128626525402,4096
summary_ridge_eb,none,pilot,3,2,2,0.04884859919548035,4096
neural_eb,neural_bidir_seed0_eb,pilot,3,2,2,0.06331893056631088,4096
neural_eb,neural_bidir_seed1_eb,pilot,3,2,2,0.06751454621553421,4096
neural_eb,neural_bidir_seed2_eb,pilot,3,2,2,0.05133849009871483,4096
neural_eb,neural_bidir_seed3_eb,pilot,3,2,2,0.04762173816561699,4096
neural_eb,neural_bidir_seed4_eb,pilot,3,2,2,0.053624227643013,4096
constant_mean_prior,none,none,0,2,3,0.10392508655786514,4096
constant_median_prior,none,none,0,2,3,0.10638172924518585,4096
summary_ridge_prior,none,none,0,2,3,0.04949839413166046,4096
product_affine_prior,none,none,0,2,3,0.05282144993543625,4096
exact_marginal_affine_prior,none,none,0,2,3,0.0572487972676754,4096
neural_prior,neural_bidir_seed0_prior,none,0,2,3,0.06704174727201462,4096
neural_prior,neural_bidir_seed1_prior,none,0,2,3,0.07181975245475769,4096
neural_prior,neural_bidir_seed2_prior,none,0,2,3,0.052959538996219635,4096
neural_prior,neural_bidir_seed3_prior,none,0,2,3,0.049095675349235535,4096
neural_prior,neural_bidir_seed4_prior,none,0,2,3,0.055006466805934906,4096
neural_eb,neural_bidir_seed0_eb,fixed,4,2,3,0.06396860629320145,4096
neural_eb,neural_bidir_seed1_eb,fixed,4,2,3,0.06802637130022049,4096
neural_eb,neural_bidir_seed2_eb,fixed,4,2,3,0.05132398009300232,4096
neural_eb,neural_bidir_seed3_eb,fixed,4,2,3,0.047822270542383194,4096
neural_eb,neural_bidir_seed4_eb,fixed,4,2,3,0.05329377204179764,4096
constant_mean_eb,none,fixed,20,2,3,0.0766896903514862,4096
constant_mean_eb,none,fixed,24,2,3,0.07104144990444183,4096
summary_ridge_eb,none,fixed,24,2,3,0.0480300635099411,4096
neural_eb,neural_bidir_seed0_eb,fixed,24,2,3,0.058269232511520386,4096
neural_eb,neural_bidir_seed1_eb,fixed,24,2,3,0.06049211323261261,4096
neural_eb,neural_bidir_seed2_eb,fixed,24,2,3,0.05010562762618065,4096
neural_eb,neural_bidir_seed3_eb,fixed,24,2,3,0.04738100245594978,4096
neural_eb,neural_bidir_seed4_eb,fixed,24,2,3,0.05132985860109329,4096
constant_mean_eb,none,fixed,32,2,3,0.06619884073734283,4096
constant_mean_eb,none,fixed,36,2,3,0.06418082863092422,4096
neural_eb,neural_bidir_seed0_eb,fixed,36,2,3,0.053817979991436005,4096
neural_eb,neural_bidir_seed1_eb,fixed,36,2,3,0.05546233057975769,4096
neural_eb,neural_bidir_seed2_eb,fixed,36,2,3,0.04664802551269531,4096
neural_eb,neural_bidir_seed3_eb,fixed,36,2,3,0.044220272451639175,4096
neural_eb,neural_bidir_seed4_eb,fixed,36,2,3,0.04764878749847412,4096
dfe,none,fixed,40,2,3,0.07902167737483978,0
neural_eb,neural_bidir_seed0_eb,fixed,40,2,3,0.05222408100962639,4096
neural_eb,neural_bidir_seed1_eb,fixed,40,2,3,0.05397862195968628,4096
neural_eb,neural_bidir_seed2_eb,fixed,40,2,3,0.04590175673365593,4096
neural_eb,neural_bidir_seed3_eb,fixed,40,2,3,0.04366201162338257,4096
neural_eb,neural_bidir_seed4_eb,fixed,40,2,3,0.04698118194937706,4096
summary_ridge_eb,none,fixed,44,2,3,0.043418481945991516,4096
dfe,none,fixed,48,2,3,0.07142755389213562,0
constant_mean_eb,none,fixed,48,2,3,0.05731840431690216,4096
dfe,none,fixed,52,2,3,0.07042907923460007,0
neural_eb,neural_bidir_seed0_eb,fixed,52,2,3,0.04918072372674942,4096
neural_eb,neural_bidir_seed1_eb,fixed,52,2,3,0.05054594203829765,4096
neural_eb,neural_bidir_seed2_eb,fixed,52,2,3,0.044138103723526,4096
neural_eb,neural_bidir_seed3_eb,fixed,52,2,3,0.04228932410478592,4096
neural_eb,neural_bidir_seed4_eb,fixed,52,2,3,0.045164164155721664,4096
dfe,none,fixed,60,2,3,0.0645139068365097,0
constant_mean_eb,none,fixed,60,2,3,0.053060539066791534,4096
constant_mean_eb,none,fixed,64,2,3,0.05219363421201706,4096
dfe,none,fixed,72,2,3,0.059176020324230194,0
constant_mean_eb,none,fixed,76,2,3,0.048891015350818634,4096
neural_eb,neural_bidir_seed0_eb,fixed,76,2,3,0.04350264370441437,4096
neural_eb,neural_bidir_seed1_eb,fixed,76,2,3,0.044463351368904114,4096
neural_eb,neural_bidir_seed2_eb,fixed,76,2,3,0.039485279470682144,4096
neural_eb,neural_bidir_seed3_eb,fixed,76,2,3,0.037968628108501434,4096
neural_eb,neural_bidir_seed4_eb,fixed,76,2,3,0.04008186608552933,4096
summary_ridge_eb,none,fixed,80,2,3,0.03870382905006409,4096
dfe,none,fixed,84,2,3,0.05466480553150177,0
dfe,none,fixed,92,2,3,0.05312249809503555,0
dfe,none,fixed,128,2,3,0.04390449821949005,0
constant_mean_eb,none,fixed,128,2,3,0.03949231654405594,4096
neural_eb,neural_bidir_seed0_eb,fixed,128,2,3,0.03674247860908508,4096
neural_eb,neural_bidir_seed1_eb,fixed,128,2,3,0.03733186051249504,4096
neural_eb,neural_bidir_seed2_eb,fixed,128,2,3,0.034402862191200256,4096
neural_eb,neural_bidir_seed3_eb,fixed,128,2,3,0.03337755799293518,4096
neural_eb,neural_bidir_seed4_eb,fixed,128,2,3,0.034940194338560104,4096
dfe,none,fixed,192,2,3,0.03632183372974396,0
constant_mean_eb,none,fixed,192,2,3,0.03372541815042496,4096
summary_ridge_eb,none,fixed,192,2,3,0.030253641307353973,4096
neural_eb,neural_bidir_seed0_eb,fixed,192,2,3,0.031891562044620514,4096
neural_eb,neural_bidir_seed1_eb,fixed,192,2,3,0.032333314418792725,4096
neural_eb,neural_bidir_seed2_eb,fixed,192,2,3,0.030414387583732605,4096
neural_eb,neural_bidir_seed3_eb,fixed,192,2,3,0.029758960008621216,4096
neural_eb,neural_bidir_seed4_eb,fixed,192,2,3,0.030724404379725456,4096
dfe,none,fixed,256,2,3,0.03074474260210991,0
constant_mean_eb,none,fixed,256,2,3,0.02908720262348652,4096
summary_ridge_eb,none,fixed,256,2,3,0.02654796652495861,4096
neural_eb,neural_bidir_seed0_eb,fixed,256,2,3,0.02786707691848278,4096
neural_eb,neural_bidir_seed1_eb,fixed,256,2,3,0.028126338496804237,4096
neural_eb,neural_bidir_seed2_eb,fixed,256,2,3,0.0268431194126606,4096
neural_eb,neural_bidir_seed3_eb,fixed,256,2,3,0.0263713076710701,4096
neural_eb,neural_bidir_seed4_eb,fixed,256,2,3,0.027044139802455902,4096
summary_ridge_eb,none,pilot,3,2,3,0.04896204173564911,4096
neural_eb,neural_bidir_seed0_eb,pilot,3,2,3,0.06459628790616989,4096
neural_eb,neural_bidir_seed1_eb,pilot,3,2,3,0.06895071268081665,4096
neural_eb,neural_bidir_seed2_eb,pilot,3,2,3,0.05200678110122681,4096
neural_eb,neural_bidir_seed3_eb,pilot,3,2,3,0.048521094024181366,4096
neural_eb,neural_bidir_seed4_eb,pilot,3,2,3,0.054082728922367096,4096
constant_mean_prior,none,none,0,2,4,0.10400697588920593,4096
constant_median_prior,none,none,0,2,4,0.10257825255393982,4096
summary_ridge_prior,none,none,0,2,4,0.04996657744050026,4096
product_affine_prior,none,none,0,2,4,0.052436843514442444,4096
exact_marginal_affine_prior,none,none,0,2,4,0.05705159902572632,4096
neural_prior,neural_bidir_seed0_prior,none,0,2,4,0.06629054248332977,4096
neural_prior,neural_bidir_seed1_prior,none,0,2,4,0.07124801725149155,4096
neural_prior,neural_bidir_seed2_prior,none,0,2,4,0.05231618881225586,4096
neural_prior,neural_bidir_seed3_prior,none,0,2,4,0.04889989644289017,4096
neural_prior,neural_bidir_seed4_prior,none,0,2,4,0.054386548697948456,4096
neural_eb,neural_bidir_seed0_eb,fixed,4,2,4,0.06326968967914581,4096
neural_eb,neural_bidir_seed1_eb,fixed,4,2,4,0.0676494911313057,4096
neural_eb,neural_bidir_seed2_eb,fixed,4,2,4,0.051026493310928345,4096
neural_eb,neural_bidir_seed3_eb,fixed,4,2,4,0.048008374869823456,4096
neural_eb,neural_bidir_seed4_eb,fixed,4,2,4,0.05288134887814522,4096
constant_mean_eb,none,fixed,20,2,4,0.07604949176311493,4096
constant_mean_eb,none,fixed,24,2,4,0.07104380428791046,4096
summary_ridge_eb,none,fixed,24,2,4,0.048407334834337234,4096
neural_eb,neural_bidir_seed0_eb,fixed,24,2,4,0.05697767436504364,4096
neural_eb,neural_bidir_seed1_eb,fixed,24,2,4,0.05939558148384094,4096
neural_eb,neural_bidir_seed2_eb,fixed,24,2,4,0.04809272289276123,4096
neural_eb,neural_bidir_seed3_eb,fixed,24,2,4,0.045713700354099274,4096
neural_eb,neural_bidir_seed4_eb,fixed,24,2,4,0.04976704716682434,4096
constant_mean_eb,none,fixed,32,2,4,0.06730577349662781,4096
constant_mean_eb,none,fixed,36,2,4,0.06264505535364151,4096
neural_eb,neural_bidir_seed0_eb,fixed,36,2,4,0.05238238722085953,4096
neural_eb,neural_bidir_seed1_eb,fixed,36,2,4,0.054277874529361725,4096
neural_eb,neural_bidir_seed2_eb,fixed,36,2,4,0.04565251246094704,4096
neural_eb,neural_bidir_seed3_eb,fixed,36,2,4,0.043480291962623596,4096
neural_eb,neural_bidir_seed4_eb,fixed,36,2,4,0.046934232115745544,4096
dfe,none,fixed,40,2,4,0.0796159878373146,0
neural_eb,neural_bidir_seed0_eb,fixed,40,2,4,0.051044683903455734,4096
neural_eb,neural_bidir_seed1_eb,fixed,40,2,4,0.052967384457588196,4096
neural_eb,neural_bidir_seed2_eb,fixed,40,2,4,0.044148046523332596,4096
neural_eb,neural_bidir_seed3_eb,fixed,40,2,4,0.042110539972782135,4096
neural_eb,neural_bidir_seed4_eb,fixed,40,2,4,0.04529459774494171,4096
summary_ridge_eb,none,fixed,44,2,4,0.0439082607626915,4096
dfe,none,fixed,48,2,4,0.0718410313129425,0
constant_mean_eb,none,fixed,48,2,4,0.05730286240577698,4096
dfe,none,fixed,52,2,4,0.07008235156536102,0
neural_eb,neural_bidir_seed0_eb,fixed,52,2,4,0.048706863075494766,4096
neural_eb,neural_bidir_seed1_eb,fixed,52,2,4,0.050238512456417084,4096
neural_eb,neural_bidir_seed2_eb,fixed,52,2,4,0.04288056492805481,4096
neural_eb,neural_bidir_seed3_eb,fixed,52,2,4,0.04096345603466034,4096
neural_eb,neural_bidir_seed4_eb,fixed,52,2,4,0.04389252886176109,4096
dfe,none,fixed,60,2,4,0.06560486555099487,0
constant_mean_eb,none,fixed,60,2,4,0.053874775767326355,4096
constant_mean_eb,none,fixed,64,2,4,0.05272863060235977,4096
dfe,none,fixed,72,2,4,0.05930338054895401,0
constant_mean_eb,none,fixed,76,2,4,0.04969825595617294,4096
neural_eb,neural_bidir_seed0_eb,fixed,76,2,4,0.043274618685245514,4096
neural_eb,neural_bidir_seed1_eb,fixed,76,2,4,0.04451131448149681,4096
neural_eb,neural_bidir_seed2_eb,fixed,76,2,4,0.03850957751274109,4096
neural_eb,neural_bidir_seed3_eb,fixed,76,2,4,0.03706388920545578,4096
neural_eb,neural_bidir_seed4_eb,fixed,76,2,4,0.039681196212768555,4096
summary_ridge_eb,none,fixed,80,2,4,0.03834771364927292,4096
dfe,none,fixed,84,2,4,0.05547983944416046,0
dfe,none,fixed,92,2,4,0.05212845653295517,0
dfe,none,fixed,128,2,4,0.043924637138843536,0
constant_mean_eb,none,fixed,128,2,4,0.03938158601522446,4096
neural_eb,neural_bidir_seed0_eb,fixed,128,2,4,0.03621181100606918,4096
neural_eb,neural_bidir_seed1_eb,fixed,128,2,4,0.036941658705472946,4096
neural_eb,neural_bidir_seed2_eb,fixed,128,2,4,0.03366010636091232,4096
neural_eb,neural_bidir_seed3_eb,fixed,128,2,4,0.03267420828342438,4096
neural_eb,neural_bidir_seed4_eb,fixed,128,2,4,0.03413499519228935,4096
dfe,none,fixed,192,2,4,0.035339172929525375,0
constant_mean_eb,none,fixed,192,2,4,0.032979633659124374,4096
summary_ridge_eb,none,fixed,192,2,4,0.02988719940185547,4096
neural_eb,neural_bidir_seed0_eb,fixed,192,2,4,0.030885111540555954,4096
neural_eb,neural_bidir_seed1_eb,fixed,192,2,4,0.03135019168257713,4096
neural_eb,neural_bidir_seed2_eb,fixed,192,2,4,0.029219631105661392,4096
neural_eb,neural_bidir_seed3_eb,fixed,192,2,4,0.028732232749462128,4096
neural_eb,neural_bidir_seed4_eb,fixed,192,2,4,0.0297553651034832,4096
dfe,none,fixed,256,2,4,0.032323770225048065,0
constant_mean_eb,none,fixed,256,2,4,0.030541282147169113,4096
summary_ridge_eb,none,fixed,256,2,4,0.027362454682588577,4096
neural_eb,neural_bidir_seed0_eb,fixed,256,2,4,0.029071226716041565,4096
neural_eb,neural_bidir_seed1_eb,fixed,256,2,4,0.02940637618303299,4096
neural_eb,neural_bidir_seed2_eb,fixed,256,2,4,0.027568629011511803,4096
neural_eb,neural_bidir_seed3_eb,fixed,256,2,4,0.02703392133116722,4096
neural_eb,neural_bidir_seed4_eb,fixed,256,2,4,0.027801092714071274,4096
summary_ridge_eb,none,pilot,3,2,4,0.049280084669589996,4096
neural_eb,neural_bidir_seed0_eb,pilot,3,2,4,0.06410904973745346,4096
neural_eb,neural_bidir_seed1_eb,pilot,3,2,4,0.0685465931892395,4096
neural_eb,neural_bidir_seed2_eb,pilot,3,2,4,0.05145155265927315,4096
neural_eb,neural_bidir_seed3_eb,pilot,3,2,4,0.04822492226958275,4096
neural_eb,neural_bidir_seed4_eb,pilot,3,2,4,0.053392596542835236,4096
constant_mean_prior,none,none,0,3,0,0.10302561521530151,4096
constant_median_prior,none,none,0,3,0,0.10269739478826523,4096
summary_ridge_prior,none,none,0,3,0,0.053869083523750305,4096
product_affine_prior,none,none,0,3,0,0.05446955934166908,4096
exact_marginal_affine_prior,none,none,0,3,0,0.058624133467674255,4096
neural_prior,neural_bidir_seed0_prior,none,0,3,0,0.06716480106115341,4096
neural_prior,neural_bidir_seed1_prior,none,0,3,0,0.07190167158842087,4096
neural_prior,neural_bidir_seed2_prior,none,0,3,0,0.052677638828754425,4096
neural_prior,neural_bidir_seed3_prior,none,0,3,0,0.049477458000183105,4096
neural_prior,neural_bidir_seed4_prior,none,0,3,0,0.05548969656229019,4096
neural_eb,neural_bidir_seed0_eb,fixed,4,3,0,0.0649930089712143,4096
neural_eb,neural_bidir_seed1_eb,fixed,4,3,0,0.06916738301515579,4096
neural_eb,neural_bidir_seed2_eb,fixed,4,3,0,0.051667071878910065,4096
neural_eb,neural_bidir_seed3_eb,fixed,4,3,0,0.04857128858566284,4096
neural_eb,neural_bidir_seed4_eb,fixed,4,3,0,0.05415046215057373,4096
constant_mean_eb,none,fixed,20,3,0,0.07630333304405212,4096
constant_mean_eb,none,fixed,24,3,0,0.07004497200250626,4096
summary_ridge_eb,none,fixed,24,3,0,0.04998842626810074,4096
neural_eb,neural_bidir_seed0_eb,fixed,24,3,0,0.05721861869096756,4096
neural_eb,neural_bidir_seed1_eb,fixed,24,3,0,0.059617288410663605,4096
neural_eb,neural_bidir_seed2_eb,fixed,24,3,0,0.04833219572901726,4096
neural_eb,neural_bidir_seed3_eb,fixed,24,3,0,0.04616876691579819,4096
neural_eb,neural_bidir_seed4_eb,fixed,24,3,0,0.05015035718679428,4096
constant_mean_eb,none,fixed,32,3,0,0.06634631752967834,4096
constant_mean_eb,none,fixed,36,3,0,0.06265341490507126,4096
neural_eb,neural_bidir_seed0_eb,fixed,36,3,0,0.051785148680210114,4096
neural_eb,neural_bidir_seed1_eb,fixed,36,3,0,0.05405331030488014,4096
neural_eb,neural_bidir_seed2_eb,fixed,36,3,0,0.04501611366868019,4096
neural_eb,neural_bidir_seed3_eb,fixed,36,3,0,0.04320140928030014,4096
neural_eb,neural_bidir_seed4_eb,fixed,36,3,0,0.04714597761631012,4096
dfe,none,fixed,40,3,0,0.07983788847923279,0
neural_eb,neural_bidir_seed0_eb,fixed,40,3,0,0.05228409171104431,4096
neural_eb,neural_bidir_seed1_eb,fixed,40,3,0,0.05436142534017563,4096
neural_eb,neural_bidir_seed2_eb,fixed,40,3,0,0.044879358261823654,4096
neural_eb,neural_bidir_seed3_eb,fixed,40,3,0,0.04282764345407486,4096
neural_eb,neural_bidir_seed4_eb,fixed,40,3,0,0.04639459401369095,4096
summary_ridge_eb,none,fixed,44,3,0,0.04456983134150505,4096
dfe,none,fixed,48,3,0,0.07139817625284195,0
constant_mean_eb,none,fixed,48,3,0,0.05664661154150963,4096
dfe,none,fixed,52,3,0,0.06959632784128189,0
neural_eb,neural_bidir_seed0_eb,fixed,52,3,0,0.04883720725774765,4096
neural_eb,neural_bidir_seed1_eb,fixed,52,3,0,0.05031643435359001,4096
neural_eb,neural_bidir_seed2_eb,fixed,52,3,0,0.042771920561790466,4096
neural_eb,neural_bidir_seed3_eb,fixed,52,3,0,0.040992915630340576,4096
neural_eb,neural_bidir_seed4_eb,fixed,52,3,0,0.044104740023612976,4096
dfe,none,fixed,60,3,0,0.06448431313037872,0
constant_mean_eb,none,fixed,60,3,0,0.052819956094026566,4096
constant_mean_eb,none,fixed,64,3,0,0.05194272845983505,4096
dfe,none,fixed,72,3,0,0.058361757546663284,0
constant_mean_eb,none,fixed,76,3,0,0.049352824687957764,4096
neural_eb,neural_bidir_seed0_eb,fixed,76,3,0,0.04452552646398544,4096
neural_eb,neural_bidir_seed1_eb,fixed,76,3,0,0.0457652248442173,4096
neural_eb,neural_bidir_seed2_eb,fixed,76,3,0,0.039631135761737823,4096
neural_eb,neural_bidir_seed3_eb,fixed,76,3,0,0.03813527897000313,4096
neural_eb,neural_bidir_seed4_eb,fixed,76,3,0,0.04082466661930084,4096
summary_ridge_eb,none,fixed,80,3,0,0.04002605378627777,4096
dfe,none,fixed,84,3,0,0.05499675124883652,0
dfe,none,fixed,92,3,0,0.05170939490199089,0
dfe,none,fixed,128,3,0,0.04416155070066452,0
constant_mean_eb,none,fixed,128,3,0,0.03986666351556778,4096
neural_eb,neural_bidir_seed0_eb,fixed,128,3,0,0.0367937795817852,4096
neural_eb,neural_bidir_seed1_eb,fixed,128,3,0,0.03771868348121643,4096
neural_eb,neural_bidir_seed2_eb,fixed,128,3,0,0.03402222320437431,4096
neural_eb,neural_bidir_seed3_eb,fixed,128,3,0,0.03307056054472923,4096
neural_eb,neural_bidir_seed4_eb,fixed,128,3,0,0.034702278673648834,4096
dfe,none,fixed,192,3,0,0.03563925623893738,0
constant_mean_eb,none,fixed,192,3,0,0.033070795238018036,4096
summary_ridge_eb,none,fixed,192,3,0,0.0297336895018816,4096
neural_eb,neural_bidir_seed0_eb,fixed,192,3,0,0.031343307346105576,4096
neural_eb,neural_bidir_seed1_eb,fixed,192,3,0,0.031727083027362823,4096
neural_eb,neural_bidir_seed2_eb,fixed,192,3,0,0.029730480164289474,4096
neural_eb,neural_bidir_seed3_eb,fixed,192,3,0,0.029117334634065628,4096
neural_eb,neural_bidir_seed4_eb,fixed,192,3,0,0.03003186173737049,4096
dfe,none,fixed,256,3,0,0.03137150779366493,0
constant_mean_eb,none,fixed,256,3,0,0.02981555089354515,4096
summary_ridge_eb,none,fixed,256,3,0,0.027078162878751755,4096
neural_eb,neural_bidir_seed0_eb,fixed,256,3,0,0.028836799785494804,4096
neural_eb,neural_bidir_seed1_eb,fixed,256,3,0,0.02913096733391285,4096
neural_eb,neural_bidir_seed2_eb,fixed,256,3,0,0.027478918433189392,4096
neural_eb,neural_bidir_seed3_eb,fixed,256,3,0,0.02698291651904583,4096
neural_eb,neural_bidir_seed4_eb,fixed,256,3,0,0.027827955782413483,4096
summary_ridge_eb,none,pilot,3,3,0,0.05326692759990692,4096
neural_eb,neural_bidir_seed0_eb,pilot,3,3,0,0.06556382775306702,4096
neural_eb,neural_bidir_seed1_eb,pilot,3,3,0,0.07002802938222885,4096
neural_eb,neural_bidir_seed2_eb,pilot,3,3,0,0.05192653089761734,4096
neural_eb,neural_bidir_seed3_eb,pilot,3,3,0,0.04885028302669525,4096
neural_eb,neural_bidir_seed4_eb,pilot,3,3,0,0.054692454636096954,4096
constant_mean_prior,none,none,0,3,1,0.10565987229347229,4096
constant_median_prior,none,none,0,3,1,0.10448805242776871,4096
summary_ridge_prior,none,none,0,3,1,0.059153001755476,4096
product_affine_prior,none,none,0,3,1,0.05191861093044281,4096
exact_marginal_affine_prior,none,none,0,3,1,0.05668219178915024,4096
neural_prior,neural_bidir_seed0_prior,none,0,3,1,0.06466174125671387,4096
neural_prior,neural_bidir_seed1_prior,none,0,3,1,0.06871651113033295,4096
neural_prior,neural_bidir_seed2_prior,none,0,3,1,0.0516781322658062,4096
neural_prior,neural_bidir_seed3_prior,none,0,3,1,0.04822582006454468,4096
neural_prior,neural_bidir_seed4_prior,none,0,3,1,0.05340864509344101,4096
neural_eb,neural_bidir_seed0_eb,fixed,4,3,1,0.06320372223854065,4096
neural_eb,neural_bidir_seed1_eb,fixed,4,3,1,0.06697968393564224,4096
neural_eb,neural_bidir_seed2_eb,fixed,4,3,1,0.05099742114543915,4096
neural_eb,neural_bidir_seed3_eb,fixed,4,3,1,0.04768499359488487,4096
neural_eb,neural_bidir_seed4_eb,fixed,4,3,1,0.052692800760269165,4096
constant_mean_eb,none,fixed,20,3,1,0.07706000655889511,4096
constant_mean_eb,none,fixed,24,3,1,0.07185713201761246,4096
summary_ridge_eb,none,fixed,24,3,1,0.05720435082912445,4096
neural_eb,neural_bidir_seed0_eb,fixed,24,3,1,0.05721442028880119,4096
neural_eb,neural_bidir_seed1_eb,fixed,24,3,1,0.05960134044289589,4096
neural_eb,neural_bidir_seed2_eb,fixed,24,3,1,0.049032267183065414,4096
neural_eb,neural_bidir_seed3_eb,fixed,24,3,1,0.046483028680086136,4096
neural_eb,neural_bidir_seed4_eb,fixed,24,3,1,0.05016351491212845,4096
constant_mean_eb,none,fixed,32,3,1,0.06533067673444748,4096
constant_mean_eb,none,fixed,36,3,1,0.0625225305557251,4096
neural_eb,neural_bidir_seed0_eb,fixed,36,3,1,0.0516594760119915,4096
neural_eb,neural_bidir_seed1_eb,fixed,36,3,1,0.05379564315080643,4096
neural_eb,neural_bidir_seed2_eb,fixed,36,3,1,0.04527831822633743,4096
neural_eb,neural_bidir_seed3_eb,fixed,36,3,1,0.042963907122612,4096
neural_eb,neural_bidir_seed4_eb,fixed,36,3,1,0.046515755355358124,4096
dfe,none,fixed,40,3,1,0.08008511364459991,0
neural_eb,neural_bidir_seed0_eb,fixed,40,3,1,0.05100368708372116,4096
neural_eb,neural_bidir_seed1_eb,fixed,40,3,1,0.05306856334209442,4096
neural_eb,neural_bidir_seed2_eb,fixed,40,3,1,0.044898975640535355,4096
neural_eb,neural_bidir_seed3_eb,fixed,40,3,1,0.042676590383052826,4096
neural_eb,neural_bidir_seed4_eb,fixed,40,3,1,0.04612230509519577,4096
summary_ridge_eb,none,fixed,44,3,1,0.05273947864770889,4096
dfe,none,fixed,48,3,1,0.07261214405298233,0
constant_mean_eb,none,fixed,48,3,1,0.05770377442240715,4096
dfe,none,fixed,52,3,1,0.07020222395658493,0
neural_eb,neural_bidir_seed0_eb,fixed,52,3,1,0.04772888869047165,4096
neural_eb,neural_bidir_seed1_eb,fixed,52,3,1,0.04954390972852707,4096
neural_eb,neural_bidir_seed2_eb,fixed,52,3,1,0.04278695583343506,4096
neural_eb,neural_bidir_seed3_eb,fixed,52,3,1,0.040958791971206665,4096
neural_eb,neural_bidir_seed4_eb,fixed,52,3,1,0.0439327210187912,4096
dfe,none,fixed,60,3,1,0.06459344923496246,0
constant_mean_eb,none,fixed,60,3,1,0.05389995872974396,4096
constant_mean_eb,none,fixed,64,3,1,0.05064292624592781,4096
dfe,none,fixed,72,3,1,0.05830565467476845,0
constant_mean_eb,none,fixed,76,3,1,0.04915117472410202,4096
neural_eb,neural_bidir_seed0_eb,fixed,76,3,1,0.04322800785303116,4096
neural_eb,neural_bidir_seed1_eb,fixed,76,3,1,0.04477633535861969,4096
neural_eb,neural_bidir_seed2_eb,fixed,76,3,1,0.03945006802678108,4096
neural_eb,neural_bidir_seed3_eb,fixed,76,3,1,0.03780815377831459,4096
neural_eb,neural_bidir_seed4_eb,fixed,76,3,1,0.040530987083911896,4096
summary_ridge_eb,none,fixed,80,3,1,0.048496171832084656,4096
dfe,none,fixed,84,3,1,0.054948121309280396,0
dfe,none,fixed,92,3,1,0.05186806991696358,0
dfe,none,fixed,128,3,1,0.044427432119846344,0
constant_mean_eb,none,fixed,128,3,1,0.03981165587902069,4096
neural_eb,neural_bidir_seed0_eb,fixed,128,3,1,0.03676299750804901,4096
neural_eb,neural_bidir_seed1_eb,fixed,128,3,1,0.03770120441913605,4096
neural_eb,neural_bidir_seed2_eb,fixed,128,3,1,0.03457745909690857,4096
neural_eb,neural_bidir_seed3_eb,fixed,128,3,1,0.03339443355798721,4096
neural_eb,neural_bidir_seed4_eb,fixed,128,3,1,0.03523343801498413,4096
dfe,none,fixed,192,3,1,0.03626494109630585,0
constant_mean_eb,none,fixed,192,3,1,0.03332463279366493,4096
summary_ridge_eb,none,fixed,192,3,1,0.0391959547996521,4096
neural_eb,neural_bidir_seed0_eb,fixed,192,3,1,0.031224556267261505,4096
neural_eb,neural_bidir_seed1_eb,fixed,192,3,1,0.0318945050239563,4096
neural_eb,neural_bidir_seed2_eb,fixed,192,3,1,0.03020036220550537,4096
neural_eb,neural_bidir_seed3_eb,fixed,192,3,1,0.029388247057795525,4096
neural_eb,neural_bidir_seed4_eb,fixed,192,3,1,0.030911263078451157,4096
dfe,none,fixed,256,3,1,0.03174944967031479,0
constant_mean_eb,none,fixed,256,3,1,0.02991613745689392,4096
summary_ridge_eb,none,fixed,256,3,1,0.035791996866464615,4096
neural_eb,neural_bidir_seed0_eb,fixed,256,3,1,0.028509076684713364,4096
neural_eb,neural_bidir_seed1_eb,fixed,256,3,1,0.029021594673395157,4096
neural_eb,neural_bidir_seed2_eb,fixed,256,3,1,0.02756335213780403,4096
neural_eb,neural_bidir_seed3_eb,fixed,256,3,1,0.026830291375517845,4096
neural_eb,neural_bidir_seed4_eb,fixed,256,3,1,0.027911391109228134,4096
summary_ridge_eb,none,pilot,3,3,1,0.05880303680896759,4096
neural_eb,neural_bidir_seed0_eb,pilot,3,3,1,0.06326253712177277,4096
neural_eb,neural_bidir_seed1_eb,pilot,3,3,1,0.06699546426534653,4096
neural_eb,neural_bidir_seed2_eb,pilot,3,3,1,0.050883375108242035,4096
neural_eb,neural_bidir_seed3_eb,pilot,3,3,1,0.04762391373515129,4096
neural_eb,neural_bidir_seed4_eb,pilot,3,3,1,0.052660442888736725,4096
constant_mean_prior,none,none,0,3,2,0.10297688841819763,4096
constant_median_prior,none,none,0,3,2,0.1030789315700531,4096
summary_ridge_prior,none,none,0,3,2,0.05055660009384155,4096
product_affine_prior,none,none,0,3,2,0.053629450500011444,4096
exact_marginal_affine_prior,none,none,0,3,2,0.05792505294084549,4096
neural_prior,neural_bidir_seed0_prior,none,0,3,2,0.06752568483352661,4096
neural_prior,neural_bidir_seed1_prior,none,0,3,2,0.07266446948051453,4096
neural_prior,neural_bidir_seed2_prior,none,0,3,2,0.05303707718849182,4096
neural_prior,neural_bidir_seed3_prior,none,0,3,2,0.04954718425869942,4096
neural_prior,neural_bidir_seed4_prior,none,0,3,2,0.05586729943752289,4096
neural_eb,neural_bidir_seed0_eb,fixed,4,3,2,0.0656796544790268,4096
neural_eb,neural_bidir_seed1_eb,fixed,4,3,2,0.07032719254493713,4096
neural_eb,neural_bidir_seed2_eb,fixed,4,3,2,0.05215403810143471,4096
neural_eb,neural_bidir_seed3_eb,fixed,4,3,2,0.04883448779582977,4096
neural_eb,neural_bidir_seed4_eb,fixed,4,3,2,0.05504726618528366,4096
constant_mean_eb,none,fixed,20,3,2,0.07598229497671127,4096
constant_mean_eb,none,fixed,24,3,2,0.07032927870750427,4096
summary_ridge_eb,none,fixed,24,3,2,0.04828602820634842,4096
neural_eb,neural_bidir_seed0_eb,fixed,24,3,2,0.05765027552843094,4096
neural_eb,neural_bidir_seed1_eb,fixed,24,3,2,0.06015406548976898,4096
neural_eb,neural_bidir_seed2_eb,fixed,24,3,2,0.0494476854801178,4096
neural_eb,neural_bidir_seed3_eb,fixed,24,3,2,0.04696344584226608,4096
neural_eb,neural_bidir_seed4_eb,fixed,24,3,2,0.05161750316619873,4096
constant_mean_eb,none,fixed,32,3,2,0.06427459418773651,4096
constant_mean_eb,none,fixed,36,3,2,0.06271393597126007,4096
neural_eb,neural_bidir_seed0_eb,fixed,36,3,2,0.05244402587413788,4096
neural_eb,neural_bidir_seed1_eb,fixed,36,3,2,0.05434758961200714,4096
neural_eb,neural_bidir_seed2_eb,fixed,36,3,2,0.045865774154663086,4096
neural_eb,neural_bidir_seed3_eb,fixed,36,3,2,0.043643515557050705,4096
neural_eb,neural_bidir_seed4_eb,fixed,36,3,2,0.04747793450951576,4096
dfe,none,fixed,40,3,2,0.07954196631908417,0
neural_eb,neural_bidir_seed0_eb,fixed,40,3,2,0.051092758774757385,4096
neural_eb,neural_bidir_seed1_eb,fixed,40,3,2,0.05303988233208656,4096
neural_eb,neural_bidir_seed2_eb,fixed,40,3,2,0.04471525922417641,4096
neural_eb,neural_bidir_seed3_eb,fixed,40,3,2,0.04276404529809952,4096
neural_eb,neural_bidir_seed4_eb,fixed,40,3,2,0.04627660661935806,4096
summary_ridge_eb,none,fixed,44,3,2,0.04401841387152672,4096
dfe,none,fixed,48,3,2,0.07330553978681564,0
constant_mean_eb,none,fixed,48,3,2,0.05766443908214569,4096
dfe,none,fixed,52,3,2,0.0701712891459465,0
neural_eb,neural_bidir_seed0_eb,fixed,52,3,2,0.047811947762966156,4096
neural_eb,neural_bidir_seed1_eb,fixed,52,3,2,0.04934174567461014,4096
neural_eb,neural_bidir_seed2_eb,fixed,52,3,2,0.04217136651277542,4096
neural_eb,neural_bidir_seed3_eb,fixed,52,3,2,0.040373221039772034,4096
neural_eb,neural_bidir_seed4_eb,fixed,52,3,2,0.04352188855409622,4096
dfe,none,fixed,60,3,2,0.0652085393667221,0
constant_mean_eb,none,fixed,60,3,2,0.05311241373419762,4096
constant_mean_eb,none,fixed,64,3,2,0.05309894680976868,4096
dfe,none,fixed,72,3,2,0.060020722448825836,0
constant_mean_eb,none,fixed,76,3,2,0.04787773638963699,4096
neural_eb,neural_bidir_seed0_eb,fixed,76,3,2,0.042803917080163956,4096
neural_eb,neural_bidir_seed1_eb,fixed,76,3,2,0.04378268122673035,4096
neural_eb,neural_bidir_seed2_eb,fixed,76,3,2,0.03871487081050873,4096
neural_eb,neural_bidir_seed3_eb,fixed,76,3,2,0.03739214688539505,4096
neural_eb,neural_bidir_seed4_eb,fixed,76,3,2,0.03974774479866028,4096
summary_ridge_eb,none,fixed,80,3,2,0.038721635937690735,4096
dfe,none,fixed,84,3,2,0.055040519684553146,0
dfe,none,fixed,92,3,2,0.053134627640247345,0
dfe,none,fixed,128,3,2,0.04436030238866806,0
constant_mean_eb,none,fixed,128,3,2,0.039672113955020905,4096
neural_eb,neural_bidir_seed0_eb,fixed,128,3,2,0.036195144057273865,4096
neural_eb,neural_bidir_seed1_eb,fixed,128,3,2,0.03692810982465744,4096
neural_eb,neural_bidir_seed2_eb,fixed,128,3,2,0.033547546714544296,4096
neural_eb,neural_bidir_seed3_eb,fixed,128,3,2,0.03252271190285683,4096
neural_eb,neural_bidir_seed4_eb,fixed,128,3,2,0.034245483577251434,4096
dfe,none,fixed,192,3,2,0.035702671855688095,0
constant_mean_eb,none,fixed,192,3,2,0.03294799476861954,4096
summary_ridge_eb,none,fixed,192,3,2,0.03001333773136139,4096
neural_eb,neural_bidir_seed0_eb,fixed,192,3,2,0.031108319759368896,4096
neural_eb,neural_bidir_seed1_eb,fixed,192,3,2,0.031476348638534546,4096
neural_eb,neural_bidir_seed2_eb,fixed,192,3,2,0.029594723135232925,4096
neural_eb,neural_bidir_seed3_eb,fixed,192,3,2,0.029029197990894318,4096
neural_eb,neural_bidir_seed4_eb,fixed,192,3,2,0.02996182069182396,4096
dfe,none,fixed,256,3,2,0.030911367386579514,0
constant_mean_eb,none,fixed,256,3,2,0.029079733416438103,4096
summary_ridge_eb,none,fixed,256,3,2,0.026932206004858017,4096
neural_eb,neural_bidir_seed0_eb,fixed,256,3,2,0.027674704790115356,4096
neural_eb,neural_bidir_seed1_eb,fixed,256,3,2,0.027991995215415955,4096
neural_eb,neural_bidir_seed2_eb,fixed,256,3,2,0.02650061622262001,4096
neural_eb,neural_bidir_seed3_eb,fixed,256,3,2,0.026050755754113197,4096
neural_eb,neural_bidir_seed4_eb,fixed,256,3,2,0.026867687702178955,4096
summary_ridge_eb,none,pilot,3,3,2,0.0498618483543396,4096
neural_eb,neural_bidir_seed0_eb,pilot,3,3,2,0.0655892938375473,4096
neural_eb,neural_bidir_seed1_eb,pilot,3,3,2,0.07040175795555115,4096
neural_eb,neural_bidir_seed2_eb,pilot,3,3,2,0.05219927430152893,4096
neural_eb,neural_bidir_seed3_eb,pilot,3,3,2,0.04886075109243393,4096
neural_eb,neural_bidir_seed4_eb,pilot,3,3,2,0.054892610758543015,4096
constant_mean_prior,none,none,0,3,3,0.10627567768096924,4096
constant_median_prior,none,none,0,3,3,0.10456450283527374,4096
summary_ridge_prior,none,none,0,3,3,0.05534786731004715,4096
product_affine_prior,none,none,0,3,3,0.05521776154637337,4096
exact_marginal_affine_prior,none,none,0,3,3,0.059704624116420746,4096
neural_prior,neural_bidir_seed0_prior,none,0,3,3,0.0652461051940918,4096
neural_prior,neural_bidir_seed1_prior,none,0,3,3,0.06978875398635864,4096
neural_prior,neural_bidir_seed2_prior,none,0,3,3,0.05380616337060928,4096
neural_prior,neural_bidir_seed3_prior,none,0,3,3,0.05045709386467934,4096
neural_prior,neural_bidir_seed4_prior,none,0,3,3,0.056168198585510254,4096
neural_eb,neural_bidir_seed0_eb,fixed,4,3,3,0.06331636756658554,4096
neural_eb,neural_bidir_seed1_eb,fixed,4,3,3,0.06741641461849213,4096
neural_eb,neural_bidir_seed2_eb,fixed,4,3,3,0.05277781933546066,4096
neural_eb,neural_bidir_seed3_eb,fixed,4,3,3,0.04965587705373764,4096
neural_eb,neural_bidir_seed4_eb,fixed,4,3,3,0.05498751997947693,4096
constant_mean_eb,none,fixed,20,3,3,0.07771243155002594,4096
constant_mean_eb,none,fixed,24,3,3,0.07475915551185608,4096
summary_ridge_eb,none,fixed,24,3,3,0.05236738175153732,4096
neural_eb,neural_bidir_seed0_eb,fixed,24,3,3,0.05864471197128296,4096
neural_eb,neural_bidir_seed1_eb,fixed,24,3,3,0.06123654171824455,4096
neural_eb,neural_bidir_seed2_eb,fixed,24,3,3,0.05165578052401543,4096
neural_eb,neural_bidir_seed3_eb,fixed,24,3,3,0.04924632981419563,4096
neural_eb,neural_bidir_seed4_eb,fixed,24,3,3,0.05325201153755188,4096
constant_mean_eb,none,fixed,32,3,3,0.0664205253124237,4096
constant_mean_eb,none,fixed,36,3,3,0.0635720044374466,4096
neural_eb,neural_bidir_seed0_eb,fixed,36,3,3,0.0525447353720665,4096
neural_eb,neural_bidir_seed1_eb,fixed,36,3,3,0.054589785635471344,4096
neural_eb,neural_bidir_seed2_eb,fixed,36,3,3,0.04679550230503082,4096
neural_eb,neural_bidir_seed3_eb,fixed,36,3,3,0.04475420340895653,4096
neural_eb,neural_bidir_seed4_eb,fixed,36,3,3,0.0480135902762413,4096
dfe,none,fixed,40,3,3,0.0799691379070282,0
neural_eb,neural_bidir_seed0_eb,fixed,40,3,3,0.0513019934296608,4096
neural_eb,neural_bidir_seed1_eb,fixed,40,3,3,0.05324831232428551,4096
neural_eb,neural_bidir_seed2_eb,fixed,40,3,3,0.045703817158937454,4096
neural_eb,neural_bidir_seed3_eb,fixed,40,3,3,0.043759897351264954,4096
neural_eb,neural_bidir_seed4_eb,fixed,40,3,3,0.04700871556997299,4096
summary_ridge_eb,none,fixed,44,3,3,0.04569414258003235,4096
dfe,none,fixed,48,3,3,0.07191379368305206,0
constant_mean_eb,none,fixed,48,3,3,0.057733204215765,4096
dfe,none,fixed,52,3,3,0.07017459720373154,0
neural_eb,neural_bidir_seed0_eb,fixed,52,3,3,0.047570474445819855,4096
neural_eb,neural_bidir_seed1_eb,fixed,52,3,3,0.04908464848995209,4096
neural_eb,neural_bidir_seed2_eb,fixed,52,3,3,0.042968831956386566,4096
neural_eb,neural_bidir_seed3_eb,fixed,52,3,3,0.04134681075811386,4096
neural_eb,neural_bidir_seed4_eb,fixed,52,3,3,0.04385276138782501,4096
dfe,none,fixed,60,3,3,0.06394311040639877,0
constant_mean_eb,none,fixed,60,3,3,0.05283105745911598,4096
constant_mean_eb,none,fixed,64,3,3,0.051564592868089676,4096
dfe,none,fixed,72,3,3,0.059578269720077515,0
constant_mean_eb,none,fixed,76,3,3,0.048580825328826904,4096
neural_eb,neural_bidir_seed0_eb,fixed,76,3,3,0.04299711436033249,4096
neural_eb,neural_bidir_seed1_eb,fixed,76,3,3,0.044144079089164734,4096
neural_eb,neural_bidir_seed2_eb,fixed,76,3,3,0.03955619037151337,4096
neural_eb,neural_bidir_seed3_eb,fixed,76,3,3,0.03822515904903412,4096
neural_eb,neural_bidir_seed4_eb,fixed,76,3,3,0.04019795358181,4096
summary_ridge_eb,none,fixed,80,3,3,0.03946399688720703,4096
dfe,none,fixed,84,3,3,0.054089732468128204,0
dfe,none,fixed,92,3,3,0.051568929105997086,0
dfe,none,fixed,128,3,3,0.04535185545682907,0
constant_mean_eb,none,fixed,128,3,3,0.04024161398410797,4096
neural_eb,neural_bidir_seed0_eb,fixed,128,3,3,0.036756012588739395,4096
neural_eb,neural_bidir_seed1_eb,fixed,128,3,3,0.037511177361011505,4096
neural_eb,neural_bidir_seed2_eb,fixed,128,3,3,0.03438291326165199,4096
neural_eb,neural_bidir_seed3_eb,fixed,128,3,3,0.03345624729990959,4096
neural_eb,neural_bidir_seed4_eb,fixed,128,3,3,0.03489316999912262,4096
dfe,none,fixed,192,3,3,0.03643292188644409,0
constant_mean_eb,none,fixed,192,3,3,0.0341242179274559,4096
summary_ridge_eb,none,fixed,192,3,3,0.030965551733970642,4096
neural_eb,neural_bidir_seed0_eb,fixed,192,3,3,0.031779903918504715,4096
neural_eb,neural_bidir_seed1_eb,fixed,192,3,3,0.03222082555294037,4096
neural_eb,neural_bidir_seed2_eb,fixed,192,3,3,0.030268969014286995,4096
neural_eb,neural_bidir_seed3_eb,fixed,192,3,3,0.029715321958065033,4096
neural_eb,neural_bidir_seed4_eb,fixed,192,3,3,0.030570652335882187,4096
dfe,none,fixed,256,3,3,0.031048612669110298,0
constant_mean_eb,none,fixed,256,3,3,0.029260560870170593,4096
summary_ridge_eb,none,fixed,256,3,3,0.026849303394556046,4096
neural_eb,neural_bidir_seed0_eb,fixed,256,3,3,0.027860920876264572,4096
neural_eb,neural_bidir_seed1_eb,fixed,256,3,3,0.028152836486697197,4096
neural_eb,neural_bidir_seed2_eb,fixed,256,3,3,0.026756437495350838,4096
neural_eb,neural_bidir_seed3_eb,fixed,256,3,3,0.026337774470448494,4096
neural_eb,neural_bidir_seed4_eb,fixed,256,3,3,0.02699756622314453,4096
summary_ridge_eb,none,pilot,3,3,3,0.054265812039375305,4096
neural_eb,neural_bidir_seed0_eb,pilot,3,3,3,0.06379981338977814,4096
neural_eb,neural_bidir_seed1_eb,pilot,3,3,3,0.06803713738918304,4096
neural_eb,neural_bidir_seed2_eb,pilot,3,3,3,0.052946001291275024,4096
neural_eb,neural_bidir_seed3_eb,pilot,3,3,3,0.04973652958869934,4096
neural_eb,neural_bidir_seed4_eb,pilot,3,3,3,0.05531834810972214,4096
constant_mean_prior,none,none,0,3,4,0.10558199882507324,4096
constant_median_prior,none,none,0,3,4,0.10619334131479263,4096
summary_ridge_prior,none,none,0,3,4,0.04569206386804581,4096
product_affine_prior,none,none,0,3,4,0.05070248618721962,4096
exact_marginal_affine_prior,none,none,0,3,4,0.05565313622355461,4096
neural_prior,neural_bidir_seed0_prior,none,0,3,4,0.06412367522716522,4096
neural_prior,neural_bidir_seed1_prior,none,0,3,4,0.06879593431949615,4096
neural_prior,neural_bidir_seed2_prior,none,0,3,4,0.0513218492269516,4096
neural_prior,neural_bidir_seed3_prior,none,0,3,4,0.04780575633049011,4096
neural_prior,neural_bidir_seed4_prior,none,0,3,4,0.05338387191295624,4096
neural_eb,neural_bidir_seed0_eb,fixed,4,3,4,0.06172804534435272,4096
neural_eb,neural_bidir_seed1_eb,fixed,4,3,4,0.06553998589515686,4096
neural_eb,neural_bidir_seed2_eb,fixed,4,3,4,0.050257809460163116,4096
neural_eb,neural_bidir_seed3_eb,fixed,4,3,4,0.04721418023109436,4096
neural_eb,neural_bidir_seed4_eb,fixed,4,3,4,0.05224453657865524,4096
constant_mean_eb,none,fixed,20,3,4,0.07709949463605881,4096
constant_mean_eb,none,fixed,24,3,4,0.0718267634510994,4096
summary_ridge_eb,none,fixed,24,3,4,0.04899231716990471,4096
neural_eb,neural_bidir_seed0_eb,fixed,24,3,4,0.059193409979343414,4096
neural_eb,neural_bidir_seed1_eb,fixed,24,3,4,0.0614781528711319,4096
neural_eb,neural_bidir_seed2_eb,fixed,24,3,4,0.05197647958993912,4096
neural_eb,neural_bidir_seed3_eb,fixed,24,3,4,0.04942499101161957,4096
neural_eb,neural_bidir_seed4_eb,fixed,24,3,4,0.05338510498404503,4096
constant_mean_eb,none,fixed,32,3,4,0.06666158139705658,4096
constant_mean_eb,none,fixed,36,3,4,0.0634276270866394,4096
neural_eb,neural_bidir_seed0_eb,fixed,36,3,4,0.052942581474781036,4096
neural_eb,neural_bidir_seed1_eb,fixed,36,3,4,0.05509943515062332,4096
neural_eb,neural_bidir_seed2_eb,fixed,36,3,4,0.047291845083236694,4096
neural_eb,neural_bidir_seed3_eb,fixed,36,3,4,0.04515879601240158,4096
neural_eb,neural_bidir_seed4_eb,fixed,36,3,4,0.048764996230602264,4096
dfe,none,fixed,40,3,4,0.07864934951066971,0
neural_eb,neural_bidir_seed0_eb,fixed,40,3,4,0.052004218101501465,4096
neural_eb,neural_bidir_seed1_eb,fixed,40,3,4,0.05368997901678085,4096
neural_eb,neural_bidir_seed2_eb,fixed,40,3,4,0.046863049268722534,4096
neural_eb,neural_bidir_seed3_eb,fixed,40,3,4,0.04466112703084946,4096
neural_eb,neural_bidir_seed4_eb,fixed,40,3,4,0.048032693564891815,4096
summary_ridge_eb,none,fixed,44,3,4,0.04438018798828125,4096
dfe,none,fixed,48,3,4,0.07263439893722534,0
constant_mean_eb,none,fixed,48,3,4,0.05865074321627617,4096
dfe,none,fixed,52,3,4,0.06919793039560318,0
neural_eb,neural_bidir_seed0_eb,fixed,52,3,4,0.04885854572057724,4096
neural_eb,neural_bidir_seed1_eb,fixed,52,3,4,0.05022010952234268,4096
neural_eb,neural_bidir_seed2_eb,fixed,52,3,4,0.04418843239545822,4096
neural_eb,neural_bidir_seed3_eb,fixed,52,3,4,0.04233388602733612,4096
neural_eb,neural_bidir_seed4_eb,fixed,52,3,4,0.04514338821172714,4096
dfe,none,fixed,60,3,4,0.06612388789653778,0
constant_mean_eb,none,fixed,60,3,4,0.053719304502010345,4096
constant_mean_eb,none,fixed,64,3,4,0.05203709751367569,4096
dfe,none,fixed,72,3,4,0.05891530215740204,0
constant_mean_eb,none,fixed,76,3,4,0.049792420119047165,4096
neural_eb,neural_bidir_seed0_eb,fixed,76,3,4,0.044980354607105255,4096
neural_eb,neural_bidir_seed1_eb,fixed,76,3,4,0.04601104557514191,4096
neural_eb,neural_bidir_seed2_eb,fixed,76,3,4,0.04156336933374405,4096
neural_eb,neural_bidir_seed3_eb,fixed,76,3,4,0.04005807638168335,4096
neural_eb,neural_bidir_seed4_eb,fixed,76,3,4,0.04243893548846245,4096
summary_ridge_eb,none,fixed,80,3,4,0.03830089792609215,4096
dfe,none,fixed,84,3,4,0.05456070229411125,0
dfe,none,fixed,92,3,4,0.05187210440635681,0
dfe,none,fixed,128,3,4,0.0449993833899498,0
constant_mean_eb,none,fixed,128,3,4,0.04054931178689003,4096
neural_eb,neural_bidir_seed0_eb,fixed,128,3,4,0.037826284766197205,4096
neural_eb,neural_bidir_seed1_eb,fixed,128,3,4,0.038382742553949356,4096
neural_eb,neural_bidir_seed2_eb,fixed,128,3,4,0.03576774150133133,4096
neural_eb,neural_bidir_seed3_eb,fixed,128,3,4,0.03487895429134369,4096
neural_eb,neural_bidir_seed4_eb,fixed,128,3,4,0.03619958460330963,4096
dfe,none,fixed,192,3,4,0.03641405701637268,0
constant_mean_eb,none,fixed,192,3,4,0.034194216132164,4096
summary_ridge_eb,none,fixed,192,3,4,0.03020196035504341,4096
neural_eb,neural_bidir_seed0_eb,fixed,192,3,4,0.032354243099689484,4096
neural_eb,neural_bidir_seed1_eb,fixed,192,3,4,0.03271566703915596,4096
neural_eb,neural_bidir_seed2_eb,fixed,192,3,4,0.031065016984939575,4096
neural_eb,neural_bidir_seed3_eb,fixed,192,3,4,0.030508797615766525,4096
neural_eb,neural_bidir_seed4_eb,fixed,192,3,4,0.031403686851263046,4096
dfe,none,fixed,256,3,4,0.03143343701958656,0
constant_mean_eb,none,fixed,256,3,4,0.029754403978586197,4096
summary_ridge_eb,none,fixed,256,3,4,0.02701922319829464,4096
neural_eb,neural_bidir_seed0_eb,fixed,256,3,4,0.028536107391119003,4096
neural_eb,neural_bidir_seed1_eb,fixed,256,3,4,0.02879105694591999,4096
neural_eb,neural_bidir_seed2_eb,fixed,256,3,4,0.027566179633140564,4096
neural_eb,neural_bidir_seed3_eb,fixed,256,3,4,0.02709249220788479,4096
neural_eb,neural_bidir_seed4_eb,fixed,256,3,4,0.02775304764509201,4096
summary_ridge_eb,none,pilot,3,3,4,0.045588068664073944,4096
neural_eb,neural_bidir_seed0_eb,pilot,3,3,4,0.061924681067466736,4096
neural_eb,neural_bidir_seed1_eb,pilot,3,3,4,0.06615550816059113,4096
neural_eb,neural_bidir_seed2_eb,pilot,3,3,4,0.05039956420660019,4096
neural_eb,neural_bidir_seed3_eb,pilot,3,3,4,0.04728120192885399,4096
neural_eb,neural_bidir_seed4_eb,pilot,3,3,4,0.05238022282719612,4096
constant_mean_prior,none,none,0,4,0,0.1030484065413475,4096
constant_median_prior,none,none,0,4,0,0.10280440747737885,4096
summary_ridge_prior,none,none,0,4,0,0.049588121473789215,4096
product_affine_prior,none,none,0,4,0,0.05344955623149872,4096
exact_marginal_affine_prior,none,none,0,4,0,0.057619884610176086,4096
neural_prior,neural_bidir_seed0_prior,none,0,4,0,0.06546628475189209,4096
neural_prior,neural_bidir_seed1_prior,none,0,4,0,0.06853732466697693,4096
neural_prior,neural_bidir_seed2_prior,none,0,4,0,0.05237051844596863,4096
neural_prior,neural_bidir_seed3_prior,none,0,4,0,0.04906724765896797,4096
neural_prior,neural_bidir_seed4_prior,none,0,4,0,0.053720809519290924,4096
neural_eb,neural_bidir_seed0_eb,fixed,4,4,0,0.06455086171627045,4096
neural_eb,neural_bidir_seed1_eb,fixed,4,4,0,0.06723073124885559,4096
neural_eb,neural_bidir_seed2_eb,fixed,4,4,0,0.05195002257823944,4096
neural_eb,neural_bidir_seed3_eb,fixed,4,4,0,0.04868634045124054,4096
neural_eb,neural_bidir_seed4_eb,fixed,4,4,0,0.05315369740128517,4096
constant_mean_eb,none,fixed,20,4,0,0.07625424861907959,4096
constant_mean_eb,none,fixed,24,4,0,0.0708099752664566,4096
summary_ridge_eb,none,fixed,24,4,0,0.05000211298465729,4096
neural_eb,neural_bidir_seed0_eb,fixed,24,4,0,0.060004185885190964,4096
neural_eb,neural_bidir_seed1_eb,fixed,24,4,0,0.06085311621427536,4096
neural_eb,neural_bidir_seed2_eb,fixed,24,4,0,0.0508195161819458,4096
neural_eb,neural_bidir_seed3_eb,fixed,24,4,0,0.04790112376213074,4096
neural_eb,neural_bidir_seed4_eb,fixed,24,4,0,0.051470182836055756,4096
constant_mean_eb,none,fixed,32,4,0,0.06578943878412247,4096
constant_mean_eb,none,fixed,36,4,0,0.06247372180223465,4096
neural_eb,neural_bidir_seed0_eb,fixed,36,4,0,0.05637402459979057,4096
neural_eb,neural_bidir_seed1_eb,fixed,36,4,0,0.056647270917892456,4096
neural_eb,neural_bidir_seed2_eb,fixed,36,4,0,0.04843147471547127,4096
neural_eb,neural_bidir_seed3_eb,fixed,36,4,0,0.04574309661984444,4096
neural_eb,neural_bidir_seed4_eb,fixed,36,4,0,0.048784345388412476,4096
dfe,none,fixed,40,4,0,0.07971708476543427,0
neural_eb,neural_bidir_seed0_eb,fixed,40,4,0,0.05572795122861862,4096
neural_eb,neural_bidir_seed1_eb,fixed,40,4,0,0.0556129515171051,4096
neural_eb,neural_bidir_seed2_eb,fixed,40,4,0,0.04797391593456268,4096
neural_eb,neural_bidir_seed3_eb,fixed,40,4,0,0.04518980532884598,4096
neural_eb,neural_bidir_seed4_eb,fixed,40,4,0,0.048092231154441833,4096
summary_ridge_eb,none,fixed,44,4,0,0.0447978600859642,4096
dfe,none,fixed,48,4,0,0.07181296497583389,0
constant_mean_eb,none,fixed,48,4,0,0.05692156404256821,4096
dfe,none,fixed,52,4,0,0.06992964446544647,0
neural_eb,neural_bidir_seed0_eb,fixed,52,4,0,0.052792832255363464,4096
neural_eb,neural_bidir_seed1_eb,fixed,52,4,0,0.05236529931426048,4096
neural_eb,neural_bidir_seed2_eb,fixed,52,4,0,0.04638401418924332,4096
neural_eb,neural_bidir_seed3_eb,fixed,52,4,0,0.04384972155094147,4096
neural_eb,neural_bidir_seed4_eb,fixed,52,4,0,0.04623357206583023,4096
dfe,none,fixed,60,4,0,0.06505144387483597,0
constant_mean_eb,none,fixed,60,4,0,0.053238172084093094,4096
constant_mean_eb,none,fixed,64,4,0,0.05238298326730728,4096
dfe,none,fixed,72,4,0,0.05992095172405243,0
constant_mean_eb,none,fixed,76,4,0,0.048572707921266556,4096
neural_eb,neural_bidir_seed0_eb,fixed,76,4,0,0.04780217632651329,4096
neural_eb,neural_bidir_seed1_eb,fixed,76,4,0,0.04663386195898056,4096
neural_eb,neural_bidir_seed2_eb,fixed,76,4,0,0.0433797761797905,4096
neural_eb,neural_bidir_seed3_eb,fixed,76,4,0,0.04102626442909241,4096
neural_eb,neural_bidir_seed4_eb,fixed,76,4,0,0.04253837466239929,4096
summary_ridge_eb,none,fixed,80,4,0,0.03906678780913353,4096
dfe,none,fixed,84,4,0,0.05497125908732414,0
dfe,none,fixed,92,4,0,0.0516982264816761,0
dfe,none,fixed,128,4,0,0.04446674883365631,0
constant_mean_eb,none,fixed,128,4,0,0.04022561013698578,4096
neural_eb,neural_bidir_seed0_eb,fixed,128,4,0,0.042206957936286926,4096
neural_eb,neural_bidir_seed1_eb,fixed,128,4,0,0.04057665914297104,4096
neural_eb,neural_bidir_seed2_eb,fixed,128,4,0,0.03947995603084564,4096
neural_eb,neural_bidir_seed3_eb,fixed,128,4,0,0.03742611035704613,4096
neural_eb,neural_bidir_seed4_eb,fixed,128,4,0,0.038154397159814835,4096
dfe,none,fixed,192,4,0,0.035959724336862564,0
constant_mean_eb,none,fixed,192,4,0,0.03298838809132576,4096
summary_ridge_eb,none,fixed,192,4,0,0.030062999576330185,4096
neural_eb,neural_bidir_seed0_eb,fixed,192,4,0,0.03563075512647629,4096
neural_eb,neural_bidir_seed1_eb,fixed,192,4,0,0.03383617475628853,4096
neural_eb,neural_bidir_seed2_eb,fixed,192,4,0,0.035123471170663834,4096
neural_eb,neural_bidir_seed3_eb,fixed,192,4,0,0.03347287327051163,4096
neural_eb,neural_bidir_seed4_eb,fixed,192,4,0,0.03332509100437164,4096
dfe,none,fixed,256,4,0,0.031765833497047424,0
constant_mean_eb,none,fixed,256,4,0,0.029887031763792038,4096
summary_ridge_eb,none,fixed,256,4,0,0.027704237028956413,4096
neural_eb,neural_bidir_seed0_eb,fixed,256,4,0,0.032061509788036346,4096
neural_eb,neural_bidir_seed1_eb,fixed,256,4,0,0.030490003526210785,4096
neural_eb,neural_bidir_seed2_eb,fixed,256,4,0,0.03232908993959427,4096
neural_eb,neural_bidir_seed3_eb,fixed,256,4,0,0.03080851212143898,4096
neural_eb,neural_bidir_seed4_eb,fixed,256,4,0,0.03037012182176113,4096
summary_ridge_eb,none,pilot,3,4,0,0.048895735293626785,4096
neural_eb,neural_bidir_seed0_eb,pilot,3,4,0,0.0647238940000534,4096
neural_eb,neural_bidir_seed1_eb,pilot,3,4,0,0.06751725822687149,4096
neural_eb,neural_bidir_seed2_eb,pilot,3,4,0,0.05202822387218475,4096
neural_eb,neural_bidir_seed3_eb,pilot,3,4,0,0.04876869171857834,4096
neural_eb,neural_bidir_seed4_eb,pilot,3,4,0,0.05329076573252678,4096
constant_mean_prior,none,none,0,4,1,0.10284516960382462,4096
constant_median_prior,none,none,0,4,1,0.10389787703752518,4096
summary_ridge_prior,none,none,0,4,1,0.053174037486314774,4096
product_affine_prior,none,none,0,4,1,0.05490727722644806,4096
exact_marginal_affine_prior,none,none,0,4,1,0.05901966243982315,4096
neural_prior,neural_bidir_seed0_prior,none,0,4,1,0.06833933293819427,4096
neural_prior,neural_bidir_seed1_prior,none,0,4,1,0.0738750547170639,4096
neural_prior,neural_bidir_seed2_prior,none,0,4,1,0.053091470152139664,4096
neural_prior,neural_bidir_seed3_prior,none,0,4,1,0.049245938658714294,4096
neural_prior,neural_bidir_seed4_prior,none,0,4,1,0.05526108294725418,4096
neural_eb,neural_bidir_seed0_eb,fixed,4,4,1,0.06609965860843658,4096
neural_eb,neural_bidir_seed1_eb,fixed,4,4,1,0.0710652694106102,4096
neural_eb,neural_bidir_seed2_eb,fixed,4,4,1,0.052033014595508575,4096
neural_eb,neural_bidir_seed3_eb,fixed,4,4,1,0.048498161137104034,4096
neural_eb,neural_bidir_seed4_eb,fixed,4,4,1,0.0541343167424202,4096
constant_mean_eb,none,fixed,20,4,1,0.07560482621192932,4096
constant_mean_eb,none,fixed,24,4,1,0.07090599834918976,4096
summary_ridge_eb,none,fixed,24,4,1,0.0477137565612793,4096
neural_eb,neural_bidir_seed0_eb,fixed,24,4,1,0.05734378844499588,4096
neural_eb,neural_bidir_seed1_eb,fixed,24,4,1,0.05987396091222763,4096
neural_eb,neural_bidir_seed2_eb,fixed,24,4,1,0.0482359416782856,4096
neural_eb,neural_bidir_seed3_eb,fixed,24,4,1,0.04560475796461105,4096
neural_eb,neural_bidir_seed4_eb,fixed,24,4,1,0.04972580447793007,4096
constant_mean_eb,none,fixed,32,4,1,0.0646701380610466,4096
constant_mean_eb,none,fixed,36,4,1,0.06305105984210968,4096
neural_eb,neural_bidir_seed0_eb,fixed,36,4,1,0.052307963371276855,4096
neural_eb,neural_bidir_seed1_eb,fixed,36,4,1,0.05419228971004486,4096
neural_eb,neural_bidir_seed2_eb,fixed,36,4,1,0.045327894389629364,4096
neural_eb,neural_bidir_seed3_eb,fixed,36,4,1,0.04318321868777275,4096
neural_eb,neural_bidir_seed4_eb,fixed,36,4,1,0.046682409942150116,4096
dfe,none,fixed,40,4,1,0.07853986322879791,0
neural_eb,neural_bidir_seed0_eb,fixed,40,4,1,0.05071048438549042,4096
neural_eb,neural_bidir_seed1_eb,fixed,40,4,1,0.05258084088563919,4096
neural_eb,neural_bidir_seed2_eb,fixed,40,4,1,0.043893344700336456,4096
neural_eb,neural_bidir_seed3_eb,fixed,40,4,1,0.041689690202474594,4096
neural_eb,neural_bidir_seed4_eb,fixed,40,4,1,0.044996000826358795,4096
summary_ridge_eb,none,fixed,44,4,1,0.04378298670053482,4096
dfe,none,fixed,48,4,1,0.07399757206439972,0
constant_mean_eb,none,fixed,48,4,1,0.05807498097419739,4096
dfe,none,fixed,52,4,1,0.06835781037807465,0
neural_eb,neural_bidir_seed0_eb,fixed,52,4,1,0.048328883945941925,4096
neural_eb,neural_bidir_seed1_eb,fixed,52,4,1,0.049679629504680634,4096
neural_eb,neural_bidir_seed2_eb,fixed,52,4,1,0.04203847795724869,4096
neural_eb,neural_bidir_seed3_eb,fixed,52,4,1,0.04011257737874985,4096
neural_eb,neural_bidir_seed4_eb,fixed,52,4,1,0.04306100308895111,4096
dfe,none,fixed,60,4,1,0.06499454379081726,0
constant_mean_eb,none,fixed,60,4,1,0.05364347994327545,4096
constant_mean_eb,none,fixed,64,4,1,0.052774492651224136,4096
dfe,none,fixed,72,4,1,0.05919177830219269,0
constant_mean_eb,none,fixed,76,4,1,0.04916371777653694,4096
neural_eb,neural_bidir_seed0_eb,fixed,76,4,1,0.04388204962015152,4096
neural_eb,neural_bidir_seed1_eb,fixed,76,4,1,0.04490220546722412,4096
neural_eb,neural_bidir_seed2_eb,fixed,76,4,1,0.03941218927502632,4096
neural_eb,neural_bidir_seed3_eb,fixed,76,4,1,0.03787211328744888,4096
neural_eb,neural_bidir_seed4_eb,fixed,76,4,1,0.040318287909030914,4096
summary_ridge_eb,none,fixed,80,4,1,0.03825081139802933,4096
dfe,none,fixed,84,4,1,0.055418770760297775,0
dfe,none,fixed,92,4,1,0.05241399630904198,0
dfe,none,fixed,128,4,1,0.04432498663663864,0
constant_mean_eb,none,fixed,128,4,1,0.03979118913412094,4096
neural_eb,neural_bidir_seed0_eb,fixed,128,4,1,0.03644847124814987,4096
neural_eb,neural_bidir_seed1_eb,fixed,128,4,1,0.03719273954629898,4096
neural_eb,neural_bidir_seed2_eb,fixed,128,4,1,0.03373058885335922,4096
neural_eb,neural_bidir_seed3_eb,fixed,128,4,1,0.032575108110904694,4096
neural_eb,neural_bidir_seed4_eb,fixed,128,4,1,0.03433866798877716,4096
dfe,none,fixed,192,4,1,0.03636755049228668,0
constant_mean_eb,none,fixed,192,4,1,0.033948369324207306,4096
summary_ridge_eb,none,fixed,192,4,1,0.030327677726745605,4096
neural_eb,neural_bidir_seed0_eb,fixed,192,4,1,0.0314859002828598,4096
neural_eb,neural_bidir_seed1_eb,fixed,192,4,1,0.03196712210774422,4096
neural_eb,neural_bidir_seed2_eb,fixed,192,4,1,0.029595505446195602,4096
neural_eb,neural_bidir_seed3_eb,fixed,192,4,1,0.028876882046461105,4096
neural_eb,neural_bidir_seed4_eb,fixed,192,4,1,0.03014199808239937,4096
dfe,none,fixed,256,4,1,0.031246265396475792,0
constant_mean_eb,none,fixed,256,4,1,0.02944456785917282,4096
summary_ridge_eb,none,fixed,256,4,1,0.02705320157110691,4096
neural_eb,neural_bidir_seed0_eb,fixed,256,4,1,0.027789033949375153,4096
neural_eb,neural_bidir_seed1_eb,fixed,256,4,1,0.028102129697799683,4096
neural_eb,neural_bidir_seed2_eb,fixed,256,4,1,0.026715118438005447,4096
neural_eb,neural_bidir_seed3_eb,fixed,256,4,1,0.02631494402885437,4096
neural_eb,neural_bidir_seed4_eb,fixed,256,4,1,0.027073349803686142,4096
summary_ridge_eb,none,pilot,3,4,1,0.05236344039440155,4096
neural_eb,neural_bidir_seed0_eb,pilot,3,4,1,0.06668347120285034,4096
neural_eb,neural_bidir_seed1_eb,pilot,3,4,1,0.0717286467552185,4096
neural_eb,neural_bidir_seed2_eb,pilot,3,4,1,0.05218028277158737,4096
neural_eb,neural_bidir_seed3_eb,pilot,3,4,1,0.04852943867444992,4096
neural_eb,neural_bidir_seed4_eb,pilot,3,4,1,0.05430838093161583,4096
constant_mean_prior,none,none,0,4,2,0.10376384854316711,4096
constant_median_prior,none,none,0,4,2,0.10277450084686279,4096
summary_ridge_prior,none,none,0,4,2,0.048562418669462204,4096
product_affine_prior,none,none,0,4,2,0.05157206207513809,4096
exact_marginal_affine_prior,none,none,0,4,2,0.05697179585695267,4096
neural_prior,neural_bidir_seed0_prior,none,0,4,2,0.06383545696735382,4096
neural_prior,neural_bidir_seed1_prior,none,0,4,2,0.0685805231332779,4096
neural_prior,neural_bidir_seed2_prior,none,0,4,2,0.05274980515241623,4096
neural_prior,neural_bidir_seed3_prior,none,0,4,2,0.051101475954055786,4096
neural_prior,neural_bidir_seed4_prior,none,0,4,2,0.05431462824344635,4096
neural_eb,neural_bidir_seed0_eb,fixed,4,4,2,0.06225767731666565,4096
neural_eb,neural_bidir_seed1_eb,fixed,4,4,2,0.06643795967102051,4096
neural_eb,neural_bidir_seed2_eb,fixed,4,4,2,0.05174538120627403,4096
neural_eb,neural_bidir_seed3_eb,fixed,4,4,2,0.050254710018634796,4096
neural_eb,neural_bidir_seed4_eb,fixed,4,4,2,0.05341111868619919,4096
constant_mean_eb,none,fixed,20,4,2,0.07638503611087799,4096
constant_mean_eb,none,fixed,24,4,2,0.07180500030517578,4096
summary_ridge_eb,none,fixed,24,4,2,0.04870567470788956,4096
neural_eb,neural_bidir_seed0_eb,fixed,24,4,2,0.058724671602249146,4096
neural_eb,neural_bidir_seed1_eb,fixed,24,4,2,0.06085773557424545,4096
neural_eb,neural_bidir_seed2_eb,fixed,24,4,2,0.05158744752407074,4096
neural_eb,neural_bidir_seed3_eb,fixed,24,4,2,0.04983735829591751,4096
neural_eb,neural_bidir_seed4_eb,fixed,24,4,2,0.053126782178878784,4096
constant_mean_eb,none,fixed,32,4,2,0.06509970128536224,4096
constant_mean_eb,none,fixed,36,4,2,0.06318116188049316,4096
neural_eb,neural_bidir_seed0_eb,fixed,36,4,2,0.05351182818412781,4096
neural_eb,neural_bidir_seed1_eb,fixed,36,4,2,0.055402353405952454,4096
neural_eb,neural_bidir_seed2_eb,fixed,36,4,2,0.047712113708257675,4096
neural_eb,neural_bidir_seed3_eb,fixed,36,4,2,0.04606112465262413,4096
neural_eb,neural_bidir_seed4_eb,fixed,36,4,2,0.04917595908045769,4096
dfe,none,fixed,40,4,2,0.07943470776081085,0
neural_eb,neural_bidir_seed0_eb,fixed,40,4,2,0.052422501146793365,4096
neural_eb,neural_bidir_seed1_eb,fixed,40,4,2,0.05410754680633545,4096
neural_eb,neural_bidir_seed2_eb,fixed,40,4,2,0.04681413620710373,4096
neural_eb,neural_bidir_seed3_eb,fixed,40,4,2,0.04531112313270569,4096
neural_eb,neural_bidir_seed4_eb,fixed,40,4,2,0.0480557382106781,4096
summary_ridge_eb,none,fixed,44,4,2,0.04367522895336151,4096
dfe,none,fixed,48,4,2,0.07302062213420868,0
constant_mean_eb,none,fixed,48,4,2,0.05837146192789078,4096
dfe,none,fixed,52,4,2,0.06989359855651855,0
neural_eb,neural_bidir_seed0_eb,fixed,52,4,2,0.04904774948954582,4096
neural_eb,neural_bidir_seed1_eb,fixed,52,4,2,0.05039138346910477,4096
neural_eb,neural_bidir_seed2_eb,fixed,52,4,2,0.04432754963636398,4096
neural_eb,neural_bidir_seed3_eb,fixed,52,4,2,0.0428709015250206,4096
neural_eb,neural_bidir_seed4_eb,fixed,52,4,2,0.0452975295484066,4096
dfe,none,fixed,60,4,2,0.0670427680015564,0
constant_mean_eb,none,fixed,60,4,2,0.05460142716765404,4096
constant_mean_eb,none,fixed,64,4,2,0.052902791649103165,4096
dfe,none,fixed,72,4,2,0.05949549376964569,0
constant_mean_eb,none,fixed,76,4,2,0.049629732966423035,4096
neural_eb,neural_bidir_seed0_eb,fixed,76,4,2,0.04455297440290451,4096
neural_eb,neural_bidir_seed1_eb,fixed,76,4,2,0.04565912112593651,4096
neural_eb,neural_bidir_seed2_eb,fixed,76,4,2,0.04089625924825668,4096
neural_eb,neural_bidir_seed3_eb,fixed,76,4,2,0.03960985317826271,4096
neural_eb,neural_bidir_seed4_eb,fixed,76,4,2,0.04187125712633133,4096
summary_ridge_eb,none,fixed,80,4,2,0.038803186267614365,4096
dfe,none,fixed,84,4,2,0.05521310865879059,0
dfe,none,fixed,92,4,2,0.052188940346241,0
dfe,none,fixed,128,4,2,0.04396665096282959,0
constant_mean_eb,none,fixed,128,4,2,0.039451099932193756,4096
neural_eb,neural_bidir_seed0_eb,fixed,128,4,2,0.03672254458069801,4096
neural_eb,neural_bidir_seed1_eb,fixed,128,4,2,0.037296853959560394,4096
neural_eb,neural_bidir_seed2_eb,fixed,128,4,2,0.03468776121735573,4096
neural_eb,neural_bidir_seed3_eb,fixed,128,4,2,0.03396708518266678,4096
neural_eb,neural_bidir_seed4_eb,fixed,128,4,2,0.035098619759082794,4096
dfe,none,fixed,192,4,2,0.035691820085048676,0
constant_mean_eb,none,fixed,192,4,2,0.03330488130450249,4096
summary_ridge_eb,none,fixed,192,4,2,0.02923223003745079,4096
neural_eb,neural_bidir_seed0_eb,fixed,192,4,2,0.031842708587646484,4096
neural_eb,neural_bidir_seed1_eb,fixed,192,4,2,0.032209545373916626,4096
neural_eb,neural_bidir_seed2_eb,fixed,192,4,2,0.030399862676858902,4096
neural_eb,neural_bidir_seed3_eb,fixed,192,4,2,0.02973078563809395,4096
neural_eb,neural_bidir_seed4_eb,fixed,192,4,2,0.030717330053448677,4096
dfe,none,fixed,256,4,2,0.030977709218859673,0
constant_mean_eb,none,fixed,256,4,2,0.02935483120381832,4096
summary_ridge_eb,none,fixed,256,4,2,0.02706245705485344,4096
neural_eb,neural_bidir_seed0_eb,fixed,256,4,2,0.02814492955803871,4096
neural_eb,neural_bidir_seed1_eb,fixed,256,4,2,0.028397252783179283,4096
neural_eb,neural_bidir_seed2_eb,fixed,256,4,2,0.02717019058763981,4096
neural_eb,neural_bidir_seed3_eb,fixed,256,4,2,0.026738345623016357,4096
neural_eb,neural_bidir_seed4_eb,fixed,256,4,2,0.02746138535439968,4096
summary_ridge_eb,none,pilot,3,4,2,0.047946732491254807,4096
neural_eb,neural_bidir_seed0_eb,pilot,3,4,2,0.06206902116537094,4096
neural_eb,neural_bidir_seed1_eb,pilot,3,4,2,0.06622643023729324,4096
neural_eb,neural_bidir_seed2_eb,pilot,3,4,2,0.05162106454372406,4096
neural_eb,neural_bidir_seed3_eb,pilot,3,4,2,0.050208114087581635,4096
neural_eb,neural_bidir_seed4_eb,pilot,3,4,2,0.05318816006183624,4096
constant_mean_prior,none,none,0,4,3,0.10267624258995056,4096
constant_median_prior,none,none,0,4,3,0.10290583968162537,4096
summary_ridge_prior,none,none,0,4,3,0.050861723721027374,4096
product_affine_prior,none,none,0,4,3,0.05227982997894287,4096
exact_marginal_affine_prior,none,none,0,4,3,0.056657083332538605,4096
neural_prior,neural_bidir_seed0_prior,none,0,4,3,0.06539792567491531,4096
neural_prior,neural_bidir_seed1_prior,none,0,4,3,0.07068853825330734,4096
neural_prior,neural_bidir_seed2_prior,none,0,4,3,0.051292166113853455,4096
neural_prior,neural_bidir_seed3_prior,none,0,4,3,0.047720395028591156,4096
neural_prior,neural_bidir_seed4_prior,none,0,4,3,0.05340239405632019,4096
neural_eb,neural_bidir_seed0_eb,fixed,4,4,3,0.0629550889134407,4096
neural_eb,neural_bidir_seed1_eb,fixed,4,4,3,0.06762421131134033,4096
neural_eb,neural_bidir_seed2_eb,fixed,4,4,3,0.05007077753543854,4096
neural_eb,neural_bidir_seed3_eb,fixed,4,4,3,0.046854570508003235,4096
neural_eb,neural_bidir_seed4_eb,fixed,4,4,3,0.05216994509100914,4096
constant_mean_eb,none,fixed,20,4,3,0.07619176805019379,4096
constant_mean_eb,none,fixed,24,4,3,0.07112082839012146,4096
summary_ridge_eb,none,fixed,24,4,3,0.051311615854501724,4096
neural_eb,neural_bidir_seed0_eb,fixed,24,4,3,0.05775655806064606,4096
neural_eb,neural_bidir_seed1_eb,fixed,24,4,3,0.06030837446451187,4096
neural_eb,neural_bidir_seed2_eb,fixed,24,4,3,0.05009511858224869,4096
neural_eb,neural_bidir_seed3_eb,fixed,24,4,3,0.04765620082616806,4096
neural_eb,neural_bidir_seed4_eb,fixed,24,4,3,0.05138024315237999,4096
constant_mean_eb,none,fixed,32,4,3,0.06643681228160858,4096
constant_mean_eb,none,fixed,36,4,3,0.0634334459900856,4096
neural_eb,neural_bidir_seed0_eb,fixed,36,4,3,0.05238170549273491,4096
neural_eb,neural_bidir_seed1_eb,fixed,36,4,3,0.05440334975719452,4096
neural_eb,neural_bidir_seed2_eb,fixed,36,4,3,0.04648507758975029,4096
neural_eb,neural_bidir_seed3_eb,fixed,36,4,3,0.04460582882165909,4096
neural_eb,neural_bidir_seed4_eb,fixed,36,4,3,0.04788351058959961,4096
dfe,none,fixed,40,4,3,0.07884953171014786,0
neural_eb,neural_bidir_seed0_eb,fixed,40,4,3,0.05132845416665077,4096
neural_eb,neural_bidir_seed1_eb,fixed,40,4,3,0.053202539682388306,4096
neural_eb,neural_bidir_seed2_eb,fixed,40,4,3,0.04539387300610542,4096
neural_eb,neural_bidir_seed3_eb,fixed,40,4,3,0.043319057673215866,4096
neural_eb,neural_bidir_seed4_eb,fixed,40,4,3,0.04652634263038635,4096
summary_ridge_eb,none,fixed,44,4,3,0.04635085165500641,4096
dfe,none,fixed,48,4,3,0.07089069485664368,0
constant_mean_eb,none,fixed,48,4,3,0.05640123039484024,4096
dfe,none,fixed,52,4,3,0.07207919657230377,0
neural_eb,neural_bidir_seed0_eb,fixed,52,4,3,0.0497165210545063,4096
neural_eb,neural_bidir_seed1_eb,fixed,52,4,3,0.05121283233165741,4096
neural_eb,neural_bidir_seed2_eb,fixed,52,4,3,0.04447374492883682,4096
neural_eb,neural_bidir_seed3_eb,fixed,52,4,3,0.04273422062397003,4096
neural_eb,neural_bidir_seed4_eb,fixed,52,4,3,0.045335233211517334,4096
dfe,none,fixed,60,4,3,0.06409810483455658,0
constant_mean_eb,none,fixed,60,4,3,0.052564866840839386,4096
constant_mean_eb,none,fixed,64,4,3,0.05264763534069061,4096
dfe,none,fixed,72,4,3,0.05971112102270126,0
constant_mean_eb,none,fixed,76,4,3,0.04931231588125229,4096
neural_eb,neural_bidir_seed0_eb,fixed,76,4,3,0.043757859617471695,4096
neural_eb,neural_bidir_seed1_eb,fixed,76,4,3,0.04482579976320267,4096
neural_eb,neural_bidir_seed2_eb,fixed,76,4,3,0.04021204262971878,4096
neural_eb,neural_bidir_seed3_eb,fixed,76,4,3,0.038940537720918655,4096
neural_eb,neural_bidir_seed4_eb,fixed,76,4,3,0.04096274822950363,4096
summary_ridge_eb,none,fixed,80,4,3,0.03989184647798538,4096
dfe,none,fixed,84,4,3,0.05370398983359337,0
dfe,none,fixed,92,4,3,0.05353572219610214,0
dfe,none,fixed,128,4,3,0.044104453176259995,0
constant_mean_eb,none,fixed,128,4,3,0.03968082740902901,4096
neural_eb,neural_bidir_seed0_eb,fixed,128,4,3,0.036540284752845764,4096
neural_eb,neural_bidir_seed1_eb,fixed,128,4,3,0.037183620035648346,4096
neural_eb,neural_bidir_seed2_eb,fixed,128,4,3,0.03416909649968147,4096
neural_eb,neural_bidir_seed3_eb,fixed,128,4,3,0.033242374658584595,4096
neural_eb,neural_bidir_seed4_eb,fixed,128,4,3,0.034646738320589066,4096
dfe,none,fixed,192,4,3,0.036117397248744965,0
constant_mean_eb,none,fixed,192,4,3,0.033568378537893295,4096
summary_ridge_eb,none,fixed,192,4,3,0.03084142692387104,4096
neural_eb,neural_bidir_seed0_eb,fixed,192,4,3,0.03150901943445206,4096
neural_eb,neural_bidir_seed1_eb,fixed,192,4,3,0.03191535174846649,4096
neural_eb,neural_bidir_seed2_eb,fixed,192,4,3,0.030107611790299416,4096
neural_eb,neural_bidir_seed3_eb,fixed,192,4,3,0.029563233256340027,4096
neural_eb,neural_bidir_seed4_eb,fixed,192,4,3,0.03055991791188717,4096
dfe,none,fixed,256,4,3,0.031270746141672134,0
constant_mean_eb,none,fixed,256,4,3,0.029896404594182968,4096
summary_ridge_eb,none,fixed,256,4,3,0.027567340061068535,4096
neural_eb,neural_bidir_seed0_eb,fixed,256,4,3,0.028441712260246277,4096
neural_eb,neural_bidir_seed1_eb,fixed,256,4,3,0.028701618313789368,4096
neural_eb,neural_bidir_seed2_eb,fixed,256,4,3,0.02724369801580906,4096
neural_eb,neural_bidir_seed3_eb,fixed,256,4,3,0.02676836960017681,4096
neural_eb,neural_bidir_seed4_eb,fixed,256,4,3,0.027474399656057358,4096
summary_ridge_eb,none,pilot,3,4,3,0.05062897875905037,4096
neural_eb,neural_bidir_seed0_eb,pilot,3,4,3,0.06345696747303009,4096
neural_eb,neural_bidir_seed1_eb,pilot,3,4,3,0.06826579570770264,4096
neural_eb,neural_bidir_seed2_eb,pilot,3,4,3,0.05018603801727295,4096
neural_eb,neural_bidir_seed3_eb,pilot,3,4,3,0.046732135117053986,4096
neural_eb,neural_bidir_seed4_eb,pilot,3,4,3,0.05221686512231827,4096
constant_mean_prior,none,none,0,4,4,0.1034180074930191,4096
constant_median_prior,none,none,0,4,4,0.10272064059972763,4096
summary_ridge_prior,none,none,0,4,4,0.05039966106414795,4096
product_affine_prior,none,none,0,4,4,0.053477346897125244,4096
exact_marginal_affine_prior,none,none,0,4,4,0.057880524545907974,4096
neural_prior,neural_bidir_seed0_prior,none,0,4,4,0.06396396458148956,4096
neural_prior,neural_bidir_seed1_prior,none,0,4,4,0.0684666633605957,4096
neural_prior,neural_bidir_seed2_prior,none,0,4,4,0.05152028053998947,4096
neural_prior,neural_bidir_seed3_prior,none,0,4,4,0.04841654747724533,4096
neural_prior,neural_bidir_seed4_prior,none,0,4,4,0.05353314429521561,4096
neural_eb,neural_bidir_seed0_eb,fixed,4,4,4,0.06271079182624817,4096
neural_eb,neural_bidir_seed1_eb,fixed,4,4,4,0.06678999215364456,4096
neural_eb,neural_bidir_seed2_eb,fixed,4,4,4,0.05112173408269882,4096
neural_eb,neural_bidir_seed3_eb,fixed,4,4,4,0.04811347275972366,4096
neural_eb,neural_bidir_seed4_eb,fixed,4,4,4,0.05304717272520065,4096
constant_mean_eb,none,fixed,20,4,4,0.07474181056022644,4096
constant_mean_eb,none,fixed,24,4,4,0.07167971134185791,4096
summary_ridge_eb,none,fixed,24,4,4,0.04767876863479614,4096
neural_eb,neural_bidir_seed0_eb,fixed,24,4,4,0.05799248814582825,4096
neural_eb,neural_bidir_seed1_eb,fixed,24,4,4,0.06042543053627014,4096
neural_eb,neural_bidir_seed2_eb,fixed,24,4,4,0.05013096332550049,4096
neural_eb,neural_bidir_seed3_eb,fixed,24,4,4,0.04754950851202011,4096
neural_eb,neural_bidir_seed4_eb,fixed,24,4,4,0.05157634615898132,4096
constant_mean_eb,none,fixed,32,4,4,0.06431028991937637,4096
constant_mean_eb,none,fixed,36,4,4,0.06231870874762535,4096
neural_eb,neural_bidir_seed0_eb,fixed,36,4,4,0.05323995649814606,4096
neural_eb,neural_bidir_seed1_eb,fixed,36,4,4,0.05500980466604233,4096
neural_eb,neural_bidir_seed2_eb,fixed,36,4,4,0.047227680683135986,4096
neural_eb,neural_bidir_seed3_eb,fixed,36,4,4,0.044939830899238586,4096
neural_eb,neural_bidir_seed4_eb,fixed,36,4,4,0.04842713475227356,4096
dfe,none,fixed,40,4,4,0.07867846637964249,0
neural_eb,neural_bidir_seed0_eb,fixed,40,4,4,0.05256013572216034,4096
neural_eb,neural_bidir_seed1_eb,fixed,40,4,4,0.05412667244672775,4096
neural_eb,neural_bidir_seed2_eb,fixed,40,4,4,0.046984560787677765,4096
neural_eb,neural_bidir_seed3_eb,fixed,40,4,4,0.04468444734811783,4096
neural_eb,neural_bidir_seed4_eb,fixed,40,4,4,0.048146411776542664,4096
summary_ridge_eb,none,fixed,44,4,4,0.04283704608678818,4096
dfe,none,fixed,48,4,4,0.0716012567281723,0
constant_mean_eb,none,fixed,48,4,4,0.05726423114538193,4096
dfe,none,fixed,52,4,4,0.06952113658189774,0
neural_eb,neural_bidir_seed0_eb,fixed,52,4,4,0.04911397397518158,4096
neural_eb,neural_bidir_seed1_eb,fixed,52,4,4,0.05030803382396698,4096
neural_eb,neural_bidir_seed2_eb,fixed,52,4,4,0.045183755457401276,4096
neural_eb,neural_bidir_seed3_eb,fixed,52,4,4,0.043157950043678284,4096
neural_eb,neural_bidir_seed4_eb,fixed,52,4,4,0.04615316912531853,4096
dfe,none,fixed,60,4,4,0.06333484500646591,0
constant_mean_eb,none,fixed,60,4,4,0.05262980982661247,4096
constant_mean_eb,none,fixed,64,4,4,0.0528222918510437,4096
dfe,none,fixed,72,4,4,0.05900888890028,0
constant_mean_eb,none,fixed,76,4,4,0.04903261736035347,4096
neural_eb,neural_bidir_seed0_eb,fixed,76,4,4,0.04553568363189697,4096
neural_eb,neural_bidir_seed1_eb,fixed,76,4,4,0.04634130001068115,4096
neural_eb,neural_bidir_seed2_eb,fixed,76,4,4,0.04301133751869202,4096
neural_eb,neural_bidir_seed3_eb,fixed,76,4,4,0.04117893427610397,4096
neural_eb,neural_bidir_seed4_eb,fixed,76,4,4,0.0436977855861187,4096
summary_ridge_eb,none,fixed,80,4,4,0.03737780079245567,4096
dfe,none,fixed,84,4,4,0.054854534566402435,0
dfe,none,fixed,92,4,4,0.0510796420276165,0
dfe,none,fixed,128,4,4,0.04419442266225815,0
constant_mean_eb,none,fixed,128,4,4,0.03954596072435379,4096
neural_eb,neural_bidir_seed0_eb,fixed,128,4,4,0.0381583645939827,4096
neural_eb,neural_bidir_seed1_eb,fixed,128,4,4,0.03831862658262253,4096
neural_eb,neural_bidir_seed2_eb,fixed,128,4,4,0.038042791187763214,4096
neural_eb,neural_bidir_seed3_eb,fixed,128,4,4,0.036796458065509796,4096
neural_eb,neural_bidir_seed4_eb,fixed,128,4,4,0.03833187744021416,4096
dfe,none,fixed,192,4,4,0.03512890264391899,0
constant_mean_eb,none,fixed,192,4,4,0.0325259268283844,4096
summary_ridge_eb,none,fixed,192,4,4,0.029351066797971725,4096
neural_eb,neural_bidir_seed0_eb,fixed,192,4,4,0.03277304768562317,4096
neural_eb,neural_bidir_seed1_eb,fixed,192,4,4,0.03265361115336418,4096
neural_eb,neural_bidir_seed2_eb,fixed,192,4,4,0.0344083309173584,4096
neural_eb,neural_bidir_seed3_eb,fixed,192,4,4,0.033451616764068604,4096
neural_eb,neural_bidir_seed4_eb,fixed,192,4,4,0.03432357311248779,4096
dfe,none,fixed,256,4,4,0.03163762763142586,0
constant_mean_eb,none,fixed,256,4,4,0.029838401824235916,4096
summary_ridge_eb,none,fixed,256,4,4,0.027437638491392136,4096
neural_eb,neural_bidir_seed0_eb,fixed,256,4,4,0.02969192899763584,4096
neural_eb,neural_bidir_seed1_eb,fixed,256,4,4,0.029580699279904366,4096
neural_eb,neural_bidir_seed2_eb,fixed,256,4,4,0.031577467918395996,4096
neural_eb,neural_bidir_seed3_eb,fixed,256,4,4,0.030864302068948746,4096
neural_eb,neural_bidir_seed4_eb,fixed,256,4,4,0.031345851719379425,4096
summary_ridge_eb,none,pilot,3,4,4,0.04982984811067581,4096
neural_eb,neural_bidir_seed0_eb,pilot,3,4,4,0.06303883343935013,4096
neural_eb,neural_bidir_seed1_eb,pilot,3,4,4,0.06719982624053955,4096
neural_eb,neural_bidir_seed2_eb,pilot,3,4,4,0.051187194883823395,4096
neural_eb,neural_bidir_seed3_eb,pilot,3,4,4,0.048128046095371246,4096
neural_eb,neural_bidir_seed4_eb,pilot,3,4,4,0.053144458681344986,4096
constant_mean_prior,none,none,0,5,0,0.10477342456579208,4096
constant_median_prior,none,none,0,5,0,0.10327048599720001,4096
summary_ridge_prior,none,none,0,5,0,0.0457623228430748,4096
product_affine_prior,none,none,0,5,0,0.053688377141952515,4096
exact_marginal_affine_prior,none,none,0,5,0,0.05747830495238304,4096
neural_prior,neural_bidir_seed0_prior,none,0,5,0,0.06724294275045395,4096
neural_prior,neural_bidir_seed1_prior,none,0,5,0,0.07233186066150665,4096
neural_prior,neural_bidir_seed2_prior,none,0,5,0,0.053751394152641296,4096
neural_prior,neural_bidir_seed3_prior,none,0,5,0,0.04976263269782066,4096
neural_prior,neural_bidir_seed4_prior,none,0,5,0,0.05603920668363571,4096
neural_eb,neural_bidir_seed0_eb,fixed,4,5,0,0.06482956558465958,4096
neural_eb,neural_bidir_seed1_eb,fixed,4,5,0,0.06946592777967453,4096
neural_eb,neural_bidir_seed2_eb,fixed,4,5,0,0.05260168015956879,4096
neural_eb,neural_bidir_seed3_eb,fixed,4,5,0,0.04890187084674835,4096
neural_eb,neural_bidir_seed4_eb,fixed,4,5,0,0.054797761142253876,4096
constant_mean_eb,none,fixed,20,5,0,0.0768347680568695,4096
constant_mean_eb,none,fixed,24,5,0,0.07251474261283875,4096
summary_ridge_eb,none,fixed,24,5,0,0.044084109365940094,4096
neural_eb,neural_bidir_seed0_eb,fixed,24,5,0,0.05821361392736435,4096
neural_eb,neural_bidir_seed1_eb,fixed,24,5,0,0.06098579615354538,4096
neural_eb,neural_bidir_seed2_eb,fixed,24,5,0,0.04949933663010597,4096
neural_eb,neural_bidir_seed3_eb,fixed,24,5,0,0.04655233025550842,4096
neural_eb,neural_bidir_seed4_eb,fixed,24,5,0,0.0509759895503521,4096
constant_mean_eb,none,fixed,32,5,0,0.06592173874378204,4096
constant_mean_eb,none,fixed,36,5,0,0.06346102058887482,4096
neural_eb,neural_bidir_seed0_eb,fixed,36,5,0,0.05217703431844711,4096
neural_eb,neural_bidir_seed1_eb,fixed,36,5,0,0.054113198071718216,4096
neural_eb,neural_bidir_seed2_eb,fixed,36,5,0,0.04517054557800293,4096
neural_eb,neural_bidir_seed3_eb,fixed,36,5,0,0.04275387525558472,4096
neural_eb,neural_bidir_seed4_eb,fixed,36,5,0,0.04642665386199951,4096
dfe,none,fixed,40,5,0,0.07857777923345566,0
neural_eb,neural_bidir_seed0_eb,fixed,40,5,0,0.05112504959106445,4096
neural_eb,neural_bidir_seed1_eb,fixed,40,5,0,0.05298576131463051,4096
neural_eb,neural_bidir_seed2_eb,fixed,40,5,0,0.04502805322408676,4096
neural_eb,neural_bidir_seed3_eb,fixed,40,5,0,0.042807526886463165,4096
neural_eb,neural_bidir_seed4_eb,fixed,40,5,0,0.04626137763261795,4096
summary_ridge_eb,none,fixed,44,5,0,0.04072720557451248,4096
dfe,none,fixed,48,5,0,0.07255509495735168,0
constant_mean_eb,none,fixed,48,5,0,0.05759289115667343,4096
dfe,none,fixed,52,5,0,0.06981717050075531,0
neural_eb,neural_bidir_seed0_eb,fixed,52,5,0,0.04734618216753006,4096
neural_eb,neural_bidir_seed1_eb,fixed,52,5,0,0.048992305994033813,4096
neural_eb,neural_bidir_seed2_eb,fixed,52,5,0,0.04216761142015457,4096
neural_eb,neural_bidir_seed3_eb,fixed,52,5,0,0.040381912142038345,4096
neural_eb,neural_bidir_seed4_eb,fixed,52,5,0,0.0431746244430542,4096
dfe,none,fixed,60,5,0,0.065064936876297,0
constant_mean_eb,none,fixed,60,5,0,0.05295110493898392,4096
constant_mean_eb,none,fixed,64,5,0,0.05225731059908867,4096
dfe,none,fixed,72,5,0,0.05915716290473938,0
constant_mean_eb,none,fixed,76,5,0,0.049121834337711334,4096
neural_eb,neural_bidir_seed0_eb,fixed,76,5,0,0.043176718056201935,4096
neural_eb,neural_bidir_seed1_eb,fixed,76,5,0,0.0442841537296772,4096
neural_eb,neural_bidir_seed2_eb,fixed,76,5,0,0.03913367539644241,4096
neural_eb,neural_bidir_seed3_eb,fixed,76,5,0,0.03766907751560211,4096
neural_eb,neural_bidir_seed4_eb,fixed,76,5,0,0.03996916860342026,4096
summary_ridge_eb,none,fixed,80,5,0,0.03657927364110947,4096
dfe,none,fixed,84,5,0,0.05593781918287277,0
dfe,none,fixed,92,5,0,0.0516432449221611,0
dfe,none,fixed,128,5,0,0.044477369636297226,0
constant_mean_eb,none,fixed,128,5,0,0.039399728178977966,4096
neural_eb,neural_bidir_seed0_eb,fixed,128,5,0,0.03566592186689377,4096
neural_eb,neural_bidir_seed1_eb,fixed,128,5,0,0.03634006530046463,4096
neural_eb,neural_bidir_seed2_eb,fixed,128,5,0,0.03319381922483444,4096
neural_eb,neural_bidir_seed3_eb,fixed,128,5,0,0.03240865468978882,4096
neural_eb,neural_bidir_seed4_eb,fixed,128,5,0,0.0338408537209034,4096
dfe,none,fixed,192,5,0,0.036384306848049164,0
constant_mean_eb,none,fixed,192,5,0,0.033420395106077194,4096
summary_ridge_eb,none,fixed,192,5,0,0.02874438278377056,4096
neural_eb,neural_bidir_seed0_eb,fixed,192,5,0,0.031417325139045715,4096
neural_eb,neural_bidir_seed1_eb,fixed,192,5,0,0.031839318573474884,4096
neural_eb,neural_bidir_seed2_eb,fixed,192,5,0,0.029809515923261642,4096
neural_eb,neural_bidir_seed3_eb,fixed,192,5,0,0.029270419850945473,4096
neural_eb,neural_bidir_seed4_eb,fixed,192,5,0,0.03019573912024498,4096
dfe,none,fixed,256,5,0,0.031516171991825104,0
constant_mean_eb,none,fixed,256,5,0,0.029757143929600716,4096
summary_ridge_eb,none,fixed,256,5,0,0.02662748657166958,4096
neural_eb,neural_bidir_seed0_eb,fixed,256,5,0,0.028157183900475502,4096
neural_eb,neural_bidir_seed1_eb,fixed,256,5,0,0.028525931760668755,4096
neural_eb,neural_bidir_seed2_eb,fixed,256,5,0,0.0270477756857872,4096
neural_eb,neural_bidir_seed3_eb,fixed,256,5,0,0.02673906832933426,4096
neural_eb,neural_bidir_seed4_eb,fixed,256,5,0,0.02740926295518875,4096
summary_ridge_eb,none,pilot,3,5,0,0.045298103243112564,4096
neural_eb,neural_bidir_seed0_eb,pilot,3,5,0,0.06582441180944443,4096
neural_eb,neural_bidir_seed1_eb,pilot,3,5,0,0.07053583860397339,4096
neural_eb,neural_bidir_seed2_eb,pilot,3,5,0,0.053202152252197266,4096
neural_eb,neural_bidir_seed3_eb,pilot,3,5,0,0.04931405186653137,4096
neural_eb,neural_bidir_seed4_eb,pilot,3,5,0,0.05541235953569412,4096
constant_mean_prior,none,none,0,5,1,0.10748684406280518,4096
constant_median_prior,none,none,0,5,1,0.10327048599720001,4096
summary_ridge_prior,none,none,0,5,1,0.04443993419408798,4096
product_affine_prior,none,none,0,5,1,0.05248633399605751,4096
exact_marginal_affine_prior,none,none,0,5,1,0.05682148411870003,4096
neural_prior,neural_bidir_seed0_prior,none,0,5,1,0.06389958411455154,4096
neural_prior,neural_bidir_seed1_prior,none,0,5,1,0.06807102262973785,4096
neural_prior,neural_bidir_seed2_prior,none,0,5,1,0.05136749893426895,4096
neural_prior,neural_bidir_seed3_prior,none,0,5,1,0.04808270186185837,4096
neural_prior,neural_bidir_seed4_prior,none,0,5,1,0.053186312317848206,4096
neural_eb,neural_bidir_seed0_eb,fixed,4,5,1,0.06247919052839279,4096
neural_eb,neural_bidir_seed1_eb,fixed,4,5,1,0.06610048562288284,4096
neural_eb,neural_bidir_seed2_eb,fixed,4,5,1,0.050662823021411896,4096
neural_eb,neural_bidir_seed3_eb,fixed,4,5,1,0.04765406250953674,4096
neural_eb,neural_bidir_seed4_eb,fixed,4,5,1,0.05229991301894188,4096
constant_mean_eb,none,fixed,20,5,1,0.07882511615753174,4096
constant_mean_eb,none,fixed,24,5,1,0.0733456015586853,4096
summary_ridge_eb,none,fixed,24,5,1,0.04545803368091583,4096
neural_eb,neural_bidir_seed0_eb,fixed,24,5,1,0.057739727199077606,4096
neural_eb,neural_bidir_seed1_eb,fixed,24,5,1,0.060022540390491486,4096
neural_eb,neural_bidir_seed2_eb,fixed,24,5,1,0.049259915947914124,4096
neural_eb,neural_bidir_seed3_eb,fixed,24,5,1,0.04677934572100639,4096
neural_eb,neural_bidir_seed4_eb,fixed,24,5,1,0.05052129924297333,4096
constant_mean_eb,none,fixed,32,5,1,0.06760874390602112,4096
constant_mean_eb,none,fixed,36,5,1,0.064170703291893,4096
neural_eb,neural_bidir_seed0_eb,fixed,36,5,1,0.053596481680870056,4096
neural_eb,neural_bidir_seed1_eb,fixed,36,5,1,0.055224642157554626,4096
neural_eb,neural_bidir_seed2_eb,fixed,36,5,1,0.046243347227573395,4096
neural_eb,neural_bidir_seed3_eb,fixed,36,5,1,0.04413440823554993,4096
neural_eb,neural_bidir_seed4_eb,fixed,36,5,1,0.04670824110507965,4096
dfe,none,fixed,40,5,1,0.0793997198343277,0
neural_eb,neural_bidir_seed0_eb,fixed,40,5,1,0.052083469927310944,4096
neural_eb,neural_bidir_seed1_eb,fixed,40,5,1,0.05375232174992561,4096
neural_eb,neural_bidir_seed2_eb,fixed,40,5,1,0.04544641822576523,4096
neural_eb,neural_bidir_seed3_eb,fixed,40,5,1,0.04343763738870621,4096
neural_eb,neural_bidir_seed4_eb,fixed,40,5,1,0.04659522697329521,4096
summary_ridge_eb,none,fixed,44,5,1,0.04100077971816063,4096
dfe,none,fixed,48,5,1,0.07047437131404877,0
constant_mean_eb,none,fixed,48,5,1,0.05646749213337898,4096
dfe,none,fixed,52,5,1,0.06828105449676514,0
neural_eb,neural_bidir_seed0_eb,fixed,52,5,1,0.04784482344985008,4096
neural_eb,neural_bidir_seed1_eb,fixed,52,5,1,0.04877278208732605,4096
neural_eb,neural_bidir_seed2_eb,fixed,52,5,1,0.04263385385274887,4096
neural_eb,neural_bidir_seed3_eb,fixed,52,5,1,0.04107682406902313,4096
neural_eb,neural_bidir_seed4_eb,fixed,52,5,1,0.04307331517338753,4096
dfe,none,fixed,60,5,1,0.0651378408074379,0
constant_mean_eb,none,fixed,60,5,1,0.053908322006464005,4096
constant_mean_eb,none,fixed,64,5,1,0.05215589702129364,4096
dfe,none,fixed,72,5,1,0.05937478318810463,0
constant_mean_eb,none,fixed,76,5,1,0.048848800361156464,4096
neural_eb,neural_bidir_seed0_eb,fixed,76,5,1,0.0443081259727478,4096
neural_eb,neural_bidir_seed1_eb,fixed,76,5,1,0.0447680726647377,4096
neural_eb,neural_bidir_seed2_eb,fixed,76,5,1,0.039883848279714584,4096
neural_eb,neural_bidir_seed3_eb,fixed,76,5,1,0.038594525307416916,4096
neural_eb,neural_bidir_seed4_eb,fixed,76,5,1,0.039966385811567307,4096
summary_ridge_eb,none,fixed,80,5,1,0.03596331179141998,4096
dfe,none,fixed,84,5,1,0.054934632033109665,0
dfe,none,fixed,92,5,1,0.05158113315701485,0
dfe,none,fixed,128,5,1,0.04524725675582886,0
constant_mean_eb,none,fixed,128,5,1,0.04072904214262962,4096
neural_eb,neural_bidir_seed0_eb,fixed,128,5,1,0.03749498724937439,4096
neural_eb,neural_bidir_seed1_eb,fixed,128,5,1,0.03779353201389313,4096
neural_eb,neural_bidir_seed2_eb,fixed,128,5,1,0.034927770495414734,4096
neural_eb,neural_bidir_seed3_eb,fixed,128,5,1,0.03422170504927635,4096
neural_eb,neural_bidir_seed4_eb,fixed,128,5,1,0.03480013459920883,4096
dfe,none,fixed,192,5,1,0.03568942844867706,0
constant_mean_eb,none,fixed,192,5,1,0.033188555389642715,4096
summary_ridge_eb,none,fixed,192,5,1,0.02876363880932331,4096
neural_eb,neural_bidir_seed0_eb,fixed,192,5,1,0.032068222761154175,4096
neural_eb,neural_bidir_seed1_eb,fixed,192,5,1,0.032184481620788574,4096
neural_eb,neural_bidir_seed2_eb,fixed,192,5,1,0.03078814223408699,4096
neural_eb,neural_bidir_seed3_eb,fixed,192,5,1,0.030353859066963196,4096
neural_eb,neural_bidir_seed4_eb,fixed,192,5,1,0.03046322613954544,4096
dfe,none,fixed,256,5,1,0.03157936781644821,0
constant_mean_eb,none,fixed,256,5,1,0.029834844172000885,4096
summary_ridge_eb,none,fixed,256,5,1,0.026594340801239014,4096
neural_eb,neural_bidir_seed0_eb,fixed,256,5,1,0.02853061817586422,4096
neural_eb,neural_bidir_seed1_eb,fixed,256,5,1,0.02859436348080635,4096
neural_eb,neural_bidir_seed2_eb,fixed,256,5,1,0.027622465044260025,4096
neural_eb,neural_bidir_seed3_eb,fixed,256,5,1,0.02750810608267784,4096
neural_eb,neural_bidir_seed4_eb,fixed,256,5,1,0.02730509638786316,4096
summary_ridge_eb,none,pilot,3,5,1,0.044100940227508545,4096
neural_eb,neural_bidir_seed0_eb,pilot,3,5,1,0.06265358626842499,4096
neural_eb,neural_bidir_seed1_eb,pilot,3,5,1,0.06653623282909393,4096
neural_eb,neural_bidir_seed2_eb,pilot,3,5,1,0.05081106349825859,4096
neural_eb,neural_bidir_seed3_eb,pilot,3,5,1,0.04768859222531319,4096
neural_eb,neural_bidir_seed4_eb,pilot,3,5,1,0.052541930228471756,4096
constant_mean_prior,none,none,0,5,2,0.10373494774103165,4096
constant_median_prior,none,none,0,5,2,0.10317196696996689,4096
summary_ridge_prior,none,none,0,5,2,0.046661101281642914,4096
product_affine_prior,none,none,0,5,2,0.05381276458501816,4096
exact_marginal_affine_prior,none,none,0,5,2,0.05839400738477707,4096
neural_prior,neural_bidir_seed0_prior,none,0,5,2,0.06708147376775742,4096
neural_prior,neural_bidir_seed1_prior,none,0,5,2,0.07270560413599014,4096
neural_prior,neural_bidir_seed2_prior,none,0,5,2,0.05340934544801712,4096
neural_prior,neural_bidir_seed3_prior,none,0,5,2,0.04997821897268295,4096
neural_prior,neural_bidir_seed4_prior,none,0,5,2,0.05634915828704834,4096
neural_eb,neural_bidir_seed0_eb,fixed,4,5,2,0.06480485200881958,4096
neural_eb,neural_bidir_seed1_eb,fixed,4,5,2,0.06974203884601593,4096
neural_eb,neural_bidir_seed2_eb,fixed,4,5,2,0.05224296823143959,4096
neural_eb,neural_bidir_seed3_eb,fixed,4,5,2,0.04909120500087738,4096
neural_eb,neural_bidir_seed4_eb,fixed,4,5,2,0.05507858097553253,4096
constant_mean_eb,none,fixed,20,5,2,0.07488913834095001,4096
constant_mean_eb,none,fixed,24,5,2,0.07208440452814102,4096
summary_ridge_eb,none,fixed,24,5,2,0.04523777216672897,4096
neural_eb,neural_bidir_seed0_eb,fixed,24,5,2,0.0573168508708477,4096
neural_eb,neural_bidir_seed1_eb,fixed,24,5,2,0.060254357755184174,4096
neural_eb,neural_bidir_seed2_eb,fixed,24,5,2,0.048765555024147034,4096
neural_eb,neural_bidir_seed3_eb,fixed,24,5,2,0.04629730433225632,4096
neural_eb,neural_bidir_seed4_eb,fixed,24,5,2,0.05056467652320862,4096
constant_mean_eb,none,fixed,32,5,2,0.06670637428760529,4096
constant_mean_eb,none,fixed,36,5,2,0.06228622421622276,4096
neural_eb,neural_bidir_seed0_eb,fixed,36,5,2,0.052023857831954956,4096
neural_eb,neural_bidir_seed1_eb,fixed,36,5,2,0.05424344912171364,4096
neural_eb,neural_bidir_seed2_eb,fixed,36,5,2,0.04462183639407158,4096
neural_eb,neural_bidir_seed3_eb,fixed,36,5,2,0.04263884574174881,4096
neural_eb,neural_bidir_seed4_eb,fixed,36,5,2,0.046567484736442566,4096
dfe,none,fixed,40,5,2,0.08138704299926758,0
neural_eb,neural_bidir_seed0_eb,fixed,40,5,2,0.052202340215444565,4096
neural_eb,neural_bidir_seed1_eb,fixed,40,5,2,0.05432797223329544,4096
neural_eb,neural_bidir_seed2_eb,fixed,40,5,2,0.045193951576948166,4096
neural_eb,neural_bidir_seed3_eb,fixed,40,5,2,0.04304714500904083,4096
neural_eb,neural_bidir_seed4_eb,fixed,40,5,2,0.04677508771419525,4096
summary_ridge_eb,none,fixed,44,5,2,0.04062404856085777,4096
dfe,none,fixed,48,5,2,0.07164831459522247,0
constant_mean_eb,none,fixed,48,5,2,0.0574771873652935,4096
dfe,none,fixed,52,5,2,0.06931275129318237,0
neural_eb,neural_bidir_seed0_eb,fixed,52,5,2,0.04796401038765907,4096
neural_eb,neural_bidir_seed1_eb,fixed,52,5,2,0.04948680102825165,4096
neural_eb,neural_bidir_seed2_eb,fixed,52,5,2,0.042140278965234756,4096
neural_eb,neural_bidir_seed3_eb,fixed,52,5,2,0.04031003266572952,4096
neural_eb,neural_bidir_seed4_eb,fixed,52,5,2,0.04323959723114967,4096
dfe,none,fixed,60,5,2,0.0639684796333313,0
constant_mean_eb,none,fixed,60,5,2,0.052250996232032776,4096
constant_mean_eb,none,fixed,64,5,2,0.051491815596818924,4096
dfe,none,fixed,72,5,2,0.059162892401218414,0
constant_mean_eb,none,fixed,76,5,2,0.04843277484178543,4096
neural_eb,neural_bidir_seed0_eb,fixed,76,5,2,0.04333619028329849,4096
neural_eb,neural_bidir_seed1_eb,fixed,76,5,2,0.0445006787776947,4096
neural_eb,neural_bidir_seed2_eb,fixed,76,5,2,0.039160408079624176,4096
neural_eb,neural_bidir_seed3_eb,fixed,76,5,2,0.0376250222325325,4096
neural_eb,neural_bidir_seed4_eb,fixed,76,5,2,0.0399409756064415,4096
summary_ridge_eb,none,fixed,80,5,2,0.03629959747195244,4096
dfe,none,fixed,84,5,2,0.05414388328790665,0
dfe,none,fixed,92,5,2,0.051841795444488525,0
dfe,none,fixed,128,5,2,0.04422800987958908,0
constant_mean_eb,none,fixed,128,5,2,0.03971545025706291,4096
neural_eb,neural_bidir_seed0_eb,fixed,128,5,2,0.03623129427433014,4096
neural_eb,neural_bidir_seed1_eb,fixed,128,5,2,0.03700166195631027,4096
neural_eb,neural_bidir_seed2_eb,fixed,128,5,2,0.03342067822813988,4096
neural_eb,neural_bidir_seed3_eb,fixed,128,5,2,0.03235612437129021,4096
neural_eb,neural_bidir_seed4_eb,fixed,128,5,2,0.03393145650625229,4096
dfe,none,fixed,192,5,2,0.03593699261546135,0
constant_mean_eb,none,fixed,192,5,2,0.03330310434103012,4096
summary_ridge_eb,none,fixed,192,5,2,0.02849550172686577,4096
neural_eb,neural_bidir_seed0_eb,fixed,192,5,2,0.031447842717170715,4096
neural_eb,neural_bidir_seed1_eb,fixed,192,5,2,0.03187815099954605,4096
neural_eb,neural_bidir_seed2_eb,fixed,192,5,2,0.02970370091497898,4096
neural_eb,neural_bidir_seed3_eb,fixed,192,5,2,0.028980595991015434,4096
neural_eb,neural_bidir_seed4_eb,fixed,192,5,2,0.029982605949044228,4096
dfe,none,fixed,256,5,2,0.031168583780527115,0
constant_mean_eb,none,fixed,256,5,2,0.029211774468421936,4096
summary_ridge_eb,none,fixed,256,5,2,0.025995120406150818,4096
neural_eb,neural_bidir_seed0_eb,fixed,256,5,2,0.027700763195753098,4096
neural_eb,neural_bidir_seed1_eb,fixed,256,5,2,0.02805892750620842,4096
neural_eb,neural_bidir_seed2_eb,fixed,256,5,2,0.02639014646410942,4096
neural_eb,neural_bidir_seed3_eb,fixed,256,5,2,0.025903139263391495,4096
neural_eb,neural_bidir_seed4_eb,fixed,256,5,2,0.026688233017921448,4096
summary_ridge_eb,none,pilot,3,5,2,0.0462941899895668,4096
neural_eb,neural_bidir_seed0_eb,pilot,3,5,2,0.06571279466152191,4096
neural_eb,neural_bidir_seed1_eb,pilot,3,5,2,0.07083966583013535,4096
neural_eb,neural_bidir_seed2_eb,pilot,3,5,2,0.05283871293067932,4096
neural_eb,neural_bidir_seed3_eb,pilot,3,5,2,0.04956597834825516,4096
neural_eb,neural_bidir_seed4_eb,pilot,3,5,2,0.05556409806013107,4096
constant_mean_prior,none,none,0,5,3,0.1042684018611908,4096
constant_median_prior,none,none,0,5,3,0.10266798734664917,4096
summary_ridge_prior,none,none,0,5,3,0.052274465560913086,4096
product_affine_prior,none,none,0,5,3,0.05513191968202591,4096
exact_marginal_affine_prior,none,none,0,5,3,0.058825861662626266,4096
neural_prior,neural_bidir_seed0_prior,none,0,5,3,0.06696295738220215,4096
neural_prior,neural_bidir_seed1_prior,none,0,5,3,0.07206679880619049,4096
neural_prior,neural_bidir_seed2_prior,none,0,5,3,0.05405581742525101,4096
neural_prior,neural_bidir_seed3_prior,none,0,5,3,0.05042906105518341,4096
neural_prior,neural_bidir_seed4_prior,none,0,5,3,0.056351423263549805,4096
neural_eb,neural_bidir_seed0_eb,fixed,4,5,3,0.06612800061702728,4096
neural_eb,neural_bidir_seed1_eb,fixed,4,5,3,0.0708412453532219,4096
neural_eb,neural_bidir_seed2_eb,fixed,4,5,3,0.053880780935287476,4096
neural_eb,neural_bidir_seed3_eb,fixed,4,5,3,0.05042906105518341,4096
neural_eb,neural_bidir_seed4_eb,fixed,4,5,3,0.05603839457035065,4096
constant_mean_eb,none,fixed,20,5,3,0.0781494602560997,4096
constant_mean_eb,none,fixed,24,5,3,0.07258634269237518,4096
summary_ridge_eb,none,fixed,24,5,3,0.05003803223371506,4096
neural_eb,neural_bidir_seed0_eb,fixed,24,5,3,0.06097216159105301,4096
neural_eb,neural_bidir_seed1_eb,fixed,24,5,3,0.06342537701129913,4096
neural_eb,neural_bidir_seed2_eb,fixed,24,5,3,0.053716957569122314,4096
neural_eb,neural_bidir_seed3_eb,fixed,24,5,3,0.05195184797048569,4096
neural_eb,neural_bidir_seed4_eb,fixed,24,5,3,0.054789286106824875,4096
constant_mean_eb,none,fixed,32,5,3,0.06655670702457428,4096
constant_mean_eb,none,fixed,36,5,3,0.0655512809753418,4096
neural_eb,neural_bidir_seed0_eb,fixed,36,5,3,0.05726446211338043,4096
neural_eb,neural_bidir_seed1_eb,fixed,36,5,3,0.05932792276144028,4096
neural_eb,neural_bidir_seed2_eb,fixed,36,5,3,0.051484473049640656,4096
neural_eb,neural_bidir_seed3_eb,fixed,36,5,3,0.050642549991607666,4096
neural_eb,neural_bidir_seed4_eb,fixed,36,5,3,0.05222322791814804,4096
dfe,none,fixed,40,5,3,0.08133848011493683,0
neural_eb,neural_bidir_seed0_eb,fixed,40,5,3,0.056330058723688126,4096
neural_eb,neural_bidir_seed1_eb,fixed,40,5,3,0.05820006877183914,4096
neural_eb,neural_bidir_seed2_eb,fixed,40,5,3,0.05121753364801407,4096
neural_eb,neural_bidir_seed3_eb,fixed,40,5,3,0.050624746829271317,4096
neural_eb,neural_bidir_seed4_eb,fixed,40,5,3,0.05174314230680466,4096
summary_ridge_eb,none,fixed,44,5,3,0.046403221786022186,4096
dfe,none,fixed,48,5,3,0.07101716846227646,0
constant_mean_eb,none,fixed,48,5,3,0.05819065496325493,4096
dfe,none,fixed,52,5,3,0.06822850555181503,0
neural_eb,neural_bidir_seed0_eb,fixed,52,5,3,0.05367999151349068,4096
neural_eb,neural_bidir_seed1_eb,fixed,52,5,3,0.0548752024769783,4096
neural_eb,neural_bidir_seed2_eb,fixed,52,5,3,0.05040520057082176,4096
neural_eb,neural_bidir_seed3_eb,fixed,52,5,3,0.05047097057104111,4096
neural_eb,neural_bidir_seed4_eb,fixed,52,5,3,0.050689518451690674,4096
dfe,none,fixed,60,5,3,0.06384193152189255,0
constant_mean_eb,none,fixed,60,5,3,0.05399133265018463,4096
constant_mean_eb,none,fixed,64,5,3,0.05206519737839699,4096
dfe,none,fixed,72,5,3,0.059847619384527206,0
constant_mean_eb,none,fixed,76,5,3,0.04963944852352142,4096
neural_eb,neural_bidir_seed0_eb,fixed,76,5,3,0.04964771121740341,4096
neural_eb,neural_bidir_seed1_eb,fixed,76,5,3,0.05020933598279953,4096
neural_eb,neural_bidir_seed2_eb,fixed,76,5,3,0.049152921885252,4096
neural_eb,neural_bidir_seed3_eb,fixed,76,5,3,0.05042906105518341,4096
neural_eb,neural_bidir_seed4_eb,fixed,76,5,3,0.04881086200475693,4096
summary_ridge_eb,none,fixed,80,5,3,0.043459970504045486,4096
dfe,none,fixed,84,5,3,0.05452384799718857,0
dfe,none,fixed,92,5,3,0.05259253829717636,0
dfe,none,fixed,128,5,3,0.044513873755931854,0
constant_mean_eb,none,fixed,128,5,3,0.040275588631629944,4096
neural_eb,neural_bidir_seed0_eb,fixed,128,5,3,0.04356915503740311,4096
neural_eb,neural_bidir_seed1_eb,fixed,128,5,3,0.04317764937877655,4096
neural_eb,neural_bidir_seed2_eb,fixed,128,5,3,0.046745285391807556,4096
neural_eb,neural_bidir_seed3_eb,fixed,128,5,3,0.05042906105518341,4096
neural_eb,neural_bidir_seed4_eb,fixed,128,5,3,0.04534690082073212,4096
dfe,none,fixed,192,5,3,0.036769427359104156,0
constant_mean_eb,none,fixed,192,5,3,0.03435985743999481,4096
summary_ridge_eb,none,fixed,192,5,3,0.03585691377520561,4096
neural_eb,neural_bidir_seed0_eb,fixed,192,5,3,0.038348808884620667,4096
neural_eb,neural_bidir_seed1_eb,fixed,192,5,3,0.03752470016479492,4096
neural_eb,neural_bidir_seed2_eb,fixed,192,5,3,0.044203583151102066,4096
neural_eb,neural_bidir_seed3_eb,fixed,192,5,3,0.05042906105518341,4096
neural_eb,neural_bidir_seed4_eb,fixed,192,5,3,0.04186377674341202,4096
dfe,none,fixed,256,5,3,0.030760865658521652,0
constant_mean_eb,none,fixed,256,5,3,0.02879253402352333,4096
summary_ridge_eb,none,fixed,256,5,3,0.03201267495751381,4096
neural_eb,neural_bidir_seed0_eb,fixed,256,5,3,0.03332388028502464,4096
neural_eb,neural_bidir_seed1_eb,fixed,256,5,3,0.03224225714802742,4096
neural_eb,neural_bidir_seed2_eb,fixed,256,5,3,0.04150402173399925,4096
neural_eb,neural_bidir_seed3_eb,fixed,256,5,3,0.05042906105518341,4096
neural_eb,neural_bidir_seed4_eb,fixed,256,5,3,0.03840717300772667,4096
summary_ridge_eb,none,pilot,3,5,3,0.051966942846775055,4096
neural_eb,neural_bidir_seed0_eb,pilot,3,5,3,0.06636817753314972,4096
neural_eb,neural_bidir_seed1_eb,pilot,3,5,3,0.07119478285312653,4096
neural_eb,neural_bidir_seed2_eb,pilot,3,5,3,0.053932927548885345,4096
neural_eb,neural_bidir_seed3_eb,pilot,3,5,3,0.05042906105518341,4096
neural_eb,neural_bidir_seed4_eb,pilot,3,5,3,0.056146785616874695,4096
constant_mean_prior,none,none,0,5,4,0.10369490087032318,4096
constant_median_prior,none,none,0,5,4,0.10280440747737885,4096
summary_ridge_prior,none,none,0,5,4,0.04871973395347595,4096
product_affine_prior,none,none,0,5,4,0.05489082261919975,4096
exact_marginal_affine_prior,none,none,0,5,4,0.05884421244263649,4096
neural_prior,neural_bidir_seed0_prior,none,0,5,4,0.06749475002288818,4096
neural_prior,neural_bidir_seed1_prior,none,0,5,4,0.07305663079023361,4096
neural_prior,neural_bidir_seed2_prior,none,0,5,4,0.05397743359208107,4096
neural_prior,neural_bidir_seed3_prior,none,0,5,4,0.05035145953297615,4096
neural_prior,neural_bidir_seed4_prior,none,0,5,4,0.05686258524656296,4096
neural_eb,neural_bidir_seed0_eb,fixed,4,5,4,0.06597141921520233,4096
neural_eb,neural_bidir_seed1_eb,fixed,4,5,4,0.07091724872589111,4096
neural_eb,neural_bidir_seed2_eb,fixed,4,5,4,0.05338476598262787,4096
neural_eb,neural_bidir_seed3_eb,fixed,4,5,4,0.049923382699489594,4096
neural_eb,neural_bidir_seed4_eb,fixed,4,5,4,0.05603073537349701,4096
constant_mean_eb,none,fixed,20,5,4,0.07637403905391693,4096
constant_mean_eb,none,fixed,24,5,4,0.07188622653484344,4096
summary_ridge_eb,none,fixed,24,5,4,0.04631582647562027,4096
neural_eb,neural_bidir_seed0_eb,fixed,24,5,4,0.05844014883041382,4096
neural_eb,neural_bidir_seed1_eb,fixed,24,5,4,0.06137198954820633,4096
neural_eb,neural_bidir_seed2_eb,fixed,24,5,4,0.05005043372511864,4096
neural_eb,neural_bidir_seed3_eb,fixed,24,5,4,0.04767291992902756,4096
neural_eb,neural_bidir_seed4_eb,fixed,24,5,4,0.051585838198661804,4096
constant_mean_eb,none,fixed,32,5,4,0.06474153697490692,4096
constant_mean_eb,none,fixed,36,5,4,0.06282149255275726,4096
neural_eb,neural_bidir_seed0_eb,fixed,36,5,4,0.05331914499402046,4096
neural_eb,neural_bidir_seed1_eb,fixed,36,5,4,0.0555722713470459,4096
neural_eb,neural_bidir_seed2_eb,fixed,36,5,4,0.0461789034307003,4096
neural_eb,neural_bidir_seed3_eb,fixed,36,5,4,0.04433674365282059,4096
neural_eb,neural_bidir_seed4_eb,fixed,36,5,4,0.047492846846580505,4096
dfe,none,fixed,40,5,4,0.07925872504711151,0
neural_eb,neural_bidir_seed0_eb,fixed,40,5,4,0.05084674805402756,4096
neural_eb,neural_bidir_seed1_eb,fixed,40,5,4,0.05244093015789986,4096
neural_eb,neural_bidir_seed2_eb,fixed,40,5,4,0.044968701899051666,4096
neural_eb,neural_bidir_seed3_eb,fixed,40,5,4,0.04333081468939781,4096
neural_eb,neural_bidir_seed4_eb,fixed,40,5,4,0.046141497790813446,4096
summary_ridge_eb,none,fixed,44,5,4,0.042310792952775955,4096
dfe,none,fixed,48,5,4,0.07219156622886658,0
constant_mean_eb,none,fixed,48,5,4,0.056543223559856415,4096
dfe,none,fixed,52,5,4,0.06981603801250458,0
neural_eb,neural_bidir_seed0_eb,fixed,52,5,4,0.04848601296544075,4096
neural_eb,neural_bidir_seed1_eb,fixed,52,5,4,0.04987700656056404,4096
neural_eb,neural_bidir_seed2_eb,fixed,52,5,4,0.04351109266281128,4096
neural_eb,neural_bidir_seed3_eb,fixed,52,5,4,0.042059190571308136,4096
neural_eb,neural_bidir_seed4_eb,fixed,52,5,4,0.04440988600254059,4096
dfe,none,fixed,60,5,4,0.06480282545089722,0
constant_mean_eb,none,fixed,60,5,4,0.05275740474462509,4096
constant_mean_eb,none,fixed,64,5,4,0.05280838906764984,4096
dfe,none,fixed,72,5,4,0.059579864144325256,0
constant_mean_eb,none,fixed,76,5,4,0.048517126590013504,4096
neural_eb,neural_bidir_seed0_eb,fixed,76,5,4,0.044200122356414795,4096
neural_eb,neural_bidir_seed1_eb,fixed,76,5,4,0.04512370005249977,4096
neural_eb,neural_bidir_seed2_eb,fixed,76,5,4,0.04048622399568558,4096
neural_eb,neural_bidir_seed3_eb,fixed,76,5,4,0.039496053010225296,4096
neural_eb,neural_bidir_seed4_eb,fixed,76,5,4,0.04082704335451126,4096
summary_ridge_eb,none,fixed,80,5,4,0.03843522444367409,4096
dfe,none,fixed,84,5,4,0.05482674390077591,0
dfe,none,fixed,92,5,4,0.050983015447854996,0
dfe,none,fixed,128,5,4,0.04471055045723915,0
constant_mean_eb,none,fixed,128,5,4,0.03961770236492157,4096
neural_eb,neural_bidir_seed0_eb,fixed,128,5,4,0.03657642379403114,4096
neural_eb,neural_bidir_seed1_eb,fixed,128,5,4,0.03707190603017807,4096
neural_eb,neural_bidir_seed2_eb,fixed,128,5,4,0.03490620106458664,4096
neural_eb,neural_bidir_seed3_eb,fixed,128,5,4,0.034740641713142395,4096
neural_eb,neural_bidir_seed4_eb,fixed,128,5,4,0.03491973131895065,4096
dfe,none,fixed,192,5,4,0.035779520869255066,0
constant_mean_eb,none,fixed,192,5,4,0.033228032290935516,4096
summary_ridge_eb,none,fixed,192,5,4,0.03136598318815231,4096
neural_eb,neural_bidir_seed0_eb,fixed,192,5,4,0.03139401227235794,4096
neural_eb,neural_bidir_seed1_eb,fixed,192,5,4,0.031747251749038696,4096
neural_eb,neural_bidir_seed2_eb,fixed,192,5,4,0.030690954998135567,4096
neural_eb,neural_bidir_seed3_eb,fixed,192,5,4,0.031002404168248177,4096
neural_eb,neural_bidir_seed4_eb,fixed,192,5,4,0.03072458878159523,4096
dfe,none,fixed,256,5,4,0.03092765435576439,0
constant_mean_eb,none,fixed,256,5,4,0.029018132016062737,4096
summary_ridge_eb,none,fixed,256,5,4,0.028357403352856636,4096
neural_eb,neural_bidir_seed0_eb,fixed,256,5,4,0.028212815523147583,4096
neural_eb,neural_bidir_seed1_eb,fixed,256,5,4,0.02832493558526039,4096
neural_eb,neural_bidir_seed2_eb,fixed,256,5,4,0.02787984348833561,4096
neural_eb,neural_bidir_seed3_eb,fixed,256,5,4,0.02828112058341503,4096
neural_eb,neural_bidir_seed4_eb,fixed,256,5,4,0.027750937268137932,4096
summary_ridge_eb,none,pilot,3,5,4,0.048470668494701385,4096
neural_eb,neural_bidir_seed0_eb,pilot,3,5,4,0.06614501029253006,4096
neural_eb,neural_bidir_seed1_eb,pilot,3,5,4,0.07120729237794876,4096
neural_eb,neural_bidir_seed2_eb,pilot,3,5,4,0.053462546318769455,4096
neural_eb,neural_bidir_seed3_eb,pilot,3,5,4,0.05003524199128151,4096
neural_eb,neural_bidir_seed4_eb,pilot,3,5,4,0.05624207481741905,4096
constant_mean_prior,none,none,0,6,0,0.10797055065631866,4096
constant_median_prior,none,none,0,6,0,0.10332228243350983,4096
summary_ridge_prior,none,none,0,6,0,0.05151413753628731,4096
product_affine_prior,none,none,0,6,0,0.05136619508266449,4096
exact_marginal_affine_prior,none,none,0,6,0,0.05582389980554581,4096
neural_prior,neural_bidir_seed0_prior,none,0,6,0,0.06464454531669617,4096
neural_prior,neural_bidir_seed1_prior,none,0,6,0,0.06783211976289749,4096
neural_prior,neural_bidir_seed2_prior,none,0,6,0,0.05233805626630783,4096
neural_prior,neural_bidir_seed3_prior,none,0,6,0,0.04926418513059616,4096
neural_prior,neural_bidir_seed4_prior,none,0,6,0,0.05451115965843201,4096
neural_eb,neural_bidir_seed0_eb,fixed,4,6,0,0.06285326182842255,4096
neural_eb,neural_bidir_seed1_eb,fixed,4,6,0,0.06548456847667694,4096
neural_eb,neural_bidir_seed2_eb,fixed,4,6,0,0.05164197459816933,4096
neural_eb,neural_bidir_seed3_eb,fixed,4,6,0,0.048840347677469254,4096
neural_eb,neural_bidir_seed4_eb,fixed,4,6,0,0.05377926677465439,4096
constant_mean_eb,none,fixed,20,6,0,0.07884839177131653,4096
constant_mean_eb,none,fixed,24,6,0,0.0735412985086441,4096
summary_ridge_eb,none,fixed,24,6,0,0.050382621586322784,4096
neural_eb,neural_bidir_seed0_eb,fixed,24,6,0,0.05942356586456299,4096
neural_eb,neural_bidir_seed1_eb,fixed,24,6,0,0.061065517365932465,4096
neural_eb,neural_bidir_seed2_eb,fixed,24,6,0,0.051127515733242035,4096
neural_eb,neural_bidir_seed3_eb,fixed,24,6,0,0.04898999631404877,4096
neural_eb,neural_bidir_seed4_eb,fixed,24,6,0,0.05277709662914276,4096
constant_mean_eb,none,fixed,32,6,0,0.06693514436483383,4096
constant_mean_eb,none,fixed,36,6,0,0.06442101299762726,4096
neural_eb,neural_bidir_seed0_eb,fixed,36,6,0,0.0545111745595932,4096
neural_eb,neural_bidir_seed1_eb,fixed,36,6,0,0.05590655282139778,4096
neural_eb,neural_bidir_seed2_eb,fixed,36,6,0,0.047526177018880844,4096
neural_eb,neural_bidir_seed3_eb,fixed,36,6,0,0.04581887274980545,4096
neural_eb,neural_bidir_seed4_eb,fixed,36,6,0,0.04911257326602936,4096
dfe,none,fixed,40,6,0,0.08087895065546036,0
neural_eb,neural_bidir_seed0_eb,fixed,40,6,0,0.05366657301783562,4096
neural_eb,neural_bidir_seed1_eb,fixed,40,6,0,0.054859913885593414,4096
neural_eb,neural_bidir_seed2_eb,fixed,40,6,0,0.04713136702775955,4096
neural_eb,neural_bidir_seed3_eb,fixed,40,6,0,0.04564634710550308,4096
neural_eb,neural_bidir_seed4_eb,fixed,40,6,0,0.04870699346065521,4096
summary_ridge_eb,none,fixed,44,6,0,0.04411432147026062,4096
dfe,none,fixed,48,6,0,0.07101747393608093,0
constant_mean_eb,none,fixed,48,6,0,0.05633600801229477,4096
dfe,none,fixed,52,6,0,0.0693126767873764,0
neural_eb,neural_bidir_seed0_eb,fixed,52,6,0,0.04995347559452057,4096
neural_eb,neural_bidir_seed1_eb,fixed,52,6,0,0.050617706030607224,4096
neural_eb,neural_bidir_seed2_eb,fixed,52,6,0,0.04515228047966957,4096
neural_eb,neural_bidir_seed3_eb,fixed,52,6,0,0.04419700801372528,4096
neural_eb,neural_bidir_seed4_eb,fixed,52,6,0,0.04670776426792145,4096
dfe,none,fixed,60,6,0,0.06360066682100296,0
constant_mean_eb,none,fixed,60,6,0,0.052824683487415314,4096
constant_mean_eb,none,fixed,64,6,0,0.05275929346680641,4096
dfe,none,fixed,72,6,0,0.059246793389320374,0
constant_mean_eb,none,fixed,76,6,0,0.04963933676481247,4096
neural_eb,neural_bidir_seed0_eb,fixed,76,6,0,0.04592328518629074,4096
neural_eb,neural_bidir_seed1_eb,fixed,76,6,0,0.04614203795790672,4096
neural_eb,neural_bidir_seed2_eb,fixed,76,6,0,0.04247283190488815,4096
neural_eb,neural_bidir_seed3_eb,fixed,76,6,0,0.042168788611888885,4096
neural_eb,neural_bidir_seed4_eb,fixed,76,6,0,0.04381616413593292,4096
summary_ridge_eb,none,fixed,80,6,0,0.039363618940114975,4096
dfe,none,fixed,84,6,0,0.05454493314027786,0
dfe,none,fixed,92,6,0,0.05250056833028793,0
dfe,none,fixed,128,6,0,0.043847762048244476,0
constant_mean_eb,none,fixed,128,6,0,0.039222702383995056,4096
neural_eb,neural_bidir_seed0_eb,fixed,128,6,0,0.03817027807235718,4096
neural_eb,neural_bidir_seed1_eb,fixed,128,6,0,0.03799724578857422,4096
neural_eb,neural_bidir_seed2_eb,fixed,128,6,0,0.0375109538435936,4096
neural_eb,neural_bidir_seed3_eb,fixed,128,6,0,0.03833901882171631,4096
neural_eb,neural_bidir_seed4_eb,fixed,128,6,0,0.03859695792198181,4096
dfe,none,fixed,192,6,0,0.0359003022313118,0
constant_mean_eb,none,fixed,192,6,0,0.033392827957868576,4096
summary_ridge_eb,none,fixed,192,6,0,0.030215412378311157,4096
neural_eb,neural_bidir_seed0_eb,fixed,192,6,0,0.032426752150058746,4096
neural_eb,neural_bidir_seed1_eb,fixed,192,6,0,0.032318390905857086,4096
neural_eb,neural_bidir_seed2_eb,fixed,192,6,0,0.03259984031319618,4096
neural_eb,neural_bidir_seed3_eb,fixed,192,6,0,0.03397562727332115,4096
neural_eb,neural_bidir_seed4_eb,fixed,192,6,0,0.03343198448419571,4096
dfe,none,fixed,256,6,0,0.031029488891363144,0
constant_mean_eb,none,fixed,256,6,0,0.029450461268424988,4096
summary_ridge_eb,none,fixed,256,6,0,0.027020163834095,4096
neural_eb,neural_bidir_seed0_eb,fixed,256,6,0,0.029278067871928215,4096
neural_eb,neural_bidir_seed1_eb,fixed,256,6,0,0.02900800108909607,4096
neural_eb,neural_bidir_seed2_eb,fixed,256,6,0,0.02981225587427616,4096
neural_eb,neural_bidir_seed3_eb,fixed,256,6,0,0.03152228891849518,4096
neural_eb,neural_bidir_seed4_eb,fixed,256,6,0,0.030521709471940994,4096
summary_ridge_eb,none,pilot,3,6,0,0.05052824318408966,4096
neural_eb,neural_bidir_seed0_eb,pilot,3,6,0,0.06349308788776398,4096
neural_eb,neural_bidir_seed1_eb,pilot,3,6,0,0.0663682371377945,4096
neural_eb,neural_bidir_seed2_eb,pilot,3,6,0,0.051853910088539124,4096
neural_eb,neural_bidir_seed3_eb,pilot,3,6,0,0.048940081149339676,4096
neural_eb,neural_bidir_seed4_eb,pilot,3,6,0,0.05396164581179619,4096
constant_mean_prior,none,none,0,6,1,0.10945679247379303,4096
constant_median_prior,none,none,0,6,1,0.10629099607467651,4096
summary_ridge_prior,none,none,0,6,1,0.05038074404001236,4096
product_affine_prior,none,none,0,6,1,0.053090743720531464,4096
exact_marginal_affine_prior,none,none,0,6,1,0.05648800730705261,4096
neural_prior,neural_bidir_seed0_prior,none,0,6,1,0.06494913250207901,4096
neural_prior,neural_bidir_seed1_prior,none,0,6,1,0.06760033220052719,4096
neural_prior,neural_bidir_seed2_prior,none,0,6,1,0.05239454284310341,4096
neural_prior,neural_bidir_seed3_prior,none,0,6,1,0.04892104119062424,4096
neural_prior,neural_bidir_seed4_prior,none,0,6,1,0.053524620831012726,4096
neural_eb,neural_bidir_seed0_eb,fixed,4,6,1,0.06353117525577545,4096
neural_eb,neural_bidir_seed1_eb,fixed,4,6,1,0.0656341165304184,4096
neural_eb,neural_bidir_seed2_eb,fixed,4,6,1,0.05165237933397293,4096
neural_eb,neural_bidir_seed3_eb,fixed,4,6,1,0.048344798386096954,4096
neural_eb,neural_bidir_seed4_eb,fixed,4,6,1,0.052658017724752426,4096
constant_mean_eb,none,fixed,20,6,1,0.07911773771047592,4096
constant_mean_eb,none,fixed,24,6,1,0.0736691877245903,4096
summary_ridge_eb,none,fixed,24,6,1,0.051138363778591156,4096
neural_eb,neural_bidir_seed0_eb,fixed,24,6,1,0.059405650943517685,4096
neural_eb,neural_bidir_seed1_eb,fixed,24,6,1,0.0615820586681366,4096
neural_eb,neural_bidir_seed2_eb,fixed,24,6,1,0.0502568781375885,4096
neural_eb,neural_bidir_seed3_eb,fixed,24,6,1,0.04743614047765732,4096
neural_eb,neural_bidir_seed4_eb,fixed,24,6,1,0.05146816372871399,4096
constant_mean_eb,none,fixed,32,6,1,0.06757748126983643,4096
constant_mean_eb,none,fixed,36,6,1,0.0644616037607193,4096
neural_eb,neural_bidir_seed0_eb,fixed,36,6,1,0.054583147168159485,4096
neural_eb,neural_bidir_seed1_eb,fixed,36,6,1,0.05604872107505798,4096
neural_eb,neural_bidir_seed2_eb,fixed,36,6,1,0.04698862507939339,4096
neural_eb,neural_bidir_seed3_eb,fixed,36,6,1,0.04459351673722267,4096
neural_eb,neural_bidir_seed4_eb,fixed,36,6,1,0.047816917300224304,4096
dfe,none,fixed,40,6,1,0.07963962852954865,0
neural_eb,neural_bidir_seed0_eb,fixed,40,6,1,0.052774857729673386,4096
neural_eb,neural_bidir_seed1_eb,fixed,40,6,1,0.05392890051007271,4096
neural_eb,neural_bidir_seed2_eb,fixed,40,6,1,0.04581403359770775,4096
neural_eb,neural_bidir_seed3_eb,fixed,40,6,1,0.04372694715857506,4096
neural_eb,neural_bidir_seed4_eb,fixed,40,6,1,0.046743541955947876,4096
summary_ridge_eb,none,fixed,44,6,1,0.0450521856546402,4096
dfe,none,fixed,48,6,1,0.0735744908452034,0
constant_mean_eb,none,fixed,48,6,1,0.058575861155986786,4096
dfe,none,fixed,52,6,1,0.06953798979520798,0
neural_eb,neural_bidir_seed0_eb,fixed,52,6,1,0.04991748929023743,4096
neural_eb,neural_bidir_seed1_eb,fixed,52,6,1,0.05085612088441849,4096
neural_eb,neural_bidir_seed2_eb,fixed,52,6,1,0.04366897791624069,4096
neural_eb,neural_bidir_seed3_eb,fixed,52,6,1,0.04170258343219757,4096
neural_eb,neural_bidir_seed4_eb,fixed,52,6,1,0.04449097067117691,4096
dfe,none,fixed,60,6,1,0.06521235406398773,0
constant_mean_eb,none,fixed,60,6,1,0.054404255002737045,4096
constant_mean_eb,none,fixed,64,6,1,0.0524166114628315,4096
dfe,none,fixed,72,6,1,0.05895494669675827,0
constant_mean_eb,none,fixed,76,6,1,0.049643658101558685,4096
neural_eb,neural_bidir_seed0_eb,fixed,76,6,1,0.04401605203747749,4096
neural_eb,neural_bidir_seed1_eb,fixed,76,6,1,0.044693782925605774,4096
neural_eb,neural_bidir_seed2_eb,fixed,76,6,1,0.03942970186471939,4096
neural_eb,neural_bidir_seed3_eb,fixed,76,6,1,0.03792257234454155,4096
neural_eb,neural_bidir_seed4_eb,fixed,76,6,1,0.039885710924863815,4096
summary_ridge_eb,none,fixed,80,6,1,0.04002872854471207,4096
dfe,none,fixed,84,6,1,0.0539313443005085,0
dfe,none,fixed,92,6,1,0.052914611995220184,0
dfe,none,fixed,128,6,1,0.044921085238456726,0
constant_mean_eb,none,fixed,128,6,1,0.04073135927319527,4096
neural_eb,neural_bidir_seed0_eb,fixed,128,6,1,0.03752691298723221,4096
neural_eb,neural_bidir_seed1_eb,fixed,128,6,1,0.03797675669193268,4096
neural_eb,neural_bidir_seed2_eb,fixed,128,6,1,0.034476302564144135,4096
neural_eb,neural_bidir_seed3_eb,fixed,128,6,1,0.03351421654224396,4096
neural_eb,neural_bidir_seed4_eb,fixed,128,6,1,0.034946173429489136,4096
dfe,none,fixed,192,6,1,0.0359412282705307,0
constant_mean_eb,none,fixed,192,6,1,0.033448703587055206,4096
summary_ridge_eb,none,fixed,192,6,1,0.030285991728305817,4096
neural_eb,neural_bidir_seed0_eb,fixed,192,6,1,0.03184153884649277,4096
neural_eb,neural_bidir_seed1_eb,fixed,192,6,1,0.03208677098155022,4096
neural_eb,neural_bidir_seed2_eb,fixed,192,6,1,0.029750704765319824,4096
neural_eb,neural_bidir_seed3_eb,fixed,192,6,1,0.028971126303076744,4096
neural_eb,neural_bidir_seed4_eb,fixed,192,6,1,0.029891550540924072,4096
dfe,none,fixed,256,6,1,0.031168144196271896,0
constant_mean_eb,none,fixed,256,6,1,0.029311316087841988,4096
summary_ridge_eb,none,fixed,256,6,1,0.02741527184844017,4096
neural_eb,neural_bidir_seed0_eb,fixed,256,6,1,0.028204813599586487,4096
neural_eb,neural_bidir_seed1_eb,fixed,256,6,1,0.02830660715699196,4096
neural_eb,neural_bidir_seed2_eb,fixed,256,6,1,0.026991860941052437,4096
neural_eb,neural_bidir_seed3_eb,fixed,256,6,1,0.026546116918325424,4096
neural_eb,neural_bidir_seed4_eb,fixed,256,6,1,0.02705642580986023,4096
summary_ridge_eb,none,pilot,3,6,1,0.050336021929979324,4096
neural_eb,neural_bidir_seed0_eb,pilot,3,6,1,0.06344953179359436,4096
neural_eb,neural_bidir_seed1_eb,pilot,3,6,1,0.0657835453748703,4096
neural_eb,neural_bidir_seed2_eb,pilot,3,6,1,0.05151280015707016,4096
neural_eb,neural_bidir_seed3_eb,pilot,3,6,1,0.04822137951850891,4096
neural_eb,neural_bidir_seed4_eb,pilot,3,6,1,0.0526653453707695,4096
constant_mean_prior,none,none,0,6,2,0.10657067596912384,4096
constant_median_prior,none,none,0,6,2,0.10258357226848602,4096
summary_ridge_prior,none,none,0,6,2,0.05087192356586456,4096
product_affine_prior,none,none,0,6,2,0.052320271730422974,4096
exact_marginal_affine_prior,none,none,0,6,2,0.0565493181347847,4096
neural_prior,neural_bidir_seed0_prior,none,0,6,2,0.06588341295719147,4096
neural_prior,neural_bidir_seed1_prior,none,0,6,2,0.06940309703350067,4096
neural_prior,neural_bidir_seed2_prior,none,0,6,2,0.053723521530628204,4096
neural_prior,neural_bidir_seed3_prior,none,0,6,2,0.05050487071275711,4096
neural_prior,neural_bidir_seed4_prior,none,0,6,2,0.05647983402013779,4096
neural_eb,neural_bidir_seed0_eb,fixed,4,6,2,0.06509700417518616,4096
neural_eb,neural_bidir_seed1_eb,fixed,4,6,2,0.0681857317686081,4096
neural_eb,neural_bidir_seed2_eb,fixed,4,6,2,0.053708165884017944,4096
neural_eb,neural_bidir_seed3_eb,fixed,4,6,2,0.050485022366046906,4096
neural_eb,neural_bidir_seed4_eb,fixed,4,6,2,0.05641808360815048,4096
constant_mean_eb,none,fixed,20,6,2,0.07627731561660767,4096
constant_mean_eb,none,fixed,24,6,2,0.07267624139785767,4096
summary_ridge_eb,none,fixed,24,6,2,0.05250599980354309,4096
neural_eb,neural_bidir_seed0_eb,fixed,24,6,2,0.061517320573329926,4096
neural_eb,neural_bidir_seed1_eb,fixed,24,6,2,0.06342442333698273,4096
neural_eb,neural_bidir_seed2_eb,fixed,24,6,2,0.0554765909910202,4096
neural_eb,neural_bidir_seed3_eb,fixed,24,6,2,0.05219323933124542,4096
neural_eb,neural_bidir_seed4_eb,fixed,24,6,2,0.05770304799079895,4096
constant_mean_eb,none,fixed,32,6,2,0.06691469997167587,4096
constant_mean_eb,none,fixed,36,6,2,0.06366686522960663,4096
neural_eb,neural_bidir_seed0_eb,fixed,36,6,2,0.0572381466627121,4096
neural_eb,neural_bidir_seed1_eb,fixed,36,6,2,0.05835721641778946,4096
neural_eb,neural_bidir_seed2_eb,fixed,36,6,2,0.053924936801195145,4096
neural_eb,neural_bidir_seed3_eb,fixed,36,6,2,0.05061332881450653,4096
neural_eb,neural_bidir_seed4_eb,fixed,36,6,2,0.05578361451625824,4096
dfe,none,fixed,40,6,2,0.07899673283100128,0
neural_eb,neural_bidir_seed0_eb,fixed,40,6,2,0.056794531643390656,4096
neural_eb,neural_bidir_seed1_eb,fixed,40,6,2,0.057578593492507935,4096
neural_eb,neural_bidir_seed2_eb,fixed,40,6,2,0.05360334739089012,4096
neural_eb,neural_bidir_seed3_eb,fixed,40,6,2,0.05028202384710312,4096
neural_eb,neural_bidir_seed4_eb,fixed,40,6,2,0.05547129362821579,4096
summary_ridge_eb,none,fixed,44,6,2,0.0470152273774147,4096
dfe,none,fixed,48,6,2,0.07412756234407425,0
constant_mean_eb,none,fixed,48,6,2,0.058447450399398804,4096
dfe,none,fixed,52,6,2,0.06874719262123108,0
neural_eb,neural_bidir_seed0_eb,fixed,52,6,2,0.05419618636369705,4096
neural_eb,neural_bidir_seed1_eb,fixed,52,6,2,0.05460250750184059,4096
neural_eb,neural_bidir_seed2_eb,fixed,52,6,2,0.053398072719573975,4096
neural_eb,neural_bidir_seed3_eb,fixed,52,6,2,0.050052061676979065,4096
neural_eb,neural_bidir_seed4_eb,fixed,52,6,2,0.05499985069036484,4096
dfe,none,fixed,60,6,2,0.06430086493492126,0
constant_mean_eb,none,fixed,60,6,2,0.053738072514534,4096
constant_mean_eb,none,fixed,64,6,2,0.05185969918966293,4096
dfe,none,fixed,72,6,2,0.05937344953417778,0
constant_mean_eb,none,fixed,76,6,2,0.048458609730005264,4096
neural_eb,neural_bidir_seed0_eb,fixed,76,6,2,0.05025037005543709,4096
neural_eb,neural_bidir_seed1_eb,fixed,76,6,2,0.05000846087932587,4096
neural_eb,neural_bidir_seed2_eb,fixed,76,6,2,0.05317879840731621,4096
neural_eb,neural_bidir_seed3_eb,fixed,76,6,2,0.04977630823850632,4096
neural_eb,neural_bidir_seed4_eb,fixed,76,6,2,0.05434250086545944,4096
summary_ridge_eb,none,fixed,80,6,2,0.04100774601101875,4096
dfe,none,fixed,84,6,2,0.05584407597780228,0
dfe,none,fixed,92,6,2,0.05338343232870102,0
dfe,none,fixed,128,6,2,0.04369392991065979,0
constant_mean_eb,none,fixed,128,6,2,0.03921918943524361,4096
neural_eb,neural_bidir_seed0_eb,fixed,128,6,2,0.043002523481845856,4096
neural_eb,neural_bidir_seed1_eb,fixed,128,6,2,0.04176616296172142,4096
neural_eb,neural_bidir_seed2_eb,fixed,128,6,2,0.052856408059597015,4096
neural_eb,neural_bidir_seed3_eb,fixed,128,6,2,0.04936155676841736,4096
neural_eb,neural_bidir_seed4_eb,fixed,128,6,2,0.053132861852645874,4096
dfe,none,fixed,192,6,2,0.03710009157657623,0
constant_mean_eb,none,fixed,192,6,2,0.03445490449666977,4096
summary_ridge_eb,none,fixed,192,6,2,0.031943608075380325,4096
neural_eb,neural_bidir_seed0_eb,fixed,192,6,2,0.037736792117357254,4096
neural_eb,neural_bidir_seed1_eb,fixed,192,6,2,0.036495696753263474,4096
neural_eb,neural_bidir_seed2_eb,fixed,192,6,2,0.052455682307481766,4096
neural_eb,neural_bidir_seed3_eb,fixed,192,6,2,0.04883350431919098,4096
neural_eb,neural_bidir_seed4_eb,fixed,192,6,2,0.051692258566617966,4096
dfe,none,fixed,256,6,2,0.03126917779445648,0
constant_mean_eb,none,fixed,256,6,2,0.029616624116897583,4096
summary_ridge_eb,none,fixed,256,6,2,0.02784472331404686,4096
neural_eb,neural_bidir_seed0_eb,fixed,256,6,2,0.03308916464447975,4096
neural_eb,neural_bidir_seed1_eb,fixed,256,6,2,0.031684186309576035,4096
neural_eb,neural_bidir_seed2_eb,fixed,256,6,2,0.0520002506673336,4096
neural_eb,neural_bidir_seed3_eb,fixed,256,6,2,0.04822410270571709,4096
neural_eb,neural_bidir_seed4_eb,fixed,256,6,2,0.05011230334639549,4096
summary_ridge_eb,none,pilot,3,6,2,0.05017276853322983,4096
neural_eb,neural_bidir_seed0_eb,pilot,3,6,2,0.06515789031982422,4096
neural_eb,neural_bidir_seed1_eb,pilot,3,6,2,0.06833268702030182,4096
neural_eb,neural_bidir_seed2_eb,pilot,3,6,2,0.05371022969484329,4096
neural_eb,neural_bidir_seed3_eb,pilot,3,6,2,0.050488296896219254,4096
neural_eb,neural_bidir_seed4_eb,pilot,3,6,2,0.05642107129096985,4096
constant_mean_prior,none,none,0,6,3,0.11190328001976013,4096
constant_median_prior,none,none,0,6,3,0.10873241722583771,4096
summary_ridge_prior,none,none,0,6,3,0.044767558574676514,4096
product_affine_prior,none,none,0,6,3,0.051483385264873505,4096
exact_marginal_affine_prior,none,none,0,6,3,0.05613202974200249,4096
neural_prior,neural_bidir_seed0_prior,none,0,6,3,0.06524397432804108,4096
neural_prior,neural_bidir_seed1_prior,none,0,6,3,0.06813900172710419,4096
neural_prior,neural_bidir_seed2_prior,none,0,6,3,0.05360626429319382,4096
neural_prior,neural_bidir_seed3_prior,none,0,6,3,0.050411321222782135,4096
neural_prior,neural_bidir_seed4_prior,none,0,6,3,0.05477652698755264,4096
neural_eb,neural_bidir_seed0_eb,fixed,4,6,3,0.06359647214412689,4096
neural_eb,neural_bidir_seed1_eb,fixed,4,6,3,0.0662747174501419,4096
neural_eb,neural_bidir_seed2_eb,fixed,4,6,3,0.05260791629552841,4096
neural_eb,neural_bidir_seed3_eb,fixed,4,6,3,0.049543365836143494,4096
neural_eb,neural_bidir_seed4_eb,fixed,4,6,3,0.053661905229091644,4096
constant_mean_eb,none,fixed,20,6,3,0.08162769675254822,4096
constant_mean_eb,none,fixed,24,6,3,0.07687152922153473,4096
summary_ridge_eb,none,fixed,24,6,3,0.04585614055395126,4096
neural_eb,neural_bidir_seed0_eb,fixed,24,6,3,0.060211487114429474,4096
neural_eb,neural_bidir_seed1_eb,fixed,24,6,3,0.062303073704242706,4096
neural_eb,neural_bidir_seed2_eb,fixed,24,6,3,0.05188275873661041,4096
neural_eb,neural_bidir_seed3_eb,fixed,24,6,3,0.049326468259096146,4096
neural_eb,neural_bidir_seed4_eb,fixed,24,6,3,0.052602022886276245,4096
constant_mean_eb,none,fixed,32,6,3,0.06869397312402725,4096
constant_mean_eb,none,fixed,36,6,3,0.06602954119443893,4096
neural_eb,neural_bidir_seed0_eb,fixed,36,6,3,0.05524614453315735,4096
neural_eb,neural_bidir_seed1_eb,fixed,36,6,3,0.056985270231962204,4096
neural_eb,neural_bidir_seed2_eb,fixed,36,6,3,0.048197366297245026,4096
neural_eb,neural_bidir_seed3_eb,fixed,36,6,3,0.04592438042163849,4096
neural_eb,neural_bidir_seed4_eb,fixed,36,6,3,0.049008049070835114,4096
dfe,none,fixed,40,6,3,0.07956556975841522,0
neural_eb,neural_bidir_seed0_eb,fixed,40,6,3,0.053576912730932236,4096
neural_eb,neural_bidir_seed1_eb,fixed,40,6,3,0.05503956973552704,4096
neural_eb,neural_bidir_seed2_eb,fixed,40,6,3,0.047066062688827515,4096
neural_eb,neural_bidir_seed3_eb,fixed,40,6,3,0.04498951882123947,4096
neural_eb,neural_bidir_seed4_eb,fixed,40,6,3,0.04803590476512909,4096
summary_ridge_eb,none,fixed,44,6,3,0.042022958397865295,4096
dfe,none,fixed,48,6,3,0.07202677428722382,0
constant_mean_eb,none,fixed,48,6,3,0.05907036364078522,4096
dfe,none,fixed,52,6,3,0.06950537115335464,0
neural_eb,neural_bidir_seed0_eb,fixed,52,6,3,0.04929003119468689,4096
neural_eb,neural_bidir_seed1_eb,fixed,52,6,3,0.050460513681173325,4096
neural_eb,neural_bidir_seed2_eb,fixed,52,6,3,0.04415079951286316,4096
neural_eb,neural_bidir_seed3_eb,fixed,52,6,3,0.042619165033102036,4096
neural_eb,neural_bidir_seed4_eb,fixed,52,6,3,0.04502402991056442,4096
dfe,none,fixed,60,6,3,0.06510795652866364,0
constant_mean_eb,none,fixed,60,6,3,0.05422147735953331,4096
constant_mean_eb,none,fixed,64,6,3,0.05335637181997299,4096
dfe,none,fixed,72,6,3,0.05849684029817581,0
constant_mean_eb,none,fixed,76,6,3,0.048753898590803146,4096
neural_eb,neural_bidir_seed0_eb,fixed,76,6,3,0.044249869883060455,4096
neural_eb,neural_bidir_seed1_eb,fixed,76,6,3,0.04502775892615318,4096
neural_eb,neural_bidir_seed2_eb,fixed,76,6,3,0.04059179499745369,4096
neural_eb,neural_bidir_seed3_eb,fixed,76,6,3,0.039440371096134186,4096
neural_eb,neural_bidir_seed4_eb,fixed,76,6,3,0.04117933660745621,4096
summary_ridge_eb,none,fixed,80,6,3,0.03698204085230827,4096
dfe,none,fixed,84,6,3,0.054295942187309265,0
dfe,none,fixed,92,6,3,0.05308711156249046,0
dfe,none,fixed,128,6,3,0.04403140768408775,0
constant_mean_eb,none,fixed,128,6,3,0.040354691445827484,4096
neural_eb,neural_bidir_seed0_eb,fixed,128,6,3,0.037219367921352386,4096
neural_eb,neural_bidir_seed1_eb,fixed,128,6,3,0.03786110132932663,4096
neural_eb,neural_bidir_seed2_eb,fixed,128,6,3,0.03485114872455597,4096
neural_eb,neural_bidir_seed3_eb,fixed,128,6,3,0.03420198708772659,4096
neural_eb,neural_bidir_seed4_eb,fixed,128,6,3,0.03536629304289818,4096
dfe,none,fixed,192,6,3,0.036040592938661575,0
constant_mean_eb,none,fixed,192,6,3,0.03380314260721207,4096
summary_ridge_eb,none,fixed,192,6,3,0.029105277732014656,4096
neural_eb,neural_bidir_seed0_eb,fixed,192,6,3,0.031727008521556854,4096
neural_eb,neural_bidir_seed1_eb,fixed,192,6,3,0.0320766419172287,4096
neural_eb,neural_bidir_seed2_eb,fixed,192,6,3,0.030082130804657936,4096
neural_eb,neural_bidir_seed3_eb,fixed,192,6,3,0.029587438330054283,4096
neural_eb,neural_bidir_seed4_eb,fixed,192,6,3,0.0303456112742424,4096
dfe,none,fixed,256,6,3,0.03095715306699276,0
constant_mean_eb,none,fixed,256,6,3,0.029528647661209106,4096
summary_ridge_eb,none,fixed,256,6,3,0.026415066793560982,4096
neural_eb,neural_bidir_seed0_eb,fixed,256,6,3,0.028332695364952087,4096
neural_eb,neural_bidir_seed1_eb,fixed,256,6,3,0.028579410165548325,4096
neural_eb,neural_bidir_seed2_eb,fixed,256,6,3,0.02713276818394661,4096
neural_eb,neural_bidir_seed3_eb,fixed,256,6,3,0.026851380243897438,4096
neural_eb,neural_bidir_seed4_eb,fixed,256,6,3,0.02734377235174179,4096
summary_ridge_eb,none,pilot,3,6,3,0.04436349868774414,4096
neural_eb,neural_bidir_seed0_eb,pilot,3,6,3,0.06354819238185883,4096
neural_eb,neural_bidir_seed1_eb,pilot,3,6,3,0.06627015024423599,4096
neural_eb,neural_bidir_seed2_eb,pilot,3,6,3,0.052667729556560516,4096
neural_eb,neural_bidir_seed3_eb,pilot,3,6,3,0.049719445407390594,4096
neural_eb,neural_bidir_seed4_eb,pilot,3,6,3,0.05393308028578758,4096
constant_mean_prior,none,none,0,6,4,0.11002958565950394,4096
constant_median_prior,none,none,0,6,4,0.11127617210149765,4096
summary_ridge_prior,none,none,0,6,4,0.045639485120773315,4096
product_affine_prior,none,none,0,6,4,0.050854943692684174,4096
exact_marginal_affine_prior,none,none,0,6,4,0.055661726742982864,4096
neural_prior,neural_bidir_seed0_prior,none,0,6,4,0.06516341865062714,4096
neural_prior,neural_bidir_seed1_prior,none,0,6,4,0.06886596977710724,4096
neural_prior,neural_bidir_seed2_prior,none,0,6,4,0.05221060663461685,4096
neural_prior,neural_bidir_seed3_prior,none,0,6,4,0.0487365797162056,4096
neural_prior,neural_bidir_seed4_prior,none,0,6,4,0.053501714020967484,4096
neural_eb,neural_bidir_seed0_eb,fixed,4,6,4,0.06307855248451233,4096
neural_eb,neural_bidir_seed1_eb,fixed,4,6,4,0.06642525643110275,4096
neural_eb,neural_bidir_seed2_eb,fixed,4,6,4,0.05100460350513458,4096
neural_eb,neural_bidir_seed3_eb,fixed,4,6,4,0.047782860696315765,4096
neural_eb,neural_bidir_seed4_eb,fixed,4,6,4,0.05223046988248825,4096
constant_mean_eb,none,fixed,20,6,4,0.07926979660987854,4096
constant_mean_eb,none,fixed,24,6,4,0.07348282635211945,4096
summary_ridge_eb,none,fixed,24,6,4,0.046579405665397644,4096
neural_eb,neural_bidir_seed0_eb,fixed,24,6,4,0.05988813191652298,4096
neural_eb,neural_bidir_seed1_eb,fixed,24,6,4,0.06191353499889374,4096
neural_eb,neural_bidir_seed2_eb,fixed,24,6,4,0.05111878365278244,4096
neural_eb,neural_bidir_seed3_eb,fixed,24,6,4,0.04821076616644859,4096
neural_eb,neural_bidir_seed4_eb,fixed,24,6,4,0.05185127258300781,4096
constant_mean_eb,none,fixed,32,6,4,0.06779037415981293,4096
constant_mean_eb,none,fixed,36,6,4,0.06444545835256577,4096
neural_eb,neural_bidir_seed0_eb,fixed,36,6,4,0.05429760739207268,4096
neural_eb,neural_bidir_seed1_eb,fixed,36,6,4,0.05589492619037628,4096
neural_eb,neural_bidir_seed2_eb,fixed,36,6,4,0.04733068123459816,4096
neural_eb,neural_bidir_seed3_eb,fixed,36,6,4,0.04485040530562401,4096
neural_eb,neural_bidir_seed4_eb,fixed,36,6,4,0.04784109443426132,4096
dfe,none,fixed,40,6,4,0.08100796490907669,0
neural_eb,neural_bidir_seed0_eb,fixed,40,6,4,0.053644925355911255,4096
neural_eb,neural_bidir_seed1_eb,fixed,40,6,4,0.054929837584495544,4096
neural_eb,neural_bidir_seed2_eb,fixed,40,6,4,0.046493083238601685,4096
neural_eb,neural_bidir_seed3_eb,fixed,40,6,4,0.043968599289655685,4096
neural_eb,neural_bidir_seed4_eb,fixed,40,6,4,0.046833932399749756,4096
summary_ridge_eb,none,fixed,44,6,4,0.04190125688910484,4096
dfe,none,fixed,48,6,4,0.072359599173069,0
constant_mean_eb,none,fixed,48,6,4,0.05902853608131409,4096
dfe,none,fixed,52,6,4,0.06776061654090881,0
neural_eb,neural_bidir_seed0_eb,fixed,52,6,4,0.04766082391142845,4096
neural_eb,neural_bidir_seed1_eb,fixed,52,6,4,0.04890931025147438,4096
neural_eb,neural_bidir_seed2_eb,fixed,52,6,4,0.042331140488386154,4096
neural_eb,neural_bidir_seed3_eb,fixed,52,6,4,0.04053927958011627,4096
neural_eb,neural_bidir_seed4_eb,fixed,52,6,4,0.04323114454746246,4096
dfe,none,fixed,60,6,4,0.06471981853246689,0
constant_mean_eb,none,fixed,60,6,4,0.05430443584918976,4096
constant_mean_eb,none,fixed,64,6,4,0.05212736874818802,4096
dfe,none,fixed,72,6,4,0.05873395502567291,0
constant_mean_eb,none,fixed,76,6,4,0.04832550138235092,4096
neural_eb,neural_bidir_seed0_eb,fixed,76,6,4,0.04345153272151947,4096
neural_eb,neural_bidir_seed1_eb,fixed,76,6,4,0.04444485902786255,4096
neural_eb,neural_bidir_seed2_eb,fixed,76,6,4,0.03961624577641487,4096
neural_eb,neural_bidir_seed3_eb,fixed,76,6,4,0.038001012057065964,4096
neural_eb,neural_bidir_seed4_eb,fixed,76,6,4,0.04033840820193291,4096
summary_ridge_eb,none,fixed,80,6,4,0.037185944616794586,4096
dfe,none,fixed,84,6,4,0.05473656952381134,0
dfe,none,fixed,92,6,4,0.05154312402009964,0
dfe,none,fixed,128,6,4,0.04469103366136551,0
constant_mean_eb,none,fixed,128,6,4,0.040785051882267,4096
neural_eb,neural_bidir_seed0_eb,fixed,128,6,4,0.037794798612594604,4096
neural_eb,neural_bidir_seed1_eb,fixed,128,6,4,0.03830456733703613,4096
neural_eb,neural_bidir_seed2_eb,fixed,128,6,4,0.035149239003658295,4096
neural_eb,neural_bidir_seed3_eb,fixed,128,6,4,0.03405367583036423,4096
neural_eb,neural_bidir_seed4_eb,fixed,128,6,4,0.035485949367284775,4096
dfe,none,fixed,192,6,4,0.03605933487415314,0
constant_mean_eb,none,fixed,192,6,4,0.03372439369559288,4096
summary_ridge_eb,none,fixed,192,6,4,0.02920715883374214,4096
neural_eb,neural_bidir_seed0_eb,fixed,192,6,4,0.0321403332054615,4096
neural_eb,neural_bidir_seed1_eb,fixed,192,6,4,0.03247501701116562,4096
neural_eb,neural_bidir_seed2_eb,fixed,192,6,4,0.03062380664050579,4096
neural_eb,neural_bidir_seed3_eb,fixed,192,6,4,0.02986031398177147,4096
neural_eb,neural_bidir_seed4_eb,fixed,192,6,4,0.030905740335583687,4096
dfe,none,fixed,256,6,4,0.031592778861522675,0
constant_mean_eb,none,fixed,256,6,4,0.029944438487291336,4096
summary_ridge_eb,none,fixed,256,6,4,0.026439789682626724,4096
neural_eb,neural_bidir_seed0_eb,fixed,256,6,4,0.028717000037431717,4096
neural_eb,neural_bidir_seed1_eb,fixed,256,6,4,0.02897278219461441,4096
neural_eb,neural_bidir_seed2_eb,fixed,256,6,4,0.027358828112483025,4096
neural_eb,neural_bidir_seed3_eb,fixed,256,6,4,0.026727166026830673,4096
neural_eb,neural_bidir_seed4_eb,fixed,256,6,4,0.027547266334295273,4096
summary_ridge_eb,none,pilot,3,6,4,0.04508807882666588,4096
neural_eb,neural_bidir_seed0_eb,pilot,3,6,4,0.06391201168298721,4096
neural_eb,neural_bidir_seed1_eb,pilot,3,6,4,0.06746412068605423,4096
neural_eb,neural_bidir_seed2_eb,pilot,3,6,4,0.051557861268520355,4096
neural_eb,neural_bidir_seed3_eb,pilot,3,6,4,0.048267364501953125,4096
neural_eb,neural_bidir_seed4_eb,pilot,3,6,4,0.05279667302966118,4096
constant_mean_prior,none,none,0,7,0,0.10953844338655472,4096
constant_median_prior,none,none,0,7,0,0.10669119656085968,4096
summary_ridge_prior,none,none,0,7,0,0.04713352397084236,4096
product_affine_prior,none,none,0,7,0,0.05141337215900421,4096
exact_marginal_affine_prior,none,none,0,7,0,0.05591117963194847,4096
neural_prior,neural_bidir_seed0_prior,none,0,7,0,0.0638628751039505,4096
neural_prior,neural_bidir_seed1_prior,none,0,7,0,0.06750006973743439,4096
neural_prior,neural_bidir_seed2_prior,none,0,7,0,0.05196850746870041,4096
neural_prior,neural_bidir_seed3_prior,none,0,7,0,0.04858582466840744,4096
neural_prior,neural_bidir_seed4_prior,none,0,7,0,0.05391380190849304,4096
neural_eb,neural_bidir_seed0_eb,fixed,4,7,0,0.06230245530605316,4096
neural_eb,neural_bidir_seed1_eb,fixed,4,7,0,0.06554149836301804,4096
neural_eb,neural_bidir_seed2_eb,fixed,4,7,0,0.05104491487145424,4096
neural_eb,neural_bidir_seed3_eb,fixed,4,7,0,0.04791652783751488,4096
neural_eb,neural_bidir_seed4_eb,fixed,4,7,0,0.05297780781984329,4096
constant_mean_eb,none,fixed,20,7,0,0.07890933752059937,4096
constant_mean_eb,none,fixed,24,7,0,0.07477529346942902,4096
summary_ridge_eb,none,fixed,24,7,0,0.04862549901008606,4096
neural_eb,neural_bidir_seed0_eb,fixed,24,7,0,0.05889219418168068,4096
neural_eb,neural_bidir_seed1_eb,fixed,24,7,0,0.061094019562006,4096
neural_eb,neural_bidir_seed2_eb,fixed,24,7,0,0.050576746463775635,4096
neural_eb,neural_bidir_seed3_eb,fixed,24,7,0,0.04800710827112198,4096
neural_eb,neural_bidir_seed4_eb,fixed,24,7,0,0.0520305372774601,4096
constant_mean_eb,none,fixed,32,7,0,0.0665896087884903,4096
constant_mean_eb,none,fixed,36,7,0,0.06452132761478424,4096
neural_eb,neural_bidir_seed0_eb,fixed,36,7,0,0.053356871008872986,4096
neural_eb,neural_bidir_seed1_eb,fixed,36,7,0,0.05541379749774933,4096
neural_eb,neural_bidir_seed2_eb,fixed,36,7,0,0.046642519533634186,4096
neural_eb,neural_bidir_seed3_eb,fixed,36,7,0,0.04439748078584671,4096
neural_eb,neural_bidir_seed4_eb,fixed,36,7,0,0.047811031341552734,4096
dfe,none,fixed,40,7,0,0.08143448829650879,0
neural_eb,neural_bidir_seed0_eb,fixed,40,7,0,0.05315559357404709,4096
neural_eb,neural_bidir_seed1_eb,fixed,40,7,0,0.055079322308301926,4096
neural_eb,neural_bidir_seed2_eb,fixed,40,7,0,0.046241395175457,4096
neural_eb,neural_bidir_seed3_eb,fixed,40,7,0,0.043976057320833206,4096
neural_eb,neural_bidir_seed4_eb,fixed,40,7,0,0.047423429787158966,4096
summary_ridge_eb,none,fixed,44,7,0,0.042687274515628815,4096
dfe,none,fixed,48,7,0,0.07282006740570068,0
constant_mean_eb,none,fixed,48,7,0,0.05882370099425316,4096
dfe,none,fixed,52,7,0,0.0685931071639061,0
neural_eb,neural_bidir_seed0_eb,fixed,52,7,0,0.047759320586919785,4096
neural_eb,neural_bidir_seed1_eb,fixed,52,7,0,0.04952734708786011,4096
neural_eb,neural_bidir_seed2_eb,fixed,52,7,0,0.04255084693431854,4096
neural_eb,neural_bidir_seed3_eb,fixed,52,7,0,0.040561653673648834,4096
neural_eb,neural_bidir_seed4_eb,fixed,52,7,0,0.043782852590084076,4096
dfe,none,fixed,60,7,0,0.06383513659238815,0
constant_mean_eb,none,fixed,60,7,0,0.05367930978536606,4096
constant_mean_eb,none,fixed,64,7,0,0.05238027125597,4096
dfe,none,fixed,72,7,0,0.05939636379480362,0
constant_mean_eb,none,fixed,76,7,0,0.05078176036477089,4096
neural_eb,neural_bidir_seed0_eb,fixed,76,7,0,0.04409918934106827,4096
neural_eb,neural_bidir_seed1_eb,fixed,76,7,0,0.045468881726264954,4096
neural_eb,neural_bidir_seed2_eb,fixed,76,7,0,0.039678238332271576,4096
neural_eb,neural_bidir_seed3_eb,fixed,76,7,0,0.038108907639980316,4096
neural_eb,neural_bidir_seed4_eb,fixed,76,7,0,0.04064130410552025,4096
summary_ridge_eb,none,fixed,80,7,0,0.03763730078935623,4096
dfe,none,fixed,84,7,0,0.055214397609233856,0
dfe,none,fixed,92,7,0,0.051809534430503845,0
dfe,none,fixed,128,7,0,0.04347248375415802,0
constant_mean_eb,none,fixed,128,7,0,0.03991371765732765,4096
neural_eb,neural_bidir_seed0_eb,fixed,128,7,0,0.0371801033616066,4096
neural_eb,neural_bidir_seed1_eb,fixed,128,7,0,0.038002483546733856,4096
neural_eb,neural_bidir_seed2_eb,fixed,128,7,0,0.034546565264463425,4096
neural_eb,neural_bidir_seed3_eb,fixed,128,7,0,0.03349659964442253,4096
neural_eb,neural_bidir_seed4_eb,fixed,128,7,0,0.035156331956386566,4096
dfe,none,fixed,192,7,0,0.03647207096219063,0
constant_mean_eb,none,fixed,192,7,0,0.03419698029756546,4096
summary_ridge_eb,none,fixed,192,7,0,0.02965056337416172,4096
neural_eb,neural_bidir_seed0_eb,fixed,192,7,0,0.03191586583852768,4096
neural_eb,neural_bidir_seed1_eb,fixed,192,7,0,0.032455816864967346,4096
neural_eb,neural_bidir_seed2_eb,fixed,192,7,0,0.030099663883447647,4096
neural_eb,neural_bidir_seed3_eb,fixed,192,7,0,0.02944742701947689,4096
neural_eb,neural_bidir_seed4_eb,fixed,192,7,0,0.030668724328279495,4096
dfe,none,fixed,256,7,0,0.03141814097762108,0
constant_mean_eb,none,fixed,256,7,0,0.02976781129837036,4096
summary_ridge_eb,none,fixed,256,7,0,0.026997441425919533,4096
neural_eb,neural_bidir_seed0_eb,fixed,256,7,0,0.027973495423793793,4096
neural_eb,neural_bidir_seed1_eb,fixed,256,7,0,0.028398677706718445,4096
neural_eb,neural_bidir_seed2_eb,fixed,256,7,0,0.026774544268846512,4096
neural_eb,neural_bidir_seed3_eb,fixed,256,7,0,0.02627124823629856,4096
neural_eb,neural_bidir_seed4_eb,fixed,256,7,0,0.027174564078450203,4096
summary_ridge_eb,none,pilot,3,7,0,0.046183787286281586,4096
neural_eb,neural_bidir_seed0_eb,pilot,3,7,0,0.0622294656932354,4096
neural_eb,neural_bidir_seed1_eb,pilot,3,7,0,0.06565681099891663,4096
neural_eb,neural_bidir_seed2_eb,pilot,3,7,0,0.05107878893613815,4096
neural_eb,neural_bidir_seed3_eb,pilot,3,7,0,0.04782279580831528,4096
neural_eb,neural_bidir_seed4_eb,pilot,3,7,0,0.05298325791954994,4096
constant_mean_prior,none,none,0,7,1,0.10715436935424805,4096
constant_median_prior,none,none,0,7,1,0.10312474519014359,4096
summary_ridge_prior,none,none,0,7,1,0.05581359192728996,4096
product_affine_prior,none,none,0,7,1,0.05454326048493385,4096
exact_marginal_affine_prior,none,none,0,7,1,0.05923985317349434,4096
neural_prior,neural_bidir_seed0_prior,none,0,7,1,0.06390281021595001,4096
neural_prior,neural_bidir_seed1_prior,none,0,7,1,0.06799677014350891,4096
neural_prior,neural_bidir_seed2_prior,none,0,7,1,0.05192471295595169,4096
neural_prior,neural_bidir_seed3_prior,none,0,7,1,0.049332670867443085,4096
neural_prior,neural_bidir_seed4_prior,none,0,7,1,0.05469270050525665,4096
neural_eb,neural_bidir_seed0_eb,fixed,4,7,1,0.06235330179333687,4096
neural_eb,neural_bidir_seed1_eb,fixed,4,7,1,0.06594788283109665,4096
neural_eb,neural_bidir_seed2_eb,fixed,4,7,1,0.05129304900765419,4096
neural_eb,neural_bidir_seed3_eb,fixed,4,7,1,0.04876881465315819,4096
neural_eb,neural_bidir_seed4_eb,fixed,4,7,1,0.05401197448372841,4096
constant_mean_eb,none,fixed,20,7,1,0.07726257294416428,4096
constant_mean_eb,none,fixed,24,7,1,0.07156543433666229,4096
summary_ridge_eb,none,fixed,24,7,1,0.05405905842781067,4096
neural_eb,neural_bidir_seed0_eb,fixed,24,7,1,0.058073077350854874,4096
neural_eb,neural_bidir_seed1_eb,fixed,24,7,1,0.060370154678821564,4096
neural_eb,neural_bidir_seed2_eb,fixed,24,7,1,0.04987621679902077,4096
neural_eb,neural_bidir_seed3_eb,fixed,24,7,1,0.04751577600836754,4096
neural_eb,neural_bidir_seed4_eb,fixed,24,7,1,0.051607757806777954,4096
constant_mean_eb,none,fixed,32,7,1,0.06656765937805176,4096
constant_mean_eb,none,fixed,36,7,1,0.06479719281196594,4096
neural_eb,neural_bidir_seed0_eb,fixed,36,7,1,0.05300892889499664,4096
neural_eb,neural_bidir_seed1_eb,fixed,36,7,1,0.05521693080663681,4096
neural_eb,neural_bidir_seed2_eb,fixed,36,7,1,0.046209946274757385,4096
neural_eb,neural_bidir_seed3_eb,fixed,36,7,1,0.04399674013257027,4096
neural_eb,neural_bidir_seed4_eb,fixed,36,7,1,0.04787791520357132,4096
dfe,none,fixed,40,7,1,0.07755971699953079,0
neural_eb,neural_bidir_seed0_eb,fixed,40,7,1,0.051904767751693726,4096
neural_eb,neural_bidir_seed1_eb,fixed,40,7,1,0.053933341056108475,4096
neural_eb,neural_bidir_seed2_eb,fixed,40,7,1,0.045552678406238556,4096
neural_eb,neural_bidir_seed3_eb,fixed,40,7,1,0.04372967779636383,4096
neural_eb,neural_bidir_seed4_eb,fixed,40,7,1,0.047334201633930206,4096
summary_ridge_eb,none,fixed,44,7,1,0.050107069313526154,4096
dfe,none,fixed,48,7,1,0.07251883298158646,0
constant_mean_eb,none,fixed,48,7,1,0.058201879262924194,4096
dfe,none,fixed,52,7,1,0.07120806723833084,0
neural_eb,neural_bidir_seed0_eb,fixed,52,7,1,0.04948241636157036,4096
neural_eb,neural_bidir_seed1_eb,fixed,52,7,1,0.05112512409687042,4096
neural_eb,neural_bidir_seed2_eb,fixed,52,7,1,0.04370224475860596,4096
neural_eb,neural_bidir_seed3_eb,fixed,52,7,1,0.04196343943476677,4096
neural_eb,neural_bidir_seed4_eb,fixed,52,7,1,0.04529719799757004,4096
dfe,none,fixed,60,7,1,0.06515327841043472,0
constant_mean_eb,none,fixed,60,7,1,0.0548524335026741,4096
constant_mean_eb,none,fixed,64,7,1,0.05282876640558243,4096
dfe,none,fixed,72,7,1,0.059518612921237946,0
constant_mean_eb,none,fixed,76,7,1,0.05051231384277344,4096
neural_eb,neural_bidir_seed0_eb,fixed,76,7,1,0.04437485709786415,4096
neural_eb,neural_bidir_seed1_eb,fixed,76,7,1,0.045412577688694,4096
neural_eb,neural_bidir_seed2_eb,fixed,76,7,1,0.03963539004325867,4096
neural_eb,neural_bidir_seed3_eb,fixed,76,7,1,0.03820820525288582,4096
neural_eb,neural_bidir_seed4_eb,fixed,76,7,1,0.04045331850647926,4096
summary_ridge_eb,none,fixed,80,7,1,0.044699378311634064,4096
dfe,none,fixed,84,7,1,0.05507183447480202,0
dfe,none,fixed,92,7,1,0.053063228726387024,0
dfe,none,fixed,128,7,1,0.04376900941133499,0
constant_mean_eb,none,fixed,128,7,1,0.03971634432673454,4096
neural_eb,neural_bidir_seed0_eb,fixed,128,7,1,0.03631122410297394,4096
neural_eb,neural_bidir_seed1_eb,fixed,128,7,1,0.036898739635944366,4096
neural_eb,neural_bidir_seed2_eb,fixed,128,7,1,0.034016553312540054,4096
neural_eb,neural_bidir_seed3_eb,fixed,128,7,1,0.03338528051972389,4096
neural_eb,neural_bidir_seed4_eb,fixed,128,7,1,0.03492859750986099,4096
dfe,none,fixed,192,7,1,0.03630676120519638,0
constant_mean_eb,none,fixed,192,7,1,0.03395337611436844,4096
summary_ridge_eb,none,fixed,192,7,1,0.036140453070402145,4096
neural_eb,neural_bidir_seed0_eb,fixed,192,7,1,0.03170666843652725,4096
neural_eb,neural_bidir_seed1_eb,fixed,192,7,1,0.03218241035938263,4096
neural_eb,neural_bidir_seed2_eb,fixed,192,7,1,0.0302107110619545,4096
neural_eb,neural_bidir_seed3_eb,fixed,192,7,1,0.029658079147338867,4096
neural_eb,neural_bidir_seed4_eb,fixed,192,7,1,0.030899900943040848,4096
dfe,none,fixed,256,7,1,0.031123086810112,0
constant_mean_eb,none,fixed,256,7,1,0.029750607907772064,4096
summary_ridge_eb,none,fixed,256,7,1,0.03269241005182266,4096
neural_eb,neural_bidir_seed0_eb,fixed,256,7,1,0.028231363743543625,4096
neural_eb,neural_bidir_seed1_eb,fixed,256,7,1,0.028538690879940987,4096
neural_eb,neural_bidir_seed2_eb,fixed,256,7,1,0.027027495205402374,4096
neural_eb,neural_bidir_seed3_eb,fixed,256,7,1,0.02656712755560875,4096
neural_eb,neural_bidir_seed4_eb,fixed,256,7,1,0.02746242843568325,4096
summary_ridge_eb,none,pilot,3,7,1,0.05540334805846214,4096
neural_eb,neural_bidir_seed0_eb,pilot,3,7,1,0.061987314373254776,4096
neural_eb,neural_bidir_seed1_eb,pilot,3,7,1,0.06570712476968765,4096
neural_eb,neural_bidir_seed2_eb,pilot,3,7,1,0.051070861518383026,4096
neural_eb,neural_bidir_seed3_eb,pilot,3,7,1,0.04870475456118584,4096
neural_eb,neural_bidir_seed4_eb,pilot,3,7,1,0.0536552295088768,4096
constant_mean_prior,none,none,0,7,2,0.10995837301015854,4096
constant_median_prior,none,none,0,7,2,0.10638945549726486,4096
summary_ridge_prior,none,none,0,7,2,0.05031265690922737,4096
product_affine_prior,none,none,0,7,2,0.053324177861213684,4096
exact_marginal_affine_prior,none,none,0,7,2,0.056212253868579865,4096
neural_prior,neural_bidir_seed0_prior,none,0,7,2,0.06394264101982117,4096
neural_prior,neural_bidir_seed1_prior,none,0,7,2,0.06745722144842148,4096
neural_prior,neural_bidir_seed2_prior,none,0,7,2,0.05187156796455383,4096
neural_prior,neural_bidir_seed3_prior,none,0,7,2,0.04842299968004227,4096
neural_prior,neural_bidir_seed4_prior,none,0,7,2,0.05351300165057182,4096
neural_eb,neural_bidir_seed0_eb,fixed,4,7,2,0.06327198445796967,4096
neural_eb,neural_bidir_seed1_eb,fixed,4,7,2,0.06653343141078949,4096
neural_eb,neural_bidir_seed2_eb,fixed,4,7,2,0.05187156796455383,4096
neural_eb,neural_bidir_seed3_eb,fixed,4,7,2,0.04842299968004227,4096
neural_eb,neural_bidir_seed4_eb,fixed,4,7,2,0.05337085574865341,4096
constant_mean_eb,none,fixed,20,7,2,0.08114951848983765,4096
constant_mean_eb,none,fixed,24,7,2,0.07458163797855377,4096
summary_ridge_eb,none,fixed,24,7,2,0.04773249104619026,4096
neural_eb,neural_bidir_seed0_eb,fixed,24,7,2,0.059901781380176544,4096
neural_eb,neural_bidir_seed1_eb,fixed,24,7,2,0.06207682937383652,4096
neural_eb,neural_bidir_seed2_eb,fixed,24,7,2,0.05317456275224686,4096
neural_eb,neural_bidir_seed3_eb,fixed,24,7,2,0.04972883313894272,4096
neural_eb,neural_bidir_seed4_eb,fixed,24,7,2,0.0535520538687706,4096
constant_mean_eb,none,fixed,32,7,2,0.06834322959184647,4096
constant_mean_eb,none,fixed,36,7,2,0.06598357856273651,4096
neural_eb,neural_bidir_seed0_eb,fixed,36,7,2,0.057209864258766174,4096
neural_eb,neural_bidir_seed1_eb,fixed,36,7,2,0.05901123583316803,4096
neural_eb,neural_bidir_seed2_eb,fixed,36,7,2,0.052146390080451965,4096
neural_eb,neural_bidir_seed3_eb,fixed,36,7,2,0.04870029166340828,4096
neural_eb,neural_bidir_seed4_eb,fixed,36,7,2,0.05202914774417877,4096
dfe,none,fixed,40,7,2,0.0803232416510582,0
neural_eb,neural_bidir_seed0_eb,fixed,40,7,2,0.056294605135917664,4096
neural_eb,neural_bidir_seed1_eb,fixed,40,7,2,0.05803270637989044,4096
neural_eb,neural_bidir_seed2_eb,fixed,40,7,2,0.05232015997171402,4096
neural_eb,neural_bidir_seed3_eb,fixed,40,7,2,0.04886925220489502,4096
neural_eb,neural_bidir_seed4_eb,fixed,40,7,2,0.05187230557203293,4096
summary_ridge_eb,none,fixed,44,7,2,0.043653346598148346,4096
dfe,none,fixed,48,7,2,0.07232401520013809,0
constant_mean_eb,none,fixed,48,7,2,0.05887231603264809,4096
dfe,none,fixed,52,7,2,0.07063006609678268,0
neural_eb,neural_bidir_seed0_eb,fixed,52,7,2,0.054345615208148956,4096
neural_eb,neural_bidir_seed1_eb,fixed,52,7,2,0.05549364537000656,4096
neural_eb,neural_bidir_seed2_eb,fixed,52,7,2,0.052016254514455795,4096
neural_eb,neural_bidir_seed3_eb,fixed,52,7,2,0.04856668412685394,4096
neural_eb,neural_bidir_seed4_eb,fixed,52,7,2,0.05097578838467598,4096
dfe,none,fixed,60,7,2,0.06484365463256836,0
constant_mean_eb,none,fixed,60,7,2,0.05427165329456329,4096
constant_mean_eb,none,fixed,64,7,2,0.05272313952445984,4096
dfe,none,fixed,72,7,2,0.05882539600133896,0
constant_mean_eb,none,fixed,76,7,2,0.05118097364902496,4096
neural_eb,neural_bidir_seed0_eb,fixed,76,7,2,0.05132710933685303,4096
neural_eb,neural_bidir_seed1_eb,fixed,76,7,2,0.05188044160604477,4096
neural_eb,neural_bidir_seed2_eb,fixed,76,7,2,0.05187156796455383,4096
neural_eb,neural_bidir_seed3_eb,fixed,76,7,2,0.04842299968004227,4096
neural_eb,neural_bidir_seed4_eb,fixed,76,7,2,0.049900393933057785,4096
summary_ridge_eb,none,fixed,80,7,2,0.03903553634881973,4096
dfe,none,fixed,84,7,2,0.05425146222114563,0
dfe,none,fixed,92,7,2,0.051406923681497574,0
dfe,none,fixed,128,7,2,0.04383999854326248,0
constant_mean_eb,none,fixed,128,7,2,0.0401165634393692,4096
neural_eb,neural_bidir_seed0_eb,fixed,128,7,2,0.04484838619828224,4096
neural_eb,neural_bidir_seed1_eb,fixed,128,7,2,0.04435848444700241,4096
neural_eb,neural_bidir_seed2_eb,fixed,128,7,2,0.05187156796455383,4096
neural_eb,neural_bidir_seed3_eb,fixed,128,7,2,0.04842299968004227,4096
neural_eb,neural_bidir_seed4_eb,fixed,128,7,2,0.047601670026779175,4096
dfe,none,fixed,192,7,2,0.036383017897605896,0
constant_mean_eb,none,fixed,192,7,2,0.033966630697250366,4096
summary_ridge_eb,none,fixed,192,7,2,0.031126853078603745,4096
neural_eb,neural_bidir_seed0_eb,fixed,192,7,2,0.038766227662563324,4096
neural_eb,neural_bidir_seed1_eb,fixed,192,7,2,0.03796340897679329,4096
neural_eb,neural_bidir_seed2_eb,fixed,192,7,2,0.05187156796455383,4096
neural_eb,neural_bidir_seed3_eb,fixed,192,7,2,0.04842299968004227,4096
neural_eb,neural_bidir_seed4_eb,fixed,192,7,2,0.04496791958808899,4096
dfe,none,fixed,256,7,2,0.031430356204509735,0
constant_mean_eb,none,fixed,256,7,2,0.029433194547891617,4096
summary_ridge_eb,none,fixed,256,7,2,0.02796703763306141,4096
neural_eb,neural_bidir_seed0_eb,fixed,256,7,2,0.03503572195768356,4096
neural_eb,neural_bidir_seed1_eb,fixed,256,7,2,0.0339498445391655,4096
neural_eb,neural_bidir_seed2_eb,fixed,256,7,2,0.05187156796455383,4096
neural_eb,neural_bidir_seed3_eb,fixed,256,7,2,0.04842299968004227,4096
neural_eb,neural_bidir_seed4_eb,fixed,256,7,2,0.042990729212760925,4096
summary_ridge_eb,none,pilot,3,7,2,0.049904048442840576,4096
neural_eb,neural_bidir_seed0_eb,pilot,3,7,2,0.06336308270692825,4096
neural_eb,neural_bidir_seed1_eb,pilot,3,7,2,0.06665397435426712,4096
neural_eb,neural_bidir_seed2_eb,pilot,3,7,2,0.05187156796455383,4096
neural_eb,neural_bidir_seed3_eb,pilot,3,7,2,0.04842299968004227,4096
neural_eb,neural_bidir_seed4_eb,pilot,3,7,2,0.05339290574193001,4096
constant_mean_prior,none,none,0,7,3,0.11090977489948273,4096
constant_median_prior,none,none,0,7,3,0.10629099607467651,4096
summary_ridge_prior,none,none,0,7,3,0.0463985875248909,4096
product_affine_prior,none,none,0,7,3,0.05086958408355713,4096
exact_marginal_affine_prior,none,none,0,7,3,0.05567912012338638,4096
neural_prior,neural_bidir_seed0_prior,none,0,7,3,0.06430170685052872,4096
neural_prior,neural_bidir_seed1_prior,none,0,7,3,0.0676071047782898,4096
neural_prior,neural_bidir_seed2_prior,none,0,7,3,0.05276492238044739,4096
neural_prior,neural_bidir_seed3_prior,none,0,7,3,0.049298714846372604,4096
neural_prior,neural_bidir_seed4_prior,none,0,7,3,0.05467436462640762,4096
neural_eb,neural_bidir_seed0_eb,fixed,4,7,3,0.06307064741849899,4096
neural_eb,neural_bidir_seed1_eb,fixed,4,7,3,0.06611406803131104,4096
neural_eb,neural_bidir_seed2_eb,fixed,4,7,3,0.052142806351184845,4096
neural_eb,neural_bidir_seed3_eb,fixed,4,7,3,0.0488356351852417,4096
neural_eb,neural_bidir_seed4_eb,fixed,4,7,3,0.05401153117418289,4096
constant_mean_eb,none,fixed,20,7,3,0.08066020905971527,4096
constant_mean_eb,none,fixed,24,7,3,0.07394039630889893,4096
summary_ridge_eb,none,fixed,24,7,3,0.04511492699384689,4096
neural_eb,neural_bidir_seed0_eb,fixed,24,7,3,0.05909991264343262,4096
neural_eb,neural_bidir_seed1_eb,fixed,24,7,3,0.06141630560159683,4096
neural_eb,neural_bidir_seed2_eb,fixed,24,7,3,0.05093124881386757,4096
neural_eb,neural_bidir_seed3_eb,fixed,24,7,3,0.0482289157807827,4096
neural_eb,neural_bidir_seed4_eb,fixed,24,7,3,0.05258464068174362,4096
constant_mean_eb,none,fixed,32,7,3,0.06879042088985443,4096
constant_mean_eb,none,fixed,36,7,3,0.06475474685430527,4096
neural_eb,neural_bidir_seed0_eb,fixed,36,7,3,0.053592413663864136,4096
neural_eb,neural_bidir_seed1_eb,fixed,36,7,3,0.05567274987697601,4096
neural_eb,neural_bidir_seed2_eb,fixed,36,7,3,0.047156840562820435,4096
neural_eb,neural_bidir_seed3_eb,fixed,36,7,3,0.04469896852970123,4096
neural_eb,neural_bidir_seed4_eb,fixed,36,7,3,0.048676036298274994,4096
dfe,none,fixed,40,7,3,0.08053118735551834,0
neural_eb,neural_bidir_seed0_eb,fixed,40,7,3,0.05299266427755356,4096
neural_eb,neural_bidir_seed1_eb,fixed,40,7,3,0.055048681795597076,4096
neural_eb,neural_bidir_seed2_eb,fixed,40,7,3,0.046833474189043045,4096
neural_eb,neural_bidir_seed3_eb,fixed,40,7,3,0.044460564851760864,4096
neural_eb,neural_bidir_seed4_eb,fixed,40,7,3,0.048229753971099854,4096
summary_ridge_eb,none,fixed,44,7,3,0.041659094393253326,4096
dfe,none,fixed,48,7,3,0.07318346202373505,0
constant_mean_eb,none,fixed,48,7,3,0.05841457471251488,4096
dfe,none,fixed,52,7,3,0.07040133327245712,0
neural_eb,neural_bidir_seed0_eb,fixed,52,7,3,0.049877144396305084,4096
neural_eb,neural_bidir_seed1_eb,fixed,52,7,3,0.05170165002346039,4096
neural_eb,neural_bidir_seed2_eb,fixed,52,7,3,0.0445883572101593,4096
neural_eb,neural_bidir_seed3_eb,fixed,52,7,3,0.04240778833627701,4096
neural_eb,neural_bidir_seed4_eb,fixed,52,7,3,0.04614206403493881,4096
dfe,none,fixed,60,7,3,0.06448140740394592,0
constant_mean_eb,none,fixed,60,7,3,0.05405106768012047,4096
constant_mean_eb,none,fixed,64,7,3,0.052088186144828796,4096
dfe,none,fixed,72,7,3,0.05727120861411095,0
constant_mean_eb,none,fixed,76,7,3,0.04987066611647606,4096
neural_eb,neural_bidir_seed0_eb,fixed,76,7,3,0.04436164349317551,4096
neural_eb,neural_bidir_seed1_eb,fixed,76,7,3,0.045886360108852386,4096
neural_eb,neural_bidir_seed2_eb,fixed,76,7,3,0.04085889458656311,4096
neural_eb,neural_bidir_seed3_eb,fixed,76,7,3,0.03918897360563278,4096
neural_eb,neural_bidir_seed4_eb,fixed,76,7,3,0.04211548715829849,4096
summary_ridge_eb,none,fixed,80,7,3,0.038305118680000305,4096
dfe,none,fixed,84,7,3,0.055550266057252884,0
dfe,none,fixed,92,7,3,0.05273829773068428,0
dfe,none,fixed,128,7,3,0.04428546130657196,0
constant_mean_eb,none,fixed,128,7,3,0.04023735970258713,4096
neural_eb,neural_bidir_seed0_eb,fixed,128,7,3,0.037376657128334045,4096
neural_eb,neural_bidir_seed1_eb,fixed,128,7,3,0.03838682174682617,4096
neural_eb,neural_bidir_seed2_eb,fixed,128,7,3,0.03542255610227585,4096
neural_eb,neural_bidir_seed3_eb,fixed,128,7,3,0.03417900577187538,4096
neural_eb,neural_bidir_seed4_eb,fixed,128,7,3,0.03633909672498703,4096
dfe,none,fixed,192,7,3,0.03588629141449928,0
constant_mean_eb,none,fixed,192,7,3,0.0334646999835968,4096
summary_ridge_eb,none,fixed,192,7,3,0.030754245817661285,4096
neural_eb,neural_bidir_seed0_eb,fixed,192,7,3,0.03178602084517479,4096
neural_eb,neural_bidir_seed1_eb,fixed,192,7,3,0.03247782215476036,4096
neural_eb,neural_bidir_seed2_eb,fixed,192,7,3,0.030769772827625275,4096
neural_eb,neural_bidir_seed3_eb,fixed,192,7,3,0.030022185295820236,4096
neural_eb,neural_bidir_seed4_eb,fixed,192,7,3,0.0316222719848156,4096
dfe,none,fixed,256,7,3,0.03097374364733696,0
constant_mean_eb,none,fixed,256,7,3,0.0294455885887146,4096
summary_ridge_eb,none,fixed,256,7,3,0.028079980984330177,4096
neural_eb,neural_bidir_seed0_eb,fixed,256,7,3,0.028538236394524574,4096
neural_eb,neural_bidir_seed1_eb,fixed,256,7,3,0.028985241428017616,4096
neural_eb,neural_bidir_seed2_eb,fixed,256,7,3,0.02792423591017723,4096
neural_eb,neural_bidir_seed3_eb,fixed,256,7,3,0.027326714247465134,4096
neural_eb,neural_bidir_seed4_eb,fixed,256,7,3,0.02847505360841751,4096
summary_ridge_eb,none,pilot,3,7,3,0.045961394906044006,4096
neural_eb,neural_bidir_seed0_eb,pilot,3,7,3,0.0630662590265274,4096
neural_eb,neural_bidir_seed1_eb,pilot,3,7,3,0.0662764236330986,4096
neural_eb,neural_bidir_seed2_eb,pilot,3,7,3,0.052169427275657654,4096
neural_eb,neural_bidir_seed3_eb,pilot,3,7,3,0.048823282122612,4096
neural_eb,neural_bidir_seed4_eb,pilot,3,7,3,0.05405649170279503,4096
constant_mean_prior,none,none,0,7,4,0.10930322110652924,4096
constant_median_prior,none,none,0,7,4,0.11184895783662796,4096
summary_ridge_prior,none,none,0,7,4,0.05041429400444031,4096
product_affine_prior,none,none,0,7,4,0.05228925868868828,4096
exact_marginal_affine_prior,none,none,0,7,4,0.05659501627087593,4096
neural_prior,neural_bidir_seed0_prior,none,0,7,4,0.06386414915323257,4096
neural_prior,neural_bidir_seed1_prior,none,0,7,4,0.06743225455284119,4096
neural_prior,neural_bidir_seed2_prior,none,0,7,4,0.051665108650922775,4096
neural_prior,neural_bidir_seed3_prior,none,0,7,4,0.04850544035434723,4096
neural_prior,neural_bidir_seed4_prior,none,0,7,4,0.05323438346385956,4096
neural_eb,neural_bidir_seed0_eb,fixed,4,7,4,0.062606580555439,4096
neural_eb,neural_bidir_seed1_eb,fixed,4,7,4,0.06606240570545197,4096
neural_eb,neural_bidir_seed2_eb,fixed,4,7,4,0.051004935055971146,4096
neural_eb,neural_bidir_seed3_eb,fixed,4,7,4,0.047911278903484344,4096
neural_eb,neural_bidir_seed4_eb,fixed,4,7,4,0.052510738372802734,4096
constant_mean_eb,none,fixed,20,7,4,0.08011345565319061,4096
constant_mean_eb,none,fixed,24,7,4,0.07457700371742249,4096
summary_ridge_eb,none,fixed,24,7,4,0.04698751121759415,4096
neural_eb,neural_bidir_seed0_eb,fixed,24,7,4,0.05844593048095703,4096
neural_eb,neural_bidir_seed1_eb,fixed,24,7,4,0.06116553395986557,4096
neural_eb,neural_bidir_seed2_eb,fixed,24,7,4,0.049669768661260605,4096
neural_eb,neural_bidir_seed3_eb,fixed,24,7,4,0.04699752852320671,4096
neural_eb,neural_bidir_seed4_eb,fixed,24,7,4,0.05092853680253029,4096
constant_mean_eb,none,fixed,32,7,4,0.06759209930896759,4096
constant_mean_eb,none,fixed,36,7,4,0.06566891074180603,4096
neural_eb,neural_bidir_seed0_eb,fixed,36,7,4,0.053896721452474594,4096
neural_eb,neural_bidir_seed1_eb,fixed,36,7,4,0.056578896939754486,4096
neural_eb,neural_bidir_seed2_eb,fixed,36,7,4,0.046047911047935486,4096
neural_eb,neural_bidir_seed3_eb,fixed,36,7,4,0.04343985766172409,4096
neural_eb,neural_bidir_seed4_eb,fixed,36,7,4,0.04715205729007721,4096
dfe,none,fixed,40,7,4,0.07969634234905243,0
neural_eb,neural_bidir_seed0_eb,fixed,40,7,4,0.05299859493970871,4096
neural_eb,neural_bidir_seed1_eb,fixed,40,7,4,0.05547969788312912,4096
neural_eb,neural_bidir_seed2_eb,fixed,40,7,4,0.04578562080860138,4096
neural_eb,neural_bidir_seed3_eb,fixed,40,7,4,0.04314243048429489,4096
neural_eb,neural_bidir_seed4_eb,fixed,40,7,4,0.04692240059375763,4096
summary_ridge_eb,none,fixed,44,7,4,0.04242251068353653,4096
dfe,none,fixed,48,7,4,0.07200289517641068,0
constant_mean_eb,none,fixed,48,7,4,0.058687951415777206,4096
dfe,none,fixed,52,7,4,0.06970484554767609,0
neural_eb,neural_bidir_seed0_eb,fixed,52,7,4,0.04975425824522972,4096
neural_eb,neural_bidir_seed1_eb,fixed,52,7,4,0.05219503864645958,4096
neural_eb,neural_bidir_seed2_eb,fixed,52,7,4,0.043713174760341644,4096
neural_eb,neural_bidir_seed3_eb,fixed,52,7,4,0.04128789156675339,4096
neural_eb,neural_bidir_seed4_eb,fixed,52,7,4,0.04492985084652901,4096
dfe,none,fixed,60,7,4,0.06521185487508774,0
constant_mean_eb,none,fixed,60,7,4,0.05385786294937134,4096
constant_mean_eb,none,fixed,64,7,4,0.052352502942085266,4096
dfe,none,fixed,72,7,4,0.06110739707946777,0
constant_mean_eb,none,fixed,76,7,4,0.04854540526866913,4096
neural_eb,neural_bidir_seed0_eb,fixed,76,7,4,0.044386740773916245,4096
neural_eb,neural_bidir_seed1_eb,fixed,76,7,4,0.046719200909137726,4096
neural_eb,neural_bidir_seed2_eb,fixed,76,7,4,0.039930056780576706,4096
neural_eb,neural_bidir_seed3_eb,fixed,76,7,4,0.037613824009895325,4096
neural_eb,neural_bidir_seed4_eb,fixed,76,7,4,0.04102633520960808,4096
summary_ridge_eb,none,fixed,80,7,4,0.03842560574412346,4096
dfe,none,fixed,84,7,4,0.05522269383072853,0
dfe,none,fixed,92,7,4,0.052271995693445206,0
dfe,none,fixed,128,7,4,0.04434335231781006,0
constant_mean_eb,none,fixed,128,7,4,0.039865631610155106,4096
neural_eb,neural_bidir_seed0_eb,fixed,128,7,4,0.038403116166591644,4096
neural_eb,neural_bidir_seed1_eb,fixed,128,7,4,0.040094032883644104,4096
neural_eb,neural_bidir_seed2_eb,fixed,128,7,4,0.035642631351947784,4096
neural_eb,neural_bidir_seed3_eb,fixed,128,7,4,0.033751122653484344,4096
neural_eb,neural_bidir_seed4_eb,fixed,128,7,4,0.03637470304965973,4096
dfe,none,fixed,192,7,4,0.03635294735431671,0
constant_mean_eb,none,fixed,192,7,4,0.03424147889018059,4096
summary_ridge_eb,none,fixed,192,7,4,0.030443325638771057,4096
neural_eb,neural_bidir_seed0_eb,fixed,192,7,4,0.03309468552470207,4096
neural_eb,neural_bidir_seed1_eb,fixed,192,7,4,0.034487709403038025,4096
neural_eb,neural_bidir_seed2_eb,fixed,192,7,4,0.03147917240858078,4096
neural_eb,neural_bidir_seed3_eb,fixed,192,7,4,0.029926352202892303,4096
neural_eb,neural_bidir_seed4_eb,fixed,192,7,4,0.03216152265667915,4096
dfe,none,fixed,256,7,4,0.031539756804704666,0
constant_mean_eb,none,fixed,256,7,4,0.029839565977454185,4096
summary_ridge_eb,none,fixed,256,7,4,0.027030209079384804,4096
neural_eb,neural_bidir_seed0_eb,fixed,256,7,4,0.029507892206311226,4096
neural_eb,neural_bidir_seed1_eb,fixed,256,7,4,0.030637415125966072,4096
neural_eb,neural_bidir_seed2_eb,fixed,256,7,4,0.028377151116728783,4096
neural_eb,neural_bidir_seed3_eb,fixed,256,7,4,0.026988180354237556,4096
neural_eb,neural_bidir_seed4_eb,fixed,256,7,4,0.02911517024040222,4096
summary_ridge_eb,none,pilot,3,7,4,0.04991411417722702,4096
neural_eb,neural_bidir_seed0_eb,pilot,3,7,4,0.06277123093605042,4096
neural_eb,neural_bidir_seed1_eb,pilot,3,7,4,0.06619469076395035,4096
neural_eb,neural_bidir_seed2_eb,pilot,3,7,4,0.05114930123090744,4096
neural_eb,neural_bidir_seed3_eb,pilot,3,7,4,0.04809169843792915,4096
neural_eb,neural_bidir_seed4_eb,pilot,3,7,4,0.052744410932064056,4096
constant_mean_prior,none,none,0,8,0,0.10663393139839172,4096
constant_median_prior,none,none,0,8,0,0.10262124240398407,4096
summary_ridge_prior,none,none,0,8,0,0.051462844014167786,4096
product_affine_prior,none,none,0,8,0,0.05293060839176178,4096
exact_marginal_affine_prior,none,none,0,8,0,0.05729491263628006,4096
neural_prior,neural_bidir_seed0_prior,none,0,8,0,0.0650014579296112,4096
neural_prior,neural_bidir_seed1_prior,none,0,8,0,0.0690610408782959,4096
neural_prior,neural_bidir_seed2_prior,none,0,8,0,0.05137975513935089,4096
neural_prior,neural_bidir_seed3_prior,none,0,8,0,0.04797365888953209,4096
neural_prior,neural_bidir_seed4_prior,none,0,8,0,0.05342688411474228,4096
neural_eb,neural_bidir_seed0_eb,fixed,4,8,0,0.06339418888092041,4096
neural_eb,neural_bidir_seed1_eb,fixed,4,8,0,0.0669844001531601,4096
neural_eb,neural_bidir_seed2_eb,fixed,4,8,0,0.05048134922981262,4096
neural_eb,neural_bidir_seed3_eb,fixed,4,8,0,0.04731640964746475,4096
neural_eb,neural_bidir_seed4_eb,fixed,4,8,0,0.05237402021884918,4096
constant_mean_eb,none,fixed,20,8,0,0.07790471613407135,4096
constant_mean_eb,none,fixed,24,8,0,0.07239136844873428,4096
summary_ridge_eb,none,fixed,24,8,0,0.04878389835357666,4096
neural_eb,neural_bidir_seed0_eb,fixed,24,8,0,0.05870973691344261,4096
neural_eb,neural_bidir_seed1_eb,fixed,24,8,0,0.06156092882156372,4096
neural_eb,neural_bidir_seed2_eb,fixed,24,8,0,0.04961611330509186,4096
neural_eb,neural_bidir_seed3_eb,fixed,24,8,0,0.04716763272881508,4096
neural_eb,neural_bidir_seed4_eb,fixed,24,8,0,0.05155092477798462,4096
constant_mean_eb,none,fixed,32,8,0,0.06653966009616852,4096
constant_mean_eb,none,fixed,36,8,0,0.06388804316520691,4096
neural_eb,neural_bidir_seed0_eb,fixed,36,8,0,0.0533624142408371,4096
neural_eb,neural_bidir_seed1_eb,fixed,36,8,0,0.05571988224983215,4096
neural_eb,neural_bidir_seed2_eb,fixed,36,8,0,0.04552818089723587,4096
neural_eb,neural_bidir_seed3_eb,fixed,36,8,0,0.04317910969257355,4096
neural_eb,neural_bidir_seed4_eb,fixed,36,8,0,0.04688521847128868,4096
dfe,none,fixed,40,8,0,0.07803978025913239,0
neural_eb,neural_bidir_seed0_eb,fixed,40,8,0,0.052425771951675415,4096
neural_eb,neural_bidir_seed1_eb,fixed,40,8,0,0.05454307049512863,4096
neural_eb,neural_bidir_seed2_eb,fixed,40,8,0,0.04469693824648857,4096
neural_eb,neural_bidir_seed3_eb,fixed,40,8,0,0.04254773259162903,4096
neural_eb,neural_bidir_seed4_eb,fixed,40,8,0,0.045816175639629364,4096
summary_ridge_eb,none,fixed,44,8,0,0.04442036151885986,4096
dfe,none,fixed,48,8,0,0.07276009023189545,0
constant_mean_eb,none,fixed,48,8,0,0.05880049988627434,4096
dfe,none,fixed,52,8,0,0.06939312815666199,0
neural_eb,neural_bidir_seed0_eb,fixed,52,8,0,0.04913748800754547,4096
neural_eb,neural_bidir_seed1_eb,fixed,52,8,0,0.05098055675625801,4096
neural_eb,neural_bidir_seed2_eb,fixed,52,8,0,0.04249728471040726,4096
neural_eb,neural_bidir_seed3_eb,fixed,52,8,0,0.0406174473464489,4096
neural_eb,neural_bidir_seed4_eb,fixed,52,8,0,0.04375668615102768,4096
dfe,none,fixed,60,8,0,0.06369566917419434,0
constant_mean_eb,none,fixed,60,8,0,0.05241855978965759,4096
constant_mean_eb,none,fixed,64,8,0,0.0543188713490963,4096
dfe,none,fixed,72,8,0,0.05829799175262451,0
constant_mean_eb,none,fixed,76,8,0,0.04971656948328018,4096
neural_eb,neural_bidir_seed0_eb,fixed,76,8,0,0.04420211911201477,4096
neural_eb,neural_bidir_seed1_eb,fixed,76,8,0,0.0454704724252224,4096
neural_eb,neural_bidir_seed2_eb,fixed,76,8,0,0.039067938923835754,4096
neural_eb,neural_bidir_seed3_eb,fixed,76,8,0,0.0374557189643383,4096
neural_eb,neural_bidir_seed4_eb,fixed,76,8,0,0.039900362491607666,4096
summary_ridge_eb,none,fixed,80,8,0,0.03847725689411163,4096
dfe,none,fixed,84,8,0,0.05464868247509003,0
dfe,none,fixed,92,8,0,0.05213651806116104,0
dfe,none,fixed,128,8,0,0.04402514174580574,0
constant_mean_eb,none,fixed,128,8,0,0.039960794150829315,4096
neural_eb,neural_bidir_seed0_eb,fixed,128,8,0,0.036909669637680054,4096
neural_eb,neural_bidir_seed1_eb,fixed,128,8,0,0.03779555857181549,4096
neural_eb,neural_bidir_seed2_eb,fixed,128,8,0,0.03362554311752319,4096
neural_eb,neural_bidir_seed3_eb,fixed,128,8,0,0.03257498890161514,4096
neural_eb,neural_bidir_seed4_eb,fixed,128,8,0,0.03431720286607742,4096
dfe,none,fixed,192,8,0,0.03591737151145935,0
constant_mean_eb,none,fixed,192,8,0,0.03349326550960541,4096
summary_ridge_eb,none,fixed,192,8,0,0.029616978019475937,4096
neural_eb,neural_bidir_seed0_eb,fixed,192,8,0,0.03171887993812561,4096
neural_eb,neural_bidir_seed1_eb,fixed,192,8,0,0.032199960201978683,4096
neural_eb,neural_bidir_seed2_eb,fixed,192,8,0,0.029307132586836815,4096
neural_eb,neural_bidir_seed3_eb,fixed,192,8,0,0.02856573462486267,4096
neural_eb,neural_bidir_seed4_eb,fixed,192,8,0,0.029675941914319992,4096
dfe,none,fixed,256,8,0,0.03062267228960991,0
constant_mean_eb,none,fixed,256,8,0,0.02899661846458912,4096
summary_ridge_eb,none,fixed,256,8,0,0.026656832545995712,4096
neural_eb,neural_bidir_seed0_eb,fixed,256,8,0,0.027744516730308533,4096
neural_eb,neural_bidir_seed1_eb,fixed,256,8,0,0.028117096051573753,4096
neural_eb,neural_bidir_seed2_eb,fixed,256,8,0,0.02620806358754635,4096
neural_eb,neural_bidir_seed3_eb,fixed,256,8,0,0.02571127936244011,4096
neural_eb,neural_bidir_seed4_eb,fixed,256,8,0,0.026591546833515167,4096
summary_ridge_eb,none,pilot,3,8,0,0.05068351328372955,4096
neural_eb,neural_bidir_seed0_eb,pilot,3,8,0,0.06352207064628601,4096
neural_eb,neural_bidir_seed1_eb,pilot,3,8,0,0.06727267801761627,4096
neural_eb,neural_bidir_seed2_eb,pilot,3,8,0,0.050661057233810425,4096
neural_eb,neural_bidir_seed3_eb,pilot,3,8,0,0.047390591353178024,4096
neural_eb,neural_bidir_seed4_eb,pilot,3,8,0,0.05258001759648323,4096
constant_mean_prior,none,none,0,8,1,0.10728318989276886,4096
constant_median_prior,none,none,0,8,1,0.10259029269218445,4096
summary_ridge_prior,none,none,0,8,1,0.04942077770829201,4096
product_affine_prior,none,none,0,8,1,0.0518595352768898,4096
exact_marginal_affine_prior,none,none,0,8,1,0.056133948266506195,4096
neural_prior,neural_bidir_seed0_prior,none,0,8,1,0.06721208989620209,4096
neural_prior,neural_bidir_seed1_prior,none,0,8,1,0.07067766785621643,4096
neural_prior,neural_bidir_seed2_prior,none,0,8,1,0.053648125380277634,4096
neural_prior,neural_bidir_seed3_prior,none,0,8,1,0.05040215700864792,4096
neural_prior,neural_bidir_seed4_prior,none,0,8,1,0.054809365421533585,4096
neural_eb,neural_bidir_seed0_eb,fixed,4,8,1,0.06578768789768219,4096
neural_eb,neural_bidir_seed1_eb,fixed,4,8,1,0.06888880580663681,4096
neural_eb,neural_bidir_seed2_eb,fixed,4,8,1,0.05301041156053543,4096
neural_eb,neural_bidir_seed3_eb,fixed,4,8,1,0.049883048981428146,4096
neural_eb,neural_bidir_seed4_eb,fixed,4,8,1,0.054052889347076416,4096
constant_mean_eb,none,fixed,20,8,1,0.07826966047286987,4096
constant_mean_eb,none,fixed,24,8,1,0.07405431568622589,4096
summary_ridge_eb,none,fixed,24,8,1,0.04856439307332039,4096
neural_eb,neural_bidir_seed0_eb,fixed,24,8,1,0.06028911471366882,4096
neural_eb,neural_bidir_seed1_eb,fixed,24,8,1,0.06275466084480286,4096
neural_eb,neural_bidir_seed2_eb,fixed,24,8,1,0.05076473951339722,4096
neural_eb,neural_bidir_seed3_eb,fixed,24,8,1,0.04818420857191086,4096
neural_eb,neural_bidir_seed4_eb,fixed,24,8,1,0.05183207243680954,4096
constant_mean_eb,none,fixed,32,8,1,0.06848786771297455,4096
constant_mean_eb,none,fixed,36,8,1,0.06355233490467072,4096
neural_eb,neural_bidir_seed0_eb,fixed,36,8,1,0.05598288029432297,4096
neural_eb,neural_bidir_seed1_eb,fixed,36,8,1,0.057709064334630966,4096
neural_eb,neural_bidir_seed2_eb,fixed,36,8,1,0.048015523701906204,4096
neural_eb,neural_bidir_seed3_eb,fixed,36,8,1,0.045874543488025665,4096
neural_eb,neural_bidir_seed4_eb,fixed,36,8,1,0.048354726284742355,4096
dfe,none,fixed,40,8,1,0.07935869693756104,0
neural_eb,neural_bidir_seed0_eb,fixed,40,8,1,0.05408908799290657,4096
neural_eb,neural_bidir_seed1_eb,fixed,40,8,1,0.05562184005975723,4096
neural_eb,neural_bidir_seed2_eb,fixed,40,8,1,0.046377286314964294,4096
neural_eb,neural_bidir_seed3_eb,fixed,40,8,1,0.044409483671188354,4096
neural_eb,neural_bidir_seed4_eb,fixed,40,8,1,0.046612776815891266,4096
summary_ridge_eb,none,fixed,44,8,1,0.04409634694457054,4096
dfe,none,fixed,48,8,1,0.07242222130298615,0
constant_mean_eb,none,fixed,48,8,1,0.05834207683801651,4096
dfe,none,fixed,52,8,1,0.06963960081338882,0
neural_eb,neural_bidir_seed0_eb,fixed,52,8,1,0.051230866461992264,4096
neural_eb,neural_bidir_seed1_eb,fixed,52,8,1,0.05240234360098839,4096
neural_eb,neural_bidir_seed2_eb,fixed,52,8,1,0.044455740600824356,4096
neural_eb,neural_bidir_seed3_eb,fixed,52,8,1,0.04275636374950409,4096
neural_eb,neural_bidir_seed4_eb,fixed,52,8,1,0.04436073824763298,4096
dfe,none,fixed,60,8,1,0.0651676207780838,0
constant_mean_eb,none,fixed,60,8,1,0.05431249365210533,4096
constant_mean_eb,none,fixed,64,8,1,0.052291981875896454,4096
dfe,none,fixed,72,8,1,0.05939200893044472,0
constant_mean_eb,none,fixed,76,8,1,0.04865720495581627,4096
neural_eb,neural_bidir_seed0_eb,fixed,76,8,1,0.04555312916636467,4096
neural_eb,neural_bidir_seed1_eb,fixed,76,8,1,0.046060722321271896,4096
neural_eb,neural_bidir_seed2_eb,fixed,76,8,1,0.04093578830361366,4096
neural_eb,neural_bidir_seed3_eb,fixed,76,8,1,0.0397452674806118,4096
neural_eb,neural_bidir_seed4_eb,fixed,76,8,1,0.04056839644908905,4096
summary_ridge_eb,none,fixed,80,8,1,0.037982553243637085,4096
dfe,none,fixed,84,8,1,0.05447109043598175,0
dfe,none,fixed,92,8,1,0.052011288702487946,0
dfe,none,fixed,128,8,1,0.04364118352532387,0
constant_mean_eb,none,fixed,128,8,1,0.03974689543247223,4096
neural_eb,neural_bidir_seed0_eb,fixed,128,8,1,0.038938235491514206,4096
neural_eb,neural_bidir_seed1_eb,fixed,128,8,1,0.03891991451382637,4096
neural_eb,neural_bidir_seed2_eb,fixed,128,8,1,0.035638902336359024,4096
neural_eb,neural_bidir_seed3_eb,fixed,128,8,1,0.03486010804772377,4096
neural_eb,neural_bidir_seed4_eb,fixed,128,8,1,0.03493824601173401,4096
dfe,none,fixed,192,8,1,0.036409057676792145,0
constant_mean_eb,none,fixed,192,8,1,0.03403907269239426,4096
summary_ridge_eb,none,fixed,192,8,1,0.02992793172597885,4096
neural_eb,neural_bidir_seed0_eb,fixed,192,8,1,0.03328000754117966,4096
neural_eb,neural_bidir_seed1_eb,fixed,192,8,1,0.033332645893096924,4096
neural_eb,neural_bidir_seed2_eb,fixed,192,8,1,0.031232859939336777,4096
neural_eb,neural_bidir_seed3_eb,fixed,192,8,1,0.030702393501996994,4096
neural_eb,neural_bidir_seed4_eb,fixed,192,8,1,0.030804462730884552,4096
dfe,none,fixed,256,8,1,0.03140762448310852,0
constant_mean_eb,none,fixed,256,8,1,0.029788602143526077,4096
summary_ridge_eb,none,fixed,256,8,1,0.02711547538638115,4096
neural_eb,neural_bidir_seed0_eb,fixed,256,8,1,0.03000689670443535,4096
neural_eb,neural_bidir_seed1_eb,fixed,256,8,1,0.02982553280889988,4096
neural_eb,neural_bidir_seed2_eb,fixed,256,8,1,0.028633415699005127,4096
neural_eb,neural_bidir_seed3_eb,fixed,256,8,1,0.028272004798054695,4096
neural_eb,neural_bidir_seed4_eb,fixed,256,8,1,0.027887903153896332,4096
summary_ridge_eb,none,pilot,3,8,1,0.04847818240523338,4096
neural_eb,neural_bidir_seed0_eb,pilot,3,8,1,0.06611105799674988,4096
neural_eb,neural_bidir_seed1_eb,pilot,3,8,1,0.06936907023191452,4096
neural_eb,neural_bidir_seed2_eb,pilot,3,8,1,0.05309575796127319,4096
neural_eb,neural_bidir_seed3_eb,pilot,3,8,1,0.04997456818819046,4096
neural_eb,neural_bidir_seed4_eb,pilot,3,8,1,0.054032765328884125,4096
constant_mean_prior,none,none,0,8,2,0.10939206182956696,4096
constant_median_prior,none,none,0,8,2,0.10689657181501389,4096
summary_ridge_prior,none,none,0,8,2,0.055670447647571564,4096
product_affine_prior,none,none,0,8,2,0.052488911896944046,4096
exact_marginal_affine_prior,none,none,0,8,2,0.05712717026472092,4096
neural_prior,neural_bidir_seed0_prior,none,0,8,2,0.06403173506259918,4096
neural_prior,neural_bidir_seed1_prior,none,0,8,2,0.06777523458003998,4096
neural_prior,neural_bidir_seed2_prior,none,0,8,2,0.05179145187139511,4096
neural_prior,neural_bidir_seed3_prior,none,0,8,2,0.04843928664922714,4096
neural_prior,neural_bidir_seed4_prior,none,0,8,2,0.05358025059103966,4096
neural_eb,neural_bidir_seed0_eb,fixed,4,8,2,0.06201598420739174,4096
neural_eb,neural_bidir_seed1_eb,fixed,4,8,2,0.06546599417924881,4096
neural_eb,neural_bidir_seed2_eb,fixed,4,8,2,0.05075790360569954,4096
neural_eb,neural_bidir_seed3_eb,fixed,4,8,2,0.04759610816836357,4096
neural_eb,neural_bidir_seed4_eb,fixed,4,8,2,0.05257339030504227,4096
constant_mean_eb,none,fixed,20,8,2,0.07925157994031906,4096
constant_mean_eb,none,fixed,24,8,2,0.0756361335515976,4096
summary_ridge_eb,none,fixed,24,8,2,0.05304711312055588,4096
neural_eb,neural_bidir_seed0_eb,fixed,24,8,2,0.05893899127840996,4096
neural_eb,neural_bidir_seed1_eb,fixed,24,8,2,0.061345700174570084,4096
neural_eb,neural_bidir_seed2_eb,fixed,24,8,2,0.05015194043517113,4096
neural_eb,neural_bidir_seed3_eb,fixed,24,8,2,0.047848060727119446,4096
neural_eb,neural_bidir_seed4_eb,fixed,24,8,2,0.05174337327480316,4096
constant_mean_eb,none,fixed,32,8,2,0.066644087433815,4096
constant_mean_eb,none,fixed,36,8,2,0.06400042027235031,4096
neural_eb,neural_bidir_seed0_eb,fixed,36,8,2,0.053934525698423386,4096
neural_eb,neural_bidir_seed1_eb,fixed,36,8,2,0.05621875077486038,4096
neural_eb,neural_bidir_seed2_eb,fixed,36,8,2,0.04647056385874748,4096
neural_eb,neural_bidir_seed3_eb,fixed,36,8,2,0.04417185112833977,4096
neural_eb,neural_bidir_seed4_eb,fixed,36,8,2,0.0474238321185112,4096
dfe,none,fixed,40,8,2,0.08131145685911179,0
neural_eb,neural_bidir_seed0_eb,fixed,40,8,2,0.05192367359995842,4096
neural_eb,neural_bidir_seed1_eb,fixed,40,8,2,0.05433886498212814,4096
neural_eb,neural_bidir_seed2_eb,fixed,40,8,2,0.0452694296836853,4096
neural_eb,neural_bidir_seed3_eb,fixed,40,8,2,0.04304879158735275,4096
neural_eb,neural_bidir_seed4_eb,fixed,40,8,2,0.04648815095424652,4096
summary_ridge_eb,none,fixed,44,8,2,0.046525925397872925,4096
dfe,none,fixed,48,8,2,0.07121750712394714,0
constant_mean_eb,none,fixed,48,8,2,0.05806724354624748,4096
dfe,none,fixed,52,8,2,0.07027943432331085,0
neural_eb,neural_bidir_seed0_eb,fixed,52,8,2,0.048705391585826874,4096
neural_eb,neural_bidir_seed1_eb,fixed,52,8,2,0.050748128443956375,4096
neural_eb,neural_bidir_seed2_eb,fixed,52,8,2,0.04318194091320038,4096
neural_eb,neural_bidir_seed3_eb,fixed,52,8,2,0.04125703126192093,4096
neural_eb,neural_bidir_seed4_eb,fixed,52,8,2,0.0445583239197731,4096
dfe,none,fixed,60,8,2,0.06528785824775696,0
constant_mean_eb,none,fixed,60,8,2,0.05479380488395691,4096
constant_mean_eb,none,fixed,64,8,2,0.053181856870651245,4096
dfe,none,fixed,72,8,2,0.05919811129570007,0
constant_mean_eb,none,fixed,76,8,2,0.0492190383374691,4096
neural_eb,neural_bidir_seed0_eb,fixed,76,8,2,0.04302796721458435,4096
neural_eb,neural_bidir_seed1_eb,fixed,76,8,2,0.04474407434463501,4096
neural_eb,neural_bidir_seed2_eb,fixed,76,8,2,0.03885437920689583,4096
neural_eb,neural_bidir_seed3_eb,fixed,76,8,2,0.0372944213449955,4096
neural_eb,neural_bidir_seed4_eb,fixed,76,8,2,0.04004684090614319,4096
summary_ridge_eb,none,fixed,80,8,2,0.040471401065588,4096
dfe,none,fixed,84,8,2,0.056567754596471786,0
dfe,none,fixed,92,8,2,0.05202437937259674,0
dfe,none,fixed,128,8,2,0.04427352547645569,0
constant_mean_eb,none,fixed,128,8,2,0.039994820952415466,4096
neural_eb,neural_bidir_seed0_eb,fixed,128,8,2,0.03658917546272278,4096
neural_eb,neural_bidir_seed1_eb,fixed,128,8,2,0.03757062554359436,4096
neural_eb,neural_bidir_seed2_eb,fixed,128,8,2,0.034070104360580444,4096
neural_eb,neural_bidir_seed3_eb,fixed,128,8,2,0.033020973205566406,4096
neural_eb,neural_bidir_seed4_eb,fixed,128,8,2,0.03487289324402809,4096
dfe,none,fixed,192,8,2,0.03537142276763916,0
constant_mean_eb,none,fixed,192,8,2,0.03301987797021866,4096
summary_ridge_eb,none,fixed,192,8,2,0.02997671626508236,4096
neural_eb,neural_bidir_seed0_eb,fixed,192,8,2,0.03150045871734619,4096
neural_eb,neural_bidir_seed1_eb,fixed,192,8,2,0.032211482524871826,4096
neural_eb,neural_bidir_seed2_eb,fixed,192,8,2,0.030110634863376617,4096
neural_eb,neural_bidir_seed3_eb,fixed,192,8,2,0.029328519478440285,4096
neural_eb,neural_bidir_seed4_eb,fixed,192,8,2,0.03081851452589035,4096
dfe,none,fixed,256,8,2,0.03145042806863785,0
constant_mean_eb,none,fixed,256,8,2,0.030028406530618668,4096
summary_ridge_eb,none,fixed,256,8,2,0.027941707521677017,4096
neural_eb,neural_bidir_seed0_eb,fixed,256,8,2,0.02879738248884678,4096
neural_eb,neural_bidir_seed1_eb,fixed,256,8,2,0.029306411743164062,4096
neural_eb,neural_bidir_seed2_eb,fixed,256,8,2,0.027645733207464218,4096
neural_eb,neural_bidir_seed3_eb,fixed,256,8,2,0.027014505118131638,4096
neural_eb,neural_bidir_seed4_eb,fixed,256,8,2,0.028041688725352287,4096
summary_ridge_eb,none,pilot,3,8,2,0.054596368223428726,4096
neural_eb,neural_bidir_seed0_eb,pilot,3,8,2,0.0628620833158493,4096
neural_eb,neural_bidir_seed1_eb,pilot,3,8,2,0.06641121208667755,4096
neural_eb,neural_bidir_seed2_eb,pilot,3,8,2,0.05126668140292168,4096
neural_eb,neural_bidir_seed3_eb,pilot,3,8,2,0.04803907871246338,4096
neural_eb,neural_bidir_seed4_eb,pilot,3,8,2,0.05302637442946434,4096
constant_mean_prior,none,none,0,8,3,0.10792266577482224,4096
constant_median_prior,none,none,0,8,3,0.10689657181501389,4096
summary_ridge_prior,none,none,0,8,3,0.05133309215307236,4096
product_affine_prior,none,none,0,8,3,0.052159495651721954,4096
exact_marginal_affine_prior,none,none,0,8,3,0.056829847395420074,4096
neural_prior,neural_bidir_seed0_prior,none,0,8,3,0.06447912007570267,4096
neural_prior,neural_bidir_seed1_prior,none,0,8,3,0.06863662600517273,4096
neural_prior,neural_bidir_seed2_prior,none,0,8,3,0.05149088054895401,4096
neural_prior,neural_bidir_seed3_prior,none,0,8,3,0.04797863960266113,4096
neural_prior,neural_bidir_seed4_prior,none,0,8,3,0.05324652045965195,4096
neural_eb,neural_bidir_seed0_eb,fixed,4,8,3,0.06294985860586166,4096
neural_eb,neural_bidir_seed1_eb,fixed,4,8,3,0.06676574796438217,4096
neural_eb,neural_bidir_seed2_eb,fixed,4,8,3,0.0508204847574234,4096
neural_eb,neural_bidir_seed3_eb,fixed,4,8,3,0.0475030317902565,4096
neural_eb,neural_bidir_seed4_eb,fixed,4,8,3,0.05250837653875351,4096
constant_mean_eb,none,fixed,20,8,3,0.07885079085826874,4096
constant_mean_eb,none,fixed,24,8,3,0.07351940870285034,4096
summary_ridge_eb,none,fixed,24,8,3,0.04941689968109131,4096
neural_eb,neural_bidir_seed0_eb,fixed,24,8,3,0.058228373527526855,4096
neural_eb,neural_bidir_seed1_eb,fixed,24,8,3,0.061372704803943634,4096
neural_eb,neural_bidir_seed2_eb,fixed,24,8,3,0.04944796860218048,4096
neural_eb,neural_bidir_seed3_eb,fixed,24,8,3,0.047051697969436646,4096
neural_eb,neural_bidir_seed4_eb,fixed,24,8,3,0.05126834660768509,4096
constant_mean_eb,none,fixed,32,8,3,0.06673859804868698,4096
constant_mean_eb,none,fixed,36,8,3,0.06515849381685257,4096
neural_eb,neural_bidir_seed0_eb,fixed,36,8,3,0.053815558552742004,4096
neural_eb,neural_bidir_seed1_eb,fixed,36,8,3,0.056714046746492386,4096
neural_eb,neural_bidir_seed2_eb,fixed,36,8,3,0.04622712731361389,4096
neural_eb,neural_bidir_seed3_eb,fixed,36,8,3,0.04398780316114426,4096
neural_eb,neural_bidir_seed4_eb,fixed,36,8,3,0.04758722335100174,4096
dfe,none,fixed,40,8,3,0.07983310520648956,0
neural_eb,neural_bidir_seed0_eb,fixed,40,8,3,0.05202581733465195,4096
neural_eb,neural_bidir_seed1_eb,fixed,40,8,3,0.05475036799907684,4096
neural_eb,neural_bidir_seed2_eb,fixed,40,8,3,0.04517028480768204,4096
neural_eb,neural_bidir_seed3_eb,fixed,40,8,3,0.04305366426706314,4096
neural_eb,neural_bidir_seed4_eb,fixed,40,8,3,0.046457573771476746,4096
summary_ridge_eb,none,fixed,44,8,3,0.04466908797621727,4096
dfe,none,fixed,48,8,3,0.0724211037158966,0
constant_mean_eb,none,fixed,48,8,3,0.058766067028045654,4096
dfe,none,fixed,52,8,3,0.06954330205917358,0
neural_eb,neural_bidir_seed0_eb,fixed,52,8,3,0.048650600016117096,4096
neural_eb,neural_bidir_seed1_eb,fixed,52,8,3,0.0509592667222023,4096
neural_eb,neural_bidir_seed2_eb,fixed,52,8,3,0.04266592115163803,4096
neural_eb,neural_bidir_seed3_eb,fixed,52,8,3,0.04081074148416519,4096
neural_eb,neural_bidir_seed4_eb,fixed,52,8,3,0.04387056827545166,4096
dfe,none,fixed,60,8,3,0.0644015297293663,0
constant_mean_eb,none,fixed,60,8,3,0.05379458889365196,4096
constant_mean_eb,none,fixed,64,8,3,0.05252942442893982,4096
dfe,none,fixed,72,8,3,0.05830252170562744,0
constant_mean_eb,none,fixed,76,8,3,0.05000578612089157,4096
neural_eb,neural_bidir_seed0_eb,fixed,76,8,3,0.044464390724897385,4096
neural_eb,neural_bidir_seed1_eb,fixed,76,8,3,0.046221014112234116,4096
neural_eb,neural_bidir_seed2_eb,fixed,76,8,3,0.03989974409341812,4096
neural_eb,neural_bidir_seed3_eb,fixed,76,8,3,0.038413725793361664,4096
neural_eb,neural_bidir_seed4_eb,fixed,76,8,3,0.040950458496809006,4096
summary_ridge_eb,none,fixed,80,8,3,0.03957873210310936,4096
dfe,none,fixed,84,8,3,0.054864391684532166,0
dfe,none,fixed,92,8,3,0.052720069885253906,0
dfe,none,fixed,128,8,3,0.04378882050514221,0
constant_mean_eb,none,fixed,128,8,3,0.03968992084264755,4096
neural_eb,neural_bidir_seed0_eb,fixed,128,8,3,0.036824122071266174,4096
neural_eb,neural_bidir_seed1_eb,fixed,128,8,3,0.03802141919732094,4096
neural_eb,neural_bidir_seed2_eb,fixed,128,8,3,0.03403381630778313,4096
neural_eb,neural_bidir_seed3_eb,fixed,128,8,3,0.03301005810499191,4096
neural_eb,neural_bidir_seed4_eb,fixed,128,8,3,0.03462350368499756,4096
dfe,none,fixed,192,8,3,0.036420583724975586,0
constant_mean_eb,none,fixed,192,8,3,0.03399566188454628,4096
summary_ridge_eb,none,fixed,192,8,3,0.030125373974442482,4096
neural_eb,neural_bidir_seed0_eb,fixed,192,8,3,0.03173111751675606,4096
neural_eb,neural_bidir_seed1_eb,fixed,192,8,3,0.032473333179950714,4096
neural_eb,neural_bidir_seed2_eb,fixed,192,8,3,0.02983424812555313,4096
neural_eb,neural_bidir_seed3_eb,fixed,192,8,3,0.029156649485230446,4096
neural_eb,neural_bidir_seed4_eb,fixed,192,8,3,0.030264176428318024,4096
dfe,none,fixed,256,8,3,0.030858037993311882,0
constant_mean_eb,none,fixed,256,8,3,0.02960560843348503,4096
summary_ridge_eb,none,fixed,256,8,3,0.02668159455060959,4096
neural_eb,neural_bidir_seed0_eb,fixed,256,8,3,0.02823023498058319,4096
neural_eb,neural_bidir_seed1_eb,fixed,256,8,3,0.028780926018953323,4096
neural_eb,neural_bidir_seed2_eb,fixed,256,8,3,0.026952721178531647,4096
neural_eb,neural_bidir_seed3_eb,fixed,256,8,3,0.026479456573724747,4096
neural_eb,neural_bidir_seed4_eb,fixed,256,8,3,0.0272563174366951,4096
summary_ridge_eb,none,pilot,3,8,3,0.05060885474085808,4096
neural_eb,neural_bidir_seed0_eb,pilot,3,8,3,0.06293632090091705,4096
neural_eb,neural_bidir_seed1_eb,pilot,3,8,3,0.0668989047408104,4096
neural_eb,neural_bidir_seed2_eb,pilot,3,8,3,0.05065324157476425,4096
neural_eb,neural_bidir_seed3_eb,pilot,3,8,3,0.04725358635187149,4096
neural_eb,neural_bidir_seed4_eb,pilot,3,8,3,0.05226679891347885,4096
constant_mean_prior,none,none,0,8,4,0.11008831858634949,4096
constant_median_prior,none,none,0,8,4,0.10669119656085968,4096
summary_ridge_prior,none,none,0,8,4,0.050600532442331314,4096
product_affine_prior,none,none,0,8,4,0.05206955969333649,4096
exact_marginal_affine_prior,none,none,0,8,4,0.05635327100753784,4096
neural_prior,neural_bidir_seed0_prior,none,0,8,4,0.06449469178915024,4096
neural_prior,neural_bidir_seed1_prior,none,0,8,4,0.06793607771396637,4096
neural_prior,neural_bidir_seed2_prior,none,0,8,4,0.05274336040019989,4096
neural_prior,neural_bidir_seed3_prior,none,0,8,4,0.049445539712905884,4096
neural_prior,neural_bidir_seed4_prior,none,0,8,4,0.05443012714385986,4096
neural_eb,neural_bidir_seed0_eb,fixed,4,8,4,0.06300376355648041,4096
neural_eb,neural_bidir_seed1_eb,fixed,4,8,4,0.06622196733951569,4096
neural_eb,neural_bidir_seed2_eb,fixed,4,8,4,0.05216404050588608,4096
neural_eb,neural_bidir_seed3_eb,fixed,4,8,4,0.04909279942512512,4096
neural_eb,neural_bidir_seed4_eb,fixed,4,8,4,0.053882382810115814,4096
constant_mean_eb,none,fixed,20,8,4,0.07977700978517532,4096
constant_mean_eb,none,fixed,24,8,4,0.07470612227916718,4096
summary_ridge_eb,none,fixed,24,8,4,0.04878426715731621,4096
neural_eb,neural_bidir_seed0_eb,fixed,24,8,4,0.05924200266599655,4096
neural_eb,neural_bidir_seed1_eb,fixed,24,8,4,0.06174164265394211,4096
neural_eb,neural_bidir_seed2_eb,fixed,24,8,4,0.05136343836784363,4096
neural_eb,neural_bidir_seed3_eb,fixed,24,8,4,0.04892491549253464,4096
neural_eb,neural_bidir_seed4_eb,fixed,24,8,4,0.05289454758167267,4096
constant_mean_eb,none,fixed,32,8,4,0.06826763600111008,4096
constant_mean_eb,none,fixed,36,8,4,0.06491678953170776,4096
neural_eb,neural_bidir_seed0_eb,fixed,36,8,4,0.053977593779563904,4096
neural_eb,neural_bidir_seed1_eb,fixed,36,8,4,0.05609989911317825,4096
neural_eb,neural_bidir_seed2_eb,fixed,36,8,4,0.047801680862903595,4096
neural_eb,neural_bidir_seed3_eb,fixed,36,8,4,0.04570870101451874,4096
neural_eb,neural_bidir_seed4_eb,fixed,36,8,4,0.04932329058647156,4096
dfe,none,fixed,40,8,4,0.07972519099712372,0
neural_eb,neural_bidir_seed0_eb,fixed,40,8,4,0.05373300984501839,4096
neural_eb,neural_bidir_seed1_eb,fixed,40,8,4,0.05583375692367554,4096
neural_eb,neural_bidir_seed2_eb,fixed,40,8,4,0.047949694097042084,4096
neural_eb,neural_bidir_seed3_eb,fixed,40,8,4,0.045915715396404266,4096
neural_eb,neural_bidir_seed4_eb,fixed,40,8,4,0.04953490197658539,4096
summary_ridge_eb,none,fixed,44,8,4,0.043812524527311325,4096
dfe,none,fixed,48,8,4,0.07256793975830078,0
constant_mean_eb,none,fixed,48,8,4,0.05922506004571915,4096
dfe,none,fixed,52,8,4,0.06941017508506775,0
neural_eb,neural_bidir_seed0_eb,fixed,52,8,4,0.049184877425432205,4096
neural_eb,neural_bidir_seed1_eb,fixed,52,8,4,0.0509432815015316,4096
neural_eb,neural_bidir_seed2_eb,fixed,52,8,4,0.045500002801418304,4096
neural_eb,neural_bidir_seed3_eb,fixed,52,8,4,0.04389162361621857,4096
neural_eb,neural_bidir_seed4_eb,fixed,52,8,4,0.04709343612194061,4096
dfe,none,fixed,60,8,4,0.06414685398340225,0
constant_mean_eb,none,fixed,60,8,4,0.0540098175406456,4096
constant_mean_eb,none,fixed,64,8,4,0.05281461775302887,4096
dfe,none,fixed,72,8,4,0.0585249662399292,0
constant_mean_eb,none,fixed,76,8,4,0.04864101856946945,4096
neural_eb,neural_bidir_seed0_eb,fixed,76,8,4,0.044106580317020416,4096
neural_eb,neural_bidir_seed1_eb,fixed,76,8,4,0.04541650041937828,4096
neural_eb,neural_bidir_seed2_eb,fixed,76,8,4,0.042174674570560455,4096
neural_eb,neural_bidir_seed3_eb,fixed,76,8,4,0.04126473516225815,4096
neural_eb,neural_bidir_seed4_eb,fixed,76,8,4,0.04360150173306465,4096
summary_ridge_eb,none,fixed,80,8,4,0.038461342453956604,4096
dfe,none,fixed,84,8,4,0.05567459762096405,0
dfe,none,fixed,92,8,4,0.05140995979309082,0
dfe,none,fixed,128,8,4,0.04354088753461838,0
constant_mean_eb,none,fixed,128,8,4,0.0396769642829895,4096
neural_eb,neural_bidir_seed0_eb,fixed,128,8,4,0.037316396832466125,4096
neural_eb,neural_bidir_seed1_eb,fixed,128,8,4,0.038130246102809906,4096
neural_eb,neural_bidir_seed2_eb,fixed,128,8,4,0.03760776296257973,4096
neural_eb,neural_bidir_seed3_eb,fixed,128,8,4,0.03745410963892937,4096
neural_eb,neural_bidir_seed4_eb,fixed,128,8,4,0.03893927484750748,4096
dfe,none,fixed,192,8,4,0.03626156598329544,0
constant_mean_eb,none,fixed,192,8,4,0.034108974039554596,4096
summary_ridge_eb,none,fixed,192,8,4,0.030453167855739594,4096
neural_eb,neural_bidir_seed0_eb,fixed,192,8,4,0.03263905644416809,4096
neural_eb,neural_bidir_seed1_eb,fixed,192,8,4,0.03328748047351837,4096
neural_eb,neural_bidir_seed2_eb,fixed,192,8,4,0.03360454738140106,4096
neural_eb,neural_bidir_seed3_eb,fixed,192,8,4,0.033801689743995667,4096
neural_eb,neural_bidir_seed4_eb,fixed,192,8,4,0.03496910631656647,4096
dfe,none,fixed,256,8,4,0.03144568204879761,0
constant_mean_eb,none,fixed,256,8,4,0.029755018651485443,4096
summary_ridge_eb,none,fixed,256,8,4,0.0272520799189806,4096
neural_eb,neural_bidir_seed0_eb,fixed,256,8,4,0.028581134974956512,4096
neural_eb,neural_bidir_seed1_eb,fixed,256,8,4,0.028955623507499695,4096
neural_eb,neural_bidir_seed2_eb,fixed,256,8,4,0.030070355162024498,4096
neural_eb,neural_bidir_seed3_eb,fixed,256,8,4,0.03054705262184143,4096
neural_eb,neural_bidir_seed4_eb,fixed,256,8,4,0.03107302077114582,4096
summary_ridge_eb,none,pilot,3,8,4,0.050064392387866974,4096
neural_eb,neural_bidir_seed0_eb,pilot,3,8,4,0.0631680116057396,4096
neural_eb,neural_bidir_seed1_eb,pilot,3,8,4,0.0663505494594574,4096
neural_eb,neural_bidir_seed2_eb,pilot,3,8,4,0.05224490910768509,4096
neural_eb,neural_bidir_seed3_eb,pilot,3,8,4,0.049086641520261765,4096
neural_eb,neural_bidir_seed4_eb,pilot,3,8,4,0.05395151674747467,4096
constant_mean_prior,none,none,0,9,0,0.10452849417924881,4096
constant_median_prior,none,none,0,9,0,0.1030263602733612,4096
summary_ridge_prior,none,none,0,9,0,0.04744122922420502,4096
product_affine_prior,none,none,0,9,0,0.05242466181516647,4096
exact_marginal_affine_prior,none,none,0,9,0,0.05659911036491394,4096
neural_prior,neural_bidir_seed0_prior,none,0,9,0,0.07559093832969666,4096
neural_prior,neural_bidir_seed1_prior,none,0,9,0,0.08177778124809265,4096
neural_prior,neural_bidir_seed2_prior,none,0,9,0,0.06022007018327713,4096
neural_prior,neural_bidir_seed3_prior,none,0,9,0,0.05498041585087776,4096
neural_prior,neural_bidir_seed4_prior,none,0,9,0,0.060538120567798615,4096
neural_eb,neural_bidir_seed0_eb,fixed,4,9,0,0.07341992855072021,4096
neural_eb,neural_bidir_seed1_eb,fixed,4,9,0,0.07879409193992615,4096
neural_eb,neural_bidir_seed2_eb,fixed,4,9,0,0.059175118803977966,4096
neural_eb,neural_bidir_seed3_eb,fixed,4,9,0,0.054297830909490585,4096
neural_eb,neural_bidir_seed4_eb,fixed,4,9,0,0.05944862589240074,4096
constant_mean_eb,none,fixed,20,9,0,0.07620418071746826,4096
constant_mean_eb,none,fixed,24,9,0,0.07306450605392456,4096
summary_ridge_eb,none,fixed,24,9,0,0.04585558921098709,4096
neural_eb,neural_bidir_seed0_eb,fixed,24,9,0,0.06361029297113419,4096
neural_eb,neural_bidir_seed1_eb,fixed,24,9,0,0.06624507158994675,4096
neural_eb,neural_bidir_seed2_eb,fixed,24,9,0,0.05478920415043831,4096
neural_eb,neural_bidir_seed3_eb,fixed,24,9,0,0.051534317433834076,4096
neural_eb,neural_bidir_seed4_eb,fixed,24,9,0,0.0550767257809639,4096
constant_mean_eb,none,fixed,32,9,0,0.0650254637002945,4096
constant_mean_eb,none,fixed,36,9,0,0.0641210675239563,4096
neural_eb,neural_bidir_seed0_eb,fixed,36,9,0,0.05869457125663757,4096
neural_eb,neural_bidir_seed1_eb,fixed,36,9,0,0.060713883489370346,4096
neural_eb,neural_bidir_seed2_eb,fixed,36,9,0,0.051570579409599304,4096
neural_eb,neural_bidir_seed3_eb,fixed,36,9,0,0.048834607005119324,4096
neural_eb,neural_bidir_seed4_eb,fixed,36,9,0,0.05164899677038193,4096
dfe,none,fixed,40,9,0,0.0781899243593216,0
neural_eb,neural_bidir_seed0_eb,fixed,40,9,0,0.05597732216119766,4096
neural_eb,neural_bidir_seed1_eb,fixed,40,9,0,0.05775567144155502,4096
neural_eb,neural_bidir_seed2_eb,fixed,40,9,0,0.049655068665742874,4096
neural_eb,neural_bidir_seed3_eb,fixed,40,9,0,0.04732906445860863,4096
neural_eb,neural_bidir_seed4_eb,fixed,40,9,0,0.04987748712301254,4096
summary_ridge_eb,none,fixed,44,9,0,0.04192885011434555,4096
dfe,none,fixed,48,9,0,0.07116185128688812,0
constant_mean_eb,none,fixed,48,9,0,0.05723917484283447,4096
dfe,none,fixed,52,9,0,0.07047335803508759,0
neural_eb,neural_bidir_seed0_eb,fixed,52,9,0,0.05300382897257805,4096
neural_eb,neural_bidir_seed1_eb,fixed,52,9,0,0.0543215237557888,4096
neural_eb,neural_bidir_seed2_eb,fixed,52,9,0,0.04773362725973129,4096
neural_eb,neural_bidir_seed3_eb,fixed,52,9,0,0.04560502991080284,4096
neural_eb,neural_bidir_seed4_eb,fixed,52,9,0,0.04765258729457855,4096
dfe,none,fixed,60,9,0,0.06450456380844116,0
constant_mean_eb,none,fixed,60,9,0,0.053767912089824677,4096
constant_mean_eb,none,fixed,64,9,0,0.05304868146777153,4096
dfe,none,fixed,72,9,0,0.05897652730345726,0
constant_mean_eb,none,fixed,76,9,0,0.04865751788020134,4096
neural_eb,neural_bidir_seed0_eb,fixed,76,9,0,0.047389544546604156,4096
neural_eb,neural_bidir_seed1_eb,fixed,76,9,0,0.04800545051693916,4096
neural_eb,neural_bidir_seed2_eb,fixed,76,9,0,0.04447140544652939,4096
neural_eb,neural_bidir_seed3_eb,fixed,76,9,0,0.04320216178894043,4096
neural_eb,neural_bidir_seed4_eb,fixed,76,9,0,0.044571615755558014,4096
summary_ridge_eb,none,fixed,80,9,0,0.03874147683382034,4096
dfe,none,fixed,84,9,0,0.05447956919670105,0
dfe,none,fixed,92,9,0,0.05138258635997772,0
dfe,none,fixed,128,9,0,0.044384121894836426,0
constant_mean_eb,none,fixed,128,9,0,0.039807066321372986,4096
neural_eb,neural_bidir_seed0_eb,fixed,128,9,0,0.040003590285778046,4096
neural_eb,neural_bidir_seed1_eb,fixed,128,9,0,0.04036560282111168,4096
neural_eb,neural_bidir_seed2_eb,fixed,128,9,0,0.03874831646680832,4096
neural_eb,neural_bidir_seed3_eb,fixed,128,9,0,0.038334377110004425,4096
neural_eb,neural_bidir_seed4_eb,fixed,128,9,0,0.03871338069438934,4096
dfe,none,fixed,192,9,0,0.03591986745595932,0
constant_mean_eb,none,fixed,192,9,0,0.03367290645837784,4096
summary_ridge_eb,none,fixed,192,9,0,0.031855057924985886,4096
neural_eb,neural_bidir_seed0_eb,fixed,192,9,0,0.033940643072128296,4096
neural_eb,neural_bidir_seed1_eb,fixed,192,9,0,0.033824704587459564,4096
neural_eb,neural_bidir_seed2_eb,fixed,192,9,0,0.03400398790836334,4096
neural_eb,neural_bidir_seed3_eb,fixed,192,9,0,0.03418729081749916,4096
neural_eb,neural_bidir_seed4_eb,fixed,192,9,0,0.03382432460784912,4096
dfe,none,fixed,256,9,0,0.031090904027223587,0
constant_mean_eb,none,fixed,256,9,0,0.029618144035339355,4096
summary_ridge_eb,none,fixed,256,9,0,0.02915324456989765,4096
neural_eb,neural_bidir_seed0_eb,fixed,256,9,0,0.02971874177455902,4096
neural_eb,neural_bidir_seed1_eb,fixed,256,9,0,0.029631979763507843,4096
neural_eb,neural_bidir_seed2_eb,fixed,256,9,0,0.030210524797439575,4096
neural_eb,neural_bidir_seed3_eb,fixed,256,9,0,0.03079855442047119,4096
neural_eb,neural_bidir_seed4_eb,fixed,256,9,0,0.03018023632466793,4096
summary_ridge_eb,none,pilot,3,9,0,0.04721786081790924,4096
neural_eb,neural_bidir_seed0_eb,pilot,3,9,0,0.07407507300376892,4096
neural_eb,neural_bidir_seed1_eb,pilot,3,9,0,0.079730324447155,4096
neural_eb,neural_bidir_seed2_eb,pilot,3,9,0,0.059567756950855255,4096
neural_eb,neural_bidir_seed3_eb,pilot,3,9,0,0.05456186830997467,4096
neural_eb,neural_bidir_seed4_eb,pilot,3,9,0,0.05988851934671402,4096
constant_mean_prior,none,none,0,9,1,0.10888495296239853,4096
constant_median_prior,none,none,0,9,1,0.10322043299674988,4096
summary_ridge_prior,none,none,0,9,1,0.052154719829559326,4096
product_affine_prior,none,none,0,9,1,0.05558984726667404,4096
exact_marginal_affine_prior,none,none,0,9,1,0.05816271901130676,4096
neural_prior,neural_bidir_seed0_prior,none,0,9,1,0.06614826619625092,4096
neural_prior,neural_bidir_seed1_prior,none,0,9,1,0.07122071832418442,4096
neural_prior,neural_bidir_seed2_prior,none,0,9,1,0.05229935050010681,4096
neural_prior,neural_bidir_seed3_prior,none,0,9,1,0.048439353704452515,4096
neural_prior,neural_bidir_seed4_prior,none,0,9,1,0.05425511300563812,4096
neural_eb,neural_bidir_seed0_eb,fixed,4,9,1,0.06382329761981964,4096
neural_eb,neural_bidir_seed1_eb,fixed,4,9,1,0.06797070801258087,4096
neural_eb,neural_bidir_seed2_eb,fixed,4,9,1,0.05127115920186043,4096
neural_eb,neural_bidir_seed3_eb,fixed,4,9,1,0.047581009566783905,4096
neural_eb,neural_bidir_seed4_eb,fixed,4,9,1,0.053163234144449234,4096
constant_mean_eb,none,fixed,20,9,1,0.07958150655031204,4096
constant_mean_eb,none,fixed,24,9,1,0.07368476688861847,4096
summary_ridge_eb,none,fixed,24,9,1,0.05044562369585037,4096
neural_eb,neural_bidir_seed0_eb,fixed,24,9,1,0.05688764899969101,4096
neural_eb,neural_bidir_seed1_eb,fixed,24,9,1,0.05943281203508377,4096
neural_eb,neural_bidir_seed2_eb,fixed,24,9,1,0.04913528636097908,4096
neural_eb,neural_bidir_seed3_eb,fixed,24,9,1,0.04650406539440155,4096
neural_eb,neural_bidir_seed4_eb,fixed,24,9,1,0.050908412784338,4096
constant_mean_eb,none,fixed,32,9,1,0.0655355155467987,4096
constant_mean_eb,none,fixed,36,9,1,0.0648258849978447,4096
neural_eb,neural_bidir_seed0_eb,fixed,36,9,1,0.052291952073574066,4096
neural_eb,neural_bidir_seed1_eb,fixed,36,9,1,0.05438833683729172,4096
neural_eb,neural_bidir_seed2_eb,fixed,36,9,1,0.04565742611885071,4096
neural_eb,neural_bidir_seed3_eb,fixed,36,9,1,0.04309450834989548,4096
neural_eb,neural_bidir_seed4_eb,fixed,36,9,1,0.047227583825588226,4096
dfe,none,fixed,40,9,1,0.08143928647041321,0
neural_eb,neural_bidir_seed0_eb,fixed,40,9,1,0.05156717449426651,4096
neural_eb,neural_bidir_seed1_eb,fixed,40,9,1,0.05376739054918289,4096
neural_eb,neural_bidir_seed2_eb,fixed,40,9,1,0.04512035474181175,4096
neural_eb,neural_bidir_seed3_eb,fixed,40,9,1,0.04262417554855347,4096
neural_eb,neural_bidir_seed4_eb,fixed,40,9,1,0.046800144016742706,4096
summary_ridge_eb,none,fixed,44,9,1,0.04407413303852081,4096
dfe,none,fixed,48,9,1,0.0732494592666626,0
constant_mean_eb,none,fixed,48,9,1,0.05809715762734413,4096
dfe,none,fixed,52,9,1,0.06907506287097931,0
neural_eb,neural_bidir_seed0_eb,fixed,52,9,1,0.04777001589536667,4096
neural_eb,neural_bidir_seed1_eb,fixed,52,9,1,0.04946725070476532,4096
neural_eb,neural_bidir_seed2_eb,fixed,52,9,1,0.04226163402199745,4096
neural_eb,neural_bidir_seed3_eb,fixed,52,9,1,0.04001138359308243,4096
neural_eb,neural_bidir_seed4_eb,fixed,52,9,1,0.043419912457466125,4096
dfe,none,fixed,60,9,1,0.06544434279203415,0
constant_mean_eb,none,fixed,60,9,1,0.054360367357730865,4096
constant_mean_eb,none,fixed,64,9,1,0.05136288329958916,4096
dfe,none,fixed,72,9,1,0.05988336354494095,0
constant_mean_eb,none,fixed,76,9,1,0.04903382807970047,4096
neural_eb,neural_bidir_seed0_eb,fixed,76,9,1,0.04318699240684509,4096
neural_eb,neural_bidir_seed1_eb,fixed,76,9,1,0.044495776295661926,4096
neural_eb,neural_bidir_seed2_eb,fixed,76,9,1,0.039142824709415436,4096
neural_eb,neural_bidir_seed3_eb,fixed,76,9,1,0.03727645426988602,4096
neural_eb,neural_bidir_seed4_eb,fixed,76,9,1,0.03986307978630066,4096
summary_ridge_eb,none,fixed,80,9,1,0.03893991559743881,4096
dfe,none,fixed,84,9,1,0.054953426122665405,0
dfe,none,fixed,92,9,1,0.05218953266739845,0
dfe,none,fixed,128,9,1,0.044536516070365906,0
constant_mean_eb,none,fixed,128,9,1,0.0401947945356369,4096
neural_eb,neural_bidir_seed0_eb,fixed,128,9,1,0.03643205761909485,4096
neural_eb,neural_bidir_seed1_eb,fixed,128,9,1,0.03717034310102463,4096
neural_eb,neural_bidir_seed2_eb,fixed,128,9,1,0.0339859277009964,4096
neural_eb,neural_bidir_seed3_eb,fixed,128,9,1,0.032912880182266235,4096
neural_eb,neural_bidir_seed4_eb,fixed,128,9,1,0.034774135798215866,4096
dfe,none,fixed,192,9,1,0.035543620586395264,0
constant_mean_eb,none,fixed,192,9,1,0.03328358009457588,4096
summary_ridge_eb,none,fixed,192,9,1,0.02978074550628662,4096
neural_eb,neural_bidir_seed0_eb,fixed,192,9,1,0.031007517129182816,4096
neural_eb,neural_bidir_seed1_eb,fixed,192,9,1,0.03146655112504959,4096
neural_eb,neural_bidir_seed2_eb,fixed,192,9,1,0.029249612241983414,4096
neural_eb,neural_bidir_seed3_eb,fixed,192,9,1,0.028490465134382248,4096
neural_eb,neural_bidir_seed4_eb,fixed,192,9,1,0.029659127816557884,4096
dfe,none,fixed,256,9,1,0.031217478215694427,0
constant_mean_eb,none,fixed,256,9,1,0.02960243448615074,4096
summary_ridge_eb,none,fixed,256,9,1,0.027194619178771973,4096
neural_eb,neural_bidir_seed0_eb,fixed,256,9,1,0.02808079496026039,4096
neural_eb,neural_bidir_seed1_eb,fixed,256,9,1,0.028372686356306076,4096
neural_eb,neural_bidir_seed2_eb,fixed,256,9,1,0.026850510388612747,4096
neural_eb,neural_bidir_seed3_eb,fixed,256,9,1,0.026317430660128593,4096
neural_eb,neural_bidir_seed4_eb,fixed,256,9,1,0.027180587872862816,4096
summary_ridge_eb,none,pilot,3,9,1,0.05147906765341759,4096
neural_eb,neural_bidir_seed0_eb,pilot,3,9,1,0.06456201523542404,4096
neural_eb,neural_bidir_seed1_eb,pilot,3,9,1,0.06912799179553986,4096
neural_eb,neural_bidir_seed2_eb,pilot,3,9,1,0.05160718411207199,4096
neural_eb,neural_bidir_seed3_eb,pilot,3,9,1,0.04793284460902214,4096
neural_eb,neural_bidir_seed4_eb,pilot,3,9,1,0.05351724103093147,4096
constant_mean_prior,none,none,0,9,2,0.10984550416469574,4096
constant_median_prior,none,none,0,9,2,0.10648924112319946,4096
summary_ridge_prior,none,none,0,9,2,0.05219743400812149,4096
product_affine_prior,none,none,0,9,2,0.055571407079696655,4096
exact_marginal_affine_prior,none,none,0,9,2,0.05858466029167175,4096
neural_prior,neural_bidir_seed0_prior,none,0,9,2,0.06729419529438019,4096
neural_prior,neural_bidir_seed1_prior,none,0,9,2,0.07220848649740219,4096
neural_prior,neural_bidir_seed2_prior,none,0,9,2,0.05162530392408371,4096
neural_prior,neural_bidir_seed3_prior,none,0,9,2,0.04776236414909363,4096
neural_prior,neural_bidir_seed4_prior,none,0,9,2,0.053278762847185135,4096
neural_eb,neural_bidir_seed0_eb,fixed,4,9,2,0.06565012037754059,4096
neural_eb,neural_bidir_seed1_eb,fixed,4,9,2,0.06977646797895432,4096
neural_eb,neural_bidir_seed2_eb,fixed,4,9,2,0.050680890679359436,4096
neural_eb,neural_bidir_seed3_eb,fixed,4,9,2,0.047001633793115616,4096
neural_eb,neural_bidir_seed4_eb,fixed,4,9,2,0.05214037746191025,4096
constant_mean_eb,none,fixed,20,9,2,0.07829076796770096,4096
constant_mean_eb,none,fixed,24,9,2,0.07411131262779236,4096
summary_ridge_eb,none,fixed,24,9,2,0.05004293471574783,4096
neural_eb,neural_bidir_seed0_eb,fixed,24,9,2,0.059134602546691895,4096
neural_eb,neural_bidir_seed1_eb,fixed,24,9,2,0.061443522572517395,4096
neural_eb,neural_bidir_seed2_eb,fixed,24,9,2,0.04807592183351517,4096
neural_eb,neural_bidir_seed3_eb,fixed,24,9,2,0.045411255210638046,4096
neural_eb,neural_bidir_seed4_eb,fixed,24,9,2,0.04956607148051262,4096
constant_mean_eb,none,fixed,32,9,2,0.0675068348646164,4096
constant_mean_eb,none,fixed,36,9,2,0.06527167558670044,4096
neural_eb,neural_bidir_seed0_eb,fixed,36,9,2,0.05601395294070244,4096
neural_eb,neural_bidir_seed1_eb,fixed,36,9,2,0.05778006464242935,4096
neural_eb,neural_bidir_seed2_eb,fixed,36,9,2,0.046248771250247955,4096
neural_eb,neural_bidir_seed3_eb,fixed,36,9,2,0.04359953850507736,4096
neural_eb,neural_bidir_seed4_eb,fixed,36,9,2,0.04721352458000183,4096
dfe,none,fixed,40,9,2,0.08013402670621872,0
neural_eb,neural_bidir_seed0_eb,fixed,40,9,2,0.05357768014073372,4096
neural_eb,neural_bidir_seed1_eb,fixed,40,9,2,0.05507903918623924,4096
neural_eb,neural_bidir_seed2_eb,fixed,40,9,2,0.04444596916437149,4096
neural_eb,neural_bidir_seed3_eb,fixed,40,9,2,0.04199674725532532,4096
neural_eb,neural_bidir_seed4_eb,fixed,40,9,2,0.04541552811861038,4096
summary_ridge_eb,none,fixed,44,9,2,0.04456868767738342,4096
dfe,none,fixed,48,9,2,0.0726950392127037,0
constant_mean_eb,none,fixed,48,9,2,0.05906997621059418,4096
dfe,none,fixed,52,9,2,0.07063086330890656,0
neural_eb,neural_bidir_seed0_eb,fixed,52,9,2,0.05031023174524307,4096
neural_eb,neural_bidir_seed1_eb,fixed,52,9,2,0.05109351873397827,4096
neural_eb,neural_bidir_seed2_eb,fixed,52,9,2,0.04234882816672325,4096
neural_eb,neural_bidir_seed3_eb,fixed,52,9,2,0.040309615433216095,4096
neural_eb,neural_bidir_seed4_eb,fixed,52,9,2,0.04314609616994858,4096
dfe,none,fixed,60,9,2,0.06531331688165665,0
constant_mean_eb,none,fixed,60,9,2,0.053536392748355865,4096
constant_mean_eb,none,fixed,64,9,2,0.05296103656291962,4096
dfe,none,fixed,72,9,2,0.05992377549409866,0
constant_mean_eb,none,fixed,76,9,2,0.04885071888566017,4096
neural_eb,neural_bidir_seed0_eb,fixed,76,9,2,0.04615999758243561,4096
neural_eb,neural_bidir_seed1_eb,fixed,76,9,2,0.04627840965986252,4096
neural_eb,neural_bidir_seed2_eb,fixed,76,9,2,0.03974655270576477,4096
neural_eb,neural_bidir_seed3_eb,fixed,76,9,2,0.03790132701396942,4096
neural_eb,neural_bidir_seed4_eb,fixed,76,9,2,0.039937593042850494,4096
summary_ridge_eb,none,fixed,80,9,2,0.03960508108139038,4096
dfe,none,fixed,84,9,2,0.055536139756441116,0
dfe,none,fixed,92,9,2,0.05227844417095184,0
dfe,none,fixed,128,9,2,0.044325269758701324,0
constant_mean_eb,none,fixed,128,9,2,0.04022651165723801,4096
neural_eb,neural_bidir_seed0_eb,fixed,128,9,2,0.03881390392780304,4096
neural_eb,neural_bidir_seed1_eb,fixed,128,9,2,0.03862219303846359,4096
neural_eb,neural_bidir_seed2_eb,fixed,128,9,2,0.03452751040458679,4096
neural_eb,neural_bidir_seed3_eb,fixed,128,9,2,0.033218998461961746,4096
neural_eb,neural_bidir_seed4_eb,fixed,128,9,2,0.03478498011827469,4096
dfe,none,fixed,192,9,2,0.036216869950294495,0
constant_mean_eb,none,fixed,192,9,2,0.03396594524383545,4096
summary_ridge_eb,none,fixed,192,9,2,0.030495308339595795,4096
neural_eb,neural_bidir_seed0_eb,fixed,192,9,2,0.03341107815504074,4096
neural_eb,neural_bidir_seed1_eb,fixed,192,9,2,0.03309927508234978,4096
neural_eb,neural_bidir_seed2_eb,fixed,192,9,2,0.030605938285589218,4096
neural_eb,neural_bidir_seed3_eb,fixed,192,9,2,0.029737740755081177,4096
neural_eb,neural_bidir_seed4_eb,fixed,192,9,2,0.03056865930557251,4096
dfe,none,fixed,256,9,2,0.030954301357269287,0
constant_mean_eb,none,fixed,256,9,2,0.029518919065594673,4096
summary_ridge_eb,none,fixed,256,9,2,0.02735177055001259,4096
neural_eb,neural_bidir_seed0_eb,fixed,256,9,2,0.029781745746731758,4096
neural_eb,neural_bidir_seed1_eb,fixed,256,9,2,0.029270809143781662,4096
neural_eb,neural_bidir_seed2_eb,fixed,256,9,2,0.027584552764892578,4096
neural_eb,neural_bidir_seed3_eb,fixed,256,9,2,0.02706604264676571,4096
neural_eb,neural_bidir_seed4_eb,fixed,256,9,2,0.02746579237282276,4096
summary_ridge_eb,none,pilot,3,9,2,0.05159416049718857,4096
neural_eb,neural_bidir_seed0_eb,pilot,3,9,2,0.06627736985683441,4096
neural_eb,neural_bidir_seed1_eb,pilot,3,9,2,0.0707712173461914,4096
neural_eb,neural_bidir_seed2_eb,pilot,3,9,2,0.051158733665943146,4096
neural_eb,neural_bidir_seed3_eb,pilot,3,9,2,0.04738061875104904,4096
neural_eb,neural_bidir_seed4_eb,pilot,3,9,2,0.05273430049419403,4096
constant_mean_prior,none,none,0,9,3,0.10895559191703796,4096
constant_median_prior,none,none,0,9,3,0.10658964514732361,4096
summary_ridge_prior,none,none,0,9,3,0.050654731690883636,4096
product_affine_prior,none,none,0,9,3,0.05210927873849869,4096
exact_marginal_affine_prior,none,none,0,9,3,0.05633658170700073,4096
neural_prior,neural_bidir_seed0_prior,none,0,9,3,0.068470299243927,4096
neural_prior,neural_bidir_seed1_prior,none,0,9,3,0.07313081622123718,4096
neural_prior,neural_bidir_seed2_prior,none,0,9,3,0.05277840793132782,4096
neural_prior,neural_bidir_seed3_prior,none,0,9,3,0.0486544594168663,4096
neural_prior,neural_bidir_seed4_prior,none,0,9,3,0.05418733134865761,4096
neural_eb,neural_bidir_seed0_eb,fixed,4,9,3,0.06571388244628906,4096
neural_eb,neural_bidir_seed1_eb,fixed,4,9,3,0.06948039680719376,4096
neural_eb,neural_bidir_seed2_eb,fixed,4,9,3,0.05172049254179001,4096
neural_eb,neural_bidir_seed3_eb,fixed,4,9,3,0.04797254502773285,4096
neural_eb,neural_bidir_seed4_eb,fixed,4,9,3,0.05309171974658966,4096
constant_mean_eb,none,fixed,20,9,3,0.08007648587226868,4096
constant_mean_eb,none,fixed,24,9,3,0.07636098563671112,4096
summary_ridge_eb,none,fixed,24,9,3,0.052504271268844604,4096
neural_eb,neural_bidir_seed0_eb,fixed,24,9,3,0.061749715358018875,4096
neural_eb,neural_bidir_seed1_eb,fixed,24,9,3,0.06462836265563965,4096
neural_eb,neural_bidir_seed2_eb,fixed,24,9,3,0.05393648147583008,4096
neural_eb,neural_bidir_seed3_eb,fixed,24,9,3,0.051446497440338135,4096
neural_eb,neural_bidir_seed4_eb,fixed,24,9,3,0.0552561953663826,4096
constant_mean_eb,none,fixed,32,9,3,0.06835049390792847,4096
constant_mean_eb,none,fixed,36,9,3,0.06466205418109894,4096
neural_eb,neural_bidir_seed0_eb,fixed,36,9,3,0.05553421005606651,4096
neural_eb,neural_bidir_seed1_eb,fixed,36,9,3,0.057665638625621796,4096
neural_eb,neural_bidir_seed2_eb,fixed,36,9,3,0.049134209752082825,4096
neural_eb,neural_bidir_seed3_eb,fixed,36,9,3,0.04707462340593338,4096
neural_eb,neural_bidir_seed4_eb,fixed,36,9,3,0.049866460263729095,4096
dfe,none,fixed,40,9,3,0.07845401018857956,0
neural_eb,neural_bidir_seed0_eb,fixed,40,9,3,0.05332157015800476,4096
neural_eb,neural_bidir_seed1_eb,fixed,40,9,3,0.05524139106273651,4096
neural_eb,neural_bidir_seed2_eb,fixed,40,9,3,0.04759377986192703,4096
neural_eb,neural_bidir_seed3_eb,fixed,40,9,3,0.04574158787727356,4096
neural_eb,neural_bidir_seed4_eb,fixed,40,9,3,0.04849575087428093,4096
summary_ridge_eb,none,fixed,44,9,3,0.04564211517572403,4096
dfe,none,fixed,48,9,3,0.0738620012998581,0
constant_mean_eb,none,fixed,48,9,3,0.06045401841402054,4096
dfe,none,fixed,52,9,3,0.0704040601849556,0
neural_eb,neural_bidir_seed0_eb,fixed,52,9,3,0.05023925006389618,4096
neural_eb,neural_bidir_seed1_eb,fixed,52,9,3,0.0519862100481987,4096
neural_eb,neural_bidir_seed2_eb,fixed,52,9,3,0.045421112328767776,4096
neural_eb,neural_bidir_seed3_eb,fixed,52,9,3,0.04367891326546669,4096
neural_eb,neural_bidir_seed4_eb,fixed,52,9,3,0.04619058221578598,4096
dfe,none,fixed,60,9,3,0.06511032581329346,0
constant_mean_eb,none,fixed,60,9,3,0.05442100763320923,4096
constant_mean_eb,none,fixed,64,9,3,0.053019892424345016,4096
dfe,none,fixed,72,9,3,0.060065142810344696,0
constant_mean_eb,none,fixed,76,9,3,0.050407759845256805,4096
neural_eb,neural_bidir_seed0_eb,fixed,76,9,3,0.04571043327450752,4096
neural_eb,neural_bidir_seed1_eb,fixed,76,9,3,0.04685576260089874,4096
neural_eb,neural_bidir_seed2_eb,fixed,76,9,3,0.04181791841983795,4096
neural_eb,neural_bidir_seed3_eb,fixed,76,9,3,0.0403926707804203,4096
neural_eb,neural_bidir_seed4_eb,fixed,76,9,3,0.04209864139556885,4096
summary_ridge_eb,none,fixed,80,9,3,0.03989441692829132,4096
dfe,none,fixed,84,9,3,0.05421295017004013,0
dfe,none,fixed,92,9,3,0.0514812208712101,0
dfe,none,fixed,128,9,3,0.04432953894138336,0
constant_mean_eb,none,fixed,128,9,3,0.04035423696041107,4096
neural_eb,neural_bidir_seed0_eb,fixed,128,9,3,0.03798513114452362,4096
neural_eb,neural_bidir_seed1_eb,fixed,128,9,3,0.03855326771736145,4096
neural_eb,neural_bidir_seed2_eb,fixed,128,9,3,0.03570358082652092,4096
neural_eb,neural_bidir_seed3_eb,fixed,128,9,3,0.03487953916192055,4096
neural_eb,neural_bidir_seed4_eb,fixed,128,9,3,0.03598783165216446,4096
dfe,none,fixed,192,9,3,0.036146216094493866,0
constant_mean_eb,none,fixed,192,9,3,0.03379879891872406,4096
summary_ridge_eb,none,fixed,192,9,3,0.030230386182665825,4096
neural_eb,neural_bidir_seed0_eb,fixed,192,9,3,0.03213169053196907,4096
neural_eb,neural_bidir_seed1_eb,fixed,192,9,3,0.032579705119132996,4096
neural_eb,neural_bidir_seed2_eb,fixed,192,9,3,0.030777085572481155,4096
neural_eb,neural_bidir_seed3_eb,fixed,192,9,3,0.030316557735204697,4096
neural_eb,neural_bidir_seed4_eb,fixed,192,9,3,0.030957184731960297,4096
dfe,none,fixed,256,9,3,0.03096756339073181,0
constant_mean_eb,none,fixed,256,9,3,0.029478220269083977,4096
summary_ridge_eb,none,fixed,256,9,3,0.027170438319444656,4096
neural_eb,neural_bidir_seed0_eb,fixed,256,9,3,0.028565898537635803,4096
neural_eb,neural_bidir_seed1_eb,fixed,256,9,3,0.02880895882844925,4096
neural_eb,neural_bidir_seed2_eb,fixed,256,9,3,0.02771010249853134,4096
neural_eb,neural_bidir_seed3_eb,fixed,256,9,3,0.027267690747976303,4096
neural_eb,neural_bidir_seed4_eb,fixed,256,9,3,0.02782624214887619,4096
summary_ridge_eb,none,pilot,3,9,3,0.04997211694717407,4096
neural_eb,neural_bidir_seed0_eb,pilot,3,9,3,0.0664977878332138,4096
neural_eb,neural_bidir_seed1_eb,pilot,3,9,3,0.07052799314260483,4096
neural_eb,neural_bidir_seed2_eb,pilot,3,9,3,0.052195340394973755,4096
neural_eb,neural_bidir_seed3_eb,pilot,3,9,3,0.0482507050037384,4096
neural_eb,neural_bidir_seed4_eb,pilot,3,9,3,0.053548574447631836,4096
constant_mean_prior,none,none,0,9,4,0.10671350359916687,4096
constant_median_prior,none,none,0,9,4,0.10317196696996689,4096
summary_ridge_prior,none,none,0,9,4,0.05204074829816818,4096
product_affine_prior,none,none,0,9,4,0.05110280215740204,4096
exact_marginal_affine_prior,none,none,0,9,4,0.055590227246284485,4096
neural_prior,neural_bidir_seed0_prior,none,0,9,4,0.07092205435037613,4096
neural_prior,neural_bidir_seed1_prior,none,0,9,4,0.07633095979690552,4096
neural_prior,neural_bidir_seed2_prior,none,0,9,4,0.055685922503471375,4096
neural_prior,neural_bidir_seed3_prior,none,0,9,4,0.05111943185329437,4096
neural_prior,neural_bidir_seed4_prior,none,0,9,4,0.05621911957859993,4096
neural_eb,neural_bidir_seed0_eb,fixed,4,9,4,0.06855236738920212,4096
neural_eb,neural_bidir_seed1_eb,fixed,4,9,4,0.07306700199842453,4096
neural_eb,neural_bidir_seed2_eb,fixed,4,9,4,0.054715678095817566,4096
neural_eb,neural_bidir_seed3_eb,fixed,4,9,4,0.05040894076228142,4096
neural_eb,neural_bidir_seed4_eb,fixed,4,9,4,0.05516022443771362,4096
constant_mean_eb,none,fixed,20,9,4,0.07932871580123901,4096
constant_mean_eb,none,fixed,24,9,4,0.07335296273231506,4096
summary_ridge_eb,none,fixed,24,9,4,0.04948323965072632,4096
neural_eb,neural_bidir_seed0_eb,fixed,24,9,4,0.060906995087862015,4096
neural_eb,neural_bidir_seed1_eb,fixed,24,9,4,0.06357952952384949,4096
neural_eb,neural_bidir_seed2_eb,fixed,24,9,4,0.051910050213336945,4096
neural_eb,neural_bidir_seed3_eb,fixed,24,9,4,0.04859839007258415,4096
neural_eb,neural_bidir_seed4_eb,fixed,24,9,4,0.052451688796281815,4096
constant_mean_eb,none,fixed,32,9,4,0.06781211495399475,4096
constant_mean_eb,none,fixed,36,9,4,0.06383641064167023,4096
neural_eb,neural_bidir_seed0_eb,fixed,36,9,4,0.05448088049888611,4096
neural_eb,neural_bidir_seed1_eb,fixed,36,9,4,0.05650237575173378,4096
neural_eb,neural_bidir_seed2_eb,fixed,36,9,4,0.04714526981115341,4096
neural_eb,neural_bidir_seed3_eb,fixed,36,9,4,0.04427490010857582,4096
neural_eb,neural_bidir_seed4_eb,fixed,36,9,4,0.04769478738307953,4096
dfe,none,fixed,40,9,4,0.07992817461490631,0
neural_eb,neural_bidir_seed0_eb,fixed,40,9,4,0.05329381674528122,4096
neural_eb,neural_bidir_seed1_eb,fixed,40,9,4,0.05537787079811096,4096
neural_eb,neural_bidir_seed2_eb,fixed,40,9,4,0.046327438205480576,4096
neural_eb,neural_bidir_seed3_eb,fixed,40,9,4,0.04370777681469917,4096
neural_eb,neural_bidir_seed4_eb,fixed,40,9,4,0.04660937190055847,4096
summary_ridge_eb,none,fixed,44,9,4,0.04407636448740959,4096
dfe,none,fixed,48,9,4,0.07285692542791367,0
constant_mean_eb,none,fixed,48,9,4,0.0583721287548542,4096
dfe,none,fixed,52,9,4,0.06884102523326874,0
neural_eb,neural_bidir_seed0_eb,fixed,52,9,4,0.05043210834264755,4096
neural_eb,neural_bidir_seed1_eb,fixed,52,9,4,0.052221737802028656,4096
neural_eb,neural_bidir_seed2_eb,fixed,52,9,4,0.04445256292819977,4096
neural_eb,neural_bidir_seed3_eb,fixed,52,9,4,0.041880786418914795,4096
neural_eb,neural_bidir_seed4_eb,fixed,52,9,4,0.044736649841070175,4096
dfe,none,fixed,60,9,4,0.0642160028219223,0
constant_mean_eb,none,fixed,60,9,4,0.053990934044122696,4096
constant_mean_eb,none,fixed,64,9,4,0.05196011811494827,4096
dfe,none,fixed,72,9,4,0.059795450419187546,0
constant_mean_eb,none,fixed,76,9,4,0.04933657497167587,4096
neural_eb,neural_bidir_seed0_eb,fixed,76,9,4,0.04511503875255585,4096
neural_eb,neural_bidir_seed1_eb,fixed,76,9,4,0.046220563352108,4096
neural_eb,neural_bidir_seed2_eb,fixed,76,9,4,0.04097845032811165,4096
neural_eb,neural_bidir_seed3_eb,fixed,76,9,4,0.039066657423973083,4096
neural_eb,neural_bidir_seed4_eb,fixed,76,9,4,0.04104845970869064,4096
summary_ridge_eb,none,fixed,80,9,4,0.03920840471982956,4096
dfe,none,fixed,84,9,4,0.055515892803668976,0
dfe,none,fixed,92,9,4,0.053133051842451096,0
dfe,none,fixed,128,9,4,0.04522846266627312,0
constant_mean_eb,none,fixed,128,9,4,0.040959104895591736,4096
neural_eb,neural_bidir_seed0_eb,fixed,128,9,4,0.03805758059024811,4096
neural_eb,neural_bidir_seed1_eb,fixed,128,9,4,0.03874966502189636,4096
neural_eb,neural_bidir_seed2_eb,fixed,128,9,4,0.03531534969806671,4096
neural_eb,neural_bidir_seed3_eb,fixed,128,9,4,0.034047931432724,4096
neural_eb,neural_bidir_seed4_eb,fixed,128,9,4,0.03542874753475189,4096
dfe,none,fixed,192,9,4,0.03593729808926582,0
constant_mean_eb,none,fixed,192,9,4,0.03350216522812843,4096
summary_ridge_eb,none,fixed,192,9,4,0.030051879584789276,4096
neural_eb,neural_bidir_seed0_eb,fixed,192,9,4,0.03255680948495865,4096
neural_eb,neural_bidir_seed1_eb,fixed,192,9,4,0.03289502486586571,4096
neural_eb,neural_bidir_seed2_eb,fixed,192,9,4,0.03095823898911476,4096
neural_eb,neural_bidir_seed3_eb,fixed,192,9,4,0.030149027705192566,4096
neural_eb,neural_bidir_seed4_eb,fixed,192,9,4,0.030944470316171646,4096
dfe,none,fixed,256,9,4,0.03127928078174591,0
constant_mean_eb,none,fixed,256,9,4,0.029771320521831512,4096
summary_ridge_eb,none,fixed,256,9,4,0.02729307860136032,4096
neural_eb,neural_bidir_seed0_eb,fixed,256,9,4,0.028575124219059944,4096
neural_eb,neural_bidir_seed1_eb,fixed,256,9,4,0.028868842869997025,4096
neural_eb,neural_bidir_seed2_eb,fixed,256,9,4,0.02747150883078575,4096
neural_eb,neural_bidir_seed3_eb,fixed,256,9,4,0.02692566066980362,4096
neural_eb,neural_bidir_seed4_eb,fixed,256,9,4,0.027552111074328423,4096
summary_ridge_eb,none,pilot,3,9,4,0.0513983853161335,4096
neural_eb,neural_bidir_seed0_eb,pilot,3,9,4,0.06908412277698517,4096
neural_eb,neural_bidir_seed1_eb,pilot,3,9,4,0.0738770067691803,4096
neural_eb,neural_bidir_seed2_eb,pilot,3,9,4,0.05485883355140686,4096
neural_eb,neural_bidir_seed3_eb,pilot,3,9,4,0.050550028681755066,4096
neural_eb,neural_bidir_seed4_eb,pilot,3,9,4,0.05518733710050583,4096
constant_mean_prior,none,none,0,10,0,0.10465167462825775,4096
constant_median_prior,none,none,0,10,0,0.10274641215801239,4096
summary_ridge_prior,none,none,0,10,0,0.052039533853530884,4096
product_affine_prior,none,none,0,10,0,0.05166143923997879,4096
exact_marginal_affine_prior,none,none,0,10,0,0.056058675050735474,4096
neural_prior,neural_bidir_seed0_prior,none,0,10,0,0.06412029266357422,4096
neural_prior,neural_bidir_seed1_prior,none,0,10,0,0.06832566112279892,4096
neural_prior,neural_bidir_seed2_prior,none,0,10,0,0.051416605710983276,4096
neural_prior,neural_bidir_seed3_prior,none,0,10,0,0.048465825617313385,4096
neural_prior,neural_bidir_seed4_prior,none,0,10,0,0.05433377996087074,4096
neural_eb,neural_bidir_seed0_eb,fixed,4,10,0,0.0627143383026123,4096
neural_eb,neural_bidir_seed1_eb,fixed,4,10,0,0.06661691516637802,4096
neural_eb,neural_bidir_seed2_eb,fixed,4,10,0,0.05112764984369278,4096
neural_eb,neural_bidir_seed3_eb,fixed,4,10,0,0.0482972078025341,4096
neural_eb,neural_bidir_seed4_eb,fixed,4,10,0,0.05414324253797531,4096
constant_mean_eb,none,fixed,20,10,0,0.0770273357629776,4096
constant_mean_eb,none,fixed,24,10,0,0.0721389651298523,4096
summary_ridge_eb,none,fixed,24,10,0,0.04914510250091553,4096
neural_eb,neural_bidir_seed0_eb,fixed,24,10,0,0.05700242519378662,4096
neural_eb,neural_bidir_seed1_eb,fixed,24,10,0,0.05973760783672333,4096
neural_eb,neural_bidir_seed2_eb,fixed,24,10,0,0.050075918436050415,4096
neural_eb,neural_bidir_seed3_eb,fixed,24,10,0,0.048158809542655945,4096
neural_eb,neural_bidir_seed4_eb,fixed,24,10,0,0.05379711091518402,4096
constant_mean_eb,none,fixed,32,10,0,0.06372036039829254,4096
constant_mean_eb,none,fixed,36,10,0,0.06273902952671051,4096
neural_eb,neural_bidir_seed0_eb,fixed,36,10,0,0.05243125557899475,4096
neural_eb,neural_bidir_seed1_eb,fixed,36,10,0,0.05463218688964844,4096
neural_eb,neural_bidir_seed2_eb,fixed,36,10,0,0.04748915880918503,4096
neural_eb,neural_bidir_seed3_eb,fixed,36,10,0,0.04611305519938469,4096
neural_eb,neural_bidir_seed4_eb,fixed,36,10,0,0.05164048820734024,4096
dfe,none,fixed,40,10,0,0.0792609453201294,0
neural_eb,neural_bidir_seed0_eb,fixed,40,10,0,0.05162820965051651,4096
neural_eb,neural_bidir_seed1_eb,fixed,40,10,0,0.05376642197370529,4096
neural_eb,neural_bidir_seed2_eb,fixed,40,10,0,0.047052908688783646,4096
neural_eb,neural_bidir_seed3_eb,fixed,40,10,0,0.04581615328788757,4096
neural_eb,neural_bidir_seed4_eb,fixed,40,10,0,0.05133364722132683,4096
summary_ridge_eb,none,fixed,44,10,0,0.04403097927570343,4096
dfe,none,fixed,48,10,0,0.07267322391271591,0
constant_mean_eb,none,fixed,48,10,0,0.05787419155240059,4096
dfe,none,fixed,52,10,0,0.06835601478815079,0
neural_eb,neural_bidir_seed0_eb,fixed,52,10,0,0.048592258244752884,4096
neural_eb,neural_bidir_seed1_eb,fixed,52,10,0,0.05049624666571617,4096
neural_eb,neural_bidir_seed2_eb,fixed,52,10,0,0.04566871374845505,4096
neural_eb,neural_bidir_seed3_eb,fixed,52,10,0,0.044714994728565216,4096
neural_eb,neural_bidir_seed4_eb,fixed,52,10,0,0.050152506679296494,4096
dfe,none,fixed,60,10,0,0.06405624747276306,0
constant_mean_eb,none,fixed,60,10,0,0.05277533084154129,4096
constant_mean_eb,none,fixed,64,10,0,0.05183390527963638,4096
dfe,none,fixed,72,10,0,0.058481693267822266,0
constant_mean_eb,none,fixed,76,10,0,0.04970049113035202,4096
neural_eb,neural_bidir_seed0_eb,fixed,76,10,0,0.044113390147686005,4096
neural_eb,neural_bidir_seed1_eb,fixed,76,10,0,0.04553965851664543,4096
neural_eb,neural_bidir_seed2_eb,fixed,76,10,0,0.04312179610133171,4096
neural_eb,neural_bidir_seed3_eb,fixed,76,10,0,0.04306166619062424,4096
neural_eb,neural_bidir_seed4_eb,fixed,76,10,0,0.04832417145371437,4096
summary_ridge_eb,none,fixed,80,10,0,0.03979012370109558,4096
dfe,none,fixed,84,10,0,0.054074253886938095,0
dfe,none,fixed,92,10,0,0.052382342517375946,0
dfe,none,fixed,128,10,0,0.04420854523777962,0
constant_mean_eb,none,fixed,128,10,0,0.03913377225399017,4096
neural_eb,neural_bidir_seed0_eb,fixed,128,10,0,0.0366232693195343,4096
neural_eb,neural_bidir_seed1_eb,fixed,128,10,0,0.037525564432144165,4096
neural_eb,neural_bidir_seed2_eb,fixed,128,10,0,0.038788191974163055,4096
neural_eb,neural_bidir_seed3_eb,fixed,128,10,0,0.039993397891521454,4096
neural_eb,neural_bidir_seed4_eb,fixed,128,10,0,0.044942304491996765,4096
dfe,none,fixed,192,10,0,0.03569099307060242,0
constant_mean_eb,none,fixed,192,10,0,0.03290681168437004,4096
summary_ridge_eb,none,fixed,192,10,0,0.029907142743468285,4096
neural_eb,neural_bidir_seed0_eb,fixed,192,10,0,0.031671103090047836,4096
neural_eb,neural_bidir_seed1_eb,fixed,192,10,0,0.03230789676308632,4096
neural_eb,neural_bidir_seed2_eb,fixed,192,10,0,0.03521919250488281,4096
neural_eb,neural_bidir_seed3_eb,fixed,192,10,0,0.03717148303985596,4096
neural_eb,neural_bidir_seed4_eb,fixed,192,10,0,0.04179715737700462,4096
dfe,none,fixed,256,10,0,0.03157418593764305,0
constant_mean_eb,none,fixed,256,10,0,0.02978823520243168,4096
summary_ridge_eb,none,fixed,256,10,0,0.02756049484014511,4096
neural_eb,neural_bidir_seed0_eb,fixed,256,10,0,0.028777463361620903,4096
neural_eb,neural_bidir_seed1_eb,fixed,256,10,0,0.029266901314258575,4096
neural_eb,neural_bidir_seed2_eb,fixed,256,10,0,0.0322309285402298,4096
neural_eb,neural_bidir_seed3_eb,fixed,256,10,0,0.034549325704574585,4096
neural_eb,neural_bidir_seed4_eb,fixed,256,10,0,0.0389992855489254,4096
summary_ridge_eb,none,pilot,3,10,0,0.05136009305715561,4096
neural_eb,neural_bidir_seed0_eb,pilot,3,10,0,0.06280612200498581,4096
neural_eb,neural_bidir_seed1_eb,pilot,3,10,0,0.06681579351425171,4096
neural_eb,neural_bidir_seed2_eb,pilot,3,10,0,0.051039066165685654,4096
neural_eb,neural_bidir_seed3_eb,pilot,3,10,0,0.04824960604310036,4096
neural_eb,neural_bidir_seed4_eb,pilot,3,10,0,0.05408407747745514,4096
constant_mean_prior,none,none,0,10,1,0.10330905765295029,4096
constant_median_prior,none,none,0,10,1,0.10259029269218445,4096
summary_ridge_prior,none,none,0,10,1,0.05768529325723648,4096
product_affine_prior,none,none,0,10,1,0.05527476593852043,4096
exact_marginal_affine_prior,none,none,0,10,1,0.05947120487689972,4096
neural_prior,neural_bidir_seed0_prior,none,0,10,1,0.06806782633066177,4096
neural_prior,neural_bidir_seed1_prior,none,0,10,1,0.07304707169532776,4096
neural_prior,neural_bidir_seed2_prior,none,0,10,1,0.05411331355571747,4096
neural_prior,neural_bidir_seed3_prior,none,0,10,1,0.05053720623254776,4096
neural_prior,neural_bidir_seed4_prior,none,0,10,1,0.05630557984113693,4096
neural_eb,neural_bidir_seed0_eb,fixed,4,10,1,0.06560524553060532,4096
neural_eb,neural_bidir_seed1_eb,fixed,4,10,1,0.07012145221233368,4096
neural_eb,neural_bidir_seed2_eb,fixed,4,10,1,0.05297376215457916,4096
neural_eb,neural_bidir_seed3_eb,fixed,4,10,1,0.0497826486825943,4096
neural_eb,neural_bidir_seed4_eb,fixed,4,10,1,0.05513959378004074,4096
constant_mean_eb,none,fixed,20,10,1,0.076351597905159,4096
constant_mean_eb,none,fixed,24,10,1,0.07154177129268646,4096
summary_ridge_eb,none,fixed,24,10,1,0.052921146154403687,4096
neural_eb,neural_bidir_seed0_eb,fixed,24,10,1,0.058393582701683044,4096
neural_eb,neural_bidir_seed1_eb,fixed,24,10,1,0.060580551624298096,4096
neural_eb,neural_bidir_seed2_eb,fixed,24,10,1,0.05193585529923439,4096
neural_eb,neural_bidir_seed3_eb,fixed,24,10,1,0.05022742599248886,4096
neural_eb,neural_bidir_seed4_eb,fixed,24,10,1,0.05318243429064751,4096
constant_mean_eb,none,fixed,32,10,1,0.06422455608844757,4096
constant_mean_eb,none,fixed,36,10,1,0.0640987828373909,4096
neural_eb,neural_bidir_seed0_eb,fixed,36,10,1,0.05477677285671234,4096
neural_eb,neural_bidir_seed1_eb,fixed,36,10,1,0.056418031454086304,4096
neural_eb,neural_bidir_seed2_eb,fixed,36,10,1,0.04940411075949669,4096
neural_eb,neural_bidir_seed3_eb,fixed,36,10,1,0.04788066819310188,4096
neural_eb,neural_bidir_seed4_eb,fixed,36,10,1,0.050329964607954025,4096
dfe,none,fixed,40,10,1,0.0794517993927002,0
neural_eb,neural_bidir_seed0_eb,fixed,40,10,1,0.05168139189481735,4096
neural_eb,neural_bidir_seed1_eb,fixed,40,10,1,0.053190529346466064,4096
neural_eb,neural_bidir_seed2_eb,fixed,40,10,1,0.04690742492675781,4096
neural_eb,neural_bidir_seed3_eb,fixed,40,10,1,0.045778095722198486,4096
neural_eb,neural_bidir_seed4_eb,fixed,40,10,1,0.04791146516799927,4096
summary_ridge_eb,none,fixed,44,10,1,0.04731301963329315,4096
dfe,none,fixed,48,10,1,0.07341744005680084,0
constant_mean_eb,none,fixed,48,10,1,0.05770692229270935,4096
dfe,none,fixed,52,10,1,0.0695497989654541,0
neural_eb,neural_bidir_seed0_eb,fixed,52,10,1,0.04829973727464676,4096
neural_eb,neural_bidir_seed1_eb,fixed,52,10,1,0.0494891032576561,4096
neural_eb,neural_bidir_seed2_eb,fixed,52,10,1,0.04441838711500168,4096
neural_eb,neural_bidir_seed3_eb,fixed,52,10,1,0.04339773952960968,4096
neural_eb,neural_bidir_seed4_eb,fixed,52,10,1,0.04519566148519516,4096
dfe,none,fixed,60,10,1,0.06388624012470245,0
constant_mean_eb,none,fixed,60,10,1,0.05194265395402908,4096
constant_mean_eb,none,fixed,64,10,1,0.05082952231168747,4096
dfe,none,fixed,72,10,1,0.05925620347261429,0
constant_mean_eb,none,fixed,76,10,1,0.04791641980409622,4096
neural_eb,neural_bidir_seed0_eb,fixed,76,10,1,0.043207619339227676,4096
neural_eb,neural_bidir_seed1_eb,fixed,76,10,1,0.04404105246067047,4096
neural_eb,neural_bidir_seed2_eb,fixed,76,10,1,0.04020768776535988,4096
neural_eb,neural_bidir_seed3_eb,fixed,76,10,1,0.039343319833278656,4096
neural_eb,neural_bidir_seed4_eb,fixed,76,10,1,0.0406760647892952,4096
summary_ridge_eb,none,fixed,80,10,1,0.0410580188035965,4096
dfe,none,fixed,84,10,1,0.055488117039203644,0
dfe,none,fixed,92,10,1,0.05246191471815109,0
dfe,none,fixed,128,10,1,0.04365415871143341,0
constant_mean_eb,none,fixed,128,10,1,0.038900505751371384,4096
neural_eb,neural_bidir_seed0_eb,fixed,128,10,1,0.0362752340734005,4096
neural_eb,neural_bidir_seed1_eb,fixed,128,10,1,0.03677962347865105,4096
neural_eb,neural_bidir_seed2_eb,fixed,128,10,1,0.03461083024740219,4096
neural_eb,neural_bidir_seed3_eb,fixed,128,10,1,0.0341266505420208,4096
neural_eb,neural_bidir_seed4_eb,fixed,128,10,1,0.03494202345609665,4096
dfe,none,fixed,192,10,1,0.036166712641716,0
constant_mean_eb,none,fixed,192,10,1,0.03332572430372238,4096
summary_ridge_eb,none,fixed,192,10,1,0.03065909817814827,4096
neural_eb,neural_bidir_seed0_eb,fixed,192,10,1,0.031346067786216736,4096
neural_eb,neural_bidir_seed1_eb,fixed,192,10,1,0.031660296022892,4096
neural_eb,neural_bidir_seed2_eb,fixed,192,10,1,0.030253134667873383,4096
neural_eb,neural_bidir_seed3_eb,fixed,192,10,1,0.029970062896609306,4096
neural_eb,neural_bidir_seed4_eb,fixed,192,10,1,0.03055092692375183,4096
dfe,none,fixed,256,10,1,0.03136209398508072,0
constant_mean_eb,none,fixed,256,10,1,0.029591389000415802,4096
summary_ridge_eb,none,fixed,256,10,1,0.027550004422664642,4096
neural_eb,neural_bidir_seed0_eb,fixed,256,10,1,0.028332721441984177,4096
neural_eb,neural_bidir_seed1_eb,fixed,256,10,1,0.028555311262607574,4096
neural_eb,neural_bidir_seed2_eb,fixed,256,10,1,0.027601759880781174,4096
neural_eb,neural_bidir_seed3_eb,fixed,256,10,1,0.027396271005272865,4096
neural_eb,neural_bidir_seed4_eb,fixed,256,10,1,0.02774057164788246,4096
summary_ridge_eb,none,pilot,3,10,1,0.056699223816394806,4096
neural_eb,neural_bidir_seed0_eb,pilot,3,10,1,0.06605467945337296,4096
neural_eb,neural_bidir_seed1_eb,pilot,3,10,1,0.07057511061429977,4096
neural_eb,neural_bidir_seed2_eb,pilot,3,10,1,0.05326494574546814,4096
neural_eb,neural_bidir_seed3_eb,pilot,3,10,1,0.050010256469249725,4096
neural_eb,neural_bidir_seed4_eb,pilot,3,10,1,0.05543117597699165,4096
constant_mean_prior,none,none,0,10,2,0.1026342511177063,4096
constant_median_prior,none,none,0,10,2,0.10560935735702515,4096
summary_ridge_prior,none,none,0,10,2,0.058938197791576385,4096
product_affine_prior,none,none,0,10,2,0.057191021740436554,4096
exact_marginal_affine_prior,none,none,0,10,2,0.06135241687297821,4096
neural_prior,neural_bidir_seed0_prior,none,0,10,2,0.06853058934211731,4096
neural_prior,neural_bidir_seed1_prior,none,0,10,2,0.07350888848304749,4096
neural_prior,neural_bidir_seed2_prior,none,0,10,2,0.05412113666534424,4096
neural_prior,neural_bidir_seed3_prior,none,0,10,2,0.05068892985582352,4096
neural_prior,neural_bidir_seed4_prior,none,0,10,2,0.05640250816941261,4096
neural_eb,neural_bidir_seed0_eb,fixed,4,10,2,0.0670868307352066,4096
neural_eb,neural_bidir_seed1_eb,fixed,4,10,2,0.07171480357646942,4096
neural_eb,neural_bidir_seed2_eb,fixed,4,10,2,0.05383376404643059,4096
neural_eb,neural_bidir_seed3_eb,fixed,4,10,2,0.05061640590429306,4096
neural_eb,neural_bidir_seed4_eb,fixed,4,10,2,0.05608762055635452,4096
constant_mean_eb,none,fixed,20,10,2,0.07559126615524292,4096
constant_mean_eb,none,fixed,24,10,2,0.07072819769382477,4096
summary_ridge_eb,none,fixed,24,10,2,0.0548434853553772,4096
neural_eb,neural_bidir_seed0_eb,fixed,24,10,2,0.058196961879730225,4096
neural_eb,neural_bidir_seed1_eb,fixed,24,10,2,0.06072177737951279,4096
neural_eb,neural_bidir_seed2_eb,fixed,24,10,2,0.05196915566921234,4096
neural_eb,neural_bidir_seed3_eb,fixed,24,10,2,0.05089655518531799,4096
neural_eb,neural_bidir_seed4_eb,fixed,24,10,2,0.05396132543683052,4096
constant_mean_eb,none,fixed,32,10,2,0.06452828645706177,4096
constant_mean_eb,none,fixed,36,10,2,0.061195168644189835,4096
neural_eb,neural_bidir_seed0_eb,fixed,36,10,2,0.05373184382915497,4096
neural_eb,neural_bidir_seed1_eb,fixed,36,10,2,0.05558551847934723,4096
neural_eb,neural_bidir_seed2_eb,fixed,36,10,2,0.04959188401699066,4096
neural_eb,neural_bidir_seed3_eb,fixed,36,10,2,0.04956821724772453,4096
neural_eb,neural_bidir_seed4_eb,fixed,36,10,2,0.05130845308303833,4096
dfe,none,fixed,40,10,2,0.07957416772842407,0
neural_eb,neural_bidir_seed0_eb,fixed,40,10,2,0.052961479872465134,4096
neural_eb,neural_bidir_seed1_eb,fixed,40,10,2,0.05459901690483093,4096
neural_eb,neural_bidir_seed2_eb,fixed,40,10,2,0.0493907704949379,4096
neural_eb,neural_bidir_seed3_eb,fixed,40,10,2,0.04945608973503113,4096
neural_eb,neural_bidir_seed4_eb,fixed,40,10,2,0.05115995183587074,4096
summary_ridge_eb,none,fixed,44,10,2,0.05073480308055878,4096
dfe,none,fixed,48,10,2,0.0741518884897232,0
constant_mean_eb,none,fixed,48,10,2,0.05762094259262085,4096
dfe,none,fixed,52,10,2,0.06887823343276978,0
neural_eb,neural_bidir_seed0_eb,fixed,52,10,2,0.04992958903312683,4096
neural_eb,neural_bidir_seed1_eb,fixed,52,10,2,0.0512964203953743,4096
neural_eb,neural_bidir_seed2_eb,fixed,52,10,2,0.0479731559753418,4096
neural_eb,neural_bidir_seed3_eb,fixed,52,10,2,0.04886963963508606,4096
neural_eb,neural_bidir_seed4_eb,fixed,52,10,2,0.04961289465427399,4096
dfe,none,fixed,60,10,2,0.06504054367542267,0
constant_mean_eb,none,fixed,60,10,2,0.05447477847337723,4096
constant_mean_eb,none,fixed,64,10,2,0.05099489539861679,4096
dfe,none,fixed,72,10,2,0.058857232332229614,0
constant_mean_eb,none,fixed,76,10,2,0.048280440270900726,4096
neural_eb,neural_bidir_seed0_eb,fixed,76,10,2,0.0449061319231987,4096
neural_eb,neural_bidir_seed1_eb,fixed,76,10,2,0.04564153030514717,4096
neural_eb,neural_bidir_seed2_eb,fixed,76,10,2,0.04592897742986679,4096
neural_eb,neural_bidir_seed3_eb,fixed,76,10,2,0.04809269309043884,4096
neural_eb,neural_bidir_seed4_eb,fixed,76,10,2,0.047388941049575806,4096
summary_ridge_eb,none,fixed,80,10,2,0.046482473611831665,4096
dfe,none,fixed,84,10,2,0.05424030125141144,0
dfe,none,fixed,92,10,2,0.05214039608836174,0
dfe,none,fixed,128,10,2,0.043570008128881454,0
constant_mean_eb,none,fixed,128,10,2,0.03879149630665779,4096
neural_eb,neural_bidir_seed0_eb,fixed,128,10,2,0.03771573305130005,4096
neural_eb,neural_bidir_seed1_eb,fixed,128,10,2,0.037821680307388306,4096
neural_eb,neural_bidir_seed2_eb,fixed,128,10,2,0.04228489100933075,4096
neural_eb,neural_bidir_seed3_eb,fixed,128,10,2,0.046829529106616974,4096
neural_eb,neural_bidir_seed4_eb,fixed,128,10,2,0.0433218777179718,4096
dfe,none,fixed,192,10,2,0.03620632737874985,0
constant_mean_eb,none,fixed,192,10,2,0.03417923301458359,4096
summary_ridge_eb,none,fixed,192,10,2,0.03784575313329697,4096
neural_eb,neural_bidir_seed0_eb,fixed,192,10,2,0.03357812017202377,4096
neural_eb,neural_bidir_seed1_eb,fixed,192,10,2,0.033697016537189484,4096
neural_eb,neural_bidir_seed2_eb,fixed,192,10,2,0.039337411522865295,4096
neural_eb,neural_bidir_seed3_eb,fixed,192,10,2,0.04558027163147926,4096
neural_eb,neural_bidir_seed4_eb,fixed,192,10,2,0.040131084620952606,4096
dfe,none,fixed,256,10,2,0.03130973130464554,0
constant_mean_eb,none,fixed,256,10,2,0.029646746814250946,4096
summary_ridge_eb,none,fixed,256,10,2,0.03404839336872101,4096
neural_eb,neural_bidir_seed0_eb,fixed,256,10,2,0.029491253197193146,4096
neural_eb,neural_bidir_seed1_eb,fixed,256,10,2,0.029565904289484024,4096
neural_eb,neural_bidir_seed2_eb,fixed,256,10,2,0.03606763854622841,4096
neural_eb,neural_bidir_seed3_eb,fixed,256,10,2,0.04395058751106262,4096
neural_eb,neural_bidir_seed4_eb,fixed,256,10,2,0.036619193851947784,4096
summary_ridge_eb,none,pilot,3,10,2,0.058624058961868286,4096
neural_eb,neural_bidir_seed0_eb,pilot,3,10,2,0.0675157904624939,4096
neural_eb,neural_bidir_seed1_eb,pilot,3,10,2,0.07220856845378876,4096
neural_eb,neural_bidir_seed2_eb,pilot,3,10,2,0.05387362837791443,4096
neural_eb,neural_bidir_seed3_eb,pilot,3,10,2,0.05062829703092575,4096
neural_eb,neural_bidir_seed4_eb,pilot,3,10,2,0.056134507060050964,4096
constant_mean_prior,none,none,0,10,3,0.10387825965881348,4096
constant_median_prior,none,none,0,10,3,0.10283583402633667,4096
summary_ridge_prior,none,none,0,10,3,0.05001235380768776,4096
product_affine_prior,none,none,0,10,3,0.05242370441555977,4096
exact_marginal_affine_prior,none,none,0,10,3,0.056806109845638275,4096
neural_prior,neural_bidir_seed0_prior,none,0,10,3,0.0649675503373146,4096
neural_prior,neural_bidir_seed1_prior,none,0,10,3,0.06973998248577118,4096
neural_prior,neural_bidir_seed2_prior,none,0,10,3,0.05122264474630356,4096
neural_prior,neural_bidir_seed3_prior,none,0,10,3,0.04803533852100372,4096
neural_prior,neural_bidir_seed4_prior,none,0,10,3,0.05355323106050491,4096
neural_eb,neural_bidir_seed0_eb,fixed,4,10,3,0.06327037513256073,4096
neural_eb,neural_bidir_seed1_eb,fixed,4,10,3,0.06756597757339478,4096
neural_eb,neural_bidir_seed2_eb,fixed,4,10,3,0.05060119181871414,4096
neural_eb,neural_bidir_seed3_eb,fixed,4,10,3,0.04758278653025627,4096
neural_eb,neural_bidir_seed4_eb,fixed,4,10,3,0.05284113436937332,4096
constant_mean_eb,none,fixed,20,10,3,0.07655487954616547,4096
constant_mean_eb,none,fixed,24,10,3,0.07200906425714493,4096
summary_ridge_eb,none,fixed,24,10,3,0.04791983962059021,4096
neural_eb,neural_bidir_seed0_eb,fixed,24,10,3,0.05689042806625366,4096
neural_eb,neural_bidir_seed1_eb,fixed,24,10,3,0.05956462398171425,4096
neural_eb,neural_bidir_seed2_eb,fixed,24,10,3,0.048857904970645905,4096
neural_eb,neural_bidir_seed3_eb,fixed,24,10,3,0.04663816839456558,4096
neural_eb,neural_bidir_seed4_eb,fixed,24,10,3,0.05062270537018776,4096
constant_mean_eb,none,fixed,32,10,3,0.06431566178798676,4096
constant_mean_eb,none,fixed,36,10,3,0.06252302974462509,4096
neural_eb,neural_bidir_seed0_eb,fixed,36,10,3,0.051831863820552826,4096
neural_eb,neural_bidir_seed1_eb,fixed,36,10,3,0.05384395271539688,4096
neural_eb,neural_bidir_seed2_eb,fixed,36,10,3,0.04532681405544281,4096
neural_eb,neural_bidir_seed3_eb,fixed,36,10,3,0.04353991150856018,4096
neural_eb,neural_bidir_seed4_eb,fixed,36,10,3,0.04677613079547882,4096
dfe,none,fixed,40,10,3,0.08030413091182709,0
neural_eb,neural_bidir_seed0_eb,fixed,40,10,3,0.05104129761457443,4096
neural_eb,neural_bidir_seed1_eb,fixed,40,10,3,0.05288359522819519,4096
neural_eb,neural_bidir_seed2_eb,fixed,40,10,3,0.044494956731796265,4096
neural_eb,neural_bidir_seed3_eb,fixed,40,10,3,0.042732637375593185,4096
neural_eb,neural_bidir_seed4_eb,fixed,40,10,3,0.045941345393657684,4096
summary_ridge_eb,none,fixed,44,10,3,0.04187336936593056,4096
dfe,none,fixed,48,10,3,0.07244137674570084,0
constant_mean_eb,none,fixed,48,10,3,0.056932233273983,4096
dfe,none,fixed,52,10,3,0.06996224075555801,0
neural_eb,neural_bidir_seed0_eb,fixed,52,10,3,0.047702856361866,4096
neural_eb,neural_bidir_seed1_eb,fixed,52,10,3,0.04923028498888016,4096
neural_eb,neural_bidir_seed2_eb,fixed,52,10,3,0.04245832562446594,4096
neural_eb,neural_bidir_seed3_eb,fixed,52,10,3,0.04113075137138367,4096
neural_eb,neural_bidir_seed4_eb,fixed,52,10,3,0.04372156783938408,4096
dfe,none,fixed,60,10,3,0.06558346748352051,0
constant_mean_eb,none,fixed,60,10,3,0.053559280931949615,4096
constant_mean_eb,none,fixed,64,10,3,0.05196699500083923,4096
dfe,none,fixed,72,10,3,0.0590897873044014,0
constant_mean_eb,none,fixed,76,10,3,0.049407340586185455,4096
neural_eb,neural_bidir_seed0_eb,fixed,76,10,3,0.04326857253909111,4096
neural_eb,neural_bidir_seed1_eb,fixed,76,10,3,0.04447852820158005,4096
neural_eb,neural_bidir_seed2_eb,fixed,76,10,3,0.039389096200466156,4096
neural_eb,neural_bidir_seed3_eb,fixed,76,10,3,0.038353871554136276,4096
neural_eb,neural_bidir_seed4_eb,fixed,76,10,3,0.04055381938815117,4096
summary_ridge_eb,none,fixed,80,10,3,0.03793767839670181,4096
dfe,none,fixed,84,10,3,0.05356641858816147,0
dfe,none,fixed,92,10,3,0.05299099534749985,0
dfe,none,fixed,128,10,3,0.04506815969944,0
constant_mean_eb,none,fixed,128,10,3,0.040122706443071365,4096
neural_eb,neural_bidir_seed0_eb,fixed,128,10,3,0.03657110035419464,4096
neural_eb,neural_bidir_seed1_eb,fixed,128,10,3,0.03742324188351631,4096
neural_eb,neural_bidir_seed2_eb,fixed,128,10,3,0.034665968269109726,4096
neural_eb,neural_bidir_seed3_eb,fixed,128,10,3,0.034166205674409866,4096
neural_eb,neural_bidir_seed4_eb,fixed,128,10,3,0.03534979373216629,4096
dfe,none,fixed,192,10,3,0.03598284721374512,0
constant_mean_eb,none,fixed,192,10,3,0.0330616757273674,4096
summary_ridge_eb,none,fixed,192,10,3,0.03011052869260311,4096
neural_eb,neural_bidir_seed0_eb,fixed,192,10,3,0.030819475650787354,4096
neural_eb,neural_bidir_seed1_eb,fixed,192,10,3,0.03125080093741417,4096
neural_eb,neural_bidir_seed2_eb,fixed,192,10,3,0.030201394110918045,4096
neural_eb,neural_bidir_seed3_eb,fixed,192,10,3,0.03018905222415924,4096
neural_eb,neural_bidir_seed4_eb,fixed,192,10,3,0.03070034086704254,4096
dfe,none,fixed,256,10,3,0.032026808708906174,0
constant_mean_eb,none,fixed,256,10,3,0.030080538243055344,4096
summary_ridge_eb,none,fixed,256,10,3,0.027339491993188858,4096
neural_eb,neural_bidir_seed0_eb,fixed,256,10,3,0.028410904109477997,4096
neural_eb,neural_bidir_seed1_eb,fixed,256,10,3,0.028655610978603363,4096
neural_eb,neural_bidir_seed2_eb,fixed,256,10,3,0.027407076209783554,4096
neural_eb,neural_bidir_seed3_eb,fixed,256,10,3,0.027543559670448303,4096
neural_eb,neural_bidir_seed4_eb,fixed,256,10,3,0.027804389595985413,4096
summary_ridge_eb,none,pilot,3,10,3,0.049494609236717224,4096
neural_eb,neural_bidir_seed0_eb,pilot,3,10,3,0.0634554773569107,4096
neural_eb,neural_bidir_seed1_eb,pilot,3,10,3,0.0678030401468277,4096
neural_eb,neural_bidir_seed2_eb,pilot,3,10,3,0.05066004768013954,4096
neural_eb,neural_bidir_seed3_eb,pilot,3,10,3,0.04765626788139343,4096
neural_eb,neural_bidir_seed4_eb,pilot,3,10,3,0.05281255394220352,4096
constant_mean_prior,none,none,0,10,4,0.10406772792339325,4096
constant_median_prior,none,none,0,10,4,0.10294406116008759,4096
summary_ridge_prior,none,none,0,10,4,0.0533684566617012,4096
product_affine_prior,none,none,0,10,4,0.05127863585948944,4096
exact_marginal_affine_prior,none,none,0,10,4,0.05664002150297165,4096
neural_prior,neural_bidir_seed0_prior,none,0,10,4,0.06588205695152283,4096
neural_prior,neural_bidir_seed1_prior,none,0,10,4,0.06929673254489899,4096
neural_prior,neural_bidir_seed2_prior,none,0,10,4,0.05727771669626236,4096
neural_prior,neural_bidir_seed3_prior,none,0,10,4,0.055220216512680054,4096
neural_prior,neural_bidir_seed4_prior,none,0,10,4,0.060737088322639465,4096
neural_eb,neural_bidir_seed0_eb,fixed,4,10,4,0.06390318274497986,4096
neural_eb,neural_bidir_seed1_eb,fixed,4,10,4,0.06700880080461502,4096
neural_eb,neural_bidir_seed2_eb,fixed,4,10,4,0.056404054164886475,4096
neural_eb,neural_bidir_seed3_eb,fixed,4,10,4,0.054471924901008606,4096
neural_eb,neural_bidir_seed4_eb,fixed,4,10,4,0.05973991006612778,4096
constant_mean_eb,none,fixed,20,10,4,0.07678209245204926,4096
constant_mean_eb,none,fixed,24,10,4,0.07381570339202881,4096
summary_ridge_eb,none,fixed,24,10,4,0.05109025910496712,4096
neural_eb,neural_bidir_seed0_eb,fixed,24,10,4,0.059748515486717224,4096
neural_eb,neural_bidir_seed1_eb,fixed,24,10,4,0.06215852499008179,4096
neural_eb,neural_bidir_seed2_eb,fixed,24,10,4,0.053979720920324326,4096
neural_eb,neural_bidir_seed3_eb,fixed,24,10,4,0.05223305523395538,4096
neural_eb,neural_bidir_seed4_eb,fixed,24,10,4,0.05661848932504654,4096
constant_mean_eb,none,fixed,32,10,4,0.06712134182453156,4096
constant_mean_eb,none,fixed,36,10,4,0.0630202442407608,4096
neural_eb,neural_bidir_seed0_eb,fixed,36,10,4,0.05348784476518631,4096
neural_eb,neural_bidir_seed1_eb,fixed,36,10,4,0.0549972802400589,4096
neural_eb,neural_bidir_seed2_eb,fixed,36,10,4,0.04988263547420502,4096
neural_eb,neural_bidir_seed3_eb,fixed,36,10,4,0.04854980856180191,4096
neural_eb,neural_bidir_seed4_eb,fixed,36,10,4,0.05244012176990509,4096
dfe,none,fixed,40,10,4,0.07912410795688629,0
neural_eb,neural_bidir_seed0_eb,fixed,40,10,4,0.05178198590874672,4096
neural_eb,neural_bidir_seed1_eb,fixed,40,10,4,0.05316944420337677,4096
neural_eb,neural_bidir_seed2_eb,fixed,40,10,4,0.0488600954413414,4096
neural_eb,neural_bidir_seed3_eb,fixed,40,10,4,0.04792774096131325,4096
neural_eb,neural_bidir_seed4_eb,fixed,40,10,4,0.05154027044773102,4096
summary_ridge_eb,none,fixed,44,10,4,0.04603147879242897,4096
dfe,none,fixed,48,10,4,0.0731700211763382,0
constant_mean_eb,none,fixed,48,10,4,0.0583357959985733,4096
dfe,none,fixed,52,10,4,0.06949938833713531,0
neural_eb,neural_bidir_seed0_eb,fixed,52,10,4,0.04948464781045914,4096
neural_eb,neural_bidir_seed1_eb,fixed,52,10,4,0.05094261094927788,4096
neural_eb,neural_bidir_seed2_eb,fixed,52,10,4,0.046631380915641785,4096
neural_eb,neural_bidir_seed3_eb,fixed,52,10,4,0.045822106301784515,4096
neural_eb,neural_bidir_seed4_eb,fixed,52,10,4,0.04923054203391075,4096
dfe,none,fixed,60,10,4,0.06431173533201218,0
constant_mean_eb,none,fixed,60,10,4,0.05285569280385971,4096
constant_mean_eb,none,fixed,64,10,4,0.052280064672231674,4096
dfe,none,fixed,72,10,4,0.06019465625286102,0
constant_mean_eb,none,fixed,76,10,4,0.04943348467350006,4096
neural_eb,neural_bidir_seed0_eb,fixed,76,10,4,0.04436467960476875,4096
neural_eb,neural_bidir_seed1_eb,fixed,76,10,4,0.04543418064713478,4096
neural_eb,neural_bidir_seed2_eb,fixed,76,10,4,0.04286254569888115,4096
neural_eb,neural_bidir_seed3_eb,fixed,76,10,4,0.042235132306814194,4096
neural_eb,neural_bidir_seed4_eb,fixed,76,10,4,0.04510287195444107,4096
summary_ridge_eb,none,fixed,80,10,4,0.039622463285923004,4096
dfe,none,fixed,84,10,4,0.05426301807165146,0
dfe,none,fixed,92,10,4,0.05204369127750397,0
dfe,none,fixed,128,10,4,0.044818468391895294,0
constant_mean_eb,none,fixed,128,10,4,0.04025962948799133,4096
neural_eb,neural_bidir_seed0_eb,fixed,128,10,4,0.03788268193602562,4096
neural_eb,neural_bidir_seed1_eb,fixed,128,10,4,0.03837711736559868,4096
neural_eb,neural_bidir_seed2_eb,fixed,128,10,4,0.03721999377012253,4096
neural_eb,neural_bidir_seed3_eb,fixed,128,10,4,0.03685489296913147,4096
neural_eb,neural_bidir_seed4_eb,fixed,128,10,4,0.038923390209674835,4096
dfe,none,fixed,192,10,4,0.03546591103076935,0
constant_mean_eb,none,fixed,192,10,4,0.03312182426452637,4096
summary_ridge_eb,none,fixed,192,10,4,0.03039398416876793,4096
neural_eb,neural_bidir_seed0_eb,fixed,192,10,4,0.031595177948474884,4096
neural_eb,neural_bidir_seed1_eb,fixed,192,10,4,0.03172823786735535,4096
neural_eb,neural_bidir_seed2_eb,fixed,192,10,4,0.03201223164796829,4096
neural_eb,neural_bidir_seed3_eb,fixed,192,10,4,0.03216835483908653,4096
neural_eb,neural_bidir_seed4_eb,fixed,192,10,4,0.033219750970602036,4096
dfe,none,fixed,256,10,4,0.030925951898097992,0
constant_mean_eb,none,fixed,256,10,4,0.029465515166521072,4096
summary_ridge_eb,none,fixed,256,10,4,0.027122458443045616,4096
neural_eb,neural_bidir_seed0_eb,fixed,256,10,4,0.027765050530433655,4096
neural_eb,neural_bidir_seed1_eb,fixed,256,10,4,0.028096292167901993,4096
neural_eb,neural_bidir_seed2_eb,fixed,256,10,4,0.027795445173978806,4096
neural_eb,neural_bidir_seed3_eb,fixed,256,10,4,0.027765914797782898,4096
neural_eb,neural_bidir_seed4_eb,fixed,256,10,4,0.028742553666234016,4096
summary_ridge_eb,none,pilot,3,10,4,0.052591510117053986,4096
neural_eb,neural_bidir_seed0_eb,pilot,3,10,4,0.06431527435779572,4096
neural_eb,neural_bidir_seed1_eb,pilot,3,10,4,0.06735439598560333,4096
neural_eb,neural_bidir_seed2_eb,pilot,3,10,4,0.0564613938331604,4096
neural_eb,neural_bidir_seed3_eb,pilot,3,10,4,0.05448305606842041,4096
neural_eb,neural_bidir_seed4_eb,pilot,3,10,4,0.059819296002388,4096
constant_mean_prior,none,none,0,11,0,0.10793740302324295,4096
constant_median_prior,none,none,0,11,0,0.10303494334220886,4096
summary_ridge_prior,none,none,0,11,0,0.05022771283984184,4096
product_affine_prior,none,none,0,11,0,0.052709922194480896,4096
exact_marginal_affine_prior,none,none,0,11,0,0.05683421343564987,4096
neural_prior,neural_bidir_seed0_prior,none,0,11,0,0.06384256482124329,4096
neural_prior,neural_bidir_seed1_prior,none,0,11,0,0.06783652305603027,4096
neural_prior,neural_bidir_seed2_prior,none,0,11,0,0.05320008844137192,4096
neural_prior,neural_bidir_seed3_prior,none,0,11,0,0.05092011019587517,4096
neural_prior,neural_bidir_seed4_prior,none,0,11,0,0.0556153729557991,4096
neural_eb,neural_bidir_seed0_eb,fixed,4,11,0,0.06203740835189819,4096
neural_eb,neural_bidir_seed1_eb,fixed,4,11,0,0.06559412181377411,4096
neural_eb,neural_bidir_seed2_eb,fixed,4,11,0,0.05235791206359863,4096
neural_eb,neural_bidir_seed3_eb,fixed,4,11,0,0.05029973387718201,4096
neural_eb,neural_bidir_seed4_eb,fixed,4,11,0,0.05479352921247482,4096
constant_mean_eb,none,fixed,20,11,0,0.078065425157547,4096
constant_mean_eb,none,fixed,24,11,0,0.07363173365592957,4096
summary_ridge_eb,none,fixed,24,11,0,0.04918895661830902,4096
neural_eb,neural_bidir_seed0_eb,fixed,24,11,0,0.05876526981592178,4096
neural_eb,neural_bidir_seed1_eb,fixed,24,11,0,0.06131827458739281,4096
neural_eb,neural_bidir_seed2_eb,fixed,24,11,0,0.05135175958275795,4096
neural_eb,neural_bidir_seed3_eb,fixed,24,11,0,0.04959866777062416,4096
neural_eb,neural_bidir_seed4_eb,fixed,24,11,0,0.05315396934747696,4096
constant_mean_eb,none,fixed,32,11,0,0.06661009788513184,4096
constant_mean_eb,none,fixed,36,11,0,0.06294111907482147,4096
neural_eb,neural_bidir_seed0_eb,fixed,36,11,0,0.052234336733818054,4096
neural_eb,neural_bidir_seed1_eb,fixed,36,11,0,0.054082438349723816,4096
neural_eb,neural_bidir_seed2_eb,fixed,36,11,0,0.04681908339262009,4096
neural_eb,neural_bidir_seed3_eb,fixed,36,11,0,0.045757923275232315,4096
neural_eb,neural_bidir_seed4_eb,fixed,36,11,0,0.04854806140065193,4096
dfe,none,fixed,40,11,0,0.08095887303352356,0
neural_eb,neural_bidir_seed0_eb,fixed,40,11,0,0.05138525366783142,4096
neural_eb,neural_bidir_seed1_eb,fixed,40,11,0,0.05340389162302017,4096
neural_eb,neural_bidir_seed2_eb,fixed,40,11,0,0.046221472322940826,4096
neural_eb,neural_bidir_seed3_eb,fixed,40,11,0,0.04528280720114708,4096
neural_eb,neural_bidir_seed4_eb,fixed,40,11,0,0.048348523676395416,4096
summary_ridge_eb,none,fixed,44,11,0,0.044554151594638824,4096
dfe,none,fixed,48,11,0,0.07063598930835724,0
constant_mean_eb,none,fixed,48,11,0,0.05715351551771164,4096
dfe,none,fixed,52,11,0,0.07033371925354004,0
neural_eb,neural_bidir_seed0_eb,fixed,52,11,0,0.048428937792778015,4096
neural_eb,neural_bidir_seed1_eb,fixed,52,11,0,0.04991215839982033,4096
neural_eb,neural_bidir_seed2_eb,fixed,52,11,0,0.04399699717760086,4096
neural_eb,neural_bidir_seed3_eb,fixed,52,11,0,0.04341507703065872,4096
neural_eb,neural_bidir_seed4_eb,fixed,52,11,0,0.0457894429564476,4096
dfe,none,fixed,60,11,0,0.06469608843326569,0
constant_mean_eb,none,fixed,60,11,0,0.05341963469982147,4096
constant_mean_eb,none,fixed,64,11,0,0.05321042984724045,4096
dfe,none,fixed,72,11,0,0.05955856665968895,0
constant_mean_eb,none,fixed,76,11,0,0.04858013242483139,4096
neural_eb,neural_bidir_seed0_eb,fixed,76,11,0,0.043171241879463196,4096
neural_eb,neural_bidir_seed1_eb,fixed,76,11,0,0.04424784705042839,4096
neural_eb,neural_bidir_seed2_eb,fixed,76,11,0,0.040259651839733124,4096
neural_eb,neural_bidir_seed3_eb,fixed,76,11,0,0.04003692418336868,4096
neural_eb,neural_bidir_seed4_eb,fixed,76,11,0,0.041912056505680084,4096
summary_ridge_eb,none,fixed,80,11,0,0.03972696140408516,4096
dfe,none,fixed,84,11,0,0.05543515831232071,0
dfe,none,fixed,92,11,0,0.051940277218818665,0
dfe,none,fixed,128,11,0,0.044467754662036896,0
constant_mean_eb,none,fixed,128,11,0,0.03983931988477707,4096
neural_eb,neural_bidir_seed0_eb,fixed,128,11,0,0.03689614683389664,4096
neural_eb,neural_bidir_seed1_eb,fixed,128,11,0,0.03752683848142624,4096
neural_eb,neural_bidir_seed2_eb,fixed,128,11,0,0.03530453145503998,4096
neural_eb,neural_bidir_seed3_eb,fixed,128,11,0,0.03556250035762787,4096
neural_eb,neural_bidir_seed4_eb,fixed,128,11,0,0.036420635879039764,4096
dfe,none,fixed,192,11,0,0.03540226072072983,0
constant_mean_eb,none,fixed,192,11,0,0.03282971680164337,4096
summary_ridge_eb,none,fixed,192,11,0,0.030890032649040222,4096
neural_eb,neural_bidir_seed0_eb,fixed,192,11,0,0.030863121151924133,4096
neural_eb,neural_bidir_seed1_eb,fixed,192,11,0,0.03140358626842499,4096
neural_eb,neural_bidir_seed2_eb,fixed,192,11,0,0.030283793807029724,4096
neural_eb,neural_bidir_seed3_eb,fixed,192,11,0,0.030742093920707703,4096
neural_eb,neural_bidir_seed4_eb,fixed,192,11,0,0.03135072812438011,4096
dfe,none,fixed,256,11,0,0.03110685385763645,0
constant_mean_eb,none,fixed,256,11,0,0.029286712408065796,4096
summary_ridge_eb,none,fixed,256,11,0,0.027929043397307396,4096
neural_eb,neural_bidir_seed0_eb,fixed,256,11,0,0.027933020144701004,4096
neural_eb,neural_bidir_seed1_eb,fixed,256,11,0,0.028192415833473206,4096
neural_eb,neural_bidir_seed2_eb,fixed,256,11,0,0.027341920882463455,4096
neural_eb,neural_bidir_seed3_eb,fixed,256,11,0,0.02779705822467804,4096
neural_eb,neural_bidir_seed4_eb,fixed,256,11,0,0.02794751711189747,4096
summary_ridge_eb,none,pilot,3,11,0,0.04959162324666977,4096
neural_eb,neural_bidir_seed0_eb,pilot,3,11,0,0.0619913786649704,4096
neural_eb,neural_bidir_seed1_eb,pilot,3,11,0,0.06565046310424805,4096
neural_eb,neural_bidir_seed2_eb,pilot,3,11,0,0.05236738547682762,4096
neural_eb,neural_bidir_seed3_eb,pilot,3,11,0,0.05040260776877403,4096
neural_eb,neural_bidir_seed4_eb,pilot,3,11,0,0.05470389127731323,4096
constant_mean_prior,none,none,0,11,1,0.10375803709030151,4096
constant_median_prior,none,none,0,11,1,0.10277450084686279,4096
summary_ridge_prior,none,none,0,11,1,0.05334165692329407,4096
product_affine_prior,none,none,0,11,1,0.057861682027578354,4096
exact_marginal_affine_prior,none,none,0,11,1,0.06073034927248955,4096
neural_prior,neural_bidir_seed0_prior,none,0,11,1,0.06735267490148544,4096
neural_prior,neural_bidir_seed1_prior,none,0,11,1,0.07259459048509598,4096
neural_prior,neural_bidir_seed2_prior,none,0,11,1,0.0532170832157135,4096
neural_prior,neural_bidir_seed3_prior,none,0,11,1,0.04965432733297348,4096
neural_prior,neural_bidir_seed4_prior,none,0,11,1,0.05547240376472473,4096
neural_eb,neural_bidir_seed0_eb,fixed,4,11,1,0.06525783240795135,4096
neural_eb,neural_bidir_seed1_eb,fixed,4,11,1,0.07003549486398697,4096
neural_eb,neural_bidir_seed2_eb,fixed,4,11,1,0.05222999304533005,4096
neural_eb,neural_bidir_seed3_eb,fixed,4,11,1,0.04892374947667122,4096
neural_eb,neural_bidir_seed4_eb,fixed,4,11,1,0.054483383893966675,4096
constant_mean_eb,none,fixed,20,11,1,0.07702203094959259,4096
constant_mean_eb,none,fixed,24,11,1,0.07240669429302216,4096
summary_ridge_eb,none,fixed,24,11,1,0.04899483919143677,4096
neural_eb,neural_bidir_seed0_eb,fixed,24,11,1,0.057666681706905365,4096
neural_eb,neural_bidir_seed1_eb,fixed,24,11,1,0.06050349771976471,4096
neural_eb,neural_bidir_seed2_eb,fixed,24,11,1,0.048906560987234116,4096
neural_eb,neural_bidir_seed3_eb,fixed,24,11,1,0.04640200734138489,4096
neural_eb,neural_bidir_seed4_eb,fixed,24,11,1,0.05049782618880272,4096
constant_mean_eb,none,fixed,32,11,1,0.06632637977600098,4096
constant_mean_eb,none,fixed,36,11,1,0.06322747468948364,4096
neural_eb,neural_bidir_seed0_eb,fixed,36,11,1,0.05262012034654617,4096
neural_eb,neural_bidir_seed1_eb,fixed,36,11,1,0.05486367270350456,4096
neural_eb,neural_bidir_seed2_eb,fixed,36,11,1,0.045574888586997986,4096
neural_eb,neural_bidir_seed3_eb,fixed,36,11,1,0.043463967740535736,4096
neural_eb,neural_bidir_seed4_eb,fixed,36,11,1,0.04702860489487648,4096
dfe,none,fixed,40,11,1,0.0789790004491806,0
neural_eb,neural_bidir_seed0_eb,fixed,40,11,1,0.050889723002910614,4096
neural_eb,neural_bidir_seed1_eb,fixed,40,11,1,0.052945807576179504,4096
neural_eb,neural_bidir_seed2_eb,fixed,40,11,1,0.0442294105887413,4096
neural_eb,neural_bidir_seed3_eb,fixed,40,11,1,0.04219922423362732,4096
neural_eb,neural_bidir_seed4_eb,fixed,40,11,1,0.04548969492316246,4096
summary_ridge_eb,none,fixed,44,11,1,0.04322109371423721,4096
dfe,none,fixed,48,11,1,0.07163212448358536,0
constant_mean_eb,none,fixed,48,11,1,0.05689495429396629,4096
dfe,none,fixed,52,11,1,0.07036662101745605,0
neural_eb,neural_bidir_seed0_eb,fixed,52,11,1,0.047872886061668396,4096
neural_eb,neural_bidir_seed1_eb,fixed,52,11,1,0.04945778101682663,4096
neural_eb,neural_bidir_seed2_eb,fixed,52,11,1,0.04233909770846367,4096
neural_eb,neural_bidir_seed3_eb,fixed,52,11,1,0.04072355106472969,4096
neural_eb,neural_bidir_seed4_eb,fixed,52,11,1,0.04356210306286812,4096
dfe,none,fixed,60,11,1,0.06368711590766907,0
constant_mean_eb,none,fixed,60,11,1,0.052469007670879364,4096
constant_mean_eb,none,fixed,64,11,1,0.05151704326272011,4096
dfe,none,fixed,72,11,1,0.059039659798145294,0
constant_mean_eb,none,fixed,76,11,1,0.049002278596162796,4096
neural_eb,neural_bidir_seed0_eb,fixed,76,11,1,0.04368169605731964,4096
neural_eb,neural_bidir_seed1_eb,fixed,76,11,1,0.04497041925787926,4096
neural_eb,neural_bidir_seed2_eb,fixed,76,11,1,0.03871738910675049,4096
neural_eb,neural_bidir_seed3_eb,fixed,76,11,1,0.03708702698349953,4096
neural_eb,neural_bidir_seed4_eb,fixed,76,11,1,0.039617329835891724,4096
summary_ridge_eb,none,fixed,80,11,1,0.03776665776968002,4096
dfe,none,fixed,84,11,1,0.05528455972671509,0
dfe,none,fixed,92,11,1,0.05166151374578476,0
dfe,none,fixed,128,11,1,0.043565791100263596,0
constant_mean_eb,none,fixed,128,11,1,0.03872071951627731,4096
neural_eb,neural_bidir_seed0_eb,fixed,128,11,1,0.03584263473749161,4096
neural_eb,neural_bidir_seed1_eb,fixed,128,11,1,0.03647920861840248,4096
neural_eb,neural_bidir_seed2_eb,fixed,128,11,1,0.03323762118816376,4096
neural_eb,neural_bidir_seed3_eb,fixed,128,11,1,0.03235133737325668,4096
neural_eb,neural_bidir_seed4_eb,fixed,128,11,1,0.03378988802433014,4096
dfe,none,fixed,192,11,1,0.035779599100351334,0
constant_mean_eb,none,fixed,192,11,1,0.0332610122859478,4096
summary_ridge_eb,none,fixed,192,11,1,0.029223056510090828,4096
neural_eb,neural_bidir_seed0_eb,fixed,192,11,1,0.031073786318302155,4096
neural_eb,neural_bidir_seed1_eb,fixed,192,11,1,0.03160238638520241,4096
neural_eb,neural_bidir_seed2_eb,fixed,192,11,1,0.029379691928625107,4096
neural_eb,neural_bidir_seed3_eb,fixed,192,11,1,0.028743788599967957,4096
neural_eb,neural_bidir_seed4_eb,fixed,192,11,1,0.029887009412050247,4096
dfe,none,fixed,256,11,1,0.031183108687400818,0
constant_mean_eb,none,fixed,256,11,1,0.029505454003810883,4096
summary_ridge_eb,none,fixed,256,11,1,0.026815317571163177,4096
neural_eb,neural_bidir_seed0_eb,fixed,256,11,1,0.028184697031974792,4096
neural_eb,neural_bidir_seed1_eb,fixed,256,11,1,0.02850855514407158,4096
neural_eb,neural_bidir_seed2_eb,fixed,256,11,1,0.026988446712493896,4096
neural_eb,neural_bidir_seed3_eb,fixed,256,11,1,0.02652178332209587,4096
neural_eb,neural_bidir_seed4_eb,fixed,256,11,1,0.027361081913113594,4096
summary_ridge_eb,none,pilot,3,11,1,0.052331630140542984,4096
neural_eb,neural_bidir_seed0_eb,pilot,3,11,1,0.06568311154842377,4096
neural_eb,neural_bidir_seed1_eb,pilot,3,11,1,0.07050587981939316,4096
neural_eb,neural_bidir_seed2_eb,pilot,3,11,1,0.052286792546510696,4096
neural_eb,neural_bidir_seed3_eb,pilot,3,11,1,0.048876818269491196,4096
neural_eb,neural_bidir_seed4_eb,pilot,3,11,1,0.05441823974251747,4096
constant_mean_prior,none,none,0,11,2,0.10571619868278503,4096
constant_median_prior,none,none,0,11,2,0.10448805242776871,4096
summary_ridge_prior,none,none,0,11,2,0.05748968943953514,4096
product_affine_prior,none,none,0,11,2,0.05649067088961601,4096
exact_marginal_affine_prior,none,none,0,11,2,0.05854867026209831,4096
neural_prior,neural_bidir_seed0_prior,none,0,11,2,0.06642836332321167,4096
neural_prior,neural_bidir_seed1_prior,none,0,11,2,0.07157853245735168,4096
neural_prior,neural_bidir_seed2_prior,none,0,11,2,0.05239082872867584,4096
neural_prior,neural_bidir_seed3_prior,none,0,11,2,0.04859185963869095,4096
neural_prior,neural_bidir_seed4_prior,none,0,11,2,0.05474367365241051,4096
neural_eb,neural_bidir_seed0_eb,fixed,4,11,2,0.0646141767501831,4096
neural_eb,neural_bidir_seed1_eb,fixed,4,11,2,0.06912420690059662,4096
neural_eb,neural_bidir_seed2_eb,fixed,4,11,2,0.051576416939496994,4096
neural_eb,neural_bidir_seed3_eb,fixed,4,11,2,0.04806771129369736,4096
neural_eb,neural_bidir_seed4_eb,fixed,4,11,2,0.053914718329906464,4096
constant_mean_eb,none,fixed,20,11,2,0.07678283751010895,4096
constant_mean_eb,none,fixed,24,11,2,0.07269614934921265,4096
summary_ridge_eb,none,fixed,24,11,2,0.05280786007642746,4096
neural_eb,neural_bidir_seed0_eb,fixed,24,11,2,0.057782769203186035,4096
neural_eb,neural_bidir_seed1_eb,fixed,24,11,2,0.060647930949926376,4096
neural_eb,neural_bidir_seed2_eb,fixed,24,11,2,0.0493956133723259,4096
neural_eb,neural_bidir_seed3_eb,fixed,24,11,2,0.04640838876366615,4096
neural_eb,neural_bidir_seed4_eb,fixed,24,11,2,0.051188863813877106,4096
constant_mean_eb,none,fixed,32,11,2,0.06597159057855606,4096
constant_mean_eb,none,fixed,36,11,2,0.0629429966211319,4096
neural_eb,neural_bidir_seed0_eb,fixed,36,11,2,0.051884520798921585,4096
neural_eb,neural_bidir_seed1_eb,fixed,36,11,2,0.054169900715351105,4096
neural_eb,neural_bidir_seed2_eb,fixed,36,11,2,0.04554518312215805,4096
neural_eb,neural_bidir_seed3_eb,fixed,36,11,2,0.04329776391386986,4096
neural_eb,neural_bidir_seed4_eb,fixed,36,11,2,0.04729006439447403,4096
dfe,none,fixed,40,11,2,0.0791126936674118,0
neural_eb,neural_bidir_seed0_eb,fixed,40,11,2,0.051114730536937714,4096
neural_eb,neural_bidir_seed1_eb,fixed,40,11,2,0.05323732644319534,4096
neural_eb,neural_bidir_seed2_eb,fixed,40,11,2,0.04478343576192856,4096
neural_eb,neural_bidir_seed3_eb,fixed,40,11,2,0.04258248582482338,4096
neural_eb,neural_bidir_seed4_eb,fixed,40,11,2,0.04640418291091919,4096
summary_ridge_eb,none,fixed,44,11,2,0.04782667011022568,4096
dfe,none,fixed,48,11,2,0.07278522849082947,0
constant_mean_eb,none,fixed,48,11,2,0.05699213594198227,4096
dfe,none,fixed,52,11,2,0.0687677413225174,0
neural_eb,neural_bidir_seed0_eb,fixed,52,11,2,0.04723850265145302,4096
neural_eb,neural_bidir_seed1_eb,fixed,52,11,2,0.04878499358892441,4096
neural_eb,neural_bidir_seed2_eb,fixed,52,11,2,0.042093951255083084,4096
neural_eb,neural_bidir_seed3_eb,fixed,52,11,2,0.040331948548555374,4096
neural_eb,neural_bidir_seed4_eb,fixed,52,11,2,0.04358283802866936,4096
dfe,none,fixed,60,11,2,0.06518799066543579,0
constant_mean_eb,none,fixed,60,11,2,0.05341292545199394,4096
constant_mean_eb,none,fixed,64,11,2,0.051082633435726166,4096
dfe,none,fixed,72,11,2,0.0583450049161911,0
constant_mean_eb,none,fixed,76,11,2,0.04918825626373291,4096
neural_eb,neural_bidir_seed0_eb,fixed,76,11,2,0.04355522245168686,4096
neural_eb,neural_bidir_seed1_eb,fixed,76,11,2,0.044834621250629425,4096
neural_eb,neural_bidir_seed2_eb,fixed,76,11,2,0.03956285119056702,4096
neural_eb,neural_bidir_seed3_eb,fixed,76,11,2,0.038040027022361755,4096
neural_eb,neural_bidir_seed4_eb,fixed,76,11,2,0.040713585913181305,4096
summary_ridge_eb,none,fixed,80,11,2,0.04416190832853317,4096
dfe,none,fixed,84,11,2,0.05367622524499893,0
dfe,none,fixed,92,11,2,0.05254938825964928,0
dfe,none,fixed,128,11,2,0.04450378566980362,0
constant_mean_eb,none,fixed,128,11,2,0.03944677859544754,4096
neural_eb,neural_bidir_seed0_eb,fixed,128,11,2,0.03647803142666817,4096
neural_eb,neural_bidir_seed1_eb,fixed,128,11,2,0.037046439945697784,4096
neural_eb,neural_bidir_seed2_eb,fixed,128,11,2,0.0338471457362175,4096
neural_eb,neural_bidir_seed3_eb,fixed,128,11,2,0.03283267468214035,4096
neural_eb,neural_bidir_seed4_eb,fixed,128,11,2,0.03430350869894028,4096
dfe,none,fixed,192,11,2,0.036175426095724106,0
constant_mean_eb,none,fixed,192,11,2,0.033507391810417175,4096
summary_ridge_eb,none,fixed,192,11,2,0.033721406012773514,4096
neural_eb,neural_bidir_seed0_eb,fixed,192,11,2,0.03161546587944031,4096
neural_eb,neural_bidir_seed1_eb,fixed,192,11,2,0.032051604241132736,4096
neural_eb,neural_bidir_seed2_eb,fixed,192,11,2,0.030116034671664238,4096
neural_eb,neural_bidir_seed3_eb,fixed,192,11,2,0.02949606254696846,4096
neural_eb,neural_bidir_seed4_eb,fixed,192,11,2,0.030618146061897278,4096
dfe,none,fixed,256,11,2,0.03102857805788517,0
constant_mean_eb,none,fixed,256,11,2,0.02938121370971203,4096
summary_ridge_eb,none,fixed,256,11,2,0.030132148414850235,4096
neural_eb,neural_bidir_seed0_eb,fixed,256,11,2,0.027878940105438232,4096
neural_eb,neural_bidir_seed1_eb,fixed,256,11,2,0.028207939118146896,4096
neural_eb,neural_bidir_seed2_eb,fixed,256,11,2,0.026686903089284897,4096
neural_eb,neural_bidir_seed3_eb,fixed,256,11,2,0.026231219992041588,4096
neural_eb,neural_bidir_seed4_eb,fixed,256,11,2,0.027084896340966225,4096
summary_ridge_eb,none,pilot,3,11,2,0.05693310499191284,4096
neural_eb,neural_bidir_seed0_eb,pilot,3,11,2,0.06454421579837799,4096
neural_eb,neural_bidir_seed1_eb,pilot,3,11,2,0.06909394264221191,4096
neural_eb,neural_bidir_seed2_eb,pilot,3,11,2,0.05127885937690735,4096
neural_eb,neural_bidir_seed3_eb,pilot,3,11,2,0.04766622930765152,4096
neural_eb,neural_bidir_seed4_eb,pilot,3,11,2,0.053435102105140686,4096
constant_mean_prior,none,none,0,11,3,0.10566267371177673,4096
constant_median_prior,none,none,0,11,3,0.10464195907115936,4096
summary_ridge_prior,none,none,0,11,3,0.047940339893102646,4096
product_affine_prior,none,none,0,11,3,0.05409795045852661,4096
exact_marginal_affine_prior,none,none,0,11,3,0.057032957673072815,4096
neural_prior,neural_bidir_seed0_prior,none,0,11,3,0.06479804962873459,4096
neural_prior,neural_bidir_seed1_prior,none,0,11,3,0.06940450519323349,4096
neural_prior,neural_bidir_seed2_prior,none,0,11,3,0.05158931761980057,4096
neural_prior,neural_bidir_seed3_prior,none,0,11,3,0.048573121428489685,4096
neural_prior,neural_bidir_seed4_prior,none,0,11,3,0.05382462590932846,4096
neural_eb,neural_bidir_seed0_eb,fixed,4,11,3,0.06283120065927505,4096
neural_eb,neural_bidir_seed1_eb,fixed,4,11,3,0.06689281761646271,4096
neural_eb,neural_bidir_seed2_eb,fixed,4,11,3,0.050840601325035095,4096
neural_eb,neural_bidir_seed3_eb,fixed,4,11,3,0.04806891083717346,4096
neural_eb,neural_bidir_seed4_eb,fixed,4,11,3,0.053033195436000824,4096
constant_mean_eb,none,fixed,20,11,3,0.07653652876615524,4096
constant_mean_eb,none,fixed,24,11,3,0.07193776965141296,4096
summary_ridge_eb,none,fixed,24,11,3,0.04696103557944298,4096
neural_eb,neural_bidir_seed0_eb,fixed,24,11,3,0.057210467755794525,4096
neural_eb,neural_bidir_seed1_eb,fixed,24,11,3,0.06022822484374046,4096
neural_eb,neural_bidir_seed2_eb,fixed,24,11,3,0.04894884303212166,4096
neural_eb,neural_bidir_seed3_eb,fixed,24,11,3,0.04678576439619064,4096
neural_eb,neural_bidir_seed4_eb,fixed,24,11,3,0.050761353224515915,4096
constant_mean_eb,none,fixed,32,11,3,0.06641408801078796,4096
constant_mean_eb,none,fixed,36,11,3,0.06352953612804413,4096
neural_eb,neural_bidir_seed0_eb,fixed,36,11,3,0.052685607224702835,4096
neural_eb,neural_bidir_seed1_eb,fixed,36,11,3,0.0549374483525753,4096
neural_eb,neural_bidir_seed2_eb,fixed,36,11,3,0.046043314039707184,4096
neural_eb,neural_bidir_seed3_eb,fixed,36,11,3,0.04412304237484932,4096
neural_eb,neural_bidir_seed4_eb,fixed,36,11,3,0.047592662274837494,4096
dfe,none,fixed,40,11,3,0.07849061489105225,0
neural_eb,neural_bidir_seed0_eb,fixed,40,11,3,0.05149412155151367,4096
neural_eb,neural_bidir_seed1_eb,fixed,40,11,3,0.053591109812259674,4096
neural_eb,neural_bidir_seed2_eb,fixed,40,11,3,0.04556048661470413,4096
neural_eb,neural_bidir_seed3_eb,fixed,40,11,3,0.04404591768980026,4096
neural_eb,neural_bidir_seed4_eb,fixed,40,11,3,0.047263599932193756,4096
summary_ridge_eb,none,fixed,44,11,3,0.04318222403526306,4096
dfe,none,fixed,48,11,3,0.0724087655544281,0
constant_mean_eb,none,fixed,48,11,3,0.05817500874400139,4096
dfe,none,fixed,52,11,3,0.06831608712673187,0
neural_eb,neural_bidir_seed0_eb,fixed,52,11,3,0.04806029051542282,4096
neural_eb,neural_bidir_seed1_eb,fixed,52,11,3,0.049869827926158905,4096
neural_eb,neural_bidir_seed2_eb,fixed,52,11,3,0.0429893434047699,4096
neural_eb,neural_bidir_seed3_eb,fixed,52,11,3,0.04178715497255325,4096
neural_eb,neural_bidir_seed4_eb,fixed,52,11,3,0.04442372918128967,4096
dfe,none,fixed,60,11,3,0.06388220936059952,0
constant_mean_eb,none,fixed,60,11,3,0.05225347355008125,4096
constant_mean_eb,none,fixed,64,11,3,0.05218753591179848,4096
dfe,none,fixed,72,11,3,0.05859774723649025,0
constant_mean_eb,none,fixed,76,11,3,0.04885105788707733,4096
neural_eb,neural_bidir_seed0_eb,fixed,76,11,3,0.04343200474977493,4096
neural_eb,neural_bidir_seed1_eb,fixed,76,11,3,0.04472670331597328,4096
neural_eb,neural_bidir_seed2_eb,fixed,76,11,3,0.03974609822034836,4096
neural_eb,neural_bidir_seed3_eb,fixed,76,11,3,0.039134640246629715,4096
neural_eb,neural_bidir_seed4_eb,fixed,76,11,3,0.04121594503521919,4096
summary_ridge_eb,none,fixed,80,11,3,0.03798319771885872,4096
dfe,none,fixed,84,11,3,0.05306515097618103,0
dfe,none,fixed,92,11,3,0.05252198874950409,0
dfe,none,fixed,128,11,3,0.04429463669657707,0
constant_mean_eb,none,fixed,128,11,3,0.039453767240047455,4096
neural_eb,neural_bidir_seed0_eb,fixed,128,11,3,0.03631492704153061,4096
neural_eb,neural_bidir_seed1_eb,fixed,128,11,3,0.037102892994880676,4096
neural_eb,neural_bidir_seed2_eb,fixed,128,11,3,0.03482469543814659,4096
neural_eb,neural_bidir_seed3_eb,fixed,128,11,3,0.03480444476008415,4096
neural_eb,neural_bidir_seed4_eb,fixed,128,11,3,0.0358758419752121,4096
dfe,none,fixed,192,11,3,0.036691486835479736,0
constant_mean_eb,none,fixed,192,11,3,0.03436964750289917,4096
summary_ridge_eb,none,fixed,192,11,3,0.02994311973452568,4096
neural_eb,neural_bidir_seed0_eb,fixed,192,11,3,0.03223239257931709,4096
neural_eb,neural_bidir_seed1_eb,fixed,192,11,3,0.03275782987475395,4096
neural_eb,neural_bidir_seed2_eb,fixed,192,11,3,0.031398698687553406,4096
neural_eb,neural_bidir_seed3_eb,fixed,192,11,3,0.03164044767618179,4096
neural_eb,neural_bidir_seed4_eb,fixed,192,11,3,0.03235631808638573,4096
dfe,none,fixed,256,11,3,0.03172317147254944,0
constant_mean_eb,none,fixed,256,11,3,0.0301023218780756,4096
summary_ridge_eb,none,fixed,256,11,3,0.026967065408825874,4096
neural_eb,neural_bidir_seed0_eb,fixed,256,11,3,0.0286161620169878,4096
neural_eb,neural_bidir_seed1_eb,fixed,256,11,3,0.028990332037210464,4096
neural_eb,neural_bidir_seed2_eb,fixed,256,11,3,0.028044581413269043,4096
neural_eb,neural_bidir_seed3_eb,fixed,256,11,3,0.028495559468865395,4096
neural_eb,neural_bidir_seed4_eb,fixed,256,11,3,0.02886214107275009,4096
summary_ridge_eb,none,pilot,3,11,3,0.04735756665468216,4096
neural_eb,neural_bidir_seed0_eb,pilot,3,11,3,0.06348396837711334,4096
neural_eb,neural_bidir_seed1_eb,pilot,3,11,3,0.06779957562685013,4096
neural_eb,neural_bidir_seed2_eb,pilot,3,11,3,0.050914354622364044,4096
neural_eb,neural_bidir_seed3_eb,pilot,3,11,3,0.048078011721372604,4096
neural_eb,neural_bidir_seed4_eb,pilot,3,11,3,0.0531596913933754,4096
constant_mean_prior,none,none,0,11,4,0.10494191944599152,4096
constant_median_prior,none,none,0,11,4,0.10277450084686279,4096
summary_ridge_prior,none,none,0,11,4,0.0469636395573616,4096
product_affine_prior,none,none,0,11,4,0.05402202159166336,4096
exact_marginal_affine_prior,none,none,0,11,4,0.05696439743041992,4096
neural_prior,neural_bidir_seed0_prior,none,0,11,4,0.06603105366230011,4096
neural_prior,neural_bidir_seed1_prior,none,0,11,4,0.07087491452693939,4096
neural_prior,neural_bidir_seed2_prior,none,0,11,4,0.053044967353343964,4096
neural_prior,neural_bidir_seed3_prior,none,0,11,4,0.0495002456009388,4096
neural_prior,neural_bidir_seed4_prior,none,0,11,4,0.0546233095228672,4096
neural_eb,neural_bidir_seed0_eb,fixed,4,11,4,0.06523668766021729,4096
neural_eb,neural_bidir_seed1_eb,fixed,4,11,4,0.06977052986621857,4096
neural_eb,neural_bidir_seed2_eb,fixed,4,11,4,0.053044967353343964,4096
neural_eb,neural_bidir_seed3_eb,fixed,4,11,4,0.0495002456009388,4096
neural_eb,neural_bidir_seed4_eb,fixed,4,11,4,0.05445810407400131,4096
constant_mean_eb,none,fixed,20,11,4,0.07750621438026428,4096
constant_mean_eb,none,fixed,24,11,4,0.07194843143224716,4096
summary_ridge_eb,none,fixed,24,11,4,0.04491102695465088,4096
neural_eb,neural_bidir_seed0_eb,fixed,24,11,4,0.06069469079375267,4096
neural_eb,neural_bidir_seed1_eb,fixed,24,11,4,0.06377609074115753,4096
neural_eb,neural_bidir_seed2_eb,fixed,24,11,4,0.055060043931007385,4096
neural_eb,neural_bidir_seed3_eb,fixed,24,11,4,0.05151648074388504,4096
neural_eb,neural_bidir_seed4_eb,fixed,24,11,4,0.054972656071186066,4096
constant_mean_eb,none,fixed,32,11,4,0.06610197573900223,4096
constant_mean_eb,none,fixed,36,11,4,0.06270797550678253,4096
neural_eb,neural_bidir_seed0_eb,fixed,36,11,4,0.05616583675146103,4096
neural_eb,neural_bidir_seed1_eb,fixed,36,11,4,0.05858080834150314,4096
neural_eb,neural_bidir_seed2_eb,fixed,36,11,4,0.05338864028453827,4096
neural_eb,neural_bidir_seed3_eb,fixed,36,11,4,0.0498451292514801,4096
neural_eb,neural_bidir_seed4_eb,fixed,36,11,4,0.05227737873792648,4096
dfe,none,fixed,40,11,4,0.07939645648002625,0
neural_eb,neural_bidir_seed0_eb,fixed,40,11,4,0.05583561956882477,4096
neural_eb,neural_bidir_seed1_eb,fixed,40,11,4,0.05834188312292099,4096
neural_eb,neural_bidir_seed2_eb,fixed,40,11,4,0.05330144613981247,4096
neural_eb,neural_bidir_seed3_eb,fixed,40,11,4,0.04975878447294235,4096
neural_eb,neural_bidir_seed4_eb,fixed,40,11,4,0.05208054184913635,4096
summary_ridge_eb,none,fixed,44,11,4,0.04027007520198822,4096
dfe,none,fixed,48,11,4,0.07326553016901016,0
constant_mean_eb,none,fixed,48,11,4,0.05671526491641998,4096
dfe,none,fixed,52,11,4,0.06799314171075821,0
neural_eb,neural_bidir_seed0_eb,fixed,52,11,4,0.05335989594459534,4096
neural_eb,neural_bidir_seed1_eb,fixed,52,11,4,0.05528395250439644,4096
neural_eb,neural_bidir_seed2_eb,fixed,52,11,4,0.05305308848619461,4096
neural_eb,neural_bidir_seed3_eb,fixed,52,11,4,0.04950908198952675,4096
neural_eb,neural_bidir_seed4_eb,fixed,52,11,4,0.051333215087652206,4096
dfe,none,fixed,60,11,4,0.06412018835544586,0
constant_mean_eb,none,fixed,60,11,4,0.05284944921731949,4096
constant_mean_eb,none,fixed,64,11,4,0.0511428564786911,4096
dfe,none,fixed,72,11,4,0.06008683890104294,0
constant_mean_eb,none,fixed,76,11,4,0.04838400334119797,4096
neural_eb,neural_bidir_seed0_eb,fixed,76,11,4,0.0486898235976696,4096
neural_eb,neural_bidir_seed1_eb,fixed,76,11,4,0.0499860942363739,4096
neural_eb,neural_bidir_seed2_eb,fixed,76,11,4,0.05305708572268486,4096
neural_eb,neural_bidir_seed3_eb,fixed,76,11,4,0.04951302707195282,4096
neural_eb,neural_bidir_seed4_eb,fixed,76,11,4,0.04995505511760712,4096
summary_ridge_eb,none,fixed,80,11,4,0.036204464733600616,4096
dfe,none,fixed,84,11,4,0.05570732429623604,0
dfe,none,fixed,92,11,4,0.052199285477399826,0
dfe,none,fixed,128,11,4,0.04468321055173874,0
constant_mean_eb,none,fixed,128,11,4,0.0399206317961216,4096
neural_eb,neural_bidir_seed0_eb,fixed,128,11,4,0.042708106338977814,4096
neural_eb,neural_bidir_seed1_eb,fixed,128,11,4,0.043104566633701324,4096
neural_eb,neural_bidir_seed2_eb,fixed,128,11,4,0.053044967353343964,4096
neural_eb,neural_bidir_seed3_eb,fixed,128,11,4,0.0495002456009388,4096
neural_eb,neural_bidir_seed4_eb,fixed,128,11,4,0.04749264195561409,4096
dfe,none,fixed,192,11,4,0.03576227277517319,0
constant_mean_eb,none,fixed,192,11,4,0.033050939440727234,4096
summary_ridge_eb,none,fixed,192,11,4,0.02882782742381096,4096
neural_eb,neural_bidir_seed0_eb,fixed,192,11,4,0.03650752454996109,4096
neural_eb,neural_bidir_seed1_eb,fixed,192,11,4,0.03642333298921585,4096
neural_eb,neural_bidir_seed2_eb,fixed,192,11,4,0.053044967353343964,4096
neural_eb,neural_bidir_seed3_eb,fixed,192,11,4,0.0495002456009388,4096
neural_eb,neural_bidir_seed4_eb,fixed,192,11,4,0.04433175176382065,4096
dfe,none,fixed,256,11,4,0.0311887226998806,0
constant_mean_eb,none,fixed,256,11,4,0.029585063457489014,4096
summary_ridge_eb,none,fixed,256,11,4,0.026302313432097435,4096
neural_eb,neural_bidir_seed0_eb,fixed,256,11,4,0.03268684074282646,4096
neural_eb,neural_bidir_seed1_eb,fixed,256,11,4,0.03232283890247345,4096
neural_eb,neural_bidir_seed2_eb,fixed,256,11,4,0.053044967353343964,4096
neural_eb,neural_bidir_seed3_eb,fixed,256,11,4,0.0495002456009388,4096
neural_eb,neural_bidir_seed4_eb,fixed,256,11,4,0.04190496355295181,4096
summary_ridge_eb,none,pilot,3,11,4,0.046394530683755875,4096
neural_eb,neural_bidir_seed0_eb,pilot,3,11,4,0.06548731029033661,4096
neural_eb,neural_bidir_seed1_eb,pilot,3,11,4,0.07012524455785751,4096
neural_eb,neural_bidir_seed2_eb,pilot,3,11,4,0.053044967353343964,4096
neural_eb,neural_bidir_seed3_eb,pilot,3,11,4,0.0495002456009388,4096
neural_eb,neural_bidir_seed4_eb,pilot,3,11,4,0.05449896305799484,4096
constant_mean_prior,none,none,0,12,0,0.10943655669689178,4096
constant_median_prior,none,none,0,12,0,0.10898329317569733,4096
summary_ridge_prior,none,none,0,12,0,0.0491948202252388,4096
product_affine_prior,none,none,0,12,0,0.05091484636068344,4096
exact_marginal_affine_prior,none,none,0,12,0,0.0576370432972908,4096
neural_prior,neural_bidir_seed0_prior,none,0,12,0,0.06404203176498413,4096
neural_prior,neural_bidir_seed1_prior,none,0,12,0,0.06810425221920013,4096
neural_prior,neural_bidir_seed2_prior,none,0,12,0,0.051138926297426224,4096
neural_prior,neural_bidir_seed3_prior,none,0,12,0,0.047804996371269226,4096
neural_prior,neural_bidir_seed4_prior,none,0,12,0,0.05335388332605362,4096
neural_eb,neural_bidir_seed0_eb,fixed,4,12,0,0.06259084492921829,4096
neural_eb,neural_bidir_seed1_eb,fixed,4,12,0,0.06625421345233917,4096
neural_eb,neural_bidir_seed2_eb,fixed,4,12,0,0.05077182501554489,4096
neural_eb,neural_bidir_seed3_eb,fixed,4,12,0,0.04770854115486145,4096
neural_eb,neural_bidir_seed4_eb,fixed,4,12,0,0.05280034616589546,4096
constant_mean_eb,none,fixed,20,12,0,0.08023639023303986,4096
constant_mean_eb,none,fixed,24,12,0,0.07364116609096527,4096
summary_ridge_eb,none,fixed,24,12,0,0.04818300902843475,4096
neural_eb,neural_bidir_seed0_eb,fixed,24,12,0,0.059835851192474365,4096
neural_eb,neural_bidir_seed1_eb,fixed,24,12,0,0.062109678983688354,4096
neural_eb,neural_bidir_seed2_eb,fixed,24,12,0,0.05185084044933319,4096
neural_eb,neural_bidir_seed3_eb,fixed,24,12,0,0.049218468368053436,4096
neural_eb,neural_bidir_seed4_eb,fixed,24,12,0,0.053143080323934555,4096
constant_mean_eb,none,fixed,32,12,0,0.06680160760879517,4096
constant_mean_eb,none,fixed,36,12,0,0.0645420178771019,4096
neural_eb,neural_bidir_seed0_eb,fixed,36,12,0,0.054509565234184265,4096
neural_eb,neural_bidir_seed1_eb,fixed,36,12,0,0.056363336741924286,4096
neural_eb,neural_bidir_seed2_eb,fixed,36,12,0,0.04759686440229416,4096
neural_eb,neural_bidir_seed3_eb,fixed,36,12,0,0.04514903202652931,4096
neural_eb,neural_bidir_seed4_eb,fixed,36,12,0,0.04850424826145172,4096
dfe,none,fixed,40,12,0,0.07976032793521881,0
neural_eb,neural_bidir_seed0_eb,fixed,40,12,0,0.05286557227373123,4096
neural_eb,neural_bidir_seed1_eb,fixed,40,12,0,0.05459916219115257,4096
neural_eb,neural_bidir_seed2_eb,fixed,40,12,0,0.0468340627849102,4096
neural_eb,neural_bidir_seed3_eb,fixed,40,12,0,0.04465486481785774,4096
neural_eb,neural_bidir_seed4_eb,fixed,40,12,0,0.04799610748887062,4096
summary_ridge_eb,none,fixed,44,12,0,0.043355487287044525,4096
dfe,none,fixed,48,12,0,0.07128086686134338,0
constant_mean_eb,none,fixed,48,12,0,0.05858048424124718,4096
dfe,none,fixed,52,12,0,0.06984782963991165,0
neural_eb,neural_bidir_seed0_eb,fixed,52,12,0,0.050627462565898895,4096
neural_eb,neural_bidir_seed1_eb,fixed,52,12,0,0.05213095247745514,4096
neural_eb,neural_bidir_seed2_eb,fixed,52,12,0,0.045473068952560425,4096
neural_eb,neural_bidir_seed3_eb,fixed,52,12,0,0.04342067614197731,4096
neural_eb,neural_bidir_seed4_eb,fixed,52,12,0,0.04630567505955696,4096
dfe,none,fixed,60,12,0,0.064682736992836,0
constant_mean_eb,none,fixed,60,12,0,0.05480962246656418,4096
constant_mean_eb,none,fixed,64,12,0,0.05345609784126282,4096
dfe,none,fixed,72,12,0,0.05887981876730919,0
constant_mean_eb,none,fixed,76,12,0,0.04977869987487793,4096
neural_eb,neural_bidir_seed0_eb,fixed,76,12,0,0.04442710429430008,4096
neural_eb,neural_bidir_seed1_eb,fixed,76,12,0,0.04549340903759003,4096
neural_eb,neural_bidir_seed2_eb,fixed,76,12,0,0.04059873893857002,4096
neural_eb,neural_bidir_seed3_eb,fixed,76,12,0,0.03924030810594559,4096
neural_eb,neural_bidir_seed4_eb,fixed,76,12,0,0.04134314879775047,4096
summary_ridge_eb,none,fixed,80,12,0,0.039305180311203,4096
dfe,none,fixed,84,12,0,0.05464096739888191,0
dfe,none,fixed,92,12,0,0.05107688531279564,0
dfe,none,fixed,128,12,0,0.0435074046254158,0
constant_mean_eb,none,fixed,128,12,0,0.03998333215713501,4096
neural_eb,neural_bidir_seed0_eb,fixed,128,12,0,0.0369163379073143,4096
neural_eb,neural_bidir_seed1_eb,fixed,128,12,0,0.03750354051589966,4096
neural_eb,neural_bidir_seed2_eb,fixed,128,12,0,0.034519921988248825,4096
neural_eb,neural_bidir_seed3_eb,fixed,128,12,0,0.03363121300935745,4096
neural_eb,neural_bidir_seed4_eb,fixed,128,12,0,0.03488612547516823,4096
dfe,none,fixed,192,12,0,0.0362103246152401,0
constant_mean_eb,none,fixed,192,12,0,0.03392462432384491,4096
summary_ridge_eb,none,fixed,192,12,0,0.031182430684566498,4096
neural_eb,neural_bidir_seed0_eb,fixed,192,12,0,0.032188333570957184,4096
neural_eb,neural_bidir_seed1_eb,fixed,192,12,0,0.032545872032642365,4096
neural_eb,neural_bidir_seed2_eb,fixed,192,12,0,0.030768968164920807,4096
neural_eb,neural_bidir_seed3_eb,fixed,192,12,0,0.030243076384067535,4096
neural_eb,neural_bidir_seed4_eb,fixed,192,12,0,0.031093649566173553,4096
dfe,none,fixed,256,12,0,0.031013116240501404,0
constant_mean_eb,none,fixed,256,12,0,0.029587391763925552,4096
summary_ridge_eb,none,fixed,256,12,0,0.027994796633720398,4096
neural_eb,neural_bidir_seed0_eb,fixed,256,12,0,0.02856314554810524,4096
neural_eb,neural_bidir_seed1_eb,fixed,256,12,0,0.028789373114705086,4096
neural_eb,neural_bidir_seed2_eb,fixed,256,12,0,0.027471568435430527,4096
neural_eb,neural_bidir_seed3_eb,fixed,256,12,0,0.02702322229743004,4096
neural_eb,neural_bidir_seed4_eb,fixed,256,12,0,0.027695374563336372,4096
summary_ridge_eb,none,pilot,3,12,0,0.048709090799093246,4096
neural_eb,neural_bidir_seed0_eb,pilot,3,12,0,0.06221168488264084,4096
neural_eb,neural_bidir_seed1_eb,pilot,3,12,0,0.06579170376062393,4096
neural_eb,neural_bidir_seed2_eb,pilot,3,12,0,0.04996071383357048,4096
neural_eb,neural_bidir_seed3_eb,pilot,3,12,0,0.046863097697496414,4096
neural_eb,neural_bidir_seed4_eb,pilot,3,12,0,0.05198349058628082,4096
constant_mean_prior,none,none,0,12,1,0.10933142900466919,4096
constant_median_prior,none,none,0,12,1,0.10873241722583771,4096
summary_ridge_prior,none,none,0,12,1,0.047284774482250214,4096
product_affine_prior,none,none,0,12,1,0.05084318667650223,4096
exact_marginal_affine_prior,none,none,0,12,1,0.05680549144744873,4096
neural_prior,neural_bidir_seed0_prior,none,0,12,1,0.06386954337358475,4096
neural_prior,neural_bidir_seed1_prior,none,0,12,1,0.06795914471149445,4096
neural_prior,neural_bidir_seed2_prior,none,0,12,1,0.05113592743873596,4096
neural_prior,neural_bidir_seed3_prior,none,0,12,1,0.047845155000686646,4096
neural_prior,neural_bidir_seed4_prior,none,0,12,1,0.053399987518787384,4096
neural_eb,neural_bidir_seed0_eb,fixed,4,12,1,0.06227617710828781,4096
neural_eb,neural_bidir_seed1_eb,fixed,4,12,1,0.06599809974431992,4096
neural_eb,neural_bidir_seed2_eb,fixed,4,12,1,0.05048643797636032,4096
neural_eb,neural_bidir_seed3_eb,fixed,4,12,1,0.047359563410282135,4096
neural_eb,neural_bidir_seed4_eb,fixed,4,12,1,0.05250479280948639,4096
constant_mean_eb,none,fixed,20,12,1,0.08043734729290009,4096
constant_mean_eb,none,fixed,24,12,1,0.07586687803268433,4096
summary_ridge_eb,none,fixed,24,12,1,0.05093774572014809,4096
neural_eb,neural_bidir_seed0_eb,fixed,24,12,1,0.05951293557882309,4096
neural_eb,neural_bidir_seed1_eb,fixed,24,12,1,0.062130533158779144,4096
neural_eb,neural_bidir_seed2_eb,fixed,24,12,1,0.051680270582437515,4096
neural_eb,neural_bidir_seed3_eb,fixed,24,12,1,0.04933641850948334,4096
neural_eb,neural_bidir_seed4_eb,fixed,24,12,1,0.05309223011136055,4096
constant_mean_eb,none,fixed,32,12,1,0.06712669134140015,4096
constant_mean_eb,none,fixed,36,12,1,0.06380411237478256,4096
neural_eb,neural_bidir_seed0_eb,fixed,36,12,1,0.05280632525682449,4096
neural_eb,neural_bidir_seed1_eb,fixed,36,12,1,0.05489116907119751,4096
neural_eb,neural_bidir_seed2_eb,fixed,36,12,1,0.046909913420677185,4096
neural_eb,neural_bidir_seed3_eb,fixed,36,12,1,0.0450424998998642,4096
neural_eb,neural_bidir_seed4_eb,fixed,36,12,1,0.04833764582872391,4096
dfe,none,fixed,40,12,1,0.0802440345287323,0
neural_eb,neural_bidir_seed0_eb,fixed,40,12,1,0.05173172429203987,4096
neural_eb,neural_bidir_seed1_eb,fixed,40,12,1,0.05360103398561478,4096
neural_eb,neural_bidir_seed2_eb,fixed,40,12,1,0.045890867710113525,4096
neural_eb,neural_bidir_seed3_eb,fixed,40,12,1,0.04425786808133125,4096
neural_eb,neural_bidir_seed4_eb,fixed,40,12,1,0.047072552144527435,4096
summary_ridge_eb,none,fixed,44,12,1,0.04465057700872421,4096
dfe,none,fixed,48,12,1,0.0717935711145401,0
constant_mean_eb,none,fixed,48,12,1,0.05831186845898628,4096
dfe,none,fixed,52,12,1,0.06930568814277649,0
neural_eb,neural_bidir_seed0_eb,fixed,52,12,1,0.048387311398983,4096
neural_eb,neural_bidir_seed1_eb,fixed,52,12,1,0.049947433173656464,4096
neural_eb,neural_bidir_seed2_eb,fixed,52,12,1,0.04405161738395691,4096
neural_eb,neural_bidir_seed3_eb,fixed,52,12,1,0.04280821606516838,4096
neural_eb,neural_bidir_seed4_eb,fixed,52,12,1,0.045457784086465836,4096
dfe,none,fixed,60,12,1,0.06447350978851318,0
constant_mean_eb,none,fixed,60,12,1,0.053897276520729065,4096
constant_mean_eb,none,fixed,64,12,1,0.05323030799627304,4096
dfe,none,fixed,72,12,1,0.05963721126317978,0
constant_mean_eb,none,fixed,76,12,1,0.048376210033893585,4096
neural_eb,neural_bidir_seed0_eb,fixed,76,12,1,0.043154045939445496,4096
neural_eb,neural_bidir_seed1_eb,fixed,76,12,1,0.044189490377902985,4096
neural_eb,neural_bidir_seed2_eb,fixed,76,12,1,0.03973313048481941,4096
neural_eb,neural_bidir_seed3_eb,fixed,76,12,1,0.03871133178472519,4096
neural_eb,neural_bidir_seed4_eb,fixed,76,12,1,0.04052117094397545,4096
summary_ridge_eb,none,fixed,80,12,1,0.03990448638796806,4096
dfe,none,fixed,84,12,1,0.05490577593445778,0
dfe,none,fixed,92,12,1,0.052435800433158875,0
dfe,none,fixed,128,12,1,0.04474505037069321,0
constant_mean_eb,none,fixed,128,12,1,0.04080986976623535,4096
neural_eb,neural_bidir_seed0_eb,fixed,128,12,1,0.03742055967450142,4096
neural_eb,neural_bidir_seed1_eb,fixed,128,12,1,0.03810079023241997,4096
neural_eb,neural_bidir_seed2_eb,fixed,128,12,1,0.035332467406988144,4096
neural_eb,neural_bidir_seed3_eb,fixed,128,12,1,0.0347360335290432,4096
neural_eb,neural_bidir_seed4_eb,fixed,128,12,1,0.035835593938827515,4096
dfe,none,fixed,192,12,1,0.037063710391521454,0
constant_mean_eb,none,fixed,192,12,1,0.03482554852962494,4096
summary_ridge_eb,none,fixed,192,12,1,0.03103179857134819,4096
neural_eb,neural_bidir_seed0_eb,fixed,192,12,1,0.03266729414463043,4096
neural_eb,neural_bidir_seed1_eb,fixed,192,12,1,0.03309847414493561,4096
neural_eb,neural_bidir_seed2_eb,fixed,192,12,1,0.03121517412364483,4096
neural_eb,neural_bidir_seed3_eb,fixed,192,12,1,0.03074239008128643,4096
neural_eb,neural_bidir_seed4_eb,fixed,192,12,1,0.031620778143405914,4096
dfe,none,fixed,256,12,1,0.03118824027478695,0
constant_mean_eb,none,fixed,256,12,1,0.029763907194137573,4096
summary_ridge_eb,none,fixed,256,12,1,0.027327878400683403,4096
neural_eb,neural_bidir_seed0_eb,fixed,256,12,1,0.028274931013584137,4096
neural_eb,neural_bidir_seed1_eb,fixed,256,12,1,0.02855750173330307,4096
neural_eb,neural_bidir_seed2_eb,fixed,256,12,1,0.027206603437662125,4096
neural_eb,neural_bidir_seed3_eb,fixed,256,12,1,0.026910990476608276,4096
neural_eb,neural_bidir_seed4_eb,fixed,256,12,1,0.027389518916606903,4096
summary_ridge_eb,none,pilot,3,12,1,0.04674452170729637,4096
neural_eb,neural_bidir_seed0_eb,pilot,3,12,1,0.06264984607696533,4096
neural_eb,neural_bidir_seed1_eb,pilot,3,12,1,0.06640855967998505,4096
neural_eb,neural_bidir_seed2_eb,pilot,3,12,1,0.05080537497997284,4096
neural_eb,neural_bidir_seed3_eb,pilot,3,12,1,0.04776939004659653,4096
neural_eb,neural_bidir_seed4_eb,pilot,3,12,1,0.05298084393143654,4096
constant_mean_prior,none,none,0,12,2,0.10665301233530045,4096
constant_median_prior,none,none,0,12,2,0.10658964514732361,4096
summary_ridge_prior,none,none,0,12,2,0.05699119344353676,4096
product_affine_prior,none,none,0,12,2,0.05401252210140228,4096
exact_marginal_affine_prior,none,none,0,12,2,0.06284432113170624,4096
neural_prior,neural_bidir_seed0_prior,none,0,12,2,0.06526806950569153,4096
neural_prior,neural_bidir_seed1_prior,none,0,12,2,0.06936265528202057,4096
neural_prior,neural_bidir_seed2_prior,none,0,12,2,0.053238559514284134,4096
neural_prior,neural_bidir_seed3_prior,none,0,12,2,0.051338281482458115,4096
neural_prior,neural_bidir_seed4_prior,none,0,12,2,0.05645211040973663,4096
neural_eb,neural_bidir_seed0_eb,fixed,4,12,2,0.06307893991470337,4096
neural_eb,neural_bidir_seed1_eb,fixed,4,12,2,0.06654098629951477,4096
neural_eb,neural_bidir_seed2_eb,fixed,4,12,2,0.05223448574542999,4096
neural_eb,neural_bidir_seed3_eb,fixed,4,12,2,0.050442300736904144,4096
neural_eb,neural_bidir_seed4_eb,fixed,4,12,2,0.05523601174354553,4096
constant_mean_eb,none,fixed,20,12,2,0.07809881865978241,4096
constant_mean_eb,none,fixed,24,12,2,0.07471863925457001,4096
summary_ridge_eb,none,fixed,24,12,2,0.05389072746038437,4096
neural_eb,neural_bidir_seed0_eb,fixed,24,12,2,0.05925220251083374,4096
neural_eb,neural_bidir_seed1_eb,fixed,24,12,2,0.06161126494407654,4096
neural_eb,neural_bidir_seed2_eb,fixed,24,12,2,0.05172230303287506,4096
neural_eb,neural_bidir_seed3_eb,fixed,24,12,2,0.05033821612596512,4096
neural_eb,neural_bidir_seed4_eb,fixed,24,12,2,0.05404143035411835,4096
constant_mean_eb,none,fixed,32,12,2,0.06810344755649567,4096
constant_mean_eb,none,fixed,36,12,2,0.0654207244515419,4096
neural_eb,neural_bidir_seed0_eb,fixed,36,12,2,0.054167602211236954,4096
neural_eb,neural_bidir_seed1_eb,fixed,36,12,2,0.056180719286203384,4096
neural_eb,neural_bidir_seed2_eb,fixed,36,12,2,0.047995731234550476,4096
neural_eb,neural_bidir_seed3_eb,fixed,36,12,2,0.04663783684372902,4096
neural_eb,neural_bidir_seed4_eb,fixed,36,12,2,0.05020580440759659,4096
dfe,none,fixed,40,12,2,0.07895593345165253,0
neural_eb,neural_bidir_seed0_eb,fixed,40,12,2,0.052823133766651154,4096
neural_eb,neural_bidir_seed1_eb,fixed,40,12,2,0.05454900115728378,4096
neural_eb,neural_bidir_seed2_eb,fixed,40,12,2,0.047364313155412674,4096
neural_eb,neural_bidir_seed3_eb,fixed,40,12,2,0.046249814331531525,4096
neural_eb,neural_bidir_seed4_eb,fixed,40,12,2,0.04922011122107506,4096
summary_ridge_eb,none,fixed,44,12,2,0.04886559396982193,4096
dfe,none,fixed,48,12,2,0.07276212424039841,0
constant_mean_eb,none,fixed,48,12,2,0.05941617488861084,4096
dfe,none,fixed,52,12,2,0.06995956599712372,0
neural_eb,neural_bidir_seed0_eb,fixed,52,12,2,0.04925486445426941,4096
neural_eb,neural_bidir_seed1_eb,fixed,52,12,2,0.050705865025520325,4096
neural_eb,neural_bidir_seed2_eb,fixed,52,12,2,0.04447465017437935,4096
neural_eb,neural_bidir_seed3_eb,fixed,52,12,2,0.04334673285484314,4096
neural_eb,neural_bidir_seed4_eb,fixed,52,12,2,0.04600492864847183,4096
dfe,none,fixed,60,12,2,0.06566939502954483,0
constant_mean_eb,none,fixed,60,12,2,0.055331066250801086,4096
constant_mean_eb,none,fixed,64,12,2,0.05353231728076935,4096
dfe,none,fixed,72,12,2,0.058840759098529816,0
constant_mean_eb,none,fixed,76,12,2,0.05083880200982094,4096
neural_eb,neural_bidir_seed0_eb,fixed,76,12,2,0.04486766830086708,4096
neural_eb,neural_bidir_seed1_eb,fixed,76,12,2,0.04584973305463791,4096
neural_eb,neural_bidir_seed2_eb,fixed,76,12,2,0.04104996472597122,4096
neural_eb,neural_bidir_seed3_eb,fixed,76,12,2,0.040254753082990646,4096
neural_eb,neural_bidir_seed4_eb,fixed,76,12,2,0.0422588549554348,4096
summary_ridge_eb,none,fixed,80,12,2,0.0424438938498497,4096
dfe,none,fixed,84,12,2,0.055056389421224594,0
dfe,none,fixed,92,12,2,0.05275338143110275,0
dfe,none,fixed,128,12,2,0.042673949152231216,0
constant_mean_eb,none,fixed,128,12,2,0.039346788078546524,4096
neural_eb,neural_bidir_seed0_eb,fixed,128,12,2,0.03661942854523659,4096
neural_eb,neural_bidir_seed1_eb,fixed,128,12,2,0.03718837350606918,4096
neural_eb,neural_bidir_seed2_eb,fixed,128,12,2,0.034404657781124115,4096
neural_eb,neural_bidir_seed3_eb,fixed,128,12,2,0.03375652804970741,4096
neural_eb,neural_bidir_seed4_eb,fixed,128,12,2,0.035087957978248596,4096
dfe,none,fixed,192,12,2,0.036152053624391556,0
constant_mean_eb,none,fixed,192,12,2,0.03383108228445053,4096
summary_ridge_eb,none,fixed,192,12,2,0.0330788679420948,4096
neural_eb,neural_bidir_seed0_eb,fixed,192,12,2,0.03220057487487793,4096
neural_eb,neural_bidir_seed1_eb,fixed,192,12,2,0.032589755952358246,4096
neural_eb,neural_bidir_seed2_eb,fixed,192,12,2,0.03087363950908184,4096
neural_eb,neural_bidir_seed3_eb,fixed,192,12,2,0.0305386483669281,4096
neural_eb,neural_bidir_seed4_eb,fixed,192,12,2,0.03135037049651146,4096
dfe,none,fixed,256,12,2,0.031396061182022095,0
constant_mean_eb,none,fixed,256,12,2,0.02992245927453041,4096
summary_ridge_eb,none,fixed,256,12,2,0.030006173998117447,4096
neural_eb,neural_bidir_seed0_eb,fixed,256,12,2,0.028493832796812057,4096
neural_eb,neural_bidir_seed1_eb,fixed,256,12,2,0.028781741857528687,4096
neural_eb,neural_bidir_seed2_eb,fixed,256,12,2,0.027676356956362724,4096
neural_eb,neural_bidir_seed3_eb,fixed,256,12,2,0.027490530163049698,4096
neural_eb,neural_bidir_seed4_eb,fixed,256,12,2,0.02820941060781479,4096
summary_ridge_eb,none,pilot,3,12,2,0.0561373233795166,4096
neural_eb,neural_bidir_seed0_eb,pilot,3,12,2,0.06322731822729111,4096
neural_eb,neural_bidir_seed1_eb,pilot,3,12,2,0.06691121309995651,4096
neural_eb,neural_bidir_seed2_eb,pilot,3,12,2,0.052500270307064056,4096
neural_eb,neural_bidir_seed3_eb,pilot,3,12,2,0.0506683811545372,4096
neural_eb,neural_bidir_seed4_eb,pilot,3,12,2,0.05553320422768593,4096
constant_mean_prior,none,none,0,12,3,0.10566546767950058,4096
constant_median_prior,none,none,0,12,3,0.10259894281625748,4096
summary_ridge_prior,none,none,0,12,3,0.05323202162981033,4096
product_affine_prior,none,none,0,12,3,0.05431555211544037,4096
exact_marginal_affine_prior,none,none,0,12,3,0.05921156331896782,4096
neural_prior,neural_bidir_seed0_prior,none,0,12,3,0.0662461668252945,4096
neural_prior,neural_bidir_seed1_prior,none,0,12,3,0.07050490379333496,4096
neural_prior,neural_bidir_seed2_prior,none,0,12,3,0.053502485156059265,4096
neural_prior,neural_bidir_seed3_prior,none,0,12,3,0.05098368600010872,4096
neural_prior,neural_bidir_seed4_prior,none,0,12,3,0.05653432011604309,4096
neural_eb,neural_bidir_seed0_eb,fixed,4,12,3,0.06525986641645432,4096
neural_eb,neural_bidir_seed1_eb,fixed,4,12,3,0.06909523904323578,4096
neural_eb,neural_bidir_seed2_eb,fixed,4,12,3,0.05305083096027374,4096
neural_eb,neural_bidir_seed3_eb,fixed,4,12,3,0.0506540909409523,4096
neural_eb,neural_bidir_seed4_eb,fixed,4,12,3,0.055813729763031006,4096
constant_mean_eb,none,fixed,20,12,3,0.0773034542798996,4096
constant_mean_eb,none,fixed,24,12,3,0.07222047448158264,4096
summary_ridge_eb,none,fixed,24,12,3,0.04889252036809921,4096
neural_eb,neural_bidir_seed0_eb,fixed,24,12,3,0.05962276831269264,4096
neural_eb,neural_bidir_seed1_eb,fixed,24,12,3,0.061740078032016754,4096
neural_eb,neural_bidir_seed2_eb,fixed,24,12,3,0.05091431364417076,4096
neural_eb,neural_bidir_seed3_eb,fixed,24,12,3,0.04933001846075058,4096
neural_eb,neural_bidir_seed4_eb,fixed,24,12,3,0.052536673843860626,4096
constant_mean_eb,none,fixed,32,12,3,0.06635621190071106,4096
constant_mean_eb,none,fixed,36,12,3,0.06384877860546112,4096
neural_eb,neural_bidir_seed0_eb,fixed,36,12,3,0.055602654814720154,4096
neural_eb,neural_bidir_seed1_eb,fixed,36,12,3,0.057171694934368134,4096
neural_eb,neural_bidir_seed2_eb,fixed,36,12,3,0.048262834548950195,4096
neural_eb,neural_bidir_seed3_eb,fixed,36,12,3,0.04687543213367462,4096
neural_eb,neural_bidir_seed4_eb,fixed,36,12,3,0.049469370394945145,4096
dfe,none,fixed,40,12,3,0.07897204905748367,0
neural_eb,neural_bidir_seed0_eb,fixed,40,12,3,0.05498187243938446,4096
neural_eb,neural_bidir_seed1_eb,fixed,40,12,3,0.05587321147322655,4096
neural_eb,neural_bidir_seed2_eb,fixed,40,12,3,0.0479089692234993,4096
neural_eb,neural_bidir_seed3_eb,fixed,40,12,3,0.046773456037044525,4096
neural_eb,neural_bidir_seed4_eb,fixed,40,12,3,0.049141693860292435,4096
summary_ridge_eb,none,fixed,44,12,3,0.04396509379148483,4096
dfe,none,fixed,48,12,3,0.07314865291118622,0
constant_mean_eb,none,fixed,48,12,3,0.058041106909513474,4096
dfe,none,fixed,52,12,3,0.07069098949432373,0
neural_eb,neural_bidir_seed0_eb,fixed,52,12,3,0.05224594473838806,4096
neural_eb,neural_bidir_seed1_eb,fixed,52,12,3,0.053066711872816086,4096
neural_eb,neural_bidir_seed2_eb,fixed,52,12,3,0.04629941284656525,4096
neural_eb,neural_bidir_seed3_eb,fixed,52,12,3,0.045318201184272766,4096
neural_eb,neural_bidir_seed4_eb,fixed,52,12,3,0.04701019078493118,4096
dfe,none,fixed,60,12,3,0.06435991823673248,0
constant_mean_eb,none,fixed,60,12,3,0.05348622053861618,4096
constant_mean_eb,none,fixed,64,12,3,0.05164460092782974,4096
dfe,none,fixed,72,12,3,0.059536468237638474,0
constant_mean_eb,none,fixed,76,12,3,0.04919183626770973,4096
neural_eb,neural_bidir_seed0_eb,fixed,76,12,3,0.04786958917975426,4096
neural_eb,neural_bidir_seed1_eb,fixed,76,12,3,0.047743059694767,4096
neural_eb,neural_bidir_seed2_eb,fixed,76,12,3,0.04370031878352165,4096
neural_eb,neural_bidir_seed3_eb,fixed,76,12,3,0.04339555650949478,4096
neural_eb,neural_bidir_seed4_eb,fixed,76,12,3,0.043808408081531525,4096
summary_ridge_eb,none,fixed,80,12,3,0.038169730454683304,4096
dfe,none,fixed,84,12,3,0.05420030280947685,0
dfe,none,fixed,92,12,3,0.05121143162250519,0
dfe,none,fixed,128,12,3,0.04394799470901489,0
constant_mean_eb,none,fixed,128,12,3,0.04020392522215843,4096
neural_eb,neural_bidir_seed0_eb,fixed,128,12,3,0.041301630437374115,4096
neural_eb,neural_bidir_seed1_eb,fixed,128,12,3,0.04045318812131882,4096
neural_eb,neural_bidir_seed2_eb,fixed,128,12,3,0.03967942297458649,4096
neural_eb,neural_bidir_seed3_eb,fixed,128,12,3,0.040027372539043427,4096
neural_eb,neural_bidir_seed4_eb,fixed,128,12,3,0.039220575243234634,4096
dfe,none,fixed,192,12,3,0.03624574467539787,0
constant_mean_eb,none,fixed,192,12,3,0.033648692071437836,4096
summary_ridge_eb,none,fixed,192,12,3,0.030429687350988388,4096
neural_eb,neural_bidir_seed0_eb,fixed,192,12,3,0.03464627265930176,4096
neural_eb,neural_bidir_seed1_eb,fixed,192,12,3,0.033472321927547455,4096
neural_eb,neural_bidir_seed2_eb,fixed,192,12,3,0.034609220921993256,4096
neural_eb,neural_bidir_seed3_eb,fixed,192,12,3,0.03581730276346207,4096
neural_eb,neural_bidir_seed4_eb,fixed,192,12,3,0.03340885415673256,4096
dfe,none,fixed,256,12,3,0.03165323659777641,0
constant_mean_eb,none,fixed,256,12,3,0.02994481660425663,4096
summary_ridge_eb,none,fixed,256,12,3,0.02750173583626747,4096
neural_eb,neural_bidir_seed0_eb,fixed,256,12,3,0.03157603740692139,4096
neural_eb,neural_bidir_seed1_eb,fixed,256,12,3,0.030534783378243446,4096
neural_eb,neural_bidir_seed2_eb,fixed,256,12,3,0.03208599239587784,4096
neural_eb,neural_bidir_seed3_eb,fixed,256,12,3,0.03340142220258713,4096
neural_eb,neural_bidir_seed4_eb,fixed,256,12,3,0.030667368322610855,4096
summary_ridge_eb,none,pilot,3,12,3,0.05249980464577675,4096
neural_eb,neural_bidir_seed0_eb,pilot,3,12,3,0.06534188985824585,4096
neural_eb,neural_bidir_seed1_eb,pilot,3,12,3,0.06916426122188568,4096
neural_eb,neural_bidir_seed2_eb,pilot,3,12,3,0.05309100076556206,4096
neural_eb,neural_bidir_seed3_eb,pilot,3,12,3,0.05074448138475418,4096
neural_eb,neural_bidir_seed4_eb,pilot,3,12,3,0.05599568784236908,4096
constant_mean_prior,none,none,0,12,4,0.10787510126829147,4096
constant_median_prior,none,none,0,12,4,0.10658964514732361,4096
summary_ridge_prior,none,none,0,12,4,0.04842475801706314,4096
product_affine_prior,none,none,0,12,4,0.051649633795022964,4096
exact_marginal_affine_prior,none,none,0,12,4,0.05692289024591446,4096
neural_prior,neural_bidir_seed0_prior,none,0,12,4,0.06435418128967285,4096
neural_prior,neural_bidir_seed1_prior,none,0,12,4,0.06848325580358505,4096
neural_prior,neural_bidir_seed2_prior,none,0,12,4,0.05155930668115616,4096
neural_prior,neural_bidir_seed3_prior,none,0,12,4,0.048553258180618286,4096
neural_prior,neural_bidir_seed4_prior,none,0,12,4,0.054405927658081055,4096
neural_eb,neural_bidir_seed0_eb,fixed,4,12,4,0.062356624752283096,4096
neural_eb,neural_bidir_seed1_eb,fixed,4,12,4,0.06609183549880981,4096
neural_eb,neural_bidir_seed2_eb,fixed,4,12,4,0.05042583867907524,4096
neural_eb,neural_bidir_seed3_eb,fixed,4,12,4,0.04760456830263138,4096
neural_eb,neural_bidir_seed4_eb,fixed,4,12,4,0.05312361195683479,4096
constant_mean_eb,none,fixed,20,12,4,0.0774787962436676,4096
constant_mean_eb,none,fixed,24,12,4,0.07463622838258743,4096
summary_ridge_eb,none,fixed,24,12,4,0.05035819113254547,4096
neural_eb,neural_bidir_seed0_eb,fixed,24,12,4,0.05833204835653305,4096
neural_eb,neural_bidir_seed1_eb,fixed,24,12,4,0.06088606268167496,4096
neural_eb,neural_bidir_seed2_eb,fixed,24,12,4,0.0501134879887104,4096
neural_eb,neural_bidir_seed3_eb,fixed,24,12,4,0.048101335763931274,4096
neural_eb,neural_bidir_seed4_eb,fixed,24,12,4,0.05187840759754181,4096
constant_mean_eb,none,fixed,32,12,4,0.0669153705239296,4096
constant_mean_eb,none,fixed,36,12,4,0.06570722162723541,4096
neural_eb,neural_bidir_seed0_eb,fixed,36,12,4,0.05334162712097168,4096
neural_eb,neural_bidir_seed1_eb,fixed,36,12,4,0.055528294295072556,4096
neural_eb,neural_bidir_seed2_eb,fixed,36,12,4,0.04651065915822983,4096
neural_eb,neural_bidir_seed3_eb,fixed,36,12,4,0.04451339691877365,4096
neural_eb,neural_bidir_seed4_eb,fixed,36,12,4,0.047869376838207245,4096
dfe,none,fixed,40,12,4,0.0785767063498497,0
neural_eb,neural_bidir_seed0_eb,fixed,40,12,4,0.0511750727891922,4096
neural_eb,neural_bidir_seed1_eb,fixed,40,12,4,0.05313264578580856,4096
neural_eb,neural_bidir_seed2_eb,fixed,40,12,4,0.04491955041885376,4096
neural_eb,neural_bidir_seed3_eb,fixed,40,12,4,0.04334647208452225,4096
neural_eb,neural_bidir_seed4_eb,fixed,40,12,4,0.046382054686546326,4096
summary_ridge_eb,none,fixed,44,12,4,0.04497818276286125,4096
dfe,none,fixed,48,12,4,0.07296788692474365,0
constant_mean_eb,none,fixed,48,12,4,0.05893461033701897,4096
dfe,none,fixed,52,12,4,0.06935597956180573,0
neural_eb,neural_bidir_seed0_eb,fixed,52,12,4,0.04699675738811493,4096
neural_eb,neural_bidir_seed1_eb,fixed,52,12,4,0.04848110303282738,4096
neural_eb,neural_bidir_seed2_eb,fixed,52,12,4,0.04229702055454254,4096
neural_eb,neural_bidir_seed3_eb,fixed,52,12,4,0.04118670895695686,4096
neural_eb,neural_bidir_seed4_eb,fixed,52,12,4,0.04374093562364578,4096
dfe,none,fixed,60,12,4,0.0637330710887909,0
constant_mean_eb,none,fixed,60,12,4,0.053320009261369705,4096
constant_mean_eb,none,fixed,64,12,4,0.05285338684916496,4096
dfe,none,fixed,72,12,4,0.05797027051448822,0
constant_mean_eb,none,fixed,76,12,4,0.0491655096411705,4096
neural_eb,neural_bidir_seed0_eb,fixed,76,12,4,0.04316102713346481,4096
neural_eb,neural_bidir_seed1_eb,fixed,76,12,4,0.04450807347893715,4096
neural_eb,neural_bidir_seed2_eb,fixed,76,12,4,0.03951138257980347,4096
neural_eb,neural_bidir_seed3_eb,fixed,76,12,4,0.038472481071949005,4096
neural_eb,neural_bidir_seed4_eb,fixed,76,12,4,0.040724292397499084,4096
summary_ridge_eb,none,fixed,80,12,4,0.039047177881002426,4096
dfe,none,fixed,84,12,4,0.05413297936320305,0
dfe,none,fixed,92,12,4,0.05221680924296379,0
dfe,none,fixed,128,12,4,0.04434502124786377,0
constant_mean_eb,none,fixed,128,12,4,0.04019317775964737,4096
neural_eb,neural_bidir_seed0_eb,fixed,128,12,4,0.03684405982494354,4096
neural_eb,neural_bidir_seed1_eb,fixed,128,12,4,0.03767579048871994,4096
neural_eb,neural_bidir_seed2_eb,fixed,128,12,4,0.03444182872772217,4096
neural_eb,neural_bidir_seed3_eb,fixed,128,12,4,0.03374464064836502,4096
neural_eb,neural_bidir_seed4_eb,fixed,128,12,4,0.03519647568464279,4096
dfe,none,fixed,192,12,4,0.036446478217840195,0
constant_mean_eb,none,fixed,192,12,4,0.03414157032966614,4096
summary_ridge_eb,none,fixed,192,12,4,0.03029170259833336,4096
neural_eb,neural_bidir_seed0_eb,fixed,192,12,4,0.03193085640668869,4096
neural_eb,neural_bidir_seed1_eb,fixed,192,12,4,0.032434724271297455,4096
neural_eb,neural_bidir_seed2_eb,fixed,192,12,4,0.03034866601228714,4096
neural_eb,neural_bidir_seed3_eb,fixed,192,12,4,0.029931465163826942,4096
neural_eb,neural_bidir_seed4_eb,fixed,192,12,4,0.03088376857340336,4096
dfe,none,fixed,256,12,4,0.0310955960303545,0
constant_mean_eb,none,fixed,256,12,4,0.02962622418999672,4096
summary_ridge_eb,none,fixed,256,12,4,0.02706817537546158,4096
neural_eb,neural_bidir_seed0_eb,fixed,256,12,4,0.028060439974069595,4096
neural_eb,neural_bidir_seed1_eb,fixed,256,12,4,0.02836572378873825,4096
neural_eb,neural_bidir_seed2_eb,fixed,256,12,4,0.02683233469724655,4096
neural_eb,neural_bidir_seed3_eb,fixed,256,12,4,0.02655034512281418,4096
neural_eb,neural_bidir_seed4_eb,fixed,256,12,4,0.027097780257463455,4096
summary_ridge_eb,none,pilot,3,12,4,0.04765365272760391,4096
neural_eb,neural_bidir_seed0_eb,pilot,3,12,4,0.06275748461484909,4096
neural_eb,neural_bidir_seed1_eb,pilot,3,12,4,0.06668837368488312,4096
neural_eb,neural_bidir_seed2_eb,pilot,3,12,4,0.05083102732896805,4096
neural_eb,neural_bidir_seed3_eb,pilot,3,12,4,0.0478801429271698,4096
neural_eb,neural_bidir_seed4_eb,pilot,3,12,4,0.05351179093122482,4096
constant_mean_prior,none,none,0,13,0,0.105418361723423,4096
constant_median_prior,none,none,0,13,0,0.10258357226848602,4096
summary_ridge_prior,none,none,0,13,0,0.04716990143060684,4096
product_affine_prior,none,none,0,13,0,0.05344819650053978,4096
exact_marginal_affine_prior,none,none,0,13,0,0.05678589642047882,4096
neural_prior,neural_bidir_seed0_prior,none,0,13,0,0.06706200540065765,4096
neural_prior,neural_bidir_seed1_prior,none,0,13,0,0.0723804384469986,4096
neural_prior,neural_bidir_seed2_prior,none,0,13,0,0.05374200642108917,4096
neural_prior,neural_bidir_seed3_prior,none,0,13,0,0.0499461367726326,4096
neural_prior,neural_bidir_seed4_prior,none,0,13,0,0.05577486753463745,4096
neural_eb,neural_bidir_seed0_eb,fixed,4,13,0,0.06546857208013535,4096
neural_eb,neural_bidir_seed1_eb,fixed,4,13,0,0.07028893381357193,4096
neural_eb,neural_bidir_seed2_eb,fixed,4,13,0,0.05327688902616501,4096
neural_eb,neural_bidir_seed3_eb,fixed,4,13,0,0.0497254878282547,4096
neural_eb,neural_bidir_seed4_eb,fixed,4,13,0,0.05526147037744522,4096
constant_mean_eb,none,fixed,20,13,0,0.07810358703136444,4096
constant_mean_eb,none,fixed,24,13,0,0.07378380000591278,4096
summary_ridge_eb,none,fixed,24,13,0,0.04896415024995804,4096
neural_eb,neural_bidir_seed0_eb,fixed,24,13,0,0.05780632421374321,4096
neural_eb,neural_bidir_seed1_eb,fixed,24,13,0,0.06037180498242378,4096
neural_eb,neural_bidir_seed2_eb,fixed,24,13,0,0.05089615285396576,4096
neural_eb,neural_bidir_seed3_eb,fixed,24,13,0,0.049022313207387924,4096
neural_eb,neural_bidir_seed4_eb,fixed,24,13,0,0.05249251425266266,4096
constant_mean_eb,none,fixed,32,13,0,0.0667315274477005,4096
constant_mean_eb,none,fixed,36,13,0,0.06327123939990997,4096
neural_eb,neural_bidir_seed0_eb,fixed,36,13,0,0.05225391685962677,4096
neural_eb,neural_bidir_seed1_eb,fixed,36,13,0,0.05430230498313904,4096
neural_eb,neural_bidir_seed2_eb,fixed,36,13,0,0.047257740050554276,4096
neural_eb,neural_bidir_seed3_eb,fixed,36,13,0,0.046288713812828064,4096
neural_eb,neural_bidir_seed4_eb,fixed,36,13,0,0.04883415997028351,4096
dfe,none,fixed,40,13,0,0.07871415466070175,0
neural_eb,neural_bidir_seed0_eb,fixed,40,13,0,0.05200543254613876,4096
neural_eb,neural_bidir_seed1_eb,fixed,40,13,0,0.053600601851940155,4096
neural_eb,neural_bidir_seed2_eb,fixed,40,13,0,0.047102976590394974,4096
neural_eb,neural_bidir_seed3_eb,fixed,40,13,0,0.046105045825242996,4096
neural_eb,neural_bidir_seed4_eb,fixed,40,13,0,0.0485604889690876,4096
summary_ridge_eb,none,fixed,44,13,0,0.047288790345191956,4096
dfe,none,fixed,48,13,0,0.07070593535900116,0
constant_mean_eb,none,fixed,48,13,0,0.057563915848731995,4096
dfe,none,fixed,52,13,0,0.06924974173307419,0
neural_eb,neural_bidir_seed0_eb,fixed,52,13,0,0.049027614295482635,4096
neural_eb,neural_bidir_seed1_eb,fixed,52,13,0,0.05058618634939194,4096
neural_eb,neural_bidir_seed2_eb,fixed,52,13,0,0.04558099806308746,4096
neural_eb,neural_bidir_seed3_eb,fixed,52,13,0,0.045156918466091156,4096
neural_eb,neural_bidir_seed4_eb,fixed,52,13,0,0.04678364843130112,4096
dfe,none,fixed,60,13,0,0.0651458352804184,0
constant_mean_eb,none,fixed,60,13,0,0.05390160158276558,4096
constant_mean_eb,none,fixed,64,13,0,0.05212964862585068,4096
dfe,none,fixed,72,13,0,0.060055993497371674,0
constant_mean_eb,none,fixed,76,13,0,0.04871750995516777,4096
neural_eb,neural_bidir_seed0_eb,fixed,76,13,0,0.043807029724121094,4096
neural_eb,neural_bidir_seed1_eb,fixed,76,13,0,0.044561371207237244,4096
neural_eb,neural_bidir_seed2_eb,fixed,76,13,0,0.04288479685783386,4096
neural_eb,neural_bidir_seed3_eb,fixed,76,13,0,0.04349878430366516,4096
neural_eb,neural_bidir_seed4_eb,fixed,76,13,0,0.04404713213443756,4096
summary_ridge_eb,none,fixed,80,13,0,0.04716990143060684,4096
dfe,none,fixed,84,13,0,0.05496397614479065,0
dfe,none,fixed,92,13,0,0.051617152988910675,0
dfe,none,fixed,128,13,0,0.04432438686490059,0
constant_mean_eb,none,fixed,128,13,0,0.039653025567531586,4096
neural_eb,neural_bidir_seed0_eb,fixed,128,13,0,0.036938924342393875,4096
neural_eb,neural_bidir_seed1_eb,fixed,128,13,0,0.03725675866007805,4096
neural_eb,neural_bidir_seed2_eb,fixed,128,13,0,0.03800260275602341,4096
neural_eb,neural_bidir_seed3_eb,fixed,128,13,0,0.04031885415315628,4096
neural_eb,neural_bidir_seed4_eb,fixed,128,13,0,0.03889889270067215,4096
dfe,none,fixed,192,13,0,0.035667214542627335,0
constant_mean_eb,none,fixed,192,13,0,0.03338513523340225,4096
summary_ridge_eb,none,fixed,192,13,0,0.04716990143060684,4096
neural_eb,neural_bidir_seed0_eb,fixed,192,13,0,0.03221077099442482,4096
neural_eb,neural_bidir_seed1_eb,fixed,192,13,0,0.03226727992296219,4096
neural_eb,neural_bidir_seed2_eb,fixed,192,13,0,0.03454556316137314,4096
neural_eb,neural_bidir_seed3_eb,fixed,192,13,0,0.037636224180459976,4096
neural_eb,neural_bidir_seed4_eb,fixed,192,13,0,0.03533231467008591,4096
dfe,none,fixed,256,13,0,0.03165995329618454,0
constant_mean_eb,none,fixed,256,13,0,0.030055006965994835,4096
summary_ridge_eb,none,fixed,256,13,0,0.04716990143060684,4096
neural_eb,neural_bidir_seed0_eb,fixed,256,13,0,0.029062800109386444,4096
neural_eb,neural_bidir_seed1_eb,fixed,256,13,0,0.029105883091688156,4096
neural_eb,neural_bidir_seed2_eb,fixed,256,13,0,0.03146800771355629,4096
neural_eb,neural_bidir_seed3_eb,fixed,256,13,0,0.03506153076887131,4096
neural_eb,neural_bidir_seed4_eb,fixed,256,13,0,0.03219316899776459,4096
summary_ridge_eb,none,pilot,3,13,0,0.04716990143060684,4096
neural_eb,neural_bidir_seed0_eb,pilot,3,13,0,0.06564464420080185,4096
neural_eb,neural_bidir_seed1_eb,pilot,3,13,0,0.07058736681938171,4096
neural_eb,neural_bidir_seed2_eb,pilot,3,13,0,0.053327612578868866,4096
neural_eb,neural_bidir_seed3_eb,pilot,3,13,0,0.04973709210753441,4096
neural_eb,neural_bidir_seed4_eb,pilot,3,13,0,0.055314674973487854,4096
constant_mean_prior,none,none,0,13,1,0.10795949399471283,4096
constant_median_prior,none,none,0,13,1,0.1033765971660614,4096
summary_ridge_prior,none,none,0,13,1,0.05250042676925659,4096
product_affine_prior,none,none,0,13,1,0.054368697106838226,4096
exact_marginal_affine_prior,none,none,0,13,1,0.057031791657209396,4096
neural_prior,neural_bidir_seed0_prior,none,0,13,1,0.0644291341304779,4096
neural_prior,neural_bidir_seed1_prior,none,0,13,1,0.0692688524723053,4096
neural_prior,neural_bidir_seed2_prior,none,0,13,1,0.05156435817480087,4096
neural_prior,neural_bidir_seed3_prior,none,0,13,1,0.04792347550392151,4096
neural_prior,neural_bidir_seed4_prior,none,0,13,1,0.05366481468081474,4096
neural_eb,neural_bidir_seed0_eb,fixed,4,13,1,0.06274212896823883,4096
neural_eb,neural_bidir_seed1_eb,fixed,4,13,1,0.06703522801399231,4096
neural_eb,neural_bidir_seed2_eb,fixed,4,13,1,0.050977058708667755,4096
neural_eb,neural_bidir_seed3_eb,fixed,4,13,1,0.04757869988679886,4096
neural_eb,neural_bidir_seed4_eb,fixed,4,13,1,0.05295795202255249,4096
constant_mean_eb,none,fixed,20,13,1,0.07718474417924881,4096
constant_mean_eb,none,fixed,24,13,1,0.07424359023571014,4096
summary_ridge_eb,none,fixed,24,13,1,0.050679389387369156,4096
neural_eb,neural_bidir_seed0_eb,fixed,24,13,1,0.05734686553478241,4096
neural_eb,neural_bidir_seed1_eb,fixed,24,13,1,0.059989526867866516,4096
neural_eb,neural_bidir_seed2_eb,fixed,24,13,1,0.04893215745687485,4096
neural_eb,neural_bidir_seed3_eb,fixed,24,13,1,0.046451881527900696,4096
neural_eb,neural_bidir_seed4_eb,fixed,24,13,1,0.050338014960289,4096
constant_mean_eb,none,fixed,32,13,1,0.06699112057685852,4096
constant_mean_eb,none,fixed,36,13,1,0.064694844186306,4096
neural_eb,neural_bidir_seed0_eb,fixed,36,13,1,0.05229073017835617,4096
neural_eb,neural_bidir_seed1_eb,fixed,36,13,1,0.05428192764520645,4096
neural_eb,neural_bidir_seed2_eb,fixed,36,13,1,0.04548868164420128,4096
neural_eb,neural_bidir_seed3_eb,fixed,36,13,1,0.04371405765414238,4096
neural_eb,neural_bidir_seed4_eb,fixed,36,13,1,0.046589888632297516,4096
dfe,none,fixed,40,13,1,0.08024683594703674,0
neural_eb,neural_bidir_seed0_eb,fixed,40,13,1,0.04969097673892975,4096
neural_eb,neural_bidir_seed1_eb,fixed,40,13,1,0.051669761538505554,4096
neural_eb,neural_bidir_seed2_eb,fixed,40,13,1,0.04364490509033203,4096
neural_eb,neural_bidir_seed3_eb,fixed,40,13,1,0.04220084846019745,4096
neural_eb,neural_bidir_seed4_eb,fixed,40,13,1,0.0448894202709198,4096
summary_ridge_eb,none,fixed,44,13,1,0.04684402048587799,4096
dfe,none,fixed,48,13,1,0.0730455070734024,0
constant_mean_eb,none,fixed,48,13,1,0.05863688886165619,4096
dfe,none,fixed,52,13,1,0.07009468972682953,0
neural_eb,neural_bidir_seed0_eb,fixed,52,13,1,0.048338741064071655,4096
neural_eb,neural_bidir_seed1_eb,fixed,52,13,1,0.04985441267490387,4096
neural_eb,neural_bidir_seed2_eb,fixed,52,13,1,0.04305942356586456,4096
neural_eb,neural_bidir_seed3_eb,fixed,52,13,1,0.04172252118587494,4096
neural_eb,neural_bidir_seed4_eb,fixed,52,13,1,0.04388733208179474,4096
dfe,none,fixed,60,13,1,0.06514792144298553,0
constant_mean_eb,none,fixed,60,13,1,0.05306878313422203,4096
constant_mean_eb,none,fixed,64,13,1,0.051892541348934174,4096
dfe,none,fixed,72,13,1,0.057983383536338806,0
constant_mean_eb,none,fixed,76,13,1,0.04904787242412567,4096
neural_eb,neural_bidir_seed0_eb,fixed,76,13,1,0.0427914522588253,4096
neural_eb,neural_bidir_seed1_eb,fixed,76,13,1,0.043801069259643555,4096
neural_eb,neural_bidir_seed2_eb,fixed,76,13,1,0.039461713284254074,4096
neural_eb,neural_bidir_seed3_eb,fixed,76,13,1,0.039022982120513916,4096
neural_eb,neural_bidir_seed4_eb,fixed,76,13,1,0.04019830375909805,4096
summary_ridge_eb,none,fixed,80,13,1,0.042529016733169556,4096
dfe,none,fixed,84,13,1,0.05483470857143402,0
dfe,none,fixed,92,13,1,0.052221864461898804,0
dfe,none,fixed,128,13,1,0.0440143421292305,0
constant_mean_eb,none,fixed,128,13,1,0.039593927562236786,4096
neural_eb,neural_bidir_seed0_eb,fixed,128,13,1,0.03626188635826111,4096
neural_eb,neural_bidir_seed1_eb,fixed,128,13,1,0.0367957279086113,4096
neural_eb,neural_bidir_seed2_eb,fixed,128,13,1,0.03471018373966217,4096
neural_eb,neural_bidir_seed3_eb,fixed,128,13,1,0.03518925607204437,4096
neural_eb,neural_bidir_seed4_eb,fixed,128,13,1,0.03507483750581741,4096
dfe,none,fixed,192,13,1,0.03607185184955597,0
constant_mean_eb,none,fixed,192,13,1,0.03368073329329491,4096
summary_ridge_eb,none,fixed,192,13,1,0.03405503183603287,4096
neural_eb,neural_bidir_seed0_eb,fixed,192,13,1,0.0313507504761219,4096
neural_eb,neural_bidir_seed1_eb,fixed,192,13,1,0.03177626058459282,4096
neural_eb,neural_bidir_seed2_eb,fixed,192,13,1,0.030530709773302078,4096
neural_eb,neural_bidir_seed3_eb,fixed,192,13,1,0.03134484961628914,4096
neural_eb,neural_bidir_seed4_eb,fixed,192,13,1,0.03066038154065609,4096
dfe,none,fixed,256,13,1,0.031005948781967163,0
constant_mean_eb,none,fixed,256,13,1,0.029203005135059357,4096
summary_ridge_eb,none,fixed,256,13,1,0.030043451115489006,4096
neural_eb,neural_bidir_seed0_eb,fixed,256,13,1,0.02811862714588642,4096
neural_eb,neural_bidir_seed1_eb,fixed,256,13,1,0.028289036825299263,4096
neural_eb,neural_bidir_seed2_eb,fixed,256,13,1,0.027563244104385376,4096
neural_eb,neural_bidir_seed3_eb,fixed,256,13,1,0.02854537032544613,4096
neural_eb,neural_bidir_seed4_eb,fixed,256,13,1,0.027405239641666412,4096
summary_ridge_eb,none,pilot,3,13,1,0.05204811692237854,4096
neural_eb,neural_bidir_seed0_eb,pilot,3,13,1,0.06322842836380005,4096
neural_eb,neural_bidir_seed1_eb,pilot,3,13,1,0.06769508123397827,4096
neural_eb,neural_bidir_seed2_eb,pilot,3,13,1,0.05107557773590088,4096
neural_eb,neural_bidir_seed3_eb,pilot,3,13,1,0.04762868210673332,4096
neural_eb,neural_bidir_seed4_eb,pilot,3,13,1,0.05304963141679764,4096
constant_mean_prior,none,none,0,13,2,0.10670394450426102,4096
constant_median_prior,none,none,0,13,2,0.10619334131479263,4096
summary_ridge_prior,none,none,0,13,2,0.0538933128118515,4096
product_affine_prior,none,none,0,13,2,0.05823748931288719,4096
exact_marginal_affine_prior,none,none,0,13,2,0.06046413630247116,4096
neural_prior,neural_bidir_seed0_prior,none,0,13,2,0.06752528250217438,4096
neural_prior,neural_bidir_seed1_prior,none,0,13,2,0.07178393751382828,4096
neural_prior,neural_bidir_seed2_prior,none,0,13,2,0.05558965355157852,4096
neural_prior,neural_bidir_seed3_prior,none,0,13,2,0.052078891545534134,4096
neural_prior,neural_bidir_seed4_prior,none,0,13,2,0.0568215548992157,4096
neural_eb,neural_bidir_seed0_eb,fixed,4,13,2,0.06536485254764557,4096
neural_eb,neural_bidir_seed1_eb,fixed,4,13,2,0.06924338638782501,4096
neural_eb,neural_bidir_seed2_eb,fixed,4,13,2,0.05441884696483612,4096
neural_eb,neural_bidir_seed3_eb,fixed,4,13,2,0.051193855702877045,4096
neural_eb,neural_bidir_seed4_eb,fixed,4,13,2,0.055722471326589584,4096
constant_mean_eb,none,fixed,20,13,2,0.07862579822540283,4096
constant_mean_eb,none,fixed,24,13,2,0.07293784618377686,4096
summary_ridge_eb,none,fixed,24,13,2,0.048882514238357544,4096
neural_eb,neural_bidir_seed0_eb,fixed,24,13,2,0.0571989081799984,4096
neural_eb,neural_bidir_seed1_eb,fixed,24,13,2,0.05955436825752258,4096
neural_eb,neural_bidir_seed2_eb,fixed,24,13,2,0.04943738132715225,4096
neural_eb,neural_bidir_seed3_eb,fixed,24,13,2,0.04698466509580612,4096
neural_eb,neural_bidir_seed4_eb,fixed,24,13,2,0.050545834004879,4096
constant_mean_eb,none,fixed,32,13,2,0.06749554723501205,4096
constant_mean_eb,none,fixed,36,13,2,0.06435803323984146,4096
neural_eb,neural_bidir_seed0_eb,fixed,36,13,2,0.05257321149110794,4096
neural_eb,neural_bidir_seed1_eb,fixed,36,13,2,0.05447586253285408,4096
neural_eb,neural_bidir_seed2_eb,fixed,36,13,2,0.04618091136217117,4096
neural_eb,neural_bidir_seed3_eb,fixed,36,13,2,0.04408295452594757,4096
neural_eb,neural_bidir_seed4_eb,fixed,36,13,2,0.04708638787269592,4096
dfe,none,fixed,40,13,2,0.07856392115354538,0
neural_eb,neural_bidir_seed0_eb,fixed,40,13,2,0.051223479211330414,4096
neural_eb,neural_bidir_seed1_eb,fixed,40,13,2,0.05316886305809021,4096
neural_eb,neural_bidir_seed2_eb,fixed,40,13,2,0.04532630741596222,4096
neural_eb,neural_bidir_seed3_eb,fixed,40,13,2,0.04338517040014267,4096
neural_eb,neural_bidir_seed4_eb,fixed,40,13,2,0.04644610732793808,4096
summary_ridge_eb,none,fixed,44,13,2,0.04528747498989105,4096
dfe,none,fixed,48,13,2,0.07324850559234619,0
constant_mean_eb,none,fixed,48,13,2,0.059279896318912506,4096
dfe,none,fixed,52,13,2,0.07106161117553711,0
neural_eb,neural_bidir_seed0_eb,fixed,52,13,2,0.04819093644618988,4096
neural_eb,neural_bidir_seed1_eb,fixed,52,13,2,0.04958021268248558,4096
neural_eb,neural_bidir_seed2_eb,fixed,52,13,2,0.04316811263561249,4096
neural_eb,neural_bidir_seed3_eb,fixed,52,13,2,0.04150981083512306,4096
neural_eb,neural_bidir_seed4_eb,fixed,52,13,2,0.04402560740709305,4096
dfe,none,fixed,60,13,2,0.06444261968135834,0
constant_mean_eb,none,fixed,60,13,2,0.05479487404227257,4096
constant_mean_eb,none,fixed,64,13,2,0.053721118718385696,4096
dfe,none,fixed,72,13,2,0.057650402188301086,0
constant_mean_eb,none,fixed,76,13,2,0.04863228648900986,4096
neural_eb,neural_bidir_seed0_eb,fixed,76,13,2,0.042881887406110764,4096
neural_eb,neural_bidir_seed1_eb,fixed,76,13,2,0.04405757039785385,4096
neural_eb,neural_bidir_seed2_eb,fixed,76,13,2,0.03938619792461395,4096
neural_eb,neural_bidir_seed3_eb,fixed,76,13,2,0.03806742653250694,4096
neural_eb,neural_bidir_seed4_eb,fixed,76,13,2,0.04020676016807556,4096
summary_ridge_eb,none,fixed,80,13,2,0.03911837935447693,4096
dfe,none,fixed,84,13,2,0.054164037108421326,0
dfe,none,fixed,92,13,2,0.05184967815876007,0
dfe,none,fixed,128,13,2,0.04353172704577446,0
constant_mean_eb,none,fixed,128,13,2,0.04029542952775955,4096
neural_eb,neural_bidir_seed0_eb,fixed,128,13,2,0.03646274656057358,4096
neural_eb,neural_bidir_seed1_eb,fixed,128,13,2,0.0371551439166069,4096
neural_eb,neural_bidir_seed2_eb,fixed,128,13,2,0.034255657345056534,4096
neural_eb,neural_bidir_seed3_eb,fixed,128,13,2,0.03346666693687439,4096
neural_eb,neural_bidir_seed4_eb,fixed,128,13,2,0.03496527671813965,4096
dfe,none,fixed,192,13,2,0.035243578255176544,0
constant_mean_eb,none,fixed,192,13,2,0.03279316425323486,4096
summary_ridge_eb,none,fixed,192,13,2,0.029339514672756195,4096
neural_eb,neural_bidir_seed0_eb,fixed,192,13,2,0.030676767230033875,4096
neural_eb,neural_bidir_seed1_eb,fixed,192,13,2,0.03113620914518833,4096
neural_eb,neural_bidir_seed2_eb,fixed,192,13,2,0.029347149655222893,4096
neural_eb,neural_bidir_seed3_eb,fixed,192,13,2,0.028828606009483337,4096
neural_eb,neural_bidir_seed4_eb,fixed,192,13,2,0.02979297749698162,4096
dfe,none,fixed,256,13,2,0.031169727444648743,0
constant_mean_eb,none,fixed,256,13,2,0.02910170890390873,4096
summary_ridge_eb,none,fixed,256,13,2,0.026561614125967026,4096
neural_eb,neural_bidir_seed0_eb,fixed,256,13,2,0.027572382241487503,4096
neural_eb,neural_bidir_seed1_eb,fixed,256,13,2,0.02790791168808937,4096
neural_eb,neural_bidir_seed2_eb,fixed,256,13,2,0.026539117097854614,4096
neural_eb,neural_bidir_seed3_eb,fixed,256,13,2,0.026118706911802292,4096
neural_eb,neural_bidir_seed4_eb,fixed,256,13,2,0.02695491351187229,4096
summary_ridge_eb,none,pilot,3,13,2,0.052573639899492264,4096
neural_eb,neural_bidir_seed0_eb,pilot,3,13,2,0.06590545177459717,4096
neural_eb,neural_bidir_seed1_eb,pilot,3,13,2,0.06990159302949905,4096
neural_eb,neural_bidir_seed2_eb,pilot,3,13,2,0.054711781442165375,4096
neural_eb,neural_bidir_seed3_eb,pilot,3,13,2,0.05139050632715225,4096
neural_eb,neural_bidir_seed4_eb,pilot,3,13,2,0.055905796587467194,4096
constant_mean_prior,none,none,0,13,3,0.10604687035083771,4096
constant_median_prior,none,none,0,13,3,0.10327048599720001,4096
summary_ridge_prior,none,none,0,13,3,0.051105644553899765,4096
product_affine_prior,none,none,0,13,3,0.05099166929721832,4096
exact_marginal_affine_prior,none,none,0,13,3,0.05559533089399338,4096
neural_prior,neural_bidir_seed0_prior,none,0,13,3,0.0664677768945694,4096
neural_prior,neural_bidir_seed1_prior,none,0,13,3,0.07122819125652313,4096
neural_prior,neural_bidir_seed2_prior,none,0,13,3,0.052255600690841675,4096
neural_prior,neural_bidir_seed3_prior,none,0,13,3,0.048582203686237335,4096
neural_prior,neural_bidir_seed4_prior,none,0,13,3,0.05424068868160248,4096
neural_eb,neural_bidir_seed0_eb,fixed,4,13,3,0.06425796449184418,4096
neural_eb,neural_bidir_seed1_eb,fixed,4,13,3,0.06837786734104156,4096
neural_eb,neural_bidir_seed2_eb,fixed,4,13,3,0.05124178156256676,4096
neural_eb,neural_bidir_seed3_eb,fixed,4,13,3,0.04782222956418991,4096
neural_eb,neural_bidir_seed4_eb,fixed,4,13,3,0.053169213235378265,4096
constant_mean_eb,none,fixed,20,13,3,0.07737076282501221,4096
constant_mean_eb,none,fixed,24,13,3,0.07238319516181946,4096
summary_ridge_eb,none,fixed,24,13,3,0.0496252179145813,4096
neural_eb,neural_bidir_seed0_eb,fixed,24,13,3,0.058415718376636505,4096
neural_eb,neural_bidir_seed1_eb,fixed,24,13,3,0.060281604528427124,4096
neural_eb,neural_bidir_seed2_eb,fixed,24,13,3,0.049079276621341705,4096
neural_eb,neural_bidir_seed3_eb,fixed,24,13,3,0.04640713334083557,4096
neural_eb,neural_bidir_seed4_eb,fixed,24,13,3,0.05032212287187576,4096
constant_mean_eb,none,fixed,32,13,3,0.06583460420370102,4096
constant_mean_eb,none,fixed,36,13,3,0.06400567293167114,4096
neural_eb,neural_bidir_seed0_eb,fixed,36,13,3,0.05319541320204735,4096
neural_eb,neural_bidir_seed1_eb,fixed,36,13,3,0.05482805520296097,4096
neural_eb,neural_bidir_seed2_eb,fixed,36,13,3,0.045298006385564804,4096
neural_eb,neural_bidir_seed3_eb,fixed,36,13,3,0.042912062257528305,4096
neural_eb,neural_bidir_seed4_eb,fixed,36,13,3,0.04661604389548302,4096
dfe,none,fixed,40,13,3,0.07806627452373505,0
neural_eb,neural_bidir_seed0_eb,fixed,40,13,3,0.051581792533397675,4096
neural_eb,neural_bidir_seed1_eb,fixed,40,13,3,0.052956946194171906,4096
neural_eb,neural_bidir_seed2_eb,fixed,40,13,3,0.0443185418844223,4096
neural_eb,neural_bidir_seed3_eb,fixed,40,13,3,0.04203243553638458,4096
neural_eb,neural_bidir_seed4_eb,fixed,40,13,3,0.04533226788043976,4096
summary_ridge_eb,none,fixed,44,13,3,0.044793300330638885,4096
dfe,none,fixed,48,13,3,0.07275840640068054,0
constant_mean_eb,none,fixed,48,13,3,0.05714062601327896,4096
dfe,none,fixed,52,13,3,0.0701555535197258,0
neural_eb,neural_bidir_seed0_eb,fixed,52,13,3,0.04913434386253357,4096
neural_eb,neural_bidir_seed1_eb,fixed,52,13,3,0.050574906170368195,4096
neural_eb,neural_bidir_seed2_eb,fixed,52,13,3,0.042618848383426666,4096
neural_eb,neural_bidir_seed3_eb,fixed,52,13,3,0.040324099361896515,4096
neural_eb,neural_bidir_seed4_eb,fixed,52,13,3,0.0433705598115921,4096
dfe,none,fixed,60,13,3,0.06467115879058838,0
constant_mean_eb,none,fixed,60,13,3,0.05386155843734741,4096
constant_mean_eb,none,fixed,64,13,3,0.05134795606136322,4096
dfe,none,fixed,72,13,3,0.05998550355434418,0
constant_mean_eb,none,fixed,76,13,3,0.04934877157211304,4096
neural_eb,neural_bidir_seed0_eb,fixed,76,13,3,0.0439748540520668,4096
neural_eb,neural_bidir_seed1_eb,fixed,76,13,3,0.04472103342413902,4096
neural_eb,neural_bidir_seed2_eb,fixed,76,13,3,0.03876354545354843,4096
neural_eb,neural_bidir_seed3_eb,fixed,76,13,3,0.03708895668387413,4096
neural_eb,neural_bidir_seed4_eb,fixed,76,13,3,0.039483197033405304,4096
summary_ridge_eb,none,fixed,80,13,3,0.03913940489292145,4096
dfe,none,fixed,84,13,3,0.055510636419057846,0
dfe,none,fixed,92,13,3,0.05250997841358185,0
dfe,none,fixed,128,13,3,0.04413122683763504,0
constant_mean_eb,none,fixed,128,13,3,0.04005305469036102,4096
neural_eb,neural_bidir_seed0_eb,fixed,128,13,3,0.03704709932208061,4096
neural_eb,neural_bidir_seed1_eb,fixed,128,13,3,0.037452466785907745,4096
neural_eb,neural_bidir_seed2_eb,fixed,128,13,3,0.03413327783346176,4096
neural_eb,neural_bidir_seed3_eb,fixed,128,13,3,0.033142801374197006,4096
neural_eb,neural_bidir_seed4_eb,fixed,128,13,3,0.034946419298648834,4096
dfe,none,fixed,192,13,3,0.036511942744255066,0
constant_mean_eb,none,fixed,192,13,3,0.03410079702734947,4096
summary_ridge_eb,none,fixed,192,13,3,0.03145008906722069,4096
neural_eb,neural_bidir_seed0_eb,fixed,192,13,3,0.03206605091691017,4096
neural_eb,neural_bidir_seed1_eb,fixed,192,13,3,0.03237072750926018,4096
neural_eb,neural_bidir_seed2_eb,fixed,192,13,3,0.029926760122179985,4096
neural_eb,neural_bidir_seed3_eb,fixed,192,13,3,0.029176028445363045,4096
neural_eb,neural_bidir_seed4_eb,fixed,192,13,3,0.03056042082607746,4096
dfe,none,fixed,256,13,3,0.030940935015678406,0
constant_mean_eb,none,fixed,256,13,3,0.02916158176958561,4096
summary_ridge_eb,none,fixed,256,13,3,0.0279390886425972,4096
neural_eb,neural_bidir_seed0_eb,fixed,256,13,3,0.027931224554777145,4096
neural_eb,neural_bidir_seed1_eb,fixed,256,13,3,0.028162281960248947,4096
neural_eb,neural_bidir_seed2_eb,fixed,256,13,3,0.026618950068950653,4096
neural_eb,neural_bidir_seed3_eb,fixed,256,13,3,0.026155274361371994,4096
neural_eb,neural_bidir_seed4_eb,fixed,256,13,3,0.027334949001669884,4096
summary_ridge_eb,none,pilot,3,13,3,0.050629016011953354,4096
neural_eb,neural_bidir_seed0_eb,pilot,3,13,3,0.06436996161937714,4096
neural_eb,neural_bidir_seed1_eb,pilot,3,13,3,0.06864295899868011,4096
neural_eb,neural_bidir_seed2_eb,pilot,3,13,3,0.05124030262231827,4096
neural_eb,neural_bidir_seed3_eb,pilot,3,13,3,0.047845348715782166,4096
neural_eb,neural_bidir_seed4_eb,pilot,3,13,3,0.05338588356971741,4096
constant_mean_prior,none,none,0,13,4,0.10553254187107086,4096
constant_median_prior,none,none,0,13,4,0.10332228243350983,4096
summary_ridge_prior,none,none,0,13,4,0.049430374056100845,4096
product_affine_prior,none,none,0,13,4,0.05375134199857712,4096
exact_marginal_affine_prior,none,none,0,13,4,0.057011619210243225,4096
neural_prior,neural_bidir_seed0_prior,none,0,13,4,0.06650251150131226,4096
neural_prior,neural_bidir_seed1_prior,none,0,13,4,0.07184882462024689,4096
neural_prior,neural_bidir_seed2_prior,none,0,13,4,0.05309141427278519,4096
neural_prior,neural_bidir_seed3_prior,none,0,13,4,0.049396075308322906,4096
neural_prior,neural_bidir_seed4_prior,none,0,13,4,0.05506189540028572,4096
neural_eb,neural_bidir_seed0_eb,fixed,4,13,4,0.0644131451845169,4096
neural_eb,neural_bidir_seed1_eb,fixed,4,13,4,0.06919991970062256,4096
neural_eb,neural_bidir_seed2_eb,fixed,4,13,4,0.05224281921982765,4096
neural_eb,neural_bidir_seed3_eb,fixed,4,13,4,0.04880748689174652,4096
neural_eb,neural_bidir_seed4_eb,fixed,4,13,4,0.054168179631233215,4096
constant_mean_eb,none,fixed,20,13,4,0.07806173712015152,4096
constant_mean_eb,none,fixed,24,13,4,0.07184067368507385,4096
summary_ridge_eb,none,fixed,24,13,4,0.04683583229780197,4096
neural_eb,neural_bidir_seed0_eb,fixed,24,13,4,0.05696988105773926,4096
neural_eb,neural_bidir_seed1_eb,fixed,24,13,4,0.059649258852005005,4096
neural_eb,neural_bidir_seed2_eb,fixed,24,13,4,0.04808024317026138,4096
neural_eb,neural_bidir_seed3_eb,fixed,24,13,4,0.04539124667644501,4096
neural_eb,neural_bidir_seed4_eb,fixed,24,13,4,0.04929113760590553,4096
constant_mean_eb,none,fixed,32,13,4,0.06733480095863342,4096
constant_mean_eb,none,fixed,36,13,4,0.06399527937173843,4096
neural_eb,neural_bidir_seed0_eb,fixed,36,13,4,0.05180992931127548,4096
neural_eb,neural_bidir_seed1_eb,fixed,36,13,4,0.05385139212012291,4096
neural_eb,neural_bidir_seed2_eb,fixed,36,13,4,0.04480178654193878,4096
neural_eb,neural_bidir_seed3_eb,fixed,36,13,4,0.04262212663888931,4096
neural_eb,neural_bidir_seed4_eb,fixed,36,13,4,0.04643562436103821,4096
dfe,none,fixed,40,13,4,0.07905632257461548,0
neural_eb,neural_bidir_seed0_eb,fixed,40,13,4,0.050329893827438354,4096
neural_eb,neural_bidir_seed1_eb,fixed,40,13,4,0.05243004485964775,4096
neural_eb,neural_bidir_seed2_eb,fixed,40,13,4,0.0439143031835556,4096
neural_eb,neural_bidir_seed3_eb,fixed,40,13,4,0.04173891246318817,4096
neural_eb,neural_bidir_seed4_eb,fixed,40,13,4,0.04522991180419922,4096
summary_ridge_eb,none,fixed,44,13,4,0.04202444106340408,4096
dfe,none,fixed,48,13,4,0.07368345558643341,0
constant_mean_eb,none,fixed,48,13,4,0.05811968073248863,4096
dfe,none,fixed,52,13,4,0.06855055689811707,0
neural_eb,neural_bidir_seed0_eb,fixed,52,13,4,0.04730423167347908,4096
neural_eb,neural_bidir_seed1_eb,fixed,52,13,4,0.04896777123212814,4096
neural_eb,neural_bidir_seed2_eb,fixed,52,13,4,0.041902095079422,4096
neural_eb,neural_bidir_seed3_eb,fixed,52,13,4,0.04014688730239868,4096
neural_eb,neural_bidir_seed4_eb,fixed,52,13,4,0.043361835181713104,4096
dfe,none,fixed,60,13,4,0.06450819969177246,0
constant_mean_eb,none,fixed,60,13,4,0.05348968878388405,4096
constant_mean_eb,none,fixed,64,13,4,0.05233415588736534,4096
dfe,none,fixed,72,13,4,0.05978776887059212,0
constant_mean_eb,none,fixed,76,13,4,0.04905570298433304,4096
neural_eb,neural_bidir_seed0_eb,fixed,76,13,4,0.0427388921380043,4096
neural_eb,neural_bidir_seed1_eb,fixed,76,13,4,0.043964385986328125,4096
neural_eb,neural_bidir_seed2_eb,fixed,76,13,4,0.038428016006946564,4096
neural_eb,neural_bidir_seed3_eb,fixed,76,13,4,0.03695002198219299,4096
neural_eb,neural_bidir_seed4_eb,fixed,76,13,4,0.039510682225227356,4096
summary_ridge_eb,none,fixed,80,13,4,0.037899453192949295,4096
dfe,none,fixed,84,13,4,0.05442412570118904,0
dfe,none,fixed,92,13,4,0.05230160057544708,0
dfe,none,fixed,128,13,4,0.04435054212808609,0
constant_mean_eb,none,fixed,128,13,4,0.0398089699447155,4096
neural_eb,neural_bidir_seed0_eb,fixed,128,13,4,0.03630533441901207,4096
neural_eb,neural_bidir_seed1_eb,fixed,128,13,4,0.03703995421528816,4096
neural_eb,neural_bidir_seed2_eb,fixed,128,13,4,0.033810656517744064,4096
neural_eb,neural_bidir_seed3_eb,fixed,128,13,4,0.03286835178732872,4096
neural_eb,neural_bidir_seed4_eb,fixed,128,13,4,0.03477036952972412,4096
dfe,none,fixed,192,13,4,0.0358424186706543,0
constant_mean_eb,none,fixed,192,13,4,0.03331610560417175,4096
summary_ridge_eb,none,fixed,192,13,4,0.029606293886899948,4096
neural_eb,neural_bidir_seed0_eb,fixed,192,13,4,0.030894659459590912,4096
neural_eb,neural_bidir_seed1_eb,fixed,192,13,4,0.031350523233413696,4096
neural_eb,neural_bidir_seed2_eb,fixed,192,13,4,0.029419127851724625,4096
neural_eb,neural_bidir_seed3_eb,fixed,192,13,4,0.028983252122998238,4096
neural_eb,neural_bidir_seed4_eb,fixed,192,13,4,0.03042617253959179,4096
dfe,none,fixed,256,13,4,0.03150908648967743,0
constant_mean_eb,none,fixed,256,13,4,0.029881251975893974,4096
summary_ridge_eb,none,fixed,256,13,4,0.026667755097150803,4096
neural_eb,neural_bidir_seed0_eb,fixed,256,13,4,0.02833685465157032,4096
neural_eb,neural_bidir_seed1_eb,fixed,256,13,4,0.028686996549367905,4096
neural_eb,neural_bidir_seed2_eb,fixed,256,13,4,0.02709222212433815,4096
neural_eb,neural_bidir_seed3_eb,fixed,256,13,4,0.026585999876260757,4096
neural_eb,neural_bidir_seed4_eb,fixed,256,13,4,0.027656279504299164,4096
summary_ridge_eb,none,pilot,3,13,4,0.04893021285533905,4096
neural_eb,neural_bidir_seed0_eb,pilot,3,13,4,0.06503894925117493,4096
neural_eb,neural_bidir_seed1_eb,pilot,3,13,4,0.06995970010757446,4096
neural_eb,neural_bidir_seed2_eb,pilot,3,13,4,0.05248655378818512,4096
neural_eb,neural_bidir_seed3_eb,pilot,3,13,4,0.04897575080394745,4096
neural_eb,neural_bidir_seed4_eb,pilot,3,13,4,0.05442861095070839,4096
constant_mean_prior,none,none,0,14,0,0.10431228578090668,4096
constant_median_prior,none,none,0,14,0,0.10327048599720001,4096
summary_ridge_prior,none,none,0,14,0,0.047295138239860535,4096
product_affine_prior,none,none,0,14,0,0.05358415096998215,4096
exact_marginal_affine_prior,none,none,0,14,0,0.0578889325261116,4096
neural_prior,neural_bidir_seed0_prior,none,0,14,0,0.06853122264146805,4096
neural_prior,neural_bidir_seed1_prior,none,0,14,0,0.07396137714385986,4096
neural_prior,neural_bidir_seed2_prior,none,0,14,0,0.05349639058113098,4096
neural_prior,neural_bidir_seed3_prior,none,0,14,0,0.049434661865234375,4096
neural_prior,neural_bidir_seed4_prior,none,0,14,0,0.05544764921069145,4096
neural_eb,neural_bidir_seed0_eb,fixed,4,14,0,0.06632804870605469,4096
neural_eb,neural_bidir_seed1_eb,fixed,4,14,0,0.0711158886551857,4096
neural_eb,neural_bidir_seed2_eb,fixed,4,14,0,0.0524342879652977,4096
neural_eb,neural_bidir_seed3_eb,fixed,4,14,0,0.04859504848718643,4096
neural_eb,neural_bidir_seed4_eb,fixed,4,14,0,0.05426497012376785,4096
constant_mean_eb,none,fixed,20,14,0,0.077366903424263,4096
constant_mean_eb,none,fixed,24,14,0,0.07203778624534607,4096
summary_ridge_eb,none,fixed,24,14,0,0.04577317461371422,4096
neural_eb,neural_bidir_seed0_eb,fixed,24,14,0,0.05750821530818939,4096
neural_eb,neural_bidir_seed1_eb,fixed,24,14,0,0.06002495065331459,4096
neural_eb,neural_bidir_seed2_eb,fixed,24,14,0,0.04886101931333542,4096
neural_eb,neural_bidir_seed3_eb,fixed,24,14,0,0.04601249471306801,4096
neural_eb,neural_bidir_seed4_eb,fixed,24,14,0,0.050297901034355164,4096
constant_mean_eb,none,fixed,32,14,0,0.06683109700679779,4096
constant_mean_eb,none,fixed,36,14,0,0.06326870620250702,4096
neural_eb,neural_bidir_seed0_eb,fixed,36,14,0,0.05276967212557793,4096
neural_eb,neural_bidir_seed1_eb,fixed,36,14,0,0.05476613715291023,4096
neural_eb,neural_bidir_seed2_eb,fixed,36,14,0,0.04576105624437332,4096
neural_eb,neural_bidir_seed3_eb,fixed,36,14,0,0.04324798285961151,4096
neural_eb,neural_bidir_seed4_eb,fixed,36,14,0,0.046863239258527756,4096
dfe,none,fixed,40,14,0,0.07888023555278778,0
neural_eb,neural_bidir_seed0_eb,fixed,40,14,0,0.05060051381587982,4096
neural_eb,neural_bidir_seed1_eb,fixed,40,14,0,0.052541375160217285,4096
neural_eb,neural_bidir_seed2_eb,fixed,40,14,0,0.04408882558345795,4096
neural_eb,neural_bidir_seed3_eb,fixed,40,14,0,0.04181438684463501,4096
neural_eb,neural_bidir_seed4_eb,fixed,40,14,0,0.0454232320189476,4096
summary_ridge_eb,none,fixed,44,14,0,0.04109680652618408,4096
dfe,none,fixed,48,14,0,0.07447228580713272,0
constant_mean_eb,none,fixed,48,14,0,0.057653944939374924,4096
dfe,none,fixed,52,14,0,0.07047784328460693,0
neural_eb,neural_bidir_seed0_eb,fixed,52,14,0,0.047763366252183914,4096
neural_eb,neural_bidir_seed1_eb,fixed,52,14,0,0.049361322075128555,4096
neural_eb,neural_bidir_seed2_eb,fixed,52,14,0,0.04238003492355347,4096
neural_eb,neural_bidir_seed3_eb,fixed,52,14,0,0.04043181240558624,4096
neural_eb,neural_bidir_seed4_eb,fixed,52,14,0,0.04346831142902374,4096
dfe,none,fixed,60,14,0,0.06347373127937317,0
constant_mean_eb,none,fixed,60,14,0,0.05236216261982918,4096
constant_mean_eb,none,fixed,64,14,0,0.051730476319789886,4096
dfe,none,fixed,72,14,0,0.05916231498122215,0
constant_mean_eb,none,fixed,76,14,0,0.049067139625549316,4096
neural_eb,neural_bidir_seed0_eb,fixed,76,14,0,0.04308044910430908,4096
neural_eb,neural_bidir_seed1_eb,fixed,76,14,0,0.044289737939834595,4096
neural_eb,neural_bidir_seed2_eb,fixed,76,14,0,0.03890037536621094,4096
neural_eb,neural_bidir_seed3_eb,fixed,76,14,0,0.03727026283740997,4096
neural_eb,neural_bidir_seed4_eb,fixed,76,14,0,0.039731644093990326,4096
summary_ridge_eb,none,fixed,80,14,0,0.03674551099538803,4096
dfe,none,fixed,84,14,0,0.05432737618684769,0
dfe,none,fixed,92,14,0,0.05338328331708908,0
dfe,none,fixed,128,14,0,0.044978417456150055,0
constant_mean_eb,none,fixed,128,14,0,0.03921889886260033,4096
neural_eb,neural_bidir_seed0_eb,fixed,128,14,0,0.03597079962491989,4096
neural_eb,neural_bidir_seed1_eb,fixed,128,14,0,0.03674805164337158,4096
neural_eb,neural_bidir_seed2_eb,fixed,128,14,0,0.03357229381799698,4096
neural_eb,neural_bidir_seed3_eb,fixed,128,14,0,0.03252444043755531,4096
neural_eb,neural_bidir_seed4_eb,fixed,128,14,0,0.03425154462456703,4096
dfe,none,fixed,192,14,0,0.036715295165777206,0
constant_mean_eb,none,fixed,192,14,0,0.03413371741771698,4096
summary_ridge_eb,none,fixed,192,14,0,0.02954913303256035,4096
neural_eb,neural_bidir_seed0_eb,fixed,192,14,0,0.032271407544612885,4096
neural_eb,neural_bidir_seed1_eb,fixed,192,14,0,0.03265529125928879,4096
neural_eb,neural_bidir_seed2_eb,fixed,192,14,0,0.03054892271757126,4096
neural_eb,neural_bidir_seed3_eb,fixed,192,14,0,0.02978479117155075,4096
neural_eb,neural_bidir_seed4_eb,fixed,192,14,0,0.030911041423678398,4096
dfe,none,fixed,256,14,0,0.031231682747602463,0
constant_mean_eb,none,fixed,256,14,0,0.02951016277074814,4096
summary_ridge_eb,none,fixed,256,14,0,0.026607804000377655,4096
neural_eb,neural_bidir_seed0_eb,fixed,256,14,0,0.02802538126707077,4096
neural_eb,neural_bidir_seed1_eb,fixed,256,14,0,0.028363486751914024,4096
neural_eb,neural_bidir_seed2_eb,fixed,256,14,0,0.026671307161450386,4096
neural_eb,neural_bidir_seed3_eb,fixed,256,14,0,0.02608947642147541,4096
neural_eb,neural_bidir_seed4_eb,fixed,256,14,0,0.02702842280268669,4096
summary_ridge_eb,none,pilot,3,14,0,0.04684766009449959,4096
neural_eb,neural_bidir_seed0_eb,pilot,3,14,0,0.06708608567714691,4096
neural_eb,neural_bidir_seed1_eb,pilot,3,14,0,0.07202892750501633,4096
neural_eb,neural_bidir_seed2_eb,pilot,3,14,0,0.05283227562904358,4096
neural_eb,neural_bidir_seed3_eb,pilot,3,14,0,0.04893845319747925,4096
neural_eb,neural_bidir_seed4_eb,pilot,3,14,0,0.05472594499588013,4096
constant_mean_prior,none,none,0,14,1,0.10519597679376602,4096
constant_median_prior,none,none,0,14,1,0.10836564004421234,4096
summary_ridge_prior,none,none,0,14,1,0.05082417279481888,4096
product_affine_prior,none,none,0,14,1,0.05563807487487793,4096
exact_marginal_affine_prior,none,none,0,14,1,0.059786487370729446,4096
neural_prior,neural_bidir_seed0_prior,none,0,14,1,0.06676682829856873,4096
neural_prior,neural_bidir_seed1_prior,none,0,14,1,0.07165712118148804,4096
neural_prior,neural_bidir_seed2_prior,none,0,14,1,0.05273217335343361,4096
neural_prior,neural_bidir_seed3_prior,none,0,14,1,0.04960019141435623,4096
neural_prior,neural_bidir_seed4_prior,none,0,14,1,0.055015213787555695,4096
neural_eb,neural_bidir_seed0_eb,fixed,4,14,1,0.06413405388593674,4096
neural_eb,neural_bidir_seed1_eb,fixed,4,14,1,0.06813185662031174,4096
neural_eb,neural_bidir_seed2_eb,fixed,4,14,1,0.05190982669591904,4096
neural_eb,neural_bidir_seed3_eb,fixed,4,14,1,0.04930046945810318,4096
neural_eb,neural_bidir_seed4_eb,fixed,4,14,1,0.05419321358203888,4096
constant_mean_eb,none,fixed,20,14,1,0.07683143019676208,4096
constant_mean_eb,none,fixed,24,14,1,0.07088561356067657,4096
summary_ridge_eb,none,fixed,24,14,1,0.05134992673993111,4096
neural_eb,neural_bidir_seed0_eb,fixed,24,14,1,0.05792458355426788,4096
neural_eb,neural_bidir_seed1_eb,fixed,24,14,1,0.060114409774541855,4096
neural_eb,neural_bidir_seed2_eb,fixed,24,14,1,0.051101863384246826,4096
neural_eb,neural_bidir_seed3_eb,fixed,24,14,1,0.0495399534702301,4096
neural_eb,neural_bidir_seed4_eb,fixed,24,14,1,0.05241964012384415,4096
constant_mean_eb,none,fixed,32,14,1,0.06618265062570572,4096
constant_mean_eb,none,fixed,36,14,1,0.06286333501338959,4096
neural_eb,neural_bidir_seed0_eb,fixed,36,14,1,0.05331201106309891,4096
neural_eb,neural_bidir_seed1_eb,fixed,36,14,1,0.05515151470899582,4096
neural_eb,neural_bidir_seed2_eb,fixed,36,14,1,0.048012878745794296,4096
neural_eb,neural_bidir_seed3_eb,fixed,36,14,1,0.04670049250125885,4096
neural_eb,neural_bidir_seed4_eb,fixed,36,14,1,0.049166686832904816,4096
dfe,none,fixed,40,14,1,0.07936644554138184,0
neural_eb,neural_bidir_seed0_eb,fixed,40,14,1,0.052184171974658966,4096
neural_eb,neural_bidir_seed1_eb,fixed,40,14,1,0.05379867926239967,4096
neural_eb,neural_bidir_seed2_eb,fixed,40,14,1,0.04746462404727936,4096
neural_eb,neural_bidir_seed3_eb,fixed,40,14,1,0.046163469552993774,4096
neural_eb,neural_bidir_seed4_eb,fixed,40,14,1,0.04851602017879486,4096
summary_ridge_eb,none,fixed,44,14,1,0.04543856531381607,4096
dfe,none,fixed,48,14,1,0.07119143009185791,0
constant_mean_eb,none,fixed,48,14,1,0.05676237493753433,4096
dfe,none,fixed,52,14,1,0.06938980519771576,0
neural_eb,neural_bidir_seed0_eb,fixed,52,14,1,0.049583371728658676,4096
neural_eb,neural_bidir_seed1_eb,fixed,52,14,1,0.051046185195446014,4096
neural_eb,neural_bidir_seed2_eb,fixed,52,14,1,0.04507860168814659,4096
neural_eb,neural_bidir_seed3_eb,fixed,52,14,1,0.043937865644693375,4096
neural_eb,neural_bidir_seed4_eb,fixed,52,14,1,0.04593944549560547,4096
dfe,none,fixed,60,14,1,0.06455300003290176,0
constant_mean_eb,none,fixed,60,14,1,0.05385500565171242,4096
constant_mean_eb,none,fixed,64,14,1,0.05133728310465813,4096
dfe,none,fixed,72,14,1,0.05935521423816681,0
constant_mean_eb,none,fixed,76,14,1,0.049521125853061676,4096
neural_eb,neural_bidir_seed0_eb,fixed,76,14,1,0.04449019208550453,4096
neural_eb,neural_bidir_seed1_eb,fixed,76,14,1,0.045408546924591064,4096
neural_eb,neural_bidir_seed2_eb,fixed,76,14,1,0.04158983379602432,4096
neural_eb,neural_bidir_seed3_eb,fixed,76,14,1,0.04096685349941254,4096
neural_eb,neural_bidir_seed4_eb,fixed,76,14,1,0.042392171919345856,4096
summary_ridge_eb,none,fixed,80,14,1,0.04034343361854553,4096
dfe,none,fixed,84,14,1,0.05512647330760956,0
dfe,none,fixed,92,14,1,0.05300502851605415,0
dfe,none,fixed,128,14,1,0.043620191514492035,0
constant_mean_eb,none,fixed,128,14,1,0.039244577288627625,4096
neural_eb,neural_bidir_seed0_eb,fixed,128,14,1,0.036534443497657776,4096
neural_eb,neural_bidir_seed1_eb,fixed,128,14,1,0.03715033084154129,4096
neural_eb,neural_bidir_seed2_eb,fixed,128,14,1,0.03486495465040207,4096
neural_eb,neural_bidir_seed3_eb,fixed,128,14,1,0.0344177782535553,4096
neural_eb,neural_bidir_seed4_eb,fixed,128,14,1,0.03525201976299286,4096
dfe,none,fixed,192,14,1,0.03598548471927643,0
constant_mean_eb,none,fixed,192,14,1,0.03336896002292633,4096
summary_ridge_eb,none,fixed,192,14,1,0.030493270605802536,4096
neural_eb,neural_bidir_seed0_eb,fixed,192,14,1,0.03165268525481224,4096
neural_eb,neural_bidir_seed1_eb,fixed,192,14,1,0.032082635909318924,4096
neural_eb,neural_bidir_seed2_eb,fixed,192,14,1,0.03060104325413704,4096
neural_eb,neural_bidir_seed3_eb,fixed,192,14,1,0.030293498188257217,4096
neural_eb,neural_bidir_seed4_eb,fixed,192,14,1,0.030923210084438324,4096
dfe,none,fixed,256,14,1,0.03167923912405968,0
constant_mean_eb,none,fixed,256,14,1,0.030140355229377747,4096
summary_ridge_eb,none,fixed,256,14,1,0.028070390224456787,4096
neural_eb,neural_bidir_seed0_eb,fixed,256,14,1,0.02887580543756485,4096
neural_eb,neural_bidir_seed1_eb,fixed,256,14,1,0.029164373874664307,4096
neural_eb,neural_bidir_seed2_eb,fixed,256,14,1,0.028028493747115135,4096
neural_eb,neural_bidir_seed3_eb,fixed,256,14,1,0.02778559736907482,4096
neural_eb,neural_bidir_seed4_eb,fixed,256,14,1,0.028262197971343994,4096
summary_ridge_eb,none,pilot,3,14,1,0.050324514508247375,4096
neural_eb,neural_bidir_seed0_eb,pilot,3,14,1,0.06492851674556732,4096
neural_eb,neural_bidir_seed1_eb,pilot,3,14,1,0.06932838261127472,4096
neural_eb,neural_bidir_seed2_eb,pilot,3,14,1,0.05188271030783653,4096
neural_eb,neural_bidir_seed3_eb,pilot,3,14,1,0.04893670976161957,4096
neural_eb,neural_bidir_seed4_eb,pilot,3,14,1,0.05409533903002739,4096
constant_mean_prior,none,none,0,14,2,0.10459353774785995,4096
constant_median_prior,none,none,0,14,2,0.10441268980503082,4096
summary_ridge_prior,none,none,0,14,2,0.046455107629299164,4096
product_affine_prior,none,none,0,14,2,0.05281510949134827,4096
exact_marginal_affine_prior,none,none,0,14,2,0.05756059288978577,4096
neural_prior,neural_bidir_seed0_prior,none,0,14,2,0.06672452390193939,4096
neural_prior,neural_bidir_seed1_prior,none,0,14,2,0.07222825288772583,4096
neural_prior,neural_bidir_seed2_prior,none,0,14,2,0.05218985304236412,4096
neural_prior,neural_bidir_seed3_prior,none,0,14,2,0.048362407833337784,4096
neural_prior,neural_bidir_seed4_prior,none,0,14,2,0.054424405097961426,4096
neural_eb,neural_bidir_seed0_eb,fixed,4,14,2,0.06423268467187881,4096
neural_eb,neural_bidir_seed1_eb,fixed,4,14,2,0.06899330019950867,4096
neural_eb,neural_bidir_seed2_eb,fixed,4,14,2,0.05104036629199982,4096
neural_eb,neural_bidir_seed3_eb,fixed,4,14,2,0.04751534014940262,4096
neural_eb,neural_bidir_seed4_eb,fixed,4,14,2,0.05315875634551048,4096
constant_mean_eb,none,fixed,20,14,2,0.07570146024227142,4096
constant_mean_eb,none,fixed,24,14,2,0.0710105448961258,4096
summary_ridge_eb,none,fixed,24,14,2,0.04547140747308731,4096
neural_eb,neural_bidir_seed0_eb,fixed,24,14,2,0.056496743112802505,4096
neural_eb,neural_bidir_seed1_eb,fixed,24,14,2,0.05912185460329056,4096
neural_eb,neural_bidir_seed2_eb,fixed,24,14,2,0.04816492646932602,4096
neural_eb,neural_bidir_seed3_eb,fixed,24,14,2,0.045553985983133316,4096
neural_eb,neural_bidir_seed4_eb,fixed,24,14,2,0.0497453473508358,4096
constant_mean_eb,none,fixed,32,14,2,0.06512586027383804,4096
constant_mean_eb,none,fixed,36,14,2,0.06382584571838379,4096
neural_eb,neural_bidir_seed0_eb,fixed,36,14,2,0.052881915122270584,4096
neural_eb,neural_bidir_seed1_eb,fixed,36,14,2,0.05522281676530838,4096
neural_eb,neural_bidir_seed2_eb,fixed,36,14,2,0.04621961712837219,4096
neural_eb,neural_bidir_seed3_eb,fixed,36,14,2,0.043986231088638306,4096
neural_eb,neural_bidir_seed4_eb,fixed,36,14,2,0.047950778156518936,4096
dfe,none,fixed,40,14,2,0.07872390747070312,0
neural_eb,neural_bidir_seed0_eb,fixed,40,14,2,0.04997386038303375,4096
neural_eb,neural_bidir_seed1_eb,fixed,40,14,2,0.05216693878173828,4096
neural_eb,neural_bidir_seed2_eb,fixed,40,14,2,0.04376187175512314,4096
neural_eb,neural_bidir_seed3_eb,fixed,40,14,2,0.04169026389718056,4096
neural_eb,neural_bidir_seed4_eb,fixed,40,14,2,0.04530353844165802,4096
summary_ridge_eb,none,fixed,44,14,2,0.040889203548431396,4096
dfe,none,fixed,48,14,2,0.07216674089431763,0
constant_mean_eb,none,fixed,48,14,2,0.057198844850063324,4096
dfe,none,fixed,52,14,2,0.06818373501300812,0
neural_eb,neural_bidir_seed0_eb,fixed,52,14,2,0.04789014160633087,4096
neural_eb,neural_bidir_seed1_eb,fixed,52,14,2,0.049439139664173126,4096
neural_eb,neural_bidir_seed2_eb,fixed,52,14,2,0.04243886098265648,4096
neural_eb,neural_bidir_seed3_eb,fixed,52,14,2,0.040544360876083374,4096
neural_eb,neural_bidir_seed4_eb,fixed,52,14,2,0.043662041425704956,4096
dfe,none,fixed,60,14,2,0.06489674746990204,0
constant_mean_eb,none,fixed,60,14,2,0.05284465104341507,4096
constant_mean_eb,none,fixed,64,14,2,0.051660649478435516,4096
dfe,none,fixed,72,14,2,0.05913747102022171,0
constant_mean_eb,none,fixed,76,14,2,0.04979144409298897,4096
neural_eb,neural_bidir_seed0_eb,fixed,76,14,2,0.04397103190422058,4096
neural_eb,neural_bidir_seed1_eb,fixed,76,14,2,0.04543694108724594,4096
neural_eb,neural_bidir_seed2_eb,fixed,76,14,2,0.03972441703081131,4096
neural_eb,neural_bidir_seed3_eb,fixed,76,14,2,0.03816227614879608,4096
neural_eb,neural_bidir_seed4_eb,fixed,76,14,2,0.04088351130485535,4096
summary_ridge_eb,none,fixed,80,14,2,0.037325698882341385,4096
dfe,none,fixed,84,14,2,0.0549691766500473,0
dfe,none,fixed,92,14,2,0.05256347358226776,0
dfe,none,fixed,128,14,2,0.04436691850423813,0
constant_mean_eb,none,fixed,128,14,2,0.039840102195739746,4096
neural_eb,neural_bidir_seed0_eb,fixed,128,14,2,0.036219723522663116,4096
neural_eb,neural_bidir_seed1_eb,fixed,128,14,2,0.036885809153318405,4096
neural_eb,neural_bidir_seed2_eb,fixed,128,14,2,0.03382302075624466,4096
neural_eb,neural_bidir_seed3_eb,fixed,128,14,2,0.032933298498392105,4096
neural_eb,neural_bidir_seed4_eb,fixed,128,14,2,0.0345139242708683,4096
dfe,none,fixed,192,14,2,0.03520842641592026,0
constant_mean_eb,none,fixed,192,14,2,0.03261418640613556,4096
summary_ridge_eb,none,fixed,192,14,2,0.02848551794886589,4096
neural_eb,neural_bidir_seed0_eb,fixed,192,14,2,0.03044240176677704,4096
neural_eb,neural_bidir_seed1_eb,fixed,192,14,2,0.03099134936928749,4096
neural_eb,neural_bidir_seed2_eb,fixed,192,14,2,0.02904023975133896,4096
neural_eb,neural_bidir_seed3_eb,fixed,192,14,2,0.028418347239494324,4096
neural_eb,neural_bidir_seed4_eb,fixed,192,14,2,0.02949478104710579,4096
dfe,none,fixed,256,14,2,0.030363868921995163,0
constant_mean_eb,none,fixed,256,14,2,0.028808657079935074,4096
summary_ridge_eb,none,fixed,256,14,2,0.025951702147722244,4096
neural_eb,neural_bidir_seed0_eb,fixed,256,14,2,0.027429649606347084,4096
neural_eb,neural_bidir_seed1_eb,fixed,256,14,2,0.027745133265852928,4096
neural_eb,neural_bidir_seed2_eb,fixed,256,14,2,0.026241621002554893,4096
neural_eb,neural_bidir_seed3_eb,fixed,256,14,2,0.025757301598787308,4096
neural_eb,neural_bidir_seed4_eb,fixed,256,14,2,0.026501918211579323,4096
summary_ridge_eb,none,pilot,3,14,2,0.04600366950035095,4096
neural_eb,neural_bidir_seed0_eb,pilot,3,14,2,0.06484466791152954,4096
neural_eb,neural_bidir_seed1_eb,pilot,3,14,2,0.06986399739980698,4096
neural_eb,neural_bidir_seed2_eb,pilot,3,14,2,0.051242195069789886,4096
neural_eb,neural_bidir_seed3_eb,pilot,3,14,2,0.04754011332988739,4096
neural_eb,neural_bidir_seed4_eb,pilot,3,14,2,0.053315553814172745,4096
constant_mean_prior,none,none,0,14,3,0.10706749558448792,4096
constant_median_prior,none,none,0,14,3,0.1035459041595459,4096
summary_ridge_prior,none,none,0,14,3,0.05315514653921127,4096
product_affine_prior,none,none,0,14,3,0.058111730962991714,4096
exact_marginal_affine_prior,none,none,0,14,3,0.062121909111738205,4096
neural_prior,neural_bidir_seed0_prior,none,0,14,3,0.06847825646400452,4096
neural_prior,neural_bidir_seed1_prior,none,0,14,3,0.07243497669696808,4096
neural_prior,neural_bidir_seed2_prior,none,0,14,3,0.055018939077854156,4096
neural_prior,neural_bidir_seed3_prior,none,0,14,3,0.052472472190856934,4096
neural_prior,neural_bidir_seed4_prior,none,0,14,3,0.057599812746047974,4096
neural_eb,neural_bidir_seed0_eb,fixed,4,14,3,0.06694023311138153,4096
neural_eb,neural_bidir_seed1_eb,fixed,4,14,3,0.07061788439750671,4096
neural_eb,neural_bidir_seed2_eb,fixed,4,14,3,0.05422012507915497,4096
neural_eb,neural_bidir_seed3_eb,fixed,4,14,3,0.05181258171796799,4096
neural_eb,neural_bidir_seed4_eb,fixed,4,14,3,0.05659010261297226,4096
constant_mean_eb,none,fixed,20,14,3,0.08160136640071869,4096
constant_mean_eb,none,fixed,24,14,3,0.07681718468666077,4096
summary_ridge_eb,none,fixed,24,14,3,0.05090084671974182,4096
neural_eb,neural_bidir_seed0_eb,fixed,24,14,3,0.05880184471607208,4096
neural_eb,neural_bidir_seed1_eb,fixed,24,14,3,0.060882460325956345,4096
neural_eb,neural_bidir_seed2_eb,fixed,24,14,3,0.05068621039390564,4096
neural_eb,neural_bidir_seed3_eb,fixed,24,14,3,0.04892506077885628,4096
neural_eb,neural_bidir_seed4_eb,fixed,24,14,3,0.05230556055903435,4096
constant_mean_eb,none,fixed,32,14,3,0.07064151018857956,4096
constant_mean_eb,none,fixed,36,14,3,0.06747675687074661,4096
neural_eb,neural_bidir_seed0_eb,fixed,36,14,3,0.05383731424808502,4096
neural_eb,neural_bidir_seed1_eb,fixed,36,14,3,0.055510979145765305,4096
neural_eb,neural_bidir_seed2_eb,fixed,36,14,3,0.04719647765159607,4096
neural_eb,neural_bidir_seed3_eb,fixed,36,14,3,0.04571819305419922,4096
neural_eb,neural_bidir_seed4_eb,fixed,36,14,3,0.048586226999759674,4096
dfe,none,fixed,40,14,3,0.07999534159898758,0
neural_eb,neural_bidir_seed0_eb,fixed,40,14,3,0.052590157836675644,4096
neural_eb,neural_bidir_seed1_eb,fixed,40,14,3,0.05403962358832359,4096
neural_eb,neural_bidir_seed2_eb,fixed,40,14,3,0.046251196414232254,4096
neural_eb,neural_bidir_seed3_eb,fixed,40,14,3,0.04484283924102783,4096
neural_eb,neural_bidir_seed4_eb,fixed,40,14,3,0.047620922327041626,4096
summary_ridge_eb,none,fixed,44,14,3,0.04624120146036148,4096
dfe,none,fixed,48,14,3,0.0722975879907608,0
constant_mean_eb,none,fixed,48,14,3,0.06089941784739494,4096
dfe,none,fixed,52,14,3,0.06987621635198593,0
neural_eb,neural_bidir_seed0_eb,fixed,52,14,3,0.04906333237886429,4096
neural_eb,neural_bidir_seed1_eb,fixed,52,14,3,0.050311312079429626,4096
neural_eb,neural_bidir_seed2_eb,fixed,52,14,3,0.04385436698794365,4096
neural_eb,neural_bidir_seed3_eb,fixed,52,14,3,0.042696379125118256,4096
neural_eb,neural_bidir_seed4_eb,fixed,52,14,3,0.04484967514872551,4096
dfe,none,fixed,60,14,3,0.06506440043449402,0
constant_mean_eb,none,fixed,60,14,3,0.05598076060414314,4096
constant_mean_eb,none,fixed,64,14,3,0.05484480783343315,4096
dfe,none,fixed,72,14,3,0.058392517268657684,0
constant_mean_eb,none,fixed,76,14,3,0.05219671130180359,4096
neural_eb,neural_bidir_seed0_eb,fixed,76,14,3,0.04540882259607315,4096
neural_eb,neural_bidir_seed1_eb,fixed,76,14,3,0.046216413378715515,4096
neural_eb,neural_bidir_seed2_eb,fixed,76,14,3,0.041241392493247986,4096
neural_eb,neural_bidir_seed3_eb,fixed,76,14,3,0.040232107043266296,4096
neural_eb,neural_bidir_seed4_eb,fixed,76,14,3,0.041910748928785324,4096
summary_ridge_eb,none,fixed,80,14,3,0.042383402585983276,4096
dfe,none,fixed,84,14,3,0.0535411462187767,0
dfe,none,fixed,92,14,3,0.051482465118169785,0
dfe,none,fixed,128,14,3,0.04479800909757614,0
constant_mean_eb,none,fixed,128,14,3,0.041530791670084,4096
neural_eb,neural_bidir_seed0_eb,fixed,128,14,3,0.03742853179574013,4096
neural_eb,neural_bidir_seed1_eb,fixed,128,14,3,0.037948813289403915,4096
neural_eb,neural_bidir_seed2_eb,fixed,128,14,3,0.0350881889462471,4096
neural_eb,neural_bidir_seed3_eb,fixed,128,14,3,0.03453909978270531,4096
neural_eb,neural_bidir_seed4_eb,fixed,128,14,3,0.035482749342918396,4096
dfe,none,fixed,192,14,3,0.03571620583534241,0
constant_mean_eb,none,fixed,192,14,3,0.034147344529628754,4096
summary_ridge_eb,none,fixed,192,14,3,0.03328098729252815,4096
neural_eb,neural_bidir_seed0_eb,fixed,192,14,3,0.03207077085971832,4096
neural_eb,neural_bidir_seed1_eb,fixed,192,14,3,0.03234972804784775,4096
neural_eb,neural_bidir_seed2_eb,fixed,192,14,3,0.030779816210269928,4096
neural_eb,neural_bidir_seed3_eb,fixed,192,14,3,0.030431613326072693,4096
neural_eb,neural_bidir_seed4_eb,fixed,192,14,3,0.030881159007549286,4096
dfe,none,fixed,256,14,3,0.03125233203172684,0
constant_mean_eb,none,fixed,256,14,3,0.029876992106437683,4096
summary_ridge_eb,none,fixed,256,14,3,0.030345456674695015,4096
neural_eb,neural_bidir_seed0_eb,fixed,256,14,3,0.02843472920358181,4096
neural_eb,neural_bidir_seed1_eb,fixed,256,14,3,0.028572000563144684,4096
neural_eb,neural_bidir_seed2_eb,fixed,256,14,3,0.02756573259830475,4096
neural_eb,neural_bidir_seed3_eb,fixed,256,14,3,0.027348268777132034,4096
neural_eb,neural_bidir_seed4_eb,fixed,256,14,3,0.027631796896457672,4096
summary_ridge_eb,none,pilot,3,14,3,0.052720651030540466,4096
neural_eb,neural_bidir_seed0_eb,pilot,3,14,3,0.0672939270734787,4096
neural_eb,neural_bidir_seed1_eb,pilot,3,14,3,0.07102341949939728,4096
neural_eb,neural_bidir_seed2_eb,pilot,3,14,3,0.05439624562859535,4096
neural_eb,neural_bidir_seed3_eb,pilot,3,14,3,0.05198032408952713,4096
neural_eb,neural_bidir_seed4_eb,pilot,3,14,3,0.05689621716737747,4096
constant_mean_prior,none,none,0,14,4,0.10286611318588257,4096
constant_median_prior,none,none,0,14,4,0.10283583402633667,4096
summary_ridge_prior,none,none,0,14,4,0.04838908836245537,4096
product_affine_prior,none,none,0,14,4,0.05550842359662056,4096
exact_marginal_affine_prior,none,none,0,14,4,0.0598779171705246,4096
neural_prior,neural_bidir_seed0_prior,none,0,14,4,0.07062049955129623,4096
neural_prior,neural_bidir_seed1_prior,none,0,14,4,0.07724013924598694,4096
neural_prior,neural_bidir_seed2_prior,none,0,14,4,0.05640845745801926,4096
neural_prior,neural_bidir_seed3_prior,none,0,14,4,0.052116990089416504,4096
neural_prior,neural_bidir_seed4_prior,none,0,14,4,0.05859445407986641,4096
neural_eb,neural_bidir_seed0_eb,fixed,4,14,4,0.0683307945728302,4096
neural_eb,neural_bidir_seed1_eb,fixed,4,14,4,0.07412917166948318,4096
neural_eb,neural_bidir_seed2_eb,fixed,4,14,4,0.05536535382270813,4096
neural_eb,neural_bidir_seed3_eb,fixed,4,14,4,0.0512683168053627,4096
neural_eb,neural_bidir_seed4_eb,fixed,4,14,4,0.057301364839076996,4096
constant_mean_eb,none,fixed,20,14,4,0.07586538791656494,4096
constant_mean_eb,none,fixed,24,14,4,0.07031628489494324,4096
summary_ridge_eb,none,fixed,24,14,4,0.047962501645088196,4096
neural_eb,neural_bidir_seed0_eb,fixed,24,14,4,0.05896402895450592,4096
neural_eb,neural_bidir_seed1_eb,fixed,24,14,4,0.06249527633190155,4096
neural_eb,neural_bidir_seed2_eb,fixed,24,14,4,0.0511297732591629,4096
neural_eb,neural_bidir_seed3_eb,fixed,24,14,4,0.047969698905944824,4096
neural_eb,neural_bidir_seed4_eb,fixed,24,14,4,0.052528269588947296,4096
constant_mean_eb,none,fixed,32,14,4,0.06642979383468628,4096
constant_mean_eb,none,fixed,36,14,4,0.06176576018333435,4096
neural_eb,neural_bidir_seed0_eb,fixed,36,14,4,0.05360473692417145,4096
neural_eb,neural_bidir_seed1_eb,fixed,36,14,4,0.05629097670316696,4096
neural_eb,neural_bidir_seed2_eb,fixed,36,14,4,0.047494322061538696,4096
neural_eb,neural_bidir_seed3_eb,fixed,36,14,4,0.044727519154548645,4096
neural_eb,neural_bidir_seed4_eb,fixed,36,14,4,0.04825904220342636,4096
dfe,none,fixed,40,14,4,0.08069626986980438,0
neural_eb,neural_bidir_seed0_eb,fixed,40,14,4,0.05376971513032913,4096
neural_eb,neural_bidir_seed1_eb,fixed,40,14,4,0.05642054229974747,4096
neural_eb,neural_bidir_seed2_eb,fixed,40,14,4,0.04726988822221756,4096
neural_eb,neural_bidir_seed3_eb,fixed,40,14,4,0.044443223625421524,4096
neural_eb,neural_bidir_seed4_eb,fixed,40,14,4,0.04827096313238144,4096
summary_ridge_eb,none,fixed,44,14,4,0.04332747310400009,4096
dfe,none,fixed,48,14,4,0.0724387913942337,0
constant_mean_eb,none,fixed,48,14,4,0.05702454596757889,4096
dfe,none,fixed,52,14,4,0.06915722787380219,0
neural_eb,neural_bidir_seed0_eb,fixed,52,14,4,0.04945795610547066,4096
neural_eb,neural_bidir_seed1_eb,fixed,52,14,4,0.05165041983127594,4096
neural_eb,neural_bidir_seed2_eb,fixed,52,14,4,0.04455753415822983,4096
neural_eb,neural_bidir_seed3_eb,fixed,52,14,4,0.04200156033039093,4096
neural_eb,neural_bidir_seed4_eb,fixed,52,14,4,0.045579828321933746,4096
dfe,none,fixed,60,14,4,0.06484589725732803,0
constant_mean_eb,none,fixed,60,14,4,0.052866097539663315,4096
constant_mean_eb,none,fixed,64,14,4,0.052446912974119186,4096
dfe,none,fixed,72,14,4,0.05956937000155449,0
constant_mean_eb,none,fixed,76,14,4,0.047865770757198334,4096
neural_eb,neural_bidir_seed0_eb,fixed,76,14,4,0.043601810932159424,4096
neural_eb,neural_bidir_seed1_eb,fixed,76,14,4,0.045093148946762085,4096
neural_eb,neural_bidir_seed2_eb,fixed,76,14,4,0.04050725698471069,4096
neural_eb,neural_bidir_seed3_eb,fixed,76,14,4,0.03859997168183327,4096
neural_eb,neural_bidir_seed4_eb,fixed,76,14,4,0.04100363329052925,4096
summary_ridge_eb,none,fixed,80,14,4,0.03790583461523056,4096
dfe,none,fixed,84,14,4,0.0559447780251503,0
dfe,none,fixed,92,14,4,0.05261314660310745,0
dfe,none,fixed,128,14,4,0.044043704867362976,0
constant_mean_eb,none,fixed,128,14,4,0.03975796699523926,4096
neural_eb,neural_bidir_seed0_eb,fixed,128,14,4,0.03753897547721863,4096
neural_eb,neural_bidir_seed1_eb,fixed,128,14,4,0.038432858884334564,4096
neural_eb,neural_bidir_seed2_eb,fixed,128,14,4,0.03534886986017227,4096
neural_eb,neural_bidir_seed3_eb,fixed,128,14,4,0.03380788490176201,4096
neural_eb,neural_bidir_seed4_eb,fixed,128,14,4,0.035492077469825745,4096
dfe,none,fixed,192,14,4,0.03626222908496857,0
constant_mean_eb,none,fixed,192,14,4,0.0336945615708828,4096
summary_ridge_eb,none,fixed,192,14,4,0.02985784038901329,4096
neural_eb,neural_bidir_seed0_eb,fixed,192,14,4,0.03208385035395622,4096
neural_eb,neural_bidir_seed1_eb,fixed,192,14,4,0.03265959769487381,4096
neural_eb,neural_bidir_seed2_eb,fixed,192,14,4,0.03056790865957737,4096
neural_eb,neural_bidir_seed3_eb,fixed,192,14,4,0.02950412780046463,4096
neural_eb,neural_bidir_seed4_eb,fixed,192,14,4,0.030642539262771606,4096
dfe,none,fixed,256,14,4,0.031016144901514053,0
constant_mean_eb,none,fixed,256,14,4,0.02903025411069393,4096
summary_ridge_eb,none,fixed,256,14,4,0.026603329926729202,4096
neural_eb,neural_bidir_seed0_eb,fixed,256,14,4,0.02809378318488598,4096
neural_eb,neural_bidir_seed1_eb,fixed,256,14,4,0.0283840112388134,4096
neural_eb,neural_bidir_seed2_eb,fixed,256,14,4,0.02742309309542179,4096
neural_eb,neural_bidir_seed3_eb,fixed,256,14,4,0.026712846010923386,4096
neural_eb,neural_bidir_seed4_eb,fixed,256,14,4,0.027387460693717003,4096
summary_ridge_eb,none,pilot,3,14,4,0.04783203825354576,4096
neural_eb,neural_bidir_seed0_eb,pilot,3,14,4,0.06867361068725586,4096
neural_eb,neural_bidir_seed1_eb,pilot,3,14,4,0.07457047700881958,4096
neural_eb,neural_bidir_seed2_eb,pilot,3,14,4,0.055482544004917145,4096
neural_eb,neural_bidir_seed3_eb,pilot,3,14,4,0.05128328874707222,4096
neural_eb,neural_bidir_seed4_eb,pilot,3,14,4,0.05736378952860832,4096
constant_mean_prior,none,none,0,15,0,0.10488183796405792,4096
constant_median_prior,none,none,0,15,0,0.1030789315700531,4096
summary_ridge_prior,none,none,0,15,0,0.05784192681312561,4096
product_affine_prior,none,none,0,15,0,0.05083301290869713,4096
exact_marginal_affine_prior,none,none,0,15,0,0.05560895800590515,4096
neural_prior,neural_bidir_seed0_prior,none,0,15,0,0.07517434656620026,4096
neural_prior,neural_bidir_seed1_prior,none,0,15,0,0.08051493018865585,4096
neural_prior,neural_bidir_seed2_prior,none,0,15,0,0.0579279288649559,4096
neural_prior,neural_bidir_seed3_prior,none,0,15,0,0.05275796726346016,4096
neural_prior,neural_bidir_seed4_prior,none,0,15,0,0.05871054530143738,4096
neural_eb,neural_bidir_seed0_eb,fixed,4,15,0,0.07265051454305649,4096
neural_eb,neural_bidir_seed1_eb,fixed,4,15,0,0.0778171643614769,4096
neural_eb,neural_bidir_seed2_eb,fixed,4,15,0,0.05672293156385422,4096
neural_eb,neural_bidir_seed3_eb,fixed,4,15,0,0.051794007420539856,4096
neural_eb,neural_bidir_seed4_eb,fixed,4,15,0,0.057451631873846054,4096
constant_mean_eb,none,fixed,20,15,0,0.0790410190820694,4096
constant_mean_eb,none,fixed,24,15,0,0.07326660305261612,4096
summary_ridge_eb,none,fixed,24,15,0,0.05371422320604324,4096
neural_eb,neural_bidir_seed0_eb,fixed,24,15,0,0.06402965635061264,4096
neural_eb,neural_bidir_seed1_eb,fixed,24,15,0,0.0670894980430603,4096
neural_eb,neural_bidir_seed2_eb,fixed,24,15,0,0.05344975367188454,4096
neural_eb,neural_bidir_seed3_eb,fixed,24,15,0,0.04955451935529709,4096
neural_eb,neural_bidir_seed4_eb,fixed,24,15,0,0.05389490723609924,4096
constant_mean_eb,none,fixed,32,15,0,0.06783808767795563,4096
constant_mean_eb,none,fixed,36,15,0,0.0644700825214386,4096
neural_eb,neural_bidir_seed0_eb,fixed,36,15,0,0.058277636766433716,4096
neural_eb,neural_bidir_seed1_eb,fixed,36,15,0,0.060984671115875244,4096
neural_eb,neural_bidir_seed2_eb,fixed,36,15,0,0.04931865632534027,4096
neural_eb,neural_bidir_seed3_eb,fixed,36,15,0,0.04574704170227051,4096
neural_eb,neural_bidir_seed4_eb,fixed,36,15,0,0.049798280000686646,4096
dfe,none,fixed,40,15,0,0.08024153113365173,0
neural_eb,neural_bidir_seed0_eb,fixed,40,15,0,0.05626441910862923,4096
neural_eb,neural_bidir_seed1_eb,fixed,40,15,0,0.05884046480059624,4096
neural_eb,neural_bidir_seed2_eb,fixed,40,15,0,0.04818432033061981,4096
neural_eb,neural_bidir_seed3_eb,fixed,40,15,0,0.044837843626737595,4096
neural_eb,neural_bidir_seed4_eb,fixed,40,15,0,0.048270631581544876,4096
summary_ridge_eb,none,fixed,44,15,0,0.04757842421531677,4096
dfe,none,fixed,48,15,0,0.0713227391242981,0
constant_mean_eb,none,fixed,48,15,0,0.057506196200847626,4096
dfe,none,fixed,52,15,0,0.07154738903045654,0
neural_eb,neural_bidir_seed0_eb,fixed,52,15,0,0.05260031670331955,4096
neural_eb,neural_bidir_seed1_eb,fixed,52,15,0,0.05473847687244415,4096
neural_eb,neural_bidir_seed2_eb,fixed,52,15,0,0.0462481826543808,4096
neural_eb,neural_bidir_seed3_eb,fixed,52,15,0,0.04345250874757767,4096
neural_eb,neural_bidir_seed4_eb,fixed,52,15,0,0.04681190475821495,4096
dfe,none,fixed,60,15,0,0.06624516099691391,0
constant_mean_eb,none,fixed,60,15,0,0.055387936532497406,4096
constant_mean_eb,none,fixed,64,15,0,0.05380737781524658,4096
dfe,none,fixed,72,15,0,0.05883130803704262,0
constant_mean_eb,none,fixed,76,15,0,0.05095403268933296,4096
neural_eb,neural_bidir_seed0_eb,fixed,76,15,0,0.04738499969244003,4096
neural_eb,neural_bidir_seed1_eb,fixed,76,15,0,0.04923919588327408,4096
neural_eb,neural_bidir_seed2_eb,fixed,76,15,0,0.042487576603889465,4096
neural_eb,neural_bidir_seed3_eb,fixed,76,15,0,0.04004546254873276,4096
neural_eb,neural_bidir_seed4_eb,fixed,76,15,0,0.04271369427442551,4096
summary_ridge_eb,none,fixed,80,15,0,0.04227025806903839,4096
dfe,none,fixed,84,15,0,0.05398210883140564,0
dfe,none,fixed,92,15,0,0.05204305425286293,0
dfe,none,fixed,128,15,0,0.04323705658316612,0
constant_mean_eb,none,fixed,128,15,0,0.039523083716630936,4096
neural_eb,neural_bidir_seed0_eb,fixed,128,15,0,0.03904594108462334,4096
neural_eb,neural_bidir_seed1_eb,fixed,128,15,0,0.04016924649477005,4096
neural_eb,neural_bidir_seed2_eb,fixed,128,15,0,0.036260198801755905,4096
neural_eb,neural_bidir_seed3_eb,fixed,128,15,0,0.03443867713212967,4096
neural_eb,neural_bidir_seed4_eb,fixed,128,15,0,0.03626159578561783,4096
dfe,none,fixed,192,15,0,0.03535475209355354,0
constant_mean_eb,none,fixed,192,15,0,0.03295396268367767,4096
summary_ridge_eb,none,fixed,192,15,0,0.03089466504752636,4096
neural_eb,neural_bidir_seed0_eb,fixed,192,15,0,0.032633572816848755,4096
neural_eb,neural_bidir_seed1_eb,fixed,192,15,0,0.03335130959749222,4096
neural_eb,neural_bidir_seed2_eb,fixed,192,15,0,0.031143181025981903,4096
neural_eb,neural_bidir_seed3_eb,fixed,192,15,0,0.029900366440415382,4096
neural_eb,neural_bidir_seed4_eb,fixed,192,15,0,0.031111061573028564,4096
dfe,none,fixed,256,15,0,0.03092096373438835,0
constant_mean_eb,none,fixed,256,15,0,0.029480816796422005,4096
summary_ridge_eb,none,fixed,256,15,0,0.028150642290711403,4096
neural_eb,neural_bidir_seed0_eb,fixed,256,15,0,0.028980066999793053,4096
neural_eb,neural_bidir_seed1_eb,fixed,256,15,0,0.02943643555045128,4096
neural_eb,neural_bidir_seed2_eb,fixed,256,15,0,0.028028570115566254,4096
neural_eb,neural_bidir_seed3_eb,fixed,256,15,0,0.027151120826601982,4096
neural_eb,neural_bidir_seed4_eb,fixed,256,15,0,0.027860797941684723,4096
summary_ridge_eb,none,pilot,3,15,0,0.056877702474594116,4096
neural_eb,neural_bidir_seed0_eb,pilot,3,15,0,0.0735064223408699,4096
neural_eb,neural_bidir_seed1_eb,pilot,3,15,0,0.07850989699363708,4096
neural_eb,neural_bidir_seed2_eb,pilot,3,15,0,0.05722285807132721,4096
neural_eb,neural_bidir_seed3_eb,pilot,3,15,0,0.05224139615893364,4096
neural_eb,neural_bidir_seed4_eb,pilot,3,15,0,0.05795992910861969,4096
constant_mean_prior,none,none,0,15,1,0.10794107615947723,4096
constant_median_prior,none,none,0,15,1,0.10487686097621918,4096
summary_ridge_prior,none,none,0,15,1,0.04619154334068298,4096
product_affine_prior,none,none,0,15,1,0.052360840141773224,4096
exact_marginal_affine_prior,none,none,0,15,1,0.05722992867231369,4096
neural_prior,neural_bidir_seed0_prior,none,0,15,1,0.06798257678747177,4096
neural_prior,neural_bidir_seed1_prior,none,0,15,1,0.07225555926561356,4096
neural_prior,neural_bidir_seed2_prior,none,0,15,1,0.05262574553489685,4096
neural_prior,neural_bidir_seed3_prior,none,0,15,1,0.04883027821779251,4096
neural_prior,neural_bidir_seed4_prior,none,0,15,1,0.05419747531414032,4096
neural_eb,neural_bidir_seed0_eb,fixed,4,15,1,0.0653911903500557,4096
neural_eb,neural_bidir_seed1_eb,fixed,4,15,1,0.06897073239088058,4096
neural_eb,neural_bidir_seed2_eb,fixed,4,15,1,0.05171988159418106,4096
neural_eb,neural_bidir_seed3_eb,fixed,4,15,1,0.048140086233615875,4096
neural_eb,neural_bidir_seed4_eb,fixed,4,15,1,0.05328056588768959,4096
constant_mean_eb,none,fixed,20,15,1,0.07868648320436478,4096
constant_mean_eb,none,fixed,24,15,1,0.07331709563732147,4096
summary_ridge_eb,none,fixed,24,15,1,0.046825721859931946,4096
neural_eb,neural_bidir_seed0_eb,fixed,24,15,1,0.05955900996923447,4096
neural_eb,neural_bidir_seed1_eb,fixed,24,15,1,0.06180037558078766,4096
neural_eb,neural_bidir_seed2_eb,fixed,24,15,1,0.050262171775102615,4096
neural_eb,neural_bidir_seed3_eb,fixed,24,15,1,0.04727943241596222,4096
neural_eb,neural_bidir_seed4_eb,fixed,24,15,1,0.051289647817611694,4096
constant_mean_eb,none,fixed,32,15,1,0.06748459488153458,4096
constant_mean_eb,none,fixed,36,15,1,0.06451450288295746,4096
neural_eb,neural_bidir_seed0_eb,fixed,36,15,1,0.0545707643032074,4096
neural_eb,neural_bidir_seed1_eb,fixed,36,15,1,0.05620773881673813,4096
neural_eb,neural_bidir_seed2_eb,fixed,36,15,1,0.04655257612466812,4096
neural_eb,neural_bidir_seed3_eb,fixed,36,15,1,0.04396463558077812,4096
neural_eb,neural_bidir_seed4_eb,fixed,36,15,1,0.0477762371301651,4096
dfe,none,fixed,40,15,1,0.07825042307376862,0
neural_eb,neural_bidir_seed0_eb,fixed,40,15,1,0.0521416999399662,4096
neural_eb,neural_bidir_seed1_eb,fixed,40,15,1,0.053753145039081573,4096
neural_eb,neural_bidir_seed2_eb,fixed,40,15,1,0.04515710473060608,4096
neural_eb,neural_bidir_seed3_eb,fixed,40,15,1,0.04274194687604904,4096
neural_eb,neural_bidir_seed4_eb,fixed,40,15,1,0.04619254544377327,4096
summary_ridge_eb,none,fixed,44,15,1,0.04285978898406029,4096
dfe,none,fixed,48,15,1,0.07142382115125656,0
constant_mean_eb,none,fixed,48,15,1,0.05804188922047615,4096
dfe,none,fixed,52,15,1,0.06979194283485413,0
neural_eb,neural_bidir_seed0_eb,fixed,52,15,1,0.04909294843673706,4096
neural_eb,neural_bidir_seed1_eb,fixed,52,15,1,0.050494857132434845,4096
neural_eb,neural_bidir_seed2_eb,fixed,52,15,1,0.042841166257858276,4096
neural_eb,neural_bidir_seed3_eb,fixed,52,15,1,0.040698740631341934,4096
neural_eb,neural_bidir_seed4_eb,fixed,52,15,1,0.043847933411598206,4096
dfe,none,fixed,60,15,1,0.06422347575426102,0
constant_mean_eb,none,fixed,60,15,1,0.05375520884990692,4096
constant_mean_eb,none,fixed,64,15,1,0.05156814306974411,4096
dfe,none,fixed,72,15,1,0.05869823321700096,0
constant_mean_eb,none,fixed,76,15,1,0.050590500235557556,4096
neural_eb,neural_bidir_seed0_eb,fixed,76,15,1,0.044834934175014496,4096
neural_eb,neural_bidir_seed1_eb,fixed,76,15,1,0.0459226630628109,4096
neural_eb,neural_bidir_seed2_eb,fixed,76,15,1,0.03983306139707565,4096
neural_eb,neural_bidir_seed3_eb,fixed,76,15,1,0.03805897757411003,4096
neural_eb,neural_bidir_seed4_eb,fixed,76,15,1,0.04081621766090393,4096
summary_ridge_eb,none,fixed,80,15,1,0.039512768387794495,4096
dfe,none,fixed,84,15,1,0.053698036819696426,0
dfe,none,fixed,92,15,1,0.05231725051999092,0
dfe,none,fixed,128,15,1,0.044149260967969894,0
constant_mean_eb,none,fixed,128,15,1,0.040372319519519806,4096
neural_eb,neural_bidir_seed0_eb,fixed,128,15,1,0.037217509001493454,4096
neural_eb,neural_bidir_seed1_eb,fixed,128,15,1,0.03781886398792267,4096
neural_eb,neural_bidir_seed2_eb,fixed,128,15,1,0.034344229847192764,4096
neural_eb,neural_bidir_seed3_eb,fixed,128,15,1,0.033226676285266876,4096
neural_eb,neural_bidir_seed4_eb,fixed,128,15,1,0.03487302362918854,4096
dfe,none,fixed,192,15,1,0.03659341484308243,0
constant_mean_eb,none,fixed,192,15,1,0.03407775238156319,4096
summary_ridge_eb,none,fixed,192,15,1,0.03245177119970322,4096
neural_eb,neural_bidir_seed0_eb,fixed,192,15,1,0.032383084297180176,4096
neural_eb,neural_bidir_seed1_eb,fixed,192,15,1,0.03272184729576111,4096
neural_eb,neural_bidir_seed2_eb,fixed,192,15,1,0.030311238020658493,4096
neural_eb,neural_bidir_seed3_eb,fixed,192,15,1,0.0295371413230896,4096
neural_eb,neural_bidir_seed4_eb,fixed,192,15,1,0.03067988157272339,4096
dfe,none,fixed,256,15,1,0.030846120789647102,0
constant_mean_eb,none,fixed,256,15,1,0.02935311570763588,4096
summary_ridge_eb,none,fixed,256,15,1,0.02889208123087883,4096
neural_eb,neural_bidir_seed0_eb,fixed,256,15,1,0.028418369591236115,4096
neural_eb,neural_bidir_seed1_eb,fixed,256,15,1,0.02864164486527443,4096
neural_eb,neural_bidir_seed2_eb,fixed,256,15,1,0.02706419862806797,4096
neural_eb,neural_bidir_seed3_eb,fixed,256,15,1,0.026410052552819252,4096
neural_eb,neural_bidir_seed4_eb,fixed,256,15,1,0.02719074860215187,4096
summary_ridge_eb,none,pilot,3,15,1,0.04585198312997818,4096
neural_eb,neural_bidir_seed0_eb,pilot,3,15,1,0.06589291989803314,4096
neural_eb,neural_bidir_seed1_eb,pilot,3,15,1,0.06971621513366699,4096
neural_eb,neural_bidir_seed2_eb,pilot,3,15,1,0.05177387595176697,4096
neural_eb,neural_bidir_seed3_eb,pilot,3,15,1,0.0481194406747818,4096
neural_eb,neural_bidir_seed4_eb,pilot,3,15,1,0.05329248309135437,4096
constant_mean_prior,none,none,0,15,2,0.10545069724321365,4096
constant_median_prior,none,none,0,15,2,0.10262124240398407,4096
summary_ridge_prior,none,none,0,15,2,0.052741628140211105,4096
product_affine_prior,none,none,0,15,2,0.05125877261161804,4096
exact_marginal_affine_prior,none,none,0,15,2,0.055815547704696655,4096
neural_prior,neural_bidir_seed0_prior,none,0,15,2,0.07246731221675873,4096
neural_prior,neural_bidir_seed1_prior,none,0,15,2,0.07726679742336273,4096
neural_prior,neural_bidir_seed2_prior,none,0,15,2,0.055000804364681244,4096
neural_prior,neural_bidir_seed3_prior,none,0,15,2,0.05028717219829559,4096
neural_prior,neural_bidir_seed4_prior,none,0,15,2,0.05611424148082733,4096
neural_eb,neural_bidir_seed0_eb,fixed,4,15,2,0.06985872983932495,4096
neural_eb,neural_bidir_seed1_eb,fixed,4,15,2,0.0740635097026825,4096
neural_eb,neural_bidir_seed2_eb,fixed,4,15,2,0.05385132506489754,4096
neural_eb,neural_bidir_seed3_eb,fixed,4,15,2,0.049281030893325806,4096
neural_eb,neural_bidir_seed4_eb,fixed,4,15,2,0.0547991618514061,4096
constant_mean_eb,none,fixed,20,15,2,0.07726350426673889,4096
constant_mean_eb,none,fixed,24,15,2,0.07228247821331024,4096
summary_ridge_eb,none,fixed,24,15,2,0.05073472484946251,4096
neural_eb,neural_bidir_seed0_eb,fixed,24,15,2,0.06122003495693207,4096
neural_eb,neural_bidir_seed1_eb,fixed,24,15,2,0.06376202404499054,4096
neural_eb,neural_bidir_seed2_eb,fixed,24,15,2,0.050551142543554306,4096
neural_eb,neural_bidir_seed3_eb,fixed,24,15,2,0.047267086803913116,4096
neural_eb,neural_bidir_seed4_eb,fixed,24,15,2,0.05161236971616745,4096
constant_mean_eb,none,fixed,32,15,2,0.06676451861858368,4096
constant_mean_eb,none,fixed,36,15,2,0.06396506726741791,4096
neural_eb,neural_bidir_seed0_eb,fixed,36,15,2,0.05588548257946968,4096
neural_eb,neural_bidir_seed1_eb,fixed,36,15,2,0.05757293477654457,4096
neural_eb,neural_bidir_seed2_eb,fixed,36,15,2,0.04677293449640274,4096
neural_eb,neural_bidir_seed3_eb,fixed,36,15,2,0.043940380215644836,4096
neural_eb,neural_bidir_seed4_eb,fixed,36,15,2,0.047332361340522766,4096
dfe,none,fixed,40,15,2,0.08105070888996124,0
neural_eb,neural_bidir_seed0_eb,fixed,40,15,2,0.05511363595724106,4096
neural_eb,neural_bidir_seed1_eb,fixed,40,15,2,0.05681470036506653,4096
neural_eb,neural_bidir_seed2_eb,fixed,40,15,2,0.04663194715976715,4096
neural_eb,neural_bidir_seed3_eb,fixed,40,15,2,0.043887972831726074,4096
neural_eb,neural_bidir_seed4_eb,fixed,40,15,2,0.0476481094956398,4096
summary_ridge_eb,none,fixed,44,15,2,0.04482614994049072,4096
dfe,none,fixed,48,15,2,0.07087478041648865,0
constant_mean_eb,none,fixed,48,15,2,0.05773376673460007,4096
dfe,none,fixed,52,15,2,0.07064540684223175,0
neural_eb,neural_bidir_seed0_eb,fixed,52,15,2,0.0514654740691185,4096
neural_eb,neural_bidir_seed1_eb,fixed,52,15,2,0.05303642153739929,4096
neural_eb,neural_bidir_seed2_eb,fixed,52,15,2,0.04401477426290512,4096
neural_eb,neural_bidir_seed3_eb,fixed,52,15,2,0.04135889187455177,4096
neural_eb,neural_bidir_seed4_eb,fixed,52,15,2,0.044818200170993805,4096
dfe,none,fixed,60,15,2,0.06472484767436981,0
constant_mean_eb,none,fixed,60,15,2,0.05351811647415161,4096
constant_mean_eb,none,fixed,64,15,2,0.052432581782341,4096
dfe,none,fixed,72,15,2,0.05795297771692276,0
constant_mean_eb,none,fixed,76,15,2,0.04970783740282059,4096
neural_eb,neural_bidir_seed0_eb,fixed,76,15,2,0.0458412691950798,4096
neural_eb,neural_bidir_seed1_eb,fixed,76,15,2,0.04675687104463577,4096
neural_eb,neural_bidir_seed2_eb,fixed,76,15,2,0.04030715301632881,4096
neural_eb,neural_bidir_seed3_eb,fixed,76,15,2,0.03820923715829849,4096
neural_eb,neural_bidir_seed4_eb,fixed,76,15,2,0.040675967931747437,4096
summary_ridge_eb,none,fixed,80,15,2,0.039634447544813156,4096
dfe,none,fixed,84,15,2,0.054814212024211884,0
dfe,none,fixed,92,15,2,0.051563557237386703,0
dfe,none,fixed,128,15,2,0.04519098997116089,0
constant_mean_eb,none,fixed,128,15,2,0.04069753736257553,4096
neural_eb,neural_bidir_seed0_eb,fixed,128,15,2,0.038933608680963516,4096
neural_eb,neural_bidir_seed1_eb,fixed,128,15,2,0.039402421563863754,4096
neural_eb,neural_bidir_seed2_eb,fixed,128,15,2,0.03524167090654373,4096
neural_eb,neural_bidir_seed3_eb,fixed,128,15,2,0.03386879712343216,4096
neural_eb,neural_bidir_seed4_eb,fixed,128,15,2,0.0354984849691391,4096
dfe,none,fixed,192,15,2,0.03607746213674545,0
constant_mean_eb,none,fixed,192,15,2,0.033398620784282684,4096
summary_ridge_eb,none,fixed,192,15,2,0.030718030408024788,4096
neural_eb,neural_bidir_seed0_eb,fixed,192,15,2,0.03192725032567978,4096
neural_eb,neural_bidir_seed1_eb,fixed,192,15,2,0.03215934336185455,4096
neural_eb,neural_bidir_seed2_eb,fixed,192,15,2,0.029906751587986946,4096
neural_eb,neural_bidir_seed3_eb,fixed,192,15,2,0.02905322052538395,4096
neural_eb,neural_bidir_seed4_eb,fixed,192,15,2,0.03001413121819496,4096
dfe,none,fixed,256,15,2,0.03198204189538956,0
constant_mean_eb,none,fixed,256,15,2,0.030441712588071823,4096
summary_ridge_eb,none,fixed,256,15,2,0.028106875717639923,4096
neural_eb,neural_bidir_seed0_eb,fixed,256,15,2,0.02971104346215725,4096
neural_eb,neural_bidir_seed1_eb,fixed,256,15,2,0.030033860355615616,4096
neural_eb,neural_bidir_seed2_eb,fixed,256,15,2,0.027875937521457672,4096
neural_eb,neural_bidir_seed3_eb,fixed,256,15,2,0.026940815150737762,4096
neural_eb,neural_bidir_seed4_eb,fixed,256,15,2,0.0279681496322155,4096
summary_ridge_eb,none,pilot,3,15,2,0.05207202583551407,4096
neural_eb,neural_bidir_seed0_eb,pilot,3,15,2,0.0707131177186966,4096
neural_eb,neural_bidir_seed1_eb,pilot,3,15,2,0.07510781288146973,4096
neural_eb,neural_bidir_seed2_eb,pilot,3,15,2,0.054308004677295685,4096
neural_eb,neural_bidir_seed3_eb,pilot,3,15,2,0.04971151053905487,4096
neural_eb,neural_bidir_seed4_eb,pilot,3,15,2,0.05533166974782944,4096
constant_mean_prior,none,none,0,15,3,0.10555998235940933,4096
constant_median_prior,none,none,0,15,3,0.10322043299674988,4096
summary_ridge_prior,none,none,0,15,3,0.046181075274944305,4096
product_affine_prior,none,none,0,15,3,0.05263183265924454,4096
exact_marginal_affine_prior,none,none,0,15,3,0.05675727128982544,4096
neural_prior,neural_bidir_seed0_prior,none,0,15,3,0.0693896934390068,4096
neural_prior,neural_bidir_seed1_prior,none,0,15,3,0.07454609870910645,4096
neural_prior,neural_bidir_seed2_prior,none,0,15,3,0.0541202574968338,4096
neural_prior,neural_bidir_seed3_prior,none,0,15,3,0.04987788200378418,4096
neural_prior,neural_bidir_seed4_prior,none,0,15,3,0.055952876806259155,4096
neural_eb,neural_bidir_seed0_eb,fixed,4,15,3,0.06701043248176575,4096
neural_eb,neural_bidir_seed1_eb,fixed,4,15,3,0.07138782739639282,4096
neural_eb,neural_bidir_seed2_eb,fixed,4,15,3,0.05328163132071495,4096
neural_eb,neural_bidir_seed3_eb,fixed,4,15,3,0.04942723363637924,4096
neural_eb,neural_bidir_seed4_eb,fixed,4,15,3,0.05499099940061569,4096
constant_mean_eb,none,fixed,20,15,3,0.07867875695228577,4096
constant_mean_eb,none,fixed,24,15,3,0.07184953987598419,4096
summary_ridge_eb,none,fixed,24,15,3,0.046160146594047546,4096
neural_eb,neural_bidir_seed0_eb,fixed,24,15,3,0.059938497841358185,4096
neural_eb,neural_bidir_seed1_eb,fixed,24,15,3,0.0622747465968132,4096
neural_eb,neural_bidir_seed2_eb,fixed,24,15,3,0.05182725191116333,4096
neural_eb,neural_bidir_seed3_eb,fixed,24,15,3,0.049272917211055756,4096
neural_eb,neural_bidir_seed4_eb,fixed,24,15,3,0.0534115731716156,4096
constant_mean_eb,none,fixed,32,15,3,0.0667182058095932,4096
constant_mean_eb,none,fixed,36,15,3,0.06263929605484009,4096
neural_eb,neural_bidir_seed0_eb,fixed,36,15,3,0.053379736840724945,4096
neural_eb,neural_bidir_seed1_eb,fixed,36,15,3,0.05504847317934036,4096
neural_eb,neural_bidir_seed2_eb,fixed,36,15,3,0.047045379877090454,4096
neural_eb,neural_bidir_seed3_eb,fixed,36,15,3,0.044853996485471725,4096
neural_eb,neural_bidir_seed4_eb,fixed,36,15,3,0.04838675633072853,4096
dfe,none,fixed,40,15,3,0.07852492481470108,0
neural_eb,neural_bidir_seed0_eb,fixed,40,15,3,0.052113816142082214,4096
neural_eb,neural_bidir_seed1_eb,fixed,40,15,3,0.05379045754671097,4096
neural_eb,neural_bidir_seed2_eb,fixed,40,15,3,0.045755594968795776,4096
neural_eb,neural_bidir_seed3_eb,fixed,40,15,3,0.04366122931241989,4096
neural_eb,neural_bidir_seed4_eb,fixed,40,15,3,0.04691462218761444,4096
summary_ridge_eb,none,fixed,44,15,3,0.04150613397359848,4096
dfe,none,fixed,48,15,3,0.07128141820430756,0
constant_mean_eb,none,fixed,48,15,3,0.0574798509478569,4096
dfe,none,fixed,52,15,3,0.06978260725736618,0
neural_eb,neural_bidir_seed0_eb,fixed,52,15,3,0.04902516305446625,4096
neural_eb,neural_bidir_seed1_eb,fixed,52,15,3,0.05036209523677826,4096
neural_eb,neural_bidir_seed2_eb,fixed,52,15,3,0.04363987594842911,4096
neural_eb,neural_bidir_seed3_eb,fixed,52,15,3,0.04183759540319443,4096
neural_eb,neural_bidir_seed4_eb,fixed,52,15,3,0.044670816510915756,4096
dfe,none,fixed,60,15,3,0.06456951797008514,0
constant_mean_eb,none,fixed,60,15,3,0.05331791192293167,4096
constant_mean_eb,none,fixed,64,15,3,0.05234191566705704,4096
dfe,none,fixed,72,15,3,0.05966678634285927,0
constant_mean_eb,none,fixed,76,15,3,0.04848306626081467,4096
neural_eb,neural_bidir_seed0_eb,fixed,76,15,3,0.04373401403427124,4096
neural_eb,neural_bidir_seed1_eb,fixed,76,15,3,0.04466763883829117,4096
neural_eb,neural_bidir_seed2_eb,fixed,76,15,3,0.03991975635290146,4096
neural_eb,neural_bidir_seed3_eb,fixed,76,15,3,0.03849112614989281,4096
neural_eb,neural_bidir_seed4_eb,fixed,76,15,3,0.04078231006860733,4096
summary_ridge_eb,none,fixed,80,15,3,0.03700924292206764,4096
dfe,none,fixed,84,15,3,0.054471224546432495,0
dfe,none,fixed,92,15,3,0.05231413617730141,0
dfe,none,fixed,128,15,3,0.04396882280707359,0
constant_mean_eb,none,fixed,128,15,3,0.03978141397237778,4096
neural_eb,neural_bidir_seed0_eb,fixed,128,15,3,0.03686366602778435,4096
neural_eb,neural_bidir_seed1_eb,fixed,128,15,3,0.03745945543050766,4096
neural_eb,neural_bidir_seed2_eb,fixed,128,15,3,0.0343874953687191,4096
neural_eb,neural_bidir_seed3_eb,fixed,128,15,3,0.03347744047641754,4096
neural_eb,neural_bidir_seed4_eb,fixed,128,15,3,0.034764841198921204,4096
dfe,none,fixed,192,15,3,0.03614667057991028,0
constant_mean_eb,none,fixed,192,15,3,0.033656053245067596,4096
summary_ridge_eb,none,fixed,192,15,3,0.028866944834589958,4096
neural_eb,neural_bidir_seed0_eb,fixed,192,15,3,0.031851187348365784,4096
neural_eb,neural_bidir_seed1_eb,fixed,192,15,3,0.03219827264547348,4096
neural_eb,neural_bidir_seed2_eb,fixed,192,15,3,0.03021889552474022,4096
neural_eb,neural_bidir_seed3_eb,fixed,192,15,3,0.029566269367933273,4096
neural_eb,neural_bidir_seed4_eb,fixed,192,15,3,0.030439147725701332,4096
dfe,none,fixed,256,15,3,0.031018845736980438,0
constant_mean_eb,none,fixed,256,15,3,0.029464375227689743,4096
summary_ridge_eb,none,fixed,256,15,3,0.02636011503636837,4096
neural_eb,neural_bidir_seed0_eb,fixed,256,15,3,0.02813495136797428,4096
neural_eb,neural_bidir_seed1_eb,fixed,256,15,3,0.02839066833257675,4096
neural_eb,neural_bidir_seed2_eb,fixed,256,15,3,0.027273869141936302,4096
neural_eb,neural_bidir_seed3_eb,fixed,256,15,3,0.026947174221277237,4096
neural_eb,neural_bidir_seed4_eb,fixed,256,15,3,0.027551131322979927,4096
summary_ridge_eb,none,pilot,3,15,3,0.045657604932785034,4096
neural_eb,neural_bidir_seed0_eb,pilot,3,15,3,0.0670880377292633,4096
neural_eb,neural_bidir_seed1_eb,pilot,3,15,3,0.07168403267860413,4096
neural_eb,neural_bidir_seed2_eb,pilot,3,15,3,0.05317402631044388,4096
neural_eb,neural_bidir_seed3_eb,pilot,3,15,3,0.049325764179229736,4096
neural_eb,neural_bidir_seed4_eb,pilot,3,15,3,0.05500428006052971,4096
constant_mean_prior,none,none,0,15,4,0.10566546767950058,4096
constant_median_prior,none,none,0,15,4,0.10277450084686279,4096
summary_ridge_prior,none,none,0,15,4,0.04769040271639824,4096
product_affine_prior,none,none,0,15,4,0.05278995260596275,4096
exact_marginal_affine_prior,none,none,0,15,4,0.056702904403209686,4096
neural_prior,neural_bidir_seed0_prior,none,0,15,4,0.07049483060836792,4096
neural_prior,neural_bidir_seed1_prior,none,0,15,4,0.07548293471336365,4096
neural_prior,neural_bidir_seed2_prior,none,0,15,4,0.053934574127197266,4096
neural_prior,neural_bidir_seed3_prior,none,0,15,4,0.04947219789028168,4096
neural_prior,neural_bidir_seed4_prior,none,0,15,4,0.05534035712480545,4096
neural_eb,neural_bidir_seed0_eb,fixed,4,15,4,0.06808941811323166,4096
neural_eb,neural_bidir_seed1_eb,fixed,4,15,4,0.07249610871076584,4096
neural_eb,neural_bidir_seed2_eb,fixed,4,15,4,0.05279696360230446,4096
neural_eb,neural_bidir_seed3_eb,fixed,4,15,4,0.04862312227487564,4096
neural_eb,neural_bidir_seed4_eb,fixed,4,15,4,0.05411221832036972,4096
constant_mean_eb,none,fixed,20,15,4,0.07827925682067871,4096
constant_mean_eb,none,fixed,24,15,4,0.07464094460010529,4096
summary_ridge_eb,none,fixed,24,15,4,0.04946001246571541,4096
neural_eb,neural_bidir_seed0_eb,fixed,24,15,4,0.060844019055366516,4096
neural_eb,neural_bidir_seed1_eb,fixed,24,15,4,0.06343600153923035,4096
neural_eb,neural_bidir_seed2_eb,fixed,24,15,4,0.05148031935095787,4096
neural_eb,neural_bidir_seed3_eb,fixed,24,15,4,0.04894283413887024,4096
neural_eb,neural_bidir_seed4_eb,fixed,24,15,4,0.053229715675115585,4096
constant_mean_eb,none,fixed,32,15,4,0.0674092173576355,4096
constant_mean_eb,none,fixed,36,15,4,0.06390944123268127,4096
neural_eb,neural_bidir_seed0_eb,fixed,36,15,4,0.054578639566898346,4096
neural_eb,neural_bidir_seed1_eb,fixed,36,15,4,0.056747063994407654,4096
neural_eb,neural_bidir_seed2_eb,fixed,36,15,4,0.047088366001844406,4096
neural_eb,neural_bidir_seed3_eb,fixed,36,15,4,0.04472465068101883,4096
neural_eb,neural_bidir_seed4_eb,fixed,36,15,4,0.048661187291145325,4096
dfe,none,fixed,40,15,4,0.08060140907764435,0
neural_eb,neural_bidir_seed0_eb,fixed,40,15,4,0.053506605327129364,4096
neural_eb,neural_bidir_seed1_eb,fixed,40,15,4,0.05541794002056122,4096
neural_eb,neural_bidir_seed2_eb,fixed,40,15,4,0.04646536707878113,4096
neural_eb,neural_bidir_seed3_eb,fixed,40,15,4,0.044365089386701584,4096
neural_eb,neural_bidir_seed4_eb,fixed,40,15,4,0.04776977747678757,4096
summary_ridge_eb,none,fixed,44,15,4,0.0438423715531826,4096
dfe,none,fixed,48,15,4,0.07232878357172012,0
constant_mean_eb,none,fixed,48,15,4,0.058851368725299835,4096
dfe,none,fixed,52,15,4,0.0690002292394638,0
neural_eb,neural_bidir_seed0_eb,fixed,52,15,4,0.048768021166324615,4096
neural_eb,neural_bidir_seed1_eb,fixed,52,15,4,0.05021815001964569,4096
neural_eb,neural_bidir_seed2_eb,fixed,52,15,4,0.04309201240539551,4096
neural_eb,neural_bidir_seed3_eb,fixed,52,15,4,0.04148120433092117,4096
neural_eb,neural_bidir_seed4_eb,fixed,52,15,4,0.04433156177401543,4096
dfe,none,fixed,60,15,4,0.06416032463312149,0
constant_mean_eb,none,fixed,60,15,4,0.053828977048397064,4096
constant_mean_eb,none,fixed,64,15,4,0.052587442100048065,4096
dfe,none,fixed,72,15,4,0.0591868981719017,0
constant_mean_eb,none,fixed,76,15,4,0.04900442808866501,4096
neural_eb,neural_bidir_seed0_eb,fixed,76,15,4,0.04438958317041397,4096
neural_eb,neural_bidir_seed1_eb,fixed,76,15,4,0.04531928896903992,4096
neural_eb,neural_bidir_seed2_eb,fixed,76,15,4,0.039577666670084,4096
neural_eb,neural_bidir_seed3_eb,fixed,76,15,4,0.038069143891334534,4096
neural_eb,neural_bidir_seed4_eb,fixed,76,15,4,0.040226273238658905,4096
summary_ridge_eb,none,fixed,80,15,4,0.03836318105459213,4096
dfe,none,fixed,84,15,4,0.053916580975055695,0
dfe,none,fixed,92,15,4,0.053106069564819336,0
dfe,none,fixed,128,15,4,0.04514516144990921,0
constant_mean_eb,none,fixed,128,15,4,0.04058295488357544,4096
neural_eb,neural_bidir_seed0_eb,fixed,128,15,4,0.03756112977862358,4096
neural_eb,neural_bidir_seed1_eb,fixed,128,15,4,0.038117095828056335,4096
neural_eb,neural_bidir_seed2_eb,fixed,128,15,4,0.03478683531284332,4096
neural_eb,neural_bidir_seed3_eb,fixed,128,15,4,0.033841848373413086,4096
neural_eb,neural_bidir_seed4_eb,fixed,128,15,4,0.03539099171757698,4096
dfe,none,fixed,192,15,4,0.03639858588576317,0
constant_mean_eb,none,fixed,192,15,4,0.03374634310603142,4096
summary_ridge_eb,none,fixed,192,15,4,0.029761184006929398,4096
neural_eb,neural_bidir_seed0_eb,fixed,192,15,4,0.03220037370920181,4096
neural_eb,neural_bidir_seed1_eb,fixed,192,15,4,0.03255645930767059,4096
neural_eb,neural_bidir_seed2_eb,fixed,192,15,4,0.030335526913404465,4096
neural_eb,neural_bidir_seed3_eb,fixed,192,15,4,0.029710941016674042,4096
neural_eb,neural_bidir_seed4_eb,fixed,192,15,4,0.030728302896022797,4096
dfe,none,fixed,256,15,4,0.03194735199213028,0
constant_mean_eb,none,fixed,256,15,4,0.030148476362228394,4096
summary_ridge_eb,none,fixed,256,15,4,0.02683669701218605,4096
neural_eb,neural_bidir_seed0_eb,fixed,256,15,4,0.028900090605020523,4096
neural_eb,neural_bidir_seed1_eb,fixed,256,15,4,0.02914901077747345,4096
neural_eb,neural_bidir_seed2_eb,fixed,256,15,4,0.02757333591580391,4096
neural_eb,neural_bidir_seed3_eb,fixed,256,15,4,0.02713722363114357,4096
neural_eb,neural_bidir_seed4_eb,fixed,256,15,4,0.02778707444667816,4096
summary_ridge_eb,none,pilot,3,15,4,0.04727757349610329,4096
neural_eb,neural_bidir_seed0_eb,pilot,3,15,4,0.06848017871379852,4096
neural_eb,neural_bidir_seed1_eb,pilot,3,15,4,0.07293913513422012,4096
neural_eb,neural_bidir_seed2_eb,pilot,3,15,4,0.053015850484371185,4096
neural_eb,neural_bidir_seed3_eb,pilot,3,15,4,0.04872581735253334,4096
neural_eb,neural_bidir_seed4_eb,pilot,3,15,4,0.05426674336194992,4096
constant_mean_prior,none,none,0,16,0,0.10798530280590057,4096
constant_median_prior,none,none,0,16,0,0.11156125366687775,4096
summary_ridge_prior,none,none,0,16,0,0.058822765946388245,4096
product_affine_prior,none,none,0,16,0,0.060504551976919174,4096
exact_marginal_affine_prior,none,none,0,16,0,0.06120630353689194,4096
neural_prior,neural_bidir_seed0_prior,none,0,16,0,0.06457848846912384,4096
neural_prior,neural_bidir_seed1_prior,none,0,16,0,0.06853382289409637,4096
neural_prior,neural_bidir_seed2_prior,none,0,16,0,0.05268191918730736,4096
neural_prior,neural_bidir_seed3_prior,none,0,16,0,0.04965075105428696,4096
neural_prior,neural_bidir_seed4_prior,none,0,16,0,0.054882898926734924,4096
neural_eb,neural_bidir_seed0_eb,fixed,4,16,0,0.0632580891251564,4096
neural_eb,neural_bidir_seed1_eb,fixed,4,16,0,0.06706500053405762,4096
neural_eb,neural_bidir_seed2_eb,fixed,4,16,0,0.05200580507516861,4096
neural_eb,neural_bidir_seed3_eb,fixed,4,16,0,0.04903104156255722,4096
neural_eb,neural_bidir_seed4_eb,fixed,4,16,0,0.0540381595492363,4096
constant_mean_eb,none,fixed,20,16,0,0.07919947057962418,4096
constant_mean_eb,none,fixed,24,16,0,0.07530555874109268,4096
summary_ridge_eb,none,fixed,24,16,0,0.05487256869673729,4096
neural_eb,neural_bidir_seed0_eb,fixed,24,16,0,0.0580536425113678,4096
neural_eb,neural_bidir_seed1_eb,fixed,24,16,0,0.06056513637304306,4096
neural_eb,neural_bidir_seed2_eb,fixed,24,16,0,0.04965602606534958,4096
neural_eb,neural_bidir_seed3_eb,fixed,24,16,0,0.047201208770275116,4096
neural_eb,neural_bidir_seed4_eb,fixed,24,16,0,0.05096812918782234,4096
constant_mean_eb,none,fixed,32,16,0,0.06777028739452362,4096
constant_mean_eb,none,fixed,36,16,0,0.06517203152179718,4096
neural_eb,neural_bidir_seed0_eb,fixed,36,16,0,0.053363095968961716,4096
neural_eb,neural_bidir_seed1_eb,fixed,36,16,0,0.05549205467104912,4096
neural_eb,neural_bidir_seed2_eb,fixed,36,16,0,0.046173177659511566,4096
neural_eb,neural_bidir_seed3_eb,fixed,36,16,0,0.04376409947872162,4096
neural_eb,neural_bidir_seed4_eb,fixed,36,16,0,0.04705269634723663,4096
dfe,none,fixed,40,16,0,0.07880263030529022,0
neural_eb,neural_bidir_seed0_eb,fixed,40,16,0,0.05157256871461868,4096
neural_eb,neural_bidir_seed1_eb,fixed,40,16,0,0.0536685474216938,4096
neural_eb,neural_bidir_seed2_eb,fixed,40,16,0,0.044871412217617035,4096
neural_eb,neural_bidir_seed3_eb,fixed,40,16,0,0.04246576875448227,4096
neural_eb,neural_bidir_seed4_eb,fixed,40,16,0,0.04558297246694565,4096
summary_ridge_eb,none,fixed,44,16,0,0.04810063913464546,4096
dfe,none,fixed,48,16,0,0.0722057968378067,0
constant_mean_eb,none,fixed,48,16,0,0.05812976509332657,4096
dfe,none,fixed,52,16,0,0.07043628394603729,0
neural_eb,neural_bidir_seed0_eb,fixed,52,16,0,0.04943349212408066,4096
neural_eb,neural_bidir_seed1_eb,fixed,52,16,0,0.05126651003956795,4096
neural_eb,neural_bidir_seed2_eb,fixed,52,16,0,0.043361734598875046,4096
neural_eb,neural_bidir_seed3_eb,fixed,52,16,0,0.041276440024375916,4096
neural_eb,neural_bidir_seed4_eb,fixed,52,16,0,0.04421892762184143,4096
dfe,none,fixed,60,16,0,0.06466387212276459,0
constant_mean_eb,none,fixed,60,16,0,0.05409936234354973,4096
constant_mean_eb,none,fixed,64,16,0,0.052768316119909286,4096
dfe,none,fixed,72,16,0,0.05990169197320938,0
constant_mean_eb,none,fixed,76,16,0,0.04992830008268356,4096
neural_eb,neural_bidir_seed0_eb,fixed,76,16,0,0.04447248950600624,4096
neural_eb,neural_bidir_seed1_eb,fixed,76,16,0,0.04593043774366379,4096
neural_eb,neural_bidir_seed2_eb,fixed,76,16,0,0.039998073130846024,4096
neural_eb,neural_bidir_seed3_eb,fixed,76,16,0,0.038110893219709396,4096
neural_eb,neural_bidir_seed4_eb,fixed,76,16,0,0.04028523713350296,4096
summary_ridge_eb,none,fixed,80,16,0,0.041184425354003906,4096
dfe,none,fixed,84,16,0,0.054728783667087555,0
dfe,none,fixed,92,16,0,0.05262906849384308,0
dfe,none,fixed,128,16,0,0.044102899730205536,0
constant_mean_eb,none,fixed,128,16,0,0.039899781346321106,4096
neural_eb,neural_bidir_seed0_eb,fixed,128,16,0,0.0376330241560936,4096
neural_eb,neural_bidir_seed1_eb,fixed,128,16,0,0.0387539342045784,4096
neural_eb,neural_bidir_seed2_eb,fixed,128,16,0,0.03506745025515556,4096
neural_eb,neural_bidir_seed3_eb,fixed,128,16,0,0.03333096206188202,4096
neural_eb,neural_bidir_seed4_eb,fixed,128,16,0,0.034964218735694885,4096
dfe,none,fixed,192,16,0,0.03679830580949783,0
constant_mean_eb,none,fixed,192,16,0,0.034048303961753845,4096
summary_ridge_eb,none,fixed,192,16,0,0.031086262315511703,4096
neural_eb,neural_bidir_seed0_eb,fixed,192,16,0,0.03290512040257454,4096
neural_eb,neural_bidir_seed1_eb,fixed,192,16,0,0.03356869891285896,4096
neural_eb,neural_bidir_seed2_eb,fixed,192,16,0,0.031372301280498505,4096
neural_eb,neural_bidir_seed3_eb,fixed,192,16,0,0.0301215760409832,4096
neural_eb,neural_bidir_seed4_eb,fixed,192,16,0,0.03117084503173828,4096
dfe,none,fixed,256,16,0,0.03083200380206108,0
constant_mean_eb,none,fixed,256,16,0,0.029375843703746796,4096
summary_ridge_eb,none,fixed,256,16,0,0.02764132432639599,4096
neural_eb,neural_bidir_seed0_eb,fixed,256,16,0,0.029065540060400963,4096
neural_eb,neural_bidir_seed1_eb,fixed,256,16,0,0.029600782319903374,4096
neural_eb,neural_bidir_seed2_eb,fixed,256,16,0,0.028215128928422928,4096
neural_eb,neural_bidir_seed3_eb,fixed,256,16,0,0.027084633708000183,4096
neural_eb,neural_bidir_seed4_eb,fixed,256,16,0,0.02790580876171589,4096
summary_ridge_eb,none,pilot,3,16,0,0.057445425540208817,4096
neural_eb,neural_bidir_seed0_eb,pilot,3,16,0,0.06334593147039413,4096
neural_eb,neural_bidir_seed1_eb,pilot,3,16,0,0.06714148074388504,4096
neural_eb,neural_bidir_seed2_eb,pilot,3,16,0,0.052101291716098785,4096
neural_eb,neural_bidir_seed3_eb,pilot,3,16,0,0.0490814745426178,4096
neural_eb,neural_bidir_seed4_eb,pilot,3,16,0,0.054104145616292953,4096
constant_mean_prior,none,none,0,16,1,0.10522475838661194,4096
constant_median_prior,none,none,0,16,1,0.10382603108882904,4096
summary_ridge_prior,none,none,0,16,1,0.04863150790333748,4096
product_affine_prior,none,none,0,16,1,0.05243569612503052,4096
exact_marginal_affine_prior,none,none,0,16,1,0.05647419020533562,4096
neural_prior,neural_bidir_seed0_prior,none,0,16,1,0.06510645151138306,4096
neural_prior,neural_bidir_seed1_prior,none,0,16,1,0.07010991871356964,4096
neural_prior,neural_bidir_seed2_prior,none,0,16,1,0.05200677365064621,4096
neural_prior,neural_bidir_seed3_prior,none,0,16,1,0.048523467034101486,4096
neural_prior,neural_bidir_seed4_prior,none,0,16,1,0.05439772829413414,4096
neural_eb,neural_bidir_seed0_eb,fixed,4,16,1,0.06347617506980896,4096
neural_eb,neural_bidir_seed1_eb,fixed,4,16,1,0.06796064972877502,4096
neural_eb,neural_bidir_seed2_eb,fixed,4,16,1,0.05137840658426285,4096
neural_eb,neural_bidir_seed3_eb,fixed,4,16,1,0.04811159893870354,4096
neural_eb,neural_bidir_seed4_eb,fixed,4,16,1,0.05364484339952469,4096
constant_mean_eb,none,fixed,20,16,1,0.07788003981113434,4096
constant_mean_eb,none,fixed,24,16,1,0.07287450134754181,4096
summary_ridge_eb,none,fixed,24,16,1,0.04650197550654411,4096
neural_eb,neural_bidir_seed0_eb,fixed,24,16,1,0.05808727443218231,4096
neural_eb,neural_bidir_seed1_eb,fixed,24,16,1,0.06068666651844978,4096
neural_eb,neural_bidir_seed2_eb,fixed,24,16,1,0.049191586673259735,4096
neural_eb,neural_bidir_seed3_eb,fixed,24,16,1,0.04676973447203636,4096
neural_eb,neural_bidir_seed4_eb,fixed,24,16,1,0.05071405693888664,4096
constant_mean_eb,none,fixed,32,16,1,0.0658443495631218,4096
constant_mean_eb,none,fixed,36,16,1,0.06285962462425232,4096
neural_eb,neural_bidir_seed0_eb,fixed,36,16,1,0.051427170634269714,4096
neural_eb,neural_bidir_seed1_eb,fixed,36,16,1,0.0534311942756176,4096
neural_eb,neural_bidir_seed2_eb,fixed,36,16,1,0.04484064131975174,4096
neural_eb,neural_bidir_seed3_eb,fixed,36,16,1,0.043181162327528,4096
neural_eb,neural_bidir_seed4_eb,fixed,36,16,1,0.0463029108941555,4096
dfe,none,fixed,40,16,1,0.0798393189907074,0
neural_eb,neural_bidir_seed0_eb,fixed,40,16,1,0.05079875513911247,4096
neural_eb,neural_bidir_seed1_eb,fixed,40,16,1,0.0526866614818573,4096
neural_eb,neural_bidir_seed2_eb,fixed,40,16,1,0.04463459178805351,4096
neural_eb,neural_bidir_seed3_eb,fixed,40,16,1,0.042914800345897675,4096
neural_eb,neural_bidir_seed4_eb,fixed,40,16,1,0.045883387327194214,4096
summary_ridge_eb,none,fixed,44,16,1,0.042218416929244995,4096
dfe,none,fixed,48,16,1,0.07312674820423126,0
constant_mean_eb,none,fixed,48,16,1,0.05779720097780228,4096
dfe,none,fixed,52,16,1,0.07077854871749878,0
neural_eb,neural_bidir_seed0_eb,fixed,52,16,1,0.0478767529129982,4096
neural_eb,neural_bidir_seed1_eb,fixed,52,16,1,0.049432817846536636,4096
neural_eb,neural_bidir_seed2_eb,fixed,52,16,1,0.042562335729599,4096
neural_eb,neural_bidir_seed3_eb,fixed,52,16,1,0.04125452786684036,4096
neural_eb,neural_bidir_seed4_eb,fixed,52,16,1,0.04363454505801201,4096
dfe,none,fixed,60,16,1,0.06574210524559021,0
constant_mean_eb,none,fixed,60,16,1,0.05411594361066818,4096
constant_mean_eb,none,fixed,64,16,1,0.05225733667612076,4096
dfe,none,fixed,72,16,1,0.058980539441108704,0
constant_mean_eb,none,fixed,76,16,1,0.047861963510513306,4096
neural_eb,neural_bidir_seed0_eb,fixed,76,16,1,0.04237451031804085,4096
neural_eb,neural_bidir_seed1_eb,fixed,76,16,1,0.04338659346103668,4096
neural_eb,neural_bidir_seed2_eb,fixed,76,16,1,0.038967713713645935,4096
neural_eb,neural_bidir_seed3_eb,fixed,76,16,1,0.03822505474090576,4096
neural_eb,neural_bidir_seed4_eb,fixed,76,16,1,0.03971805423498154,4096
summary_ridge_eb,none,fixed,80,16,1,0.03733522817492485,4096
dfe,none,fixed,84,16,1,0.0549766942858696,0
dfe,none,fixed,92,16,1,0.052450042217969894,0
dfe,none,fixed,128,16,1,0.0422808974981308,0
constant_mean_eb,none,fixed,128,16,1,0.037934377789497375,4096
neural_eb,neural_bidir_seed0_eb,fixed,128,16,1,0.035312142223119736,4096
neural_eb,neural_bidir_seed1_eb,fixed,128,16,1,0.03582537919282913,4096
neural_eb,neural_bidir_seed2_eb,fixed,128,16,1,0.033724602311849594,4096
neural_eb,neural_bidir_seed3_eb,fixed,128,16,1,0.033866919577121735,4096
neural_eb,neural_bidir_seed4_eb,fixed,128,16,1,0.03398212790489197,4096
dfe,none,fixed,192,16,1,0.036532625555992126,0
constant_mean_eb,none,fixed,192,16,1,0.03383153676986694,4096
summary_ridge_eb,none,fixed,192,16,1,0.03040575236082077,4096
neural_eb,neural_bidir_seed0_eb,fixed,192,16,1,0.03175033628940582,4096
neural_eb,neural_bidir_seed1_eb,fixed,192,16,1,0.0321674719452858,4096
neural_eb,neural_bidir_seed2_eb,fixed,192,16,1,0.03077121451497078,4096
neural_eb,neural_bidir_seed3_eb,fixed,192,16,1,0.0310925655066967,4096
neural_eb,neural_bidir_seed4_eb,fixed,192,16,1,0.03120875172317028,4096
dfe,none,fixed,256,16,1,0.03160394728183746,0
constant_mean_eb,none,fixed,256,16,1,0.029668383300304413,4096
summary_ridge_eb,none,fixed,256,16,1,0.027303941547870636,4096
neural_eb,neural_bidir_seed0_eb,fixed,256,16,1,0.02856193482875824,4096
neural_eb,neural_bidir_seed1_eb,fixed,256,16,1,0.028823446482419968,4096
neural_eb,neural_bidir_seed2_eb,fixed,256,16,1,0.02806999161839485,4096
neural_eb,neural_bidir_seed3_eb,fixed,256,16,1,0.028510095551609993,4096
neural_eb,neural_bidir_seed4_eb,fixed,256,16,1,0.028142333030700684,4096
summary_ridge_eb,none,pilot,3,16,1,0.04813024401664734,4096
neural_eb,neural_bidir_seed0_eb,pilot,3,16,1,0.06365272402763367,4096
neural_eb,neural_bidir_seed1_eb,pilot,3,16,1,0.06837880611419678,4096
neural_eb,neural_bidir_seed2_eb,pilot,3,16,1,0.05141385644674301,4096
neural_eb,neural_bidir_seed3_eb,pilot,3,16,1,0.048107024282217026,4096
neural_eb,neural_bidir_seed4_eb,pilot,3,16,1,0.05369704216718674,4096
constant_mean_prior,none,none,0,16,2,0.1052640825510025,4096
constant_median_prior,none,none,0,16,2,0.10303494334220886,4096
summary_ridge_prior,none,none,0,16,2,0.048352472484111786,4096
product_affine_prior,none,none,0,16,2,0.05102735012769699,4096
exact_marginal_affine_prior,none,none,0,16,2,0.05623322352766991,4096
neural_prior,neural_bidir_seed0_prior,none,0,16,2,0.06481863558292389,4096
neural_prior,neural_bidir_seed1_prior,none,0,16,2,0.0695170909166336,4096
neural_prior,neural_bidir_seed2_prior,none,0,16,2,0.051821060478687286,4096
neural_prior,neural_bidir_seed3_prior,none,0,16,2,0.04876122623682022,4096
neural_prior,neural_bidir_seed4_prior,none,0,16,2,0.054418355226516724,4096
neural_eb,neural_bidir_seed0_eb,fixed,4,16,2,0.06276588141918182,4096
neural_eb,neural_bidir_seed1_eb,fixed,4,16,2,0.06706175953149796,4096
neural_eb,neural_bidir_seed2_eb,fixed,4,16,2,0.0509328655898571,4096
neural_eb,neural_bidir_seed3_eb,fixed,4,16,2,0.04802358150482178,4096
neural_eb,neural_bidir_seed4_eb,fixed,4,16,2,0.05354461818933487,4096
constant_mean_eb,none,fixed,20,16,2,0.07557499408721924,4096
constant_mean_eb,none,fixed,24,16,2,0.07307864725589752,4096
summary_ridge_eb,none,fixed,24,16,2,0.04757347330451012,4096
neural_eb,neural_bidir_seed0_eb,fixed,24,16,2,0.05867656320333481,4096
neural_eb,neural_bidir_seed1_eb,fixed,24,16,2,0.060963429510593414,4096
neural_eb,neural_bidir_seed2_eb,fixed,24,16,2,0.04991299659013748,4096
neural_eb,neural_bidir_seed3_eb,fixed,24,16,2,0.04743681848049164,4096
neural_eb,neural_bidir_seed4_eb,fixed,24,16,2,0.05146664381027222,4096
constant_mean_eb,none,fixed,32,16,2,0.06604007631540298,4096
constant_mean_eb,none,fixed,36,16,2,0.06402477622032166,4096
neural_eb,neural_bidir_seed0_eb,fixed,36,16,2,0.05246423929929733,4096
neural_eb,neural_bidir_seed1_eb,fixed,36,16,2,0.05448638275265694,4096
neural_eb,neural_bidir_seed2_eb,fixed,36,16,2,0.04507672041654587,4096
neural_eb,neural_bidir_seed3_eb,fixed,36,16,2,0.04302138462662697,4096
neural_eb,neural_bidir_seed4_eb,fixed,36,16,2,0.04667866975069046,4096
dfe,none,fixed,40,16,2,0.0782652497291565,0
neural_eb,neural_bidir_seed0_eb,fixed,40,16,2,0.05053284391760826,4096
neural_eb,neural_bidir_seed1_eb,fixed,40,16,2,0.05232090502977371,4096
neural_eb,neural_bidir_seed2_eb,fixed,40,16,2,0.044391930103302,4096
neural_eb,neural_bidir_seed3_eb,fixed,40,16,2,0.042476315051317215,4096
neural_eb,neural_bidir_seed4_eb,fixed,40,16,2,0.04584301635622978,4096
summary_ridge_eb,none,fixed,44,16,2,0.04221256077289581,4096
dfe,none,fixed,48,16,2,0.07223448157310486,0
constant_mean_eb,none,fixed,48,16,2,0.05858907848596573,4096
dfe,none,fixed,52,16,2,0.07020770013332367,0
neural_eb,neural_bidir_seed0_eb,fixed,52,16,2,0.04744957387447357,4096
neural_eb,neural_bidir_seed1_eb,fixed,52,16,2,0.04897371679544449,4096
neural_eb,neural_bidir_seed2_eb,fixed,52,16,2,0.041739918291568756,4096
neural_eb,neural_bidir_seed3_eb,fixed,52,16,2,0.04004925489425659,4096
neural_eb,neural_bidir_seed4_eb,fixed,52,16,2,0.04320786893367767,4096
dfe,none,fixed,60,16,2,0.06367512047290802,0
constant_mean_eb,none,fixed,60,16,2,0.052369240671396255,4096
constant_mean_eb,none,fixed,64,16,2,0.05260555446147919,4096
dfe,none,fixed,72,16,2,0.05860146880149841,0
constant_mean_eb,none,fixed,76,16,2,0.04790476709604263,4096
neural_eb,neural_bidir_seed0_eb,fixed,76,16,2,0.041694462299346924,4096
neural_eb,neural_bidir_seed1_eb,fixed,76,16,2,0.04289190471172333,4096
neural_eb,neural_bidir_seed2_eb,fixed,76,16,2,0.03758861869573593,4096
neural_eb,neural_bidir_seed3_eb,fixed,76,16,2,0.03646259382367134,4096
neural_eb,neural_bidir_seed4_eb,fixed,76,16,2,0.038973525166511536,4096
summary_ridge_eb,none,fixed,80,16,2,0.03844325989484787,4096
dfe,none,fixed,84,16,2,0.05387744680047035,0
dfe,none,fixed,92,16,2,0.05240873992443085,0
dfe,none,fixed,128,16,2,0.0437927320599556,0
constant_mean_eb,none,fixed,128,16,2,0.03910801559686661,4096
neural_eb,neural_bidir_seed0_eb,fixed,128,16,2,0.03596804291009903,4096
neural_eb,neural_bidir_seed1_eb,fixed,128,16,2,0.0367763489484787,4096
neural_eb,neural_bidir_seed2_eb,fixed,128,16,2,0.03361152857542038,4096
neural_eb,neural_bidir_seed3_eb,fixed,128,16,2,0.03274708613753319,4096
neural_eb,neural_bidir_seed4_eb,fixed,128,16,2,0.0345548540353775,4096
dfe,none,fixed,192,16,2,0.036436960101127625,0
constant_mean_eb,none,fixed,192,16,2,0.034253332763910294,4096
summary_ridge_eb,none,fixed,192,16,2,0.030104611068964005,4096
neural_eb,neural_bidir_seed0_eb,fixed,192,16,2,0.03197040781378746,4096
neural_eb,neural_bidir_seed1_eb,fixed,192,16,2,0.032382383942604065,4096
neural_eb,neural_bidir_seed2_eb,fixed,192,16,2,0.030250627547502518,4096
neural_eb,neural_bidir_seed3_eb,fixed,192,16,2,0.029653001576662064,4096
neural_eb,neural_bidir_seed4_eb,fixed,192,16,2,0.030862346291542053,4096
dfe,none,fixed,256,16,2,0.0313703678548336,0
constant_mean_eb,none,fixed,256,16,2,0.02969443053007126,4096
summary_ridge_eb,none,fixed,256,16,2,0.027275193482637405,4096
neural_eb,neural_bidir_seed0_eb,fixed,256,16,2,0.028088029474020004,4096
neural_eb,neural_bidir_seed1_eb,fixed,256,16,2,0.028452645987272263,4096
neural_eb,neural_bidir_seed2_eb,fixed,256,16,2,0.02696695551276207,4096
neural_eb,neural_bidir_seed3_eb,fixed,256,16,2,0.02659464254975319,4096
neural_eb,neural_bidir_seed4_eb,fixed,256,16,2,0.027538808062672615,4096
summary_ridge_eb,none,pilot,3,16,2,0.047868113964796066,4096
neural_eb,neural_bidir_seed0_eb,pilot,3,16,2,0.0632520392537117,4096
neural_eb,neural_bidir_seed1_eb,pilot,3,16,2,0.06766660511493683,4096
neural_eb,neural_bidir_seed2_eb,pilot,3,16,2,0.051158640533685684,4096
neural_eb,neural_bidir_seed3_eb,pilot,3,16,2,0.04822641611099243,4096
neural_eb,neural_bidir_seed4_eb,pilot,3,16,2,0.053666017949581146,4096
constant_mean_prior,none,none,0,16,3,0.10590235888957977,4096
constant_median_prior,none,none,0,16,3,0.1030789315700531,4096
summary_ridge_prior,none,none,0,16,3,0.04743518680334091,4096
product_affine_prior,none,none,0,16,3,0.0507875420153141,4096
exact_marginal_affine_prior,none,none,0,16,3,0.05587448179721832,4096
neural_prior,neural_bidir_seed0_prior,none,0,16,3,0.06434769928455353,4096
neural_prior,neural_bidir_seed1_prior,none,0,16,3,0.0689871609210968,4096
neural_prior,neural_bidir_seed2_prior,none,0,16,3,0.051379166543483734,4096
neural_prior,neural_bidir_seed3_prior,none,0,16,3,0.048165276646614075,4096
neural_prior,neural_bidir_seed4_prior,none,0,16,3,0.05369868129491806,4096
neural_eb,neural_bidir_seed0_eb,fixed,4,16,3,0.06253573298454285,4096
neural_eb,neural_bidir_seed1_eb,fixed,4,16,3,0.06677672266960144,4096
neural_eb,neural_bidir_seed2_eb,fixed,4,16,3,0.05065818130970001,4096
neural_eb,neural_bidir_seed3_eb,fixed,4,16,3,0.04763616621494293,4096
neural_eb,neural_bidir_seed4_eb,fixed,4,16,3,0.05288863927125931,4096
constant_mean_eb,none,fixed,20,16,3,0.07625046372413635,4096
constant_mean_eb,none,fixed,24,16,3,0.07273265719413757,4096
summary_ridge_eb,none,fixed,24,16,3,0.04759979993104935,4096
neural_eb,neural_bidir_seed0_eb,fixed,24,16,3,0.05712728947401047,4096
neural_eb,neural_bidir_seed1_eb,fixed,24,16,3,0.05960167199373245,4096
neural_eb,neural_bidir_seed2_eb,fixed,24,16,3,0.04828006774187088,4096
neural_eb,neural_bidir_seed3_eb,fixed,24,16,3,0.04595205932855606,4096
neural_eb,neural_bidir_seed4_eb,fixed,24,16,3,0.049753449857234955,4096
constant_mean_eb,none,fixed,32,16,3,0.0664990097284317,4096
constant_mean_eb,none,fixed,36,16,3,0.06393080204725266,4096
neural_eb,neural_bidir_seed0_eb,fixed,36,16,3,0.051552340388298035,4096
neural_eb,neural_bidir_seed1_eb,fixed,36,16,3,0.0536809004843235,4096
neural_eb,neural_bidir_seed2_eb,fixed,36,16,3,0.044633351266384125,4096
neural_eb,neural_bidir_seed3_eb,fixed,36,16,3,0.04291810095310211,4096
neural_eb,neural_bidir_seed4_eb,fixed,36,16,3,0.04593256860971451,4096
dfe,none,fixed,40,16,3,0.07828124612569809,0
neural_eb,neural_bidir_seed0_eb,fixed,40,16,3,0.05094634369015694,4096
neural_eb,neural_bidir_seed1_eb,fixed,40,16,3,0.05284532532095909,4096
neural_eb,neural_bidir_seed2_eb,fixed,40,16,3,0.044602349400520325,4096
neural_eb,neural_bidir_seed3_eb,fixed,40,16,3,0.042770713567733765,4096
neural_eb,neural_bidir_seed4_eb,fixed,40,16,3,0.0458519421517849,4096
summary_ridge_eb,none,fixed,44,16,3,0.04404361546039581,4096
dfe,none,fixed,48,16,3,0.07069270312786102,0
constant_mean_eb,none,fixed,48,16,3,0.0563480369746685,4096
dfe,none,fixed,52,16,3,0.069168321788311,0
neural_eb,neural_bidir_seed0_eb,fixed,52,16,3,0.048020586371421814,4096
neural_eb,neural_bidir_seed1_eb,fixed,52,16,3,0.049570150673389435,4096
neural_eb,neural_bidir_seed2_eb,fixed,52,16,3,0.0427929162979126,4096
neural_eb,neural_bidir_seed3_eb,fixed,52,16,3,0.041238442063331604,4096
neural_eb,neural_bidir_seed4_eb,fixed,52,16,3,0.04374166205525398,4096
dfe,none,fixed,60,16,3,0.06402455270290375,0
constant_mean_eb,none,fixed,60,16,3,0.053341351449489594,4096
constant_mean_eb,none,fixed,64,16,3,0.05231906846165657,4096
dfe,none,fixed,72,16,3,0.05930113047361374,0
constant_mean_eb,none,fixed,76,16,3,0.049942463636398315,4096
neural_eb,neural_bidir_seed0_eb,fixed,76,16,3,0.04342939704656601,4096
neural_eb,neural_bidir_seed1_eb,fixed,76,16,3,0.04473854601383209,4096
neural_eb,neural_bidir_seed2_eb,fixed,76,16,3,0.03963397443294525,4096
neural_eb,neural_bidir_seed3_eb,fixed,76,16,3,0.038601167500019073,4096
neural_eb,neural_bidir_seed4_eb,fixed,76,16,3,0.04049167037010193,4096
summary_ridge_eb,none,fixed,80,16,3,0.04157261550426483,4096
dfe,none,fixed,84,16,3,0.05536618083715439,0
dfe,none,fixed,92,16,3,0.05207393318414688,0
dfe,none,fixed,128,16,3,0.04354121536016464,0
constant_mean_eb,none,fixed,128,16,3,0.03916851431131363,4096
neural_eb,neural_bidir_seed0_eb,fixed,128,16,3,0.036119669675827026,4096
neural_eb,neural_bidir_seed1_eb,fixed,128,16,3,0.036848656833171844,4096
neural_eb,neural_bidir_seed2_eb,fixed,128,16,3,0.03405792638659477,4096
neural_eb,neural_bidir_seed3_eb,fixed,128,16,3,0.033591799437999725,4096
neural_eb,neural_bidir_seed4_eb,fixed,128,16,3,0.034431565552949905,4096
dfe,none,fixed,192,16,3,0.03669831156730652,0
constant_mean_eb,none,fixed,192,16,3,0.03434769809246063,4096
summary_ridge_eb,none,fixed,192,16,3,0.03510815650224686,4096
neural_eb,neural_bidir_seed0_eb,fixed,192,16,3,0.032095346599817276,4096
neural_eb,neural_bidir_seed1_eb,fixed,192,16,3,0.03254791721701622,4096
neural_eb,neural_bidir_seed2_eb,fixed,192,16,3,0.030723363161087036,4096
neural_eb,neural_bidir_seed3_eb,fixed,192,16,3,0.030536750331521034,4096
neural_eb,neural_bidir_seed4_eb,fixed,192,16,3,0.03086843341588974,4096
dfe,none,fixed,256,16,3,0.030947450548410416,0
constant_mean_eb,none,fixed,256,16,3,0.02903635799884796,4096
summary_ridge_eb,none,fixed,256,16,3,0.03250794857740402,4096
neural_eb,neural_bidir_seed0_eb,fixed,256,16,3,0.027729343622922897,4096
neural_eb,neural_bidir_seed1_eb,fixed,256,16,3,0.028035257011651993,4096
neural_eb,neural_bidir_seed2_eb,fixed,256,16,3,0.027007773518562317,4096
neural_eb,neural_bidir_seed3_eb,fixed,256,16,3,0.027132201939821243,4096
neural_eb,neural_bidir_seed4_eb,fixed,256,16,3,0.02714846283197403,4096
summary_ridge_eb,none,pilot,3,16,3,0.047234002500772476,4096
neural_eb,neural_bidir_seed0_eb,pilot,3,16,3,0.06298191845417023,4096
neural_eb,neural_bidir_seed1_eb,pilot,3,16,3,0.06733297556638718,4096
neural_eb,neural_bidir_seed2_eb,pilot,3,16,3,0.05078843981027603,4096
neural_eb,neural_bidir_seed3_eb,pilot,3,16,3,0.04770324379205704,4096
neural_eb,neural_bidir_seed4_eb,pilot,3,16,3,0.05288606509566307,4096
constant_mean_prior,none,none,0,16,4,0.10577280074357986,4096
constant_median_prior,none,none,0,16,4,0.10317196696996689,4096
summary_ridge_prior,none,none,0,16,4,0.05721524357795715,4096
product_affine_prior,none,none,0,16,4,0.05132383108139038,4096
exact_marginal_affine_prior,none,none,0,16,4,0.057174596935510635,4096
neural_prior,neural_bidir_seed0_prior,none,0,16,4,0.06513391435146332,4096
neural_prior,neural_bidir_seed1_prior,none,0,16,4,0.06895589828491211,4096
neural_prior,neural_bidir_seed2_prior,none,0,16,4,0.05318651348352432,4096
neural_prior,neural_bidir_seed3_prior,none,0,16,4,0.05129692330956459,4096
neural_prior,neural_bidir_seed4_prior,none,0,16,4,0.05496829003095627,4096
neural_eb,neural_bidir_seed0_eb,fixed,4,16,4,0.0631432831287384,4096
neural_eb,neural_bidir_seed1_eb,fixed,4,16,4,0.06661829352378845,4096
neural_eb,neural_bidir_seed2_eb,fixed,4,16,4,0.05224354937672615,4096
neural_eb,neural_bidir_seed3_eb,fixed,4,16,4,0.05043096840381622,4096
neural_eb,neural_bidir_seed4_eb,fixed,4,16,4,0.05402272194623947,4096
constant_mean_eb,none,fixed,20,16,4,0.07768944650888443,4096
constant_mean_eb,none,fixed,24,16,4,0.07297906279563904,4096
summary_ridge_eb,none,fixed,24,16,4,0.054848141968250275,4096
neural_eb,neural_bidir_seed0_eb,fixed,24,16,4,0.06012515723705292,4096
neural_eb,neural_bidir_seed1_eb,fixed,24,16,4,0.06260751932859421,4096
neural_eb,neural_bidir_seed2_eb,fixed,24,16,4,0.05246308073401451,4096
neural_eb,neural_bidir_seed3_eb,fixed,24,16,4,0.05047091841697693,4096
neural_eb,neural_bidir_seed4_eb,fixed,24,16,4,0.05435996502637863,4096
constant_mean_eb,none,fixed,32,16,4,0.06671029329299927,4096
constant_mean_eb,none,fixed,36,16,4,0.06745552271604538,4096
neural_eb,neural_bidir_seed0_eb,fixed,36,16,4,0.05564463138580322,4096
neural_eb,neural_bidir_seed1_eb,fixed,36,16,4,0.05823849141597748,4096
neural_eb,neural_bidir_seed2_eb,fixed,36,16,4,0.04938767850399017,4096
neural_eb,neural_bidir_seed3_eb,fixed,36,16,4,0.047414060682058334,4096
neural_eb,neural_bidir_seed4_eb,fixed,36,16,4,0.051590535789728165,4096
dfe,none,fixed,40,16,4,0.07878298312425613,0
neural_eb,neural_bidir_seed0_eb,fixed,40,16,4,0.05234126001596451,4096
neural_eb,neural_bidir_seed1_eb,fixed,40,16,4,0.054445236921310425,4096
neural_eb,neural_bidir_seed2_eb,fixed,40,16,4,0.046837594360113144,4096
neural_eb,neural_bidir_seed3_eb,fixed,40,16,4,0.04519760236144066,4096
neural_eb,neural_bidir_seed4_eb,fixed,40,16,4,0.048657722771167755,4096
summary_ridge_eb,none,fixed,44,16,4,0.04716077446937561,4096
dfe,none,fixed,48,16,4,0.07072801887989044,0
constant_mean_eb,none,fixed,48,16,4,0.057582370936870575,4096
dfe,none,fixed,52,16,4,0.06948558241128922,0
neural_eb,neural_bidir_seed0_eb,fixed,52,16,4,0.050334058701992035,4096
neural_eb,neural_bidir_seed1_eb,fixed,52,16,4,0.05194934830069542,4096
neural_eb,neural_bidir_seed2_eb,fixed,52,16,4,0.0453479029238224,4096
neural_eb,neural_bidir_seed3_eb,fixed,52,16,4,0.043787047266960144,4096
neural_eb,neural_bidir_seed4_eb,fixed,52,16,4,0.04662825167179108,4096
dfe,none,fixed,60,16,4,0.06448563933372498,0
constant_mean_eb,none,fixed,60,16,4,0.05402252450585365,4096
constant_mean_eb,none,fixed,64,16,4,0.053919292986392975,4096
dfe,none,fixed,72,16,4,0.0598265677690506,0
constant_mean_eb,none,fixed,76,16,4,0.04914231598377228,4096
neural_eb,neural_bidir_seed0_eb,fixed,76,16,4,0.04361550882458687,4096
neural_eb,neural_bidir_seed1_eb,fixed,76,16,4,0.044802770018577576,4096
neural_eb,neural_bidir_seed2_eb,fixed,76,16,4,0.04008600488305092,4096
neural_eb,neural_bidir_seed3_eb,fixed,76,16,4,0.03915577381849289,4096
neural_eb,neural_bidir_seed4_eb,fixed,76,16,4,0.041158825159072876,4096
summary_ridge_eb,none,fixed,80,16,4,0.040741197764873505,4096
dfe,none,fixed,84,16,4,0.05425248295068741,0
dfe,none,fixed,92,16,4,0.052515726536512375,0
dfe,none,fixed,128,16,4,0.04444471374154091,0
constant_mean_eb,none,fixed,128,16,4,0.040571875870227814,4096
neural_eb,neural_bidir_seed0_eb,fixed,128,16,4,0.03747214376926422,4096
neural_eb,neural_bidir_seed1_eb,fixed,128,16,4,0.03829176723957062,4096
neural_eb,neural_bidir_seed2_eb,fixed,128,16,4,0.035117052495479584,4096
neural_eb,neural_bidir_seed3_eb,fixed,128,16,4,0.034184761345386505,4096
neural_eb,neural_bidir_seed4_eb,fixed,128,16,4,0.035811975598335266,4096
dfe,none,fixed,192,16,4,0.03675643354654312,0
constant_mean_eb,none,fixed,192,16,4,0.034547045826911926,4096
summary_ridge_eb,none,fixed,192,16,4,0.03150258585810661,4096
neural_eb,neural_bidir_seed0_eb,fixed,192,16,4,0.03247935324907303,4096
neural_eb,neural_bidir_seed1_eb,fixed,192,16,4,0.032974619418382645,4096
neural_eb,neural_bidir_seed2_eb,fixed,192,16,4,0.03091844916343689,4096
neural_eb,neural_bidir_seed3_eb,fixed,192,16,4,0.030341478064656258,4096
neural_eb,neural_bidir_seed4_eb,fixed,192,16,4,0.03152444213628769,4096
dfe,none,fixed,256,16,4,0.030892785638570786,0
constant_mean_eb,none,fixed,256,16,4,0.029321197420358658,4096
summary_ridge_eb,none,fixed,256,16,4,0.027583088725805283,4096
neural_eb,neural_bidir_seed0_eb,fixed,256,16,4,0.02811986766755581,4096
neural_eb,neural_bidir_seed1_eb,fixed,256,16,4,0.028416911140084267,4096
neural_eb,neural_bidir_seed2_eb,fixed,256,16,4,0.027170320972800255,4096
neural_eb,neural_bidir_seed3_eb,fixed,256,16,4,0.02685324288904667,4096
neural_eb,neural_bidir_seed4_eb,fixed,256,16,4,0.02747923880815506,4096
summary_ridge_eb,none,pilot,3,16,4,0.05614861845970154,4096
neural_eb,neural_bidir_seed0_eb,pilot,3,16,4,0.06355202943086624,4096
neural_eb,neural_bidir_seed1_eb,pilot,3,16,4,0.06704451143741608,4096
neural_eb,neural_bidir_seed2_eb,pilot,3,16,4,0.052664000540971756,4096
neural_eb,neural_bidir_seed3_eb,pilot,3,16,4,0.05085676163434982,4096
neural_eb,neural_bidir_seed4_eb,pilot,3,16,4,0.05450139194726944,4096
constant_mean_prior,none,none,0,17,0,0.10275505483150482,4096
constant_median_prior,none,none,0,17,0,0.10260949283838272,4096
summary_ridge_prior,none,none,0,17,0,0.049425020813941956,4096
product_affine_prior,none,none,0,17,0,0.05309324711561203,4096
exact_marginal_affine_prior,none,none,0,17,0,0.05788344144821167,4096
neural_prior,neural_bidir_seed0_prior,none,0,17,0,0.07138773798942566,4096
neural_prior,neural_bidir_seed1_prior,none,0,17,0,0.0769825279712677,4096
neural_prior,neural_bidir_seed2_prior,none,0,17,0,0.055829569697380066,4096
neural_prior,neural_bidir_seed3_prior,none,0,17,0,0.051858462393283844,4096
neural_prior,neural_bidir_seed4_prior,none,0,17,0,0.0576227642595768,4096
neural_eb,neural_bidir_seed0_eb,fixed,4,17,0,0.06837595254182816,4096
neural_eb,neural_bidir_seed1_eb,fixed,4,17,0,0.07334886491298676,4096
neural_eb,neural_bidir_seed2_eb,fixed,4,17,0,0.05458292365074158,4096
neural_eb,neural_bidir_seed3_eb,fixed,4,17,0,0.05087948590517044,4096
neural_eb,neural_bidir_seed4_eb,fixed,4,17,0,0.056447770446538925,4096
constant_mean_eb,none,fixed,20,17,0,0.07488550990819931,4096
constant_mean_eb,none,fixed,24,17,0,0.07134921103715897,4096
summary_ridge_eb,none,fixed,24,17,0,0.04661114141345024,4096
neural_eb,neural_bidir_seed0_eb,fixed,24,17,0,0.059282273054122925,4096
neural_eb,neural_bidir_seed1_eb,fixed,24,17,0,0.062357671558856964,4096
neural_eb,neural_bidir_seed2_eb,fixed,24,17,0,0.05044546350836754,4096
neural_eb,neural_bidir_seed3_eb,fixed,24,17,0,0.047479987144470215,4096
neural_eb,neural_bidir_seed4_eb,fixed,24,17,0,0.05170208588242531,4096
constant_mean_eb,none,fixed,32,17,0,0.06549682468175888,4096
constant_mean_eb,none,fixed,36,17,0,0.06213712692260742,4096
neural_eb,neural_bidir_seed0_eb,fixed,36,17,0,0.05333872139453888,4096
neural_eb,neural_bidir_seed1_eb,fixed,36,17,0,0.055806614458560944,4096
neural_eb,neural_bidir_seed2_eb,fixed,36,17,0,0.0465923435986042,4096
neural_eb,neural_bidir_seed3_eb,fixed,36,17,0,0.04418905824422836,4096
neural_eb,neural_bidir_seed4_eb,fixed,36,17,0,0.04805919528007507,4096
dfe,none,fixed,40,17,0,0.07917775958776474,0
neural_eb,neural_bidir_seed0_eb,fixed,40,17,0,0.051765382289886475,4096
neural_eb,neural_bidir_seed1_eb,fixed,40,17,0,0.05397454649209976,4096
neural_eb,neural_bidir_seed2_eb,fixed,40,17,0,0.045489586889743805,4096
neural_eb,neural_bidir_seed3_eb,fixed,40,17,0,0.043181464076042175,4096
neural_eb,neural_bidir_seed4_eb,fixed,40,17,0,0.046753428876399994,4096
summary_ridge_eb,none,fixed,44,17,0,0.042217303067445755,4096
dfe,none,fixed,48,17,0,0.07151826471090317,0
constant_mean_eb,none,fixed,48,17,0,0.056922797113657,4096
dfe,none,fixed,52,17,0,0.06948749721050262,0
neural_eb,neural_bidir_seed0_eb,fixed,52,17,0,0.04890834912657738,4096
neural_eb,neural_bidir_seed1_eb,fixed,52,17,0,0.05080052837729454,4096
neural_eb,neural_bidir_seed2_eb,fixed,52,17,0,0.04316882789134979,4096
neural_eb,neural_bidir_seed3_eb,fixed,52,17,0,0.04102189093828201,4096
neural_eb,neural_bidir_seed4_eb,fixed,52,17,0,0.044136419892311096,4096
dfe,none,fixed,60,17,0,0.06513449549674988,0
constant_mean_eb,none,fixed,60,17,0,0.052735790610313416,4096
constant_mean_eb,none,fixed,64,17,0,0.05189068242907524,4096
dfe,none,fixed,72,17,0,0.05839229375123978,0
constant_mean_eb,none,fixed,76,17,0,0.04869846999645233,4096
neural_eb,neural_bidir_seed0_eb,fixed,76,17,0,0.043927423655986786,4096
neural_eb,neural_bidir_seed1_eb,fixed,76,17,0,0.045222207903862,4096
neural_eb,neural_bidir_seed2_eb,fixed,76,17,0,0.039748527109622955,4096
neural_eb,neural_bidir_seed3_eb,fixed,76,17,0,0.03807253763079643,4096
neural_eb,neural_bidir_seed4_eb,fixed,76,17,0,0.0406612828373909,4096
summary_ridge_eb,none,fixed,80,17,0,0.03772382438182831,4096
dfe,none,fixed,84,17,0,0.05525648966431618,0
dfe,none,fixed,92,17,0,0.052440039813518524,0
dfe,none,fixed,128,17,0,0.04498516023159027,0
constant_mean_eb,none,fixed,128,17,0,0.04005895555019379,4096
neural_eb,neural_bidir_seed0_eb,fixed,128,17,0,0.037439823150634766,4096
neural_eb,neural_bidir_seed1_eb,fixed,128,17,0,0.0382009781897068,4096
neural_eb,neural_bidir_seed2_eb,fixed,128,17,0,0.034653447568416595,4096
neural_eb,neural_bidir_seed3_eb,fixed,128,17,0,0.03343644738197327,4096
neural_eb,neural_bidir_seed4_eb,fixed,128,17,0,0.035114362835884094,4096
dfe,none,fixed,192,17,0,0.03565334528684616,0
constant_mean_eb,none,fixed,192,17,0,0.03314315155148506,4096
summary_ridge_eb,none,fixed,192,17,0,0.029400330036878586,4096
neural_eb,neural_bidir_seed0_eb,fixed,192,17,0,0.03130277991294861,4096
neural_eb,neural_bidir_seed1_eb,fixed,192,17,0,0.03180075064301491,4096
neural_eb,neural_bidir_seed2_eb,fixed,192,17,0,0.02972334995865822,4096
neural_eb,neural_bidir_seed3_eb,fixed,192,17,0,0.02903580851852894,4096
neural_eb,neural_bidir_seed4_eb,fixed,192,17,0,0.03034054860472679,4096
dfe,none,fixed,256,17,0,0.03091064840555191,0
constant_mean_eb,none,fixed,256,17,0,0.028935562819242477,4096
summary_ridge_eb,none,fixed,256,17,0,0.026645993813872337,4096
neural_eb,neural_bidir_seed0_eb,fixed,256,17,0,0.027885515242815018,4096
neural_eb,neural_bidir_seed1_eb,fixed,256,17,0,0.028282450512051582,4096
neural_eb,neural_bidir_seed2_eb,fixed,256,17,0,0.026841212064027786,4096
neural_eb,neural_bidir_seed3_eb,fixed,256,17,0,0.02628360316157341,4096
neural_eb,neural_bidir_seed4_eb,fixed,256,17,0,0.027127021923661232,4096
summary_ridge_eb,none,pilot,3,17,0,0.0489225834608078,4096
neural_eb,neural_bidir_seed0_eb,pilot,3,17,0,0.06943003088235855,4096
neural_eb,neural_bidir_seed1_eb,pilot,3,17,0,0.07459267973899841,4096
neural_eb,neural_bidir_seed2_eb,pilot,3,17,0,0.054897356778383255,4096
neural_eb,neural_bidir_seed3_eb,pilot,3,17,0,0.051095616072416306,4096
neural_eb,neural_bidir_seed4_eb,pilot,3,17,0,0.05665870010852814,4096
constant_mean_prior,none,none,0,17,1,0.10327364504337311,4096
constant_median_prior,none,none,0,17,1,0.10312474519014359,4096
summary_ridge_prior,none,none,0,17,1,0.04841404780745506,4096
product_affine_prior,none,none,0,17,1,0.05325647443532944,4096
exact_marginal_affine_prior,none,none,0,17,1,0.05790400132536888,4096
neural_prior,neural_bidir_seed0_prior,none,0,17,1,0.06927786767482758,4096
neural_prior,neural_bidir_seed1_prior,none,0,17,1,0.0746285617351532,4096
neural_prior,neural_bidir_seed2_prior,none,0,17,1,0.05372130125761032,4096
neural_prior,neural_bidir_seed3_prior,none,0,17,1,0.04994220286607742,4096
neural_prior,neural_bidir_seed4_prior,none,0,17,1,0.055527664721012115,4096
neural_eb,neural_bidir_seed0_eb,fixed,4,17,1,0.06700362265110016,4096
neural_eb,neural_bidir_seed1_eb,fixed,4,17,1,0.07212254405021667,4096
neural_eb,neural_bidir_seed2_eb,fixed,4,17,1,0.052958663552999496,4096
neural_eb,neural_bidir_seed3_eb,fixed,4,17,1,0.04927230253815651,4096
neural_eb,neural_bidir_seed4_eb,fixed,4,17,1,0.05491914600133896,4096
constant_mean_eb,none,fixed,20,17,1,0.07590992748737335,4096
constant_mean_eb,none,fixed,24,17,1,0.07181163877248764,4096
summary_ridge_eb,none,fixed,24,17,1,0.046181268990039825,4096
neural_eb,neural_bidir_seed0_eb,fixed,24,17,1,0.05777212232351303,4096
neural_eb,neural_bidir_seed1_eb,fixed,24,17,1,0.06144246831536293,4096
neural_eb,neural_bidir_seed2_eb,fixed,24,17,1,0.04970250651240349,4096
neural_eb,neural_bidir_seed3_eb,fixed,24,17,1,0.046499088406562805,4096
neural_eb,neural_bidir_seed4_eb,fixed,24,17,1,0.051980193704366684,4096
constant_mean_eb,none,fixed,32,17,1,0.06473006308078766,4096
constant_mean_eb,none,fixed,36,17,1,0.06274554133415222,4096
neural_eb,neural_bidir_seed0_eb,fixed,36,17,1,0.05246557667851448,4096
neural_eb,neural_bidir_seed1_eb,fixed,36,17,1,0.055545154958963394,4096
neural_eb,neural_bidir_seed2_eb,fixed,36,17,1,0.04621456563472748,4096
neural_eb,neural_bidir_seed3_eb,fixed,36,17,1,0.043294236063957214,4096
neural_eb,neural_bidir_seed4_eb,fixed,36,17,1,0.04881681874394417,4096
dfe,none,fixed,40,17,1,0.08000838756561279,0
neural_eb,neural_bidir_seed0_eb,fixed,40,17,1,0.05276091396808624,4096
neural_eb,neural_bidir_seed1_eb,fixed,40,17,1,0.05573274940252304,4096
neural_eb,neural_bidir_seed2_eb,fixed,40,17,1,0.04642530530691147,4096
neural_eb,neural_bidir_seed3_eb,fixed,40,17,1,0.04349936544895172,4096
neural_eb,neural_bidir_seed4_eb,fixed,40,17,1,0.0487545020878315,4096
summary_ridge_eb,none,fixed,44,17,1,0.042398449033498764,4096
dfe,none,fixed,48,17,1,0.07121578603982925,0
constant_mean_eb,none,fixed,48,17,1,0.05716928839683533,4096
dfe,none,fixed,52,17,1,0.06814238429069519,0
neural_eb,neural_bidir_seed0_eb,fixed,52,17,1,0.04817325621843338,4096
neural_eb,neural_bidir_seed1_eb,fixed,52,17,1,0.05077825114130974,4096
neural_eb,neural_bidir_seed2_eb,fixed,52,17,1,0.04389805346727371,4096
neural_eb,neural_bidir_seed3_eb,fixed,52,17,1,0.040916234254837036,4096
neural_eb,neural_bidir_seed4_eb,fixed,52,17,1,0.04630201309919357,4096
dfe,none,fixed,60,17,1,0.06392668187618256,0
constant_mean_eb,none,fixed,60,17,1,0.052379708737134933,4096
constant_mean_eb,none,fixed,64,17,1,0.05110413581132889,4096
dfe,none,fixed,72,17,1,0.05849694460630417,0
constant_mean_eb,none,fixed,76,17,1,0.0490369014441967,4096
neural_eb,neural_bidir_seed0_eb,fixed,76,17,1,0.04388081282377243,4096
neural_eb,neural_bidir_seed1_eb,fixed,76,17,1,0.04609466344118118,4096
neural_eb,neural_bidir_seed2_eb,fixed,76,17,1,0.04119003936648369,4096
neural_eb,neural_bidir_seed3_eb,fixed,76,17,1,0.03854483366012573,4096
neural_eb,neural_bidir_seed4_eb,fixed,76,17,1,0.04386500269174576,4096
summary_ridge_eb,none,fixed,80,17,1,0.03844963386654854,4096
dfe,none,fixed,84,17,1,0.05550207942724228,0
dfe,none,fixed,92,17,1,0.051915865391492844,0
dfe,none,fixed,128,17,1,0.04451116919517517,0
constant_mean_eb,none,fixed,128,17,1,0.03986683487892151,4096
neural_eb,neural_bidir_seed0_eb,fixed,128,17,1,0.03694229573011398,4096
neural_eb,neural_bidir_seed1_eb,fixed,128,17,1,0.03828151151537895,4096
neural_eb,neural_bidir_seed2_eb,fixed,128,17,1,0.03607439249753952,4096
neural_eb,neural_bidir_seed3_eb,fixed,128,17,1,0.03389408439397812,4096
neural_eb,neural_bidir_seed4_eb,fixed,128,17,1,0.038442399352788925,4096
dfe,none,fixed,192,17,1,0.036065757274627686,0
constant_mean_eb,none,fixed,192,17,1,0.033475473523139954,4096
summary_ridge_eb,none,fixed,192,17,1,0.02985364943742752,4096
neural_eb,neural_bidir_seed0_eb,fixed,192,17,1,0.031480707228183746,4096
neural_eb,neural_bidir_seed1_eb,fixed,192,17,1,0.03235013037919998,4096
neural_eb,neural_bidir_seed2_eb,fixed,192,17,1,0.03184074908494949,4096
neural_eb,neural_bidir_seed3_eb,fixed,192,17,1,0.0300801619887352,4096
neural_eb,neural_bidir_seed4_eb,fixed,192,17,1,0.03446424752473831,4096
dfe,none,fixed,256,17,1,0.030727745965123177,0
constant_mean_eb,none,fixed,256,17,1,0.02861582487821579,4096
summary_ridge_eb,none,fixed,256,17,1,0.02650013379752636,4096
neural_eb,neural_bidir_seed0_eb,fixed,256,17,1,0.02701197937130928,4096
neural_eb,neural_bidir_seed1_eb,fixed,256,17,1,0.027647875249385834,4096
neural_eb,neural_bidir_seed2_eb,fixed,256,17,1,0.027644583955407143,4096
neural_eb,neural_bidir_seed3_eb,fixed,256,17,1,0.026205819100141525,4096
neural_eb,neural_bidir_seed4_eb,fixed,256,17,1,0.02998863346874714,4096
summary_ridge_eb,none,pilot,3,17,1,0.047885604202747345,4096
neural_eb,neural_bidir_seed0_eb,pilot,3,17,1,0.0676383525133133,4096
neural_eb,neural_bidir_seed1_eb,pilot,3,17,1,0.07282774895429611,4096
neural_eb,neural_bidir_seed2_eb,pilot,3,17,1,0.05314864218235016,4096
neural_eb,neural_bidir_seed3_eb,pilot,3,17,1,0.04938473179936409,4096
neural_eb,neural_bidir_seed4_eb,pilot,3,17,1,0.055048421025276184,4096
constant_mean_prior,none,none,0,17,2,0.1050565093755722,4096
constant_median_prior,none,none,0,17,2,0.10629099607467651,4096
summary_ridge_prior,none,none,0,17,2,0.04975883662700653,4096
product_affine_prior,none,none,0,17,2,0.05259048193693161,4096
exact_marginal_affine_prior,none,none,0,17,2,0.058455824851989746,4096
neural_prior,neural_bidir_seed0_prior,none,0,17,2,0.06633703410625458,4096
neural_prior,neural_bidir_seed1_prior,none,0,17,2,0.07106049358844757,4096
neural_prior,neural_bidir_seed2_prior,none,0,17,2,0.052355002611875534,4096
neural_prior,neural_bidir_seed3_prior,none,0,17,2,0.04918087273836136,4096
neural_prior,neural_bidir_seed4_prior,none,0,17,2,0.0542241707444191,4096
neural_eb,neural_bidir_seed0_eb,fixed,4,17,2,0.06432180106639862,4096
neural_eb,neural_bidir_seed1_eb,fixed,4,17,2,0.06854887306690216,4096
neural_eb,neural_bidir_seed2_eb,fixed,4,17,2,0.05142459273338318,4096
neural_eb,neural_bidir_seed3_eb,fixed,4,17,2,0.04833352565765381,4096
neural_eb,neural_bidir_seed4_eb,fixed,4,17,2,0.053130850195884705,4096
constant_mean_eb,none,fixed,20,17,2,0.07624462246894836,4096
constant_mean_eb,none,fixed,24,17,2,0.07159820199012756,4096
summary_ridge_eb,none,fixed,24,17,2,0.047164104878902435,4096
neural_eb,neural_bidir_seed0_eb,fixed,24,17,2,0.057049840688705444,4096
neural_eb,neural_bidir_seed1_eb,fixed,24,17,2,0.05960914492607117,4096
neural_eb,neural_bidir_seed2_eb,fixed,24,17,2,0.04861050471663475,4096
neural_eb,neural_bidir_seed3_eb,fixed,24,17,2,0.046458303928375244,4096
neural_eb,neural_bidir_seed4_eb,fixed,24,17,2,0.05001510679721832,4096
constant_mean_eb,none,fixed,32,17,2,0.06600843369960785,4096
constant_mean_eb,none,fixed,36,17,2,0.0639122948050499,4096
neural_eb,neural_bidir_seed0_eb,fixed,36,17,2,0.05228494107723236,4096
neural_eb,neural_bidir_seed1_eb,fixed,36,17,2,0.05415395647287369,4096
neural_eb,neural_bidir_seed2_eb,fixed,36,17,2,0.04535346478223801,4096
neural_eb,neural_bidir_seed3_eb,fixed,36,17,2,0.0436711460351944,4096
neural_eb,neural_bidir_seed4_eb,fixed,36,17,2,0.046534888446331024,4096
dfe,none,fixed,40,17,2,0.08101341873407364,0
neural_eb,neural_bidir_seed0_eb,fixed,40,17,2,0.051363930106163025,4096
neural_eb,neural_bidir_seed1_eb,fixed,40,17,2,0.053464531898498535,4096
neural_eb,neural_bidir_seed2_eb,fixed,40,17,2,0.044516392052173615,4096
neural_eb,neural_bidir_seed3_eb,fixed,40,17,2,0.04283757135272026,4096
neural_eb,neural_bidir_seed4_eb,fixed,40,17,2,0.04577212780714035,4096
summary_ridge_eb,none,fixed,44,17,2,0.04374489188194275,4096
dfe,none,fixed,48,17,2,0.0727924108505249,0
constant_mean_eb,none,fixed,48,17,2,0.05749952793121338,4096
dfe,none,fixed,52,17,2,0.06944651901721954,0
neural_eb,neural_bidir_seed0_eb,fixed,52,17,2,0.04722827672958374,4096
neural_eb,neural_bidir_seed1_eb,fixed,52,17,2,0.04885166138410568,4096
neural_eb,neural_bidir_seed2_eb,fixed,52,17,2,0.041863374412059784,4096
neural_eb,neural_bidir_seed3_eb,fixed,52,17,2,0.04031241685152054,4096
neural_eb,neural_bidir_seed4_eb,fixed,52,17,2,0.043040625751018524,4096
dfe,none,fixed,60,17,2,0.06444720923900604,0
constant_mean_eb,none,fixed,60,17,2,0.053537577390670776,4096
constant_mean_eb,none,fixed,64,17,2,0.051130712032318115,4096
dfe,none,fixed,72,17,2,0.06014721095561981,0
constant_mean_eb,none,fixed,76,17,2,0.04823867976665497,4096
neural_eb,neural_bidir_seed0_eb,fixed,76,17,2,0.042168907821178436,4096
neural_eb,neural_bidir_seed1_eb,fixed,76,17,2,0.043389301747083664,4096
neural_eb,neural_bidir_seed2_eb,fixed,76,17,2,0.03838788717985153,4096
neural_eb,neural_bidir_seed3_eb,fixed,76,17,2,0.03713828697800636,4096
neural_eb,neural_bidir_seed4_eb,fixed,76,17,2,0.039104901254177094,4096
summary_ridge_eb,none,fixed,80,17,2,0.04003132879734039,4096
dfe,none,fixed,84,17,2,0.05438312515616417,0
dfe,none,fixed,92,17,2,0.05301504582166672,0
dfe,none,fixed,128,17,2,0.04453277960419655,0
constant_mean_eb,none,fixed,128,17,2,0.039793990552425385,4096
neural_eb,neural_bidir_seed0_eb,fixed,128,17,2,0.03633246570825577,4096
neural_eb,neural_bidir_seed1_eb,fixed,128,17,2,0.03717740997672081,4096
neural_eb,neural_bidir_seed2_eb,fixed,128,17,2,0.03383002057671547,4096
neural_eb,neural_bidir_seed3_eb,fixed,128,17,2,0.03298494219779968,4096
neural_eb,neural_bidir_seed4_eb,fixed,128,17,2,0.03439126908779144,4096
dfe,none,fixed,192,17,2,0.036003418266773224,0
constant_mean_eb,none,fixed,192,17,2,0.03339071571826935,4096
summary_ridge_eb,none,fixed,192,17,2,0.03126520663499832,4096
neural_eb,neural_bidir_seed0_eb,fixed,192,17,2,0.03121889755129814,4096
neural_eb,neural_bidir_seed1_eb,fixed,192,17,2,0.031710658222436905,4096
neural_eb,neural_bidir_seed2_eb,fixed,192,17,2,0.029415391385555267,4096
neural_eb,neural_bidir_seed3_eb,fixed,192,17,2,0.028754111379384995,4096
neural_eb,neural_bidir_seed4_eb,fixed,192,17,2,0.029809165745973587,4096
dfe,none,fixed,256,17,2,0.03151050955057144,0
constant_mean_eb,none,fixed,256,17,2,0.029870174825191498,4096
summary_ridge_eb,none,fixed,256,17,2,0.028067607432603836,4096
neural_eb,neural_bidir_seed0_eb,fixed,256,17,2,0.028544507920742035,4096
neural_eb,neural_bidir_seed1_eb,fixed,256,17,2,0.028850656002759933,4096
neural_eb,neural_bidir_seed2_eb,fixed,256,17,2,0.0272350050508976,4096
neural_eb,neural_bidir_seed3_eb,fixed,256,17,2,0.026781102642416954,4096
neural_eb,neural_bidir_seed4_eb,fixed,256,17,2,0.0275285504758358,4096
summary_ridge_eb,none,pilot,3,17,2,0.04931626841425896,4096
neural_eb,neural_bidir_seed0_eb,pilot,3,17,2,0.06470122933387756,4096
neural_eb,neural_bidir_seed1_eb,pilot,3,17,2,0.06914222240447998,4096
neural_eb,neural_bidir_seed2_eb,pilot,3,17,2,0.0515768900513649,4096
neural_eb,neural_bidir_seed3_eb,pilot,3,17,2,0.048525452613830566,4096
neural_eb,neural_bidir_seed4_eb,pilot,3,17,2,0.05345217511057854,4096
constant_mean_prior,none,none,0,17,3,0.10265004634857178,4096
constant_median_prior,none,none,0,17,3,0.10274641215801239,4096
summary_ridge_prior,none,none,0,17,3,0.056895188987255096,4096
product_affine_prior,none,none,0,17,3,0.05962703377008438,4096
exact_marginal_affine_prior,none,none,0,17,3,0.06338879466056824,4096
neural_prior,neural_bidir_seed0_prior,none,0,17,3,0.07214996218681335,4096
neural_prior,neural_bidir_seed1_prior,none,0,17,3,0.07827885448932648,4096
neural_prior,neural_bidir_seed2_prior,none,0,17,3,0.05666297674179077,4096
neural_prior,neural_bidir_seed3_prior,none,0,17,3,0.05304141342639923,4096
neural_prior,neural_bidir_seed4_prior,none,0,17,3,0.05876435339450836,4096
neural_eb,neural_bidir_seed0_eb,fixed,4,17,3,0.07214996218681335,4096
neural_eb,neural_bidir_seed1_eb,fixed,4,17,3,0.07827885448932648,4096
neural_eb,neural_bidir_seed2_eb,fixed,4,17,3,0.05666297674179077,4096
neural_eb,neural_bidir_seed3_eb,fixed,4,17,3,0.05304141342639923,4096
neural_eb,neural_bidir_seed4_eb,fixed,4,17,3,0.05874162167310715,4096
constant_mean_eb,none,fixed,20,17,3,0.0774998590350151,4096
constant_mean_eb,none,fixed,24,17,3,0.07109954953193665,4096
summary_ridge_eb,none,fixed,24,17,3,0.04926295578479767,4096
neural_eb,neural_bidir_seed0_eb,fixed,24,17,3,0.0732642337679863,4096
neural_eb,neural_bidir_seed1_eb,fixed,24,17,3,0.07938100397586823,4096
neural_eb,neural_bidir_seed2_eb,fixed,24,17,3,0.058053672313690186,4096
neural_eb,neural_bidir_seed3_eb,fixed,24,17,3,0.0543825700879097,4096
neural_eb,neural_bidir_seed4_eb,fixed,24,17,3,0.059787817299366,4096
constant_mean_eb,none,fixed,32,17,3,0.06550368666648865,4096
constant_mean_eb,none,fixed,36,17,3,0.0635802149772644,4096
neural_eb,neural_bidir_seed0_eb,fixed,36,17,3,0.07219348102807999,4096
neural_eb,neural_bidir_seed1_eb,fixed,36,17,3,0.07833333313465118,4096
neural_eb,neural_bidir_seed2_eb,fixed,36,17,3,0.056766577064991,4096
neural_eb,neural_bidir_seed3_eb,fixed,36,17,3,0.053136274218559265,4096
neural_eb,neural_bidir_seed4_eb,fixed,36,17,3,0.05850963667035103,4096
dfe,none,fixed,40,17,3,0.0800858587026596,0
neural_eb,neural_bidir_seed0_eb,fixed,40,17,3,0.07220448553562164,4096
neural_eb,neural_bidir_seed1_eb,fixed,40,17,3,0.07834484428167343,4096
neural_eb,neural_bidir_seed2_eb,fixed,40,17,3,0.056763142347335815,4096
neural_eb,neural_bidir_seed3_eb,fixed,40,17,3,0.05313529446721077,4096
neural_eb,neural_bidir_seed4_eb,fixed,40,17,3,0.05843760073184967,4096
summary_ridge_eb,none,fixed,44,17,3,0.0444088838994503,4096
dfe,none,fixed,48,17,3,0.0716773197054863,0
constant_mean_eb,none,fixed,48,17,3,0.05642437934875488,4096
dfe,none,fixed,52,17,3,0.07118620723485947,0
neural_eb,neural_bidir_seed0_eb,fixed,52,17,3,0.07213681936264038,4096
neural_eb,neural_bidir_seed1_eb,fixed,52,17,3,0.07826850563287735,4096
neural_eb,neural_bidir_seed2_eb,fixed,52,17,3,0.0566568560898304,4096
neural_eb,neural_bidir_seed3_eb,fixed,52,17,3,0.05303378403186798,4096
neural_eb,neural_bidir_seed4_eb,fixed,52,17,3,0.05824383348226547,4096
dfe,none,fixed,60,17,3,0.06386001408100128,0
constant_mean_eb,none,fixed,60,17,3,0.05427218973636627,4096
constant_mean_eb,none,fixed,64,17,3,0.05223892629146576,4096
dfe,none,fixed,72,17,3,0.059323858469724655,0
constant_mean_eb,none,fixed,76,17,3,0.049312762916088104,4096
neural_eb,neural_bidir_seed0_eb,fixed,76,17,3,0.07214996218681335,4096
neural_eb,neural_bidir_seed1_eb,fixed,76,17,3,0.07827885448932648,4096
neural_eb,neural_bidir_seed2_eb,fixed,76,17,3,0.05666297674179077,4096
neural_eb,neural_bidir_seed3_eb,fixed,76,17,3,0.05304141342639923,4096
neural_eb,neural_bidir_seed4_eb,fixed,76,17,3,0.0581086203455925,4096
summary_ridge_eb,none,fixed,80,17,3,0.03850488364696503,4096
dfe,none,fixed,84,17,3,0.05369572341442108,0
dfe,none,fixed,92,17,3,0.05070537328720093,0
dfe,none,fixed,128,17,3,0.04406478628516197,0
constant_mean_eb,none,fixed,128,17,3,0.03969912230968475,4096
neural_eb,neural_bidir_seed0_eb,fixed,128,17,3,0.07214996218681335,4096
neural_eb,neural_bidir_seed1_eb,fixed,128,17,3,0.07827885448932648,4096
neural_eb,neural_bidir_seed2_eb,fixed,128,17,3,0.05666297674179077,4096
neural_eb,neural_bidir_seed3_eb,fixed,128,17,3,0.05304141342639923,4096
neural_eb,neural_bidir_seed4_eb,fixed,128,17,3,0.05769914388656616,4096
dfe,none,fixed,192,17,3,0.03627855330705643,0
constant_mean_eb,none,fixed,192,17,3,0.03369700163602829,4096
summary_ridge_eb,none,fixed,192,17,3,0.029797717928886414,4096
neural_eb,neural_bidir_seed0_eb,fixed,192,17,3,0.07214996218681335,4096
neural_eb,neural_bidir_seed1_eb,fixed,192,17,3,0.07827885448932648,4096
neural_eb,neural_bidir_seed2_eb,fixed,192,17,3,0.05666297674179077,4096
neural_eb,neural_bidir_seed3_eb,fixed,192,17,3,0.05304141342639923,4096
neural_eb,neural_bidir_seed4_eb,fixed,192,17,3,0.05727887898683548,4096
dfe,none,fixed,256,17,3,0.03117498755455017,0
constant_mean_eb,none,fixed,256,17,3,0.02951037883758545,4096
summary_ridge_eb,none,fixed,256,17,3,0.026644883677363396,4096
neural_eb,neural_bidir_seed0_eb,fixed,256,17,3,0.07214996218681335,4096
neural_eb,neural_bidir_seed1_eb,fixed,256,17,3,0.07827885448932648,4096
neural_eb,neural_bidir_seed2_eb,fixed,256,17,3,0.05666297674179077,4096
neural_eb,neural_bidir_seed3_eb,fixed,256,17,3,0.05304141342639923,4096
neural_eb,neural_bidir_seed4_eb,fixed,256,17,3,0.0568675622344017,4096
summary_ridge_eb,none,pilot,3,17,3,0.05645926296710968,4096
neural_eb,neural_bidir_seed0_eb,pilot,3,17,3,0.07214996218681335,4096
neural_eb,neural_bidir_seed1_eb,pilot,3,17,3,0.07827885448932648,4096
neural_eb,neural_bidir_seed2_eb,pilot,3,17,3,0.05666297674179077,4096
neural_eb,neural_bidir_seed3_eb,pilot,3,17,3,0.05304141342639923,4096
neural_eb,neural_bidir_seed4_eb,pilot,3,17,3,0.05875036492943764,4096
constant_mean_prior,none,none,0,17,4,0.10257449746131897,4096
constant_median_prior,none,none,0,17,4,0.10290583968162537,4096
summary_ridge_prior,none,none,0,17,4,0.049604661762714386,4096
product_affine_prior,none,none,0,17,4,0.054512977600097656,4096
exact_marginal_affine_prior,none,none,0,17,4,0.05928628519177437,4096
neural_prior,neural_bidir_seed0_prior,none,0,17,4,0.07384411990642548,4096
neural_prior,neural_bidir_seed1_prior,none,0,17,4,0.08000290393829346,4096
neural_prior,neural_bidir_seed2_prior,none,0,17,4,0.058237865567207336,4096
neural_prior,neural_bidir_seed3_prior,none,0,17,4,0.053975895047187805,4096
neural_prior,neural_bidir_seed4_prior,none,0,17,4,0.05989857017993927,4096
neural_eb,neural_bidir_seed0_eb,fixed,4,17,4,0.07180824875831604,4096
neural_eb,neural_bidir_seed1_eb,fixed,4,17,4,0.0772930234670639,4096
neural_eb,neural_bidir_seed2_eb,fixed,4,17,4,0.05735698714852333,4096
neural_eb,neural_bidir_seed3_eb,fixed,4,17,4,0.053250525146722794,4096
neural_eb,neural_bidir_seed4_eb,fixed,4,17,4,0.0587831512093544,4096
constant_mean_eb,none,fixed,20,17,4,0.07572516798973083,4096
constant_mean_eb,none,fixed,24,17,4,0.07090403139591217,4096
summary_ridge_eb,none,fixed,24,17,4,0.04584452882409096,4096
neural_eb,neural_bidir_seed0_eb,fixed,24,17,4,0.061057012528181076,4096
neural_eb,neural_bidir_seed1_eb,fixed,24,17,4,0.06436467915773392,4096
neural_eb,neural_bidir_seed2_eb,fixed,24,17,4,0.0522800050675869,4096
neural_eb,neural_bidir_seed3_eb,fixed,24,17,4,0.04863914102315903,4096
neural_eb,neural_bidir_seed4_eb,fixed,24,17,4,0.05252806097269058,4096
constant_mean_eb,none,fixed,32,17,4,0.06516557186841965,4096
constant_mean_eb,none,fixed,36,17,4,0.06300324201583862,4096
neural_eb,neural_bidir_seed0_eb,fixed,36,17,4,0.057040296494960785,4096
neural_eb,neural_bidir_seed1_eb,fixed,36,17,4,0.05955685302615166,4096
neural_eb,neural_bidir_seed2_eb,fixed,36,17,4,0.04934992641210556,4096
neural_eb,neural_bidir_seed3_eb,fixed,36,17,4,0.045960117131471634,4096
neural_eb,neural_bidir_seed4_eb,fixed,36,17,4,0.04954446852207184,4096
dfe,none,fixed,40,17,4,0.08149285614490509,0
neural_eb,neural_bidir_seed0_eb,fixed,40,17,4,0.05526699498295784,4096
neural_eb,neural_bidir_seed1_eb,fixed,40,17,4,0.05778942257165909,4096
neural_eb,neural_bidir_seed2_eb,fixed,40,17,4,0.04881168156862259,4096
neural_eb,neural_bidir_seed3_eb,fixed,40,17,4,0.04546066373586655,4096
neural_eb,neural_bidir_seed4_eb,fixed,40,17,4,0.04904920607805252,4096
summary_ridge_eb,none,fixed,44,17,4,0.04124213382601738,4096
dfe,none,fixed,48,17,4,0.0720197856426239,0
constant_mean_eb,none,fixed,48,17,4,0.05666834115982056,4096
dfe,none,fixed,52,17,4,0.06953815370798111,0
neural_eb,neural_bidir_seed0_eb,fixed,52,17,4,0.05102840065956116,4096
neural_eb,neural_bidir_seed1_eb,fixed,52,17,4,0.05290308594703674,4096
neural_eb,neural_bidir_seed2_eb,fixed,52,17,4,0.04558776691555977,4096
neural_eb,neural_bidir_seed3_eb,fixed,52,17,4,0.04243963956832886,4096
neural_eb,neural_bidir_seed4_eb,fixed,52,17,4,0.04531800001859665,4096
dfe,none,fixed,60,17,4,0.06580986082553864,0
constant_mean_eb,none,fixed,60,17,4,0.05386213958263397,4096
constant_mean_eb,none,fixed,64,17,4,0.05182816833257675,4096
dfe,none,fixed,72,17,4,0.05883600190281868,0
constant_mean_eb,none,fixed,76,17,4,0.04858015105128288,4096
neural_eb,neural_bidir_seed0_eb,fixed,76,17,4,0.04619882255792618,4096
neural_eb,neural_bidir_seed1_eb,fixed,76,17,4,0.04762306064367294,4096
neural_eb,neural_bidir_seed2_eb,fixed,76,17,4,0.04245077073574066,4096
neural_eb,neural_bidir_seed3_eb,fixed,76,17,4,0.0398535281419754,4096
neural_eb,neural_bidir_seed4_eb,fixed,76,17,4,0.042107101529836655,4096
summary_ridge_eb,none,fixed,80,17,4,0.03799828141927719,4096
dfe,none,fixed,84,17,4,0.054132089018821716,0
dfe,none,fixed,92,17,4,0.05220432206988335,0
dfe,none,fixed,128,17,4,0.04447066783905029,0
constant_mean_eb,none,fixed,128,17,4,0.03994571045041084,4096
neural_eb,neural_bidir_seed0_eb,fixed,128,17,4,0.03911368548870087,4096
neural_eb,neural_bidir_seed1_eb,fixed,128,17,4,0.03988926112651825,4096
neural_eb,neural_bidir_seed2_eb,fixed,128,17,4,0.03773538023233414,4096
neural_eb,neural_bidir_seed3_eb,fixed,128,17,4,0.035657159984111786,4096
neural_eb,neural_bidir_seed4_eb,fixed,128,17,4,0.03703059256076813,4096
dfe,none,fixed,192,17,4,0.03613267093896866,0
constant_mean_eb,none,fixed,192,17,4,0.03326594829559326,4096
summary_ridge_eb,none,fixed,192,17,4,0.02931830659508705,4096
neural_eb,neural_bidir_seed0_eb,fixed,192,17,4,0.03305208683013916,4096
neural_eb,neural_bidir_seed1_eb,fixed,192,17,4,0.03343323618173599,4096
neural_eb,neural_bidir_seed2_eb,fixed,192,17,4,0.03243192285299301,4096
neural_eb,neural_bidir_seed3_eb,fixed,192,17,4,0.030788864940404892,4096
neural_eb,neural_bidir_seed4_eb,fixed,192,17,4,0.031563952565193176,4096
dfe,none,fixed,256,17,4,0.03123481385409832,0
constant_mean_eb,none,fixed,256,17,4,0.029522761702537537,4096
summary_ridge_eb,none,fixed,256,17,4,0.02615894377231598,4096
neural_eb,neural_bidir_seed0_eb,fixed,256,17,4,0.029758909717202187,4096
neural_eb,neural_bidir_seed1_eb,fixed,256,17,4,0.03003028780221939,4096
neural_eb,neural_bidir_seed2_eb,fixed,256,17,4,0.029362168163061142,4096
neural_eb,neural_bidir_seed3_eb,fixed,256,17,4,0.02794014662504196,4096
neural_eb,neural_bidir_seed4_eb,fixed,256,17,4,0.028546050190925598,4096
summary_ridge_eb,none,pilot,3,17,4,0.048995163291692734,4096
neural_eb,neural_bidir_seed0_eb,pilot,3,17,4,0.07246987521648407,4096
neural_eb,neural_bidir_seed1_eb,pilot,3,17,4,0.07818984985351562,4096
neural_eb,neural_bidir_seed2_eb,pilot,3,17,4,0.057611510157585144,4096
neural_eb,neural_bidir_seed3_eb,pilot,3,17,4,0.05345894396305084,4096
neural_eb,neural_bidir_seed4_eb,pilot,3,17,4,0.05913477763533592,4096
constant_mean_prior,none,none,0,18,0,0.10590526461601257,4096
constant_median_prior,none,none,0,18,0,0.10441268980503082,4096
summary_ridge_prior,none,none,0,18,0,0.048789288848638535,4096
product_affine_prior,none,none,0,18,0,0.054244883358478546,4096
exact_marginal_affine_prior,none,none,0,18,0,0.05804646015167236,4096
neural_prior,neural_bidir_seed0_prior,none,0,18,0,0.06543898582458496,4096
neural_prior,neural_bidir_seed1_prior,none,0,18,0,0.0704759955406189,4096
neural_prior,neural_bidir_seed2_prior,none,0,18,0,0.05171307921409607,4096
neural_prior,neural_bidir_seed3_prior,none,0,18,0,0.04866090416908264,4096
neural_prior,neural_bidir_seed4_prior,none,0,18,0,0.05348704010248184,4096
neural_eb,neural_bidir_seed0_eb,fixed,4,18,0,0.06404192000627518,4096
neural_eb,neural_bidir_seed1_eb,fixed,4,18,0,0.06851986795663834,4096
neural_eb,neural_bidir_seed2_eb,fixed,4,18,0,0.05116700381040573,4096
neural_eb,neural_bidir_seed3_eb,fixed,4,18,0,0.04833848029375076,4096
neural_eb,neural_bidir_seed4_eb,fixed,4,18,0,0.05293256789445877,4096
constant_mean_eb,none,fixed,20,18,0,0.07863876968622208,4096
constant_mean_eb,none,fixed,24,18,0,0.07283051311969757,4096
summary_ridge_eb,none,fixed,24,18,0,0.048223331570625305,4096
neural_eb,neural_bidir_seed0_eb,fixed,24,18,0,0.05577237904071808,4096
neural_eb,neural_bidir_seed1_eb,fixed,24,18,0,0.05854986608028412,4096
neural_eb,neural_bidir_seed2_eb,fixed,24,18,0,0.04821894317865372,4096
neural_eb,neural_bidir_seed3_eb,fixed,24,18,0,0.046262890100479126,4096
neural_eb,neural_bidir_seed4_eb,fixed,24,18,0,0.05012965202331543,4096
constant_mean_eb,none,fixed,32,18,0,0.06547558307647705,4096
constant_mean_eb,none,fixed,36,18,0,0.06261223554611206,4096
neural_eb,neural_bidir_seed0_eb,fixed,36,18,0,0.051108572632074356,4096
neural_eb,neural_bidir_seed1_eb,fixed,36,18,0,0.053160734474658966,4096
neural_eb,neural_bidir_seed2_eb,fixed,36,18,0,0.04515836760401726,4096
neural_eb,neural_bidir_seed3_eb,fixed,36,18,0,0.04345639422535896,4096
neural_eb,neural_bidir_seed4_eb,fixed,36,18,0,0.04705143719911575,4096
dfe,none,fixed,40,18,0,0.0793195515871048,0
neural_eb,neural_bidir_seed0_eb,fixed,40,18,0,0.05068010091781616,4096
neural_eb,neural_bidir_seed1_eb,fixed,40,18,0,0.05255214124917984,4096
neural_eb,neural_bidir_seed2_eb,fixed,40,18,0,0.044474974274635315,4096
neural_eb,neural_bidir_seed3_eb,fixed,40,18,0,0.04282189905643463,4096
neural_eb,neural_bidir_seed4_eb,fixed,40,18,0,0.04626545310020447,4096
summary_ridge_eb,none,fixed,44,18,0,0.04436003789305687,4096
dfe,none,fixed,48,18,0,0.07154593616724014,0
constant_mean_eb,none,fixed,48,18,0,0.05688578635454178,4096
dfe,none,fixed,52,18,0,0.06916797161102295,0
neural_eb,neural_bidir_seed0_eb,fixed,52,18,0,0.047211140394210815,4096
neural_eb,neural_bidir_seed1_eb,fixed,52,18,0,0.04897560179233551,4096
neural_eb,neural_bidir_seed2_eb,fixed,52,18,0,0.042021743953228,4096
neural_eb,neural_bidir_seed3_eb,fixed,52,18,0,0.04067176952958107,4096
neural_eb,neural_bidir_seed4_eb,fixed,52,18,0,0.04387392848730087,4096
dfe,none,fixed,60,18,0,0.06500880420207977,0
constant_mean_eb,none,fixed,60,18,0,0.05375593900680542,4096
constant_mean_eb,none,fixed,64,18,0,0.051912494003772736,4096
dfe,none,fixed,72,18,0,0.059069178998470306,0
constant_mean_eb,none,fixed,76,18,0,0.04875495284795761,4096
neural_eb,neural_bidir_seed0_eb,fixed,76,18,0,0.043075498193502426,4096
neural_eb,neural_bidir_seed1_eb,fixed,76,18,0,0.04418625682592392,4096
neural_eb,neural_bidir_seed2_eb,fixed,76,18,0,0.03962446749210358,4096
neural_eb,neural_bidir_seed3_eb,fixed,76,18,0,0.038577668368816376,4096
neural_eb,neural_bidir_seed4_eb,fixed,76,18,0,0.04135192930698395,4096
summary_ridge_eb,none,fixed,80,18,0,0.03890281915664673,4096
dfe,none,fixed,84,18,0,0.054517712444067,0
dfe,none,fixed,92,18,0,0.05207303166389465,0
dfe,none,fixed,128,18,0,0.04457252845168114,0
constant_mean_eb,none,fixed,128,18,0,0.0398518331348896,4096
neural_eb,neural_bidir_seed0_eb,fixed,128,18,0,0.036510005593299866,4096
neural_eb,neural_bidir_seed1_eb,fixed,128,18,0,0.037233516573905945,4096
neural_eb,neural_bidir_seed2_eb,fixed,128,18,0,0.03431979566812515,4096
neural_eb,neural_bidir_seed3_eb,fixed,128,18,0,0.033682577311992645,4096
neural_eb,neural_bidir_seed4_eb,fixed,128,18,0,0.03580835089087486,4096
dfe,none,fixed,192,18,0,0.036471784114837646,0
constant_mean_eb,none,fixed,192,18,0,0.033782828599214554,4096
summary_ridge_eb,none,fixed,192,18,0,0.0319829061627388,4096
neural_eb,neural_bidir_seed0_eb,fixed,192,18,0,0.03148350119590759,4096
neural_eb,neural_bidir_seed1_eb,fixed,192,18,0,0.03198058903217316,4096
neural_eb,neural_bidir_seed2_eb,fixed,192,18,0,0.030337221920490265,4096
neural_eb,neural_bidir_seed3_eb,fixed,192,18,0,0.029958102852106094,4096
neural_eb,neural_bidir_seed4_eb,fixed,192,18,0,0.0315432995557785,4096
dfe,none,fixed,256,18,0,0.03155329078435898,0
constant_mean_eb,none,fixed,256,18,0,0.029455557465553284,4096
summary_ridge_eb,none,fixed,256,18,0,0.028521744534373283,4096
neural_eb,neural_bidir_seed0_eb,fixed,256,18,0,0.02796960063278675,4096
neural_eb,neural_bidir_seed1_eb,fixed,256,18,0,0.028306657448410988,4096
neural_eb,neural_bidir_seed2_eb,fixed,256,18,0,0.02712073363363743,4096
neural_eb,neural_bidir_seed3_eb,fixed,256,18,0,0.02690926566720009,4096
neural_eb,neural_bidir_seed4_eb,fixed,256,18,0,0.02825321815907955,4096
summary_ridge_eb,none,pilot,3,18,0,0.04835504665970802,4096
neural_eb,neural_bidir_seed0_eb,pilot,3,18,0,0.06423954665660858,4096
neural_eb,neural_bidir_seed1_eb,pilot,3,18,0,0.0689452663064003,4096
neural_eb,neural_bidir_seed2_eb,pilot,3,18,0,0.05125797539949417,4096
neural_eb,neural_bidir_seed3_eb,pilot,3,18,0,0.04830797761678696,4096
neural_eb,neural_bidir_seed4_eb,pilot,3,18,0,0.052961453795433044,4096
constant_mean_prior,none,none,0,18,1,0.10417824983596802,4096
constant_median_prior,none,none,0,18,1,0.10317196696996689,4096
summary_ridge_prior,none,none,0,18,1,0.057583268731832504,4096
product_affine_prior,none,none,0,18,1,0.05472717806696892,4096
exact_marginal_affine_prior,none,none,0,18,1,0.05848558247089386,4096
neural_prior,neural_bidir_seed0_prior,none,0,18,1,0.06733933091163635,4096
neural_prior,neural_bidir_seed1_prior,none,0,18,1,0.07271435856819153,4096
neural_prior,neural_bidir_seed2_prior,none,0,18,1,0.05248894542455673,4096
neural_prior,neural_bidir_seed3_prior,none,0,18,1,0.0491195023059845,4096
neural_prior,neural_bidir_seed4_prior,none,0,18,1,0.05412108451128006,4096
neural_eb,neural_bidir_seed0_eb,fixed,4,18,1,0.06538130342960358,4096
neural_eb,neural_bidir_seed1_eb,fixed,4,18,1,0.07036678493022919,4096
neural_eb,neural_bidir_seed2_eb,fixed,4,18,1,0.05170825496315956,4096
neural_eb,neural_bidir_seed3_eb,fixed,4,18,1,0.04840191826224327,4096
neural_eb,neural_bidir_seed4_eb,fixed,4,18,1,0.053336918354034424,4096
constant_mean_eb,none,fixed,20,18,1,0.07683096081018448,4096
constant_mean_eb,none,fixed,24,18,1,0.0717107281088829,4096
summary_ridge_eb,none,fixed,24,18,1,0.05212663859128952,4096
neural_eb,neural_bidir_seed0_eb,fixed,24,18,1,0.05748828500509262,4096
neural_eb,neural_bidir_seed1_eb,fixed,24,18,1,0.06050022691488266,4096
neural_eb,neural_bidir_seed2_eb,fixed,24,18,1,0.04802955314517021,4096
neural_eb,neural_bidir_seed3_eb,fixed,24,18,1,0.045555032789707184,4096
neural_eb,neural_bidir_seed4_eb,fixed,24,18,1,0.04963460564613342,4096
constant_mean_eb,none,fixed,32,18,1,0.06676219403743744,4096
constant_mean_eb,none,fixed,36,18,1,0.06313445419073105,4096
neural_eb,neural_bidir_seed0_eb,fixed,36,18,1,0.052042294293642044,4096
neural_eb,neural_bidir_seed1_eb,fixed,36,18,1,0.054553404450416565,4096
neural_eb,neural_bidir_seed2_eb,fixed,36,18,1,0.044649530202150345,4096
neural_eb,neural_bidir_seed3_eb,fixed,36,18,1,0.04238301143050194,4096
neural_eb,neural_bidir_seed4_eb,fixed,36,18,1,0.04627656191587448,4096
dfe,none,fixed,40,18,1,0.07754760980606079,0
neural_eb,neural_bidir_seed0_eb,fixed,40,18,1,0.05162566155195236,4096
neural_eb,neural_bidir_seed1_eb,fixed,40,18,1,0.05388428270816803,4096
neural_eb,neural_bidir_seed2_eb,fixed,40,18,1,0.044509612023830414,4096
neural_eb,neural_bidir_seed3_eb,fixed,40,18,1,0.04233883321285248,4096
neural_eb,neural_bidir_seed4_eb,fixed,40,18,1,0.04593898728489876,4096
summary_ridge_eb,none,fixed,44,18,1,0.04733758792281151,4096
dfe,none,fixed,48,18,1,0.07079707831144333,0
constant_mean_eb,none,fixed,48,18,1,0.0571114718914032,4096
dfe,none,fixed,52,18,1,0.06867668032646179,0
neural_eb,neural_bidir_seed0_eb,fixed,52,18,1,0.04835646599531174,4096
neural_eb,neural_bidir_seed1_eb,fixed,52,18,1,0.05041700601577759,4096
neural_eb,neural_bidir_seed2_eb,fixed,52,18,1,0.04229457676410675,4096
neural_eb,neural_bidir_seed3_eb,fixed,52,18,1,0.04027728736400604,4096
neural_eb,neural_bidir_seed4_eb,fixed,52,18,1,0.04379626736044884,4096
dfe,none,fixed,60,18,1,0.06464581191539764,0
constant_mean_eb,none,fixed,60,18,1,0.052855707705020905,4096
constant_mean_eb,none,fixed,64,18,1,0.05138419568538666,4096
dfe,none,fixed,72,18,1,0.05848613381385803,0
constant_mean_eb,none,fixed,76,18,1,0.04851481318473816,4096
neural_eb,neural_bidir_seed0_eb,fixed,76,18,1,0.04307091236114502,4096
neural_eb,neural_bidir_seed1_eb,fixed,76,18,1,0.044425416737794876,4096
neural_eb,neural_bidir_seed2_eb,fixed,76,18,1,0.03921166807413101,4096
neural_eb,neural_bidir_seed3_eb,fixed,76,18,1,0.03758571669459343,4096
neural_eb,neural_bidir_seed4_eb,fixed,76,18,1,0.04067563638091087,4096
summary_ridge_eb,none,fixed,80,18,1,0.0406959131360054,4096
dfe,none,fixed,84,18,1,0.054584965109825134,0
dfe,none,fixed,92,18,1,0.05274740234017372,0
dfe,none,fixed,128,18,1,0.045403048396110535,0
constant_mean_eb,none,fixed,128,18,1,0.040669724345207214,4096
neural_eb,neural_bidir_seed0_eb,fixed,128,18,1,0.038040488958358765,4096
neural_eb,neural_bidir_seed1_eb,fixed,128,18,1,0.03886859491467476,4096
neural_eb,neural_bidir_seed2_eb,fixed,128,18,1,0.034802258014678955,4096
neural_eb,neural_bidir_seed3_eb,fixed,128,18,1,0.03345419466495514,4096
neural_eb,neural_bidir_seed4_eb,fixed,128,18,1,0.03575307875871658,4096
dfe,none,fixed,192,18,1,0.03602904453873634,0
constant_mean_eb,none,fixed,192,18,1,0.03344040364027023,4096
summary_ridge_eb,none,fixed,192,18,1,0.030993781983852386,4096
neural_eb,neural_bidir_seed0_eb,fixed,192,18,1,0.031209588050842285,4096
neural_eb,neural_bidir_seed1_eb,fixed,192,18,1,0.03171335533261299,4096
neural_eb,neural_bidir_seed2_eb,fixed,192,18,1,0.02973170205950737,4096
neural_eb,neural_bidir_seed3_eb,fixed,192,18,1,0.029042407870292664,4096
neural_eb,neural_bidir_seed4_eb,fixed,192,18,1,0.03085574507713318,4096
dfe,none,fixed,256,18,1,0.031277015805244446,0
constant_mean_eb,none,fixed,256,18,1,0.029680682346224785,4096
summary_ridge_eb,none,fixed,256,18,1,0.027654029428958893,4096
neural_eb,neural_bidir_seed0_eb,fixed,256,18,1,0.028243549168109894,4096
neural_eb,neural_bidir_seed1_eb,fixed,256,18,1,0.028650466352701187,4096
neural_eb,neural_bidir_seed2_eb,fixed,256,18,1,0.02717079035937786,4096
neural_eb,neural_bidir_seed3_eb,fixed,256,18,1,0.02654286101460457,4096
neural_eb,neural_bidir_seed4_eb,fixed,256,18,1,0.02809673734009266,4096
summary_ridge_eb,none,pilot,3,18,1,0.05643816292285919,4096
neural_eb,neural_bidir_seed0_eb,pilot,3,18,1,0.06600552797317505,4096
neural_eb,neural_bidir_seed1_eb,pilot,3,18,1,0.07104618847370148,4096
neural_eb,neural_bidir_seed2_eb,pilot,3,18,1,0.051850661635398865,4096
neural_eb,neural_bidir_seed3_eb,pilot,3,18,1,0.04852941632270813,4096
neural_eb,neural_bidir_seed4_eb,pilot,3,18,1,0.053429946303367615,4096
constant_mean_prior,none,none,0,18,2,0.10534874349832535,4096
constant_median_prior,none,none,0,18,2,0.10327048599720001,4096
summary_ridge_prior,none,none,0,18,2,0.050929803401231766,4096
product_affine_prior,none,none,0,18,2,0.05565490201115608,4096
exact_marginal_affine_prior,none,none,0,18,2,0.05951405316591263,4096
neural_prior,neural_bidir_seed0_prior,none,0,18,2,0.0655917078256607,4096
neural_prior,neural_bidir_seed1_prior,none,0,18,2,0.07073712348937988,4096
neural_prior,neural_bidir_seed2_prior,none,0,18,2,0.051905494183301926,4096
neural_prior,neural_bidir_seed3_prior,none,0,18,2,0.04893282800912857,4096
neural_prior,neural_bidir_seed4_prior,none,0,18,2,0.054372623562812805,4096
neural_eb,neural_bidir_seed0_eb,fixed,4,18,2,0.06433713436126709,4096
neural_eb,neural_bidir_seed1_eb,fixed,4,18,2,0.06888921558856964,4096
neural_eb,neural_bidir_seed2_eb,fixed,4,18,2,0.05131050944328308,4096
neural_eb,neural_bidir_seed3_eb,fixed,4,18,2,0.04843466728925705,4096
neural_eb,neural_bidir_seed4_eb,fixed,4,18,2,0.05356437340378761,4096
constant_mean_eb,none,fixed,20,18,2,0.07776690274477005,4096
constant_mean_eb,none,fixed,24,18,2,0.07458900660276413,4096
summary_ridge_eb,none,fixed,24,18,2,0.049335356801748276,4096
neural_eb,neural_bidir_seed0_eb,fixed,24,18,2,0.05771425738930702,4096
neural_eb,neural_bidir_seed1_eb,fixed,24,18,2,0.06022314727306366,4096
neural_eb,neural_bidir_seed2_eb,fixed,24,18,2,0.049066342413425446,4096
neural_eb,neural_bidir_seed3_eb,fixed,24,18,2,0.04676211252808571,4096
neural_eb,neural_bidir_seed4_eb,fixed,24,18,2,0.05042446032166481,4096
constant_mean_eb,none,fixed,32,18,2,0.06605762988328934,4096
constant_mean_eb,none,fixed,36,18,2,0.06474027037620544,4096
neural_eb,neural_bidir_seed0_eb,fixed,36,18,2,0.05373923107981682,4096
neural_eb,neural_bidir_seed1_eb,fixed,36,18,2,0.05576472356915474,4096
neural_eb,neural_bidir_seed2_eb,fixed,36,18,2,0.046263549476861954,4096
neural_eb,neural_bidir_seed3_eb,fixed,36,18,2,0.044147733598947525,4096
neural_eb,neural_bidir_seed4_eb,fixed,36,18,2,0.0475153774023056,4096
dfe,none,fixed,40,18,2,0.07873010635375977,0
neural_eb,neural_bidir_seed0_eb,fixed,40,18,2,0.052205346524715424,4096
neural_eb,neural_bidir_seed1_eb,fixed,40,18,2,0.05376597121357918,4096
neural_eb,neural_bidir_seed2_eb,fixed,40,18,2,0.04515916109085083,4096
neural_eb,neural_bidir_seed3_eb,fixed,40,18,2,0.04319984093308449,4096
neural_eb,neural_bidir_seed4_eb,fixed,40,18,2,0.04631321504712105,4096
summary_ridge_eb,none,fixed,44,18,2,0.04481443017721176,4096
dfe,none,fixed,48,18,2,0.07166280597448349,0
constant_mean_eb,none,fixed,48,18,2,0.05824431777000427,4096
dfe,none,fixed,52,18,2,0.07015612721443176,0
neural_eb,neural_bidir_seed0_eb,fixed,52,18,2,0.04945642501115799,4096
neural_eb,neural_bidir_seed1_eb,fixed,52,18,2,0.050705693662166595,4096
neural_eb,neural_bidir_seed2_eb,fixed,52,18,2,0.04351694881916046,4096
neural_eb,neural_bidir_seed3_eb,fixed,52,18,2,0.041597574949264526,4096
neural_eb,neural_bidir_seed4_eb,fixed,52,18,2,0.044246822595596313,4096
dfe,none,fixed,60,18,2,0.06399005651473999,0
constant_mean_eb,none,fixed,60,18,2,0.05356379225850105,4096
constant_mean_eb,none,fixed,64,18,2,0.05233050137758255,4096
dfe,none,fixed,72,18,2,0.05924123898148537,0
constant_mean_eb,none,fixed,76,18,2,0.04904201626777649,4096
neural_eb,neural_bidir_seed0_eb,fixed,76,18,2,0.04545909911394119,4096
neural_eb,neural_bidir_seed1_eb,fixed,76,18,2,0.04595412686467171,4096
neural_eb,neural_bidir_seed2_eb,fixed,76,18,2,0.04090702533721924,4096
neural_eb,neural_bidir_seed3_eb,fixed,76,18,2,0.03928416967391968,4096
neural_eb,neural_bidir_seed4_eb,fixed,76,18,2,0.041049737483263016,4096
summary_ridge_eb,none,fixed,80,18,2,0.04015736281871796,4096
dfe,none,fixed,84,18,2,0.054145973175764084,0
dfe,none,fixed,92,18,2,0.05319760739803314,0
dfe,none,fixed,128,18,2,0.04364599287509918,0
constant_mean_eb,none,fixed,128,18,2,0.03959786891937256,4096
neural_eb,neural_bidir_seed0_eb,fixed,128,18,2,0.038440920412540436,4096
neural_eb,neural_bidir_seed1_eb,fixed,128,18,2,0.03836497664451599,4096
neural_eb,neural_bidir_seed2_eb,fixed,128,18,2,0.03612043708562851,4096
neural_eb,neural_bidir_seed3_eb,fixed,128,18,2,0.03488024324178696,4096
neural_eb,neural_bidir_seed4_eb,fixed,128,18,2,0.03559117019176483,4096
dfe,none,fixed,192,18,2,0.036202140152454376,0
constant_mean_eb,none,fixed,192,18,2,0.03327108919620514,4096
summary_ridge_eb,none,fixed,192,18,2,0.03151131421327591,4096
neural_eb,neural_bidir_seed0_eb,fixed,192,18,2,0.03314360976219177,4096
neural_eb,neural_bidir_seed1_eb,fixed,192,18,2,0.03293745219707489,4096
neural_eb,neural_bidir_seed2_eb,fixed,192,18,2,0.03206963092088699,4096
neural_eb,neural_bidir_seed3_eb,fixed,192,18,2,0.03099209815263748,4096
neural_eb,neural_bidir_seed4_eb,fixed,192,18,2,0.03127138689160347,4096
dfe,none,fixed,256,18,2,0.030838120728731155,0
constant_mean_eb,none,fixed,256,18,2,0.02893642894923687,4096
summary_ridge_eb,none,fixed,256,18,2,0.02831120789051056,4096
neural_eb,neural_bidir_seed0_eb,fixed,256,18,2,0.02907538041472435,4096
neural_eb,neural_bidir_seed1_eb,fixed,256,18,2,0.028663113713264465,4096
neural_eb,neural_bidir_seed2_eb,fixed,256,18,2,0.028511174023151398,4096
neural_eb,neural_bidir_seed3_eb,fixed,256,18,2,0.027704842388629913,4096
neural_eb,neural_bidir_seed4_eb,fixed,256,18,2,0.027511825785040855,4096
summary_ridge_eb,none,pilot,3,18,2,0.05048111081123352,4096
neural_eb,neural_bidir_seed0_eb,pilot,3,18,2,0.06465770304203033,4096
neural_eb,neural_bidir_seed1_eb,pilot,3,18,2,0.06944853067398071,4096
neural_eb,neural_bidir_seed2_eb,pilot,3,18,2,0.05145672336220741,4096
neural_eb,neural_bidir_seed3_eb,pilot,3,18,2,0.04856707155704498,4096
neural_eb,neural_bidir_seed4_eb,pilot,3,18,2,0.05381501466035843,4096
constant_mean_prior,none,none,0,18,3,0.10527196526527405,4096
constant_median_prior,none,none,0,18,3,0.10669119656085968,4096
summary_ridge_prior,none,none,0,18,3,0.049582354724407196,4096
product_affine_prior,none,none,0,18,3,0.05390789732336998,4096
exact_marginal_affine_prior,none,none,0,18,3,0.05733398720622063,4096
neural_prior,neural_bidir_seed0_prior,none,0,18,3,0.06602559238672256,4096
neural_prior,neural_bidir_seed1_prior,none,0,18,3,0.07127664983272552,4096
neural_prior,neural_bidir_seed2_prior,none,0,18,3,0.05156831443309784,4096
neural_prior,neural_bidir_seed3_prior,none,0,18,3,0.04808720573782921,4096
neural_prior,neural_bidir_seed4_prior,none,0,18,3,0.05344585329294205,4096
neural_eb,neural_bidir_seed0_eb,fixed,4,18,3,0.06381425261497498,4096
neural_eb,neural_bidir_seed1_eb,fixed,4,18,3,0.06853998452425003,4096
neural_eb,neural_bidir_seed2_eb,fixed,4,18,3,0.05065520107746124,4096
neural_eb,neural_bidir_seed3_eb,fixed,4,18,3,0.04749339073896408,4096
neural_eb,neural_bidir_seed4_eb,fixed,4,18,3,0.05247628316283226,4096
constant_mean_eb,none,fixed,20,18,3,0.07848785072565079,4096
constant_mean_eb,none,fixed,24,18,3,0.07168669253587723,4096
summary_ridge_eb,none,fixed,24,18,3,0.048741888254880905,4096
neural_eb,neural_bidir_seed0_eb,fixed,24,18,3,0.0568944588303566,4096
neural_eb,neural_bidir_seed1_eb,fixed,24,18,3,0.059373192489147186,4096
neural_eb,neural_bidir_seed2_eb,fixed,24,18,3,0.0484682135283947,4096
neural_eb,neural_bidir_seed3_eb,fixed,24,18,3,0.0460430346429348,4096
neural_eb,neural_bidir_seed4_eb,fixed,24,18,3,0.04991115629673004,4096
constant_mean_eb,none,fixed,32,18,3,0.06536632776260376,4096
constant_mean_eb,none,fixed,36,18,3,0.06321261823177338,4096
neural_eb,neural_bidir_seed0_eb,fixed,36,18,3,0.051918402314186096,4096
neural_eb,neural_bidir_seed1_eb,fixed,36,18,3,0.054178424179553986,4096
neural_eb,neural_bidir_seed2_eb,fixed,36,18,3,0.044766515493392944,4096
neural_eb,neural_bidir_seed3_eb,fixed,36,18,3,0.04243723303079605,4096
neural_eb,neural_bidir_seed4_eb,fixed,36,18,3,0.04607001692056656,4096
dfe,none,fixed,40,18,3,0.07882975041866302,0
neural_eb,neural_bidir_seed0_eb,fixed,40,18,3,0.05024018883705139,4096
neural_eb,neural_bidir_seed1_eb,fixed,40,18,3,0.05233726277947426,4096
neural_eb,neural_bidir_seed2_eb,fixed,40,18,3,0.044130466878414154,4096
neural_eb,neural_bidir_seed3_eb,fixed,40,18,3,0.04216630384325981,4096
neural_eb,neural_bidir_seed4_eb,fixed,40,18,3,0.04562501236796379,4096
summary_ridge_eb,none,fixed,44,18,3,0.0444263331592083,4096
dfe,none,fixed,48,18,3,0.07208039611577988,0
constant_mean_eb,none,fixed,48,18,3,0.05741754174232483,4096
dfe,none,fixed,52,18,3,0.06805121153593063,0
neural_eb,neural_bidir_seed0_eb,fixed,52,18,3,0.04732341319322586,4096
neural_eb,neural_bidir_seed1_eb,fixed,52,18,3,0.04887402057647705,4096
neural_eb,neural_bidir_seed2_eb,fixed,52,18,3,0.04171173647046089,4096
neural_eb,neural_bidir_seed3_eb,fixed,52,18,3,0.040006592869758606,4096
neural_eb,neural_bidir_seed4_eb,fixed,52,18,3,0.0427512526512146,4096
dfe,none,fixed,60,18,3,0.06471440941095352,0
constant_mean_eb,none,fixed,60,18,3,0.053524818271398544,4096
constant_mean_eb,none,fixed,64,18,3,0.05113480985164642,4096
dfe,none,fixed,72,18,3,0.059054769575595856,0
constant_mean_eb,none,fixed,76,18,3,0.04813525080680847,4096
neural_eb,neural_bidir_seed0_eb,fixed,76,18,3,0.042477142065763474,4096
neural_eb,neural_bidir_seed1_eb,fixed,76,18,3,0.04358219727873802,4096
neural_eb,neural_bidir_seed2_eb,fixed,76,18,3,0.0381658636033535,4096
neural_eb,neural_bidir_seed3_eb,fixed,76,18,3,0.036979883909225464,4096
neural_eb,neural_bidir_seed4_eb,fixed,76,18,3,0.03918430954217911,4096
summary_ridge_eb,none,fixed,80,18,3,0.038405388593673706,4096
dfe,none,fixed,84,18,3,0.05420787259936333,0
dfe,none,fixed,92,18,3,0.05187708139419556,0
dfe,none,fixed,128,18,3,0.045594122260808945,0
constant_mean_eb,none,fixed,128,18,3,0.040643490850925446,4096
neural_eb,neural_bidir_seed0_eb,fixed,128,18,3,0.03726596757769585,4096
neural_eb,neural_bidir_seed1_eb,fixed,128,18,3,0.038045745342969894,4096
neural_eb,neural_bidir_seed2_eb,fixed,128,18,3,0.03464179113507271,4096
neural_eb,neural_bidir_seed3_eb,fixed,128,18,3,0.033716410398483276,4096
neural_eb,neural_bidir_seed4_eb,fixed,128,18,3,0.035456374287605286,4096
dfe,none,fixed,192,18,3,0.03643016517162323,0
constant_mean_eb,none,fixed,192,18,3,0.03343471884727478,4096
summary_ridge_eb,none,fixed,192,18,3,0.029834654182195663,4096
neural_eb,neural_bidir_seed0_eb,fixed,192,18,3,0.03134986013174057,4096
neural_eb,neural_bidir_seed1_eb,fixed,192,18,3,0.03181375563144684,4096
neural_eb,neural_bidir_seed2_eb,fixed,192,18,3,0.029459182173013687,4096
neural_eb,neural_bidir_seed3_eb,fixed,192,18,3,0.028836775571107864,4096
neural_eb,neural_bidir_seed4_eb,fixed,192,18,3,0.029946964234113693,4096
dfe,none,fixed,256,18,3,0.031032685190439224,0
constant_mean_eb,none,fixed,256,18,3,0.029356565326452255,4096
summary_ridge_eb,none,fixed,256,18,3,0.026617884635925293,4096
neural_eb,neural_bidir_seed0_eb,fixed,256,18,3,0.027780655771493912,4096
neural_eb,neural_bidir_seed1_eb,fixed,256,18,3,0.02815418690443039,4096
neural_eb,neural_bidir_seed2_eb,fixed,256,18,3,0.026341695338487625,4096
neural_eb,neural_bidir_seed3_eb,fixed,256,18,3,0.025873949751257896,4096
neural_eb,neural_bidir_seed4_eb,fixed,256,18,3,0.026762401685118675,4096
summary_ridge_eb,none,pilot,3,18,3,0.049073949456214905,4096
neural_eb,neural_bidir_seed0_eb,pilot,3,18,3,0.064272440969944,4096
neural_eb,neural_bidir_seed1_eb,pilot,3,18,3,0.06903724372386932,4096
neural_eb,neural_bidir_seed2_eb,pilot,3,18,3,0.05083843320608139,4096
neural_eb,neural_bidir_seed3_eb,pilot,3,18,3,0.047550592571496964,4096
neural_eb,neural_bidir_seed4_eb,pilot,3,18,3,0.052685342729091644,4096
constant_mean_prior,none,none,0,18,4,0.1050795465707779,4096
constant_median_prior,none,none,0,18,4,0.10274641215801239,4096
summary_ridge_prior,none,none,0,18,4,0.06051112711429596,4096
product_affine_prior,none,none,0,18,4,0.057066697627305984,4096
exact_marginal_affine_prior,none,none,0,18,4,0.06120045483112335,4096
neural_prior,neural_bidir_seed0_prior,none,0,18,4,0.0658988505601883,4096
neural_prior,neural_bidir_seed1_prior,none,0,18,4,0.07104772329330444,4096
neural_prior,neural_bidir_seed2_prior,none,0,18,4,0.052138011902570724,4096
neural_prior,neural_bidir_seed3_prior,none,0,18,4,0.049344252794981,4096
neural_prior,neural_bidir_seed4_prior,none,0,18,4,0.05411824584007263,4096
neural_eb,neural_bidir_seed0_eb,fixed,4,18,4,0.06405951827764511,4096
neural_eb,neural_bidir_seed1_eb,fixed,4,18,4,0.0689130574464798,4096
neural_eb,neural_bidir_seed2_eb,fixed,4,18,4,0.051058098673820496,4096
neural_eb,neural_bidir_seed3_eb,fixed,4,18,4,0.04836796969175339,4096
neural_eb,neural_bidir_seed4_eb,fixed,4,18,4,0.05289877951145172,4096
constant_mean_eb,none,fixed,20,18,4,0.07728543132543564,4096
constant_mean_eb,none,fixed,24,18,4,0.07350851595401764,4096
summary_ridge_eb,none,fixed,24,18,4,0.05688770115375519,4096
neural_eb,neural_bidir_seed0_eb,fixed,24,18,4,0.057192426174879074,4096
neural_eb,neural_bidir_seed1_eb,fixed,24,18,4,0.06038719415664673,4096
neural_eb,neural_bidir_seed2_eb,fixed,24,18,4,0.0492464154958725,4096
neural_eb,neural_bidir_seed3_eb,fixed,24,18,4,0.04773222655057907,4096
neural_eb,neural_bidir_seed4_eb,fixed,24,18,4,0.050833866000175476,4096
constant_mean_eb,none,fixed,32,18,4,0.0655718669295311,4096
constant_mean_eb,none,fixed,36,18,4,0.06411522626876831,4096
neural_eb,neural_bidir_seed0_eb,fixed,36,18,4,0.051996633410453796,4096
neural_eb,neural_bidir_seed1_eb,fixed,36,18,4,0.05464457347989082,4096
neural_eb,neural_bidir_seed2_eb,fixed,36,18,4,0.0456090085208416,4096
neural_eb,neural_bidir_seed3_eb,fixed,36,18,4,0.044534970074892044,4096
neural_eb,neural_bidir_seed4_eb,fixed,36,18,4,0.04709451645612717,4096
dfe,none,fixed,40,18,4,0.0812297910451889,0
neural_eb,neural_bidir_seed0_eb,fixed,40,18,4,0.050522331148386,4096
neural_eb,neural_bidir_seed1_eb,fixed,40,18,4,0.05328359827399254,4096
neural_eb,neural_bidir_seed2_eb,fixed,40,18,4,0.044685572385787964,4096
neural_eb,neural_bidir_seed3_eb,fixed,40,18,4,0.043532371520996094,4096
neural_eb,neural_bidir_seed4_eb,fixed,40,18,4,0.04614521935582161,4096
summary_ridge_eb,none,fixed,44,18,4,0.05019301548600197,4096
dfe,none,fixed,48,18,4,0.07018071413040161,0
constant_mean_eb,none,fixed,48,18,4,0.05685535818338394,4096
dfe,none,fixed,52,18,4,0.07011321187019348,0
neural_eb,neural_bidir_seed0_eb,fixed,52,18,4,0.048047665506601334,4096
neural_eb,neural_bidir_seed1_eb,fixed,52,18,4,0.05042986199259758,4096
neural_eb,neural_bidir_seed2_eb,fixed,52,18,4,0.04283739998936653,4096
neural_eb,neural_bidir_seed3_eb,fixed,52,18,4,0.04172792285680771,4096
neural_eb,neural_bidir_seed4_eb,fixed,52,18,4,0.04389261081814766,4096
dfe,none,fixed,60,18,4,0.06443242728710175,0
constant_mean_eb,none,fixed,60,18,4,0.05317011848092079,4096
constant_mean_eb,none,fixed,64,18,4,0.0527418851852417,4096
dfe,none,fixed,72,18,4,0.05807299166917801,0
constant_mean_eb,none,fixed,76,18,4,0.048547811806201935,4096
neural_eb,neural_bidir_seed0_eb,fixed,76,18,4,0.0430765226483345,4096
neural_eb,neural_bidir_seed1_eb,fixed,76,18,4,0.044960662722587585,4096
neural_eb,neural_bidir_seed2_eb,fixed,76,18,4,0.03903701901435852,4096
neural_eb,neural_bidir_seed3_eb,fixed,76,18,4,0.03818119317293167,4096
neural_eb,neural_bidir_seed4_eb,fixed,76,18,4,0.03980705142021179,4096
summary_ridge_eb,none,fixed,80,18,4,0.042490508407354355,4096
dfe,none,fixed,84,18,4,0.05407678335905075,0
dfe,none,fixed,92,18,4,0.05226755887269974,0
dfe,none,fixed,128,18,4,0.04459967091679573,0
constant_mean_eb,none,fixed,128,18,4,0.03969406336545944,4096
neural_eb,neural_bidir_seed0_eb,fixed,128,18,4,0.03644303232431412,4096
neural_eb,neural_bidir_seed1_eb,fixed,128,18,4,0.037564001977443695,4096
neural_eb,neural_bidir_seed2_eb,fixed,128,18,4,0.03400643169879913,4096
neural_eb,neural_bidir_seed3_eb,fixed,128,18,4,0.03343670815229416,4096
neural_eb,neural_bidir_seed4_eb,fixed,128,18,4,0.03448643907904625,4096
dfe,none,fixed,192,18,4,0.03590873256325722,0
constant_mean_eb,none,fixed,192,18,4,0.03367893025279045,4096
summary_ridge_eb,none,fixed,192,18,4,0.03169675171375275,4096
neural_eb,neural_bidir_seed0_eb,fixed,192,18,4,0.03189340606331825,4096
neural_eb,neural_bidir_seed1_eb,fixed,192,18,4,0.032734401524066925,4096
neural_eb,neural_bidir_seed2_eb,fixed,192,18,4,0.03008260764181614,4096
neural_eb,neural_bidir_seed3_eb,fixed,192,18,4,0.02964574098587036,4096
neural_eb,neural_bidir_seed4_eb,fixed,192,18,4,0.030361220240592957,4096
dfe,none,fixed,256,18,4,0.03114672563970089,0
constant_mean_eb,none,fixed,256,18,4,0.029384275898337364,4096
summary_ridge_eb,none,fixed,256,18,4,0.028220396488904953,4096
neural_eb,neural_bidir_seed0_eb,fixed,256,18,4,0.027553441002964973,4096
neural_eb,neural_bidir_seed1_eb,fixed,256,18,4,0.028017226606607437,4096
neural_eb,neural_bidir_seed2_eb,fixed,256,18,4,0.026429802179336548,4096
neural_eb,neural_bidir_seed3_eb,fixed,256,18,4,0.026295796036720276,4096
neural_eb,neural_bidir_seed4_eb,fixed,256,18,4,0.02677839994430542,4096
summary_ridge_eb,none,pilot,3,18,4,0.05856815353035927,4096
neural_eb,neural_bidir_seed0_eb,pilot,3,18,4,0.06400182098150253,4096
neural_eb,neural_bidir_seed1_eb,pilot,3,18,4,0.06889734417200089,4096
neural_eb,neural_bidir_seed2_eb,pilot,3,18,4,0.0512789748609066,4096
neural_eb,neural_bidir_seed3_eb,pilot,3,18,4,0.04868357256054878,4096
neural_eb,neural_bidir_seed4_eb,pilot,3,18,4,0.05331834778189659,4096
constant_mean_prior,none,none,0,19,0,0.10903103649616241,4096
constant_median_prior,none,none,0,19,0,0.10487686097621918,4096
summary_ridge_prior,none,none,0,19,0,0.0515587143599987,4096
product_affine_prior,none,none,0,19,0,0.0596509650349617,4096
exact_marginal_affine_prior,none,none,0,19,0,0.06082620471715927,4096
neural_prior,neural_bidir_seed0_prior,none,0,19,0,0.06454628705978394,4096
neural_prior,neural_bidir_seed1_prior,none,0,19,0,0.06849246472120285,4096
neural_prior,neural_bidir_seed2_prior,none,0,19,0,0.05263356491923332,4096
neural_prior,neural_bidir_seed3_prior,none,0,19,0,0.04972320795059204,4096
neural_prior,neural_bidir_seed4_prior,none,0,19,0,0.05481914430856705,4096
neural_eb,neural_bidir_seed0_eb,fixed,4,19,0,0.06265042722225189,4096
neural_eb,neural_bidir_seed1_eb,fixed,4,19,0,0.06617957353591919,4096
neural_eb,neural_bidir_seed2_eb,fixed,4,19,0,0.05175703763961792,4096
neural_eb,neural_bidir_seed3_eb,fixed,4,19,0,0.04901757836341858,4096
neural_eb,neural_bidir_seed4_eb,fixed,4,19,0,0.05378074198961258,4096
constant_mean_eb,none,fixed,20,19,0,0.0793277844786644,4096
constant_mean_eb,none,fixed,24,19,0,0.07590261846780777,4096
summary_ridge_eb,none,fixed,24,19,0,0.04917591065168381,4096
neural_eb,neural_bidir_seed0_eb,fixed,24,19,0,0.056891169399023056,4096
neural_eb,neural_bidir_seed1_eb,fixed,24,19,0,0.05927180498838425,4096
neural_eb,neural_bidir_seed2_eb,fixed,24,19,0,0.049250975251197815,4096
neural_eb,neural_bidir_seed3_eb,fixed,24,19,0,0.04717908427119255,4096
neural_eb,neural_bidir_seed4_eb,fixed,24,19,0,0.05097102373838425,4096
constant_mean_eb,none,fixed,32,19,0,0.06892099976539612,4096
constant_mean_eb,none,fixed,36,19,0,0.0660741776227951,4096
neural_eb,neural_bidir_seed0_eb,fixed,36,19,0,0.05225863680243492,4096
neural_eb,neural_bidir_seed1_eb,fixed,36,19,0,0.05440901592373848,4096
neural_eb,neural_bidir_seed2_eb,fixed,36,19,0,0.04575829952955246,4096
neural_eb,neural_bidir_seed3_eb,fixed,36,19,0,0.04377397149801254,4096
neural_eb,neural_bidir_seed4_eb,fixed,36,19,0,0.047190651297569275,4096
dfe,none,fixed,40,19,0,0.0797041803598404,0
neural_eb,neural_bidir_seed0_eb,fixed,40,19,0,0.051217220723629,4096
neural_eb,neural_bidir_seed1_eb,fixed,40,19,0,0.05315329134464264,4096
neural_eb,neural_bidir_seed2_eb,fixed,40,19,0,0.04507806897163391,4096
neural_eb,neural_bidir_seed3_eb,fixed,40,19,0,0.04313940554857254,4096
neural_eb,neural_bidir_seed4_eb,fixed,40,19,0,0.04641523212194443,4096
summary_ridge_eb,none,fixed,44,19,0,0.044051676988601685,4096
dfe,none,fixed,48,19,0,0.07247515022754669,0
constant_mean_eb,none,fixed,48,19,0,0.05927838385105133,4096
dfe,none,fixed,52,19,0,0.07027578353881836,0
neural_eb,neural_bidir_seed0_eb,fixed,52,19,0,0.04828738421201706,4096
neural_eb,neural_bidir_seed1_eb,fixed,52,19,0,0.050072021782398224,4096
neural_eb,neural_bidir_seed2_eb,fixed,52,19,0,0.043372564017772675,4096
neural_eb,neural_bidir_seed3_eb,fixed,52,19,0,0.04167475551366806,4096
neural_eb,neural_bidir_seed4_eb,fixed,52,19,0,0.04460306465625763,4096
dfe,none,fixed,60,19,0,0.06516631692647934,0
constant_mean_eb,none,fixed,60,19,0,0.05474626272916794,4096
constant_mean_eb,none,fixed,64,19,0,0.05270986631512642,4096
dfe,none,fixed,72,19,0,0.05831228196620941,0
constant_mean_eb,none,fixed,76,19,0,0.05010849982500076,4096
neural_eb,neural_bidir_seed0_eb,fixed,76,19,0,0.04337049275636673,4096
neural_eb,neural_bidir_seed1_eb,fixed,76,19,0,0.04466359689831734,4096
neural_eb,neural_bidir_seed2_eb,fixed,76,19,0,0.03961985930800438,4096
neural_eb,neural_bidir_seed3_eb,fixed,76,19,0,0.03829120099544525,4096
neural_eb,neural_bidir_seed4_eb,fixed,76,19,0,0.0405614972114563,4096
summary_ridge_eb,none,fixed,80,19,0,0.03899025544524193,4096
dfe,none,fixed,84,19,0,0.05421236529946327,0
dfe,none,fixed,92,19,0,0.051546528935432434,0
dfe,none,fixed,128,19,0,0.04405030608177185,0
constant_mean_eb,none,fixed,128,19,0,0.039605237543582916,4096
neural_eb,neural_bidir_seed0_eb,fixed,128,19,0,0.03620394691824913,4096
neural_eb,neural_bidir_seed1_eb,fixed,128,19,0,0.037014447152614594,4096
neural_eb,neural_bidir_seed2_eb,fixed,128,19,0,0.03437807038426399,4096
neural_eb,neural_bidir_seed3_eb,fixed,128,19,0,0.03339649364352226,4096
neural_eb,neural_bidir_seed4_eb,fixed,128,19,0,0.03505787253379822,4096
dfe,none,fixed,192,19,0,0.036412402987480164,0
constant_mean_eb,none,fixed,192,19,0,0.03356369584798813,4096
summary_ridge_eb,none,fixed,192,19,0,0.029736150056123734,4096
neural_eb,neural_bidir_seed0_eb,fixed,192,19,0,0.0317373126745224,4096
neural_eb,neural_bidir_seed1_eb,fixed,192,19,0,0.032302871346473694,4096
neural_eb,neural_bidir_seed2_eb,fixed,192,19,0,0.030561551451683044,4096
neural_eb,neural_bidir_seed3_eb,fixed,192,19,0,0.029786761850118637,4096
neural_eb,neural_bidir_seed4_eb,fixed,192,19,0,0.031044024974107742,4096
dfe,none,fixed,256,19,0,0.030868463218212128,0
constant_mean_eb,none,fixed,256,19,0,0.029445689171552658,4096
summary_ridge_eb,none,fixed,256,19,0,0.026914065703749657,4096
neural_eb,neural_bidir_seed0_eb,fixed,256,19,0,0.028247535228729248,4096
neural_eb,neural_bidir_seed1_eb,fixed,256,19,0,0.0285816453397274,4096
neural_eb,neural_bidir_seed2_eb,fixed,256,19,0,0.027470728382468224,4096
neural_eb,neural_bidir_seed3_eb,fixed,256,19,0,0.02697022818028927,4096
neural_eb,neural_bidir_seed4_eb,fixed,256,19,0,0.02785608172416687,4096
summary_ridge_eb,none,pilot,3,19,0,0.05088483542203903,4096
neural_eb,neural_bidir_seed0_eb,pilot,3,19,0,0.06321817636489868,4096
neural_eb,neural_bidir_seed1_eb,pilot,3,19,0,0.06693756580352783,4096
neural_eb,neural_bidir_seed2_eb,pilot,3,19,0,0.05201138183474541,4096
neural_eb,neural_bidir_seed3_eb,pilot,3,19,0,0.04918501526117325,4096
neural_eb,neural_bidir_seed4_eb,pilot,3,19,0,0.05412624031305313,4096
constant_mean_prior,none,none,0,19,1,0.10554349422454834,4096
constant_median_prior,none,none,0,19,1,0.10327048599720001,4096
summary_ridge_prior,none,none,0,19,1,0.047957491129636765,4096
product_affine_prior,none,none,0,19,1,0.05486287549138069,4096
exact_marginal_affine_prior,none,none,0,19,1,0.057708848267793655,4096
neural_prior,neural_bidir_seed0_prior,none,0,19,1,0.06680828332901001,4096
neural_prior,neural_bidir_seed1_prior,none,0,19,1,0.07159321010112762,4096
neural_prior,neural_bidir_seed2_prior,none,0,19,1,0.05245344713330269,4096
neural_prior,neural_bidir_seed3_prior,none,0,19,1,0.048999443650245667,4096
neural_prior,neural_bidir_seed4_prior,none,0,19,1,0.05450228229165077,4096
neural_eb,neural_bidir_seed0_eb,fixed,4,19,1,0.0648902878165245,4096
neural_eb,neural_bidir_seed1_eb,fixed,4,19,1,0.0693122148513794,4096
neural_eb,neural_bidir_seed2_eb,fixed,4,19,1,0.0516139455139637,4096
neural_eb,neural_bidir_seed3_eb,fixed,4,19,1,0.04835466295480728,4096
neural_eb,neural_bidir_seed4_eb,fixed,4,19,1,0.05350469797849655,4096
constant_mean_eb,none,fixed,20,19,1,0.07684798538684845,4096
constant_mean_eb,none,fixed,24,19,1,0.07291384041309357,4096
summary_ridge_eb,none,fixed,24,19,1,0.05243844538927078,4096
neural_eb,neural_bidir_seed0_eb,fixed,24,19,1,0.0578451082110405,4096
neural_eb,neural_bidir_seed1_eb,fixed,24,19,1,0.06067095324397087,4096
neural_eb,neural_bidir_seed2_eb,fixed,24,19,1,0.04980253428220749,4096
neural_eb,neural_bidir_seed3_eb,fixed,24,19,1,0.04763700067996979,4096
neural_eb,neural_bidir_seed4_eb,fixed,24,19,1,0.051777347922325134,4096
constant_mean_eb,none,fixed,32,19,1,0.06726236641407013,4096
constant_mean_eb,none,fixed,36,19,1,0.06510941684246063,4096
neural_eb,neural_bidir_seed0_eb,fixed,36,19,1,0.05316741764545441,4096
neural_eb,neural_bidir_seed1_eb,fixed,36,19,1,0.05550619214773178,4096
neural_eb,neural_bidir_seed2_eb,fixed,36,19,1,0.0464339442551136,4096
neural_eb,neural_bidir_seed3_eb,fixed,36,19,1,0.04468787461519241,4096
neural_eb,neural_bidir_seed4_eb,fixed,36,19,1,0.048107702285051346,4096
dfe,none,fixed,40,19,1,0.07915238291025162,0
neural_eb,neural_bidir_seed0_eb,fixed,40,19,1,0.051411330699920654,4096
neural_eb,neural_bidir_seed1_eb,fixed,40,19,1,0.05374416336417198,4096
neural_eb,neural_bidir_seed2_eb,fixed,40,19,1,0.04477640241384506,4096
neural_eb,neural_bidir_seed3_eb,fixed,40,19,1,0.04305180162191391,4096
neural_eb,neural_bidir_seed4_eb,fixed,40,19,1,0.04649491608142853,4096
summary_ridge_eb,none,fixed,44,19,1,0.046343982219696045,4096
dfe,none,fixed,48,19,1,0.07235363125801086,0
constant_mean_eb,none,fixed,48,19,1,0.05807129293680191,4096
dfe,none,fixed,52,19,1,0.06880351901054382,0
neural_eb,neural_bidir_seed0_eb,fixed,52,19,1,0.04801308363676071,4096
neural_eb,neural_bidir_seed1_eb,fixed,52,19,1,0.049784544855356216,4096
neural_eb,neural_bidir_seed2_eb,fixed,52,19,1,0.042672257870435715,4096
neural_eb,neural_bidir_seed3_eb,fixed,52,19,1,0.04108903184533119,4096
neural_eb,neural_bidir_seed4_eb,fixed,52,19,1,0.043699443340301514,4096
dfe,none,fixed,60,19,1,0.06510095298290253,0
constant_mean_eb,none,fixed,60,19,1,0.053659338504076004,4096
constant_mean_eb,none,fixed,64,19,1,0.051753345876932144,4096
dfe,none,fixed,72,19,1,0.059369802474975586,0
constant_mean_eb,none,fixed,76,19,1,0.04881831258535385,4096
neural_eb,neural_bidir_seed0_eb,fixed,76,19,1,0.04346926510334015,4096
neural_eb,neural_bidir_seed1_eb,fixed,76,19,1,0.044725868850946426,4096
neural_eb,neural_bidir_seed2_eb,fixed,76,19,1,0.03900180384516716,4096
neural_eb,neural_bidir_seed3_eb,fixed,76,19,1,0.037711676210165024,4096
neural_eb,neural_bidir_seed4_eb,fixed,76,19,1,0.03993780165910721,4096
summary_ridge_eb,none,fixed,80,19,1,0.04040272533893585,4096
dfe,none,fixed,84,19,1,0.0542120635509491,0
dfe,none,fixed,92,19,1,0.05181557685136795,0
dfe,none,fixed,128,19,1,0.04414209723472595,0
constant_mean_eb,none,fixed,128,19,1,0.03978009149432182,4096
neural_eb,neural_bidir_seed0_eb,fixed,128,19,1,0.036732401698827744,4096
neural_eb,neural_bidir_seed1_eb,fixed,128,19,1,0.03763694316148758,4096
neural_eb,neural_bidir_seed2_eb,fixed,128,19,1,0.034292783588171005,4096
neural_eb,neural_bidir_seed3_eb,fixed,128,19,1,0.03353693336248398,4096
neural_eb,neural_bidir_seed4_eb,fixed,128,19,1,0.035054564476013184,4096
dfe,none,fixed,192,19,1,0.035967789590358734,0
constant_mean_eb,none,fixed,192,19,1,0.03365949168801308,4096
summary_ridge_eb,none,fixed,192,19,1,0.03078547865152359,4096
neural_eb,neural_bidir_seed0_eb,fixed,192,19,1,0.031883835792541504,4096
neural_eb,neural_bidir_seed1_eb,fixed,192,19,1,0.03240708261728287,4096
neural_eb,neural_bidir_seed2_eb,fixed,192,19,1,0.030041925609111786,4096
neural_eb,neural_bidir_seed3_eb,fixed,192,19,1,0.02951100468635559,4096
neural_eb,neural_bidir_seed4_eb,fixed,192,19,1,0.030427273362874985,4096
dfe,none,fixed,256,19,1,0.03127671405673027,0
constant_mean_eb,none,fixed,256,19,1,0.029556481167674065,4096
summary_ridge_eb,none,fixed,256,19,1,0.027735823765397072,4096
neural_eb,neural_bidir_seed0_eb,fixed,256,19,1,0.027781203389167786,4096
neural_eb,neural_bidir_seed1_eb,fixed,256,19,1,0.028105422854423523,4096
neural_eb,neural_bidir_seed2_eb,fixed,256,19,1,0.02652180753648281,4096
neural_eb,neural_bidir_seed3_eb,fixed,256,19,1,0.026201533153653145,4096
neural_eb,neural_bidir_seed4_eb,fixed,256,19,1,0.026926448568701744,4096
summary_ridge_eb,none,pilot,3,19,1,0.04758311063051224,4096
neural_eb,neural_bidir_seed0_eb,pilot,3,19,1,0.06510555744171143,4096
neural_eb,neural_bidir_seed1_eb,pilot,3,19,1,0.06950235366821289,4096
neural_eb,neural_bidir_seed2_eb,pilot,3,19,1,0.05157845467329025,4096
neural_eb,neural_bidir_seed3_eb,pilot,3,19,1,0.0483129620552063,4096
neural_eb,neural_bidir_seed4_eb,pilot,3,19,1,0.05356535315513611,4096
constant_mean_prior,none,none,0,19,2,0.11326032876968384,4096
constant_median_prior,none,none,0,19,2,0.11141851544380188,4096
summary_ridge_prior,none,none,0,19,2,0.05186755582690239,4096
product_affine_prior,none,none,0,19,2,0.059016160666942596,4096
exact_marginal_affine_prior,none,none,0,19,2,0.06001121178269386,4096
neural_prior,neural_bidir_seed0_prior,none,0,19,2,0.06509532034397125,4096
neural_prior,neural_bidir_seed1_prior,none,0,19,2,0.06846046447753906,4096
neural_prior,neural_bidir_seed2_prior,none,0,19,2,0.053842172026634216,4096
neural_prior,neural_bidir_seed3_prior,none,0,19,2,0.05093573406338692,4096
neural_prior,neural_bidir_seed4_prior,none,0,19,2,0.0557536780834198,4096
neural_eb,neural_bidir_seed0_eb,fixed,4,19,2,0.06333380937576294,4096
neural_eb,neural_bidir_seed1_eb,fixed,4,19,2,0.06640960276126862,4096
neural_eb,neural_bidir_seed2_eb,fixed,4,19,2,0.05309862643480301,4096
neural_eb,neural_bidir_seed3_eb,fixed,4,19,2,0.05040237307548523,4096
neural_eb,neural_bidir_seed4_eb,fixed,4,19,2,0.054955512285232544,4096
constant_mean_eb,none,fixed,20,19,2,0.08209866285324097,4096
constant_mean_eb,none,fixed,24,19,2,0.0766393318772316,4096
summary_ridge_eb,none,fixed,24,19,2,0.05089126154780388,4096
neural_eb,neural_bidir_seed0_eb,fixed,24,19,2,0.05885251611471176,4096
neural_eb,neural_bidir_seed1_eb,fixed,24,19,2,0.06108395755290985,4096
neural_eb,neural_bidir_seed2_eb,fixed,24,19,2,0.05158606916666031,4096
neural_eb,neural_bidir_seed3_eb,fixed,24,19,2,0.049660950899124146,4096
neural_eb,neural_bidir_seed4_eb,fixed,24,19,2,0.053326480090618134,4096
constant_mean_eb,none,fixed,32,19,2,0.07067665457725525,4096
constant_mean_eb,none,fixed,36,19,2,0.06866910308599472,4096
neural_eb,neural_bidir_seed0_eb,fixed,36,19,2,0.054643407464027405,4096
neural_eb,neural_bidir_seed1_eb,fixed,36,19,2,0.05644647777080536,4096
neural_eb,neural_bidir_seed2_eb,fixed,36,19,2,0.04865536093711853,4096
neural_eb,neural_bidir_seed3_eb,fixed,36,19,2,0.0470668226480484,4096
neural_eb,neural_bidir_seed4_eb,fixed,36,19,2,0.0503491535782814,4096
dfe,none,fixed,40,19,2,0.07918350398540497,0
neural_eb,neural_bidir_seed0_eb,fixed,40,19,2,0.05307631567120552,4096
neural_eb,neural_bidir_seed1_eb,fixed,40,19,2,0.05489682778716087,4096
neural_eb,neural_bidir_seed2_eb,fixed,40,19,2,0.04749663919210434,4096
neural_eb,neural_bidir_seed3_eb,fixed,40,19,2,0.04594478756189346,4096
neural_eb,neural_bidir_seed4_eb,fixed,40,19,2,0.048939503729343414,4096
summary_ridge_eb,none,fixed,44,19,2,0.04669136181473732,4096
dfe,none,fixed,48,19,2,0.07159728556871414,0
constant_mean_eb,none,fixed,48,19,2,0.060365915298461914,4096
dfe,none,fixed,52,19,2,0.06881425529718399,0
neural_eb,neural_bidir_seed0_eb,fixed,52,19,2,0.049062132835388184,4096
neural_eb,neural_bidir_seed1_eb,fixed,52,19,2,0.050359226763248444,4096
neural_eb,neural_bidir_seed2_eb,fixed,52,19,2,0.04475829750299454,4096
neural_eb,neural_bidir_seed3_eb,fixed,52,19,2,0.043864548206329346,4096
neural_eb,neural_bidir_seed4_eb,fixed,52,19,2,0.04648493975400925,4096
dfe,none,fixed,60,19,2,0.06383215636014938,0
constant_mean_eb,none,fixed,60,19,2,0.05465719848871231,4096
constant_mean_eb,none,fixed,64,19,2,0.05370253697037697,4096
dfe,none,fixed,72,19,2,0.05858940631151199,0
constant_mean_eb,none,fixed,76,19,2,0.0507156103849411,4096
neural_eb,neural_bidir_seed0_eb,fixed,76,19,2,0.044631727039813995,4096
neural_eb,neural_bidir_seed1_eb,fixed,76,19,2,0.04560347646474838,4096
neural_eb,neural_bidir_seed2_eb,fixed,76,19,2,0.041976336389780045,4096
neural_eb,neural_bidir_seed3_eb,fixed,76,19,2,0.041642285883426666,4096
neural_eb,neural_bidir_seed4_eb,fixed,76,19,2,0.04351699352264404,4096
summary_ridge_eb,none,fixed,80,19,2,0.042351581156253815,4096
dfe,none,fixed,84,19,2,0.05520925298333168,0
dfe,none,fixed,92,19,2,0.05107773840427399,0
dfe,none,fixed,128,19,2,0.043272167444229126,0
constant_mean_eb,none,fixed,128,19,2,0.04047737270593643,4096
neural_eb,neural_bidir_seed0_eb,fixed,128,19,2,0.03720639646053314,4096
neural_eb,neural_bidir_seed1_eb,fixed,128,19,2,0.03773093968629837,4096
neural_eb,neural_bidir_seed2_eb,fixed,128,19,2,0.036675360053777695,4096
neural_eb,neural_bidir_seed3_eb,fixed,128,19,2,0.037225574254989624,4096
neural_eb,neural_bidir_seed4_eb,fixed,128,19,2,0.03816143423318863,4096
dfe,none,fixed,192,19,2,0.03678051009774208,0
constant_mean_eb,none,fixed,192,19,2,0.0344214141368866,4096
summary_ridge_eb,none,fixed,192,19,2,0.034176670014858246,4096
neural_eb,neural_bidir_seed0_eb,fixed,192,19,2,0.03238612413406372,4096
neural_eb,neural_bidir_seed1_eb,fixed,192,19,2,0.03273937106132507,4096
neural_eb,neural_bidir_seed2_eb,fixed,192,19,2,0.03212624415755272,4096
neural_eb,neural_bidir_seed3_eb,fixed,192,19,2,0.03303225338459015,4096
neural_eb,neural_bidir_seed4_eb,fixed,192,19,2,0.03336510807275772,4096
dfe,none,fixed,256,19,2,0.030985746532678604,0
constant_mean_eb,none,fixed,256,19,2,0.029962744563817978,4096
summary_ridge_eb,none,fixed,256,19,2,0.03094949573278427,4096
neural_eb,neural_bidir_seed0_eb,fixed,256,19,2,0.02856498211622238,4096
neural_eb,neural_bidir_seed1_eb,fixed,256,19,2,0.0288026574999094,4096
neural_eb,neural_bidir_seed2_eb,fixed,256,19,2,0.028595149517059326,4096
neural_eb,neural_bidir_seed3_eb,fixed,256,19,2,0.029627878218889236,4096
neural_eb,neural_bidir_seed4_eb,fixed,256,19,2,0.02957916259765625,4096
summary_ridge_eb,none,pilot,3,19,2,0.05146051570773125,4096
neural_eb,neural_bidir_seed0_eb,pilot,3,19,2,0.06359700113534927,4096
neural_eb,neural_bidir_seed1_eb,pilot,3,19,2,0.06666632741689682,4096
neural_eb,neural_bidir_seed2_eb,pilot,3,19,2,0.05315415933728218,4096
neural_eb,neural_bidir_seed3_eb,pilot,3,19,2,0.05049258470535278,4096
neural_eb,neural_bidir_seed4_eb,pilot,3,19,2,0.055080994963645935,4096
constant_mean_prior,none,none,0,19,3,0.1068415492773056,4096
constant_median_prior,none,none,0,19,3,0.1060023307800293,4096
summary_ridge_prior,none,none,0,19,3,0.04847745969891548,4096
product_affine_prior,none,none,0,19,3,0.053930528461933136,4096
exact_marginal_affine_prior,none,none,0,19,3,0.056579072028398514,4096
neural_prior,neural_bidir_seed0_prior,none,0,19,3,0.06518241763114929,4096
neural_prior,neural_bidir_seed1_prior,none,0,19,3,0.06980299204587936,4096
neural_prior,neural_bidir_seed2_prior,none,0,19,3,0.05147514492273331,4096
neural_prior,neural_bidir_seed3_prior,none,0,19,3,0.048031970858573914,4096
neural_prior,neural_bidir_seed4_prior,none,0,19,3,0.05349479988217354,4096
neural_eb,neural_bidir_seed0_eb,fixed,4,19,3,0.06344802677631378,4096
neural_eb,neural_bidir_seed1_eb,fixed,4,19,3,0.06757734715938568,4096
neural_eb,neural_bidir_seed2_eb,fixed,4,19,3,0.05076146125793457,4096
neural_eb,neural_bidir_seed3_eb,fixed,4,19,3,0.04740443080663681,4096
neural_eb,neural_bidir_seed4_eb,fixed,4,19,3,0.05254454165697098,4096
constant_mean_eb,none,fixed,20,19,3,0.07601048052310944,4096
constant_mean_eb,none,fixed,24,19,3,0.07306104153394699,4096
summary_ridge_eb,none,fixed,24,19,3,0.0503721609711647,4096
neural_eb,neural_bidir_seed0_eb,fixed,24,19,3,0.05849892273545265,4096
neural_eb,neural_bidir_seed1_eb,fixed,24,19,3,0.06113301217556,4096
neural_eb,neural_bidir_seed2_eb,fixed,24,19,3,0.04966907948255539,4096
neural_eb,neural_bidir_seed3_eb,fixed,24,19,3,0.04718936234712601,4096
neural_eb,neural_bidir_seed4_eb,fixed,24,19,3,0.0507509782910347,4096
constant_mean_eb,none,fixed,32,19,3,0.06722855567932129,4096
constant_mean_eb,none,fixed,36,19,3,0.06392242759466171,4096
neural_eb,neural_bidir_seed0_eb,fixed,36,19,3,0.053688570857048035,4096
neural_eb,neural_bidir_seed1_eb,fixed,36,19,3,0.05562446266412735,4096
neural_eb,neural_bidir_seed2_eb,fixed,36,19,3,0.0464160330593586,4096
neural_eb,neural_bidir_seed3_eb,fixed,36,19,3,0.044233936816453934,4096
neural_eb,neural_bidir_seed4_eb,fixed,36,19,3,0.04743003100156784,4096
dfe,none,fixed,40,19,3,0.07815364003181458,0
neural_eb,neural_bidir_seed0_eb,fixed,40,19,3,0.0509379543364048,4096
neural_eb,neural_bidir_seed1_eb,fixed,40,19,3,0.052733175456523895,4096
neural_eb,neural_bidir_seed2_eb,fixed,40,19,3,0.04433438926935196,4096
neural_eb,neural_bidir_seed3_eb,fixed,40,19,3,0.04250548779964447,4096
neural_eb,neural_bidir_seed4_eb,fixed,40,19,3,0.0456341877579689,4096
summary_ridge_eb,none,fixed,44,19,3,0.04409768059849739,4096
dfe,none,fixed,48,19,3,0.07286770641803741,0
constant_mean_eb,none,fixed,48,19,3,0.058225907385349274,4096
dfe,none,fixed,52,19,3,0.07081366330385208,0
neural_eb,neural_bidir_seed0_eb,fixed,52,19,3,0.048535753041505814,4096
neural_eb,neural_bidir_seed1_eb,fixed,52,19,3,0.050195954740047455,4096
neural_eb,neural_bidir_seed2_eb,fixed,52,19,3,0.04276738315820694,4096
neural_eb,neural_bidir_seed3_eb,fixed,52,19,3,0.041042033582925797,4096
neural_eb,neural_bidir_seed4_eb,fixed,52,19,3,0.043746061623096466,4096
dfe,none,fixed,60,19,3,0.06411577761173248,0
constant_mean_eb,none,fixed,60,19,3,0.053501684218645096,4096
constant_mean_eb,none,fixed,64,19,3,0.05215871334075928,4096
dfe,none,fixed,72,19,3,0.06024372577667236,0
constant_mean_eb,none,fixed,76,19,3,0.048562854528427124,4096
neural_eb,neural_bidir_seed0_eb,fixed,76,19,3,0.04333827272057533,4096
neural_eb,neural_bidir_seed1_eb,fixed,76,19,3,0.04432229325175285,4096
neural_eb,neural_bidir_seed2_eb,fixed,76,19,3,0.03913932293653488,4096
neural_eb,neural_bidir_seed3_eb,fixed,76,19,3,0.03786496818065643,4096
neural_eb,neural_bidir_seed4_eb,fixed,76,19,3,0.03986046463251114,4096
summary_ridge_eb,none,fixed,80,19,3,0.039131585508584976,4096
dfe,none,fixed,84,19,3,0.053917936980724335,0
dfe,none,fixed,92,19,3,0.05234885215759277,0
dfe,none,fixed,128,19,3,0.04470381885766983,0
constant_mean_eb,none,fixed,128,19,3,0.040106818079948425,4096
neural_eb,neural_bidir_seed0_eb,fixed,128,19,3,0.03657341003417969,4096
neural_eb,neural_bidir_seed1_eb,fixed,128,19,3,0.03714780509471893,4096
neural_eb,neural_bidir_seed2_eb,fixed,128,19,3,0.03370603919029236,4096
neural_eb,neural_bidir_seed3_eb,fixed,128,19,3,0.03285973519086838,4096
neural_eb,neural_bidir_seed4_eb,fixed,128,19,3,0.034145452082157135,4096
dfe,none,fixed,192,19,3,0.03673652186989784,0
constant_mean_eb,none,fixed,192,19,3,0.03406839072704315,4096
summary_ridge_eb,none,fixed,192,19,3,0.030337564647197723,4096
neural_eb,neural_bidir_seed0_eb,fixed,192,19,3,0.032054800540208817,4096
neural_eb,neural_bidir_seed1_eb,fixed,192,19,3,0.03241093456745148,4096
neural_eb,neural_bidir_seed2_eb,fixed,192,19,3,0.03014177642762661,4096
neural_eb,neural_bidir_seed3_eb,fixed,192,19,3,0.029524164274334908,4096
neural_eb,neural_bidir_seed4_eb,fixed,192,19,3,0.030482202768325806,4096
dfe,none,fixed,256,19,3,0.031693778932094574,0
constant_mean_eb,none,fixed,256,19,3,0.02984505705535412,4096
summary_ridge_eb,none,fixed,256,19,3,0.027516765519976616,4096
neural_eb,neural_bidir_seed0_eb,fixed,256,19,3,0.028422757983207703,4096
neural_eb,neural_bidir_seed1_eb,fixed,256,19,3,0.02876272238790989,4096
neural_eb,neural_bidir_seed2_eb,fixed,256,19,3,0.027245070785284042,4096
neural_eb,neural_bidir_seed3_eb,fixed,256,19,3,0.026842430233955383,4096
neural_eb,neural_bidir_seed4_eb,fixed,256,19,3,0.027531389147043228,4096
summary_ridge_eb,none,pilot,3,19,3,0.047911908477544785,4096
neural_eb,neural_bidir_seed0_eb,pilot,3,19,3,0.06335696578025818,4096
neural_eb,neural_bidir_seed1_eb,pilot,3,19,3,0.06764912605285645,4096
neural_eb,neural_bidir_seed2_eb,pilot,3,19,3,0.05068957060575485,4096
neural_eb,neural_bidir_seed3_eb,pilot,3,19,3,0.04738050699234009,4096
neural_eb,neural_bidir_seed4_eb,pilot,3,19,3,0.05260279402136803,4096
constant_mean_prior,none,none,0,19,4,0.11032603681087494,4096
constant_median_prior,none,none,0,19,4,0.10658964514732361,4096
summary_ridge_prior,none,none,0,19,4,0.05352913588285446,4096
product_affine_prior,none,none,0,19,4,0.05698997899889946,4096
exact_marginal_affine_prior,none,none,0,19,4,0.0592699870467186,4096
neural_prior,neural_bidir_seed0_prior,none,0,19,4,0.06525785475969315,4096
neural_prior,neural_bidir_seed1_prior,none,0,19,4,0.06856150925159454,4096
neural_prior,neural_bidir_seed2_prior,none,0,19,4,0.053360652178525925,4096
neural_prior,neural_bidir_seed3_prior,none,0,19,4,0.05043591558933258,4096
neural_prior,neural_bidir_seed4_prior,none,0,19,4,0.05557083338499069,4096
neural_eb,neural_bidir_seed0_eb,fixed,4,19,4,0.06307297945022583,4096
neural_eb,neural_bidir_seed1_eb,fixed,4,19,4,0.06605763733386993,4096
neural_eb,neural_bidir_seed2_eb,fixed,4,19,4,0.052178021520376205,4096
neural_eb,neural_bidir_seed3_eb,fixed,4,19,4,0.04947345331311226,4096
neural_eb,neural_bidir_seed4_eb,fixed,4,19,4,0.05418360233306885,4096
constant_mean_eb,none,fixed,20,19,4,0.08016225695610046,4096
constant_mean_eb,none,fixed,24,19,4,0.07460847496986389,4096
summary_ridge_eb,none,fixed,24,19,4,0.05172793194651604,4096
neural_eb,neural_bidir_seed0_eb,fixed,24,19,4,0.05812767148017883,4096
neural_eb,neural_bidir_seed1_eb,fixed,24,19,4,0.06004425138235092,4096
neural_eb,neural_bidir_seed2_eb,fixed,24,19,4,0.050732292234897614,4096
neural_eb,neural_bidir_seed3_eb,fixed,24,19,4,0.04872369021177292,4096
neural_eb,neural_bidir_seed4_eb,fixed,24,19,4,0.05229950696229935,4096
constant_mean_eb,none,fixed,32,19,4,0.06862311065196991,4096
constant_mean_eb,none,fixed,36,19,4,0.06523390859365463,4096
neural_eb,neural_bidir_seed0_eb,fixed,36,19,4,0.052972741425037384,4096
neural_eb,neural_bidir_seed1_eb,fixed,36,19,4,0.05468384176492691,4096
neural_eb,neural_bidir_seed2_eb,fixed,36,19,4,0.046961769461631775,4096
neural_eb,neural_bidir_seed3_eb,fixed,36,19,4,0.045181743800640106,4096
neural_eb,neural_bidir_seed4_eb,fixed,36,19,4,0.04824092984199524,4096
dfe,none,fixed,40,19,4,0.07897132635116577,0
neural_eb,neural_bidir_seed0_eb,fixed,40,19,4,0.05226018279790878,4096
neural_eb,neural_bidir_seed1_eb,fixed,40,19,4,0.05377644672989845,4096
neural_eb,neural_bidir_seed2_eb,fixed,40,19,4,0.046288080513477325,4096
neural_eb,neural_bidir_seed3_eb,fixed,40,19,4,0.04460633546113968,4096
neural_eb,neural_bidir_seed4_eb,fixed,40,19,4,0.04761230945587158,4096
summary_ridge_eb,none,fixed,44,19,4,0.04561827704310417,4096
dfe,none,fixed,48,19,4,0.07102660834789276,0
constant_mean_eb,none,fixed,48,19,4,0.057496327906847,4096
dfe,none,fixed,52,19,4,0.06968961656093597,0
neural_eb,neural_bidir_seed0_eb,fixed,52,19,4,0.04826667904853821,4096
neural_eb,neural_bidir_seed1_eb,fixed,52,19,4,0.049596525728702545,4096
neural_eb,neural_bidir_seed2_eb,fixed,52,19,4,0.04342939704656601,4096
neural_eb,neural_bidir_seed3_eb,fixed,52,19,4,0.04198836907744408,4096
neural_eb,neural_bidir_seed4_eb,fixed,52,19,4,0.044442757964134216,4096
dfe,none,fixed,60,19,4,0.06558992713689804,0
constant_mean_eb,none,fixed,60,19,4,0.054421305656433105,4096
constant_mean_eb,none,fixed,64,19,4,0.052201587706804276,4096
dfe,none,fixed,72,19,4,0.05950916185975075,0
constant_mean_eb,none,fixed,76,19,4,0.05013323575258255,4096
neural_eb,neural_bidir_seed0_eb,fixed,76,19,4,0.0437098927795887,4096
neural_eb,neural_bidir_seed1_eb,fixed,76,19,4,0.04475606977939606,4096
neural_eb,neural_bidir_seed2_eb,fixed,76,19,4,0.03992507979273796,4096
neural_eb,neural_bidir_seed3_eb,fixed,76,19,4,0.03877979516983032,4096
neural_eb,neural_bidir_seed4_eb,fixed,76,19,4,0.04094801843166351,4096
summary_ridge_eb,none,fixed,80,19,4,0.03981346637010574,4096
dfe,none,fixed,84,19,4,0.054479774087667465,0
dfe,none,fixed,92,19,4,0.051854074001312256,0
dfe,none,fixed,128,19,4,0.04420306161046028,0
constant_mean_eb,none,fixed,128,19,4,0.0400419756770134,4096
neural_eb,neural_bidir_seed0_eb,fixed,128,19,4,0.03671152889728546,4096
neural_eb,neural_bidir_seed1_eb,fixed,128,19,4,0.03741137683391571,4096
neural_eb,neural_bidir_seed2_eb,fixed,128,19,4,0.03426826000213623,4096
neural_eb,neural_bidir_seed3_eb,fixed,128,19,4,0.03340267390012741,4096
neural_eb,neural_bidir_seed4_eb,fixed,128,19,4,0.03482845798134804,4096
dfe,none,fixed,192,19,4,0.03657311573624611,0
constant_mean_eb,none,fixed,192,19,4,0.03375750407576561,4096
summary_ridge_eb,none,fixed,192,19,4,0.02998930774629116,4096
neural_eb,neural_bidir_seed0_eb,fixed,192,19,4,0.03171417489647865,4096
neural_eb,neural_bidir_seed1_eb,fixed,192,19,4,0.03214174509048462,4096
neural_eb,neural_bidir_seed2_eb,fixed,192,19,4,0.030048977583646774,4096
neural_eb,neural_bidir_seed3_eb,fixed,192,19,4,0.029424458742141724,4096
neural_eb,neural_bidir_seed4_eb,fixed,192,19,4,0.030415672808885574,4096
dfe,none,fixed,256,19,4,0.03144635632634163,0
constant_mean_eb,none,fixed,256,19,4,0.029971199110150337,4096
summary_ridge_eb,none,fixed,256,19,4,0.02743706852197647,4096
neural_eb,neural_bidir_seed0_eb,fixed,256,19,4,0.028575129806995392,4096
neural_eb,neural_bidir_seed1_eb,fixed,256,19,4,0.028814345598220825,4096
neural_eb,neural_bidir_seed2_eb,fixed,256,19,4,0.027379000559449196,4096
neural_eb,neural_bidir_seed3_eb,fixed,256,19,4,0.02699361741542816,4096
neural_eb,neural_bidir_seed4_eb,fixed,256,19,4,0.02765217237174511,4096
summary_ridge_eb,none,pilot,3,19,4,0.05260305851697922,4096
neural_eb,neural_bidir_seed0_eb,pilot,3,19,4,0.06340281665325165,4096
neural_eb,neural_bidir_seed1_eb,pilot,3,19,4,0.06649916619062424,4096
neural_eb,neural_bidir_seed2_eb,pilot,3,19,4,0.052272334694862366,4096
neural_eb,neural_bidir_seed3_eb,pilot,3,19,4,0.049460504204034805,4096
neural_eb,neural_bidir_seed4_eb,pilot,3,19,4,0.05436629801988602,4096
